{"type":"FeatureCollection","features":[{"type":"Feature","geometry":{"type":"Polygon","coordinates":[[[145.00195,-37.79665],[144.99926,-37.79735],[145.00767,-37.80389],[145.00459,-37.80533],[145.00016,-37.80428],[144.99929,-37.8052],[144.99997,-37.80659],[145.0008,-37.80721],[145.00807,-37.80739],[145.00897,-37.80798],[145.00939,-37.81039],[145.01551,-37.81049],[145.01541,-37.81213],[144.99136,-37.80972],[144.99361,-37.79604],[144.99763,-37.79641],[145.0013,-37.79558],[145.00195,-37.79665]]]},"properties":{"state":"VIC","src":"VIC-OpenStats","suburb":"Abbotsford (Vic.)","crime_index":22.5,"violent_pct":20.92,"dwelling_pct":21.48,"motor_pct":24.96,"rate_per100k":22.5,"year":"FY 2022-23 & 2023-24 (avg)","crime_band":2}},{"type":"Feature","geometry":{"type":"Polygon","coordinates":[[[144.89576,-37.76514],[144.89343,-37.76563],[144.88895,-37.76189],[144.88997,-37.7567],[144.88909,-37.75555],[144.88948,-37.75392],[144.90733,-37.75597],[144.90641,-37.76058],[144.90382,-37.75993],[144.90502,-37.76169],[144.90484,-37.76258],[144.90334,-37.7624],[144.90397,-37.76337],[144.90357,-37.76487],[144.89576,-37.76514]]]},"properties":{"state":"VIC","src":"VIC-OpenStats","suburb":"Aberfeldie","crime_index":38.7,"violent_pct":24.7,"dwelling_pct":30.48,"motor_pct":61,"rate_per100k":38.7,"year":"FY 2022-23 & 2023-24 (avg)","crime_band":3}},{"type":"Feature","geometry":{"type":"Polygon","coordinates":[[[144.67179,-37.72628],[144.66967,-37.72693],[144.66916,-37.72811],[144.67139,-37.73127],[144.67091,-37.73498],[144.646,-37.72042],[144.64838,-37.70719],[144.65647,-37.70859],[144.65786,-37.70012],[144.66033,-37.70151],[144.66037,-37.70242],[144.66136,-37.70157],[144.66274,-37.70238],[144.66404,-37.70177],[144.6653,-37.70429],[144.67003,-37.70762],[144.67214,-37.70857],[144.6737,-37.7083],[144.67548,-37.7108],[144.67797,-37.71139],[144.6797,-37.71349],[144.67909,-37.71604],[144.68167,-37.71865],[144.67872,-37.72567],[144.67671,-37.72565],[144.67554,-37.72837],[144.67179,-37.72628]]]},"properties":{"state":"VIC","src":"VIC-OpenStats","suburb":"Aintree","crime_index":28.6,"violent_pct":30.38,"dwelling_pct":16.44,"motor_pct":39.07,"rate_per100k":28.6,"year":"FY 2022-23 & 2023-24 (avg)","crime_band":2}},{"type":"Feature","geometry":{"type":"Polygon","coordinates":[[[144.87979,-37.71565],[144.88847,-37.71077],[144.89188,-37.71566],[144.89222,-37.717],[144.88942,-37.7345],[144.88325,-37.73407],[144.87482,-37.73099],[144.8745,-37.73023],[144.86416,-37.72786],[144.87039,-37.72131],[144.87979,-37.71565]]]},"properties":{"state":"VIC","src":"VIC-OpenStats","suburb":"Airport West","crime_index":56.4,"violent_pct":55.34,"dwelling_pct":21.71,"motor_pct":92.22,"rate_per100k":56.4,"year":"FY 2022-23 & 2023-24 (avg)","crime_band":4}},{"type":"Feature","geometry":{"type":"Polygon","coordinates":[[[144.76926,-37.74082],[144.77945,-37.74194],[144.77808,-37.75034],[144.77405,-37.74976],[144.77113,-37.75186],[144.76285,-37.75049],[144.75695,-37.75045],[144.75732,-37.7481],[144.75918,-37.74762],[144.75937,-37.74484],[144.76043,-37.74387],[144.76106,-37.7414],[144.76273,-37.7401],[144.76926,-37.74082]]]},"properties":{"state":"VIC","src":"VIC-OpenStats","suburb":"Albanvale","crime_index":48.3,"violent_pct":68.48,"dwelling_pct":40.83,"motor_pct":35.7,"rate_per100k":48.3,"year":"FY 2022-23 & 2023-24 (avg)","crime_band":3}},{"type":"Feature","geometry":{"type":"Polygon","coordinates":[[[144.95445,-37.83794],[144.95691,-37.83722],[144.95921,-37.84216],[144.96289,-37.83937],[144.96767,-37.83737],[144.97061,-37.83886],[144.9718,-37.84139],[144.97065,-37.84423],[144.97101,-37.84614],[144.97312,-37.84794],[144.97796,-37.8495],[144.97905,-37.85275],[144.97592,-37.85388],[144.97431,-37.85218],[144.97018,-37.85372],[144.96373,-37.84834],[144.96031,-37.84404],[144.95437,-37.8512],[144.9427,-37.84609],[144.94654,-37.841],[144.95185,-37.83992],[144.95205,-37.83876],[144.95445,-37.83794]]]},"properties":{"state":"VIC","src":"VIC-OpenStats","suburb":"Albert Park (Vic.)","crime_index":47.5,"violent_pct":23.99,"dwelling_pct":50.79,"motor_pct":67.6,"rate_per100k":47.5,"year":"FY 2022-23 & 2023-24 (avg)","crime_band":3}},{"type":"Feature","geometry":{"type":"Polygon","coordinates":[[[144.82393,-37.77649],[144.82792,-37.78183],[144.82734,-37.78536],[144.81536,-37.78411],[144.81222,-37.78184],[144.80862,-37.78118],[144.80899,-37.77887],[144.80637,-37.77758],[144.80767,-37.77517],[144.80714,-37.77502],[144.80775,-37.77301],[144.80557,-37.77218],[144.80533,-37.77018],[144.80648,-37.76919],[144.80628,-37.76819],[144.81193,-37.76849],[144.8122,-37.76766],[144.8159,-37.76588],[144.82393,-37.77649]]]},"properties":{"state":"VIC","src":"VIC-OpenStats","suburb":"Albion (Vic.)","crime_index":77.0,"violent_pct":65.22,"dwelling_pct":69.65,"motor_pct":96.05,"rate_per100k":77.0,"year":"FY 2022-23 & 2023-24 (avg)","crime_band":5}},{"type":"Feature","geometry":{"type":"Polygon","coordinates":[[[145.02856,-37.76634],[145.03121,-37.76662],[145.03228,-37.77064],[145.03682,-37.7706],[145.03682,-37.77256],[145.0341,-37.7726],[145.03594,-37.77505],[145.03449,-37.7789],[145.03859,-37.77932],[145.03802,-37.78134],[145.03686,-37.78183],[145.03797,-37.78329],[145.0402,-37.78421],[145.0401,-37.78503],[145.04095,-37.78545],[145.04525,-37.78406],[145.04313,-37.78695],[145.04126,-37.78609],[145.04173,-37.78821],[145.04103,-37.78958],[145.0319,-37.78992],[145.0282,-37.78689],[145.02028,-37.78674],[145.02093,-37.7827],[145.01915,-37.78306],[145.01976,-37.77916],[145.02509,-37.77916],[145.02743,-37.76622],[145.02856,-37.76634]]]},"properties":{"state":"VIC","src":"VIC-OpenStats","suburb":"Alphington","crime_index":58.4,"violent_pct":10.7,"dwelling_pct":84.16,"motor_pct":80.31,"rate_per100k":58.4,"year":"FY 2022-23 & 2023-24 (avg)","crime_band":4}},{"type":"Feature","geometry":{"type":"Polygon","coordinates":[[[144.81957,-37.87251],[144.81248,-37.87656],[144.80774,-37.88063],[144.80832,-37.88194],[144.80521,-37.88047],[144.79909,-37.8795],[144.79812,-37.87844],[144.7976,-37.87567],[144.78836,-37.87396],[144.78876,-37.87002],[144.79159,-37.87034],[144.78952,-37.85999],[144.77676,-37.86312],[144.78049,-37.84619],[144.78192,-37.84416],[144.78564,-37.84454],[144.78936,-37.84279],[144.78904,-37.84484],[144.83487,-37.85012],[144.84148,-37.84926],[144.85294,-37.85239],[144.85178,-37.85574],[144.85291,-37.85623],[144.86778,-37.85907],[144.86113,-37.8607],[144.86167,-37.85983],[144.85619,-37.86342],[144.8508,-37.8638],[144.84962,-37.8626],[144.84993,-37.85963],[144.84354,-37.85749],[144.83917,-37.86496],[144.83808,-37.87139],[144.82629,-37.87086],[144.81957,-37.87251]]]},"properties":{"state":"VIC","src":"VIC-OpenStats","suburb":"Altona (Vic.)","crime_index":45.8,"violent_pct":68.18,"dwelling_pct":22.93,"motor_pct":46.18,"rate_per100k":45.8,"year":"FY 2022-23 & 2023-24 (avg)","crime_band":3}},{"type":"Feature","geometry":{"type":"Polygon","coordinates":[[[144.75415,-37.87318],[144.75481,-37.86955],[144.77152,-37.86773],[144.7746,-37.86629],[144.77676,-37.86312],[144.78952,-37.85999],[144.79159,-37.87034],[144.78876,-37.87002],[144.78836,-37.87396],[144.7976,-37.87567],[144.79812,-37.87844],[144.79909,-37.8795],[144.80521,-37.88047],[144.80832,-37.88194],[144.80748,-37.88474],[144.80749,-37.88744],[144.8082,-37.88691],[144.80818,-37.88463],[144.80856,-37.88553],[144.80764,-37.89127],[144.80451,-37.89434],[144.80124,-37.89495],[144.79982,-37.89696],[144.79979,-37.89881],[144.79892,-37.89916],[144.79676,-37.89965],[144.79169,-37.89855],[144.7891,-37.8987],[144.78647,-37.90002],[144.78142,-37.89947],[144.7804,-37.89881],[144.78078,-37.89413],[144.77778,-37.89233],[144.77332,-37.88529],[144.77022,-37.884],[144.76725,-37.8847],[144.76498,-37.88203],[144.76556,-37.87721],[144.76329,-37.87315],[144.7603,-37.87445],[144.75638,-37.87419],[144.75364,-37.876],[144.75415,-37.87318]]]},"properties":{"state":"VIC","src":"VIC-OpenStats","suburb":"Altona Meadows","crime_index":34.9,"violent_pct":49.24,"dwelling_pct":21.77,"motor_pct":33.79,"rate_per100k":34.9,"year":"FY 2022-23 & 2023-24 (avg)","crime_band":3}},{"type":"Feature","geometry":{"type":"Polygon","coordinates":[[[144.86438,-37.84044],[144.86398,-37.84304],[144.86157,-37.84277],[144.86099,-37.8464],[144.86337,-37.84665],[144.86306,-37.84849],[144.855,-37.84834],[144.85373,-37.84953],[144.85294,-37.85239],[144.84107,-37.8492],[144.83487,-37.85012],[144.78904,-37.84484],[144.78936,-37.84279],[144.81148,-37.83246],[144.82211,-37.82572],[144.86709,-37.82417],[144.86971,-37.82613],[144.86742,-37.82591],[144.86438,-37.84044]]]},"properties":{"state":"VIC","src":"VIC-OpenStats","suburb":"Altona North","crime_index":64.4,"violent_pct":64.72,"dwelling_pct":48.22,"motor_pct":80.37,"rate_per100k":64.4,"year":"FY 2022-23 & 2023-24 (avg)","crime_band":4}},{"type":"Feature","geometry":{"type":"Polygon","coordinates":[[[144.17904,-38.42936],[144.1478,-38.43037],[144.14005,-38.43211],[144.13382,-38.43452],[144.13165,-38.43571],[144.13086,-38.43732],[144.12414,-38.43325],[144.12549,-38.43036],[144.08716,-38.40648],[144.10018,-38.395],[144.10573,-38.36278],[144.1076,-38.33243],[144.10875,-38.3246],[144.12806,-38.33084],[144.13611,-38.32616],[144.14091,-38.32217],[144.15068,-38.32136],[144.1523,-38.32413],[144.15225,-38.32678],[144.14936,-38.33096],[144.1493,-38.33225],[144.15882,-38.33612],[144.16146,-38.33827],[144.16164,-38.34042],[144.16527,-38.34269],[144.16672,-38.3365],[144.20311,-38.34092],[144.20236,-38.34537],[144.19899,-38.35142],[144.19607,-38.35955],[144.20546,-38.36991],[144.20408,-38.3808],[144.20547,-38.38108],[144.22813,-38.37264],[144.23426,-38.37293],[144.22934,-38.39837],[144.21505,-38.40165],[144.21078,-38.40366],[144.20003,-38.40666],[144.19462,-38.41003],[144.19291,-38.41465],[144.1882,-38.41423],[144.18317,-38.41667],[144.18012,-38.41955],[144.17908,-38.42518],[144.18074,-38.42788],[144.18402,-38.42869],[144.17904,-38.42936]]]},"properties":{"state":"VIC","src":"VIC-OpenStats","suburb":"Anglesea","crime_index":19.9,"violent_pct":16.11,"dwelling_pct":20.06,"motor_pct":23.56,"rate_per100k":19.9,"year":"FY 2022-23 & 2023-24 (avg)","crime_band":2}},{"type":"Feature","geometry":{"type":"Polygon","coordinates":[[[144.80727,-37.77818],[144.80899,-37.77887],[144.80862,-37.78118],[144.81222,-37.78184],[144.81536,-37.78411],[144.79061,-37.78152],[144.79346,-37.77788],[144.79404,-37.77016],[144.80057,-37.76696],[144.80585,-37.7673],[144.80648,-37.76919],[144.80533,-37.77018],[144.80557,-37.77218],[144.80775,-37.77301],[144.80714,-37.77502],[144.80767,-37.77517],[144.80637,-37.77758],[144.80727,-37.77818]]]},"properties":{"state":"VIC","src":"VIC-OpenStats","suburb":"Ardeer","crime_index":71.5,"violent_pct":67.53,"dwelling_pct":65.23,"motor_pct":81.63,"rate_per100k":71.5,"year":"FY 2022-23 & 2023-24 (avg)","crime_band":5}},{"type":"Feature","geometry":{"type":"Polygon","coordinates":[[[145.02485,-37.85093],[145.03006,-37.85161],[145.02919,-37.85191],[145.02878,-37.85462],[145.028,-37.85451],[145.0279,-37.85511],[145.02943,-37.85571],[145.02833,-37.8583],[145.0285,-37.86141],[145.02755,-37.86135],[145.02789,-37.86511],[145.02699,-37.86433],[145.02677,-37.86591],[145.01514,-37.86083],[145.01013,-37.86016],[145.00989,-37.85836],[145.01098,-37.85764],[145.01037,-37.85756],[145.01036,-37.85527],[145.0115,-37.85468],[145.01123,-37.85221],[145.01193,-37.85187],[145.01232,-37.84927],[145.02485,-37.85093]]]},"properties":{"state":"VIC","src":"VIC-OpenStats","suburb":"Armadale (Vic.)","crime_index":61.9,"violent_pct":27.85,"dwelling_pct":73.75,"motor_pct":84.12,"rate_per100k":61.9,"year":"FY 2022-23 & 2023-24 (avg)","crime_band":4}},{"type":"Feature","geometry":{"type":"Polygon","coordinates":[[[144.35456,-38.22144],[144.37476,-38.22385],[144.37579,-38.21901],[144.39883,-38.22023],[144.4026,-38.21915],[144.40583,-38.21511],[144.41257,-38.21403],[144.41841,-38.22002],[144.4013,-38.23232],[144.39787,-38.23111],[144.39345,-38.23416],[144.39164,-38.2343],[144.38763,-38.25493],[144.35077,-38.25052],[144.35289,-38.23983],[144.34879,-38.23994],[144.34839,-38.24236],[144.34723,-38.24225],[144.34689,-38.24602],[144.34246,-38.24551],[144.34273,-38.24396],[144.33333,-38.24282],[144.33775,-38.21957],[144.35456,-38.22144]]]},"properties":{"state":"VIC","src":"VIC-OpenStats","suburb":"Armstrong Creek (Vic.)","crime_index":38.9,"violent_pct":45.41,"dwelling_pct":48.82,"motor_pct":22.46,"rate_per100k":38.9,"year":"FY 2022-23 & 2023-24 (avg)","crime_band":3}},{"type":"Feature","geometry":{"type":"Polygon","coordinates":[[[144.92519,-37.78019],[144.92446,-37.78083],[144.9226,-37.78034],[144.92204,-37.7837],[144.91762,-37.7836],[144.91359,-37.77938],[144.90824,-37.78252],[144.90634,-37.78739],[144.90497,-37.78714],[144.90426,-37.7887],[144.90272,-37.78964],[144.90399,-37.78457],[144.89772,-37.78035],[144.89587,-37.77304],[144.89764,-37.77124],[144.90096,-37.77001],[144.93649,-37.77378],[144.93708,-37.77776],[144.9301,-37.77702],[144.92991,-37.77776],[144.93258,-37.7812],[144.92965,-37.78144],[144.92519,-37.78019]]]},"properties":{"state":"VIC","src":"VIC-OpenStats","suburb":"Ascot Vale","crime_index":73.2,"violent_pct":72.75,"dwelling_pct":59.27,"motor_pct":87.7,"rate_per100k":73.2,"year":"FY 2022-23 & 2023-24 (avg)","crime_band":5}},{"type":"Feature","geometry":{"type":"Polygon","coordinates":[[[145.08836,-37.86076],[145.09366,-37.86136],[145.09217,-37.87187],[145.09089,-37.87226],[145.08751,-37.87142],[145.08081,-37.87295],[145.07498,-37.87592],[145.069,-37.87425],[145.06889,-37.8721],[145.06612,-37.86835],[145.06532,-37.8675],[145.06417,-37.86804],[145.06157,-37.86488],[145.06208,-37.86244],[145.06354,-37.86512],[145.06498,-37.86445],[145.06559,-37.86737],[145.06843,-37.86626],[145.07522,-37.86699],[145.07475,-37.86571],[145.0761,-37.85809],[145.07819,-37.85932],[145.08232,-37.85873],[145.08212,-37.86017],[145.08836,-37.86076]]]},"properties":{"state":"VIC","src":"VIC-OpenStats","suburb":"Ashburton","crime_index":81.1,"violent_pct":71.06,"dwelling_pct":89.69,"motor_pct":82.63,"rate_per100k":81.1,"year":"FY 2022-23 & 2023-24 (avg)","crime_band":5}},{"type":"Feature","geometry":{"type":"Polygon","coordinates":[[[145.0998,-37.87348],[145.09179,-37.87441],[145.09375,-37.86087],[145.09903,-37.86146],[145.0992,-37.86054],[145.10156,-37.86079],[145.1022,-37.85858],[145.10384,-37.85699],[145.10772,-37.85778],[145.10723,-37.86043],[145.113,-37.86107],[145.11068,-37.8735],[145.10776,-37.87286],[145.0998,-37.87348]]]},"properties":{"state":"VIC","src":"VIC-OpenStats","suburb":"Ashwood","crime_index":79.7,"violent_pct":68.64,"dwelling_pct":82.03,"motor_pct":88.42,"rate_per100k":79.7,"year":"FY 2022-23 & 2023-24 (avg)","crime_band":5}},{"type":"Feature","geometry":{"type":"Polygon","coordinates":[[[145.10153,-38.01436],[145.10734,-38.01955],[145.11844,-38.02954],[145.10415,-38.03495],[145.09933,-38.02656],[145.09275,-38.01738],[145.08629,-38.01091],[145.08452,-38.01129],[145.08541,-38.0101],[145.08746,-38.01008],[145.08808,-38.00919],[145.09161,-38.01099],[145.09832,-38.01035],[145.1034,-38.01186],[145.10064,-38.01358],[145.10153,-38.01436]]]},"properties":{"state":"VIC","src":"VIC-OpenStats","suburb":"Aspendale","crime_index":46.7,"violent_pct":31.82,"dwelling_pct":63.76,"motor_pct":44.64,"rate_per100k":46.7,"year":"FY 2022-23 & 2023-24 (avg)","crime_band":3}},{"type":"Feature","geometry":{"type":"Polygon","coordinates":[[[145.12888,-38.02965],[145.12312,-38.03378],[145.10064,-38.01358],[145.10345,-38.01202],[145.13732,-38.02131],[145.12888,-38.02965]]]},"properties":{"state":"VIC","src":"VIC-OpenStats","suburb":"Aspendale Gardens","crime_index":20.9,"violent_pct":14.46,"dwelling_pct":35.02,"motor_pct":13.34,"rate_per100k":20.9,"year":"FY 2022-23 & 2023-24 (avg)","crime_band":2}},{"type":"Feature","geometry":{"type":"Polygon","coordinates":[[[144.89611,-37.67522],[144.88597,-37.67388],[144.88519,-37.67489],[144.88339,-37.67445],[144.88108,-37.67592],[144.87959,-37.67567],[144.87934,-37.6749],[144.87786,-37.67512],[144.87776,-37.67435],[144.87664,-37.67468],[144.87603,-37.67357],[144.87649,-37.6731],[144.87473,-37.67131],[144.87085,-37.67202],[144.86647,-37.67012],[144.86472,-37.67099],[144.86282,-37.67047],[144.85988,-37.66619],[144.86917,-37.66619],[144.87069,-37.65833],[144.8837,-37.65911],[144.88404,-37.66021],[144.90689,-37.66201],[144.9055,-37.66893],[144.90085,-37.66833],[144.89941,-37.67567],[144.89611,-37.67522]]]},"properties":{"state":"VIC","src":"VIC-OpenStats","suburb":"Attwood","crime_index":27.2,"violent_pct":30.48,"dwelling_pct":11.28,"motor_pct":39.8,"rate_per100k":27.2,"year":"FY 2022-23 & 2023-24 (avg)","crime_band":2}},{"type":"Feature","geometry":{"type":"Polygon","coordinates":[[[144.87125,-37.76694],[144.8745,-37.76951],[144.87418,-37.77128],[144.87185,-37.77266],[144.86513,-37.77229],[144.86453,-37.77385],[144.86066,-37.77613],[144.85777,-37.77576],[144.85266,-37.77322],[144.85107,-37.76907],[144.8541,-37.76537],[144.85389,-37.76255],[144.84933,-37.76116],[144.84836,-37.75989],[144.84961,-37.7547],[144.84769,-37.74975],[144.87971,-37.75283],[144.87873,-37.75403],[144.8778,-37.75401],[144.87713,-37.75598],[144.87804,-37.75653],[144.88213,-37.75587],[144.87788,-37.7594],[144.8727,-37.76192],[144.87061,-37.76597],[144.87125,-37.76694]]]},"properties":{"state":"VIC","src":"VIC-OpenStats","suburb":"Avondale Heights","crime_index":28.8,"violent_pct":31.89,"dwelling_pct":9.53,"motor_pct":44.97,"rate_per100k":28.8,"year":"FY 2022-23 & 2023-24 (avg)","crime_band":2}},{"type":"Feature","geometry":{"type":"Polygon","coordinates":[[[144.43214,-37.66318],[144.44566,-37.6643],[144.45122,-37.66617],[144.46047,-37.66752],[144.46334,-37.66895],[144.46564,-37.67122],[144.46648,-37.67323],[144.46701,-37.6783],[144.46797,-37.68011],[144.47507,-37.6835],[144.4769,-37.68512],[144.48461,-37.68546],[144.48314,-37.69284],[144.4756,-37.69346],[144.47354,-37.69232],[144.46315,-37.69184],[144.45878,-37.68943],[144.45896,-37.68759],[144.46073,-37.68639],[144.45715,-37.68603],[144.45734,-37.68499],[144.44894,-37.68418],[144.44951,-37.68317],[144.44705,-37.68376],[144.44479,-37.68154],[144.43502,-37.68293],[144.43219,-37.68232],[144.4315,-37.68117],[144.42717,-37.68044],[144.42424,-37.6787],[144.42136,-37.68026],[144.41874,-37.68053],[144.41469,-37.67813],[144.4129,-37.678],[144.41507,-37.67518],[144.41359,-37.67313],[144.41606,-37.6705],[144.41387,-37.66882],[144.41331,-37.66717],[144.4109,-37.66672],[144.4097,-37.66517],[144.43214,-37.66318]]]},"properties":{"state":"VIC","src":"VIC-OpenStats","suburb":"Bacchus Marsh","crime_index":71.8,"violent_pct":82.86,"dwelling_pct":78.87,"motor_pct":53.72,"rate_per100k":71.8,"year":"FY 2022-23 & 2023-24 (avg)","crime_band":5}},{"type":"Feature","geometry":{"type":"Polygon","coordinates":[[[145.54779,-37.69965],[145.54913,-37.70099],[145.54463,-37.70011],[145.54445,-37.70245],[145.54284,-37.70261],[145.54151,-37.70379],[145.52219,-37.7055],[145.52247,-37.70285],[145.51948,-37.69874],[145.51813,-37.68542],[145.51517,-37.68157],[145.51438,-37.67847],[145.51728,-37.67916],[145.51888,-37.67827],[145.52283,-37.67918],[145.52319,-37.68004],[145.53134,-37.67684],[145.52912,-37.67329],[145.53067,-37.67212],[145.5312,-37.67321],[145.53727,-37.67042],[145.54263,-37.67833],[145.54676,-37.67651],[145.55178,-37.68335],[145.55302,-37.68401],[145.55778,-37.68379],[145.56149,-37.68611],[145.56182,-37.68656],[145.55213,-37.69106],[145.55274,-37.6919],[145.55121,-37.69211],[145.55067,-37.69373],[145.55198,-37.69691],[145.55042,-37.69599],[145.54722,-37.69666],[145.54779,-37.69965]]]},"properties":{"state":"VIC","src":"VIC-OpenStats","suburb":"Badger Creek","crime_index":24.0,"violent_pct":67.96,"dwelling_pct":1.09,"motor_pct":3,"rate_per100k":24.0,"year":"FY 2022-23 & 2023-24 (avg)","crime_band":2}},{"type":"Feature","geometry":{"type":"Polygon","coordinates":[[[144.99957,-37.86888],[144.99818,-37.876],[144.9951,-37.87562],[144.99447,-37.87435],[144.99116,-37.87451],[144.98966,-37.87212],[144.99045,-37.87171],[144.99125,-37.86535],[145.00004,-37.86644],[144.99957,-37.86888]]]},"properties":{"state":"VIC","src":"VIC-OpenStats","suburb":"Balaclava (Vic.)","crime_index":85.1,"violent_pct":79.35,"dwelling_pct":86.69,"motor_pct":89.41,"rate_per100k":85.1,"year":"FY 2022-23 & 2023-24 (avg)","crime_band":6}},{"type":"Feature","geometry":{"type":"Polygon","coordinates":[[[144.27103,-37.6525],[144.26937,-37.65424],[144.26668,-37.66076],[144.26718,-37.66199],[144.26624,-37.66279],[144.26747,-37.66436],[144.26731,-37.66542],[144.23276,-37.66072],[144.23494,-37.66967],[144.17827,-37.66387],[144.17719,-37.66188],[144.17882,-37.66132],[144.17431,-37.65805],[144.17216,-37.65767],[144.17186,-37.65706],[144.17295,-37.65585],[144.17056,-37.65613],[144.17095,-37.6548],[144.1526,-37.65276],[144.15626,-37.62996],[144.15511,-37.63076],[144.15423,-37.62916],[144.15086,-37.62722],[144.14735,-37.62709],[144.14314,-37.62816],[144.13807,-37.62724],[144.13829,-37.62577],[144.13342,-37.62443],[144.13901,-37.59321],[144.1399,-37.59295],[144.13013,-37.59224],[144.13248,-37.57782],[144.13113,-37.5776],[144.13239,-37.5758],[144.14141,-37.57943],[144.14366,-37.56664],[144.16182,-37.56868],[144.16265,-37.56391],[144.17436,-37.56518],[144.1753,-37.56036],[144.18703,-37.56161],[144.1877,-37.55186],[144.19808,-37.55166],[144.19877,-37.54865],[144.1972,-37.54675],[144.19869,-37.54514],[144.1966,-37.54527],[144.19646,-37.54442],[144.21526,-37.54451],[144.23205,-37.54602],[144.23413,-37.55168],[144.24737,-37.5528],[144.24886,-37.54187],[144.25079,-37.54256],[144.25014,-37.54345],[144.2507,-37.54355],[144.25161,-37.54102],[144.25522,-37.53796],[144.25505,-37.53903],[144.256,-37.53928],[144.25562,-37.54011],[144.25687,-37.53958],[144.25744,-37.54067],[144.26079,-37.54117],[144.26154,-37.54262],[144.26256,-37.54235],[144.26349,-37.54352],[144.26685,-37.54268],[144.27015,-37.5441],[144.26922,-37.54403],[144.27105,-37.54605],[144.2691,-37.54702],[144.27057,-37.54793],[144.26707,-37.55342],[144.2675,-37.55525],[144.2663,-37.55697],[144.26812,-37.55864],[144.26726,-37.55978],[144.26823,-37.56047],[144.2668,-37.56152],[144.26846,-37.56327],[144.2681,-37.56484],[144.26988,-37.56549],[144.27085,-37.56684],[144.26929,-37.56761],[144.26806,-37.56715],[144.26701,-37.56815],[144.26703,-37.57065],[144.26542,-37.57399],[144.26685,-37.57667],[144.26667,-37.57809],[144.26911,-37.58026],[144.2683,-37.5834],[144.2702,-37.58359],[144.27105,-37.58501],[144.27293,-37.58379],[144.27691,-37.58307],[144.27933,-37.58368],[144.27964,-37.58525],[144.28144,-37.58477],[144.28318,-37.58531],[144.28238,-37.58377],[144.28304,-37.58272],[144.28468,-37.58284],[144.28527,-37.58674],[144.28855,-37.58928],[144.28762,-37.59008],[144.28913,-37.59361],[144.28774,-37.59598],[144.2892,-37.597],[144.28901,-37.60053],[144.29225,-37.60489],[144.29055,-37.60604],[144.29416,-37.60671],[144.29316,-37.60807],[144.29451,-37.60998],[144.29242,-37.61171],[144.29381,-37.61327],[144.29409,-37.61539],[144.297,-37.61644],[144.29944,-37.61552],[144.30051,-37.6172],[144.30285,-37.61681],[144.30231,-37.61795],[144.3035,-37.61841],[144.30386,-37.61748],[144.30592,-37.61785],[144.30547,-37.61595],[144.30621,-37.61564],[144.30887,-37.61722],[144.30756,-37.6187],[144.3087,-37.61969],[144.30859,-37.62113],[144.3094,-37.62195],[144.30824,-37.62327],[144.30821,-37.62554],[144.30914,-37.62652],[144.30814,-37.62718],[144.30855,-37.62792],[144.30632,-37.62889],[144.30631,-37.62994],[144.30451,-37.62965],[144.3044,-37.63172],[144.30261,-37.63133],[144.30217,-37.63278],[144.29738,-37.63119],[144.29644,-37.62998],[144.29931,-37.62859],[144.29412,-37.62838],[144.29216,-37.62994],[144.28911,-37.62842],[144.28668,-37.62846],[144.28969,-37.62442],[144.28533,-37.62397],[144.28448,-37.6249],[144.28138,-37.62317],[144.28031,-37.62409],[144.27888,-37.62393],[144.27823,-37.62516],[144.27647,-37.62555],[144.26834,-37.63133],[144.27273,-37.63491],[144.26718,-37.64244],[144.27009,-37.64483],[144.27153,-37.64827],[144.27289,-37.64937],[144.27381,-37.65242],[144.27103,-37.6525]]]},"properties":{"state":"VIC","src":"VIC-OpenStats","suburb":"Ballan","crime_index":52.9,"violent_pct":43,"dwelling_pct":52.7,"motor_pct":62.97,"rate_per100k":52.9,"year":"FY 2022-23 & 2023-24 (avg)","crime_band":4}},{"type":"Feature","geometry":{"type":"Polygon","coordinates":[[[145.12519,-38.38386],[145.12484,-38.38612],[145.12283,-38.38583],[145.11963,-38.38684],[145.12002,-38.38766],[145.12152,-38.38774],[145.11997,-38.38802],[145.12109,-38.39016],[145.11628,-38.39183],[145.11363,-38.39146],[145.11019,-38.39728],[145.10162,-38.39471],[145.10398,-38.38449],[145.09697,-38.38718],[145.09697,-38.37398],[145.10178,-38.37395],[145.10165,-38.35424],[145.10232,-38.3536],[145.10747,-38.35361],[145.09716,-38.33883],[145.09195,-38.32407],[145.14558,-38.32407],[145.1457,-38.35353],[145.15539,-38.35354],[145.1457,-38.36039],[145.14569,-38.37617],[145.12792,-38.37407],[145.12662,-38.37552],[145.12519,-38.38386]]]},"properties":{"state":"VIC","src":"VIC-OpenStats","suburb":"Balnarring","crime_index":42.5,"violent_pct":33.97,"dwelling_pct":41.98,"motor_pct":51.7,"rate_per100k":42.5,"year":"FY 2022-23 & 2023-24 (avg)","crime_band":3}},{"type":"Feature","geometry":{"type":"Polygon","coordinates":[[[145.06271,-37.80703],[145.06136,-37.80691],[145.06253,-37.80078],[145.09235,-37.80469],[145.09707,-37.80382],[145.10133,-37.80423],[145.1009,-37.8037],[145.10407,-37.80212],[145.10489,-37.80316],[145.10356,-37.80927],[145.10161,-37.81187],[145.09986,-37.81261],[145.09949,-37.81451],[145.09299,-37.81382],[145.09197,-37.81288],[145.09067,-37.81395],[145.0885,-37.81369],[145.08692,-37.81909],[145.08464,-37.81837],[145.08516,-37.81632],[145.0821,-37.81852],[145.07715,-37.81793],[145.07615,-37.81661],[145.07548,-37.81735],[145.07009,-37.81663],[145.07052,-37.81437],[145.07208,-37.81451],[145.07259,-37.81178],[145.07169,-37.81167],[145.07236,-37.80818],[145.06271,-37.80703]]]},"properties":{"state":"VIC","src":"VIC-OpenStats","suburb":"Balwyn","crime_index":51.9,"violent_pct":27.68,"dwelling_pct":86.54,"motor_pct":41.62,"rate_per100k":51.9,"year":"FY 2022-23 & 2023-24 (avg)","crime_band":4}},{"type":"Feature","geometry":{"type":"Polygon","coordinates":[[[145.08146,-37.77917],[145.09469,-37.77933],[145.09837,-37.7808],[145.10091,-37.78584],[145.1039,-37.78818],[145.10498,-37.79026],[145.10471,-37.79124],[145.10853,-37.79261],[145.10825,-37.7942],[145.10382,-37.79666],[145.10458,-37.7969],[145.10418,-37.80208],[145.1009,-37.8037],[145.10133,-37.80423],[145.09707,-37.80382],[145.09235,-37.80469],[145.06253,-37.80078],[145.06504,-37.78749],[145.06331,-37.78503],[145.06196,-37.78561],[145.06307,-37.78142],[145.06448,-37.78161],[145.06431,-37.78292],[145.06704,-37.78365],[145.06775,-37.78294],[145.06684,-37.78174],[145.06712,-37.78092],[145.06956,-37.78124],[145.07122,-37.78074],[145.07161,-37.77969],[145.07445,-37.77971],[145.07762,-37.77689],[145.08038,-37.77738],[145.08146,-37.77917]]]},"properties":{"state":"VIC","src":"VIC-OpenStats","suburb":"Balwyn North","crime_index":42.9,"violent_pct":10.87,"dwelling_pct":85.11,"motor_pct":32.62,"rate_per100k":42.9,"year":"FY 2022-23 & 2023-24 (avg)","crime_band":3}},{"type":"Feature","geometry":{"type":"Polygon","coordinates":[[[144.19948,-38.06034],[144.18955,-38.113],[144.17149,-38.11055],[144.17517,-38.09028],[144.15698,-38.08806],[144.15853,-38.07959],[144.12432,-38.07576],[144.12452,-38.07386],[144.12317,-38.0729],[144.12302,-38.07061],[144.0989,-38.06776],[144.09564,-38.06428],[144.101,-38.03595],[144.09263,-38.0336],[144.09717,-38.00975],[144.09971,-38.01146],[144.11099,-38.01274],[144.11334,-38.00014],[144.13415,-38.00259],[144.13483,-38.0021],[144.13414,-38.00046],[144.13484,-37.99885],[144.13998,-37.99562],[144.14025,-37.99327],[144.14554,-37.99118],[144.14413,-37.98939],[144.15997,-37.98506],[144.16303,-37.98699],[144.16172,-37.98724],[144.1618,-37.98985],[144.16633,-37.99068],[144.16382,-37.9919],[144.16359,-37.99276],[144.16249,-37.99274],[144.16287,-37.99437],[144.16133,-37.99387],[144.16256,-37.99678],[144.16474,-37.99977],[144.16853,-38.00075],[144.16785,-38.00138],[144.16923,-38.00174],[144.16915,-38.00351],[144.17008,-38.00416],[144.16977,-38.00504],[144.16687,-38.0056],[144.16606,-38.00511],[144.16452,-38.00679],[144.16646,-38.00843],[144.168,-38.00869],[144.17097,-38.00654],[144.173,-38.00685],[144.17328,-38.00856],[144.16819,-38.01002],[144.17818,-38.01658],[144.17567,-38.0191],[144.17958,-38.02159],[144.17806,-38.02451],[144.1928,-38.02966],[144.20382,-38.03737],[144.20406,-38.03608],[144.20208,-38.03339],[144.20207,-38.03177],[144.20519,-38.02948],[144.20631,-38.0234],[144.20705,-38.02436],[144.20757,-38.02304],[144.20894,-38.02314],[144.21167,-38.02565],[144.21123,-38.02681],[144.2127,-38.02675],[144.21493,-38.02853],[144.21264,-38.0301],[144.21132,-38.03243],[144.21283,-38.03383],[144.21404,-38.03326],[144.21505,-38.034],[144.21547,-38.03573],[144.21635,-38.03573],[144.21596,-38.03782],[144.217,-38.03959],[144.21634,-38.04027],[144.21959,-38.04156],[144.22231,-38.03978],[144.22343,-38.04005],[144.22285,-38.04213],[144.22361,-38.04376],[144.22124,-38.04444],[144.21906,-38.05749],[144.21787,-38.05735],[144.2139,-38.06061],[144.20465,-38.0583],[144.20149,-38.06155],[144.19948,-38.06034]]]},"properties":{"state":"VIC","src":"VIC-OpenStats","suburb":"Bannockburn (Vic.)","crime_index":6.3,"violent_pct":11.1,"dwelling_pct":3.73,"motor_pct":4.08,"rate_per100k":6.3,"year":"FY 2022-23 & 2023-24 (avg)","crime_band":1}},{"type":"Feature","geometry":{"type":"Polygon","coordinates":[[[144.50381,-38.27131],[144.49944,-38.27511],[144.49663,-38.2825],[144.49488,-38.28261],[144.49697,-38.28662],[144.4994,-38.28877],[144.50174,-38.28949],[144.5003,-38.29033],[144.48551,-38.28818],[144.47556,-38.28795],[144.46902,-38.28666],[144.46925,-38.28434],[144.47392,-38.28236],[144.47575,-38.27803],[144.4753,-38.27418],[144.47799,-38.27127],[144.47744,-38.27023],[144.47813,-38.26859],[144.47723,-38.26663],[144.47861,-38.26592],[144.47991,-38.26135],[144.47924,-38.25949],[144.48365,-38.25676],[144.48474,-38.25848],[144.48737,-38.25864],[144.48918,-38.26133],[144.49289,-38.26237],[144.49534,-38.26457],[144.5023,-38.26364],[144.50737,-38.26464],[144.50826,-38.2659],[144.50808,-38.2676],[144.50381,-38.27131]]]},"properties":{"state":"VIC","src":"VIC-OpenStats","suburb":"Barwon Heads","crime_index":30.9,"violent_pct":8.37,"dwelling_pct":53.86,"motor_pct":30.45,"rate_per100k":30.9,"year":"FY 2022-23 & 2023-24 (avg)","crime_band":3}},{"type":"Feature","geometry":{"type":"Polygon","coordinates":[[[144.29633,-38.09517],[144.29555,-38.09624],[144.28926,-38.09872],[144.28541,-38.09924],[144.28197,-38.0985],[144.28214,-38.10162],[144.27824,-38.10118],[144.27624,-38.11185],[144.26485,-38.11055],[144.26687,-38.09992],[144.25675,-38.09868],[144.25187,-38.0924],[144.25216,-38.09085],[144.2499,-38.09059],[144.25437,-38.06725],[144.26504,-38.06635],[144.26534,-38.06812],[144.26551,-38.06733],[144.26651,-38.06716],[144.26865,-38.06857],[144.26891,-38.06764],[144.27046,-38.06758],[144.2704,-38.06693],[144.27249,-38.06559],[144.27488,-38.06758],[144.27665,-38.06783],[144.27668,-38.06998],[144.2786,-38.0707],[144.27874,-38.07147],[144.27792,-38.07177],[144.28185,-38.07323],[144.28062,-38.07359],[144.28074,-38.0742],[144.28215,-38.07422],[144.28315,-38.07546],[144.28584,-38.07566],[144.28373,-38.07647],[144.28399,-38.07747],[144.28595,-38.07795],[144.28649,-38.07908],[144.28387,-38.08036],[144.3075,-38.08267],[144.305,-38.09732],[144.29633,-38.09517]]]},"properties":{"state":"VIC","src":"VIC-OpenStats","suburb":"Batesford","crime_index":11.5,"violent_pct":6.48,"dwelling_pct":7.74,"motor_pct":20.23,"rate_per100k":11.5,"year":"FY 2022-23 & 2023-24 (avg)","crime_band":1}},{"type":"Feature","geometry":{"type":"Polygon","coordinates":[[[145.15881,-38.20488],[145.15821,-38.20723],[145.15583,-38.20686],[145.15365,-38.2077],[145.15393,-38.2082],[145.14732,-38.21014],[145.14358,-38.20403],[145.12579,-38.21086],[145.10946,-38.21364],[145.11047,-38.21037],[145.11794,-38.20509],[145.12895,-38.19998],[145.13354,-38.19565],[145.13967,-38.19726],[145.148,-38.19406],[145.15239,-38.19447],[145.15907,-38.18156],[145.18182,-38.19905],[145.19674,-38.19954],[145.1967,-38.21187],[145.18963,-38.21202],[145.18964,-38.20916],[145.18506,-38.20914],[145.18507,-38.20607],[145.1779,-38.20655],[145.17446,-38.20496],[145.17325,-38.20581],[145.17165,-38.20555],[145.17187,-38.20466],[145.1635,-38.20335],[145.16287,-38.20553],[145.15881,-38.20488]]]},"properties":{"state":"VIC","src":"VIC-OpenStats","suburb":"Baxter","crime_index":46.5,"violent_pct":60.87,"dwelling_pct":30.63,"motor_pct":48.11,"rate_per100k":46.5,"year":"FY 2022-23 & 2023-24 (avg)","crime_band":3}},{"type":"Feature","geometry":{"type":"Polygon","coordinates":[[[145.28627,-37.84969],[145.28617,-37.85183],[145.27767,-37.85114],[145.27999,-37.85419],[145.27342,-37.8526],[145.27251,-37.85334],[145.26921,-37.8525],[145.26765,-37.85346],[145.26745,-37.85566],[145.26802,-37.85573],[145.26662,-37.85957],[145.26341,-37.85846],[145.26265,-37.85899],[145.26204,-37.85879],[145.26236,-37.85818],[145.25212,-37.85555],[145.25177,-37.85476],[145.24865,-37.85358],[145.24823,-37.85427],[145.24365,-37.85274],[145.2463,-37.84768],[145.2453,-37.84737],[145.24711,-37.8436],[145.24053,-37.84519],[145.24051,-37.84454],[145.23844,-37.84482],[145.23829,-37.83868],[145.25054,-37.83767],[145.25659,-37.83578],[145.25883,-37.83664],[145.26154,-37.836],[145.26724,-37.83702],[145.26982,-37.83589],[145.27895,-37.83573],[145.28147,-37.83303],[145.28727,-37.83355],[145.28627,-37.84969]]]},"properties":{"state":"VIC","src":"VIC-OpenStats","suburb":"Bayswater (Vic.)","crime_index":59.3,"violent_pct":50.29,"dwelling_pct":69.4,"motor_pct":58.23,"rate_per100k":59.3,"year":"FY 2022-23 & 2023-24 (avg)","crime_band":4}},{"type":"Feature","geometry":{"type":"Polygon","coordinates":[[[145.27736,-37.81919],[145.27848,-37.81933],[145.27831,-37.82177],[145.28736,-37.81889],[145.29227,-37.81944],[145.30153,-37.81521],[145.30169,-37.81439],[145.30553,-37.81486],[145.30125,-37.8379],[145.29353,-37.83405],[145.28163,-37.83302],[145.28056,-37.83328],[145.27876,-37.83578],[145.26982,-37.83589],[145.26712,-37.83703],[145.26154,-37.836],[145.25855,-37.83658],[145.25854,-37.83425],[145.25954,-37.83441],[145.25956,-37.83262],[145.2622,-37.83261],[145.26221,-37.83104],[145.26403,-37.83066],[145.26497,-37.82166],[145.26442,-37.82017],[145.26489,-37.82041],[145.26778,-37.81645],[145.26849,-37.81653],[145.26828,-37.81828],[145.27736,-37.81919]]]},"properties":{"state":"VIC","src":"VIC-OpenStats","suburb":"Bayswater North","crime_index":61.0,"violent_pct":72.09,"dwelling_pct":51.68,"motor_pct":59.18,"rate_per100k":61.0,"year":"FY 2022-23 & 2023-24 (avg)","crime_band":4}},{"type":"Feature","geometry":{"type":"Polygon","coordinates":[[[145.38871,-38.05958],[145.38734,-38.06577],[145.37596,-38.06426],[145.37657,-38.06355],[145.37518,-38.06124],[145.37625,-38.06103],[145.37518,-38.06067],[145.37525,-38.05952],[145.37235,-38.06072],[145.36855,-38.06031],[145.3592,-38.05238],[145.35952,-38.05107],[145.36055,-38.04887],[145.36471,-38.05035],[145.36432,-38.04956],[145.3664,-38.04846],[145.36641,-38.0458],[145.36479,-38.04444],[145.36649,-38.04274],[145.36706,-38.04095],[145.36593,-38.03882],[145.37191,-38.03302],[145.37456,-38.02863],[145.37531,-38.02887],[145.37596,-38.02806],[145.37776,-38.02884],[145.3843,-38.02189],[145.39112,-38.02574],[145.39095,-38.02651],[145.39651,-38.02726],[145.39834,-38.01875],[145.39513,-38.01833],[145.39812,-38.01691],[145.3998,-38.01458],[145.4042,-38.01348],[145.40768,-38.01678],[145.41047,-38.01801],[145.40745,-38.01849],[145.4077,-38.02166],[145.40487,-38.02285],[145.404,-38.02543],[145.40153,-38.02732],[145.40066,-38.03447],[145.3976,-38.03705],[145.39678,-38.03952],[145.39383,-38.03972],[145.39267,-38.0415],[145.38871,-38.05958]]]},"properties":{"state":"VIC","src":"VIC-OpenStats","suburb":"Beaconsfield (Vic.)","crime_index":22.5,"violent_pct":7.95,"dwelling_pct":38.37,"motor_pct":21.08,"rate_per100k":22.5,"year":"FY 2022-23 & 2023-24 (avg)","crime_band":2}},{"type":"Feature","geometry":{"type":"Polygon","coordinates":[[[145.47134,-38.00316],[145.47122,-38.00558],[145.47004,-38.00559],[145.47002,-38.00752],[145.46601,-38.00756],[145.46637,-38.00796],[145.46295,-38.01105],[145.4607,-38.0095],[145.45905,-38.011],[145.46129,-38.0131],[145.46032,-38.01871],[145.45181,-38.01786],[145.45126,-38.02098],[145.44908,-38.02086],[145.44544,-38.02317],[145.4473,-38.02501],[145.44407,-38.02644],[145.44229,-38.02614],[145.43845,-38.02235],[145.4337,-38.02092],[145.4331,-38.01872],[145.43125,-38.01635],[145.42694,-38.01328],[145.42423,-38.01327],[145.42422,-38.01729],[145.42273,-38.01731],[145.42274,-38.01859],[145.42088,-38.01958],[145.41826,-38.01981],[145.41832,-38.01487],[145.4132,-38.01483],[145.41335,-38.01618],[145.41047,-38.01801],[145.40768,-38.01678],[145.4042,-38.01348],[145.40631,-38.01106],[145.40277,-38.01101],[145.40141,-38.01196],[145.40035,-38.01066],[145.40038,-38.00937],[145.40209,-38.00984],[145.40074,-38.00757],[145.40261,-38.00692],[145.40081,-38.00592],[145.39929,-38.00358],[145.39243,-38.00595],[145.39025,-38.00359],[145.3917,-38.00277],[145.39048,-38.00086],[145.38172,-38.00444],[145.38026,-38.00258],[145.37866,-38.00278],[145.379,-38.00184],[145.37786,-38.00126],[145.37976,-37.99844],[145.37984,-37.9969],[145.37938,-37.99585],[145.37748,-37.99522],[145.37779,-37.99428],[145.37585,-37.98964],[145.37881,-37.98751],[145.38,-37.98756],[145.38097,-37.98523],[145.38247,-37.98456],[145.38165,-37.9825],[145.38201,-37.98058],[145.3793,-37.97662],[145.37919,-37.97456],[145.37988,-37.97375],[145.38352,-37.97466],[145.38432,-37.97061],[145.38633,-37.97147],[145.38814,-37.97094],[145.38814,-37.97542],[145.39361,-37.9754],[145.39362,-37.97913],[145.40004,-37.97911],[145.40394,-37.97618],[145.40793,-37.97891],[145.41409,-37.97763],[145.41823,-37.98064],[145.4257,-37.97905],[145.43351,-37.9787],[145.44147,-37.98297],[145.44027,-37.98632],[145.44523,-37.98548],[145.44523,-37.98973],[145.45141,-37.98973],[145.45141,-37.99166],[145.46657,-37.99168],[145.4687,-37.99213],[145.4687,-37.99275],[145.47105,-37.99274],[145.47114,-37.99953],[145.47371,-37.99953],[145.47372,-38.0037],[145.47134,-38.00316]]]},"properties":{"state":"VIC","src":"VIC-OpenStats","suburb":"Beaconsfield Upper","crime_index":14.8,"violent_pct":14.72,"dwelling_pct":14.46,"motor_pct":15.33,"rate_per100k":14.8,"year":"FY 2022-23 & 2023-24 (avg)","crime_band":1}},{"type":"Feature","geometry":{"type":"Polygon","coordinates":[[[145.0462,-37.9895],[145.04301,-37.99099],[145.04213,-37.99277],[145.0392,-37.99483],[145.0383,-37.9964],[145.0347,-37.9949],[145.03077,-37.99458],[145.02968,-37.99194],[145.02789,-37.99064],[145.02699,-37.98804],[145.02375,-37.98572],[145.02589,-37.97384],[145.03176,-37.9744],[145.03152,-37.97541],[145.03265,-37.97554],[145.03473,-37.97761],[145.03603,-37.9702],[145.05243,-37.97221],[145.05225,-37.97311],[145.0542,-37.97336],[145.0517,-37.98681],[145.0462,-37.9895]]]},"properties":{"state":"VIC","src":"VIC-OpenStats","suburb":"Beaumaris (Vic.)","crime_index":41.6,"violent_pct":9.89,"dwelling_pct":61.96,"motor_pct":52.93,"rate_per100k":41.6,"year":"FY 2022-23 & 2023-24 (avg)","crime_band":3}},{"type":"Feature","geometry":{"type":"Polygon","coordinates":[[[145.35693,-37.89982],[145.3634,-37.90124],[145.36217,-37.9046],[145.36302,-37.906],[145.36508,-37.90635],[145.36463,-37.90867],[145.36382,-37.90904],[145.36401,-37.91139],[145.36495,-37.91222],[145.3683,-37.91272],[145.36861,-37.9139],[145.37187,-37.91494],[145.37119,-37.91705],[145.36844,-37.9179],[145.36478,-37.9177],[145.36341,-37.91851],[145.3606,-37.91809],[145.35965,-37.91871],[145.36097,-37.92115],[145.35871,-37.92337],[145.35709,-37.92313],[145.35649,-37.92209],[145.35092,-37.92183],[145.34631,-37.92058],[145.34489,-37.92128],[145.3433,-37.91919],[145.34158,-37.91901],[145.34176,-37.91836],[145.34004,-37.91722],[145.34404,-37.9132],[145.34272,-37.91208],[145.34313,-37.9111],[145.34741,-37.9091],[145.34759,-37.9074],[145.34847,-37.9076],[145.34987,-37.90373],[145.34867,-37.90346],[145.3494,-37.90142],[145.35182,-37.90196],[145.35131,-37.89862],[145.35693,-37.89982]]]},"properties":{"state":"VIC","src":"VIC-OpenStats","suburb":"Belgrave","crime_index":32.5,"violent_pct":70.01,"dwelling_pct":11.2,"motor_pct":16.35,"rate_per100k":32.5,"year":"FY 2022-23 & 2023-24 (avg)","crime_band":3}},{"type":"Feature","geometry":{"type":"Polygon","coordinates":[[[145.35552,-37.92706],[145.35313,-37.93084],[145.35059,-37.93052],[145.34907,-37.9318],[145.3488,-37.93355],[145.34352,-37.93272],[145.34212,-37.93103],[145.33989,-37.93195],[145.33784,-37.93089],[145.33057,-37.92988],[145.33182,-37.9238],[145.33583,-37.92378],[145.33651,-37.92132],[145.33837,-37.92089],[145.33914,-37.92019],[145.33887,-37.91926],[145.34009,-37.91858],[145.3433,-37.91919],[145.34489,-37.92128],[145.34631,-37.92058],[145.35612,-37.92224],[145.35633,-37.92366],[145.3549,-37.92548],[145.35595,-37.92668],[145.35552,-37.92706]]]},"properties":{"state":"VIC","src":"VIC-OpenStats","suburb":"Belgrave Heights","crime_index":15.8,"violent_pct":31.79,"dwelling_pct":6.06,"motor_pct":9.5,"rate_per100k":15.8,"year":"FY 2022-23 & 2023-24 (avg)","crime_band":1}},{"type":"Feature","geometry":{"type":"Polygon","coordinates":[[[145.35319,-37.93051],[145.35595,-37.92668],[145.3549,-37.92548],[145.35633,-37.92366],[145.35649,-37.92209],[145.3584,-37.92454],[145.36419,-37.92328],[145.36611,-37.9298],[145.36958,-37.93161],[145.37655,-37.93397],[145.38522,-37.93402],[145.38567,-37.93604],[145.38352,-37.93826],[145.38217,-37.94116],[145.38351,-37.94801],[145.38515,-37.95161],[145.37473,-37.95162],[145.37502,-37.95385],[145.37649,-37.95524],[145.37556,-37.95525],[145.37561,-37.95906],[145.37094,-37.96023],[145.36243,-37.96091],[145.36164,-37.95785],[145.36349,-37.95784],[145.36557,-37.95537],[145.36161,-37.95326],[145.36018,-37.95488],[145.35651,-37.95292],[145.35265,-37.95746],[145.34758,-37.95377],[145.33267,-37.94927],[145.32835,-37.94976],[145.32749,-37.94898],[145.32861,-37.94761],[145.32868,-37.94477],[145.32957,-37.94294],[145.3289,-37.93898],[145.33073,-37.92999],[145.33784,-37.93089],[145.33989,-37.93195],[145.34212,-37.93103],[145.34352,-37.93272],[145.3488,-37.93355],[145.34907,-37.9318],[145.35059,-37.93052],[145.35319,-37.93051]]]},"properties":{"state":"VIC","src":"VIC-OpenStats","suburb":"Belgrave South","crime_index":24.3,"violent_pct":36.27,"dwelling_pct":30.3,"motor_pct":6.39,"rate_per100k":24.3,"year":"FY 2022-23 & 2023-24 (avg)","crime_band":2}},{"type":"Feature","geometry":{"type":"Polygon","coordinates":[[[144.34279,-38.11397],[144.34234,-38.11628],[144.33924,-38.1159],[144.33343,-38.11965],[144.33039,-38.11597],[144.33489,-38.09337],[144.3374,-38.09476],[144.33844,-38.09336],[144.34355,-38.09185],[144.34531,-38.0938],[144.34452,-38.09489],[144.34638,-38.09549],[144.34279,-38.11397]]]},"properties":{"state":"VIC","src":"VIC-OpenStats","suburb":"Bell Park","crime_index":66.1,"violent_pct":76.09,"dwelling_pct":52.87,"motor_pct":69.45,"rate_per100k":66.1,"year":"FY 2022-23 & 2023-24 (avg)","crime_band":4}},{"type":"Feature","geometry":{"type":"Polygon","coordinates":[[[144.33207,-38.10791],[144.33039,-38.11597],[144.32114,-38.10563],[144.305,-38.09732],[144.30846,-38.07684],[144.31391,-38.07893],[144.32723,-38.08901],[144.33024,-38.08664],[144.33079,-38.08701],[144.33014,-38.08815],[144.33554,-38.0901],[144.33207,-38.10791]]]},"properties":{"state":"VIC","src":"VIC-OpenStats","suburb":"Bell Post Hill","crime_index":67.9,"violent_pct":71.34,"dwelling_pct":77.8,"motor_pct":54.47,"rate_per100k":67.9,"year":"FY 2022-23 & 2023-24 (avg)","crime_band":5}},{"type":"Feature","geometry":{"type":"Polygon","coordinates":[[[144.25624,-38.35508],[144.25348,-38.3695],[144.24421,-38.36838],[144.24333,-38.37216],[144.24208,-38.37298],[144.23783,-38.37339],[144.22919,-38.37237],[144.20547,-38.38108],[144.20408,-38.3808],[144.20546,-38.36991],[144.19607,-38.35955],[144.19899,-38.35142],[144.20236,-38.34537],[144.20311,-38.34092],[144.18475,-38.33877],[144.18606,-38.33168],[144.1857,-38.33035],[144.18631,-38.33043],[144.18786,-38.32246],[144.19708,-38.32352],[144.19849,-38.31561],[144.20779,-38.31671],[144.21051,-38.30226],[144.28343,-38.31077],[144.28013,-38.32842],[144.28243,-38.32719],[144.28513,-38.32739],[144.28621,-38.32903],[144.28913,-38.33085],[144.2879,-38.33705],[144.28647,-38.33688],[144.28619,-38.33849],[144.2813,-38.33792],[144.28081,-38.34051],[144.2825,-38.34072],[144.27916,-38.35784],[144.25624,-38.35508]]]},"properties":{"state":"VIC","src":"VIC-OpenStats","suburb":"Bellbrae","crime_index":18.0,"violent_pct":27.07,"dwelling_pct":10.47,"motor_pct":16.43,"rate_per100k":18.0,"year":"FY 2022-23 & 2023-24 (avg)","crime_band":1}},{"type":"Feature","geometry":{"type":"Polygon","coordinates":[[[145.03799,-37.7494],[145.04609,-37.75112],[145.04497,-37.75707],[145.03123,-37.75558],[145.03062,-37.75469],[145.0318,-37.75272],[145.03142,-37.75097],[145.03299,-37.74907],[145.03799,-37.7494]]]},"properties":{"state":"VIC","src":"VIC-OpenStats","suburb":"Bellfield (Banyule - Vic.)","crime_index":74.0,"violent_pct":84.83,"dwelling_pct":67.83,"motor_pct":69.44,"rate_per100k":74.0,"year":"FY 2022-23 & 2023-24 (avg)","crime_band":5}},{"type":"Feature","geometry":{"type":"Polygon","coordinates":[[[144.35125,-38.18693],[144.35058,-38.18935],[144.34913,-38.1891],[144.34855,-38.19154],[144.34079,-38.18982],[144.33655,-38.19063],[144.33617,-38.19232],[144.33098,-38.19265],[144.33119,-38.19165],[144.32849,-38.19211],[144.32826,-38.19332],[144.32516,-38.19451],[144.32489,-38.19608],[144.32061,-38.19549],[144.32631,-38.19058],[144.32468,-38.18942],[144.32534,-38.1863],[144.32304,-38.18602],[144.32343,-38.18301],[144.32162,-38.18279],[144.32442,-38.18021],[144.32463,-38.17911],[144.32356,-38.17898],[144.32266,-38.1751],[144.32425,-38.17246],[144.32602,-38.17295],[144.32638,-38.17103],[144.32826,-38.16912],[144.33096,-38.16843],[144.33046,-38.16747],[144.33414,-38.16411],[144.35119,-38.16411],[144.35872,-38.1667],[144.36074,-38.17077],[144.36009,-38.17317],[144.36143,-38.17769],[144.365,-38.18205],[144.36485,-38.18503],[144.36432,-38.18603],[144.3628,-38.18546],[144.36051,-38.1861],[144.35831,-38.18446],[144.3568,-38.18581],[144.3546,-38.18614],[144.35436,-38.18459],[144.35125,-38.18693]]]},"properties":{"state":"VIC","src":"VIC-OpenStats","suburb":"Belmont (Vic.)","crime_index":27.8,"violent_pct":8.13,"dwelling_pct":39.3,"motor_pct":35.98,"rate_per100k":27.8,"year":"FY 2022-23 & 2023-24 (avg)","crime_band":2}},{"type":"Feature","geometry":{"type":"Polygon","coordinates":[[[145.03226,-37.91453],[145.03235,-37.91383],[145.03728,-37.91442],[145.03761,-37.91264],[145.05182,-37.91497],[145.05195,-37.91956],[145.05102,-37.9197],[145.05176,-37.9202],[145.04964,-37.93075],[145.04884,-37.93159],[145.05194,-37.93201],[145.05168,-37.93341],[145.04861,-37.93298],[145.04832,-37.93468],[145.03438,-37.93299],[145.02246,-37.9206],[145.02551,-37.92072],[145.02606,-37.91885],[145.02411,-37.91868],[145.02436,-37.91736],[145.02324,-37.91658],[145.02424,-37.91063],[145.02874,-37.91225],[145.03226,-37.91453]]]},"properties":{"state":"VIC","src":"VIC-OpenStats","suburb":"Bentleigh","crime_index":51.6,"violent_pct":28.8,"dwelling_pct":57.56,"motor_pct":68.33,"rate_per100k":51.6,"year":"FY 2022-23 & 2023-24 (avg)","crime_band":4}},{"type":"Feature","geometry":{"type":"Polygon","coordinates":[[[145.08493,-37.91142],[145.07954,-37.93874],[145.04832,-37.93468],[145.04861,-37.93298],[145.05168,-37.93341],[145.05194,-37.93201],[145.04884,-37.93159],[145.04964,-37.93075],[145.05176,-37.9202],[145.05102,-37.9197],[145.05195,-37.91956],[145.05204,-37.91739],[145.05145,-37.91731],[145.05217,-37.91282],[145.0534,-37.91299],[145.05373,-37.91121],[145.05312,-37.91114],[145.05345,-37.90563],[145.08524,-37.90949],[145.08493,-37.91142]]]},"properties":{"state":"VIC","src":"VIC-OpenStats","suburb":"Bentleigh East","crime_index":46.1,"violent_pct":23.81,"dwelling_pct":58.99,"motor_pct":55.35,"rate_per100k":46.1,"year":"FY 2022-23 & 2023-24 (avg)","crime_band":3}},{"type":"Feature","geometry":{"type":"Polygon","coordinates":[[[145.35419,-38.07681],[145.33535,-38.0745],[145.33616,-38.07032],[145.33286,-38.0701],[145.33076,-38.06918],[145.33054,-38.06812],[145.32788,-38.06779],[145.32987,-38.05881],[145.32264,-38.058],[145.32108,-38.05654],[145.32064,-38.05268],[145.31812,-38.0489],[145.3193,-38.04593],[145.32215,-38.04305],[145.32267,-38.03861],[145.33112,-38.03967],[145.33162,-38.03891],[145.32299,-38.02962],[145.32292,-38.02784],[145.31789,-38.02465],[145.31705,-38.02523],[145.31298,-38.02172],[145.31598,-38.01909],[145.31598,-38.01791],[145.31826,-38.01723],[145.31882,-38.01446],[145.32117,-38.01428],[145.32126,-38.01254],[145.31877,-38.01203],[145.31956,-38.00855],[145.32192,-38.00812],[145.32245,-38.00482],[145.3299,-38.00575],[145.33067,-38.00648],[145.329,-38.00749],[145.32966,-38.0082],[145.32927,-38.01011],[145.33261,-38.01052],[145.33407,-38.01227],[145.33557,-38.01051],[145.33417,-38.00973],[145.33608,-38.00827],[145.33612,-38.00718],[145.33834,-38.00744],[145.34395,-38.01122],[145.34398,-38.00813],[145.34641,-38.00842],[145.34694,-38.00749],[145.35017,-38.00871],[145.35361,-38.0058],[145.35793,-38.0068],[145.35816,-38.00581],[145.36097,-38.00626],[145.36134,-38.00459],[145.36703,-38.00528],[145.37039,-38.00669],[145.36969,-38.00981],[145.37281,-38.01023],[145.37284,-38.01086],[145.3749,-38.01114],[145.37473,-38.01195],[145.38546,-38.01326],[145.38131,-38.01643],[145.37942,-38.01628],[145.37872,-38.01759],[145.37988,-38.01917],[145.37883,-38.02027],[145.37876,-38.02208],[145.37749,-38.02264],[145.37726,-38.02625],[145.37574,-38.02853],[145.37454,-38.02866],[145.37184,-38.03309],[145.36593,-38.03882],[145.36706,-38.04095],[145.36649,-38.04274],[145.36479,-38.04444],[145.36641,-38.0458],[145.3664,-38.04846],[145.36432,-38.04956],[145.36471,-38.05035],[145.36055,-38.04887],[145.3592,-38.05238],[145.36855,-38.06031],[145.37235,-38.06072],[145.37525,-38.05952],[145.37518,-38.06067],[145.37625,-38.06103],[145.37518,-38.06126],[145.37657,-38.06355],[145.37623,-38.06484],[145.38084,-38.06692],[145.37994,-38.0687],[145.38185,-38.06982],[145.3778,-38.07087],[145.37837,-38.07242],[145.37737,-38.07372],[145.3779,-38.07414],[145.3765,-38.07516],[145.37734,-38.07567],[145.37598,-38.07864],[145.37646,-38.07958],[145.35419,-38.07681]]]},"properties":{"state":"VIC","src":"VIC-OpenStats","suburb":"Berwick","crime_index":58.8,"violent_pct":60.05,"dwelling_pct":59.92,"motor_pct":56.42,"rate_per100k":58.8,"year":"FY 2022-23 & 2023-24 (avg)","crime_band":4}},{"type":"Feature","geometry":{"type":"Polygon","coordinates":[[[144.98168,-37.44018],[145.05524,-37.44821],[145.042,-37.52083],[144.94994,-37.51125],[144.89004,-37.50391],[144.88881,-37.50478],[144.88661,-37.50473],[144.8852,-37.50303],[144.88339,-37.50343],[144.88082,-37.50223],[144.88111,-37.50043],[144.88334,-37.50145],[144.88314,-37.49884],[144.88534,-37.49886],[144.8876,-37.49703],[144.88669,-37.49461],[144.88717,-37.4934],[144.89505,-37.49361],[144.89461,-37.49113],[144.89236,-37.4913],[144.89135,-37.49044],[144.896,-37.4887],[144.89144,-37.48638],[144.89411,-37.48027],[144.89347,-37.47779],[144.89717,-37.47911],[144.8987,-37.47862],[144.89695,-37.47659],[144.89867,-37.47581],[144.89685,-37.47499],[144.8972,-37.47424],[144.9003,-37.47509],[144.89989,-37.46967],[144.9032,-37.46769],[144.90506,-37.46853],[144.90565,-37.46469],[144.90211,-37.46427],[144.89877,-37.46558],[144.8963,-37.46407],[144.89648,-37.46255],[144.89177,-37.46088],[144.89795,-37.45895],[144.89674,-37.45788],[144.89807,-37.45522],[144.89709,-37.45371],[144.8978,-37.45077],[144.8958,-37.45086],[144.89432,-37.44996],[144.89869,-37.44691],[144.89557,-37.44527],[144.89898,-37.44468],[144.89999,-37.44251],[144.89999,-37.44048],[144.8976,-37.44067],[144.89726,-37.43888],[144.89966,-37.43825],[144.90144,-37.43621],[144.90004,-37.43385],[144.90155,-37.43317],[144.89818,-37.43116],[144.89899,-37.43036],[144.89991,-37.43135],[144.90147,-37.43085],[144.98168,-37.44018]]]},"properties":{"state":"VIC","src":"VIC-OpenStats","suburb":"Beveridge","crime_index":60.7,"violent_pct":66.32,"dwelling_pct":67.79,"motor_pct":47.9,"rate_per100k":60.7,"year":"FY 2022-23 & 2023-24 (avg)","crime_band":4}},{"type":"Feature","geometry":{"type":"MultiPolygon","coordinates":[[[[145.18904,-38.35349],[145.16587,-38.3535],[145.16911,-38.3606],[145.15524,-38.36006],[145.14568,-38.36107],[145.1457,-38.36039],[145.15539,-38.35354],[145.1457,-38.35353],[145.1456,-38.32],[145.16447,-38.32024],[145.16569,-38.31898],[145.17047,-38.31831],[145.17356,-38.31661],[145.18263,-38.31573],[145.18553,-38.31605],[145.18536,-38.31715],[145.18642,-38.31804],[145.19024,-38.31798],[145.19072,-38.31855],[145.18968,-38.31864],[145.18971,-38.31948],[145.19073,-38.31908],[145.19075,-38.32038],[145.1929,-38.32238],[145.19285,-38.32449],[145.19411,-38.32533],[145.19442,-38.32783],[145.1979,-38.32921],[145.19705,-38.33131],[145.19759,-38.33294],[145.20145,-38.33609],[145.20473,-38.33724],[145.20394,-38.33866],[145.18763,-38.33878],[145.19091,-38.34596],[145.1812,-38.3462],[145.18904,-38.35349]]],[[[145.21286,-38.32891],[145.21035,-38.33091],[145.2097,-38.33245],[145.20851,-38.33293],[145.2081,-38.33114],[145.2087,-38.33006],[145.20798,-38.32823],[145.20937,-38.3268],[145.21144,-38.32676],[145.21286,-38.32891]]]]},"properties":{"state":"VIC","src":"VIC-OpenStats","suburb":"Bittern","crime_index":30.7,"violent_pct":6.16,"dwelling_pct":31.89,"motor_pct":53.95,"rate_per100k":30.7,"year":"FY 2022-23 & 2023-24 (avg)","crime_band":3}},{"type":"Feature","geometry":{"type":"Polygon","coordinates":[[[145.01899,-37.96191],[145.02019,-37.96144],[145.02213,-37.96184],[145.022,-37.96247],[145.02806,-37.96317],[145.02707,-37.96802],[145.03625,-37.96908],[145.03473,-37.97761],[145.03265,-37.97554],[145.03152,-37.97541],[145.03176,-37.9744],[145.02589,-37.97384],[145.02375,-37.98572],[145.02154,-37.98311],[145.01795,-37.98179],[145.01716,-37.97917],[145.01414,-37.97461],[145.00933,-37.96944],[145.0109,-37.96895],[145.01143,-37.96751],[145.01042,-37.9643],[145.01136,-37.96345],[145.01033,-37.96136],[145.01777,-37.96238],[145.01899,-37.96191]]]},"properties":{"state":"VIC","src":"VIC-OpenStats","suburb":"Black Rock (Vic.)","crime_index":52.3,"violent_pct":30.04,"dwelling_pct":68.05,"motor_pct":58.89,"rate_per100k":52.3,"year":"FY 2022-23 & 2023-24 (avg)","crime_band":4}},{"type":"Feature","geometry":{"type":"Polygon","coordinates":[[[145.15508,-37.81073],[145.16674,-37.81202],[145.16629,-37.81819],[145.16464,-37.81813],[145.16393,-37.82174],[145.16585,-37.82193],[145.1654,-37.8242],[145.16682,-37.82473],[145.16627,-37.82773],[145.16777,-37.82791],[145.16722,-37.83066],[145.16604,-37.83051],[145.16536,-37.83394],[145.1363,-37.83039],[145.14056,-37.80913],[145.15508,-37.81073]]]},"properties":{"state":"VIC","src":"VIC-OpenStats","suburb":"Blackburn","crime_index":65.1,"violent_pct":40.72,"dwelling_pct":77.64,"motor_pct":77.01,"rate_per100k":65.1,"year":"FY 2022-23 & 2023-24 (avg)","crime_band":4}},{"type":"Feature","geometry":{"type":"Polygon","coordinates":[[[145.15967,-37.8012],[145.1608,-37.80192],[145.16958,-37.80295],[145.16897,-37.80612],[145.16807,-37.80602],[145.16746,-37.80969],[145.16646,-37.80958],[145.16646,-37.81199],[145.14056,-37.80913],[145.14223,-37.79716],[145.14493,-37.79755],[145.14672,-37.79988],[145.14856,-37.80003],[145.15066,-37.79874],[145.15455,-37.80061],[145.15827,-37.80044],[145.15967,-37.8012]]]},"properties":{"state":"VIC","src":"VIC-OpenStats","suburb":"Blackburn North","crime_index":54.0,"violent_pct":26.13,"dwelling_pct":66.07,"motor_pct":69.7,"rate_per100k":54.0,"year":"FY 2022-23 & 2023-24 (avg)","crime_band":4}},{"type":"Feature","geometry":{"type":"Polygon","coordinates":[[[145.14242,-37.83113],[145.16008,-37.83328],[145.15881,-37.84276],[145.15904,-37.84361],[145.16,-37.84366],[145.15985,-37.84448],[145.15723,-37.84425],[145.15689,-37.84576],[145.1544,-37.8454],[145.15288,-37.8481],[145.13494,-37.84601],[145.13464,-37.84769],[145.13318,-37.84752],[145.1363,-37.83039],[145.14242,-37.83113]]]},"properties":{"state":"VIC","src":"VIC-OpenStats","suburb":"Blackburn South","crime_index":51.4,"violent_pct":16.49,"dwelling_pct":62.16,"motor_pct":75.51,"rate_per100k":51.4,"year":"FY 2022-23 & 2023-24 (avg)","crime_band":4}},{"type":"Feature","geometry":{"type":"Polygon","coordinates":[[[144.31247,-37.51319],[144.30531,-37.5118],[144.30439,-37.51476],[144.29962,-37.51391],[144.29892,-37.5213],[144.29434,-37.52413],[144.29374,-37.52592],[144.29436,-37.52972],[144.29273,-37.53026],[144.30175,-37.5319],[144.30176,-37.53366],[144.29966,-37.53607],[144.30048,-37.53848],[144.29984,-37.54105],[144.30294,-37.54681],[144.30083,-37.54818],[144.29569,-37.5477],[144.29618,-37.54429],[144.28774,-37.54348],[144.28733,-37.5459],[144.28842,-37.54901],[144.28772,-37.54999],[144.28713,-37.54979],[144.28784,-37.54797],[144.28598,-37.54576],[144.28315,-37.54596],[144.2766,-37.54147],[144.27055,-37.54269],[144.27113,-37.54418],[144.26685,-37.54268],[144.26349,-37.54352],[144.26256,-37.54235],[144.26154,-37.54262],[144.26079,-37.54117],[144.25744,-37.54067],[144.25687,-37.53958],[144.25562,-37.54011],[144.256,-37.53928],[144.25505,-37.53903],[144.25526,-37.538],[144.25375,-37.53754],[144.25304,-37.53633],[144.25395,-37.53591],[144.25307,-37.53422],[144.25367,-37.53246],[144.25589,-37.53315],[144.25644,-37.5322],[144.25825,-37.53211],[144.25832,-37.53018],[144.26006,-37.52982],[144.26028,-37.52824],[144.26321,-37.52873],[144.26453,-37.52408],[144.26253,-37.52363],[144.26107,-37.52203],[144.26245,-37.52137],[144.26163,-37.5206],[144.26154,-37.51792],[144.25879,-37.51647],[144.25943,-37.51561],[144.2585,-37.51495],[144.25527,-37.50776],[144.25544,-37.50419],[144.25372,-37.50375],[144.25272,-37.50241],[144.26584,-37.43339],[144.26871,-37.42758],[144.27329,-37.42909],[144.27304,-37.43017],[144.2818,-37.43302],[144.2797,-37.4353],[144.28036,-37.43884],[144.28693,-37.44179],[144.28934,-37.44499],[144.28742,-37.44491],[144.2866,-37.44956],[144.28817,-37.45221],[144.28643,-37.4616],[144.31336,-37.46464],[144.31723,-37.4638],[144.32306,-37.46598],[144.32509,-37.46523],[144.32923,-37.46574],[144.32994,-37.46384],[144.33152,-37.46367],[144.33341,-37.46194],[144.33418,-37.46629],[144.33657,-37.46826],[144.34135,-37.46874],[144.34577,-37.46621],[144.35207,-37.46909],[144.35366,-37.47582],[144.3527,-37.47847],[144.3538,-37.47929],[144.35936,-37.47979],[144.36209,-37.48112],[144.37106,-37.47991],[144.3705,-37.48267],[144.37221,-37.48681],[144.37748,-37.48922],[144.37037,-37.52883],[144.36871,-37.52805],[144.36938,-37.52662],[144.36718,-37.5254],[144.36879,-37.52316],[144.36643,-37.52115],[144.36791,-37.51998],[144.368,-37.51833],[144.36652,-37.5176],[144.36462,-37.51921],[144.36388,-37.51759],[144.36453,-37.51544],[144.36388,-37.51438],[144.36519,-37.5133],[144.36429,-37.51064],[144.36674,-37.51109],[144.36642,-37.50917],[144.36898,-37.50866],[144.36706,-37.50701],[144.36658,-37.50509],[144.36863,-37.50322],[144.36699,-37.50345],[144.36642,-37.50229],[144.36483,-37.50299],[144.36297,-37.50256],[144.36177,-37.50166],[144.36301,-37.49927],[144.35992,-37.49942],[144.35895,-37.50092],[144.35772,-37.50122],[144.35728,-37.49932],[144.35824,-37.49737],[144.35727,-37.49684],[144.3611,-37.49679],[144.36083,-37.49586],[144.35851,-37.495],[144.36137,-37.49433],[144.3616,-37.49303],[144.36057,-37.49248],[144.35874,-37.49358],[144.35797,-37.49337],[144.35731,-37.49139],[144.3543,-37.49191],[144.35066,-37.48788],[144.35203,-37.48639],[144.35064,-37.4858],[144.34832,-37.48751],[144.34879,-37.49087],[144.348,-37.49162],[144.34728,-37.49137],[144.34748,-37.49019],[144.34543,-37.48956],[144.3455,-37.48811],[144.34417,-37.4877],[144.34214,-37.48877],[144.34256,-37.48687],[144.34192,-37.48622],[144.33954,-37.48772],[144.33855,-37.48674],[144.31744,-37.48777],[144.32157,-37.49168],[144.32543,-37.49233],[144.33197,-37.50139],[144.32505,-37.50245],[144.32265,-37.50361],[144.32348,-37.50392],[144.32397,-37.50564],[144.32522,-37.50615],[144.32469,-37.50953],[144.32814,-37.51346],[144.32933,-37.5218],[144.32987,-37.52179],[144.32857,-37.52628],[144.32839,-37.53052],[144.32702,-37.52918],[144.32466,-37.52864],[144.32423,-37.52634],[144.32297,-37.52556],[144.32235,-37.5237],[144.32279,-37.52116],[144.32139,-37.5195],[144.3128,-37.51717],[144.3136,-37.51474],[144.3119,-37.51445],[144.31247,-37.51319]]]},"properties":{"state":"VIC","src":"VIC-OpenStats","suburb":"Blackwood (Vic.)","crime_index":11.3,"violent_pct":7.79,"dwelling_pct":7.82,"motor_pct":18.18,"rate_per100k":11.3,"year":"FY 2022-23 & 2023-24 (avg)","crime_band":1}},{"type":"Feature","geometry":{"type":"Polygon","coordinates":[[[144.77396,-38.35913],[144.78866,-38.36274],[144.78565,-38.3793],[144.78303,-38.38819],[144.78147,-38.38763],[144.78089,-38.38607],[144.77391,-38.38118],[144.77424,-38.38064],[144.77193,-38.37971],[144.77149,-38.37831],[144.76742,-38.37656],[144.76796,-38.37605],[144.76707,-38.37399],[144.76411,-38.37455],[144.76333,-38.37273],[144.76011,-38.37058],[144.75574,-38.36795],[144.75332,-38.36768],[144.75299,-38.36475],[144.75086,-38.36299],[144.76317,-38.35348],[144.76674,-38.35637],[144.77396,-38.35913]]]},"properties":{"state":"VIC","src":"VIC-OpenStats","suburb":"Blairgowrie","crime_index":34.4,"violent_pct":23.57,"dwelling_pct":56.07,"motor_pct":23.67,"rate_per100k":34.4,"year":"FY 2022-23 & 2023-24 (avg)","crime_band":3}},{"type":"Feature","geometry":{"type":"Polygon","coordinates":[[[145.3433,-38.21476],[145.34214,-38.21585],[145.34384,-38.21644],[145.34028,-38.21854],[145.33947,-38.22159],[145.33959,-38.22307],[145.3416,-38.22568],[145.34298,-38.22627],[145.34134,-38.22955],[145.33846,-38.23119],[145.33697,-38.23308],[145.3352,-38.23228],[145.33469,-38.23386],[145.33348,-38.23442],[145.33377,-38.23533],[145.33259,-38.23613],[145.33099,-38.23617],[145.3306,-38.23526],[145.3291,-38.2361],[145.32672,-38.23507],[145.3288,-38.22343],[145.32614,-38.21725],[145.32994,-38.2151],[145.32552,-38.21456],[145.32666,-38.21225],[145.32766,-38.21091],[145.33261,-38.20905],[145.3381,-38.20537],[145.33777,-38.20325],[145.3397,-38.20405],[145.34091,-38.20364],[145.33974,-38.20196],[145.34076,-38.2011],[145.33974,-38.19856],[145.34042,-38.19849],[145.34095,-38.19582],[145.34506,-38.19566],[145.35098,-38.19285],[145.35218,-38.19422],[145.35281,-38.19937],[145.35621,-38.20289],[145.3566,-38.20429],[145.35469,-38.2076],[145.35338,-38.21471],[145.34708,-38.21356],[145.3433,-38.21476]]]},"properties":{"state":"VIC","src":"VIC-OpenStats","suburb":"Blind Bight","crime_index":29.7,"violent_pct":5.58,"dwelling_pct":33.16,"motor_pct":50.38,"rate_per100k":29.7,"year":"FY 2022-23 & 2023-24 (avg)","crime_band":2}},{"type":"Feature","geometry":{"type":"Polygon","coordinates":[[[145.12673,-38.07077],[145.11959,-38.07321],[145.11605,-38.06014],[145.11905,-38.0595],[145.11873,-38.05851],[145.12691,-38.05576],[145.12902,-38.05469],[145.12815,-38.05438],[145.13322,-38.05266],[145.13972,-38.06471],[145.13493,-38.06868],[145.12673,-38.07077]]]},"properties":{"state":"VIC","src":"VIC-OpenStats","suburb":"Bonbeach","crime_index":60.8,"violent_pct":36.77,"dwelling_pct":72.33,"motor_pct":73.19,"rate_per100k":60.8,"year":"FY 2022-23 & 2023-24 (avg)","crime_band":4}},{"type":"Feature","geometry":{"type":"Polygon","coordinates":[[[144.69489,-37.70176],[144.69247,-37.71658],[144.71051,-37.71873],[144.70734,-37.73478],[144.70454,-37.73455],[144.70134,-37.73206],[144.69617,-37.73212],[144.69536,-37.73085],[144.69619,-37.72965],[144.69429,-37.72748],[144.69454,-37.72472],[144.69329,-37.72376],[144.6874,-37.72681],[144.68633,-37.72956],[144.6845,-37.72962],[144.68359,-37.72698],[144.68583,-37.72203],[144.6839,-37.71963],[144.6819,-37.71883],[144.67914,-37.71612],[144.67946,-37.71274],[144.67781,-37.71128],[144.67548,-37.7108],[144.6737,-37.7083],[144.67214,-37.70857],[144.67017,-37.7077],[144.66543,-37.7044],[144.66404,-37.70177],[144.66274,-37.70238],[144.66136,-37.70157],[144.66037,-37.70242],[144.66033,-37.70151],[144.65675,-37.70022],[144.65695,-37.69949],[144.65524,-37.70008],[144.65511,-37.6993],[144.65327,-37.69867],[144.65036,-37.70002],[144.64858,-37.69996],[144.64453,-37.70217],[144.64197,-37.70152],[144.64103,-37.70044],[144.64144,-37.69894],[144.63722,-37.69743],[144.63623,-37.6956],[144.63866,-37.69395],[144.63958,-37.69214],[144.63885,-37.69032],[144.64054,-37.68997],[144.64086,-37.68721],[144.63975,-37.68724],[144.63756,-37.68359],[144.63491,-37.68333],[144.63852,-37.68041],[144.64092,-37.68001],[144.6612,-37.68309],[144.67912,-37.68484],[144.68477,-37.65642],[144.70273,-37.65834],[144.69489,-37.70176]]]},"properties":{"state":"VIC","src":"VIC-OpenStats","suburb":"Bonnie Brook","crime_index":94.0,"violent_pct":89.6,"dwelling_pct":99.25,"motor_pct":93.17,"rate_per100k":94.0,"year":"FY 2022-23 & 2023-24 (avg)","crime_band":6}},{"type":"Feature","geometry":{"type":"Polygon","coordinates":[[[145.30394,-37.86088],[145.30671,-37.86063],[145.30744,-37.86136],[145.30609,-37.86309],[145.30394,-37.86284],[145.30215,-37.8642],[145.30332,-37.86643],[145.30529,-37.86771],[145.30617,-37.86911],[145.30576,-37.86972],[145.30433,-37.86986],[145.30143,-37.86768],[145.29855,-37.86703],[145.29855,-37.86992],[145.29317,-37.86808],[145.29257,-37.86946],[145.28933,-37.87148],[145.2909,-37.87337],[145.28998,-37.87419],[145.28538,-37.87416],[145.28228,-37.87303],[145.27982,-37.86937],[145.27332,-37.86757],[145.26987,-37.86854],[145.26636,-37.86727],[145.26263,-37.86803],[145.26166,-37.86912],[145.25766,-37.86852],[145.25554,-37.86944],[145.25038,-37.8683],[145.25434,-37.86826],[145.25547,-37.8691],[145.25695,-37.86624],[145.2522,-37.86477],[145.25295,-37.86325],[145.25154,-37.86046],[145.25239,-37.85882],[145.25415,-37.85889],[145.25455,-37.85811],[145.25349,-37.85776],[145.25428,-37.85626],[145.25632,-37.85692],[145.25688,-37.85643],[145.26236,-37.85818],[145.26204,-37.85879],[145.26265,-37.85899],[145.26341,-37.85846],[145.26662,-37.85957],[145.26802,-37.85573],[145.26745,-37.85566],[145.26765,-37.85346],[145.26921,-37.8525],[145.27251,-37.85334],[145.27342,-37.8526],[145.27984,-37.8542],[145.28036,-37.85392],[145.27767,-37.85114],[145.27833,-37.85074],[145.28617,-37.85183],[145.28728,-37.83331],[145.29353,-37.83405],[145.30886,-37.84174],[145.30867,-37.84266],[145.31798,-37.84391],[145.31634,-37.84574],[145.30702,-37.84997],[145.30236,-37.85066],[145.2992,-37.85214],[145.29896,-37.85296],[145.30522,-37.85913],[145.30334,-37.86027],[145.30394,-37.86088]]]},"properties":{"state":"VIC","src":"VIC-OpenStats","suburb":"Boronia","crime_index":58.0,"violent_pct":68.79,"dwelling_pct":57.28,"motor_pct":47.81,"rate_per100k":58.0,"year":"FY 2022-23 & 2023-24 (avg)","crime_band":4}},{"type":"Feature","geometry":{"type":"Polygon","coordinates":[[[145.29203,-38.14937],[145.29126,-38.15339],[145.2455,-38.14783],[145.24987,-38.12476],[145.24923,-38.12404],[145.26826,-38.12648],[145.25773,-38.13281],[145.26565,-38.14094],[145.26543,-38.1421],[145.27088,-38.14273],[145.27066,-38.14386],[145.27896,-38.14483],[145.27939,-38.14253],[145.2836,-38.14302],[145.2841,-38.14027],[145.29353,-38.14138],[145.29203,-38.14937]]]},"properties":{"state":"VIC","src":"VIC-OpenStats","suburb":"Botanic Ridge","crime_index":31.5,"violent_pct":18.6,"dwelling_pct":44.5,"motor_pct":31.26,"rate_per100k":31.5,"year":"FY 2022-23 & 2023-24 (avg)","crime_band":3}},{"type":"Feature","geometry":{"type":"Polygon","coordinates":[[[145.11697,-37.81276],[145.13946,-37.81541],[145.1363,-37.83039],[145.11291,-37.82771],[145.11581,-37.81261],[145.11697,-37.81276]]]},"properties":{"state":"VIC","src":"VIC-OpenStats","suburb":"Box Hill (Vic.)","crime_index":16.3,"violent_pct":15.35,"dwelling_pct":19.94,"motor_pct":13.65,"rate_per100k":16.3,"year":"FY 2022-23 & 2023-24 (avg)","crime_band":1}},{"type":"Feature","geometry":{"type":"Polygon","coordinates":[[[145.13408,-37.8148],[145.11581,-37.81261],[145.11877,-37.79639],[145.12412,-37.79875],[145.13178,-37.79538],[145.13711,-37.79676],[145.13685,-37.79749],[145.13787,-37.79813],[145.14223,-37.79708],[145.13946,-37.81541],[145.13408,-37.8148]]]},"properties":{"state":"VIC","src":"VIC-OpenStats","suburb":"Box Hill North","crime_index":52.3,"violent_pct":25.09,"dwelling_pct":76.93,"motor_pct":54.83,"rate_per100k":52.3,"year":"FY 2022-23 & 2023-24 (avg)","crime_band":4}},{"type":"Feature","geometry":{"type":"Polygon","coordinates":[[[145.12183,-37.82873],[145.1363,-37.83039],[145.13349,-37.84583],[145.12104,-37.84438],[145.12162,-37.84124],[145.11994,-37.84126],[145.11679,-37.84382],[145.11017,-37.84307],[145.11289,-37.82771],[145.12183,-37.82873]]]},"properties":{"state":"VIC","src":"VIC-OpenStats","suburb":"Box Hill South","crime_index":56.9,"violent_pct":20.68,"dwelling_pct":75.33,"motor_pct":74.77,"rate_per100k":56.9,"year":"FY 2022-23 & 2023-24 (avg)","crime_band":4}},{"type":"Feature","geometry":{"type":"Polygon","coordinates":[[[144.84797,-37.77454],[144.84822,-37.7731],[144.85075,-37.77342],[144.85136,-37.77022],[144.85266,-37.77322],[144.85838,-37.77596],[144.86091,-37.77608],[144.86396,-37.77422],[144.86398,-37.77768],[144.86595,-37.77792],[144.86205,-37.79953],[144.84252,-37.7973],[144.84181,-37.79666],[144.8448,-37.79354],[144.84797,-37.77454]]]},"properties":{"state":"VIC","src":"VIC-OpenStats","suburb":"Braybrook","crime_index":88.9,"violent_pct":88.65,"dwelling_pct":82.44,"motor_pct":95.64,"rate_per100k":88.9,"year":"FY 2022-23 & 2023-24 (avg)","crime_band":6}},{"type":"Feature","geometry":{"type":"Polygon","coordinates":[[[144.38132,-38.1785],[144.38235,-38.18027],[144.37999,-38.19303],[144.37644,-38.19262],[144.3722,-38.19365],[144.36855,-38.19293],[144.3667,-38.19167],[144.36434,-38.18646],[144.3649,-38.18184],[144.37111,-38.17115],[144.37137,-38.1691],[144.37028,-38.16642],[144.37307,-38.16822],[144.37611,-38.16898],[144.38132,-38.1785]]]},"properties":{"state":"VIC","src":"VIC-OpenStats","suburb":"Breakwater","crime_index":86.8,"violent_pct":96.37,"dwelling_pct":67.01,"motor_pct":97,"rate_per100k":86.8,"year":"FY 2022-23 & 2023-24 (avg)","crime_band":6}},{"type":"Feature","geometry":{"type":"Polygon","coordinates":[[[145.12128,-37.70955],[145.11956,-37.70972],[145.11991,-37.71022],[145.11896,-37.71096],[145.11532,-37.71225],[145.11076,-37.7072],[145.11257,-37.70554],[145.11662,-37.70609],[145.11476,-37.69988],[145.12206,-37.70106],[145.12193,-37.70177],[145.12515,-37.70277],[145.13036,-37.70591],[145.13257,-37.70968],[145.13006,-37.70905],[145.12893,-37.71063],[145.12504,-37.70955],[145.12128,-37.70955]]]},"properties":{"state":"VIC","src":"VIC-OpenStats","suburb":"Briar Hill","crime_index":16.5,"violent_pct":8.42,"dwelling_pct":12.41,"motor_pct":28.74,"rate_per100k":16.5,"year":"FY 2022-23 & 2023-24 (avg)","crime_band":1}},{"type":"Feature","geometry":{"type":"Polygon","coordinates":[[[144.99648,-37.9284],[144.99407,-37.92811],[144.99286,-37.9324],[144.98866,-37.92793],[144.98553,-37.92622],[144.98584,-37.92401],[144.98671,-37.92344],[144.98615,-37.92229],[144.98723,-37.92142],[144.98741,-37.91997],[144.98612,-37.91753],[144.98615,-37.91523],[144.9848,-37.91335],[144.9854,-37.91288],[144.98478,-37.91175],[144.98565,-37.90842],[144.98371,-37.90599],[144.98405,-37.90334],[144.9834,-37.90112],[144.98588,-37.89637],[144.98593,-37.89324],[144.98486,-37.89138],[144.99068,-37.89172],[144.99227,-37.88326],[144.99702,-37.8838],[145.00104,-37.88858],[145.00596,-37.89816],[145.00868,-37.90656],[145.00703,-37.91816],[145.00593,-37.92302],[145.00521,-37.92325],[145.00586,-37.92333],[145.00468,-37.92938],[144.99922,-37.9296],[144.99648,-37.9284]]]},"properties":{"state":"VIC","src":"VIC-OpenStats","suburb":"Brighton (Vic.)","crime_index":31.2,"violent_pct":22.02,"dwelling_pct":31.36,"motor_pct":40.21,"rate_per100k":31.2,"year":"FY 2022-23 & 2023-24 (avg)","crime_band":3}},{"type":"Feature","geometry":{"type":"Polygon","coordinates":[[[145.02408,-37.91161],[145.02324,-37.91658],[145.02436,-37.91736],[145.02411,-37.91868],[145.02606,-37.91885],[145.02551,-37.92072],[145.02246,-37.9206],[145.03438,-37.93299],[145.02496,-37.93182],[145.02478,-37.9328],[145.00792,-37.92977],[145.00855,-37.93188],[145.00638,-37.93162],[145.00621,-37.92956],[145.00468,-37.92938],[145.00586,-37.92333],[145.00521,-37.92325],[145.00593,-37.92302],[145.00703,-37.91816],[145.00868,-37.90656],[145.00633,-37.89981],[145.02599,-37.90215],[145.02408,-37.91161]]]},"properties":{"state":"VIC","src":"VIC-OpenStats","suburb":"Brighton East","crime_index":51.6,"violent_pct":21.75,"dwelling_pct":69.03,"motor_pct":64.07,"rate_per100k":51.6,"year":"FY 2022-23 & 2023-24 (avg)","crime_band":4}},{"type":"Feature","geometry":{"type":"Polygon","coordinates":[[[144.9253,-37.6943],[144.91616,-37.69453],[144.91645,-37.69123],[144.91552,-37.69112],[144.91738,-37.6849],[144.91378,-37.68393],[144.91109,-37.68198],[144.90307,-37.68099],[144.90398,-37.67613],[144.90727,-37.67653],[144.90957,-37.67568],[144.91012,-37.67685],[144.914,-37.67539],[144.91809,-37.66998],[144.91781,-37.6681],[144.92049,-37.66643],[144.92072,-37.66537],[144.92198,-37.66525],[144.92452,-37.66873],[144.92325,-37.6752],[144.93755,-37.67696],[144.93644,-37.68084],[144.93812,-37.68104],[144.93858,-37.67854],[144.94013,-37.67712],[144.93947,-37.67292],[144.95,-37.67424],[144.95202,-37.67909],[144.95523,-37.68385],[144.95629,-37.6894],[144.95813,-37.68953],[144.95854,-37.69217],[144.9253,-37.6943]]]},"properties":{"state":"VIC","src":"VIC-OpenStats","suburb":"Broadmeadows (Vic.)","crime_index":95.7,"violent_pct":96.63,"dwelling_pct":96.7,"motor_pct":93.67,"rate_per100k":95.7,"year":"FY 2022-23 & 2023-24 (avg)","crime_band":6}},{"type":"Feature","geometry":{"type":"Polygon","coordinates":[[[144.55253,-37.71347],[144.54821,-37.71572],[144.53979,-37.7169],[144.53665,-37.71385],[144.53605,-37.7124],[144.53689,-37.71142],[144.53623,-37.70996],[144.53344,-37.70756],[144.52397,-37.7099],[144.51635,-37.7088],[144.51515,-37.70786],[144.51906,-37.70672],[144.51953,-37.70543],[144.5173,-37.69942],[144.51455,-37.69767],[144.51643,-37.69512],[144.51651,-37.69346],[144.51792,-37.69234],[144.51696,-37.68899],[144.51465,-37.6858],[144.51871,-37.68769],[144.53194,-37.68659],[144.56705,-37.6902],[144.56442,-37.70457],[144.55253,-37.71347]]]},"properties":{"state":"VIC","src":"VIC-OpenStats","suburb":"Brookfield (Vic.)","crime_index":21.7,"violent_pct":10.07,"dwelling_pct":27.48,"motor_pct":27.56,"rate_per100k":21.7,"year":"FY 2022-23 & 2023-24 (avg)","crime_band":2}},{"type":"Feature","geometry":{"type":"Polygon","coordinates":[[[144.84188,-37.82524],[144.82211,-37.82572],[144.82427,-37.82382],[144.82742,-37.82282],[144.82515,-37.81828],[144.82882,-37.8155],[144.82811,-37.81343],[144.82853,-37.81163],[144.83077,-37.81038],[144.83477,-37.80597],[144.83297,-37.80292],[144.83858,-37.80226],[144.84371,-37.80286],[144.85588,-37.81487],[144.85984,-37.81382],[144.85779,-37.82443],[144.84188,-37.82524]]]},"properties":{"state":"VIC","src":"VIC-OpenStats","suburb":"Brooklyn (Vic.)","crime_index":76.4,"violent_pct":73.21,"dwelling_pct":57.22,"motor_pct":98.83,"rate_per100k":76.4,"year":"FY 2022-23 & 2023-24 (avg)","crime_band":5}},{"type":"Feature","geometry":{"type":"Polygon","coordinates":[[[144.97239,-37.76448],[144.97187,-37.77055],[144.97116,-37.77047],[144.97022,-37.77716],[144.96949,-37.77757],[144.9707,-37.77828],[144.97053,-37.77928],[144.94941,-37.77673],[144.9488,-37.77568],[144.94973,-37.77579],[144.95001,-37.77482],[144.94926,-37.77473],[144.95034,-37.7702],[144.94854,-37.76998],[144.95033,-37.76282],[144.95016,-37.75892],[144.9512,-37.75577],[144.95387,-37.75422],[144.97699,-37.75691],[144.97663,-37.759],[144.97397,-37.75869],[144.97335,-37.76202],[144.97242,-37.76191],[144.97239,-37.76448]]]},"properties":{"state":"VIC","src":"VIC-OpenStats","suburb":"Brunswick (Vic.)","crime_index":68.5,"violent_pct":70.72,"dwelling_pct":50.86,"motor_pct":84.05,"rate_per100k":68.5,"year":"FY 2022-23 & 2023-24 (avg)","crime_band":5}},{"type":"Feature","geometry":{"type":"Polygon","coordinates":[[[144.9843,-37.76505],[144.98558,-37.76641],[144.98448,-37.76732],[144.98427,-37.77073],[144.98687,-37.77436],[144.9792,-37.77348],[144.97812,-37.7802],[144.97053,-37.77928],[144.9707,-37.77828],[144.96973,-37.77817],[144.96957,-37.77709],[144.97022,-37.77716],[144.9709,-37.7713],[144.97199,-37.76993],[144.97147,-37.76988],[144.97242,-37.76191],[144.97335,-37.76202],[144.97397,-37.75869],[144.97663,-37.759],[144.97699,-37.75691],[144.98018,-37.75729],[144.98317,-37.76155],[144.98146,-37.76282],[144.98384,-37.76397],[144.9843,-37.76505]]]},"properties":{"state":"VIC","src":"VIC-OpenStats","suburb":"Brunswick East","crime_index":68.7,"violent_pct":40.62,"dwelling_pct":83.31,"motor_pct":82.19,"rate_per100k":68.7,"year":"FY 2022-23 & 2023-24 (avg)","crime_band":5}},{"type":"Feature","geometry":{"type":"Polygon","coordinates":[[[144.94272,-37.77592],[144.93877,-37.77543],[144.93768,-37.77717],[144.93728,-37.77402],[144.93649,-37.77378],[144.93837,-37.77134],[144.93526,-37.77073],[144.93564,-37.76973],[144.93787,-37.76861],[144.93846,-37.76109],[144.93643,-37.76013],[144.93424,-37.76054],[144.933,-37.75885],[144.93457,-37.75679],[144.93362,-37.75513],[144.93502,-37.75337],[144.93244,-37.7526],[144.93042,-37.75362],[144.92937,-37.75194],[144.92832,-37.75258],[144.92698,-37.75192],[144.92696,-37.75106],[144.95387,-37.75422],[144.9512,-37.75577],[144.95009,-37.75927],[144.95068,-37.76038],[144.94854,-37.76998],[144.95034,-37.7702],[144.94926,-37.77473],[144.95001,-37.77482],[144.94973,-37.77579],[144.9488,-37.77568],[144.94941,-37.77673],[144.94272,-37.77592]]]},"properties":{"state":"VIC","src":"VIC-OpenStats","suburb":"Brunswick West","crime_index":74.3,"violent_pct":62.01,"dwelling_pct":74.86,"motor_pct":85.92,"rate_per100k":74.3,"year":"FY 2022-23 & 2023-24 (avg)","crime_band":5}},{"type":"Feature","geometry":{"type":"Polygon","coordinates":[[[145.09362,-37.7566],[145.09335,-37.75838],[145.09553,-37.759],[145.09818,-37.76222],[145.10122,-37.76302],[145.10041,-37.76949],[145.09912,-37.77051],[145.10184,-37.772],[145.10475,-37.77241],[145.10354,-37.78007],[145.10237,-37.77995],[145.10253,-37.78254],[145.09966,-37.7826],[145.09832,-37.78075],[145.09532,-37.77942],[145.08146,-37.77917],[145.08042,-37.77741],[145.07833,-37.77685],[145.07641,-37.77736],[145.07445,-37.77971],[145.07161,-37.77969],[145.07122,-37.78074],[145.06956,-37.78124],[145.06712,-37.78092],[145.06799,-37.77725],[145.06944,-37.77493],[145.06891,-37.77397],[145.06954,-37.77212],[145.07125,-37.77107],[145.07559,-37.77383],[145.0767,-37.77339],[145.0754,-37.77067],[145.07206,-37.76921],[145.07153,-37.76714],[145.07274,-37.76653],[145.07647,-37.76735],[145.07921,-37.76226],[145.07743,-37.76094],[145.07684,-37.75855],[145.07302,-37.75949],[145.0738,-37.75757],[145.07518,-37.75694],[145.07898,-37.75824],[145.08039,-37.75799],[145.08026,-37.75722],[145.07729,-37.75566],[145.07811,-37.75406],[145.07963,-37.75386],[145.08075,-37.75459],[145.08094,-37.75604],[145.08186,-37.75623],[145.08328,-37.75484],[145.08162,-37.75401],[145.08261,-37.75136],[145.08453,-37.75178],[145.08534,-37.75285],[145.08793,-37.75282],[145.09093,-37.75427],[145.09372,-37.75307],[145.09362,-37.7566]]]},"properties":{"state":"VIC","src":"VIC-OpenStats","suburb":"Bulleen","crime_index":47.2,"violent_pct":37.15,"dwelling_pct":66.11,"motor_pct":38.43,"rate_per100k":47.2,"year":"FY 2022-23 & 2023-24 (avg)","crime_band":3}},{"type":"Feature","geometry":{"type":"Polygon","coordinates":[[[145.06958,-37.7082],[145.06542,-37.70924],[145.06565,-37.70984],[145.06454,-37.71039],[145.06512,-37.71114],[145.06302,-37.71368],[145.06098,-37.71365],[145.06002,-37.71482],[145.0568,-37.71452],[145.05937,-37.71636],[145.05899,-37.71836],[145.05629,-37.72074],[145.05633,-37.72237],[145.05785,-37.72346],[145.05545,-37.72916],[145.03861,-37.72731],[145.03624,-37.72351],[145.0349,-37.72316],[145.03467,-37.72083],[145.04219,-37.71782],[145.04513,-37.71347],[145.03055,-37.71198],[145.02757,-37.7122],[145.02572,-37.71384],[145.02534,-37.7128],[145.02686,-37.71178],[145.03119,-37.71132],[145.03402,-37.71203],[145.03542,-37.70898],[145.0337,-37.70631],[145.03517,-37.70546],[145.03497,-37.7036],[145.03609,-37.70328],[145.03476,-37.7021],[145.0378,-37.69881],[145.04072,-37.69891],[145.04081,-37.69826],[145.03247,-37.69733],[145.04112,-37.69515],[145.04412,-37.69],[145.04876,-37.68867],[145.05223,-37.68889],[145.05218,-37.68821],[145.0507,-37.68771],[145.05174,-37.68709],[145.05186,-37.68528],[145.05014,-37.68434],[145.04624,-37.68492],[145.04534,-37.68618],[145.04384,-37.68533],[145.04293,-37.68708],[145.04173,-37.68504],[145.04017,-37.68423],[145.04162,-37.68256],[145.04224,-37.67645],[145.06966,-37.67883],[145.06976,-37.67824],[145.08474,-37.67914],[145.08437,-37.68028],[145.08601,-37.68126],[145.09156,-37.67939],[145.09169,-37.6801],[145.09021,-37.68141],[145.09512,-37.68079],[145.09854,-37.68224],[145.10161,-37.68179],[145.10365,-37.68304],[145.10202,-37.68394],[145.10252,-37.68501],[145.10191,-37.68722],[145.09965,-37.68945],[145.06824,-37.68605],[145.0677,-37.68685],[145.07772,-37.6878],[145.07716,-37.69192],[145.07786,-37.69278],[145.0808,-37.69217],[145.08102,-37.69305],[145.07913,-37.69895],[145.08002,-37.69904],[145.07946,-37.70205],[145.07646,-37.70175],[145.07569,-37.70616],[145.07673,-37.70637],[145.07637,-37.70828],[145.07507,-37.70814],[145.07495,-37.70878],[145.06958,-37.7082]]]},"properties":{"state":"VIC","src":"VIC-OpenStats","suburb":"Bundoora (Vic.)","crime_index":65.5,"violent_pct":62.23,"dwelling_pct":57.82,"motor_pct":76.58,"rate_per100k":65.5,"year":"FY 2022-23 & 2023-24 (avg)","crime_band":4}},{"type":"Feature","geometry":{"type":"Polygon","coordinates":[[[144.74775,-37.74169],[144.75187,-37.74194],[144.75477,-37.73861],[144.75659,-37.7387],[144.76121,-37.73695],[144.76284,-37.73854],[144.76289,-37.73982],[144.76082,-37.74163],[144.76043,-37.74387],[144.75937,-37.74484],[144.75914,-37.74769],[144.75724,-37.7482],[144.75731,-37.75203],[144.75643,-37.75427],[144.75827,-37.75541],[144.75721,-37.76344],[144.74838,-37.75943],[144.74951,-37.75203],[144.74201,-37.7514],[144.743,-37.74639],[144.74618,-37.74667],[144.74716,-37.74159],[144.74775,-37.74169]]]},"properties":{"state":"VIC","src":"VIC-OpenStats","suburb":"Burnside (Vic.)","crime_index":12.7,"violent_pct":6.03,"dwelling_pct":29.52,"motor_pct":2.44,"rate_per100k":12.7,"year":"FY 2022-23 & 2023-24 (avg)","crime_band":1}},{"type":"Feature","geometry":{"type":"Polygon","coordinates":[[[144.75462,-37.73871],[144.75187,-37.74194],[144.74775,-37.74169],[144.75061,-37.72399],[144.76405,-37.72554],[144.7624,-37.7381],[144.76134,-37.73694],[144.75462,-37.73871]]]},"properties":{"state":"VIC","src":"VIC-OpenStats","suburb":"Burnside Heights","crime_index":23.1,"violent_pct":14.52,"dwelling_pct":23.63,"motor_pct":31.07,"rate_per100k":23.1,"year":"FY 2022-23 & 2023-24 (avg)","crime_band":2}},{"type":"Feature","geometry":{"type":"Polygon","coordinates":[[[145.10731,-37.85999],[145.10772,-37.85778],[145.10384,-37.85699],[145.1022,-37.85858],[145.10156,-37.86079],[145.0992,-37.86054],[145.09903,-37.86146],[145.09375,-37.86087],[145.09821,-37.83596],[145.11112,-37.83765],[145.11017,-37.84307],[145.11679,-37.84382],[145.11994,-37.84126],[145.12162,-37.84124],[145.12104,-37.84438],[145.13349,-37.84583],[145.13144,-37.85755],[145.11399,-37.8555],[145.113,-37.86107],[145.10731,-37.85999]]]},"properties":{"state":"VIC","src":"VIC-OpenStats","suburb":"Burwood (Vic.)","crime_index":41.3,"violent_pct":27.9,"dwelling_pct":64.52,"motor_pct":31.56,"rate_per100k":41.3,"year":"FY 2022-23 & 2023-24 (avg)","crime_band":3}},{"type":"Feature","geometry":{"type":"Polygon","coordinates":[[[145.1486,-37.84759],[145.15288,-37.8481],[145.1544,-37.8454],[145.16438,-37.84679],[145.16297,-37.85413],[145.16927,-37.85483],[145.16923,-37.862],[145.13144,-37.85755],[145.13318,-37.84752],[145.13464,-37.84769],[145.13494,-37.84601],[145.1486,-37.84759]]]},"properties":{"state":"VIC","src":"VIC-OpenStats","suburb":"Burwood East","crime_index":62.8,"violent_pct":38.8,"dwelling_pct":75.81,"motor_pct":73.93,"rate_per100k":62.8,"year":"FY 2022-23 & 2023-24 (avg)","crime_band":4}},{"type":"Feature","geometry":{"type":"Polygon","coordinates":[[[144.79246,-37.748],[144.79739,-37.75655],[144.79472,-37.75822],[144.79752,-37.75852],[144.79926,-37.76053],[144.8012,-37.76081],[144.80078,-37.76339],[144.80491,-37.76502],[144.80585,-37.7673],[144.80057,-37.76696],[144.79623,-37.76854],[144.7939,-37.77045],[144.78999,-37.77072],[144.79031,-37.76783],[144.78918,-37.76785],[144.78805,-37.76933],[144.78546,-37.76918],[144.78485,-37.76805],[144.77638,-37.76758],[144.77655,-37.76634],[144.77525,-37.76647],[144.77872,-37.74662],[144.79246,-37.748]]]},"properties":{"state":"VIC","src":"VIC-OpenStats","suburb":"Cairnlea","crime_index":51.2,"violent_pct":41.49,"dwelling_pct":37.07,"motor_pct":74.93,"rate_per100k":51.2,"year":"FY 2022-23 & 2023-24 (avg)","crime_band":4}},{"type":"Feature","geometry":{"type":"Polygon","coordinates":[[[145.09636,-37.84621],[145.09554,-37.85081],[145.082,-37.84882],[145.0743,-37.84877],[145.07444,-37.84797],[145.06447,-37.84687],[145.06375,-37.84742],[145.06305,-37.84671],[145.05676,-37.846],[145.0566,-37.84694],[145.0538,-37.84661],[145.0542,-37.84029],[145.05527,-37.83895],[145.0547,-37.83861],[145.05479,-37.83563],[145.05553,-37.83524],[145.0556,-37.83381],[145.05622,-37.83388],[145.05581,-37.83175],[145.0567,-37.83133],[145.05595,-37.82981],[145.05652,-37.82988],[145.05757,-37.8252],[145.05728,-37.82231],[145.05792,-37.8213],[145.06164,-37.82176],[145.06248,-37.82043],[145.06412,-37.82099],[145.06391,-37.82204],[145.06734,-37.82202],[145.06783,-37.82473],[145.06849,-37.82455],[145.06898,-37.8256],[145.07116,-37.82548],[145.07218,-37.82783],[145.07165,-37.82984],[145.07416,-37.83013],[145.07319,-37.83207],[145.07203,-37.83193],[145.07219,-37.83314],[145.08201,-37.83393],[145.08226,-37.83257],[145.08329,-37.83269],[145.08371,-37.83429],[145.09174,-37.83464],[145.09165,-37.83521],[145.09392,-37.83547],[145.09381,-37.83609],[145.09816,-37.83626],[145.09636,-37.84621]]]},"properties":{"state":"VIC","src":"VIC-OpenStats","suburb":"Camberwell (Vic.)","crime_index":52.0,"violent_pct":25.69,"dwelling_pct":73.13,"motor_pct":57.06,"rate_per100k":52.0,"year":"FY 2022-23 & 2023-24 (avg)","crime_band":4}},{"type":"Feature","geometry":{"type":"Polygon","coordinates":[[[144.96281,-37.64532],[144.97403,-37.64653],[144.97628,-37.65007],[144.97457,-37.65234],[144.97558,-37.65447],[144.97484,-37.6555],[144.97698,-37.65822],[144.97514,-37.65918],[144.97223,-37.6593],[144.9735,-37.66081],[144.97217,-37.6631],[144.97568,-37.66534],[144.97593,-37.66769],[144.97414,-37.66887],[144.97394,-37.67127],[144.97628,-37.67173],[144.97492,-37.67386],[144.97781,-37.67656],[144.97674,-37.6769],[144.97607,-37.67593],[144.97439,-37.67601],[144.9724,-37.67696],[144.97459,-37.68011],[144.97259,-37.681],[144.97283,-37.68252],[144.97146,-37.68408],[144.97074,-37.68819],[144.97374,-37.68922],[144.97207,-37.69099],[144.9672,-37.69136],[144.96543,-37.69037],[144.95629,-37.6894],[144.95523,-37.68385],[144.95159,-37.67822],[144.94198,-37.65395],[144.93457,-37.64282],[144.93488,-37.64139],[144.96281,-37.64532]]]},"properties":{"state":"VIC","src":"VIC-OpenStats","suburb":"Campbellfield","crime_index":88.1,"violent_pct":94.8,"dwelling_pct":69.93,"motor_pct":99.7,"rate_per100k":88.1,"year":"FY 2022-23 & 2023-24 (avg)","crime_band":6}},{"type":"Feature","geometry":{"type":"Polygon","coordinates":[[[145.0586,-37.82138],[145.05974,-37.8154],[145.0649,-37.81599],[145.06486,-37.81441],[145.06529,-37.8155],[145.06691,-37.81547],[145.06718,-37.81406],[145.06831,-37.8142],[145.06803,-37.81569],[145.06918,-37.81583],[145.06947,-37.81427],[145.07052,-37.81437],[145.07009,-37.81663],[145.07548,-37.81735],[145.07615,-37.81661],[145.07715,-37.81793],[145.0821,-37.81852],[145.08516,-37.81632],[145.08464,-37.81837],[145.08717,-37.81912],[145.08623,-37.82375],[145.08665,-37.82517],[145.08765,-37.82529],[145.08559,-37.83451],[145.08371,-37.83429],[145.08329,-37.83269],[145.08226,-37.83257],[145.08201,-37.83393],[145.07219,-37.83314],[145.07203,-37.83193],[145.07319,-37.83207],[145.07416,-37.83013],[145.07165,-37.82984],[145.07218,-37.82783],[145.07116,-37.82548],[145.06898,-37.8256],[145.06849,-37.82455],[145.06783,-37.82473],[145.06734,-37.82202],[145.06391,-37.82204],[145.06412,-37.82099],[145.06248,-37.82043],[145.06164,-37.82176],[145.0586,-37.82138]]]},"properties":{"state":"VIC","src":"VIC-OpenStats","suburb":"Canterbury (Vic.)","crime_index":28.9,"violent_pct":4.93,"dwelling_pct":52.01,"motor_pct":29.68,"rate_per100k":28.9,"year":"FY 2022-23 & 2023-24 (avg)","crime_band":2}},{"type":"Feature","geometry":{"type":"MultiPolygon","coordinates":[[[[145.33785,-38.52049],[145.34072,-38.51972],[145.34735,-38.52075],[145.34346,-38.52609],[145.34356,-38.52853],[145.34098,-38.53471],[145.34179,-38.53776],[145.34834,-38.54396],[145.35373,-38.54632],[145.35435,-38.54839],[145.35593,-38.54999],[145.36264,-38.5505],[145.3635,-38.55131],[145.36436,-38.55339],[145.36313,-38.55353],[145.36215,-38.55473],[145.36241,-38.55624],[145.36116,-38.55631],[145.36183,-38.55797],[145.36013,-38.55817],[145.35847,-38.55995],[145.35854,-38.56157],[145.36106,-38.56433],[145.36071,-38.56627],[145.35898,-38.56565],[145.35456,-38.56753],[145.35287,-38.56671],[145.35157,-38.56724],[145.35104,-38.56671],[145.35192,-38.56616],[145.35039,-38.56496],[145.35087,-38.56524],[145.35124,-38.56396],[145.35048,-38.56323],[145.34485,-38.56234],[145.34408,-38.55982],[145.34283,-38.56016],[145.34321,-38.55916],[145.34196,-38.55849],[145.34584,-38.5573],[145.34657,-38.55565],[145.34563,-38.55156],[145.33811,-38.54262],[145.32185,-38.5289],[145.33405,-38.52106],[145.33785,-38.52049]]],[[[145.34744,-38.56336],[145.34736,-38.56336],[145.34737,-38.56305],[145.34755,-38.56319],[145.34744,-38.56336]]],[[[145.34407,-38.56161],[145.3439,-38.5615],[145.34394,-38.56141],[145.3443,-38.56156],[145.34407,-38.56161]]],[[[145.35087,-38.56584],[145.35092,-38.56569],[145.35113,-38.56576],[145.35101,-38.56581],[145.35087,-38.56584]]]]},"properties":{"state":"VIC","src":"VIC-OpenStats","suburb":"Cape Woolamai","crime_index":52.5,"violent_pct":55.13,"dwelling_pct":68.17,"motor_pct":34.28,"rate_per100k":52.5,"year":"FY 2022-23 & 2023-24 (avg)","crime_band":4}},{"type":"Feature","geometry":{"type":"Polygon","coordinates":[[[144.87442,-38.38131],[144.87465,-38.38195],[144.86092,-38.38156],[144.85787,-38.38055],[144.858,-38.37866],[144.86323,-38.36602],[144.88551,-38.35929],[144.88581,-38.36736],[144.88458,-38.36743],[144.88451,-38.36925],[144.88912,-38.36936],[144.88911,-38.3767],[144.87442,-38.38131]]]},"properties":{"state":"VIC","src":"VIC-OpenStats","suburb":"Capel Sound","crime_index":80.7,"violent_pct":82.57,"dwelling_pct":86.44,"motor_pct":73.16,"rate_per100k":80.7,"year":"FY 2022-23 & 2023-24 (avg)","crime_band":5}},{"type":"Feature","geometry":{"type":"Polygon","coordinates":[[[144.97135,-37.79257],[144.97572,-37.79303],[144.97319,-37.80791],[144.95951,-37.80628],[144.95847,-37.80403],[144.95949,-37.80413],[144.95847,-37.80192],[144.95884,-37.79985],[144.96398,-37.80041],[144.96498,-37.79455],[144.9641,-37.79273],[144.96607,-37.79321],[144.96833,-37.79225],[144.97135,-37.79257]]]},"properties":{"state":"VIC","src":"VIC-OpenStats","suburb":"Carlton (Vic.)","crime_index":15.0,"violent_pct":15.74,"dwelling_pct":11.96,"motor_pct":17.17,"rate_per100k":15.0,"year":"FY 2022-23 & 2023-24 (avg)","crime_band":1}},{"type":"Feature","geometry":{"type":"Polygon","coordinates":[[[144.97259,-37.7927],[144.9684,-37.79225],[144.96527,-37.79315],[144.96078,-37.79158],[144.95876,-37.78987],[144.96024,-37.77803],[144.96269,-37.7793],[144.9629,-37.78139],[144.964,-37.78242],[144.96359,-37.78499],[144.96952,-37.78561],[144.97053,-37.77928],[144.97812,-37.7802],[144.97572,-37.79303],[144.97259,-37.7927]]]},"properties":{"state":"VIC","src":"VIC-OpenStats","suburb":"Carlton North","crime_index":72.3,"violent_pct":38.97,"dwelling_pct":81.33,"motor_pct":96.58,"rate_per100k":72.3,"year":"FY 2022-23 & 2023-24 (avg)","crime_band":5}},{"type":"Feature","geometry":{"type":"Polygon","coordinates":[[[145.05933,-37.88415],[145.06747,-37.88463],[145.06668,-37.88506],[145.06624,-37.88783],[145.06537,-37.88785],[145.06669,-37.88881],[145.06601,-37.88901],[145.06485,-37.89248],[145.0646,-37.89378],[145.06573,-37.8939],[145.0637,-37.8994],[145.0637,-37.90285],[145.06102,-37.90252],[145.06036,-37.90649],[145.05393,-37.90569],[145.05469,-37.90172],[145.0447,-37.90051],[145.0461,-37.89338],[145.04479,-37.88964],[145.04964,-37.88101],[145.0525,-37.88304],[145.05933,-37.88415]]]},"properties":{"state":"VIC","src":"VIC-OpenStats","suburb":"Carnegie","crime_index":61.0,"violent_pct":30.13,"dwelling_pct":76.02,"motor_pct":76.91,"rate_per100k":61.0,"year":"FY 2022-23 & 2023-24 (avg)","crime_band":4}},{"type":"Feature","geometry":{"type":"Polygon","coordinates":[[[144.74122,-37.72282],[144.75061,-37.72399],[144.74775,-37.74169],[144.74716,-37.74159],[144.74618,-37.74667],[144.743,-37.74639],[144.74201,-37.7514],[144.74951,-37.75203],[144.74838,-37.75943],[144.72374,-37.75074],[144.72414,-37.74437],[144.72578,-37.73749],[144.72746,-37.73478],[144.72739,-37.73094],[144.72913,-37.72119],[144.73197,-37.72157],[144.73248,-37.71575],[144.73316,-37.7155],[144.7325,-37.71398],[144.73261,-37.70329],[144.74184,-37.70441],[144.73838,-37.72244],[144.74122,-37.72282]]]},"properties":{"state":"VIC","src":"VIC-OpenStats","suburb":"Caroline Springs","crime_index":43.7,"violent_pct":55.62,"dwelling_pct":30.57,"motor_pct":45.05,"rate_per100k":43.7,"year":"FY 2022-23 & 2023-24 (avg)","crime_band":3}},{"type":"Feature","geometry":{"type":"Polygon","coordinates":[[[145.13372,-38.08228],[145.13364,-38.08329],[145.13175,-38.08381],[145.12797,-38.08181],[145.12384,-38.08215],[145.12445,-38.08474],[145.12279,-38.08499],[145.11988,-38.07369],[145.13201,-38.06915],[145.13621,-38.07516],[145.13461,-38.0754],[145.13418,-38.07619],[145.13372,-38.08228]]]},"properties":{"state":"VIC","src":"VIC-OpenStats","suburb":"Carrum","crime_index":80.0,"violent_pct":82.68,"dwelling_pct":82.34,"motor_pct":74.9,"rate_per100k":80.0,"year":"FY 2022-23 & 2023-24 (avg)","crime_band":5}},{"type":"Feature","geometry":{"type":"Polygon","coordinates":[[[145.19166,-38.11686],[145.18824,-38.11646],[145.18717,-38.12192],[145.18785,-38.12201],[145.18752,-38.1236],[145.18309,-38.12525],[145.18196,-38.12675],[145.17385,-38.12193],[145.17526,-38.11486],[145.15743,-38.11272],[145.16209,-38.10891],[145.15366,-38.09635],[145.15483,-38.09116],[145.14605,-38.09543],[145.14915,-38.09045],[145.14859,-38.08248],[145.14982,-38.07504],[145.15464,-38.07565],[145.15626,-38.06738],[145.20309,-38.07318],[145.20128,-38.08175],[145.19378,-38.08081],[145.19256,-38.08712],[145.19997,-38.08798],[145.19404,-38.11716],[145.19166,-38.11686]]]},"properties":{"state":"VIC","src":"VIC-OpenStats","suburb":"Carrum Downs","crime_index":65.7,"violent_pct":78.21,"dwelling_pct":45.14,"motor_pct":73.77,"rate_per100k":65.7,"year":"FY 2022-23 & 2023-24 (avg)","crime_band":4}},{"type":"Feature","geometry":{"type":"Polygon","coordinates":[[[145.0288,-37.88775],[145.01495,-37.88602],[145.01632,-37.87914],[145.03461,-37.88138],[145.03818,-37.88621],[145.03767,-37.88887],[145.0288,-37.88775]]]},"properties":{"state":"VIC","src":"VIC-OpenStats","suburb":"Caulfield","crime_index":52.7,"violent_pct":36.09,"dwelling_pct":71.76,"motor_pct":50.11,"rate_per100k":52.7,"year":"FY 2022-23 & 2023-24 (avg)","crime_band":4}},{"type":"Feature","geometry":{"type":"Polygon","coordinates":[[[145.04923,-37.88175],[145.04613,-37.88726],[145.03816,-37.88627],[145.03461,-37.88138],[145.03545,-37.87684],[145.03941,-37.8769],[145.04016,-37.87509],[145.04597,-37.87651],[145.04964,-37.88101],[145.04923,-37.88175]]]},"properties":{"state":"VIC","src":"VIC-OpenStats","suburb":"Caulfield East","crime_index":87.4,"violent_pct":96.9,"dwelling_pct":69.86,"motor_pct":95.57,"rate_per100k":87.4,"year":"FY 2022-23 & 2023-24 (avg)","crime_band":6}},{"type":"Feature","geometry":{"type":"Polygon","coordinates":[[[145.01053,-37.86021],[145.01514,-37.86083],[145.03246,-37.86833],[145.04016,-37.87509],[145.03941,-37.8769],[145.03545,-37.87684],[145.03461,-37.88138],[145.00718,-37.87804],[145.01053,-37.86021]]]},"properties":{"state":"VIC","src":"VIC-OpenStats","suburb":"Caulfield North","crime_index":56.0,"violent_pct":18.83,"dwelling_pct":84.58,"motor_pct":64.46,"rate_per100k":56.0,"year":"FY 2022-23 & 2023-24 (avg)","crime_band":4}},{"type":"Feature","geometry":{"type":"Polygon","coordinates":[[[145.02665,-37.88748],[145.03767,-37.88887],[145.03489,-37.90328],[145.01222,-37.90051],[145.01495,-37.88602],[145.02665,-37.88748]]]},"properties":{"state":"VIC","src":"VIC-OpenStats","suburb":"Caulfield South","crime_index":47.7,"violent_pct":14.11,"dwelling_pct":68.86,"motor_pct":60.12,"rate_per100k":47.7,"year":"FY 2022-23 & 2023-24 (avg)","crime_band":3}},{"type":"Feature","geometry":{"type":"Polygon","coordinates":[[[145.09987,-37.8738],[145.10776,-37.87286],[145.11068,-37.8735],[145.10689,-37.89314],[145.10378,-37.8909],[145.10106,-37.8916],[145.09789,-37.8906],[145.09527,-37.89109],[145.09156,-37.88872],[145.09143,-37.88962],[145.09082,-37.88954],[145.08924,-37.88776],[145.09179,-37.87441],[145.09987,-37.8738]]]},"properties":{"state":"VIC","src":"VIC-OpenStats","suburb":"Chadstone","crime_index":74.3,"violent_pct":58.09,"dwelling_pct":74.62,"motor_pct":90.13,"rate_per100k":74.3,"year":"FY 2022-23 & 2023-24 (avg)","crime_band":5}},{"type":"Feature","geometry":{"type":"Polygon","coordinates":[[[144.36444,-38.18667],[144.36548,-38.19003],[144.36855,-38.19293],[144.37305,-38.19369],[144.37856,-38.1926],[144.38281,-38.19503],[144.38445,-38.19793],[144.3863,-38.20597],[144.38795,-38.2087],[144.39178,-38.2101],[144.39568,-38.21606],[144.39939,-38.21963],[144.39883,-38.22023],[144.37579,-38.21901],[144.37476,-38.22385],[144.33775,-38.21957],[144.33964,-38.21063],[144.34657,-38.20933],[144.34914,-38.20759],[144.35001,-38.20599],[144.36089,-38.20722],[144.3614,-38.20443],[144.36621,-38.20497],[144.35783,-38.18998],[144.35561,-38.18775],[144.35834,-38.18711],[144.35871,-38.18511],[144.36051,-38.1861],[144.36283,-38.18546],[144.36444,-38.18667]]]},"properties":{"state":"VIC","src":"VIC-OpenStats","suburb":"Charlemont","crime_index":49.7,"violent_pct":49.41,"dwelling_pct":62.54,"motor_pct":37.18,"rate_per100k":49.7,"year":"FY 2022-23 & 2023-24 (avg)","crime_band":4}},{"type":"Feature","geometry":{"type":"Polygon","coordinates":[[[145.12674,-38.05545],[145.11873,-38.05851],[145.11905,-38.0595],[145.11605,-38.06014],[145.10987,-38.046],[145.1232,-38.0414],[145.12274,-38.04025],[145.12592,-38.03915],[145.13322,-38.05266],[145.12674,-38.05545]]]},"properties":{"state":"VIC","src":"VIC-OpenStats","suburb":"Chelsea","crime_index":68.9,"violent_pct":75.58,"dwelling_pct":62.48,"motor_pct":68.56,"rate_per100k":68.9,"year":"FY 2022-23 & 2023-24 (avg)","crime_band":5}},{"type":"Feature","geometry":{"type":"Polygon","coordinates":[[[145.14072,-38.05287],[145.13447,-38.05498],[145.12309,-38.03391],[145.13119,-38.02798],[145.13352,-38.02537],[145.13777,-38.03234],[145.14483,-38.0515],[145.14072,-38.05287]]]},"properties":{"state":"VIC","src":"VIC-OpenStats","suburb":"Chelsea Heights","crime_index":48.0,"violent_pct":58.62,"dwelling_pct":35.76,"motor_pct":49.68,"rate_per100k":48.0,"year":"FY 2022-23 & 2023-24 (avg)","crime_band":3}},{"type":"Feature","geometry":{"type":"Polygon","coordinates":[[[145.05783,-37.95393],[145.05903,-37.94762],[145.07736,-37.94983],[145.07545,-37.96026],[145.08447,-37.96136],[145.08403,-37.96369],[145.09318,-37.96484],[145.09225,-37.96987],[145.08707,-37.96924],[145.08625,-37.97624],[145.08557,-37.97627],[145.0643,-37.97379],[145.06511,-37.97478],[145.05417,-37.97348],[145.05225,-37.97311],[145.05243,-37.97221],[145.03603,-37.9702],[145.03625,-37.96908],[145.02707,-37.96802],[145.02861,-37.96053],[145.0312,-37.96083],[145.03179,-37.95506],[145.03045,-37.95491],[145.0307,-37.95348],[145.03255,-37.9537],[145.03236,-37.95465],[145.03345,-37.95525],[145.04207,-37.95622],[145.04222,-37.95544],[145.05321,-37.95761],[145.05572,-37.95647],[145.05708,-37.95798],[145.05783,-37.95393]]]},"properties":{"state":"VIC","src":"VIC-OpenStats","suburb":"Cheltenham (Vic.)","crime_index":6.4,"violent_pct":5.84,"dwelling_pct":10.44,"motor_pct":2.77,"rate_per100k":6.4,"year":"FY 2022-23 & 2023-24 (avg)","crime_band":1}},{"type":"Feature","geometry":{"type":"Polygon","coordinates":[[[145.33512,-37.75717],[145.33432,-37.76112],[145.31606,-37.75843],[145.31476,-37.76555],[145.30894,-37.76491],[145.3083,-37.76858],[145.30492,-37.76822],[145.30423,-37.77164],[145.29735,-37.77037],[145.29724,-37.76926],[145.30035,-37.76738],[145.29591,-37.76639],[145.29697,-37.76035],[145.29169,-37.75979],[145.29331,-37.7585],[145.29383,-37.7556],[145.29234,-37.7554],[145.29597,-37.74928],[145.29375,-37.74731],[145.29009,-37.74681],[145.28901,-37.74035],[145.28695,-37.7353],[145.29082,-37.73163],[145.28997,-37.73161],[145.28852,-37.72968],[145.29255,-37.72726],[145.29394,-37.72288],[145.29237,-37.71924],[145.2936,-37.71222],[145.29578,-37.71284],[145.29597,-37.71389],[145.29948,-37.71281],[145.30249,-37.71493],[145.30156,-37.71577],[145.3027,-37.7167],[145.3041,-37.71597],[145.31126,-37.7161],[145.31262,-37.71512],[145.31235,-37.71389],[145.34256,-37.71644],[145.33512,-37.75717]]]},"properties":{"state":"VIC","src":"VIC-OpenStats","suburb":"Chirnside Park","crime_index":32.2,"violent_pct":56.5,"dwelling_pct":20.26,"motor_pct":19.9,"rate_per100k":32.2,"year":"FY 2022-23 & 2023-24 (avg)","crime_band":3}},{"type":"Feature","geometry":{"type":"Polygon","coordinates":[[[145.10935,-37.92734],[145.10992,-37.92742],[145.10712,-37.94179],[145.11628,-37.94292],[145.11341,-37.95759],[145.10315,-37.95633],[145.09974,-37.94763],[145.09717,-37.94445],[145.10071,-37.92628],[145.10935,-37.92734]]]},"properties":{"state":"VIC","src":"VIC-OpenStats","suburb":"Clarinda","crime_index":37.6,"violent_pct":60.39,"dwelling_pct":26.71,"motor_pct":25.56,"rate_per100k":37.6,"year":"FY 2022-23 & 2023-24 (avg)","crime_band":3}},{"type":"Feature","geometry":{"type":"Polygon","coordinates":[[[145.12823,-37.90509],[145.14196,-37.90668],[145.14133,-37.90984],[145.15046,-37.91093],[145.14932,-37.91742],[145.15039,-37.91755],[145.1497,-37.91907],[145.14908,-37.91899],[145.14754,-37.92717],[145.14337,-37.92455],[145.14162,-37.93136],[145.10753,-37.92712],[145.10873,-37.91935],[145.11138,-37.91923],[145.11223,-37.91801],[145.11327,-37.91275],[145.12189,-37.91381],[145.12448,-37.89914],[145.12921,-37.89968],[145.12823,-37.90509]]]},"properties":{"state":"VIC","src":"VIC-OpenStats","suburb":"Clayton","crime_index":71.8,"violent_pct":64.02,"dwelling_pct":60.31,"motor_pct":91.02,"rate_per100k":71.8,"year":"FY 2022-23 & 2023-24 (avg)","crime_band":5}},{"type":"Feature","geometry":{"type":"Polygon","coordinates":[[[145.13898,-37.94734],[145.13659,-37.96048],[145.13194,-37.95992],[145.13045,-37.9605],[145.13065,-37.95977],[145.11341,-37.95759],[145.11628,-37.94292],[145.10712,-37.94179],[145.10992,-37.92742],[145.14129,-37.93132],[145.13898,-37.94734]]]},"properties":{"state":"VIC","src":"VIC-OpenStats","suburb":"Clayton South","crime_index":67.8,"violent_pct":44.13,"dwelling_pct":77.33,"motor_pct":81.94,"rate_per100k":67.8,"year":"FY 2022-23 & 2023-24 (avg)","crime_band":5}},{"type":"Feature","geometry":{"type":"Polygon","coordinates":[[[145.00115,-37.79498],[145.00078,-37.79598],[144.99763,-37.79641],[144.9851,-37.79416],[144.98568,-37.7908],[144.99565,-37.78698],[144.9956,-37.78468],[144.99826,-37.7856],[145.00264,-37.783],[145.00505,-37.78542],[145.00807,-37.78687],[145.0085,-37.78881],[145.00515,-37.7923],[145.00115,-37.79498]]]},"properties":{"state":"VIC","src":"VIC-OpenStats","suburb":"Clifton Hill","crime_index":59.5,"violent_pct":28.17,"dwelling_pct":60.93,"motor_pct":89.32,"rate_per100k":59.5,"year":"FY 2022-23 & 2023-24 (avg)","crime_band":4}},{"type":"Feature","geometry":{"type":"Polygon","coordinates":[[[144.57364,-38.15861],[144.57239,-38.16506],[144.56798,-38.16453],[144.5675,-38.16705],[144.56638,-38.16691],[144.56522,-38.16951],[144.56419,-38.16799],[144.56461,-38.16528],[144.56314,-38.1651],[144.56299,-38.16592],[144.56001,-38.16557],[144.55955,-38.16799],[144.55349,-38.1673],[144.55283,-38.17006],[144.55138,-38.16821],[144.55113,-38.16074],[144.54899,-38.15592],[144.55063,-38.15514],[144.55563,-38.15567],[144.56459,-38.15158],[144.58044,-38.1391],[144.58278,-38.14177],[144.59164,-38.1468],[144.58871,-38.14982],[144.58397,-38.15252],[144.58233,-38.15964],[144.57364,-38.15861]]]},"properties":{"state":"VIC","src":"VIC-OpenStats","suburb":"Clifton Springs","crime_index":13.2,"violent_pct":21.9,"dwelling_pct":8.6,"motor_pct":9.22,"rate_per100k":13.2,"year":"FY 2022-23 & 2023-24 (avg)","crime_band":1}},{"type":"Feature","geometry":{"type":"Polygon","coordinates":[[[145.37355,-38.16937],[145.37136,-38.17995],[145.34384,-38.17635],[145.34222,-38.18398],[145.32418,-38.16565],[145.31937,-38.16219],[145.31583,-38.15073],[145.313,-38.14532],[145.30767,-38.1417],[145.30977,-38.13163],[145.31503,-38.1323],[145.31719,-38.12148],[145.31776,-38.12182],[145.31863,-38.12056],[145.31927,-38.11773],[145.38351,-38.12573],[145.39948,-38.14298],[145.39319,-38.17194],[145.37355,-38.16937]]]},"properties":{"state":"VIC","src":"VIC-OpenStats","suburb":"Clyde (Vic.)","crime_index":60.5,"violent_pct":63.55,"dwelling_pct":70.84,"motor_pct":47.12,"rate_per100k":60.5,"year":"FY 2022-23 & 2023-24 (avg)","crime_band":4}},{"type":"Feature","geometry":{"type":"Polygon","coordinates":[[[145.36369,-38.07798],[145.37863,-38.0798],[145.37898,-38.08092],[145.3804,-38.0816],[145.38035,-38.08492],[145.38181,-38.08576],[145.38082,-38.08744],[145.38199,-38.08965],[145.38275,-38.0892],[145.38234,-38.09084],[145.38439,-38.0917],[145.38518,-38.09357],[145.38904,-38.0938],[145.38897,-38.09449],[145.39067,-38.09463],[145.39282,-38.0973],[145.39502,-38.09768],[145.39781,-38.09993],[145.39902,-38.10173],[145.39847,-38.10491],[145.40069,-38.10841],[145.40076,-38.11071],[145.39901,-38.11329],[145.40182,-38.1179],[145.40173,-38.11916],[145.38847,-38.12053],[145.38314,-38.12564],[145.31796,-38.11756],[145.31913,-38.11146],[145.31692,-38.11098],[145.31765,-38.10884],[145.31959,-38.10907],[145.31997,-38.10724],[145.31711,-38.10645],[145.31733,-38.10586],[145.32028,-38.10623],[145.31974,-38.10507],[145.32086,-38.10531],[145.32144,-38.10251],[145.32227,-38.10261],[145.32308,-38.0974],[145.31612,-38.09665],[145.31633,-38.0947],[145.32344,-38.09553],[145.32493,-38.0883],[145.33268,-38.08923],[145.33535,-38.0745],[145.36369,-38.07798]]]},"properties":{"state":"VIC","src":"VIC-OpenStats","suburb":"Clyde North","crime_index":51.2,"violent_pct":51.39,"dwelling_pct":60.66,"motor_pct":41.47,"rate_per100k":51.2,"year":"FY 2022-23 & 2023-24 (avg)","crime_band":4}},{"type":"Feature","geometry":{"type":"Polygon","coordinates":[[[144.58125,-37.70509],[144.57786,-37.70408],[144.57789,-37.70294],[144.58064,-37.70049],[144.5805,-37.69954],[144.57903,-37.69937],[144.57929,-37.69801],[144.58089,-37.69801],[144.58247,-37.69328],[144.58998,-37.69496],[144.60961,-37.69602],[144.61471,-37.69767],[144.62101,-37.70239],[144.6185,-37.71733],[144.61175,-37.71511],[144.61052,-37.72192],[144.6081,-37.72164],[144.60941,-37.71434],[144.60087,-37.71153],[144.59998,-37.71647],[144.58397,-37.71466],[144.58063,-37.71346],[144.58148,-37.71109],[144.58072,-37.70933],[144.58125,-37.70509]]]},"properties":{"state":"VIC","src":"VIC-OpenStats","suburb":"Cobblebank","crime_index":45.0,"violent_pct":67.51,"dwelling_pct":23.65,"motor_pct":43.88,"rate_per100k":45.0,"year":"FY 2022-23 & 2023-24 (avg)","crime_band":3}},{"type":"Feature","geometry":{"type":"Polygon","coordinates":[[[144.96486,-37.73393],[144.97037,-37.73538],[144.98291,-37.73594],[144.97979,-37.74274],[144.97897,-37.74272],[144.98202,-37.7455],[144.98016,-37.74629],[144.98139,-37.74877],[144.9806,-37.74988],[144.98182,-37.75209],[144.9793,-37.75399],[144.98018,-37.75729],[144.94625,-37.75332],[144.94727,-37.74686],[144.9461,-37.74632],[144.94723,-37.73981],[144.94924,-37.73958],[144.95002,-37.73254],[144.96486,-37.73393]]]},"properties":{"state":"VIC","src":"VIC-OpenStats","suburb":"Coburg","crime_index":72.2,"violent_pct":65.28,"dwelling_pct":66.19,"motor_pct":85.27,"rate_per100k":72.2,"year":"FY 2022-23 & 2023-24 (avg)","crime_band":5}},{"type":"Feature","geometry":{"type":"Polygon","coordinates":[[[144.98369,-37.73125],[144.98291,-37.73594],[144.97037,-37.73538],[144.96775,-37.73422],[144.94947,-37.73249],[144.9503,-37.72998],[144.95168,-37.73011],[144.95203,-37.72767],[144.95078,-37.72753],[144.95079,-37.72648],[144.9518,-37.72508],[144.9508,-37.72368],[144.95214,-37.71811],[144.97272,-37.72019],[144.97871,-37.71924],[144.97944,-37.71971],[144.97819,-37.72035],[144.97862,-37.72141],[144.98527,-37.72136],[144.98369,-37.73125]]]},"properties":{"state":"VIC","src":"VIC-OpenStats","suburb":"Coburg North","crime_index":84.1,"violent_pct":78.68,"dwelling_pct":80.59,"motor_pct":93.01,"rate_per100k":84.1,"year":"FY 2022-23 & 2023-24 (avg)","crime_band":6}},{"type":"Feature","geometry":{"type":"Polygon","coordinates":[[[145.49835,-37.91131],[145.4999,-37.90837],[145.50227,-37.90695],[145.50383,-37.90715],[145.51089,-37.90083],[145.50771,-37.89982],[145.50927,-37.89798],[145.5126,-37.89668],[145.51505,-37.89353],[145.52093,-37.88983],[145.52241,-37.88707],[145.52513,-37.88703],[145.52887,-37.89023],[145.5315,-37.88718],[145.53195,-37.88336],[145.53374,-37.8835],[145.53576,-37.88376],[145.535,-37.88761],[145.53605,-37.88775],[145.53584,-37.88883],[145.53684,-37.88896],[145.53705,-37.88788],[145.55051,-37.88965],[145.54949,-37.89749],[145.54806,-37.8992],[145.54759,-37.90158],[145.53998,-37.90308],[145.53852,-37.90484],[145.53684,-37.90527],[145.53656,-37.90795],[145.5376,-37.909],[145.53675,-37.91128],[145.53888,-37.91358],[145.53792,-37.91531],[145.53521,-37.9149],[145.53336,-37.91897],[145.53036,-37.92196],[145.52914,-37.92649],[145.52236,-37.92567],[145.52228,-37.92666],[145.52167,-37.92665],[145.51598,-37.92523],[145.5147,-37.93175],[145.51244,-37.93148],[145.51132,-37.93733],[145.51636,-37.93821],[145.5174,-37.93903],[145.51687,-37.94169],[145.51832,-37.94226],[145.51775,-37.94491],[145.51465,-37.94498],[145.5161,-37.94623],[145.5153,-37.95033],[145.5188,-37.95077],[145.51657,-37.96212],[145.50069,-37.96025],[145.49902,-37.96881],[145.49627,-37.96946],[145.49733,-37.96681],[145.49563,-37.96364],[145.49603,-37.96229],[145.4844,-37.96086],[145.48449,-37.95802],[145.47922,-37.95736],[145.47987,-37.95403],[145.47301,-37.95318],[145.47602,-37.93964],[145.47033,-37.93898],[145.47139,-37.93372],[145.46733,-37.93248],[145.46832,-37.92836],[145.47495,-37.9292],[145.4764,-37.92889],[145.47653,-37.92743],[145.47897,-37.92688],[145.48168,-37.92738],[145.488,-37.92642],[145.48821,-37.92736],[145.49033,-37.92763],[145.49137,-37.92699],[145.48999,-37.91915],[145.49337,-37.9168],[145.49405,-37.91434],[145.49702,-37.91141],[145.49835,-37.91131]]]},"properties":{"state":"VIC","src":"VIC-OpenStats","suburb":"Cockatoo (Vic.)","crime_index":35.2,"violent_pct":40.94,"dwelling_pct":50.34,"motor_pct":14.4,"rate_per100k":35.2,"year":"FY 2022-23 & 2023-24 (avg)","crime_band":3}},{"type":"Feature","geometry":{"type":"Polygon","coordinates":[[[145.38184,-37.70615],[145.40031,-37.70837],[145.40299,-37.69383],[145.40087,-37.69358],[145.40405,-37.67494],[145.40497,-37.67427],[145.40677,-37.6758],[145.40732,-37.67078],[145.40822,-37.66823],[145.40942,-37.66828],[145.40932,-37.66694],[145.41066,-37.6669],[145.41102,-37.66792],[145.41323,-37.66541],[145.41437,-37.66589],[145.41868,-37.66462],[145.41888,-37.66356],[145.42038,-37.66404],[145.41976,-37.66534],[145.42393,-37.66307],[145.4215,-37.66343],[145.42045,-37.66216],[145.42195,-37.6616],[145.42374,-37.66207],[145.4204,-37.65884],[145.4201,-37.65811],[145.42086,-37.65761],[145.42595,-37.65845],[145.42537,-37.66037],[145.42639,-37.65991],[145.42666,-37.66112],[145.43087,-37.66331],[145.42968,-37.66448],[145.43131,-37.66623],[145.43012,-37.66641],[145.43039,-37.6678],[145.42971,-37.66843],[145.43152,-37.66806],[145.43459,-37.66916],[145.43529,-37.66812],[145.43607,-37.66937],[145.43792,-37.66913],[145.43857,-37.66967],[145.43699,-37.67033],[145.43687,-37.67157],[145.44105,-37.67291],[145.44179,-37.67397],[145.44421,-37.67308],[145.44624,-37.67426],[145.4488,-37.67288],[145.45577,-37.67117],[145.45645,-37.67283],[145.4576,-37.67141],[145.45863,-37.67281],[145.46275,-37.67378],[145.46522,-37.67578],[145.46803,-37.67592],[145.46902,-37.6742],[145.468,-37.67366],[145.4694,-37.67266],[145.47209,-37.67249],[145.46963,-37.67161],[145.47188,-37.67079],[145.47308,-37.66471],[145.47555,-37.66403],[145.47873,-37.66697],[145.47984,-37.66446],[145.48494,-37.66356],[145.48432,-37.66506],[145.48506,-37.66572],[145.48913,-37.6654],[145.4874,-37.66633],[145.48676,-37.66815],[145.48858,-37.66968],[145.48986,-37.66918],[145.49058,-37.67222],[145.49272,-37.67241],[145.49228,-37.6735],[145.4888,-37.67399],[145.48894,-37.67503],[145.49122,-37.67604],[145.48893,-37.67766],[145.49032,-37.67844],[145.48969,-37.67984],[145.49344,-37.68253],[145.49192,-37.68396],[145.4932,-37.68469],[145.49309,-37.68563],[145.49433,-37.68693],[145.49522,-37.68721],[145.4955,-37.68523],[145.49687,-37.68632],[145.49455,-37.68801],[145.49576,-37.68865],[145.49458,-37.69027],[145.477,-37.69041],[145.47701,-37.69692],[145.42099,-37.69696],[145.41862,-37.71054],[145.42192,-37.71131],[145.42605,-37.7164],[145.42824,-37.72328],[145.42687,-37.72773],[145.42913,-37.72932],[145.42898,-37.73141],[145.42739,-37.73362],[145.42808,-37.73443],[145.43034,-37.73478],[145.4308,-37.73564],[145.42977,-37.73839],[145.4301,-37.74192],[145.42895,-37.7425],[145.4293,-37.74351],[145.42783,-37.74448],[145.42804,-37.74541],[145.42703,-37.74651],[145.42813,-37.74828],[145.42772,-37.74876],[145.41623,-37.7487],[145.41171,-37.74776],[145.41319,-37.7392],[145.37635,-37.73487],[145.37402,-37.7385],[145.36941,-37.73605],[145.34093,-37.72637],[145.34256,-37.71644],[145.31235,-37.71389],[145.31134,-37.7131],[145.31233,-37.71216],[145.3112,-37.71197],[145.31219,-37.71129],[145.31131,-37.70913],[145.31376,-37.71005],[145.31432,-37.70933],[145.31239,-37.70853],[145.3141,-37.70813],[145.31417,-37.70663],[145.31904,-37.70791],[145.32214,-37.70716],[145.32178,-37.70639],[145.32014,-37.70628],[145.31492,-37.69961],[145.31526,-37.69853],[145.38184,-37.70615]]]},"properties":{"state":"VIC","src":"VIC-OpenStats","suburb":"Coldstream (Vic.)","crime_index":24.8,"violent_pct":59.42,"dwelling_pct":3.29,"motor_pct":11.7,"rate_per100k":24.8,"year":"FY 2022-23 & 2023-24 (avg)","crime_band":2}},{"type":"Feature","geometry":{"type":"Polygon","coordinates":[[[144.99142,-37.80935],[144.98256,-37.80891],[144.9851,-37.79416],[144.99029,-37.79471],[144.99362,-37.79597],[144.99142,-37.80935]]]},"properties":{"state":"VIC","src":"VIC-OpenStats","suburb":"Collingwood (Vic.)","crime_index":95.8,"violent_pct":92.91,"dwelling_pct":96.39,"motor_pct":97.99,"rate_per100k":95.8,"year":"FY 2022-23 & 2023-24 (avg)","crime_band":6}},{"type":"Feature","geometry":{"type":"Polygon","coordinates":[[[144.48231,-38.21559],[144.48752,-38.21734],[144.48675,-38.22],[144.47837,-38.22318],[144.47325,-38.223],[144.46499,-38.22493],[144.46138,-38.22893],[144.46244,-38.23056],[144.4628,-38.22841],[144.46399,-38.22866],[144.46305,-38.23017],[144.46411,-38.23114],[144.4627,-38.23299],[144.46566,-38.23191],[144.46683,-38.23337],[144.46637,-38.23794],[144.46485,-38.23802],[144.46446,-38.24042],[144.46382,-38.23994],[144.46299,-38.24081],[144.46411,-38.24223],[144.46667,-38.24239],[144.46801,-38.24067],[144.46951,-38.24031],[144.47159,-38.24366],[144.47442,-38.2433],[144.48021,-38.24455],[144.48274,-38.24527],[144.48346,-38.2466],[144.48058,-38.25424],[144.48365,-38.25676],[144.47924,-38.25949],[144.47991,-38.26135],[144.47861,-38.26592],[144.47723,-38.26663],[144.47813,-38.26859],[144.47744,-38.27023],[144.47799,-38.27127],[144.4753,-38.27418],[144.47575,-38.27803],[144.47392,-38.28236],[144.46925,-38.28434],[144.46902,-38.28666],[144.4395,-38.28171],[144.4317,-38.28121],[144.42725,-38.28218],[144.42561,-38.28462],[144.42359,-38.28437],[144.41785,-38.28679],[144.4134,-38.29078],[144.40982,-38.29085],[144.40602,-38.29202],[144.4006,-38.28535],[144.39352,-38.28861],[144.37495,-38.29212],[144.35253,-38.28955],[144.35717,-38.26611],[144.35376,-38.26571],[144.35507,-38.25851],[144.35858,-38.25894],[144.35998,-38.25163],[144.38763,-38.25493],[144.39164,-38.2343],[144.39345,-38.23416],[144.39787,-38.23111],[144.4013,-38.23232],[144.41841,-38.22002],[144.42141,-38.21955],[144.4234,-38.22119],[144.42365,-38.22843],[144.42236,-38.23264],[144.42308,-38.23274],[144.42349,-38.23119],[144.42463,-38.23372],[144.4271,-38.2347],[144.43116,-38.23116],[144.43403,-38.23077],[144.43409,-38.22731],[144.43761,-38.2243],[144.44159,-38.22387],[144.44421,-38.22453],[144.44624,-38.22812],[144.44893,-38.22275],[144.45154,-38.22047],[144.45327,-38.21516],[144.45664,-38.21028],[144.4616,-38.20948],[144.46735,-38.20994],[144.47485,-38.21196],[144.48231,-38.21559]]]},"properties":{"state":"VIC","src":"VIC-OpenStats","suburb":"Connewarre","crime_index":22.5,"violent_pct":14.59,"dwelling_pct":42.38,"motor_pct":10.58,"rate_per100k":22.5,"year":"FY 2022-23 & 2023-24 (avg)","crime_band":2}},{"type":"Feature","geometry":{"type":"Polygon","coordinates":[[[144.93306,-37.66502],[144.92544,-37.66416],[144.92452,-37.66873],[144.92195,-37.66509],[144.92264,-37.6621],[144.92715,-37.65774],[144.93148,-37.6499],[144.93136,-37.64778],[144.92875,-37.64307],[144.92876,-37.6407],[144.93488,-37.64139],[144.93457,-37.64282],[144.94198,-37.65395],[144.9469,-37.66645],[144.93306,-37.66502]]]},"properties":{"state":"VIC","src":"VIC-OpenStats","suburb":"Coolaroo","crime_index":77.4,"violent_pct":92.02,"dwelling_pct":44.77,"motor_pct":95.45,"rate_per100k":77.4,"year":"FY 2022-23 & 2023-24 (avg)","crime_band":5}},{"type":"Feature","geometry":{"type":"Polygon","coordinates":[[[145.42441,-38.40834],[145.42763,-38.41039],[145.43021,-38.41051],[145.44073,-38.40793],[145.44438,-38.40868],[145.4485,-38.41175],[145.45356,-38.41265],[145.45948,-38.4087],[145.46188,-38.40898],[145.46683,-38.40768],[145.46779,-38.40822],[145.47705,-38.40767],[145.47441,-38.42058],[145.47625,-38.42082],[145.47896,-38.40767],[145.48128,-38.40711],[145.48234,-38.40825],[145.4842,-38.40857],[145.48589,-38.41192],[145.48933,-38.41493],[145.49962,-38.41683],[145.50482,-38.4167],[145.50626,-38.41825],[145.50245,-38.42165],[145.50008,-38.42135],[145.49964,-38.42348],[145.50429,-38.42961],[145.48575,-38.43897],[145.48394,-38.44082],[145.48314,-38.4438],[145.45474,-38.4402],[145.45701,-38.4257],[145.42948,-38.42224],[145.42336,-38.41244],[145.41667,-38.40784],[145.41639,-38.40698],[145.41836,-38.40658],[145.42111,-38.40807],[145.42441,-38.40834]]]},"properties":{"state":"VIC","src":"VIC-OpenStats","suburb":"Corinella (Vic.)","crime_index":35.3,"violent_pct":63.15,"dwelling_pct":34.86,"motor_pct":7.87,"rate_per100k":35.3,"year":"FY 2022-23 & 2023-24 (avg)","crime_band":3}},{"type":"Feature","geometry":{"type":"Polygon","coordinates":[[[144.35841,-38.05932],[144.35793,-38.04799],[144.41449,-38.0546],[144.41665,-38.05622],[144.41738,-38.05986],[144.41363,-38.06365],[144.40981,-38.07169],[144.40699,-38.07322],[144.39933,-38.07475],[144.39795,-38.0738],[144.38946,-38.07664],[144.38871,-38.07723],[144.38898,-38.078],[144.38574,-38.08044],[144.3854,-38.0823],[144.38331,-38.08387],[144.38453,-38.0854],[144.38288,-38.08578],[144.38251,-38.08703],[144.3674,-38.08522],[144.36593,-38.08565],[144.36604,-38.08505],[144.3372,-38.08153],[144.34103,-38.06186],[144.34813,-38.05915],[144.35841,-38.05932]]]},"properties":{"state":"VIC","src":"VIC-OpenStats","suburb":"Corio","crime_index":86.9,"violent_pct":92.5,"dwelling_pct":85.7,"motor_pct":82.57,"rate_per100k":86.9,"year":"FY 2022-23 & 2023-24 (avg)","crime_band":6}},{"type":"Feature","geometry":{"type":"Polygon","coordinates":[[[145.43995,-38.43872],[145.43828,-38.43905],[145.43643,-38.43827],[145.43626,-38.4391],[145.43351,-38.44059],[145.4343,-38.43986],[145.43326,-38.43898],[145.43382,-38.43485],[145.43287,-38.4287],[145.42948,-38.42224],[145.45701,-38.4257],[145.45384,-38.44736],[145.44443,-38.44623],[145.44582,-38.43951],[145.43995,-38.43872]]]},"properties":{"state":"VIC","src":"VIC-OpenStats","suburb":"Coronet Bay","crime_index":43.6,"violent_pct":87.02,"dwelling_pct":35.47,"motor_pct":8.3,"rate_per100k":43.6,"year":"FY 2022-23 & 2023-24 (avg)","crime_band":3}},{"type":"Feature","geometry":{"type":"Polygon","coordinates":[[[145.22041,-38.44987],[145.22908,-38.44984],[145.23651,-38.44715],[145.23979,-38.44704],[145.23945,-38.44591],[145.23998,-38.44579],[145.24034,-38.44753],[145.24342,-38.44687],[145.24414,-38.44785],[145.24731,-38.44868],[145.25769,-38.44948],[145.25764,-38.48232],[145.26652,-38.49118],[145.26332,-38.49311],[145.26417,-38.49398],[145.26301,-38.49395],[145.26236,-38.49704],[145.22013,-38.49668],[145.22016,-38.46361],[145.19802,-38.46359],[145.19831,-38.46148],[145.19959,-38.45983],[145.19665,-38.45992],[145.19382,-38.45647],[145.20046,-38.45088],[145.2019,-38.45126],[145.20657,-38.44973],[145.21454,-38.44882],[145.22041,-38.44987]],[[145.23768,-38.48206],[145.23878,-38.48206],[145.23878,-38.47831],[145.22953,-38.4783],[145.22954,-38.48206],[145.23768,-38.48206]]]},"properties":{"state":"VIC","src":"VIC-OpenStats","suburb":"Cowes","crime_index":57.7,"violent_pct":88.52,"dwelling_pct":56.26,"motor_pct":28.4,"rate_per100k":57.7,"year":"FY 2022-23 & 2023-24 (avg)","crime_band":4}},{"type":"Feature","geometry":{"type":"Polygon","coordinates":[[[144.95263,-37.60033],[144.95343,-37.6013],[144.9531,-37.60369],[144.95206,-37.60418],[144.95227,-37.60695],[144.94647,-37.60741],[144.94826,-37.6083],[144.95049,-37.61123],[144.95242,-37.61067],[144.95285,-37.61207],[144.95188,-37.61317],[144.9527,-37.61402],[144.95395,-37.61364],[144.95464,-37.61592],[144.95577,-37.61637],[144.95615,-37.61749],[144.9554,-37.6192],[144.95601,-37.62033],[144.95737,-37.62074],[144.95485,-37.62262],[144.939,-37.62091],[144.9405,-37.61369],[144.90055,-37.60914],[144.9003,-37.61169],[144.89106,-37.61053],[144.89209,-37.60631],[144.88361,-37.60515],[144.87953,-37.58983],[144.89023,-37.59112],[144.89192,-37.58007],[144.8942,-37.58037],[144.89487,-37.57663],[144.89264,-37.57637],[144.89505,-37.56422],[144.94051,-37.56968],[144.94547,-37.5401],[144.96001,-37.54161],[144.9594,-37.54255],[144.95779,-37.54243],[144.95489,-37.54364],[144.9531,-37.54795],[144.95391,-37.54988],[144.96006,-37.5546],[144.96078,-37.55666],[144.96395,-37.55732],[144.96554,-37.56022],[144.9644,-37.56184],[144.96405,-37.56647],[144.96324,-37.56716],[144.96415,-37.56873],[144.96377,-37.57167],[144.96532,-37.57204],[144.96529,-37.57353],[144.96237,-37.57756],[144.96327,-37.57932],[144.96036,-37.58035],[144.95998,-37.58181],[144.95756,-37.58155],[144.9566,-37.5825],[144.9585,-37.58511],[144.95695,-37.58575],[144.95792,-37.58797],[144.95733,-37.58907],[144.95881,-37.59113],[144.95579,-37.59137],[144.9548,-37.5954],[144.95301,-37.59641],[144.95263,-37.60033]]]},"properties":{"state":"VIC","src":"VIC-OpenStats","suburb":"Craigieburn","crime_index":50.4,"violent_pct":63.82,"dwelling_pct":25.58,"motor_pct":61.7,"rate_per100k":50.4,"year":"FY 2022-23 & 2023-24 (avg)","crime_band":4}},{"type":"Feature","geometry":{"type":"Polygon","coordinates":[[[145.29426,-38.09046],[145.28825,-38.12148],[145.29125,-38.12914],[145.28619,-38.12853],[145.2836,-38.14302],[145.27939,-38.14253],[145.27896,-38.14483],[145.27066,-38.14386],[145.27088,-38.14273],[145.26543,-38.1421],[145.26565,-38.14094],[145.25773,-38.13281],[145.26826,-38.12648],[145.24923,-38.12404],[145.25241,-38.10936],[145.2651,-38.11075],[145.26935,-38.08893],[145.27121,-38.08906],[145.26483,-38.08072],[145.29541,-38.0845],[145.29426,-38.09046]]]},"properties":{"state":"VIC","src":"VIC-OpenStats","suburb":"Cranbourne","crime_index":84.2,"violent_pct":93.43,"dwelling_pct":68.22,"motor_pct":90.82,"rate_per100k":84.2,"year":"FY 2022-23 & 2023-24 (avg)","crime_band":6}},{"type":"Feature","geometry":{"type":"Polygon","coordinates":[[[145.31765,-38.10884],[145.31692,-38.11098],[145.31913,-38.11146],[145.31801,-38.11505],[145.31796,-38.11756],[145.31927,-38.11773],[145.31872,-38.1203],[145.31776,-38.12182],[145.31719,-38.12148],[145.31503,-38.1323],[145.30977,-38.13163],[145.30767,-38.1417],[145.29125,-38.12914],[145.28825,-38.12148],[145.29541,-38.0845],[145.32493,-38.0883],[145.32344,-38.09553],[145.31633,-38.0947],[145.31612,-38.09665],[145.32308,-38.0974],[145.32227,-38.10261],[145.32144,-38.10251],[145.32086,-38.10531],[145.31974,-38.10507],[145.32028,-38.10623],[145.31733,-38.10586],[145.31711,-38.10645],[145.31997,-38.10724],[145.31959,-38.10907],[145.31765,-38.10884]]]},"properties":{"state":"VIC","src":"VIC-OpenStats","suburb":"Cranbourne East","crime_index":47.1,"violent_pct":65.63,"dwelling_pct":30.12,"motor_pct":45.54,"rate_per100k":47.1,"year":"FY 2022-23 & 2023-24 (avg)","crime_band":3}},{"type":"Feature","geometry":{"type":"Polygon","coordinates":[[[145.31892,-38.07239],[145.33535,-38.0745],[145.33268,-38.08923],[145.26483,-38.08072],[145.26249,-38.07765],[145.26429,-38.06938],[145.26272,-38.06889],[145.26302,-38.06743],[145.26464,-38.06767],[145.26503,-38.0658],[145.28911,-38.06842],[145.29526,-38.07147],[145.29784,-38.07179],[145.29821,-38.06989],[145.31892,-38.07239]]]},"properties":{"state":"VIC","src":"VIC-OpenStats","suburb":"Cranbourne North","crime_index":46.3,"violent_pct":66.48,"dwelling_pct":23.88,"motor_pct":48.43,"rate_per100k":46.3,"year":"FY 2022-23 & 2023-24 (avg)","crime_band":3}},{"type":"Feature","geometry":{"type":"Polygon","coordinates":[[[145.24207,-38.12309],[145.24923,-38.12404],[145.24987,-38.12476],[145.2455,-38.14783],[145.29126,-38.15339],[145.28669,-38.1767],[145.22174,-38.16896],[145.23163,-38.11725],[145.2391,-38.11816],[145.23821,-38.12261],[145.24207,-38.12309]]]},"properties":{"state":"VIC","src":"VIC-OpenStats","suburb":"Cranbourne South","crime_index":63.2,"violent_pct":39.09,"dwelling_pct":80.34,"motor_pct":70.1,"rate_per100k":63.2,"year":"FY 2022-23 & 2023-24 (avg)","crime_band":4}},{"type":"Feature","geometry":{"type":"Polygon","coordinates":[[[145.25241,-38.10936],[145.24923,-38.12404],[145.23821,-38.12261],[145.2391,-38.11816],[145.23163,-38.11725],[145.23959,-38.07766],[145.26483,-38.08072],[145.27121,-38.08906],[145.26935,-38.08893],[145.26505,-38.11089],[145.25241,-38.10936]]]},"properties":{"state":"VIC","src":"VIC-OpenStats","suburb":"Cranbourne West","crime_index":51.0,"violent_pct":65.75,"dwelling_pct":29.31,"motor_pct":57.95,"rate_per100k":51.0,"year":"FY 2022-23 & 2023-24 (avg)","crime_band":4}},{"type":"Feature","geometry":{"type":"Polygon","coordinates":[[[144.99781,-37.82636],[144.9966,-37.83428],[144.99115,-37.83304],[144.98794,-37.82961],[144.98885,-37.82462],[144.99793,-37.82567],[144.99781,-37.82636]]]},"properties":{"state":"VIC","src":"VIC-OpenStats","suburb":"Cremorne (Vic.)","crime_index":14.4,"violent_pct":5.33,"dwelling_pct":25.8,"motor_pct":11.95,"rate_per100k":14.4,"year":"FY 2022-23 & 2023-24 (avg)","crime_band":1}},{"type":"Feature","geometry":{"type":"Polygon","coordinates":[[[145.19643,-38.33877],[145.20394,-38.33866],[145.20471,-38.33745],[145.2049,-38.33915],[145.20646,-38.34078],[145.20905,-38.34191],[145.21477,-38.34237],[145.21569,-38.34509],[145.21879,-38.34759],[145.2181,-38.35026],[145.21534,-38.35298],[145.21331,-38.35703],[145.21347,-38.3659],[145.2148,-38.36874],[145.21891,-38.37249],[145.22107,-38.37321],[145.22247,-38.37243],[145.22345,-38.37326],[145.22172,-38.37537],[145.22084,-38.3754],[145.21332,-38.3698],[145.20585,-38.36764],[145.19959,-38.36447],[145.19879,-38.36276],[145.19069,-38.35503],[145.18663,-38.35505],[145.18661,-38.35349],[145.18904,-38.35349],[145.1812,-38.3462],[145.19091,-38.34596],[145.18763,-38.33878],[145.19643,-38.33877]]]},"properties":{"state":"VIC","src":"VIC-OpenStats","suburb":"Crib Point","crime_index":29.7,"violent_pct":44.43,"dwelling_pct":18.76,"motor_pct":25.94,"rate_per100k":29.7,"year":"FY 2022-23 & 2023-24 (avg)","crime_band":2}},{"type":"Feature","geometry":{"type":"Polygon","coordinates":[[[145.30421,-37.79413],[145.30466,-37.79485],[145.30404,-37.79477],[145.30352,-37.79745],[145.30414,-37.79763],[145.30297,-37.80064],[145.30413,-37.80076],[145.30262,-37.80115],[145.30217,-37.80343],[145.30311,-37.80355],[145.30238,-37.80445],[145.3022,-37.80814],[145.30654,-37.80956],[145.30619,-37.8114],[145.29783,-37.81034],[145.29729,-37.81318],[145.28818,-37.81205],[145.28812,-37.81338],[145.2596,-37.80929],[145.26403,-37.80779],[145.26203,-37.80393],[145.2626,-37.80351],[145.26012,-37.80147],[145.26065,-37.80076],[145.25589,-37.79655],[145.25689,-37.79579],[145.25637,-37.79532],[145.25524,-37.79613],[145.25416,-37.79498],[145.25737,-37.79074],[145.2577,-37.78858],[145.25897,-37.78687],[145.2617,-37.78498],[145.26396,-37.78473],[145.2644,-37.78241],[145.27406,-37.78356],[145.27774,-37.78571],[145.27938,-37.78403],[145.28276,-37.78338],[145.29157,-37.77946],[145.29344,-37.7725],[145.29724,-37.76926],[145.29735,-37.77037],[145.3034,-37.77569],[145.30703,-37.77658],[145.30789,-37.77754],[145.30596,-37.7799],[145.30742,-37.78367],[145.30547,-37.78312],[145.30527,-37.78434],[145.30633,-37.78562],[145.30569,-37.78922],[145.30862,-37.78955],[145.3073,-37.79076],[145.30779,-37.79166],[145.307,-37.79241],[145.30791,-37.79393],[145.30884,-37.79399],[145.30867,-37.79489],[145.30717,-37.79406],[145.30421,-37.79413]]]},"properties":{"state":"VIC","src":"VIC-OpenStats","suburb":"Croydon (Vic.)","crime_index":23.5,"violent_pct":21.1,"dwelling_pct":25.33,"motor_pct":24,"rate_per100k":23.5,"year":"FY 2022-23 & 2023-24 (avg)","crime_band":2}},{"type":"Feature","geometry":{"type":"Polygon","coordinates":[[[145.26597,-37.76783],[145.27413,-37.76886],[145.27614,-37.77025],[145.27406,-37.78356],[145.25606,-37.78127],[145.2574,-37.774],[145.26193,-37.77445],[145.26322,-37.76737],[145.25882,-37.76683],[145.25912,-37.76516],[145.26615,-37.76677],[145.26597,-37.76783]]]},"properties":{"state":"VIC","src":"VIC-OpenStats","suburb":"Croydon Hills","crime_index":8.3,"violent_pct":7.16,"dwelling_pct":7.59,"motor_pct":10.08,"rate_per100k":8.3,"year":"FY 2022-23 & 2023-24 (avg)","crime_band":1}},{"type":"Feature","geometry":{"type":"Polygon","coordinates":[[[145.2928,-37.77506],[145.29157,-37.77946],[145.28276,-37.78338],[145.27938,-37.78403],[145.27774,-37.78571],[145.2758,-37.7846],[145.27406,-37.78356],[145.27614,-37.77025],[145.27217,-37.76822],[145.27125,-37.76495],[145.27193,-37.76309],[145.27821,-37.76183],[145.29644,-37.76344],[145.29591,-37.76639],[145.30035,-37.76738],[145.29372,-37.77218],[145.2928,-37.77506]]]},"properties":{"state":"VIC","src":"VIC-OpenStats","suburb":"Croydon North","crime_index":18.2,"violent_pct":23.32,"dwelling_pct":21.09,"motor_pct":10.25,"rate_per100k":18.2,"year":"FY 2022-23 & 2023-24 (avg)","crime_band":2}},{"type":"Feature","geometry":{"type":"Polygon","coordinates":[[[145.27869,-37.81216],[145.28812,-37.81338],[145.28818,-37.81205],[145.29725,-37.81317],[145.29647,-37.81753],[145.29332,-37.81896],[145.28736,-37.81889],[145.27831,-37.82177],[145.27848,-37.81933],[145.26828,-37.81828],[145.26849,-37.81653],[145.26699,-37.81755],[145.26574,-37.81681],[145.26511,-37.81732],[145.26149,-37.81685],[145.26144,-37.81483],[145.25899,-37.81452],[145.25891,-37.81056],[145.26135,-37.81029],[145.26141,-37.80951],[145.27869,-37.81216]]]},"properties":{"state":"VIC","src":"VIC-OpenStats","suburb":"Croydon South","crime_index":31.6,"violent_pct":39.52,"dwelling_pct":11.13,"motor_pct":44.2,"rate_per100k":31.6,"year":"FY 2022-23 & 2023-24 (avg)","crime_band":3}},{"type":"Feature","geometry":{"type":"Polygon","coordinates":[[[144.55271,-38.1713],[144.54995,-38.18529],[144.55992,-38.18649],[144.56028,-38.18914],[144.55998,-38.19093],[144.55913,-38.19128],[144.55966,-38.1926],[144.558,-38.20106],[144.54317,-38.19931],[144.54288,-38.20082],[144.53762,-38.20017],[144.53792,-38.19871],[144.51018,-38.19532],[144.51054,-38.19353],[144.50127,-38.19238],[144.50318,-38.17965],[144.49465,-38.17863],[144.49794,-38.161],[144.50539,-38.16193],[144.52049,-38.15949],[144.52705,-38.16027],[144.53157,-38.15852],[144.53665,-38.15854],[144.54251,-38.15662],[144.54593,-38.1569],[144.54899,-38.15592],[144.55112,-38.16071],[144.55132,-38.16786],[144.55298,-38.17006],[144.55271,-38.1713]]]},"properties":{"state":"VIC","src":"VIC-OpenStats","suburb":"Curlewis (Vic.)","crime_index":28.3,"violent_pct":48.48,"dwelling_pct":7.35,"motor_pct":29.14,"rate_per100k":28.3,"year":"FY 2022-23 & 2023-24 (avg)","crime_band":2}},{"type":"Feature","geometry":{"type":"Polygon","coordinates":[[[144.94311,-37.67344],[144.93947,-37.67292],[144.93928,-37.67463],[144.9404,-37.67597],[144.93995,-37.67753],[144.93858,-37.67854],[144.93812,-37.68104],[144.93644,-37.68084],[144.93755,-37.67696],[144.92325,-37.6752],[144.92544,-37.66416],[144.9469,-37.66645],[144.95,-37.67424],[144.94311,-37.67344]]]},"properties":{"state":"VIC","src":"VIC-OpenStats","suburb":"Dallas","crime_index":70.8,"violent_pct":73.62,"dwelling_pct":70.2,"motor_pct":68.43,"rate_per100k":70.8,"year":"FY 2022-23 & 2023-24 (avg)","crime_band":5}},{"type":"Feature","geometry":{"type":"Polygon","coordinates":[[[145.22037,-37.97068],[145.23413,-37.97224],[145.23569,-37.97413],[145.23495,-37.97834],[145.23418,-37.97847],[145.23426,-37.97951],[145.23286,-37.97957],[145.23249,-37.98055],[145.23314,-37.98057],[145.23185,-37.98094],[145.23264,-37.98193],[145.23177,-37.98356],[145.23232,-37.98385],[145.23205,-37.98546],[145.2309,-37.98551],[145.23011,-37.98858],[145.2277,-37.99025],[145.22653,-37.99346],[145.22866,-37.99376],[145.22733,-38.00076],[145.22554,-38.00052],[145.22603,-38.00178],[145.21857,-37.99827],[145.21823,-37.99987],[145.21343,-37.99929],[145.21251,-38.00394],[145.20788,-38.00338],[145.20805,-38.0025],[145.19357,-38.00068],[145.19469,-37.99811],[145.1921,-37.9948],[145.19267,-37.98989],[145.19405,-37.98257],[145.19653,-37.98145],[145.19695,-37.98041],[145.19645,-37.97876],[145.19318,-37.97796],[145.19508,-37.96753],[145.22037,-37.97068]]]},"properties":{"state":"VIC","src":"VIC-OpenStats","suburb":"Dandenong","crime_index":95.0,"violent_pct":97.31,"dwelling_pct":89.96,"motor_pct":97.72,"rate_per100k":95.0,"year":"FY 2022-23 & 2023-24 (avg)","crime_band":6}},{"type":"Feature","geometry":{"type":"Polygon","coordinates":[[[145.22193,-37.97086],[145.19508,-37.96753],[145.19629,-37.96472],[145.20264,-37.95598],[145.19777,-37.95592],[145.19632,-37.9552],[145.19871,-37.94096],[145.19497,-37.93778],[145.21964,-37.94017],[145.21908,-37.9408],[145.22027,-37.9411],[145.21937,-37.94173],[145.22242,-37.94345],[145.22295,-37.94557],[145.22604,-37.94815],[145.2258,-37.94924],[145.22698,-37.9506],[145.22964,-37.95236],[145.23286,-37.95323],[145.23407,-37.95869],[145.23371,-37.96025],[145.23242,-37.96134],[145.23364,-37.96451],[145.23286,-37.97035],[145.23413,-37.97224],[145.22193,-37.97086]]]},"properties":{"state":"VIC","src":"VIC-OpenStats","suburb":"Dandenong North","crime_index":65.9,"violent_pct":75.37,"dwelling_pct":58.68,"motor_pct":63.58,"rate_per100k":65.9,"year":"FY 2022-23 & 2023-24 (avg)","crime_band":4}},{"type":"Feature","geometry":{"type":"Polygon","coordinates":[[[144.45087,-37.65412],[144.45115,-37.65535],[144.45338,-37.65752],[144.45206,-37.66366],[144.45023,-37.66349],[144.44932,-37.66435],[144.45122,-37.66617],[144.44566,-37.6643],[144.43261,-37.66316],[144.4097,-37.66517],[144.40921,-37.66269],[144.40641,-37.66095],[144.40875,-37.66107],[144.4085,-37.66035],[144.40979,-37.65995],[144.40937,-37.65866],[144.40679,-37.65824],[144.4102,-37.65526],[144.40693,-37.65324],[144.40345,-37.65241],[144.40251,-37.65001],[144.40076,-37.64986],[144.40239,-37.64705],[144.40171,-37.64626],[144.40249,-37.64266],[144.40165,-37.64129],[144.4021,-37.63922],[144.40089,-37.63899],[144.40026,-37.63724],[144.40182,-37.63663],[144.39816,-37.6323],[144.39646,-37.63261],[144.39419,-37.62946],[144.39603,-37.62697],[144.39414,-37.62368],[144.39614,-37.62272],[144.39477,-37.62193],[144.39628,-37.62003],[144.39537,-37.61891],[144.39582,-37.61862],[144.3936,-37.61806],[144.39336,-37.61602],[144.39146,-37.61545],[144.39102,-37.61364],[144.38965,-37.61331],[144.38876,-37.61109],[144.38983,-37.61102],[144.38752,-37.60969],[144.38685,-37.60794],[144.38463,-37.6076],[144.38481,-37.60673],[144.39752,-37.60812],[144.39731,-37.60965],[144.42003,-37.61222],[144.4245,-37.61403],[144.42719,-37.61624],[144.42877,-37.61636],[144.43103,-37.621],[144.45585,-37.62329],[144.46362,-37.63434],[144.46269,-37.63627],[144.46216,-37.64205],[144.45996,-37.64588],[144.45821,-37.64777],[144.45244,-37.65077],[144.45087,-37.65412]]]},"properties":{"state":"VIC","src":"VIC-OpenStats","suburb":"Darley","crime_index":47.2,"violent_pct":63.26,"dwelling_pct":41.19,"motor_pct":37.3,"rate_per100k":47.2,"year":"FY 2022-23 & 2023-24 (avg)","crime_band":3}},{"type":"Feature","geometry":{"type":"Polygon","coordinates":[[[144.68006,-37.72226],[144.68167,-37.71865],[144.6839,-37.71963],[144.68577,-37.72193],[144.68359,-37.72698],[144.68466,-37.72969],[144.68633,-37.72956],[144.6874,-37.72681],[144.69329,-37.72376],[144.69454,-37.72472],[144.69429,-37.72748],[144.69619,-37.72965],[144.69536,-37.73085],[144.69617,-37.73212],[144.70136,-37.73207],[144.7045,-37.73453],[144.70719,-37.7348],[144.71051,-37.71873],[144.72911,-37.7213],[144.72739,-37.73094],[144.72746,-37.73478],[144.72578,-37.73749],[144.72414,-37.74437],[144.72369,-37.75091],[144.70525,-37.74733],[144.67091,-37.73498],[144.67141,-37.73144],[144.66922,-37.72851],[144.66967,-37.72693],[144.67179,-37.72628],[144.67554,-37.72837],[144.67671,-37.72565],[144.67872,-37.72567],[144.68006,-37.72226]]]},"properties":{"state":"VIC","src":"VIC-OpenStats","suburb":"Deanside","crime_index":81.3,"violent_pct":69.51,"dwelling_pct":97.1,"motor_pct":77.21,"rate_per100k":81.3,"year":"FY 2022-23 & 2023-24 (avg)","crime_band":5}},{"type":"Feature","geometry":{"type":"Polygon","coordinates":[[[145.07241,-37.81276],[145.07208,-37.81451],[145.06947,-37.81427],[145.06918,-37.81583],[145.06803,-37.81569],[145.06831,-37.8142],[145.06718,-37.81406],[145.06691,-37.81547],[145.06529,-37.8155],[145.06454,-37.81458],[145.0649,-37.81599],[145.05974,-37.8154],[145.06136,-37.80691],[145.07236,-37.80818],[145.07169,-37.81167],[145.07259,-37.81178],[145.07241,-37.81276]]]},"properties":{"state":"VIC","src":"VIC-OpenStats","suburb":"Deepdene (Vic.)","crime_index":49.5,"violent_pct":23.97,"dwelling_pct":66.82,"motor_pct":57.86,"rate_per100k":49.5,"year":"FY 2022-23 & 2023-24 (avg)","crime_band":4}},{"type":"Feature","geometry":{"type":"Polygon","coordinates":[[[144.77113,-37.75186],[144.77405,-37.74976],[144.77808,-37.75034],[144.77525,-37.76647],[144.77655,-37.76634],[144.77638,-37.76758],[144.78485,-37.76805],[144.78546,-37.76918],[144.78805,-37.76933],[144.78918,-37.76785],[144.79031,-37.76783],[144.78999,-37.77072],[144.7939,-37.77045],[144.79346,-37.77788],[144.78914,-37.78424],[144.75478,-37.78139],[144.75827,-37.75541],[144.75643,-37.75427],[144.75731,-37.75203],[144.75689,-37.75055],[144.76285,-37.75049],[144.77113,-37.75186]]]},"properties":{"state":"VIC","src":"VIC-OpenStats","suburb":"Deer Park","crime_index":67.0,"violent_pct":72.86,"dwelling_pct":51.84,"motor_pct":76.26,"rate_per100k":67.0,"year":"FY 2022-23 & 2023-24 (avg)","crime_band":5}},{"type":"Feature","geometry":{"type":"Polygon","coordinates":[[[144.77102,-37.71005],[144.7818,-37.71129],[144.79046,-37.7224],[144.79298,-37.72794],[144.78201,-37.72756],[144.76405,-37.72554],[144.7681,-37.7098],[144.77102,-37.71005]]]},"properties":{"state":"VIC","src":"VIC-OpenStats","suburb":"Delahey","crime_index":42.6,"violent_pct":61.57,"dwelling_pct":37.74,"motor_pct":28.58,"rate_per100k":42.6,"year":"FY 2022-23 & 2023-24 (avg)","crime_band":3}},{"type":"Feature","geometry":{"type":"Polygon","coordinates":[[[144.76155,-37.78197],[144.7903,-37.78435],[144.78856,-37.78808],[144.78784,-37.79222],[144.78806,-37.79543],[144.78974,-37.79588],[144.78921,-37.8002],[144.80226,-37.80062],[144.80647,-37.80236],[144.80701,-37.80279],[144.8056,-37.80297],[144.80664,-37.80446],[144.80685,-37.80939],[144.80832,-37.81042],[144.80909,-37.81541],[144.75098,-37.81045],[144.75478,-37.78139],[144.76155,-37.78197]]]},"properties":{"state":"VIC","src":"VIC-OpenStats","suburb":"Derrimut","crime_index":51.9,"violent_pct":60.23,"dwelling_pct":21.53,"motor_pct":73.88,"rate_per100k":51.9,"year":"FY 2022-23 & 2023-24 (avg)","crime_band":4}},{"type":"Feature","geometry":{"type":"Polygon","coordinates":[[[145.29436,-38.13695],[145.29854,-38.13726],[145.29992,-38.13615],[145.313,-38.14532],[145.31583,-38.15073],[145.31937,-38.16219],[145.32418,-38.16565],[145.35098,-38.19285],[145.34635,-38.19526],[145.34306,-38.19596],[145.33111,-38.1946],[145.32011,-38.19584],[145.30403,-38.2013],[145.29119,-38.20372],[145.2813,-38.2025],[145.29436,-38.13695]]]},"properties":{"state":"VIC","src":"VIC-OpenStats","suburb":"Devon Meadows","crime_index":48.4,"violent_pct":45.22,"dwelling_pct":76.72,"motor_pct":23.17,"rate_per100k":48.4,"year":"FY 2022-23 & 2023-24 (avg)","crime_band":3}},{"type":"Feature","geometry":{"type":"Polygon","coordinates":[[[145.18214,-37.67459],[145.17869,-37.69117],[145.15116,-37.68829],[145.14295,-37.68676],[145.14371,-37.68261],[145.13754,-37.68308],[145.13347,-37.6847],[145.12206,-37.6807],[145.12542,-37.67785],[145.1261,-37.67405],[145.13072,-37.67455],[145.13187,-37.66917],[145.13263,-37.66926],[145.13383,-37.66207],[145.13772,-37.66251],[145.13845,-37.65799],[145.14267,-37.65837],[145.14321,-37.65566],[145.13888,-37.6542],[145.13933,-37.65196],[145.14384,-37.65253],[145.14418,-37.65075],[145.1459,-37.65072],[145.14639,-37.65275],[145.15067,-37.65323],[145.15065,-37.64898],[145.14952,-37.64841],[145.14978,-37.6469],[145.15836,-37.64755],[145.15684,-37.64478],[145.15714,-37.64305],[145.15798,-37.64218],[145.1627,-37.64152],[145.16091,-37.6393],[145.16313,-37.63816],[145.16164,-37.63656],[145.16378,-37.63053],[145.1688,-37.63112],[145.16699,-37.63395],[145.16608,-37.63743],[145.17441,-37.63937],[145.17317,-37.64567],[145.17641,-37.64603],[145.1757,-37.64982],[145.17331,-37.64954],[145.17289,-37.65215],[145.17035,-37.65305],[145.16882,-37.65572],[145.16656,-37.65692],[145.16641,-37.65774],[145.16903,-37.65801],[145.16874,-37.65962],[145.17147,-37.6607],[145.17246,-37.66415],[145.17136,-37.66614],[145.1718,-37.66775],[145.1725,-37.66615],[145.17455,-37.66604],[145.17504,-37.66719],[145.1766,-37.66776],[145.1754,-37.66889],[145.17836,-37.67262],[145.18242,-37.67307],[145.18214,-37.67459]]]},"properties":{"state":"VIC","src":"VIC-OpenStats","suburb":"Diamond Creek","crime_index":26.4,"violent_pct":42.94,"dwelling_pct":14.78,"motor_pct":21.38,"rate_per100k":26.4,"year":"FY 2022-23 & 2023-24 (avg)","crime_band":2}},{"type":"Feature","geometry":{"type":"Polygon","coordinates":[[[144.74338,-37.61812],[144.74847,-37.6187],[144.75171,-37.61679],[144.7517,-37.62138],[144.75487,-37.62138],[144.75622,-37.61904],[144.75755,-37.61867],[144.7638,-37.62278],[144.76998,-37.62129],[144.77025,-37.62254],[144.76903,-37.62403],[144.76978,-37.62474],[144.77617,-37.62313],[144.77872,-37.62369],[144.77873,-37.62514],[144.77714,-37.62451],[144.76961,-37.63007],[144.76875,-37.635],[144.76688,-37.6353],[144.76491,-37.63726],[144.76606,-37.64566],[144.76578,-37.64626],[144.76396,-37.64524],[144.76331,-37.64653],[144.7668,-37.65552],[144.76373,-37.65698],[144.7653,-37.6582],[144.76877,-37.65815],[144.76478,-37.66033],[144.76219,-37.6587],[144.76129,-37.65895],[144.76124,-37.66098],[144.76357,-37.66435],[144.7629,-37.66482],[144.75855,-37.6629],[144.75753,-37.6629],[144.75733,-37.66412],[144.7446,-37.66308],[144.68462,-37.65631],[144.67665,-37.65271],[144.65653,-37.64],[144.65415,-37.63773],[144.65563,-37.63684],[144.65531,-37.63371],[144.65903,-37.63242],[144.66112,-37.62685],[144.66,-37.62466],[144.66053,-37.62342],[144.65884,-37.62259],[144.65949,-37.62014],[144.65831,-37.6184],[144.65802,-37.61615],[144.65458,-37.61367],[144.65415,-37.61239],[144.65646,-37.60641],[144.65622,-37.60281],[144.6573,-37.60146],[144.65513,-37.60001],[144.65478,-37.59823],[144.65559,-37.59722],[144.65498,-37.5966],[144.65694,-37.5939],[144.63416,-37.59135],[144.63463,-37.59027],[144.63279,-37.5901],[144.63061,-37.58672],[144.63199,-37.58574],[144.63125,-37.58424],[144.6319,-37.58323],[144.6312,-37.58173],[144.63156,-37.57929],[144.63044,-37.57855],[144.62973,-37.57631],[144.62764,-37.57611],[144.62644,-37.57482],[144.62587,-37.57214],[144.62498,-37.5721],[144.62435,-37.57064],[144.62451,-37.56835],[144.62365,-37.56754],[144.62482,-37.56531],[144.62605,-37.56471],[144.62621,-37.56289],[144.67165,-37.56771],[144.68174,-37.57957],[144.69309,-37.59593],[144.70091,-37.6054],[144.70952,-37.61421],[144.74338,-37.61812]]]},"properties":{"state":"VIC","src":"VIC-OpenStats","suburb":"Diggers Rest","crime_index":59.1,"violent_pct":48.64,"dwelling_pct":77.97,"motor_pct":50.69,"rate_per100k":59.1,"year":"FY 2022-23 & 2023-24 (avg)","crime_band":4}},{"type":"Feature","geometry":{"type":"Polygon","coordinates":[[[145.1296,-37.96155],[145.13269,-37.96339],[145.14017,-37.97644],[145.14592,-37.9836],[145.1447,-37.99087],[145.10926,-37.9866],[145.11206,-37.96982],[145.11057,-37.9663],[145.1123,-37.95746],[145.13065,-37.95977],[145.1296,-37.96155]]]},"properties":{"state":"VIC","src":"VIC-OpenStats","suburb":"Dingley Village","crime_index":43.3,"violent_pct":35.39,"dwelling_pct":38.7,"motor_pct":55.68,"rate_per100k":43.3,"year":"FY 2022-23 & 2023-24 (avg)","crime_band":3}},{"type":"Feature","geometry":{"type":"Polygon","coordinates":[[[144.95221,-37.82372],[144.94794,-37.82337],[144.94798,-37.82522],[144.94688,-37.82658],[144.9401,-37.82572],[144.93786,-37.82308],[144.92855,-37.82116],[144.92063,-37.8208],[144.9199,-37.81853],[144.93241,-37.81508],[144.93444,-37.81267],[144.93503,-37.80945],[144.94319,-37.81253],[144.94783,-37.81094],[144.95033,-37.81347],[144.95144,-37.81315],[144.95599,-37.82304],[144.95221,-37.82372]]]},"properties":{"state":"VIC","src":"VIC-OpenStats","suburb":"Docklands","crime_index":77.6,"violent_pct":93.11,"dwelling_pct":64.15,"motor_pct":75.45,"rate_per100k":77.6,"year":"FY 2022-23 & 2023-24 (avg)","crime_band":5}},{"type":"Feature","geometry":{"type":"Polygon","coordinates":[[[145.13834,-37.79803],[145.13685,-37.79749],[145.13711,-37.79676],[145.13362,-37.79621],[145.13283,-37.79533],[145.12925,-37.79605],[145.12814,-37.79746],[145.12412,-37.79875],[145.1166,-37.79563],[145.11467,-37.79614],[145.11285,-37.79512],[145.1098,-37.79482],[145.10838,-37.79242],[145.10474,-37.79127],[145.1039,-37.78818],[145.10091,-37.78584],[145.09966,-37.7826],[145.10253,-37.78254],[145.10237,-37.77995],[145.10354,-37.78007],[145.10475,-37.77241],[145.10934,-37.77304],[145.10916,-37.77405],[145.11104,-37.77427],[145.11122,-37.7733],[145.11345,-37.77361],[145.11736,-37.77576],[145.11778,-37.77368],[145.11981,-37.77392],[145.11937,-37.7763],[145.12323,-37.77958],[145.1317,-37.76691],[145.13254,-37.76707],[145.13618,-37.77009],[145.13534,-37.77117],[145.13547,-37.77328],[145.13957,-37.77678],[145.14331,-37.77726],[145.14513,-37.77857],[145.14386,-37.78611],[145.14513,-37.78716],[145.14342,-37.78876],[145.14223,-37.79708],[145.13834,-37.79803]]]},"properties":{"state":"VIC","src":"VIC-OpenStats","suburb":"Doncaster","crime_index":64.1,"violent_pct":42.09,"dwelling_pct":90.74,"motor_pct":59.48,"rate_per100k":64.1,"year":"FY 2022-23 & 2023-24 (avg)","crime_band":4}},{"type":"Feature","geometry":{"type":"Polygon","coordinates":[[[145.15884,-37.77454],[145.16445,-37.77522],[145.16991,-37.74599],[145.1726,-37.7467],[145.17315,-37.74929],[145.17688,-37.75013],[145.17617,-37.75108],[145.17669,-37.75136],[145.17699,-37.75038],[145.17833,-37.75138],[145.18041,-37.75145],[145.18039,-37.75257],[145.18155,-37.75323],[145.1819,-37.75452],[145.18037,-37.75666],[145.18287,-37.75834],[145.18153,-37.76186],[145.18179,-37.76276],[145.18285,-37.76298],[145.1826,-37.76431],[145.18414,-37.76537],[145.18218,-37.76539],[145.18389,-37.77006],[145.18324,-37.77434],[145.18189,-37.77418],[145.18023,-37.77247],[145.17997,-37.77396],[145.17639,-37.77366],[145.17608,-37.77546],[145.17755,-37.77562],[145.17737,-37.77652],[145.17591,-37.77636],[145.17421,-37.78358],[145.17429,-37.78643],[145.17115,-37.78607],[145.17068,-37.7893],[145.17297,-37.79034],[145.17252,-37.79183],[145.17076,-37.79167],[145.17,-37.79556],[145.16938,-37.79556],[145.16869,-37.80229],[145.1608,-37.80192],[145.15827,-37.80044],[145.15455,-37.80061],[145.15066,-37.79874],[145.14856,-37.80003],[145.14672,-37.79988],[145.14493,-37.79755],[145.14223,-37.79716],[145.14342,-37.78876],[145.14513,-37.78716],[145.14386,-37.78611],[145.14619,-37.77309],[145.15884,-37.77454]]]},"properties":{"state":"VIC","src":"VIC-OpenStats","suburb":"Doncaster East","crime_index":40.8,"violent_pct":29.27,"dwelling_pct":69.31,"motor_pct":23.91,"rate_per100k":40.8,"year":"FY 2022-23 & 2023-24 (avg)","crime_band":3}},{"type":"Feature","geometry":{"type":"Polygon","coordinates":[[[145.02892,-37.53413],[145.03244,-37.5669],[145.01518,-37.565],[145.01565,-37.5626],[144.99779,-37.56131],[144.97943,-37.5585],[144.96114,-37.55687],[144.96082,-37.55578],[144.95997,-37.55569],[144.96006,-37.5546],[144.95391,-37.54988],[144.9531,-37.54795],[144.95488,-37.54365],[144.95946,-37.54253],[144.96056,-37.54051],[144.96027,-37.53946],[144.96322,-37.53967],[144.96465,-37.53741],[144.96891,-37.53466],[144.97243,-37.53538],[144.9723,-37.53389],[144.97351,-37.53159],[144.97631,-37.53008],[144.97677,-37.52884],[144.97603,-37.52841],[144.97617,-37.5275],[144.97282,-37.52584],[144.97427,-37.52549],[144.97395,-37.52415],[144.9757,-37.52154],[144.97517,-37.52054],[144.97623,-37.51983],[144.97443,-37.516],[144.97599,-37.51503],[144.97589,-37.51407],[144.97721,-37.51372],[145.02725,-37.51926],[145.02892,-37.53413]]]},"properties":{"state":"VIC","src":"VIC-OpenStats","suburb":"Donnybrook (Vic.)","crime_index":39.8,"violent_pct":40.92,"dwelling_pct":13.45,"motor_pct":65.11,"rate_per100k":39.8,"year":"FY 2022-23 & 2023-24 (avg)","crime_band":3}},{"type":"Feature","geometry":{"type":"Polygon","coordinates":[[[145.21509,-37.8033],[145.21354,-37.81175],[145.21082,-37.80848],[145.20863,-37.80871],[145.20723,-37.80636],[145.20549,-37.80716],[145.20543,-37.8056],[145.19029,-37.80554],[145.18889,-37.80357],[145.18503,-37.80121],[145.18464,-37.80268],[145.1814,-37.80384],[145.17373,-37.80403],[145.17162,-37.80293],[145.16777,-37.80248],[145.16869,-37.80229],[145.16938,-37.79556],[145.17,-37.79556],[145.17076,-37.79167],[145.17252,-37.79183],[145.17287,-37.79086],[145.17213,-37.78943],[145.17068,-37.7893],[145.17115,-37.78607],[145.17429,-37.78643],[145.17421,-37.78358],[145.17591,-37.77636],[145.17737,-37.77652],[145.17755,-37.77562],[145.17608,-37.77546],[145.17639,-37.77366],[145.17997,-37.77396],[145.18023,-37.77247],[145.18189,-37.77418],[145.18324,-37.77434],[145.18389,-37.77006],[145.18218,-37.76539],[145.18595,-37.76541],[145.18632,-37.761],[145.19249,-37.76232],[145.19238,-37.76431],[145.19605,-37.76472],[145.19591,-37.76554],[145.19871,-37.76586],[145.19928,-37.76689],[145.19992,-37.7696],[145.19934,-37.77143],[145.1903,-37.77597],[145.1911,-37.77845],[145.1945,-37.7792],[145.19401,-37.78017],[145.19467,-37.78129],[145.19371,-37.7824],[145.19483,-37.78355],[145.19514,-37.78539],[145.20036,-37.78728],[145.20171,-37.78829],[145.20206,-37.78992],[145.21314,-37.79114],[145.21483,-37.79067],[145.21502,-37.78985],[145.21635,-37.79],[145.21652,-37.78905],[145.22109,-37.79028],[145.22117,-37.79243],[145.21721,-37.79087],[145.21509,-37.8033]]]},"properties":{"state":"VIC","src":"VIC-OpenStats","suburb":"Donvale","crime_index":35.3,"violent_pct":22.68,"dwelling_pct":56.4,"motor_pct":26.85,"rate_per100k":35.3,"year":"FY 2022-23 & 2023-24 (avg)","crime_band":3}},{"type":"Feature","geometry":{"type":"Polygon","coordinates":[[[145.12547,-37.5745],[145.12635,-37.57],[145.13563,-37.56941],[145.14226,-37.57073],[145.14402,-37.5727],[145.17604,-37.57012],[145.17261,-37.57529],[145.17184,-37.57872],[145.17341,-37.57891],[145.17319,-37.58006],[145.18694,-37.58172],[145.18627,-37.58533],[145.18058,-37.58467],[145.17854,-37.58766],[145.17914,-37.58792],[145.17766,-37.59547],[145.17443,-37.59509],[145.17356,-37.5999],[145.1717,-37.6028],[145.17049,-37.60923],[145.17499,-37.6099],[145.17364,-37.6173],[145.17149,-37.61894],[145.17042,-37.62147],[145.16809,-37.62369],[145.16657,-37.62474],[145.16534,-37.62425],[145.16622,-37.61996],[145.16357,-37.61975],[145.16258,-37.62532],[145.1576,-37.62472],[145.15723,-37.62615],[145.15578,-37.62693],[145.15308,-37.62575],[145.15332,-37.62497],[145.14469,-37.62278],[145.14555,-37.61786],[145.14193,-37.61745],[145.14154,-37.61974],[145.13942,-37.61951],[145.13925,-37.62039],[145.12866,-37.61918],[145.12801,-37.62296],[145.12279,-37.62235],[145.12315,-37.62117],[145.1199,-37.62078],[145.11913,-37.62264],[145.11603,-37.62075],[145.1162,-37.61768],[145.11277,-37.6161],[145.1096,-37.61835],[145.1085,-37.61714],[145.10942,-37.61581],[145.10612,-37.61512],[145.10605,-37.6144],[145.10968,-37.61363],[145.10746,-37.6138],[145.10501,-37.61231],[145.1042,-37.60831],[145.10271,-37.60637],[145.10316,-37.60435],[145.10589,-37.60247],[145.10476,-37.60049],[145.10546,-37.59898],[145.10692,-37.59814],[145.10626,-37.59614],[145.10834,-37.59583],[145.1082,-37.59475],[145.11016,-37.59443],[145.10769,-37.59076],[145.1105,-37.59071],[145.11105,-37.5896],[145.11243,-37.59041],[145.11215,-37.58987],[145.11376,-37.58809],[145.1134,-37.58628],[145.11402,-37.58609],[145.11344,-37.58559],[145.11487,-37.58519],[145.11383,-37.58386],[145.11448,-37.58274],[145.11356,-37.58223],[145.11374,-37.58088],[145.11246,-37.58138],[145.11204,-37.58041],[145.11468,-37.57713],[145.11563,-37.57775],[145.1177,-37.57681],[145.11787,-37.57547],[145.11691,-37.57506],[145.11854,-37.57364],[145.12547,-37.5745]]]},"properties":{"state":"VIC","src":"VIC-OpenStats","suburb":"Doreen","crime_index":22.2,"violent_pct":34.1,"dwelling_pct":15.48,"motor_pct":16.98,"rate_per100k":22.2,"year":"FY 2022-23 & 2023-24 (avg)","crime_band":2}},{"type":"Feature","geometry":{"type":"Polygon","coordinates":[[[145.23856,-37.99877],[145.23523,-37.99963],[145.23483,-38.00158],[145.22733,-38.00076],[145.22866,-37.99376],[145.22653,-37.99346],[145.22734,-37.991],[145.23011,-37.98858],[145.23091,-37.9855],[145.23205,-37.98546],[145.23232,-37.98385],[145.23177,-37.98356],[145.23264,-37.98193],[145.23185,-37.98094],[145.23314,-37.98057],[145.23249,-37.98055],[145.23287,-37.97956],[145.23428,-37.97948],[145.23415,-37.97852],[145.23492,-37.97838],[145.23494,-37.97679],[145.23551,-37.97675],[145.23569,-37.97413],[145.23287,-37.97036],[145.23322,-37.96621],[145.23613,-37.96886],[145.23783,-37.9738],[145.24033,-37.97752],[145.25443,-37.99097],[145.25382,-37.99334],[145.25115,-37.99301],[145.25141,-37.9917],[145.24693,-37.99119],[145.2464,-37.99345],[145.24406,-37.99463],[145.2439,-37.99541],[145.245,-37.99567],[145.24413,-37.99905],[145.24168,-38.00031],[145.23948,-37.99995],[145.23856,-37.99877]]]},"properties":{"state":"VIC","src":"VIC-OpenStats","suburb":"Doveton","crime_index":84.5,"violent_pct":92.3,"dwelling_pct":82.39,"motor_pct":78.81,"rate_per100k":84.5,"year":"FY 2022-23 & 2023-24 (avg)","crime_band":6}},{"type":"Feature","geometry":{"type":"Polygon","coordinates":[[[145.00615,-38.34651],[145.00725,-38.34836],[145.00363,-38.34919],[145.00391,-38.3503],[145.00142,-38.34999],[144.99916,-38.351],[145.00004,-38.35433],[144.99722,-38.3553],[144.997,-38.35718],[144.99531,-38.35929],[144.98478,-38.35805],[144.98453,-38.35936],[144.96759,-38.35733],[144.96849,-38.34728],[144.96194,-38.34651],[144.96179,-38.34736],[144.95898,-38.34742],[144.95866,-38.34854],[144.95244,-38.34828],[144.95189,-38.34778],[144.95273,-38.34355],[144.95212,-38.34295],[144.94251,-38.34659],[144.93989,-38.34577],[144.938,-38.3435],[144.95773,-38.33551],[144.97308,-38.32791],[144.98894,-38.32992],[145.00793,-38.32005],[145.02164,-38.30731],[145.02614,-38.30411],[145.06467,-38.30871],[145.05922,-38.33783],[145.02792,-38.33429],[145.02553,-38.34604],[145.01375,-38.34454],[145.01322,-38.34613],[145.01081,-38.34644],[145.01094,-38.34583],[145.00679,-38.34535],[145.00615,-38.34651]]]},"properties":{"state":"VIC","src":"VIC-OpenStats","suburb":"Dromana","crime_index":64.3,"violent_pct":46.22,"dwelling_pct":93.11,"motor_pct":53.57,"rate_per100k":64.3,"year":"FY 2022-23 & 2023-24 (avg)","crime_band":4}},{"type":"Feature","geometry":{"type":"Polygon","coordinates":[[[144.64359,-38.18192],[144.64091,-38.19631],[144.61385,-38.19288],[144.60835,-38.19955],[144.58485,-38.19676],[144.58442,-38.19908],[144.57554,-38.19782],[144.57437,-38.20288],[144.56516,-38.20189],[144.56481,-38.20371],[144.55591,-38.20269],[144.55627,-38.20085],[144.55808,-38.20103],[144.55966,-38.1926],[144.55913,-38.19128],[144.55998,-38.19093],[144.56028,-38.18914],[144.55992,-38.18649],[144.54995,-38.18529],[144.55349,-38.1673],[144.55955,-38.16799],[144.56001,-38.16557],[144.56299,-38.16592],[144.56314,-38.1651],[144.56461,-38.16528],[144.56419,-38.16799],[144.56522,-38.16951],[144.56638,-38.16691],[144.5675,-38.16705],[144.56798,-38.16453],[144.57239,-38.16506],[144.57364,-38.15861],[144.58233,-38.15964],[144.58397,-38.15252],[144.58871,-38.14982],[144.59164,-38.1468],[144.58356,-38.14229],[144.58037,-38.13926],[144.58602,-38.13469],[144.59682,-38.14648],[144.6492,-38.15259],[144.64359,-38.18192]]]},"properties":{"state":"VIC","src":"VIC-OpenStats","suburb":"Drysdale","crime_index":22.9,"violent_pct":49.29,"dwelling_pct":12.19,"motor_pct":7.25,"rate_per100k":22.9,"year":"FY 2022-23 & 2023-24 (avg)","crime_band":2}},{"type":"Feature","geometry":{"type":"Polygon","coordinates":[[[145.05634,-37.75683],[145.06072,-37.75876],[145.07721,-37.76013],[145.07923,-37.76243],[145.07647,-37.76735],[145.07185,-37.76657],[145.07173,-37.76542],[145.06928,-37.76565],[145.06844,-37.76648],[145.0669,-37.76629],[145.06347,-37.77034],[145.05154,-37.7683],[145.05189,-37.76617],[145.05102,-37.76542],[145.05362,-37.76361],[145.0539,-37.76005],[145.05261,-37.75915],[145.05573,-37.75593],[145.05634,-37.75683]]]},"properties":{"state":"VIC","src":"VIC-OpenStats","suburb":"Eaglemont","crime_index":56.0,"violent_pct":19.61,"dwelling_pct":81.81,"motor_pct":66.49,"rate_per100k":56.0,"year":"FY 2022-23 & 2023-24 (avg)","crime_band":4}},{"type":"Feature","geometry":{"type":"Polygon","coordinates":[[[144.37261,-38.15234],[144.37498,-38.14725],[144.37442,-38.14639],[144.38473,-38.14324],[144.38483,-38.14472],[144.38877,-38.14867],[144.39428,-38.14949],[144.3952,-38.15037],[144.38677,-38.15676],[144.38451,-38.16867],[144.37987,-38.16382],[144.37757,-38.16518],[144.37604,-38.16356],[144.37425,-38.16432],[144.37294,-38.16351],[144.3702,-38.16654],[144.36728,-38.16404],[144.37261,-38.15234]]]},"properties":{"state":"VIC","src":"VIC-OpenStats","suburb":"East Geelong","crime_index":69.1,"violent_pct":46.54,"dwelling_pct":81.74,"motor_pct":79.09,"rate_per100k":69.1,"year":"FY 2022-23 & 2023-24 (avg)","crime_band":5}},{"type":"Feature","geometry":{"type":"Polygon","coordinates":[[[144.98978,-37.81906],[144.9891,-37.82311],[144.98449,-37.82193],[144.97862,-37.81858],[144.97472,-37.81587],[144.97137,-37.80771],[144.99136,-37.80972],[144.98978,-37.81906]]]},"properties":{"state":"VIC","src":"VIC-OpenStats","suburb":"East Melbourne","crime_index":94.9,"violent_pct":93.77,"dwelling_pct":93.49,"motor_pct":97.41,"rate_per100k":94.9,"year":"FY 2022-23 & 2023-24 (avg)","crime_band":6}},{"type":"Feature","geometry":{"type":"Polygon","coordinates":[[[145.06841,-37.47932],[145.0866,-37.48159],[145.08258,-37.50316],[145.09156,-37.50425],[145.09135,-37.50538],[145.09344,-37.50605],[145.093,-37.50816],[145.09491,-37.51067],[145.09441,-37.51194],[145.09936,-37.5125],[145.09659,-37.52715],[145.042,-37.52083],[145.05524,-37.44821],[145.06677,-37.44979],[145.0693,-37.45514],[145.07278,-37.45657],[145.06841,-37.47932]]]},"properties":{"state":"VIC","src":"VIC-OpenStats","suburb":"Eden Park","crime_index":3.8,"violent_pct":4.33,"dwelling_pct":5.91,"motor_pct":1.13,"rate_per100k":3.8,"year":"FY 2022-23 & 2023-24 (avg)","crime_band":1}},{"type":"Feature","geometry":{"type":"Polygon","coordinates":[[[145.12347,-38.03999],[145.12262,-38.04041],[145.1232,-38.0414],[145.10987,-38.046],[145.10415,-38.03495],[145.11844,-38.02954],[145.12305,-38.03365],[145.12592,-38.03915],[145.12347,-38.03999]]]},"properties":{"state":"VIC","src":"VIC-OpenStats","suburb":"Edithvale","crime_index":47.3,"violent_pct":21.93,"dwelling_pct":71.64,"motor_pct":48.24,"rate_per100k":47.3,"year":"FY 2022-23 & 2023-24 (avg)","crime_band":3}},{"type":"Feature","geometry":{"type":"Polygon","coordinates":[[[145.01606,-37.88044],[145.01295,-37.89667],[145.00475,-37.8958],[145.00104,-37.88858],[144.99675,-37.88349],[144.99801,-37.8769],[145.01632,-37.87914],[145.01606,-37.88044]]]},"properties":{"state":"VIC","src":"VIC-OpenStats","suburb":"Elsternwick","crime_index":63.5,"violent_pct":55.06,"dwelling_pct":64.1,"motor_pct":71.35,"rate_per100k":63.5,"year":"FY 2022-23 & 2023-24 (avg)","crime_band":4}},{"type":"Feature","geometry":{"type":"Polygon","coordinates":[[[145.1555,-37.73396],[145.15176,-37.73564],[145.14998,-37.73841],[145.14844,-37.73721],[145.14293,-37.73891],[145.13774,-37.73826],[145.13568,-37.7409],[145.13416,-37.73822],[145.13472,-37.73485],[145.13563,-37.73371],[145.13774,-37.73317],[145.13489,-37.73208],[145.13604,-37.72558],[145.13504,-37.72486],[145.13779,-37.71795],[145.13363,-37.71332],[145.13161,-37.70769],[145.14702,-37.7094],[145.14564,-37.7073],[145.14671,-37.70633],[145.14916,-37.70606],[145.14916,-37.7041],[145.15034,-37.70331],[145.15323,-37.70318],[145.15262,-37.70009],[145.15437,-37.69954],[145.15341,-37.69803],[145.15232,-37.69849],[145.15106,-37.6975],[145.15167,-37.69588],[145.15113,-37.69517],[145.15202,-37.69373],[145.15131,-37.69236],[145.15257,-37.69164],[145.15312,-37.68939],[145.15421,-37.68997],[145.15558,-37.68839],[145.16463,-37.68954],[145.16433,-37.69163],[145.16775,-37.69229],[145.16889,-37.69464],[145.17268,-37.69433],[145.17723,-37.69812],[145.17299,-37.72392],[145.17623,-37.72307],[145.1775,-37.72348],[145.1777,-37.72439],[145.17893,-37.72439],[145.18107,-37.72189],[145.18126,-37.72398],[145.18285,-37.724],[145.18706,-37.72278],[145.18962,-37.72076],[145.1918,-37.72112],[145.19074,-37.72614],[145.18919,-37.72595],[145.18885,-37.72761],[145.19501,-37.7273],[145.19382,-37.73177],[145.1902,-37.73224],[145.1879,-37.73029],[145.18477,-37.73086],[145.18132,-37.72983],[145.18047,-37.73206],[145.17838,-37.73383],[145.17983,-37.73737],[145.17749,-37.73845],[145.17613,-37.7349],[145.16502,-37.73425],[145.16243,-37.73772],[145.1555,-37.73396]]]},"properties":{"state":"VIC","src":"VIC-OpenStats","suburb":"Eltham (Vic.)","crime_index":26.0,"violent_pct":39.35,"dwelling_pct":20.74,"motor_pct":17.98,"rate_per100k":26.0,"year":"FY 2022-23 & 2023-24 (avg)","crime_band":2}},{"type":"Feature","geometry":{"type":"Polygon","coordinates":[[[145.14899,-37.70616],[145.14671,-37.70633],[145.14562,-37.70732],[145.14702,-37.7094],[145.13161,-37.70769],[145.13036,-37.70591],[145.12811,-37.7047],[145.12805,-37.70188],[145.12893,-37.70039],[145.13525,-37.69782],[145.13663,-37.69638],[145.13601,-37.69283],[145.13311,-37.69147],[145.13215,-37.6896],[145.13709,-37.68601],[145.15558,-37.68839],[145.15421,-37.68997],[145.15312,-37.68939],[145.15257,-37.69164],[145.15131,-37.69236],[145.15202,-37.69373],[145.15113,-37.69517],[145.15167,-37.69588],[145.15106,-37.6975],[145.15232,-37.69849],[145.15341,-37.69803],[145.15437,-37.69954],[145.15262,-37.70009],[145.15323,-37.70318],[145.14918,-37.70406],[145.14959,-37.70555],[145.14899,-37.70616]]]},"properties":{"state":"VIC","src":"VIC-OpenStats","suburb":"Eltham North","crime_index":16.2,"violent_pct":6.51,"dwelling_pct":27.43,"motor_pct":14.8,"rate_per100k":16.2,"year":"FY 2022-23 & 2023-24 (avg)","crime_band":1}},{"type":"Feature","geometry":{"type":"Polygon","coordinates":[[[144.98435,-37.87244],[144.98598,-37.87181],[144.98671,-37.8706],[144.98863,-37.87047],[144.99702,-37.8838],[144.99227,-37.88326],[144.99068,-37.89172],[144.985,-37.89099],[144.9813,-37.88667],[144.97566,-37.88211],[144.97575,-37.87912],[144.97732,-37.87867],[144.97558,-37.87872],[144.97451,-37.87626],[144.97757,-37.87506],[144.9775,-37.87439],[144.98045,-37.8738],[144.98071,-37.87306],[144.98435,-37.87244]]]},"properties":{"state":"VIC","src":"VIC-OpenStats","suburb":"Elwood","crime_index":65.4,"violent_pct":34.72,"dwelling_pct":76.41,"motor_pct":85.03,"rate_per100k":65.4,"year":"FY 2022-23 & 2023-24 (avg)","crime_band":4}},{"type":"Feature","geometry":{"type":"Polygon","coordinates":[[[145.45339,-37.97932],[145.44901,-37.98191],[145.44147,-37.98297],[145.43351,-37.9787],[145.4257,-37.97905],[145.41823,-37.98064],[145.41409,-37.97763],[145.40793,-37.97891],[145.40394,-37.97618],[145.40004,-37.97911],[145.39362,-37.97913],[145.39361,-37.9754],[145.38814,-37.97542],[145.38753,-37.96001],[145.38813,-37.95729],[145.38228,-37.95593],[145.38443,-37.95439],[145.38515,-37.95161],[145.38351,-37.94801],[145.38217,-37.94116],[145.38352,-37.93826],[145.38534,-37.93733],[145.38863,-37.93699],[145.39679,-37.94026],[145.40033,-37.93984],[145.40331,-37.93816],[145.40685,-37.93809],[145.40651,-37.93573],[145.40881,-37.93612],[145.41004,-37.93494],[145.41226,-37.9354],[145.41233,-37.93753],[145.41312,-37.93796],[145.41737,-37.93727],[145.4174,-37.93786],[145.41977,-37.93786],[145.42143,-37.93694],[145.42146,-37.93781],[145.42227,-37.9378],[145.42223,-37.9365],[145.4266,-37.93693],[145.42645,-37.93575],[145.42749,-37.93591],[145.4275,-37.935],[145.43031,-37.93488],[145.43021,-37.93243],[145.43243,-37.93228],[145.4315,-37.93122],[145.43016,-37.93119],[145.43009,-37.92955],[145.42313,-37.92914],[145.41976,-37.92601],[145.42292,-37.91917],[145.42551,-37.91992],[145.42851,-37.91348],[145.43872,-37.91456],[145.43968,-37.91002],[145.442,-37.9085],[145.44156,-37.90598],[145.44322,-37.90158],[145.44213,-37.89799],[145.44027,-37.89562],[145.44033,-37.89426],[145.44326,-37.89179],[145.44588,-37.89138],[145.44787,-37.88777],[145.44736,-37.88678],[145.44803,-37.8846],[145.45065,-37.88191],[145.45182,-37.88267],[145.4511,-37.8858],[145.45464,-37.88466],[145.45373,-37.88825],[145.45581,-37.89261],[145.45418,-37.89699],[145.45689,-37.89781],[145.46129,-37.90116],[145.46123,-37.90253],[145.46475,-37.91081],[145.46668,-37.91201],[145.46885,-37.91064],[145.46849,-37.91183],[145.47023,-37.91498],[145.46926,-37.91908],[145.46681,-37.92125],[145.47092,-37.92167],[145.46963,-37.92773],[145.46832,-37.92836],[145.46733,-37.93257],[145.47139,-37.93372],[145.47033,-37.93898],[145.47602,-37.93964],[145.47301,-37.95318],[145.47987,-37.95403],[145.47922,-37.95736],[145.48449,-37.95802],[145.48394,-37.9624],[145.4858,-37.96453],[145.4867,-37.96875],[145.48639,-37.96931],[145.47342,-37.96768],[145.47502,-37.9597],[145.47198,-37.95931],[145.46872,-37.9613],[145.46435,-37.9658],[145.46262,-37.97034],[145.46559,-37.97407],[145.4643,-37.97844],[145.46243,-37.97947],[145.45339,-37.97932]]]},"properties":{"state":"VIC","src":"VIC-OpenStats","suburb":"Emerald (Vic.)","crime_index":20.6,"violent_pct":24.64,"dwelling_pct":25.22,"motor_pct":11.82,"rate_per100k":20.6,"year":"FY 2022-23 & 2023-24 (avg)","crime_band":2}},{"type":"Feature","geometry":{"type":"Polygon","coordinates":[[[145.26836,-37.99546],[145.26783,-37.99589],[145.26034,-37.99397],[145.25989,-37.99631],[145.25655,-37.99607],[145.25709,-37.99324],[145.25382,-37.99334],[145.25443,-37.99097],[145.25303,-37.98928],[145.23923,-37.97622],[145.23613,-37.96886],[145.23322,-37.96621],[145.23359,-37.96408],[145.23242,-37.96134],[145.23371,-37.96025],[145.23407,-37.9587],[145.23345,-37.95432],[145.23219,-37.95256],[145.2292,-37.95206],[145.23375,-37.94264],[145.23326,-37.94188],[145.24388,-37.94315],[145.24536,-37.94864],[145.25882,-37.95852],[145.26346,-37.95815],[145.27736,-37.95988],[145.2821,-37.96194],[145.28158,-37.96443],[145.2824,-37.96641],[145.28092,-37.96753],[145.27707,-37.98627],[145.27421,-37.98709],[145.2719,-37.99148],[145.27473,-37.9918],[145.27447,-37.99276],[145.27278,-37.99434],[145.27094,-37.99412],[145.2708,-37.99484],[145.26836,-37.99546]]]},"properties":{"state":"VIC","src":"VIC-OpenStats","suburb":"Endeavour Hills","crime_index":57.1,"violent_pct":65.14,"dwelling_pct":53.43,"motor_pct":52.74,"rate_per100k":57.1,"year":"FY 2022-23 & 2023-24 (avg)","crime_band":4}},{"type":"Feature","geometry":{"type":"Polygon","coordinates":[[[145.02904,-37.6607],[144.99931,-37.65748],[144.99537,-37.65903],[144.98826,-37.65755],[144.98226,-37.66516],[144.98147,-37.66997],[144.97754,-37.66954],[144.97597,-37.67063],[144.97472,-37.67001],[144.97407,-37.66906],[144.97593,-37.66769],[144.97586,-37.66577],[144.97235,-37.6637],[144.9735,-37.66081],[144.97223,-37.6593],[144.97514,-37.65918],[144.97698,-37.65822],[144.97484,-37.6555],[144.97558,-37.65447],[144.97457,-37.65234],[144.97628,-37.65007],[144.97445,-37.64686],[144.97158,-37.64525],[144.97105,-37.64325],[144.96934,-37.64308],[144.97024,-37.64049],[144.96893,-37.63854],[144.9669,-37.63825],[144.96499,-37.63548],[144.96122,-37.63562],[144.95852,-37.63435],[144.95866,-37.63334],[144.95744,-37.63188],[144.95903,-37.62859],[144.95875,-37.62769],[144.95565,-37.62605],[144.95549,-37.62378],[144.9528,-37.62319],[144.95514,-37.6225],[144.95737,-37.62074],[144.95542,-37.61926],[144.95615,-37.61731],[144.95459,-37.61532],[145.06452,-37.62634],[145.06372,-37.63028],[145.06288,-37.63119],[145.06062,-37.63143],[145.06036,-37.63291],[145.06379,-37.63731],[145.06414,-37.63882],[145.06275,-37.64365],[145.06389,-37.64349],[145.06611,-37.64867],[145.06773,-37.64901],[145.04221,-37.65177],[145.03956,-37.65684],[145.03718,-37.65958],[145.03706,-37.66104],[145.02904,-37.6607]]]},"properties":{"state":"VIC","src":"VIC-OpenStats","suburb":"Epping (Vic.)","crime_index":9.6,"violent_pct":5.21,"dwelling_pct":16.83,"motor_pct":6.74,"rate_per100k":9.6,"year":"FY 2022-23 & 2023-24 (avg)","crime_band":1}},{"type":"Feature","geometry":{"type":"Polygon","coordinates":[[[144.91649,-37.75695],[144.9167,-37.76071],[144.91598,-37.76112],[144.90641,-37.76058],[144.90733,-37.75597],[144.88948,-37.75392],[144.89234,-37.73731],[144.91017,-37.74447],[144.90821,-37.7413],[144.93349,-37.74405],[144.93386,-37.74458],[144.93284,-37.74545],[144.92856,-37.7457],[144.92829,-37.74706],[144.92921,-37.74758],[144.92741,-37.74926],[144.92672,-37.75145],[144.92843,-37.75261],[144.92937,-37.75194],[144.93042,-37.75362],[144.93244,-37.7526],[144.93496,-37.75328],[144.93363,-37.75506],[144.93459,-37.75667],[144.93298,-37.75864],[144.93382,-37.75938],[144.91649,-37.75695]]]},"properties":{"state":"VIC","src":"VIC-OpenStats","suburb":"Essendon","crime_index":51.9,"violent_pct":41.6,"dwelling_pct":37.33,"motor_pct":76.83,"rate_per100k":51.9,"year":"FY 2022-23 & 2023-24 (avg)","crime_band":4}},{"type":"Feature","geometry":{"type":"Polygon","coordinates":[[[144.8986,-37.73515],[144.9045,-37.73536],[144.91017,-37.74447],[144.89252,-37.73739],[144.89295,-37.73457],[144.8986,-37.73515]]]},"properties":{"state":"VIC","src":"VIC-OpenStats","suburb":"Essendon North","crime_index":51.6,"violent_pct":68.97,"dwelling_pct":12.68,"motor_pct":73.28,"rate_per100k":51.6,"year":"FY 2022-23 & 2023-24 (avg)","crime_band":4}},{"type":"Feature","geometry":{"type":"Polygon","coordinates":[[[144.88708,-37.7485],[144.89044,-37.74888],[144.88909,-37.75534],[144.88997,-37.7567],[144.88895,-37.76189],[144.88534,-37.76174],[144.8843,-37.76098],[144.88423,-37.75955],[144.88567,-37.7568],[144.88523,-37.756],[144.88003,-37.75578],[144.87789,-37.75653],[144.87707,-37.7558],[144.87782,-37.754],[144.87973,-37.75324],[144.88151,-37.74787],[144.88708,-37.7485]]]},"properties":{"state":"VIC","src":"VIC-OpenStats","suburb":"Essendon West","crime_index":39.6,"violent_pct":58.31,"dwelling_pct":31.74,"motor_pct":28.87,"rate_per100k":39.6,"year":"FY 2022-23 & 2023-24 (avg)","crime_band":3}},{"type":"Feature","geometry":{"type":"Polygon","coordinates":[[[145.2464,-37.99345],[145.24693,-37.99119],[145.25141,-37.9917],[145.25115,-37.99301],[145.25382,-37.99334],[145.25186,-38.00362],[145.23483,-38.00158],[145.23523,-37.99963],[145.23771,-37.99876],[145.24168,-38.00031],[145.24413,-37.99905],[145.245,-37.99567],[145.2439,-37.99541],[145.24406,-37.99463],[145.2464,-37.99345]]]},"properties":{"state":"VIC","src":"VIC-OpenStats","suburb":"Eumemmerring","crime_index":85.2,"violent_pct":86.43,"dwelling_pct":89.16,"motor_pct":80.04,"rate_per100k":85.2,"year":"FY 2022-23 & 2023-24 (avg)","crime_band":6}},{"type":"Feature","geometry":{"type":"Polygon","coordinates":[[[144.57742,-37.8069],[144.57668,-37.81165],[144.57819,-37.81584],[144.5769,-37.81661],[144.57332,-37.81679],[144.57265,-37.81841],[144.5755,-37.81968],[144.57985,-37.82027],[144.57851,-37.82185],[144.57908,-37.82339],[144.55895,-37.84071],[144.54563,-37.83415],[144.52955,-37.82063],[144.51592,-37.81452],[144.4755,-37.79281],[144.47768,-37.781],[144.51343,-37.78507],[144.52099,-37.74163],[144.56765,-37.74655],[144.57401,-37.74847],[144.57518,-37.74817],[144.5769,-37.75024],[144.57625,-37.75354],[144.57926,-37.75652],[144.58232,-37.75813],[144.58039,-37.75946],[144.57923,-37.76145],[144.57999,-37.76468],[144.57817,-37.77011],[144.57956,-37.77321],[144.58302,-37.77563],[144.58397,-37.77894],[144.58914,-37.78161],[144.59049,-37.78446],[144.58786,-37.78685],[144.59086,-37.78905],[144.58829,-37.79426],[144.58438,-37.79472],[144.57819,-37.79939],[144.58236,-37.80144],[144.58063,-37.80402],[144.57873,-37.80422],[144.57742,-37.8069]]]},"properties":{"state":"VIC","src":"VIC-OpenStats","suburb":"Eynesbury","crime_index":27.6,"violent_pct":13.84,"dwelling_pct":41.1,"motor_pct":27.95,"rate_per100k":27.6,"year":"FY 2022-23 & 2023-24 (avg)","crime_band":2}},{"type":"Feature","geometry":{"type":"Polygon","coordinates":[[[145.01976,-37.77916],[145.01915,-37.78306],[145.02093,-37.7827],[145.02028,-37.78674],[145.01308,-37.78585],[145.0196,-37.79229],[145.01915,-37.79287],[145.01414,-37.7921],[145.01386,-37.79359],[145.01775,-37.79548],[145.01771,-37.79729],[145.02087,-37.7984],[145.01852,-37.80023],[145.02108,-37.80285],[145.01948,-37.80365],[145.01636,-37.80294],[145.0148,-37.80009],[145.01236,-37.79912],[145.00681,-37.80081],[145.0067,-37.79877],[145.00964,-37.79653],[145.00807,-37.79629],[145.00461,-37.79806],[145.00384,-37.79595],[145.00262,-37.79585],[145.00195,-37.79665],[145.00115,-37.79498],[145.00846,-37.78895],[145.0081,-37.78689],[145.00423,-37.78436],[145.01431,-37.78382],[145.01521,-37.77916],[145.01586,-37.77876],[145.01474,-37.77863],[145.01557,-37.774],[145.01608,-37.77405],[145.0178,-37.7672],[145.01671,-37.76709],[145.01704,-37.76512],[145.02743,-37.76622],[145.02509,-37.77916],[145.01976,-37.77916]]]},"properties":{"state":"VIC","src":"VIC-OpenStats","suburb":"Fairfield (Vic.)","crime_index":29.4,"violent_pct":24.07,"dwelling_pct":29.39,"motor_pct":34.88,"rate_per100k":29.4,"year":"FY 2022-23 & 2023-24 (avg)","crime_band":2}},{"type":"Feature","geometry":{"type":"Polygon","coordinates":[[[144.97455,-37.69398],[144.97606,-37.69502],[144.97725,-37.694],[144.97893,-37.69455],[144.97866,-37.69709],[144.98069,-37.69809],[144.97958,-37.70063],[144.98105,-37.70114],[144.98252,-37.70294],[144.98184,-37.70391],[144.97855,-37.70472],[144.98083,-37.70735],[144.97877,-37.708],[144.97712,-37.7102],[144.97877,-37.71131],[144.97901,-37.71248],[144.97702,-37.71364],[144.98066,-37.71437],[144.98074,-37.7157],[144.97962,-37.71666],[144.97812,-37.71669],[144.97851,-37.71942],[144.97272,-37.72019],[144.96299,-37.7192],[144.96054,-37.70452],[144.95927,-37.70438],[144.95821,-37.6951],[144.95712,-37.69218],[144.95854,-37.69217],[144.95813,-37.68953],[144.96543,-37.69037],[144.9672,-37.69136],[144.97207,-37.69099],[144.97044,-37.6926],[144.9727,-37.69243],[144.97455,-37.69398]]]},"properties":{"state":"VIC","src":"VIC-OpenStats","suburb":"Fawkner","crime_index":63.8,"violent_pct":76.21,"dwelling_pct":53.65,"motor_pct":61.46,"rate_per100k":63.8,"year":"FY 2022-23 & 2023-24 (avg)","crime_band":4}},{"type":"Feature","geometry":{"type":"Polygon","coordinates":[[[145.28498,-37.8739],[145.28998,-37.87419],[145.2909,-37.87337],[145.28933,-37.87148],[145.29257,-37.86946],[145.29317,-37.86808],[145.29855,-37.86992],[145.29855,-37.86703],[145.30143,-37.86768],[145.30433,-37.86986],[145.30617,-37.86911],[145.3085,-37.87105],[145.30786,-37.87621],[145.30616,-37.87603],[145.30531,-37.87913],[145.30513,-37.88025],[145.30645,-37.88039],[145.30623,-37.88118],[145.30412,-37.88154],[145.30498,-37.88245],[145.30395,-37.88438],[145.30492,-37.88489],[145.30355,-37.88545],[145.30454,-37.88797],[145.30336,-37.8877],[145.30259,-37.88873],[145.30421,-37.89004],[145.30348,-37.89109],[145.30105,-37.8899],[145.3006,-37.89075],[145.30136,-37.89124],[145.30042,-37.89181],[145.30086,-37.89261],[145.29488,-37.90032],[145.28758,-37.90099],[145.28155,-37.90529],[145.27972,-37.9037],[145.28098,-37.90053],[145.27464,-37.89968],[145.27429,-37.9015],[145.27305,-37.90024],[145.26318,-37.90225],[145.26302,-37.90034],[145.26008,-37.90027],[145.25846,-37.89139],[145.25734,-37.89175],[145.25671,-37.88999],[145.25692,-37.8837],[145.25603,-37.88371],[145.25566,-37.88283],[145.25695,-37.88253],[145.25694,-37.87688],[145.25761,-37.87688],[145.25906,-37.87364],[145.25647,-37.87279],[145.25857,-37.86875],[145.26166,-37.86912],[145.26263,-37.86803],[145.26636,-37.86727],[145.26945,-37.86852],[145.27332,-37.86757],[145.27771,-37.86842],[145.28008,-37.8696],[145.28197,-37.87285],[145.28498,-37.8739]]]},"properties":{"state":"VIC","src":"VIC-OpenStats","suburb":"Ferntree Gully","crime_index":55.7,"violent_pct":58.41,"dwelling_pct":54.65,"motor_pct":54.03,"rate_per100k":55.7,"year":"FY 2022-23 & 2023-24 (avg)","crime_band":4}},{"type":"Feature","geometry":{"type":"Polygon","coordinates":[[[145.34067,-37.89032],[145.33277,-37.88983],[145.33124,-37.88615],[145.33063,-37.88611],[145.33139,-37.88471],[145.32931,-37.88356],[145.32899,-37.88252],[145.32699,-37.88184],[145.32305,-37.87784],[145.32189,-37.87504],[145.32016,-37.87494],[145.32056,-37.87237],[145.32183,-37.87235],[145.3266,-37.86658],[145.32927,-37.86693],[145.33065,-37.87018],[145.33439,-37.87051],[145.33424,-37.86929],[145.33205,-37.86811],[145.33158,-37.86457],[145.3333,-37.86371],[145.33571,-37.86477],[145.33782,-37.8644],[145.33892,-37.86064],[145.34025,-37.86206],[145.34234,-37.86231],[145.3437,-37.86607],[145.34418,-37.87106],[145.34339,-37.87167],[145.34577,-37.87409],[145.34518,-37.87496],[145.34281,-37.87538],[145.34238,-37.87749],[145.3413,-37.8786],[145.34368,-37.87964],[145.34499,-37.8841],[145.34656,-37.88447],[145.34749,-37.88565],[145.34721,-37.88649],[145.34826,-37.88672],[145.34624,-37.88969],[145.34067,-37.89032]]]},"properties":{"state":"VIC","src":"VIC-OpenStats","suburb":"Ferny Creek","crime_index":12.5,"violent_pct":18.27,"dwelling_pct":5.23,"motor_pct":13.94,"rate_per100k":12.5,"year":"FY 2022-23 & 2023-24 (avg)","crime_band":1}},{"type":"Feature","geometry":{"type":"Polygon","coordinates":[[[144.98455,-37.79735],[144.98256,-37.80891],[144.97319,-37.80791],[144.97575,-37.7929],[144.98291,-37.79334],[144.98281,-37.79391],[144.9851,-37.79416],[144.98455,-37.79735]]]},"properties":{"state":"VIC","src":"VIC-OpenStats","suburb":"Fitzroy (Vic.)","crime_index":96.7,"violent_pct":96.85,"dwelling_pct":95.06,"motor_pct":98.18,"rate_per100k":96.7,"year":"FY 2022-23 & 2023-24 (avg)","crime_band":6}},{"type":"Feature","geometry":{"type":"Polygon","coordinates":[[[144.97826,-37.77906],[144.9792,-37.77348],[144.98825,-37.77492],[144.99011,-37.77965],[144.99201,-37.78046],[144.99202,-37.78252],[144.9956,-37.78468],[144.99565,-37.78698],[144.98568,-37.7908],[144.9851,-37.79416],[144.98281,-37.79391],[144.98291,-37.79334],[144.97575,-37.7929],[144.97826,-37.77906]]]},"properties":{"state":"VIC","src":"VIC-OpenStats","suburb":"Fitzroy North","crime_index":78.5,"violent_pct":57.88,"dwelling_pct":84.85,"motor_pct":92.92,"rate_per100k":78.5,"year":"FY 2022-23 & 2023-24 (avg)","crime_band":5}},{"type":"Feature","geometry":{"type":"Polygon","coordinates":[[[144.93498,-37.78862],[144.92131,-37.78745],[144.92293,-37.78913],[144.91293,-37.79515],[144.90385,-37.79173],[144.90271,-37.78975],[144.90497,-37.78714],[144.90634,-37.78739],[144.90824,-37.78252],[144.91359,-37.77938],[144.91762,-37.7836],[144.92204,-37.7837],[144.9226,-37.78034],[144.92644,-37.78031],[144.93041,-37.78152],[144.93258,-37.7812],[144.93804,-37.78464],[144.94037,-37.78761],[144.93821,-37.78897],[144.93498,-37.78862]]]},"properties":{"state":"VIC","src":"VIC-OpenStats","suburb":"Flemington","crime_index":75.4,"violent_pct":90.96,"dwelling_pct":43.51,"motor_pct":91.61,"rate_per100k":75.4,"year":"FY 2022-23 & 2023-24 (avg)","crime_band":5}},{"type":"Feature","geometry":{"type":"Polygon","coordinates":[[[145.02617,-38.48306],[145.01774,-38.48316],[145.01462,-38.48016],[145.01101,-38.47965],[145.00843,-38.48125],[145.0066,-38.48099],[144.99669,-38.48407],[144.99391,-38.48591],[144.99204,-38.48474],[144.99061,-38.4853],[144.9905,-38.48441],[144.98923,-38.48414],[144.98742,-38.48582],[144.98437,-38.48526],[144.98006,-38.48706],[144.97875,-38.48958],[144.97677,-38.48942],[144.97669,-38.49029],[144.97561,-38.49045],[144.97176,-38.48949],[144.97112,-38.48768],[144.96965,-38.48712],[144.95908,-38.48682],[144.95312,-38.48916],[144.95077,-38.48815],[144.9465,-38.49014],[144.94509,-38.48969],[144.94249,-38.4917],[144.94349,-38.49511],[144.93887,-38.49514],[144.93635,-38.49419],[144.93801,-38.49646],[144.93742,-38.49707],[144.9324,-38.49478],[144.93154,-38.4958],[144.92872,-38.49616],[144.92789,-38.49541],[144.92481,-38.49625],[144.9244,-38.49738],[144.91865,-38.497],[144.9182,-38.49634],[144.91924,-38.49604],[144.91954,-38.49469],[144.91493,-38.49275],[144.91533,-38.49123],[144.91353,-38.48976],[144.91617,-38.48883],[144.91882,-38.48929],[144.92093,-38.48815],[144.92441,-38.4834],[144.92799,-38.48367],[144.9287,-38.48183],[144.92989,-38.48144],[144.92979,-38.4797],[144.93205,-38.4799],[144.93254,-38.47833],[144.93468,-38.47721],[144.93477,-38.47631],[144.93299,-38.47545],[144.93333,-38.4747],[144.93079,-38.47511],[144.9312,-38.4729],[144.93287,-38.4713],[144.932,-38.471],[144.93099,-38.46841],[144.93355,-38.46681],[144.93346,-38.46618],[144.93153,-38.46567],[144.93341,-38.46516],[144.93232,-38.4636],[144.93246,-38.46249],[144.93558,-38.46043],[144.93697,-38.46065],[144.9367,-38.45913],[144.93851,-38.45839],[144.93689,-38.4573],[144.93761,-38.45536],[144.93668,-38.45344],[144.93822,-38.45339],[144.93812,-38.45188],[144.93516,-38.45111],[144.9315,-38.44736],[144.93074,-38.44383],[144.93251,-38.44214],[144.94166,-38.44234],[144.94195,-38.43458],[144.94876,-38.43481],[144.94916,-38.43556],[144.95177,-38.43577],[144.95529,-38.43503],[144.95288,-38.42835],[144.95406,-38.42738],[144.95285,-38.4271],[144.95268,-38.42531],[144.95432,-38.42559],[144.95449,-38.42285],[144.95591,-38.42289],[144.95688,-38.42171],[144.96069,-38.42094],[144.96163,-38.42204],[144.96038,-38.42359],[144.96003,-38.42831],[144.9607,-38.42966],[144.97231,-38.43107],[144.9773,-38.42752],[144.98908,-38.41339],[144.99588,-38.41933],[145.00018,-38.41644],[145.00201,-38.41747],[145.00453,-38.42192],[145.00684,-38.4228],[145.01172,-38.42814],[145.01678,-38.43094],[145.01716,-38.43488],[145.02082,-38.43979],[145.02078,-38.44125],[145.02285,-38.44194],[145.0237,-38.4433],[145.02421,-38.44513],[145.02368,-38.44695],[145.02664,-38.44779],[145.02856,-38.45153],[145.03055,-38.45326],[145.03442,-38.4539],[145.03203,-38.45734],[145.03286,-38.45871],[145.03186,-38.46113],[145.03216,-38.46468],[145.02676,-38.47035],[145.02503,-38.47651],[145.02623,-38.48037],[145.02791,-38.48166],[145.02977,-38.4818],[145.0333,-38.48547],[145.03115,-38.48705],[145.03082,-38.48587],[145.02991,-38.48621],[145.0301,-38.48518],[145.02617,-38.48306]]]},"properties":{"state":"VIC","src":"VIC-OpenStats","suburb":"Flinders (Vic.)","crime_index":21.8,"violent_pct":16.59,"dwelling_pct":11.25,"motor_pct":37.41,"rate_per100k":21.8,"year":"FY 2022-23 & 2023-24 (avg)","crime_band":2}},{"type":"Feature","geometry":{"type":"Polygon","coordinates":[[[144.90633,-37.8095],[144.90546,-37.81528],[144.89986,-37.81466],[144.90106,-37.81204],[144.89826,-37.81124],[144.90024,-37.80694],[144.89711,-37.80567],[144.89741,-37.80397],[144.87949,-37.80149],[144.87992,-37.79769],[144.88139,-37.79783],[144.88352,-37.78635],[144.90283,-37.789],[144.90359,-37.79158],[144.91348,-37.79536],[144.91605,-37.79723],[144.91639,-37.79875],[144.91508,-37.8001],[144.91243,-37.79956],[144.91042,-37.80062],[144.90633,-37.8095]]]},"properties":{"state":"VIC","src":"VIC-OpenStats","suburb":"Footscray","crime_index":93.5,"violent_pct":94.1,"dwelling_pct":90.13,"motor_pct":96.23,"rate_per100k":93.5,"year":"FY 2022-23 & 2023-24 (avg)","crime_band":6}},{"type":"Feature","geometry":{"type":"Polygon","coordinates":[[[145.18349,-37.83975],[145.18227,-37.84582],[145.17083,-37.84535],[145.16927,-37.85483],[145.16297,-37.85413],[145.16438,-37.84679],[145.15689,-37.84576],[145.15723,-37.84425],[145.15985,-37.84448],[145.16,-37.84366],[145.15904,-37.84361],[145.15881,-37.84276],[145.16008,-37.83328],[145.16536,-37.83394],[145.16604,-37.83051],[145.16722,-37.83066],[145.16777,-37.82791],[145.16921,-37.82809],[145.16907,-37.82881],[145.17383,-37.82942],[145.17359,-37.83063],[145.17684,-37.83093],[145.17881,-37.82904],[145.1788,-37.83091],[145.18376,-37.83125],[145.18426,-37.83562],[145.18518,-37.83626],[145.18488,-37.8379],[145.18387,-37.83777],[145.18349,-37.83975]]]},"properties":{"state":"VIC","src":"VIC-OpenStats","suburb":"Forest Hill (Vic.)","crime_index":27.0,"violent_pct":45.68,"dwelling_pct":30.5,"motor_pct":4.94,"rate_per100k":27.0,"year":"FY 2022-23 & 2023-24 (avg)","crime_band":2}},{"type":"Feature","geometry":{"type":"Polygon","coordinates":[[[145.16317,-38.13236],[145.17339,-38.13515],[145.17335,-38.14177],[145.17231,-38.14895],[145.16639,-38.1592],[145.16127,-38.17689],[145.15068,-38.17517],[145.13644,-38.16336],[145.12397,-38.15996],[145.12316,-38.15737],[145.11977,-38.15645],[145.11909,-38.15532],[145.11785,-38.15499],[145.11759,-38.1556],[145.10951,-38.15341],[145.11226,-38.15211],[145.11776,-38.14387],[145.12225,-38.1293],[145.12414,-38.12936],[145.12511,-38.13076],[145.1256,-38.12846],[145.13171,-38.13012],[145.13249,-38.12832],[145.13399,-38.12846],[145.13934,-38.12484],[145.14654,-38.12574],[145.14597,-38.12862],[145.1505,-38.12916],[145.15107,-38.12629],[145.16371,-38.12784],[145.16317,-38.13236]]]},"properties":{"state":"VIC","src":"VIC-OpenStats","suburb":"Frankston","crime_index":89.0,"violent_pct":94.55,"dwelling_pct":83.49,"motor_pct":88.95,"rate_per100k":89.0,"year":"FY 2022-23 & 2023-24 (avg)","crime_band":6}},{"type":"Feature","geometry":{"type":"Polygon","coordinates":[[[145.15457,-38.12672],[145.15107,-38.12629],[145.1505,-38.12916],[145.14597,-38.12862],[145.14654,-38.12574],[145.13934,-38.12484],[145.15743,-38.11272],[145.17526,-38.11486],[145.17385,-38.12193],[145.18196,-38.12675],[145.17823,-38.1317],[145.17693,-38.14051],[145.17316,-38.13948],[145.17339,-38.13515],[145.16273,-38.13224],[145.16371,-38.12784],[145.15457,-38.12672]]]},"properties":{"state":"VIC","src":"VIC-OpenStats","suburb":"Frankston North","crime_index":88.5,"violent_pct":92.09,"dwelling_pct":92.76,"motor_pct":80.69,"rate_per100k":88.5,"year":"FY 2022-23 & 2023-24 (avg)","crime_band":6}},{"type":"Feature","geometry":{"type":"Polygon","coordinates":[[[145.12397,-38.15996],[145.13644,-38.16336],[145.15068,-38.17517],[145.16127,-38.17689],[145.15239,-38.19447],[145.148,-38.19406],[145.13967,-38.19726],[145.13354,-38.19565],[145.12876,-38.20007],[145.10208,-38.16591],[145.1004,-38.1666],[145.09993,-38.1644],[145.09791,-38.16239],[145.10332,-38.1564],[145.10951,-38.15341],[145.11759,-38.1556],[145.11785,-38.15499],[145.11909,-38.15532],[145.11977,-38.15645],[145.12316,-38.15737],[145.12397,-38.15996]]]},"properties":{"state":"VIC","src":"VIC-OpenStats","suburb":"Frankston South","crime_index":33.4,"violent_pct":22.95,"dwelling_pct":51.44,"motor_pct":25.89,"rate_per100k":33.4,"year":"FY 2022-23 & 2023-24 (avg)","crime_band":3}},{"type":"Feature","geometry":{"type":"Polygon","coordinates":[[[144.7272,-37.69307],[144.72972,-37.70655],[144.73258,-37.70622],[144.7325,-37.71398],[144.73316,-37.7155],[144.73248,-37.71575],[144.73197,-37.72157],[144.69247,-37.71658],[144.70273,-37.65834],[144.74442,-37.66306],[144.75486,-37.67648],[144.75444,-37.67836],[144.72769,-37.67547],[144.72473,-37.69026],[144.7272,-37.69307]]]},"properties":{"state":"VIC","src":"VIC-OpenStats","suburb":"Fraser Rise","crime_index":46.7,"violent_pct":29.06,"dwelling_pct":71.5,"motor_pct":39.65,"rate_per100k":46.7,"year":"FY 2022-23 & 2023-24 (avg)","crime_band":3}},{"type":"Feature","geometry":{"type":"Polygon","coordinates":[[[144.31744,-38.14304],[144.31734,-38.144],[144.31443,-38.14436],[144.31276,-38.14715],[144.30742,-38.15098],[144.30491,-38.14993],[144.30305,-38.14779],[144.30096,-38.14783],[144.30003,-38.14875],[144.30048,-38.15081],[144.29409,-38.15177],[144.29398,-38.15576],[144.29102,-38.15702],[144.28878,-38.156],[144.28873,-38.15155],[144.2875,-38.14915],[144.28849,-38.14775],[144.2859,-38.14611],[144.28368,-38.14544],[144.28261,-38.1465],[144.27755,-38.14501],[144.2771,-38.14601],[144.27539,-38.14528],[144.27335,-38.14686],[144.27114,-38.1458],[144.26853,-38.1461],[144.26238,-38.14126],[144.26327,-38.14077],[144.26512,-38.13145],[144.26111,-38.13033],[144.26485,-38.11055],[144.27624,-38.11185],[144.27824,-38.10118],[144.28214,-38.10162],[144.28197,-38.0985],[144.28541,-38.09924],[144.28926,-38.09872],[144.29555,-38.09624],[144.29633,-38.09517],[144.30526,-38.09738],[144.31987,-38.10472],[144.32169,-38.10635],[144.31622,-38.13532],[144.31771,-38.13548],[144.3174,-38.13725],[144.3186,-38.1374],[144.31744,-38.14304]]]},"properties":{"state":"VIC","src":"VIC-OpenStats","suburb":"Fyansford","crime_index":73.8,"violent_pct":29.99,"dwelling_pct":98.66,"motor_pct":92.63,"rate_per100k":73.8,"year":"FY 2022-23 & 2023-24 (avg)","crime_band":5}},{"type":"Feature","geometry":{"type":"Polygon","coordinates":[[[145.00722,-37.89609],[145.01295,-37.89667],[145.01222,-37.90051],[145.00633,-37.89981],[145.00475,-37.8958],[145.00722,-37.89609]]]},"properties":{"state":"VIC","src":"VIC-OpenStats","suburb":"Gardenvale","crime_index":68.5,"violent_pct":54.28,"dwelling_pct":58.73,"motor_pct":92.4,"rate_per100k":68.5,"year":"FY 2022-23 & 2023-24 (avg)","crime_band":5}},{"type":"Feature","geometry":{"type":"Polygon","coordinates":[[[144.36863,-38.16066],[144.36728,-38.16404],[144.35446,-38.15475],[144.3515,-38.1539],[144.35384,-38.13853],[144.35438,-38.13899],[144.35438,-38.13838],[144.35212,-38.13604],[144.35097,-38.13223],[144.35594,-38.13278],[144.35612,-38.13839],[144.36042,-38.142],[144.36517,-38.14482],[144.36727,-38.14495],[144.36858,-38.14651],[144.37442,-38.14639],[144.37498,-38.14725],[144.36863,-38.16066]]]},"properties":{"state":"VIC","src":"VIC-OpenStats","suburb":"Geelong","crime_index":94.4,"violent_pct":99.19,"dwelling_pct":87.65,"motor_pct":96.48,"rate_per100k":94.4,"year":"FY 2022-23 & 2023-24 (avg)","crime_band":6}},{"type":"Feature","geometry":{"type":"Polygon","coordinates":[[[144.34321,-38.1312],[144.35097,-38.13223],[144.35212,-38.13604],[144.35438,-38.13838],[144.35438,-38.13899],[144.35384,-38.13853],[144.35276,-38.14742],[144.33547,-38.14536],[144.33831,-38.13065],[144.34321,-38.1312]]]},"properties":{"state":"VIC","src":"VIC-OpenStats","suburb":"Geelong West","crime_index":78.5,"violent_pct":77.94,"dwelling_pct":74.99,"motor_pct":82.42,"rate_per100k":78.5,"year":"FY 2022-23 & 2023-24 (avg)","crime_band":5}},{"type":"Feature","geometry":{"type":"Polygon","coordinates":[[[145.55284,-37.99322],[145.5464,-37.99241],[145.54703,-37.98887],[145.54138,-37.98817],[145.5407,-37.99158],[145.5399,-37.99178],[145.53743,-37.99032],[145.53981,-37.98654],[145.54307,-37.98452],[145.53774,-37.98385],[145.53942,-37.97544],[145.5405,-37.97538],[145.54028,-37.97482],[145.53732,-37.97343],[145.53602,-37.97433],[145.52707,-37.9733],[145.52905,-37.9628],[145.52264,-37.96204],[145.51905,-37.96293],[145.51656,-37.96222],[145.5188,-37.95077],[145.5153,-37.95033],[145.5161,-37.94623],[145.51465,-37.94498],[145.51775,-37.94491],[145.51832,-37.94226],[145.51687,-37.94169],[145.5174,-37.93903],[145.51636,-37.93821],[145.51132,-37.93733],[145.51244,-37.93148],[145.5147,-37.93175],[145.51598,-37.92523],[145.52167,-37.92665],[145.52228,-37.92666],[145.52236,-37.92567],[145.52914,-37.92649],[145.53036,-37.92196],[145.53336,-37.91897],[145.53521,-37.9149],[145.53792,-37.91531],[145.53888,-37.91358],[145.53675,-37.91128],[145.5376,-37.909],[145.53656,-37.90795],[145.53684,-37.90527],[145.53852,-37.90484],[145.53998,-37.90308],[145.54759,-37.90158],[145.54806,-37.8992],[145.54949,-37.89749],[145.5507,-37.89103],[145.55038,-37.88812],[145.54703,-37.88625],[145.54596,-37.88325],[145.54539,-37.88007],[145.54787,-37.87705],[145.54527,-37.8757],[145.54535,-37.87489],[145.54707,-37.87177],[145.54908,-37.87265],[145.5517,-37.87237],[145.55341,-37.87367],[145.55409,-37.87755],[145.55539,-37.87884],[145.56227,-37.88189],[145.56247,-37.88543],[145.5647,-37.88721],[145.56718,-37.89221],[145.56883,-37.89329],[145.56755,-37.897],[145.56843,-37.89768],[145.56964,-37.89801],[145.57073,-37.89594],[145.57241,-37.89822],[145.57524,-37.89933],[145.5763,-37.89754],[145.58533,-37.89659],[145.58816,-37.89757],[145.58994,-37.89626],[145.60433,-37.898],[145.60374,-37.9011],[145.62793,-37.90401],[145.62512,-37.91696],[145.62605,-37.91757],[145.63012,-37.91733],[145.63136,-37.91844],[145.63619,-37.9179],[145.64209,-37.91835],[145.64468,-37.91709],[145.65261,-37.91642],[145.65091,-37.91448],[145.65058,-37.91268],[145.65796,-37.90798],[145.66224,-37.90879],[145.66784,-37.90836],[145.67071,-37.90713],[145.67113,-37.90341],[145.66908,-37.89953],[145.66927,-37.89706],[145.67085,-37.89572],[145.67054,-37.8943],[145.67303,-37.89323],[145.67515,-37.89387],[145.67648,-37.89316],[145.67967,-37.89354],[145.68144,-37.89125],[145.68632,-37.88881],[145.68625,-37.88566],[145.68495,-37.88309],[145.68575,-37.88126],[145.68686,-37.8808],[145.68955,-37.88379],[145.69389,-37.88599],[145.69949,-37.88511],[145.70226,-37.8865],[145.70708,-37.88718],[145.71298,-37.88606],[145.7161,-37.88374],[145.72155,-37.88523],[145.72225,-37.88698],[145.72194,-37.88897],[145.72324,-37.89018],[145.72423,-37.89362],[145.72808,-37.89691],[145.72842,-37.8984],[145.72716,-37.89981],[145.72855,-37.90069],[145.72923,-37.90286],[145.73307,-37.90337],[145.73437,-37.90153],[145.7379,-37.90199],[145.74812,-37.90752],[145.75192,-37.90404],[145.75436,-37.90408],[145.76514,-37.89861],[145.7643,-37.90134],[145.76263,-37.90325],[145.75556,-37.90889],[145.75081,-37.91716],[145.7475,-37.91922],[145.74696,-37.92398],[145.74126,-37.9271],[145.74172,-37.9296],[145.74649,-37.93461],[145.74698,-37.93826],[145.74517,-37.93915],[145.74191,-37.94353],[145.74205,-37.94621],[145.74118,-37.94835],[145.73659,-37.94899],[145.73487,-37.95017],[145.7368,-37.9533],[145.73691,-37.95526],[145.73381,-37.95628],[145.73107,-37.95882],[145.73106,-37.95976],[145.73312,-37.96156],[145.73958,-37.97178],[145.74973,-37.97703],[145.7527,-37.98039],[145.75602,-37.98254],[145.75515,-37.98488],[145.75636,-37.98466],[145.7567,-37.98595],[145.76174,-37.98901],[145.76254,-37.99071],[145.76207,-37.99141],[145.76271,-37.99153],[145.76198,-37.99231],[145.76278,-37.99311],[145.76166,-37.99492],[145.76248,-37.99539],[145.76127,-37.99717],[145.76127,-37.99927],[145.76255,-38.00042],[145.76194,-38.00252],[145.76461,-38.00717],[145.76473,-38.00872],[145.74345,-38.00884],[145.73809,-38.00408],[145.73134,-38.00411],[145.73125,-37.99524],[145.72698,-37.99527],[145.72702,-37.99947],[145.72554,-37.99993],[145.7215,-37.997],[145.71688,-37.99666],[145.70756,-37.99213],[145.70431,-37.99209],[145.70417,-37.98257],[145.70174,-37.98184],[145.7013,-37.98678],[145.70227,-37.98913],[145.70128,-37.98987],[145.69916,-37.98933],[145.69575,-37.98696],[145.69276,-37.98822],[145.69182,-37.98749],[145.68643,-37.98686],[145.68596,-37.98566],[145.68252,-37.98375],[145.67485,-37.98138],[145.67363,-37.97985],[145.66758,-37.9806],[145.66747,-37.98206],[145.66453,-37.98099],[145.6616,-37.98135],[145.66127,-37.99322],[145.65663,-37.9936],[145.65549,-37.99459],[145.64275,-37.99238],[145.63596,-37.99241],[145.62151,-37.9905],[145.6212,-37.98921],[145.61697,-37.98901],[145.61645,-37.98745],[145.61245,-37.98806],[145.61074,-37.98664],[145.60503,-37.98672],[145.60501,-37.98342],[145.59951,-37.98398],[145.59686,-37.98571],[145.58694,-37.98453],[145.5836,-38.00485],[145.57954,-38.005],[145.5801,-37.99973],[145.57832,-37.99594],[145.57729,-37.99527],[145.57687,-37.99295],[145.56978,-37.99264],[145.56749,-37.99415],[145.56576,-37.99694],[145.56247,-37.99845],[145.55915,-37.99833],[145.5554,-38.00181],[145.55619,-38.00026],[145.5559,-37.99897],[145.55384,-37.99716],[145.55284,-37.99322]]]},"properties":{"state":"VIC","src":"VIC-OpenStats","suburb":"Gembrook","crime_index":24.4,"violent_pct":52.75,"dwelling_pct":13.59,"motor_pct":6.92,"rate_per100k":24.4,"year":"FY 2022-23 & 2023-24 (avg)","crime_band":2}},{"type":"Feature","geometry":{"type":"Polygon","coordinates":[[[144.59196,-37.52991],[144.58674,-37.55531],[144.56118,-37.5524],[144.55929,-37.55529],[144.55574,-37.5571],[144.55623,-37.55889],[144.48572,-37.55105],[144.48681,-37.5454],[144.49223,-37.54388],[144.48539,-37.54324],[144.48559,-37.54224],[144.49245,-37.54303],[144.49668,-37.51917],[144.50175,-37.51976],[144.502,-37.51818],[144.50003,-37.51794],[144.50247,-37.50774],[144.50093,-37.50618],[144.50687,-37.50242],[144.5139,-37.50949],[144.51567,-37.50835],[144.51769,-37.50958],[144.52064,-37.50771],[144.51971,-37.50671],[144.52119,-37.50577],[144.5201,-37.50465],[144.52233,-37.5032],[144.52327,-37.50055],[144.5194,-37.50022],[144.51746,-37.49826],[144.52226,-37.49522],[144.52328,-37.49605],[144.5306,-37.49678],[144.53013,-37.50019],[144.53522,-37.50083],[144.53548,-37.49949],[144.54969,-37.50105],[144.55054,-37.50026],[144.55048,-37.49796],[144.54993,-37.49677],[144.5479,-37.496],[144.54749,-37.49365],[144.54952,-37.49116],[144.54644,-37.48644],[144.53404,-37.47619],[144.54234,-37.47794],[144.54374,-37.47034],[144.53239,-37.46905],[144.5316,-37.46356],[144.53295,-37.45969],[144.54016,-37.45919],[144.54246,-37.45711],[144.54468,-37.45701],[144.54707,-37.45454],[144.54952,-37.45726],[144.54794,-37.45957],[144.54906,-37.4603],[144.54955,-37.46303],[144.55214,-37.46135],[144.55512,-37.46279],[144.55599,-37.46465],[144.55821,-37.46515],[144.56046,-37.46286],[144.56006,-37.46055],[144.5622,-37.45893],[144.56262,-37.45693],[144.56506,-37.45708],[144.56468,-37.45943],[144.56784,-37.46072],[144.57654,-37.45543],[144.58119,-37.46495],[144.58316,-37.46739],[144.59824,-37.47622],[144.60427,-37.48217],[144.6196,-37.47396],[144.63754,-37.4761],[144.65019,-37.46943],[144.65539,-37.46848],[144.65433,-37.47276],[144.65121,-37.47317],[144.65009,-37.47816],[144.64761,-37.47781],[144.64593,-37.48533],[144.65769,-37.48691],[144.63806,-37.49949],[144.63142,-37.53454],[144.62431,-37.5337],[144.62386,-37.53613],[144.61903,-37.53558],[144.61687,-37.53532],[144.61729,-37.53309],[144.61152,-37.53239],[144.61163,-37.53182],[144.59196,-37.52991]]]},"properties":{"state":"VIC","src":"VIC-OpenStats","suburb":"Gisborne","crime_index":25.4,"violent_pct":43.57,"dwelling_pct":14.39,"motor_pct":18.1,"rate_per100k":25.4,"year":"FY 2022-23 & 2023-24 (avg)","crime_band":2}},{"type":"Feature","geometry":{"type":"Polygon","coordinates":[[[144.90069,-37.69599],[144.88963,-37.70466],[144.88773,-37.6974],[144.88227,-37.68911],[144.88349,-37.68216],[144.88679,-37.68048],[144.90544,-37.68119],[144.90575,-37.68886],[144.9096,-37.69401],[144.90384,-37.69406],[144.90069,-37.69599]]]},"properties":{"state":"VIC","src":"VIC-OpenStats","suburb":"Gladstone Park","crime_index":46.5,"violent_pct":58.56,"dwelling_pct":29.25,"motor_pct":51.59,"rate_per100k":46.5,"year":"FY 2022-23 & 2023-24 (avg)","crime_band":3}},{"type":"Feature","geometry":{"type":"Polygon","coordinates":[[[145.0452,-37.89796],[145.03614,-37.89679],[145.03816,-37.88627],[145.04613,-37.88726],[145.04479,-37.88964],[145.0461,-37.89338],[145.0452,-37.89796]]]},"properties":{"state":"VIC","src":"VIC-OpenStats","suburb":"Glen Huntly","crime_index":69.8,"violent_pct":64.11,"dwelling_pct":79.45,"motor_pct":65.83,"rate_per100k":69.8,"year":"FY 2022-23 & 2023-24 (avg)","crime_band":5}},{"type":"Feature","geometry":{"type":"Polygon","coordinates":[[[145.0948,-37.8551],[145.09366,-37.86136],[145.08212,-37.86017],[145.0827,-37.85885],[145.0796,-37.85954],[145.0761,-37.85809],[145.07475,-37.86571],[145.07522,-37.86699],[145.06843,-37.86626],[145.06559,-37.86737],[145.06498,-37.86445],[145.06354,-37.86512],[145.06208,-37.86244],[145.06157,-37.86488],[145.06357,-37.86683],[145.06292,-37.86743],[145.06163,-37.86742],[145.06073,-37.86586],[145.05996,-37.86626],[145.05946,-37.86464],[145.05788,-37.86563],[145.03974,-37.86337],[145.04055,-37.85851],[145.04121,-37.85817],[145.04068,-37.85774],[145.04143,-37.8536],[145.04223,-37.85278],[145.04169,-37.85271],[145.04216,-37.85043],[145.04446,-37.84821],[145.04499,-37.84542],[145.05344,-37.84563],[145.05356,-37.84491],[145.05412,-37.84498],[145.0538,-37.84661],[145.0566,-37.84694],[145.05676,-37.846],[145.06305,-37.84671],[145.06375,-37.84742],[145.06447,-37.84687],[145.07444,-37.84797],[145.0743,-37.84877],[145.09153,-37.84995],[145.09554,-37.85081],[145.0948,-37.8551]]]},"properties":{"state":"VIC","src":"VIC-OpenStats","suburb":"Glen Iris (Vic.)","crime_index":44.9,"violent_pct":8.3,"dwelling_pct":59.67,"motor_pct":66.63,"rate_per100k":44.9,"year":"FY 2022-23 & 2023-24 (avg)","crime_band":3}},{"type":"Feature","geometry":{"type":"Polygon","coordinates":[[[145.16448,-37.86142],[145.19571,-37.86516],[145.19471,-37.86541],[145.1954,-37.86618],[145.19417,-37.86626],[145.19513,-37.86691],[145.19402,-37.86849],[145.19482,-37.86863],[145.19289,-37.87064],[145.19327,-37.87156],[145.19218,-37.87163],[145.1934,-37.87422],[145.19182,-37.87445],[145.19264,-37.87475],[145.19266,-37.87571],[145.19125,-37.87684],[145.19199,-37.87766],[145.19086,-37.87897],[145.19205,-37.8793],[145.19087,-37.88057],[145.19242,-37.88086],[145.19314,-37.88244],[145.19412,-37.88207],[145.19534,-37.88324],[145.19455,-37.88447],[145.19548,-37.8849],[145.19432,-37.88569],[145.19599,-37.88618],[145.19504,-37.88732],[145.19626,-37.88866],[145.19716,-37.88841],[145.19715,-37.88927],[145.19846,-37.88928],[145.20029,-37.8914],[145.19917,-37.89208],[145.20017,-37.89294],[145.17636,-37.89025],[145.17356,-37.90486],[145.14294,-37.90124],[145.15076,-37.85976],[145.16448,-37.86142]]]},"properties":{"state":"VIC","src":"VIC-OpenStats","suburb":"Glen Waverley","crime_index":59.6,"violent_pct":34.26,"dwelling_pct":86.8,"motor_pct":57.71,"rate_per100k":59.6,"year":"FY 2022-23 & 2023-24 (avg)","crime_band":4}},{"type":"Feature","geometry":{"type":"Polygon","coordinates":[[[144.90373,-37.69898],[144.89781,-37.69829],[144.90241,-37.69467],[144.90492,-37.69385],[144.91901,-37.69468],[144.95712,-37.69218],[144.95821,-37.6951],[144.95927,-37.70438],[144.93923,-37.70199],[144.93642,-37.71504],[144.93378,-37.71474],[144.93348,-37.71624],[144.92688,-37.7154],[144.92725,-37.71346],[144.92376,-37.71199],[144.92311,-37.71212],[144.92397,-37.71498],[144.92067,-37.71531],[144.91944,-37.71149],[144.9171,-37.71195],[144.91736,-37.71364],[144.90903,-37.71261],[144.90893,-37.71312],[144.90121,-37.7123],[144.89754,-37.70925],[144.89814,-37.70798],[144.90067,-37.7065],[144.90127,-37.70506],[144.9032,-37.70425],[144.90304,-37.7021],[144.90429,-37.70086],[144.90373,-37.69898]]]},"properties":{"state":"VIC","src":"VIC-OpenStats","suburb":"Glenroy (Vic.)","crime_index":56.9,"violent_pct":48.15,"dwelling_pct":49.65,"motor_pct":72.9,"rate_per100k":56.9,"year":"FY 2022-23 & 2023-24 (avg)","crime_band":4}},{"type":"Feature","geometry":{"type":"Polygon","coordinates":[[[144.13238,-37.57583],[144.13113,-37.5776],[144.13248,-37.57782],[144.13013,-37.59224],[144.1399,-37.59295],[144.13901,-37.59321],[144.13535,-37.61484],[144.12333,-37.61347],[144.12418,-37.60822],[144.10911,-37.60709],[144.11008,-37.60143],[144.10384,-37.60137],[144.10496,-37.603],[144.10065,-37.6049],[144.10036,-37.6066],[144.09783,-37.60661],[144.09789,-37.61024],[144.0888,-37.61055],[144.0889,-37.59592],[144.09096,-37.58509],[144.08158,-37.58393],[144.08208,-37.58122],[144.06555,-37.57919],[144.06612,-37.57575],[144.07119,-37.5763],[144.07357,-37.56247],[144.0796,-37.56309],[144.08057,-37.55891],[144.08169,-37.55731],[144.0729,-37.55266],[144.07535,-37.54909],[144.07899,-37.54883],[144.08,-37.54756],[144.08378,-37.54638],[144.0842,-37.54776],[144.08545,-37.54803],[144.08552,-37.54674],[144.08734,-37.54551],[144.08916,-37.54577],[144.08889,-37.54517],[144.09062,-37.54309],[144.09279,-37.54242],[144.09437,-37.54048],[144.09498,-37.53525],[144.09392,-37.53334],[144.09422,-37.5307],[144.09131,-37.52664],[144.14412,-37.52709],[144.14386,-37.52924],[144.1486,-37.53122],[144.1488,-37.5325],[144.14731,-37.53352],[144.14832,-37.53511],[144.14466,-37.53594],[144.1465,-37.53733],[144.14701,-37.54178],[144.14549,-37.54179],[144.14549,-37.55642],[144.14141,-37.57943],[144.13238,-37.57583]]]},"properties":{"state":"VIC","src":"VIC-OpenStats","suburb":"Gordon (Vic.)","crime_index":7.9,"violent_pct":7.32,"dwelling_pct":10.27,"motor_pct":6.21,"rate_per100k":7.9,"year":"FY 2022-23 & 2023-24 (avg)","crime_band":1}},{"type":"Feature","geometry":{"type":"Polygon","coordinates":[[[144.89692,-37.70932],[144.89082,-37.71006],[144.8894,-37.70484],[144.89781,-37.69829],[144.90373,-37.69898],[144.90429,-37.70086],[144.90304,-37.7021],[144.9032,-37.70425],[144.90127,-37.70506],[144.90062,-37.70655],[144.89692,-37.70932]]]},"properties":{"state":"VIC","src":"VIC-OpenStats","suburb":"Gowanbrae","crime_index":20.1,"violent_pct":9.94,"dwelling_pct":2.27,"motor_pct":48.22,"rate_per100k":20.1,"year":"FY 2022-23 & 2023-24 (avg)","crime_band":2}},{"type":"Feature","geometry":{"type":"Polygon","coordinates":[[[145.5499,-38.41607],[145.55164,-38.41778],[145.55533,-38.41554],[145.56039,-38.41431],[145.56471,-38.41436],[145.56728,-38.41262],[145.57274,-38.411],[145.57797,-38.41387],[145.57906,-38.41667],[145.57715,-38.42682],[145.57489,-38.42818],[145.57292,-38.42786],[145.57346,-38.42993],[145.57119,-38.42833],[145.57145,-38.42946],[145.56961,-38.43351],[145.56604,-38.43321],[145.56606,-38.43538],[145.56099,-38.43769],[145.55749,-38.43828],[145.55547,-38.44097],[145.5516,-38.44023],[145.54864,-38.44258],[145.5449,-38.43799],[145.54652,-38.43076],[145.53838,-38.4283],[145.53601,-38.42683],[145.53529,-38.42512],[145.52207,-38.41778],[145.51863,-38.42131],[145.52279,-38.42302],[145.52178,-38.42466],[145.5167,-38.4228],[145.50429,-38.42961],[145.49964,-38.42348],[145.50008,-38.42135],[145.50245,-38.42165],[145.50626,-38.41825],[145.50467,-38.41666],[145.50836,-38.41582],[145.51339,-38.41588],[145.5173,-38.41477],[145.5298,-38.4037],[145.53483,-38.39791],[145.53683,-38.3933],[145.5422,-38.38675],[145.54445,-38.38116],[145.55083,-38.38199],[145.55183,-38.38297],[145.54004,-38.39351],[145.53893,-38.3957],[145.54126,-38.3964],[145.53899,-38.40147],[145.546,-38.4015],[145.54598,-38.40467],[145.54467,-38.4048],[145.54738,-38.40662],[145.54949,-38.40989],[145.55063,-38.41259],[145.5499,-38.41607]]]},"properties":{"state":"VIC","src":"VIC-OpenStats","suburb":"Grantville","crime_index":66.2,"violent_pct":91.84,"dwelling_pct":59.22,"motor_pct":47.69,"rate_per100k":66.2,"year":"FY 2022-23 & 2023-24 (avg)","crime_band":4}},{"type":"Feature","geometry":{"type":"Polygon","coordinates":[[[145.09921,-37.68941],[145.10191,-37.68722],[145.10252,-37.68501],[145.10202,-37.68394],[145.10361,-37.68289],[145.10645,-37.68153],[145.11238,-37.68231],[145.11815,-37.67923],[145.13347,-37.6847],[145.13055,-37.68598],[145.1168,-37.68791],[145.11435,-37.68904],[145.11369,-37.69071],[145.12891,-37.69259],[145.12791,-37.69357],[145.12747,-37.69621],[145.13631,-37.69705],[145.12893,-37.70039],[145.12805,-37.70188],[145.12811,-37.7047],[145.1202,-37.70028],[145.11476,-37.69988],[145.11662,-37.70609],[145.11257,-37.70554],[145.11076,-37.7072],[145.1149,-37.71169],[145.11399,-37.71112],[145.11413,-37.71217],[145.11131,-37.71352],[145.11227,-37.71391],[145.11158,-37.7154],[145.11308,-37.71579],[145.11314,-37.71644],[145.11089,-37.71656],[145.11216,-37.71844],[145.1109,-37.72032],[145.10517,-37.71915],[145.09346,-37.71835],[145.092,-37.71727],[145.09405,-37.71316],[145.09314,-37.7128],[145.09357,-37.71214],[145.09447,-37.7125],[145.09615,-37.70881],[145.0941,-37.70859],[145.09294,-37.71136],[145.08916,-37.71051],[145.08955,-37.70811],[145.08744,-37.70783],[145.0902,-37.70238],[145.09245,-37.69532],[145.09079,-37.69287],[145.08822,-37.69106],[145.07733,-37.6877],[145.0677,-37.68685],[145.06866,-37.68608],[145.09921,-37.68941]]]},"properties":{"state":"VIC","src":"VIC-OpenStats","suburb":"Greensborough","crime_index":40.3,"violent_pct":60.74,"dwelling_pct":27.02,"motor_pct":33.23,"rate_per100k":40.3,"year":"FY 2022-23 & 2023-24 (avg)","crime_band":3}},{"type":"Feature","geometry":{"type":"Polygon","coordinates":[[[144.91045,-37.61032],[144.91256,-37.61008],[144.91515,-37.62323],[144.91468,-37.62569],[144.91162,-37.6313],[144.90689,-37.66201],[144.88404,-37.66021],[144.8837,-37.65911],[144.87069,-37.65833],[144.86917,-37.66619],[144.86051,-37.66575],[144.85678,-37.66386],[144.85837,-37.66235],[144.85556,-37.65905],[144.85453,-37.65852],[144.85182,-37.65898],[144.8491,-37.65638],[144.84785,-37.65598],[144.84732,-37.65665],[144.84545,-37.65476],[144.84619,-37.65075],[144.84443,-37.6495],[144.84499,-37.64755],[144.84417,-37.64575],[144.843,-37.64503],[144.83392,-37.64397],[144.83637,-37.62959],[144.85409,-37.63143],[144.8549,-37.62977],[144.85911,-37.62789],[144.86401,-37.63004],[144.86631,-37.62954],[144.86829,-37.62791],[144.8698,-37.6253],[144.8695,-37.62397],[144.87121,-37.6195],[144.86937,-37.61727],[144.86979,-37.61199],[144.87159,-37.61015],[144.86912,-37.60357],[144.89209,-37.60631],[144.89106,-37.61053],[144.9003,-37.61169],[144.90055,-37.60914],[144.91045,-37.61032]]]},"properties":{"state":"VIC","src":"VIC-OpenStats","suburb":"Greenvale (Vic.)","crime_index":32.6,"violent_pct":26.53,"dwelling_pct":33.36,"motor_pct":37.9,"rate_per100k":32.6,"year":"FY 2022-23 & 2023-24 (avg)","crime_band":3}},{"type":"Feature","geometry":{"type":"Polygon","coordinates":[[[144.34458,-38.20999],[144.3347,-38.21155],[144.32923,-38.21369],[144.32299,-38.21332],[144.31056,-38.21516],[144.31239,-38.20553],[144.31244,-38.20269],[144.31148,-38.20071],[144.32061,-38.19549],[144.32489,-38.19608],[144.32516,-38.19451],[144.32826,-38.19332],[144.32849,-38.19211],[144.33119,-38.19165],[144.33098,-38.19265],[144.33617,-38.19232],[144.33655,-38.19063],[144.34079,-38.18982],[144.34855,-38.19154],[144.34815,-38.19426],[144.35293,-38.19481],[144.35062,-38.20606],[144.34788,-38.20861],[144.34458,-38.20999]]]},"properties":{"state":"VIC","src":"VIC-OpenStats","suburb":"Grovedale","crime_index":55.3,"violent_pct":70.89,"dwelling_pct":38.48,"motor_pct":56.6,"rate_per100k":55.3,"year":"FY 2022-23 & 2023-24 (avg)","crime_band":4}},{"type":"Feature","geometry":{"type":"Polygon","coordinates":[[[144.94633,-37.71498],[144.93711,-37.71389],[144.93923,-37.70199],[144.96054,-37.70452],[144.96299,-37.7192],[144.95172,-37.71805],[144.95211,-37.71565],[144.94909,-37.71605],[144.94866,-37.71525],[144.94633,-37.71498]]]},"properties":{"state":"VIC","src":"VIC-OpenStats","suburb":"Hadfield","crime_index":68.2,"violent_pct":78.94,"dwelling_pct":58.5,"motor_pct":67.28,"rate_per100k":68.2,"year":"FY 2022-23 & 2023-24 (avg)","crime_band":5}},{"type":"Feature","geometry":{"type":"Polygon","coordinates":[[[145.27613,-37.99196],[145.27518,-37.99719],[145.2896,-37.99954],[145.28786,-38.0051],[145.28411,-38.0048],[145.28293,-38.01089],[145.28369,-38.01119],[145.28406,-38.01926],[145.28717,-38.01961],[145.28676,-38.02162],[145.26091,-38.01874],[145.25743,-38.01893],[145.24899,-38.017],[145.25382,-37.99334],[145.25709,-37.99324],[145.25655,-37.99607],[145.25989,-37.99631],[145.26034,-37.99397],[145.26783,-37.99589],[145.2708,-37.99484],[145.27094,-37.99412],[145.27278,-37.99434],[145.27473,-37.9918],[145.2719,-37.99148],[145.27421,-37.98709],[145.27631,-37.98619],[145.27695,-37.98626],[145.27613,-37.99196]]]},"properties":{"state":"VIC","src":"VIC-OpenStats","suburb":"Hallam","crime_index":73.7,"violent_pct":79.11,"dwelling_pct":50.52,"motor_pct":91.57,"rate_per100k":73.7,"year":"FY 2022-23 & 2023-24 (avg)","crime_band":5}},{"type":"Feature","geometry":{"type":"Polygon","coordinates":[[[144.33933,-38.12686],[144.34296,-38.13108],[144.31746,-38.12801],[144.32015,-38.11712],[144.32169,-38.10635],[144.33933,-38.12686]]]},"properties":{"state":"VIC","src":"VIC-OpenStats","suburb":"Hamlyn Heights","crime_index":50.3,"violent_pct":37.29,"dwelling_pct":63.94,"motor_pct":49.54,"rate_per100k":50.3,"year":"FY 2022-23 & 2023-24 (avg)","crime_band":4}},{"type":"Feature","geometry":{"type":"Polygon","coordinates":[[[145.02287,-37.94278],[145.02388,-37.94332],[145.02355,-37.94548],[145.02273,-37.94645],[145.02056,-37.94618],[145.02038,-37.94707],[145.00126,-37.94434],[144.99596,-37.94502],[144.99355,-37.94452],[144.99216,-37.94001],[144.99913,-37.94166],[144.99919,-37.94116],[144.99776,-37.93785],[144.99286,-37.9324],[144.99407,-37.92811],[144.99922,-37.9296],[145.00621,-37.92956],[145.00638,-37.93162],[145.00855,-37.93188],[145.00792,-37.92977],[145.02418,-37.93228],[145.02525,-37.93356],[145.02287,-37.94278]]]},"properties":{"state":"VIC","src":"VIC-OpenStats","suburb":"Hampton (Vic.)","crime_index":54.8,"violent_pct":24.26,"dwelling_pct":68.62,"motor_pct":71.47,"rate_per100k":54.8,"year":"FY 2022-23 & 2023-24 (avg)","crime_band":4}},{"type":"Feature","geometry":{"type":"Polygon","coordinates":[[[145.02472,-37.93308],[145.02496,-37.93182],[145.03438,-37.93299],[145.03653,-37.93558],[145.03663,-37.93943],[145.0392,-37.94523],[145.02338,-37.94323],[145.02287,-37.94278],[145.02383,-37.93764],[145.02454,-37.93728],[145.02525,-37.93356],[145.02472,-37.93308]]]},"properties":{"state":"VIC","src":"VIC-OpenStats","suburb":"Hampton East","crime_index":81.6,"violent_pct":72.43,"dwelling_pct":90.19,"motor_pct":82.32,"rate_per100k":81.6,"year":"FY 2022-23 & 2023-24 (avg)","crime_band":6}},{"type":"Feature","geometry":{"type":"Polygon","coordinates":[[[145.26476,-38.04753],[145.26532,-38.04477],[145.25909,-38.04542],[145.25524,-38.04707],[145.24906,-38.03794],[145.24688,-38.03615],[145.24665,-38.02654],[145.24899,-38.017],[145.25743,-38.01893],[145.26091,-38.01874],[145.28676,-38.02162],[145.286,-38.02532],[145.28857,-38.02475],[145.27977,-38.06757],[145.26617,-38.06594],[145.2623,-38.05751],[145.26476,-38.04753]]]},"properties":{"state":"VIC","src":"VIC-OpenStats","suburb":"Hampton Park","crime_index":55.7,"violent_pct":77.54,"dwelling_pct":39.41,"motor_pct":50.04,"rate_per100k":55.7,"year":"FY 2022-23 & 2023-24 (avg)","crime_band":4}},{"type":"Feature","geometry":{"type":"Polygon","coordinates":[[[145.35255,-37.98703],[145.35386,-37.98095],[145.36045,-37.97524],[145.361,-37.97204],[145.37922,-37.97501],[145.3793,-37.97663],[145.38201,-37.98058],[145.38165,-37.9825],[145.38247,-37.98459],[145.38097,-37.98523],[145.38,-37.98756],[145.37793,-37.98799],[145.37591,-37.99015],[145.37779,-37.99428],[145.37748,-37.99522],[145.37938,-37.99585],[145.37984,-37.9969],[145.37976,-37.99844],[145.37787,-38.00135],[145.379,-38.00184],[145.37875,-38.00285],[145.38028,-38.0026],[145.3835,-38.00635],[145.38336,-38.00793],[145.38514,-38.00857],[145.38376,-38.01147],[145.38546,-38.01326],[145.37473,-38.01195],[145.3749,-38.01114],[145.37284,-38.01086],[145.37281,-38.01023],[145.36969,-38.00981],[145.37039,-38.00669],[145.36703,-38.00528],[145.36134,-38.00459],[145.36097,-38.00626],[145.35816,-38.00581],[145.35793,-38.0068],[145.35361,-38.0058],[145.35017,-38.00871],[145.34694,-38.00749],[145.34641,-38.00842],[145.34398,-38.00813],[145.34395,-38.01122],[145.33834,-38.00744],[145.33612,-38.00718],[145.33608,-38.00827],[145.33417,-38.00973],[145.33557,-38.01051],[145.33407,-38.01227],[145.33261,-38.01052],[145.32927,-38.01011],[145.32966,-38.0082],[145.329,-38.00749],[145.33067,-38.00648],[145.33001,-38.00585],[145.33093,-38.00318],[145.33317,-38.00345],[145.33402,-37.99938],[145.33185,-37.99849],[145.33528,-37.99383],[145.33508,-37.99213],[145.33786,-37.99081],[145.34185,-37.99039],[145.34571,-37.98827],[145.35223,-37.9886],[145.35255,-37.98703]]]},"properties":{"state":"VIC","src":"VIC-OpenStats","suburb":"Harkaway","crime_index":42.8,"violent_pct":9.85,"dwelling_pct":75.13,"motor_pct":43.48,"rate_per100k":42.8,"year":"FY 2022-23 & 2023-24 (avg)","crime_band":3}},{"type":"Feature","geometry":{"type":"Polygon","coordinates":[[[144.57296,-37.65986],[144.57028,-37.67299],[144.55903,-37.67125],[144.55707,-37.67024],[144.55245,-37.67046],[144.55152,-37.67524],[144.55021,-37.67508],[144.54633,-37.67276],[144.54294,-37.67226],[144.54341,-37.66983],[144.5202,-37.66643],[144.5194,-37.66583],[144.52112,-37.66588],[144.51907,-37.66465],[144.51957,-37.66336],[144.51871,-37.6627],[144.52067,-37.6608],[144.51887,-37.65977],[144.51954,-37.65861],[144.51835,-37.65804],[144.51944,-37.6571],[144.51853,-37.65693],[144.51796,-37.65544],[144.51893,-37.655],[144.51785,-37.65371],[144.51865,-37.65272],[144.51727,-37.65066],[144.51887,-37.65008],[144.51831,-37.64927],[144.51933,-37.64831],[144.51691,-37.64733],[144.51636,-37.64601],[144.51774,-37.64517],[144.51777,-37.64374],[144.51673,-37.64291],[144.51894,-37.64199],[144.51942,-37.6389],[144.52095,-37.63988],[144.51906,-37.63563],[144.53766,-37.63741],[144.53885,-37.63848],[144.53802,-37.64063],[144.55513,-37.64276],[144.55486,-37.64164],[144.57472,-37.6387],[144.57614,-37.64306],[144.57296,-37.65986]]]},"properties":{"state":"VIC","src":"VIC-OpenStats","suburb":"Harkness","crime_index":53.7,"violent_pct":70.38,"dwelling_pct":45.54,"motor_pct":45.29,"rate_per100k":53.7,"year":"FY 2022-23 & 2023-24 (avg)","crime_band":4}},{"type":"Feature","geometry":{"type":"Polygon","coordinates":[[[145.18815,-38.28537],[145.18944,-38.27216],[145.22594,-38.27261],[145.22243,-38.27915],[145.22103,-38.28447],[145.22184,-38.28996],[145.22748,-38.29013],[145.22804,-38.29108],[145.22797,-38.2922],[145.22588,-38.29353],[145.22564,-38.29874],[145.22346,-38.2998],[145.22313,-38.30629],[145.20621,-38.30379],[145.20604,-38.29988],[145.20339,-38.29734],[145.20138,-38.29657],[145.20121,-38.29399],[145.19999,-38.29306],[145.20076,-38.29457],[145.19988,-38.29656],[145.19627,-38.29799],[145.19294,-38.29654],[145.19575,-38.29829],[145.19389,-38.29972],[145.19588,-38.30169],[145.19714,-38.30757],[145.19919,-38.30742],[145.19967,-38.30888],[145.19833,-38.30909],[145.19902,-38.30941],[145.19814,-38.30985],[145.19955,-38.30972],[145.20052,-38.3117],[145.19856,-38.31557],[145.19745,-38.31561],[145.19597,-38.31378],[145.19522,-38.31449],[145.19531,-38.31668],[145.19806,-38.32098],[145.19583,-38.32366],[145.19337,-38.32289],[145.19199,-38.32071],[145.19075,-38.32038],[145.19073,-38.31908],[145.18977,-38.31957],[145.18968,-38.31864],[145.19072,-38.31855],[145.19024,-38.31798],[145.18642,-38.31804],[145.18536,-38.31715],[145.18553,-38.31605],[145.18263,-38.31573],[145.17356,-38.31661],[145.17047,-38.31831],[145.16569,-38.31898],[145.16447,-38.32024],[145.1456,-38.32],[145.14558,-38.28468],[145.18503,-38.28453],[145.18815,-38.28537]]]},"properties":{"state":"VIC","src":"VIC-OpenStats","suburb":"Hastings (Vic.)","crime_index":82.5,"violent_pct":90.02,"dwelling_pct":83.12,"motor_pct":74.27,"rate_per100k":82.5,"year":"FY 2022-23 & 2023-24 (avg)","crime_band":6}},{"type":"Feature","geometry":{"type":"Polygon","coordinates":[[[145.0454,-37.82337],[145.0447,-37.82432],[145.04539,-37.8244],[145.04476,-37.8256],[145.04533,-37.82567],[145.0452,-37.82677],[145.04378,-37.83263],[145.04318,-37.83256],[145.04194,-37.83935],[145.04336,-37.83953],[145.04415,-37.84096],[145.04574,-37.84115],[145.0454,-37.84314],[145.04123,-37.84295],[145.04087,-37.84487],[145.0403,-37.8448],[145.04009,-37.84034],[145.03906,-37.83902],[145.03293,-37.83736],[145.02807,-37.83767],[145.02477,-37.83466],[145.02835,-37.83103],[145.02314,-37.82804],[145.02183,-37.82541],[145.01837,-37.8262],[145.01659,-37.82514],[145.01446,-37.81487],[145.01541,-37.81213],[145.0463,-37.8158],[145.04648,-37.81935],[145.04564,-37.82229],[145.04509,-37.82221],[145.0454,-37.82337]]]},"properties":{"state":"VIC","src":"VIC-OpenStats","suburb":"Hawthorn (Vic.)","crime_index":54.7,"violent_pct":25.24,"dwelling_pct":63.24,"motor_pct":75.65,"rate_per100k":54.7,"year":"FY 2022-23 & 2023-24 (avg)","crime_band":4}},{"type":"Feature","geometry":{"type":"Polygon","coordinates":[[[145.05746,-37.82528],[145.05652,-37.82988],[145.05595,-37.82981],[145.0567,-37.83133],[145.05572,-37.8322],[145.05622,-37.83388],[145.0556,-37.83381],[145.05553,-37.83524],[145.05479,-37.83563],[145.0547,-37.83861],[145.05527,-37.83895],[145.0542,-37.84029],[145.05344,-37.84563],[145.04499,-37.84542],[145.04446,-37.84821],[145.04278,-37.84766],[145.04027,-37.84563],[145.0403,-37.8448],[145.04087,-37.84487],[145.04123,-37.84295],[145.0454,-37.84314],[145.04574,-37.84115],[145.04415,-37.84096],[145.04336,-37.83953],[145.04194,-37.83935],[145.04318,-37.83256],[145.04378,-37.83263],[145.0452,-37.82677],[145.04533,-37.82567],[145.04476,-37.8256],[145.04539,-37.8244],[145.0447,-37.82432],[145.04643,-37.81963],[145.0463,-37.8158],[145.05936,-37.81736],[145.0586,-37.82138],[145.05728,-37.82231],[145.05746,-37.82528]]]},"properties":{"state":"VIC","src":"VIC-OpenStats","suburb":"Hawthorn East","crime_index":55.3,"violent_pct":33.9,"dwelling_pct":68.92,"motor_pct":63.04,"rate_per100k":55.3,"year":"FY 2022-23 & 2023-24 (avg)","crime_band":4}},{"type":"Feature","geometry":{"type":"Polygon","coordinates":[[[145.52286,-37.59839],[145.5626,-37.59323],[145.62859,-37.64947],[145.63353,-37.64964],[145.62894,-37.65241],[145.63582,-37.70936],[145.63467,-37.7144],[145.63362,-37.71515],[145.62896,-37.71549],[145.62671,-37.7167],[145.6237,-37.71572],[145.6213,-37.71273],[145.61887,-37.71198],[145.61698,-37.72282],[145.61482,-37.72474],[145.61385,-37.72389],[145.61325,-37.72147],[145.61573,-37.71733],[145.61151,-37.71197],[145.61243,-37.71018],[145.61207,-37.70934],[145.60996,-37.70838],[145.5999,-37.70744],[145.5995,-37.71114],[145.59723,-37.71341],[145.5871,-37.71207],[145.582,-37.70717],[145.58121,-37.70571],[145.58165,-37.70397],[145.57676,-37.7003],[145.57347,-37.69966],[145.57646,-37.69627],[145.56741,-37.69498],[145.56754,-37.69044],[145.56697,-37.69162],[145.56177,-37.6938],[145.55977,-37.69283],[145.55316,-37.6922],[145.55617,-37.69662],[145.54632,-37.70373],[145.54515,-37.70829],[145.54784,-37.70883],[145.54589,-37.71214],[145.54426,-37.71182],[145.54298,-37.71581],[145.54426,-37.71605],[145.54372,-37.71791],[145.54238,-37.72105],[145.54149,-37.72093],[145.54085,-37.73001],[145.54251,-37.73023],[145.54122,-37.73635],[145.53267,-37.73539],[145.53003,-37.73839],[145.52091,-37.73691],[145.51707,-37.73999],[145.51555,-37.73993],[145.51413,-37.739],[145.51451,-37.73824],[145.51298,-37.73817],[145.51289,-37.73701],[145.51061,-37.73762],[145.50974,-37.73686],[145.50907,-37.73829],[145.50758,-37.73722],[145.50773,-37.73567],[145.50566,-37.73617],[145.50571,-37.73486],[145.50398,-37.73535],[145.50308,-37.7343],[145.50219,-37.73445],[145.50197,-37.73305],[145.49971,-37.73195],[145.50004,-37.73049],[145.49836,-37.73082],[145.49797,-37.72959],[145.50058,-37.72441],[145.50053,-37.72229],[145.50221,-37.72068],[145.50161,-37.71935],[145.50345,-37.71834],[145.50334,-37.71754],[145.50498,-37.71619],[145.50637,-37.71346],[145.50619,-37.71247],[145.50774,-37.71008],[145.50697,-37.70905],[145.50847,-37.70761],[145.50742,-37.70661],[145.50918,-37.70477],[145.50907,-37.70366],[145.50692,-37.70318],[145.50517,-37.70448],[145.50463,-37.70166],[145.50324,-37.70102],[145.50416,-37.69867],[145.502,-37.69888],[145.50149,-37.69594],[145.50008,-37.69639],[145.49895,-37.69503],[145.49759,-37.69573],[145.49642,-37.69531],[145.49643,-37.69038],[145.49447,-37.69079],[145.49576,-37.68879],[145.49452,-37.68816],[145.49687,-37.68632],[145.4955,-37.68523],[145.49486,-37.68731],[145.49328,-37.68593],[145.4932,-37.68469],[145.49192,-37.68396],[145.49344,-37.68253],[145.49163,-37.68152],[145.49097,-37.68018],[145.49024,-37.68067],[145.48957,-37.67935],[145.49032,-37.67844],[145.48891,-37.67787],[145.49122,-37.67604],[145.48894,-37.67503],[145.4888,-37.67399],[145.49172,-37.67369],[145.49277,-37.67284],[145.49238,-37.67216],[145.49058,-37.67222],[145.48986,-37.66918],[145.48858,-37.66968],[145.48676,-37.66815],[145.4874,-37.66633],[145.48913,-37.6654],[145.48506,-37.66572],[145.48432,-37.66506],[145.48494,-37.66356],[145.48373,-37.66364],[145.47984,-37.66446],[145.47858,-37.66697],[145.47484,-37.66385],[145.47286,-37.66498],[145.47229,-37.66911],[145.46954,-37.66798],[145.47085,-37.66628],[145.46905,-37.66675],[145.46933,-37.66546],[145.4662,-37.662],[145.46033,-37.66178],[145.46092,-37.65923],[145.46418,-37.65953],[145.46623,-37.64991],[145.46442,-37.64857],[145.46399,-37.64722],[145.4526,-37.64262],[145.45519,-37.63531],[145.45683,-37.63583],[145.4611,-37.61653],[145.4632,-37.61378],[145.45881,-37.61318],[145.45891,-37.60848],[145.45801,-37.60698],[145.45945,-37.60464],[145.46826,-37.60579],[145.46801,-37.60681],[145.47053,-37.60607],[145.47323,-37.60412],[145.47535,-37.60983],[145.47739,-37.61119],[145.47623,-37.61455],[145.48381,-37.61562],[145.48072,-37.62991],[145.48074,-37.63844],[145.48496,-37.63844],[145.48802,-37.64056],[145.5028,-37.63967],[145.50259,-37.63921],[145.50461,-37.63866],[145.50386,-37.63695],[145.50624,-37.6363],[145.5055,-37.6347],[145.50814,-37.63438],[145.50854,-37.63217],[145.5094,-37.63219],[145.51035,-37.62675],[145.50915,-37.62651],[145.51082,-37.62554],[145.51066,-37.62354],[145.51136,-37.62263],[145.51058,-37.62002],[145.5091,-37.61889],[145.5133,-37.6179],[145.51125,-37.6154],[145.51442,-37.61354],[145.51311,-37.61147],[145.51086,-37.61116],[145.51059,-37.60965],[145.5124,-37.60873],[145.50939,-37.60614],[145.51241,-37.60562],[145.51281,-37.60445],[145.50941,-37.60129],[145.50803,-37.60105],[145.5077,-37.59998],[145.50914,-37.59879],[145.52286,-37.59839]],[[145.53067,-37.67212],[145.52912,-37.67329],[145.53134,-37.67684],[145.52319,-37.68004],[145.52283,-37.67918],[145.51888,-37.67827],[145.51728,-37.67916],[145.51438,-37.67847],[145.51517,-37.68157],[145.51813,-37.68542],[145.51948,-37.69874],[145.52247,-37.70285],[145.52219,-37.7055],[145.54151,-37.70379],[145.54284,-37.70261],[145.54445,-37.70245],[145.54463,-37.70011],[145.54571,-37.6999],[145.54888,-37.70111],[145.54779,-37.69965],[145.54722,-37.69666],[145.55042,-37.69599],[145.55198,-37.69691],[145.55067,-37.69373],[145.55121,-37.69211],[145.55274,-37.6919],[145.55213,-37.69106],[145.56182,-37.68656],[145.55778,-37.68379],[145.55302,-37.68401],[145.55178,-37.68335],[145.54676,-37.67651],[145.54263,-37.67833],[145.53727,-37.67042],[145.5312,-37.67321],[145.53067,-37.67212]]]},"properties":{"state":"VIC","src":"VIC-OpenStats","suburb":"Healesville","crime_index":39.6,"violent_pct":67.08,"dwelling_pct":21.02,"motor_pct":30.7,"rate_per100k":39.6,"year":"FY 2022-23 & 2023-24 (avg)","crime_band":3}},{"type":"Feature","geometry":{"type":"Polygon","coordinates":[[[145.08323,-37.96121],[145.07545,-37.96026],[145.07954,-37.93874],[145.08869,-37.93995],[145.09388,-37.94195],[145.0994,-37.94701],[145.10315,-37.95633],[145.1123,-37.95746],[145.11057,-37.9663],[145.11204,-37.96962],[145.11169,-37.97226],[145.09225,-37.96987],[145.09318,-37.96484],[145.08403,-37.96369],[145.08447,-37.96136],[145.08323,-37.96121]]]},"properties":{"state":"VIC","src":"VIC-OpenStats","suburb":"Heatherton","crime_index":68.2,"violent_pct":61.46,"dwelling_pct":64.96,"motor_pct":78.13,"rate_per100k":68.2,"year":"FY 2022-23 & 2023-24 (avg)","crime_band":5}},{"type":"Feature","geometry":{"type":"Polygon","coordinates":[[[145.24037,-37.83869],[145.23203,-37.84006],[145.22737,-37.83933],[145.22737,-37.83873],[145.22892,-37.83886],[145.22887,-37.83289],[145.22736,-37.83237],[145.22813,-37.83193],[145.22784,-37.83043],[145.22945,-37.83044],[145.22945,-37.82949],[145.22778,-37.82948],[145.2277,-37.82701],[145.22957,-37.82636],[145.23683,-37.82674],[145.23743,-37.82288],[145.24154,-37.82279],[145.24086,-37.82153],[145.24112,-37.81761],[145.24849,-37.8214],[145.2517,-37.82514],[145.26425,-37.82803],[145.26469,-37.82913],[145.26403,-37.83066],[145.26221,-37.83104],[145.2622,-37.83261],[145.25956,-37.83262],[145.25954,-37.83441],[145.25854,-37.83425],[145.25855,-37.83658],[145.25652,-37.83579],[145.25054,-37.83767],[145.24037,-37.83869]]]},"properties":{"state":"VIC","src":"VIC-OpenStats","suburb":"Heathmont","crime_index":27.0,"violent_pct":20.01,"dwelling_pct":33.24,"motor_pct":27.81,"rate_per100k":27.0,"year":"FY 2022-23 & 2023-24 (avg)","crime_band":2}},{"type":"Feature","geometry":{"type":"Polygon","coordinates":[[[145.0735,-37.74814],[145.07899,-37.74834],[145.07871,-37.74989],[145.07925,-37.74996],[145.08064,-37.74239],[145.08382,-37.74334],[145.08625,-37.74527],[145.08196,-37.75056],[145.08247,-37.75145],[145.08169,-37.75427],[145.08328,-37.75484],[145.0816,-37.75635],[145.08032,-37.75405],[145.07778,-37.75447],[145.07724,-37.75604],[145.08057,-37.75786],[145.07898,-37.75824],[145.07494,-37.75694],[145.07312,-37.75851],[145.07346,-37.75957],[145.07684,-37.75855],[145.07721,-37.76013],[145.06008,-37.75863],[145.05672,-37.75714],[145.05573,-37.75593],[145.05784,-37.74732],[145.05878,-37.74643],[145.0735,-37.74814]]]},"properties":{"state":"VIC","src":"VIC-OpenStats","suburb":"Heidelberg","crime_index":75.3,"violent_pct":89.03,"dwelling_pct":69.85,"motor_pct":67.16,"rate_per100k":75.3,"year":"FY 2022-23 & 2023-24 (avg)","crime_band":5}},{"type":"Feature","geometry":{"type":"Polygon","coordinates":[[[145.05777,-37.74767],[145.05638,-37.75504],[145.04609,-37.75112],[145.04914,-37.73445],[145.0574,-37.73529],[145.05846,-37.72923],[145.06085,-37.72971],[145.05777,-37.74767]]]},"properties":{"state":"VIC","src":"VIC-OpenStats","suburb":"Heidelberg Heights","crime_index":78.5,"violent_pct":82.41,"dwelling_pct":73.56,"motor_pct":79.67,"rate_per100k":78.5,"year":"FY 2022-23 & 2023-24 (avg)","crime_band":5}},{"type":"Feature","geometry":{"type":"Polygon","coordinates":[[[145.04914,-37.73445],[145.04609,-37.75112],[145.04105,-37.74973],[145.03329,-37.74889],[145.03561,-37.74787],[145.0361,-37.74659],[145.03339,-37.74563],[145.0351,-37.74358],[145.03303,-37.74138],[145.032,-37.73775],[145.0338,-37.73654],[145.03397,-37.73514],[145.03761,-37.73496],[145.04028,-37.7323],[145.03824,-37.73033],[145.04052,-37.73023],[145.03955,-37.72838],[145.03836,-37.72838],[145.03835,-37.72752],[145.05846,-37.72923],[145.0574,-37.73529],[145.04914,-37.73445]]]},"properties":{"state":"VIC","src":"VIC-OpenStats","suburb":"Heidelberg West","crime_index":93.7,"violent_pct":94.84,"dwelling_pct":93.66,"motor_pct":92.56,"rate_per100k":93.7,"year":"FY 2022-23 & 2023-24 (avg)","crime_band":6}},{"type":"Feature","geometry":{"type":"Polygon","coordinates":[[[144.32992,-38.14029],[144.32979,-38.14097],[144.31826,-38.13931],[144.3186,-38.1374],[144.3174,-38.13725],[144.31771,-38.13548],[144.31622,-38.13532],[144.31746,-38.12801],[144.33194,-38.12983],[144.32992,-38.14029]]]},"properties":{"state":"VIC","src":"VIC-OpenStats","suburb":"Herne Hill (Vic.)","crime_index":37.1,"violent_pct":32.4,"dwelling_pct":57.23,"motor_pct":21.57,"rate_per100k":37.1,"year":"FY 2022-23 & 2023-24 (avg)","crime_band":3}},{"type":"Feature","geometry":{"type":"Polygon","coordinates":[[[145.0392,-37.94523],[145.03931,-37.94473],[145.0591,-37.94724],[145.05708,-37.95798],[145.05572,-37.95647],[145.05317,-37.95761],[145.04222,-37.95544],[145.04207,-37.95622],[145.03345,-37.95525],[145.03236,-37.95465],[145.03255,-37.9537],[145.0307,-37.95348],[145.03054,-37.95434],[145.02968,-37.95438],[145.02138,-37.95341],[145.0219,-37.94787],[145.02322,-37.94741],[145.02219,-37.94639],[145.02355,-37.94548],[145.02388,-37.94332],[145.0392,-37.94523]]]},"properties":{"state":"VIC","src":"VIC-OpenStats","suburb":"Highett","crime_index":70.0,"violent_pct":53.09,"dwelling_pct":78.31,"motor_pct":78.53,"rate_per100k":70.0,"year":"FY 2022-23 & 2023-24 (avg)","crime_band":5}},{"type":"Feature","geometry":{"type":"Polygon","coordinates":[[[144.31701,-38.14411],[144.31994,-38.14396],[144.32216,-38.14514],[144.32428,-38.14935],[144.32336,-38.15122],[144.32044,-38.15337],[144.3201,-38.15507],[144.32369,-38.16228],[144.32798,-38.16725],[144.3293,-38.16801],[144.33055,-38.16762],[144.33096,-38.16843],[144.32826,-38.16912],[144.32638,-38.17103],[144.32602,-38.17295],[144.32425,-38.17246],[144.32266,-38.1751],[144.32356,-38.17898],[144.32463,-38.17911],[144.32442,-38.18021],[144.32162,-38.18279],[144.32343,-38.18301],[144.32304,-38.18602],[144.32534,-38.1863],[144.32468,-38.18942],[144.32631,-38.19058],[144.32129,-38.195],[144.31385,-38.19955],[144.30553,-38.20247],[144.30462,-38.19678],[144.30976,-38.16917],[144.30556,-38.16822],[144.29847,-38.17171],[144.29065,-38.17173],[144.29407,-38.15526],[144.29395,-38.152],[144.30015,-38.15106],[144.30077,-38.15034],[144.30012,-38.14845],[144.30145,-38.14763],[144.30316,-38.14784],[144.30491,-38.14993],[144.30742,-38.15098],[144.31276,-38.14715],[144.31443,-38.14436],[144.31701,-38.14411]]]},"properties":{"state":"VIC","src":"VIC-OpenStats","suburb":"Highton","crime_index":36.6,"violent_pct":20.42,"dwelling_pct":45.23,"motor_pct":44,"rate_per100k":36.6,"year":"FY 2022-23 & 2023-24 (avg)","crime_band":3}},{"type":"Feature","geometry":{"type":"Polygon","coordinates":[[[144.75573,-37.69957],[144.75651,-37.70618],[144.73261,-37.70329],[144.73258,-37.70622],[144.72972,-37.70655],[144.72713,-37.69283],[144.72473,-37.69026],[144.72769,-37.67547],[144.75444,-37.67836],[144.75486,-37.67648],[144.75836,-37.68092],[144.75573,-37.69957]]]},"properties":{"state":"VIC","src":"VIC-OpenStats","suburb":"Hillside (Melton - Vic.)","crime_index":30.6,"violent_pct":38.7,"dwelling_pct":26.36,"motor_pct":26.71,"rate_per100k":30.6,"year":"FY 2022-23 & 2023-24 (avg)","crime_band":2}},{"type":"Feature","geometry":{"type":"Polygon","coordinates":[[[145.18472,-38.37205],[145.18482,-38.37383],[145.18402,-38.37464],[145.19178,-38.37607],[145.1952,-38.37591],[145.19878,-38.37796],[145.20398,-38.37868],[145.20786,-38.38139],[145.2152,-38.3831],[145.21875,-38.38851],[145.21923,-38.39195],[145.21776,-38.39394],[145.22163,-38.3958],[145.22198,-38.39636],[145.22105,-38.39738],[145.22153,-38.39797],[145.22647,-38.3977],[145.22827,-38.39863],[145.22952,-38.40136],[145.22939,-38.4043],[145.23285,-38.40699],[145.23054,-38.40776],[145.23324,-38.40783],[145.23348,-38.40613],[145.23476,-38.406],[145.23458,-38.4096],[145.23165,-38.4096],[145.22268,-38.4071],[145.21058,-38.40659],[145.19215,-38.40138],[145.19625,-38.39282],[145.18692,-38.38813],[145.18104,-38.38636],[145.16587,-38.3535],[145.18661,-38.35349],[145.18663,-38.35505],[145.19069,-38.35503],[145.19879,-38.36276],[145.19959,-38.36447],[145.20585,-38.36764],[145.21399,-38.37015],[145.22084,-38.3754],[145.22172,-38.37537],[145.22196,-38.37778],[145.21531,-38.37982],[145.21093,-38.37866],[145.20854,-38.37598],[145.20132,-38.37365],[145.20021,-38.36969],[145.19641,-38.36657],[145.19377,-38.36655],[145.19268,-38.36897],[145.1927,-38.37297],[145.18472,-38.37205]]]},"properties":{"state":"VIC","src":"VIC-OpenStats","suburb":"Hmas Cerberus","crime_index":5.2,"violent_pct":0.6,"dwelling_pct":1.09,"motor_pct":13.91,"rate_per100k":5.2,"year":"FY 2022-23 & 2023-24 (avg)","crime_band":1}},{"type":"Feature","geometry":{"type":"Polygon","coordinates":[[[144.71212,-37.85117],[144.71331,-37.85125],[144.71186,-37.85274],[144.71384,-37.85491],[144.71477,-37.85754],[144.71734,-37.85816],[144.72122,-37.86287],[144.71769,-37.86492],[144.71655,-37.86709],[144.71701,-37.8682],[144.72123,-37.86873],[144.73135,-37.86327],[144.73469,-37.86755],[144.73451,-37.8689],[144.73692,-37.87345],[144.7124,-37.8801],[144.71228,-37.87946],[144.70093,-37.8844],[144.70041,-37.88349],[144.68053,-37.89155],[144.6829,-37.87758],[144.66446,-37.87559],[144.66947,-37.84636],[144.71212,-37.85117]]]},"properties":{"state":"VIC","src":"VIC-OpenStats","suburb":"Hoppers Crossing","crime_index":64.8,"violent_pct":76.31,"dwelling_pct":44.6,"motor_pct":73.48,"rate_per100k":64.8,"year":"FY 2022-23 & 2023-24 (avg)","crime_band":4}},{"type":"Feature","geometry":{"type":"Polygon","coordinates":[[[145.07678,-37.89447],[145.07819,-37.88714],[145.08104,-37.88836],[145.08411,-37.89179],[145.08823,-37.89296],[145.08524,-37.90949],[145.07417,-37.90813],[145.07678,-37.89447]]]},"properties":{"state":"VIC","src":"VIC-OpenStats","suburb":"Hughesdale","crime_index":62.7,"violent_pct":22.9,"dwelling_pct":79.06,"motor_pct":86.02,"rate_per100k":62.7,"year":"FY 2022-23 & 2023-24 (avg)","crime_band":4}},{"type":"Feature","geometry":{"type":"Polygon","coordinates":[[[145.10884,-37.90289],[145.11382,-37.90596],[145.11257,-37.91267],[145.1034,-37.91158],[145.10547,-37.90081],[145.10884,-37.90289]]]},"properties":{"state":"VIC","src":"VIC-OpenStats","suburb":"Huntingdale (Vic.)","crime_index":44.7,"violent_pct":42.98,"dwelling_pct":44.8,"motor_pct":46.29,"rate_per100k":44.7,"year":"FY 2022-23 & 2023-24 (avg)","crime_band":3}},{"type":"Feature","geometry":{"type":"Polygon","coordinates":[[[145.21761,-37.64027],[145.21721,-37.64253],[145.21589,-37.64238],[145.21523,-37.64343],[145.21582,-37.64525],[145.21769,-37.64503],[145.22216,-37.64925],[145.22733,-37.64938],[145.22185,-37.65179],[145.21942,-37.65791],[145.21045,-37.6568],[145.211,-37.65529],[145.2073,-37.65444],[145.20812,-37.65325],[145.20563,-37.65214],[145.20499,-37.6553],[145.20171,-37.65385],[145.20015,-37.65606],[145.1987,-37.65541],[145.19664,-37.65824],[145.19528,-37.65491],[145.19638,-37.65132],[145.19422,-37.65107],[145.19398,-37.65232],[145.19176,-37.65206],[145.19104,-37.655],[145.18903,-37.65484],[145.18722,-37.65693],[145.18782,-37.65476],[145.18538,-37.65377],[145.18748,-37.65326],[145.18705,-37.65218],[145.17549,-37.65089],[145.17641,-37.64603],[145.17317,-37.64567],[145.17441,-37.63937],[145.16608,-37.63743],[145.16895,-37.62983],[145.16657,-37.62474],[145.17042,-37.62147],[145.17149,-37.61894],[145.17248,-37.62043],[145.17764,-37.61703],[145.17934,-37.61794],[145.18722,-37.61569],[145.18729,-37.61682],[145.19904,-37.61865],[145.19775,-37.62098],[145.20176,-37.62156],[145.20129,-37.62406],[145.20281,-37.62423],[145.20219,-37.62788],[145.19226,-37.62678],[145.19273,-37.629],[145.19139,-37.63201],[145.19165,-37.63367],[145.19479,-37.6345],[145.19746,-37.63391],[145.19946,-37.63437],[145.20048,-37.63392],[145.20079,-37.63223],[145.2041,-37.63283],[145.20646,-37.63036],[145.20985,-37.6298],[145.2103,-37.62872],[145.21196,-37.62957],[145.21009,-37.63049],[145.21495,-37.63106],[145.21532,-37.62905],[145.21734,-37.62918],[145.21775,-37.62702],[145.22609,-37.62849],[145.22156,-37.63034],[145.21981,-37.63014],[145.21923,-37.63248],[145.22546,-37.63158],[145.22521,-37.63292],[145.22313,-37.63635],[145.22188,-37.63603],[145.21994,-37.63685],[145.21922,-37.64076],[145.21761,-37.64027]]]},"properties":{"state":"VIC","src":"VIC-OpenStats","suburb":"Hurstbridge","crime_index":16.0,"violent_pct":22.87,"dwelling_pct":5.86,"motor_pct":19.16,"rate_per100k":16.0,"year":"FY 2022-23 & 2023-24 (avg)","crime_band":1}},{"type":"Feature","geometry":{"type":"Polygon","coordinates":[[[144.70674,-38.13084],[144.71146,-38.13676],[144.71166,-38.13852],[144.71341,-38.14006],[144.71462,-38.14295],[144.72021,-38.14662],[144.71778,-38.14853],[144.71701,-38.15021],[144.70615,-38.14884],[144.70688,-38.14508],[144.70066,-38.1443],[144.70037,-38.14106],[144.70257,-38.13888],[144.70309,-38.1371],[144.68982,-38.13526],[144.69274,-38.12026],[144.69986,-38.12784],[144.70574,-38.12971],[144.70674,-38.13084]]]},"properties":{"state":"VIC","src":"VIC-OpenStats","suburb":"Indented Head","crime_index":19.7,"violent_pct":35.42,"dwelling_pct":11.85,"motor_pct":11.71,"rate_per100k":19.7,"year":"FY 2022-23 & 2023-24 (avg)","crime_band":2}},{"type":"Feature","geometry":{"type":"Polygon","coordinates":[[[145.03328,-37.7559],[145.04497,-37.75707],[145.04609,-37.75112],[145.05638,-37.75504],[145.05261,-37.75915],[145.0539,-37.76005],[145.05362,-37.76361],[145.05102,-37.76542],[145.05189,-37.76617],[145.05194,-37.76832],[145.05162,-37.7693],[145.04965,-37.77016],[145.04904,-37.77169],[145.05049,-37.77315],[145.0494,-37.77407],[145.05649,-37.77901],[145.05915,-37.77833],[145.061,-37.77677],[145.06278,-37.77712],[145.06367,-37.78024],[145.06324,-37.78145],[145.06072,-37.77994],[145.05551,-37.78249],[145.05457,-37.78114],[145.05339,-37.78383],[145.05576,-37.78397],[145.05491,-37.78507],[145.05246,-37.78414],[145.05145,-37.78189],[145.04782,-37.78107],[145.04772,-37.77985],[145.04649,-37.78069],[145.04496,-37.78005],[145.04474,-37.78114],[145.04371,-37.78029],[145.0402,-37.78421],[145.03813,-37.78345],[145.03686,-37.78183],[145.03802,-37.78134],[145.03859,-37.77932],[145.03449,-37.7789],[145.03594,-37.77505],[145.0341,-37.7726],[145.03682,-37.77256],[145.03682,-37.7706],[145.03228,-37.77064],[145.03078,-37.7651],[145.02783,-37.76381],[145.02843,-37.76149],[145.02994,-37.76022],[145.02912,-37.75779],[145.03217,-37.7569],[145.03127,-37.75562],[145.03328,-37.7559]]]},"properties":{"state":"VIC","src":"VIC-OpenStats","suburb":"Ivanhoe (Vic.)","crime_index":67.6,"violent_pct":36.49,"dwelling_pct":88.32,"motor_pct":77.95,"rate_per100k":67.6,"year":"FY 2022-23 & 2023-24 (avg)","crime_band":5}},{"type":"Feature","geometry":{"type":"Polygon","coordinates":[[[145.05714,-37.76913],[145.06347,-37.77034],[145.0669,-37.76629],[145.07173,-37.76542],[145.07192,-37.76898],[145.0754,-37.77067],[145.0767,-37.77339],[145.07559,-37.77383],[145.07125,-37.77107],[145.06926,-37.77239],[145.06944,-37.77493],[145.06681,-37.78147],[145.06773,-37.78315],[145.06635,-37.7837],[145.06421,-37.78286],[145.06444,-37.78158],[145.06324,-37.78145],[145.06367,-37.78024],[145.06286,-37.77716],[145.061,-37.77677],[145.05915,-37.77833],[145.05649,-37.77901],[145.0494,-37.77407],[145.05049,-37.77315],[145.04904,-37.77169],[145.04965,-37.77016],[145.05162,-37.7693],[145.05194,-37.76832],[145.05714,-37.76913]]]},"properties":{"state":"VIC","src":"VIC-OpenStats","suburb":"Ivanhoe East","crime_index":42.6,"violent_pct":2.8,"dwelling_pct":70.58,"motor_pct":54.5,"rate_per100k":42.6,"year":"FY 2022-23 & 2023-24 (avg)","crime_band":3}},{"type":"Feature","geometry":{"type":"Polygon","coordinates":[[[144.91572,-37.69028],[144.91552,-37.69112],[144.91645,-37.69123],[144.91616,-37.69453],[144.9096,-37.69401],[144.90575,-37.68886],[144.90544,-37.68119],[144.91109,-37.68198],[144.91378,-37.68393],[144.91738,-37.6849],[144.91572,-37.69028]]]},"properties":{"state":"VIC","src":"VIC-OpenStats","suburb":"Jacana","crime_index":81.7,"violent_pct":85.21,"dwelling_pct":80.29,"motor_pct":79.55,"rate_per100k":81.7,"year":"FY 2022-23 & 2023-24 (avg)","crime_band":6}},{"type":"Feature","geometry":{"type":"Polygon","coordinates":[[[144.30349,-38.34824],[144.30113,-38.35074],[144.29774,-38.35224],[144.29676,-38.35601],[144.29144,-38.35941],[144.27916,-38.35784],[144.2825,-38.34072],[144.28081,-38.34051],[144.2813,-38.33792],[144.28619,-38.33849],[144.28647,-38.33688],[144.2879,-38.33705],[144.28911,-38.33072],[144.29573,-38.33123],[144.29817,-38.33045],[144.30303,-38.3306],[144.30465,-38.33871],[144.31158,-38.33932],[144.31487,-38.33809],[144.31615,-38.3401],[144.31774,-38.34003],[144.31717,-38.3423],[144.31861,-38.3435],[144.31883,-38.34561],[144.31003,-38.34557],[144.30967,-38.34633],[144.30349,-38.34824]]]},"properties":{"state":"VIC","src":"VIC-OpenStats","suburb":"Jan Juc","crime_index":18.3,"violent_pct":2.51,"dwelling_pct":31.3,"motor_pct":20.99,"rate_per100k":18.3,"year":"FY 2022-23 & 2023-24 (avg)","crime_band":2}},{"type":"Feature","geometry":{"type":"Polygon","coordinates":[[[145.29436,-38.13695],[145.29353,-38.14138],[145.2841,-38.14027],[145.28619,-38.12853],[145.29125,-38.12914],[145.29992,-38.13615],[145.29854,-38.13726],[145.29436,-38.13695]]]},"properties":{"state":"VIC","src":"VIC-OpenStats","suburb":"Junction Village","crime_index":64.7,"violent_pct":56.42,"dwelling_pct":96.34,"motor_pct":41.38,"rate_per100k":64.7,"year":"FY 2022-23 & 2023-24 (avg)","crime_band":4}},{"type":"Feature","geometry":{"type":"Polygon","coordinates":[[[144.96328,-37.53962],[144.96027,-37.53946],[144.95987,-37.54163],[144.94543,-37.5401],[144.95001,-37.51126],[144.97721,-37.51372],[144.97589,-37.51407],[144.97599,-37.51503],[144.97443,-37.516],[144.97623,-37.51983],[144.97517,-37.52054],[144.9757,-37.52154],[144.97395,-37.52415],[144.97427,-37.52549],[144.97282,-37.52584],[144.97617,-37.5275],[144.97635,-37.53],[144.97351,-37.53159],[144.9723,-37.53389],[144.97256,-37.5353],[144.96878,-37.53471],[144.96465,-37.53741],[144.96328,-37.53962]]]},"properties":{"state":"VIC","src":"VIC-OpenStats","suburb":"Kalkallo","crime_index":55.0,"violent_pct":49.71,"dwelling_pct":65.53,"motor_pct":49.84,"rate_per100k":55.0,"year":"FY 2022-23 & 2023-24 (avg)","crime_band":4}},{"type":"Feature","geometry":{"type":"Polygon","coordinates":[[[145.40431,-37.90584],[145.40336,-37.90681],[145.40223,-37.90653],[145.40172,-37.90475],[145.39804,-37.90349],[145.39837,-37.90262],[145.39677,-37.90124],[145.39318,-37.90251],[145.38666,-37.90334],[145.38661,-37.90675],[145.38404,-37.90781],[145.38132,-37.90781],[145.37699,-37.90644],[145.37402,-37.90765],[145.37183,-37.90757],[145.37088,-37.90674],[145.37226,-37.9055],[145.37267,-37.90156],[145.37084,-37.8984],[145.37061,-37.8962],[145.37154,-37.89243],[145.37398,-37.89096],[145.37097,-37.88737],[145.37173,-37.88572],[145.3685,-37.88442],[145.3668,-37.88212],[145.37041,-37.8763],[145.37323,-37.87792],[145.38372,-37.8793],[145.38512,-37.88037],[145.38662,-37.88041],[145.38671,-37.88344],[145.38537,-37.88582],[145.38634,-37.8866],[145.38663,-37.88859],[145.38836,-37.8909],[145.39329,-37.89283],[145.39404,-37.8938],[145.39375,-37.89886],[145.39796,-37.90102],[145.39983,-37.90121],[145.40336,-37.89959],[145.4046,-37.90069],[145.40821,-37.89828],[145.40828,-37.89926],[145.41146,-37.90123],[145.41408,-37.89948],[145.41759,-37.90044],[145.41864,-37.89887],[145.42166,-37.89915],[145.42517,-37.8959],[145.43255,-37.89281],[145.4348,-37.89319],[145.43634,-37.8946],[145.44031,-37.89482],[145.44322,-37.90099],[145.44156,-37.90598],[145.442,-37.9085],[145.43968,-37.91002],[145.43872,-37.91456],[145.42851,-37.91348],[145.42551,-37.91992],[145.41758,-37.91762],[145.41719,-37.91637],[145.41167,-37.91689],[145.40749,-37.91636],[145.40798,-37.90872],[145.40431,-37.90584]]]},"properties":{"state":"VIC","src":"VIC-OpenStats","suburb":"Kallista","crime_index":11.6,"violent_pct":19.97,"dwelling_pct":11.57,"motor_pct":3.36,"rate_per100k":11.6,"year":"FY 2022-23 & 2023-24 (avg)","crime_band":1}},{"type":"Feature","geometry":{"type":"Polygon","coordinates":[[[145.37339,-37.82731],[145.37098,-37.83105],[145.36956,-37.83164],[145.3707,-37.83397],[145.36787,-37.83295],[145.36211,-37.82296],[145.36155,-37.82324],[145.35726,-37.81908],[145.35764,-37.81696],[145.35939,-37.81589],[145.36058,-37.8139],[145.36188,-37.81549],[145.36342,-37.81558],[145.3637,-37.81417],[145.36567,-37.81435],[145.36659,-37.81326],[145.37157,-37.81361],[145.37248,-37.80982],[145.37319,-37.81033],[145.37402,-37.80875],[145.38204,-37.80612],[145.38293,-37.80186],[145.3821,-37.80175],[145.38243,-37.80027],[145.38911,-37.80028],[145.39158,-37.80163],[145.39524,-37.80826],[145.39546,-37.80999],[145.40024,-37.81089],[145.40498,-37.80764],[145.40691,-37.81496],[145.4063,-37.81713],[145.40221,-37.81913],[145.402,-37.82225],[145.40277,-37.82285],[145.40198,-37.82848],[145.39799,-37.8283],[145.3973,-37.82695],[145.39534,-37.8276],[145.39304,-37.82589],[145.39015,-37.82646],[145.38863,-37.82759],[145.38243,-37.82524],[145.37661,-37.82859],[145.37339,-37.82731]]]},"properties":{"state":"VIC","src":"VIC-OpenStats","suburb":"Kalorama","crime_index":16.0,"violent_pct":10.26,"dwelling_pct":34.97,"motor_pct":2.73,"rate_per100k":16.0,"year":"FY 2022-23 & 2023-24 (avg)","crime_band":1}},{"type":"Feature","geometry":{"type":"Polygon","coordinates":[[[145.26514,-37.68925],[145.2665,-37.69058],[145.26548,-37.69371],[145.26695,-37.69395],[145.26789,-37.69508],[145.26688,-37.69576],[145.26803,-37.69696],[145.26929,-37.69667],[145.26693,-37.69804],[145.2687,-37.69881],[145.26572,-37.70027],[145.26422,-37.70291],[145.26214,-37.70258],[145.26036,-37.70408],[145.2609,-37.7059],[145.26375,-37.70539],[145.2647,-37.7065],[145.26333,-37.70796],[145.26053,-37.70797],[145.2585,-37.7099],[145.25481,-37.71006],[145.2547,-37.71085],[145.25649,-37.71219],[145.25601,-37.71427],[145.25385,-37.71713],[145.24977,-37.7184],[145.24867,-37.72072],[145.24663,-37.7206],[145.24324,-37.71894],[145.24292,-37.72067],[145.24372,-37.72339],[145.24209,-37.72551],[145.23749,-37.72056],[145.23563,-37.7201],[145.23617,-37.7171],[145.23509,-37.71629],[145.23262,-37.71587],[145.22582,-37.71698],[145.22531,-37.71521],[145.22277,-37.71359],[145.21164,-37.71222],[145.2136,-37.70251],[145.19751,-37.70071],[145.19903,-37.69262],[145.19669,-37.69221],[145.19582,-37.69314],[145.19519,-37.69196],[145.19649,-37.69061],[145.19488,-37.69101],[145.1917,-37.68963],[145.19962,-37.68221],[145.19841,-37.68252],[145.1999,-37.6761],[145.20226,-37.67639],[145.20243,-37.67537],[145.19778,-37.67413],[145.20004,-37.66662],[145.20333,-37.66701],[145.20086,-37.66484],[145.20128,-37.66316],[145.20432,-37.66391],[145.20534,-37.6612],[145.20848,-37.66194],[145.21045,-37.6568],[145.22015,-37.65799],[145.22005,-37.66652],[145.22398,-37.66713],[145.2249,-37.66341],[145.22963,-37.66396],[145.23062,-37.6619],[145.23271,-37.66218],[145.23231,-37.66493],[145.23651,-37.66542],[145.23781,-37.66409],[145.24329,-37.66261],[145.24682,-37.66442],[145.25143,-37.66495],[145.25078,-37.66853],[145.24905,-37.66834],[145.24855,-37.67111],[145.25124,-37.67006],[145.25601,-37.67026],[145.25642,-37.67196],[145.25784,-37.67218],[145.25795,-37.67324],[145.26344,-37.67634],[145.26382,-37.6777],[145.26526,-37.67843],[145.2648,-37.67915],[145.26559,-37.68089],[145.26459,-37.68364],[145.26595,-37.68434],[145.26648,-37.68637],[145.26514,-37.68925]]]},"properties":{"state":"VIC","src":"VIC-OpenStats","suburb":"Kangaroo Ground","crime_index":13.6,"violent_pct":1.74,"dwelling_pct":36.59,"motor_pct":2.37,"rate_per100k":13.6,"year":"FY 2022-23 & 2023-24 (avg)","crime_band":1}},{"type":"Feature","geometry":{"type":"Polygon","coordinates":[[[144.83242,-37.73654],[144.83456,-37.73532],[144.83734,-37.73524],[144.83499,-37.7416],[144.83702,-37.7413],[144.83814,-37.74222],[144.83929,-37.74662],[144.83351,-37.75065],[144.83166,-37.7496],[144.83063,-37.74789],[144.82775,-37.74755],[144.8291,-37.74608],[144.81525,-37.72965],[144.82268,-37.72686],[144.82473,-37.72744],[144.82698,-37.72993],[144.8262,-37.73102],[144.82972,-37.73241],[144.82756,-37.73424],[144.83242,-37.73654]]]},"properties":{"state":"VIC","src":"VIC-OpenStats","suburb":"Kealba","crime_index":64.0,"violent_pct":64.99,"dwelling_pct":45.5,"motor_pct":81.64,"rate_per100k":64.0,"year":"FY 2022-23 & 2023-24 (avg)","crime_band":4}},{"type":"Feature","geometry":{"type":"Polygon","coordinates":[[[144.83942,-37.71959],[144.84436,-37.72409],[144.84958,-37.72632],[144.85097,-37.73126],[144.84996,-37.73447],[144.84107,-37.73367],[144.84152,-37.72877],[144.83673,-37.72779],[144.83382,-37.72562],[144.83042,-37.72458],[144.82972,-37.73241],[144.8262,-37.73102],[144.82698,-37.72993],[144.82624,-37.72855],[144.82268,-37.72686],[144.82653,-37.72465],[144.82498,-37.72428],[144.82116,-37.72088],[144.82213,-37.71631],[144.82123,-37.71534],[144.81094,-37.71417],[144.81081,-37.71053],[144.81289,-37.71026],[144.80662,-37.70435],[144.8017,-37.70443],[144.80194,-37.70185],[144.80505,-37.70214],[144.81002,-37.70109],[144.80711,-37.69896],[144.81151,-37.69936],[144.8095,-37.69756],[144.81051,-37.6961],[144.8206,-37.69235],[144.82089,-37.69066],[144.8188,-37.68737],[144.82045,-37.68425],[144.82666,-37.6849],[144.82624,-37.68743],[144.83513,-37.68844],[144.83456,-37.6918],[144.83798,-37.69218],[144.83767,-37.69394],[144.84042,-37.69602],[144.83997,-37.6986],[144.8376,-37.70004],[144.83854,-37.70132],[144.84245,-37.69931],[144.84474,-37.70043],[144.84211,-37.70409],[144.84166,-37.7088],[144.84261,-37.70982],[144.83805,-37.70931],[144.84033,-37.71213],[144.84156,-37.71257],[144.84079,-37.71415],[144.83768,-37.71597],[144.83833,-37.7172],[144.83748,-37.71748],[144.83942,-37.71959]]]},"properties":{"state":"VIC","src":"VIC-OpenStats","suburb":"Keilor","crime_index":40.7,"violent_pct":27.39,"dwelling_pct":39.9,"motor_pct":54.94,"rate_per100k":40.7,"year":"FY 2022-23 & 2023-24 (avg)","crime_band":3}},{"type":"Feature","geometry":{"type":"Polygon","coordinates":[[[144.80045,-37.71297],[144.82123,-37.71534],[144.82228,-37.71771],[144.8211,-37.71916],[144.82116,-37.72088],[144.82498,-37.72428],[144.82653,-37.72465],[144.8248,-37.72602],[144.81525,-37.72965],[144.79298,-37.72794],[144.79046,-37.7224],[144.7818,-37.71129],[144.80045,-37.71297]]]},"properties":{"state":"VIC","src":"VIC-OpenStats","suburb":"Keilor Downs","crime_index":50.3,"violent_pct":61.72,"dwelling_pct":28.6,"motor_pct":60.7,"rate_per100k":50.3,"year":"FY 2022-23 & 2023-24 (avg)","crime_band":4}},{"type":"Feature","geometry":{"type":"Polygon","coordinates":[[[144.87671,-37.73543],[144.87638,-37.73704],[144.88055,-37.73862],[144.88235,-37.74327],[144.88038,-37.74659],[144.88151,-37.74787],[144.87971,-37.75283],[144.84769,-37.74975],[144.84677,-37.74791],[144.84466,-37.74652],[144.84012,-37.74739],[144.83934,-37.74683],[144.83814,-37.74222],[144.83702,-37.7413],[144.83499,-37.7416],[144.83734,-37.73524],[144.83456,-37.73532],[144.83242,-37.73654],[144.82756,-37.73424],[144.82972,-37.73241],[144.83042,-37.72458],[144.83382,-37.72562],[144.83673,-37.72779],[144.84152,-37.72877],[144.84107,-37.73367],[144.84996,-37.73447],[144.85097,-37.73126],[144.84958,-37.72632],[144.85435,-37.72647],[144.86945,-37.72872],[144.8745,-37.73023],[144.87482,-37.73099],[144.87247,-37.73081],[144.87442,-37.73159],[144.87352,-37.73231],[144.87435,-37.7346],[144.87562,-37.73447],[144.87671,-37.73543]]]},"properties":{"state":"VIC","src":"VIC-OpenStats","suburb":"Keilor East","crime_index":33.9,"violent_pct":32.63,"dwelling_pct":22.23,"motor_pct":46.95,"rate_per100k":33.9,"year":"FY 2022-23 & 2023-24 (avg)","crime_band":3}},{"type":"Feature","geometry":{"type":"Polygon","coordinates":[[[144.80645,-37.70189],[144.80194,-37.70185],[144.79095,-37.69946],[144.79108,-37.69863],[144.79751,-37.69294],[144.81002,-37.70109],[144.80645,-37.70189]]]},"properties":{"state":"VIC","src":"VIC-OpenStats","suburb":"Keilor Lodge","crime_index":24.9,"violent_pct":36.05,"dwelling_pct":9.19,"motor_pct":29.58,"rate_per100k":24.9,"year":"FY 2022-23 & 2023-24 (avg)","crime_band":2}},{"type":"Feature","geometry":{"type":"Polygon","coordinates":[[[144.85893,-37.71489],[144.85937,-37.7166],[144.86064,-37.71699],[144.86035,-37.71887],[144.86267,-37.72017],[144.86479,-37.72274],[144.86582,-37.72294],[144.87009,-37.71971],[144.87164,-37.72043],[144.86377,-37.72828],[144.849,-37.7262],[144.84298,-37.72315],[144.83748,-37.71748],[144.83833,-37.7172],[144.83775,-37.71585],[144.84159,-37.71307],[144.83805,-37.70931],[144.85943,-37.71241],[144.85893,-37.71489]]]},"properties":{"state":"VIC","src":"VIC-OpenStats","suburb":"Keilor Park","crime_index":64.1,"violent_pct":59.72,"dwelling_pct":53.8,"motor_pct":78.73,"rate_per100k":64.1,"year":"FY 2022-23 & 2023-24 (avg)","crime_band":4}},{"type":"Feature","geometry":{"type":"Polygon","coordinates":[[[144.93586,-37.79632],[144.93591,-37.80227],[144.9272,-37.79964],[144.9165,-37.7982],[144.91293,-37.79515],[144.92293,-37.78913],[144.92131,-37.78745],[144.92247,-37.78739],[144.93784,-37.78893],[144.93634,-37.79134],[144.93586,-37.79632]]]},"properties":{"state":"VIC","src":"VIC-OpenStats","suburb":"Kensington (Vic.)","crime_index":24.0,"violent_pct":33.12,"dwelling_pct":15.42,"motor_pct":23.56,"rate_per100k":24.0,"year":"FY 2022-23 & 2023-24 (avg)","crime_band":2}},{"type":"Feature","geometry":{"type":"Polygon","coordinates":[[[145.04052,-37.79016],[145.04069,-37.79129],[145.03976,-37.79256],[145.03629,-37.79529],[145.0463,-37.79838],[145.04643,-37.80114],[145.05063,-37.79932],[145.06253,-37.80078],[145.05936,-37.81736],[145.01541,-37.81213],[145.01551,-37.81049],[145.00939,-37.81039],[145.00837,-37.80751],[145.0008,-37.80721],[144.99938,-37.80564],[145.00032,-37.80422],[145.00459,-37.80533],[145.00767,-37.80389],[144.99931,-37.7975],[145.00165,-37.79711],[145.00286,-37.79577],[145.004,-37.79613],[145.00484,-37.79809],[145.00807,-37.79629],[145.00964,-37.79653],[145.0067,-37.79877],[145.00699,-37.8009],[145.01094,-37.79906],[145.01236,-37.79912],[145.0148,-37.80009],[145.01636,-37.80294],[145.01948,-37.80365],[145.02108,-37.80285],[145.01852,-37.80023],[145.02087,-37.7984],[145.01771,-37.79729],[145.01775,-37.79548],[145.01386,-37.79359],[145.01414,-37.7921],[145.01915,-37.79287],[145.0196,-37.79229],[145.01334,-37.78558],[145.02095,-37.78695],[145.0282,-37.78689],[145.0319,-37.78992],[145.04052,-37.79016]]]},"properties":{"state":"VIC","src":"VIC-OpenStats","suburb":"Kew (Vic.)","crime_index":31.4,"violent_pct":33.82,"dwelling_pct":28.21,"motor_pct":32.3,"rate_per100k":31.4,"year":"FY 2022-23 & 2023-24 (avg)","crime_band":3}},{"type":"Feature","geometry":{"type":"Polygon","coordinates":[[[145.05875,-37.80032],[145.05063,-37.79932],[145.04643,-37.80114],[145.0463,-37.79838],[145.03629,-37.79529],[145.04069,-37.79129],[145.04043,-37.78975],[145.04173,-37.78821],[145.04126,-37.78609],[145.04313,-37.78695],[145.04524,-37.78442],[145.04485,-37.78392],[145.04108,-37.78545],[145.0401,-37.78503],[145.04371,-37.78029],[145.04474,-37.78114],[145.04496,-37.78005],[145.04649,-37.78069],[145.04772,-37.77985],[145.04782,-37.78107],[145.05145,-37.78189],[145.05246,-37.78414],[145.05484,-37.78508],[145.05576,-37.78397],[145.05339,-37.78383],[145.05457,-37.78114],[145.05551,-37.78249],[145.06072,-37.77994],[145.06307,-37.78142],[145.06196,-37.78561],[145.06331,-37.78503],[145.06504,-37.78749],[145.06253,-37.80078],[145.05875,-37.80032]]]},"properties":{"state":"VIC","src":"VIC-OpenStats","suburb":"Kew East","crime_index":49.4,"violent_pct":17.89,"dwelling_pct":73.32,"motor_pct":56.92,"rate_per100k":49.4,"year":"FY 2022-23 & 2023-24 (avg)","crime_band":4}},{"type":"Feature","geometry":{"type":"Polygon","coordinates":[[[145.17955,-37.98401],[145.18296,-37.98443],[145.18433,-37.98182],[145.19059,-37.98236],[145.19186,-37.98019],[145.1926,-37.98301],[145.19408,-37.98319],[145.1921,-37.9948],[145.1947,-37.99834],[145.19206,-38.00438],[145.19056,-38.01134],[145.1845,-38.03074],[145.18363,-38.03173],[145.1821,-38.03268],[145.17838,-38.03279],[145.13732,-38.02131],[145.1393,-38.01877],[145.14624,-37.98209],[145.15547,-37.98363],[145.15602,-37.98086],[145.16177,-37.98155],[145.16479,-37.98105],[145.16502,-37.97989],[145.16629,-37.98027],[145.16875,-37.98294],[145.17055,-37.98197],[145.17035,-37.98368],[145.17607,-37.98423],[145.17629,-37.98315],[145.17955,-37.98401]]]},"properties":{"state":"VIC","src":"VIC-OpenStats","suburb":"Keysborough","crime_index":54.4,"violent_pct":45.5,"dwelling_pct":51.24,"motor_pct":66.33,"rate_per100k":54.4,"year":"FY 2022-23 & 2023-24 (avg)","crime_band":4}},{"type":"Feature","geometry":{"type":"Polygon","coordinates":[[[145.3105,-37.79557],[145.31352,-37.79594],[145.31433,-37.79172],[145.3203,-37.79465],[145.32295,-37.79495],[145.32883,-37.80023],[145.33908,-37.8014],[145.33986,-37.80265],[145.33926,-37.80503],[145.33286,-37.80623],[145.33098,-37.80948],[145.32833,-37.80987],[145.32881,-37.81099],[145.32292,-37.81491],[145.32686,-37.82397],[145.32605,-37.82691],[145.32779,-37.82756],[145.32753,-37.82836],[145.32884,-37.82875],[145.32993,-37.83129],[145.3337,-37.8315],[145.32602,-37.84662],[145.32016,-37.84488],[145.31776,-37.84494],[145.31873,-37.84027],[145.31873,-37.83171],[145.31681,-37.81815],[145.30429,-37.82152],[145.30553,-37.81486],[145.30169,-37.81439],[145.30153,-37.81521],[145.29647,-37.81753],[145.29783,-37.81034],[145.30619,-37.8114],[145.30654,-37.80956],[145.3022,-37.80814],[145.30238,-37.80445],[145.30311,-37.80355],[145.30217,-37.80343],[145.30262,-37.80115],[145.30413,-37.80076],[145.30297,-37.80064],[145.30414,-37.79763],[145.30352,-37.79745],[145.30404,-37.79477],[145.30466,-37.79485],[145.30421,-37.79413],[145.30717,-37.79406],[145.30867,-37.79489],[145.30893,-37.79354],[145.31085,-37.79377],[145.3105,-37.79557]]]},"properties":{"state":"VIC","src":"VIC-OpenStats","suburb":"Kilsyth","crime_index":31.0,"violent_pct":52.6,"dwelling_pct":15.95,"motor_pct":24.37,"rate_per100k":31.0,"year":"FY 2022-23 & 2023-24 (avg)","crime_band":3}},{"type":"Feature","geometry":{"type":"Polygon","coordinates":[[[145.30735,-37.82069],[145.31681,-37.81815],[145.31873,-37.83171],[145.31873,-37.84027],[145.31798,-37.84391],[145.30867,-37.84266],[145.30886,-37.84174],[145.30125,-37.8379],[145.30429,-37.82152],[145.30735,-37.82069]]]},"properties":{"state":"VIC","src":"VIC-OpenStats","suburb":"Kilsyth South","crime_index":19.9,"violent_pct":23.22,"dwelling_pct":8.71,"motor_pct":27.91,"rate_per100k":19.9,"year":"FY 2022-23 & 2023-24 (avg)","crime_band":2}},{"type":"Feature","geometry":{"type":"Polygon","coordinates":[[[145.33829,-37.51973],[145.34118,-37.50171],[145.33675,-37.50116],[145.33775,-37.49504],[145.34009,-37.49531],[145.3437,-37.47521],[145.33831,-37.47467],[145.33892,-37.46988],[145.33359,-37.46907],[145.334,-37.4657],[145.33254,-37.4653],[145.33059,-37.46078],[145.33257,-37.46245],[145.33504,-37.4611],[145.33893,-37.46156],[145.34429,-37.45972],[145.34464,-37.45756],[145.34704,-37.45423],[145.34746,-37.45172],[145.33203,-37.45156],[145.33209,-37.42987],[145.38292,-37.42955],[145.38297,-37.43445],[145.40032,-37.43442],[145.40034,-37.4441],[145.40161,-37.44505],[145.4061,-37.44406],[145.41301,-37.44441],[145.41315,-37.44538],[145.41076,-37.44654],[145.41055,-37.45091],[145.40351,-37.45713],[145.40199,-37.4565],[145.40091,-37.45749],[145.39559,-37.45745],[145.39348,-37.45545],[145.39129,-37.45539],[145.39066,-37.45643],[145.38698,-37.45652],[145.39087,-37.46654],[145.39294,-37.46578],[145.39354,-37.46649],[145.39477,-37.46633],[145.39528,-37.46799],[145.39701,-37.46602],[145.4175,-37.4679],[145.41893,-37.46602],[145.41834,-37.46325],[145.41916,-37.46079],[145.42016,-37.46058],[145.42221,-37.46254],[145.41834,-37.47904],[145.41927,-37.48241],[145.41727,-37.48809],[145.41997,-37.49923],[145.42187,-37.50123],[145.42078,-37.50218],[145.41927,-37.50122],[145.41781,-37.50147],[145.41598,-37.50283],[145.41293,-37.51973],[145.4111,-37.52022],[145.40761,-37.51859],[145.40718,-37.52134],[145.39925,-37.52354],[145.39968,-37.52165],[145.39831,-37.52143],[145.39771,-37.52394],[145.39339,-37.52513],[145.39445,-37.52567],[145.39349,-37.52817],[145.39482,-37.53392],[145.39262,-37.5364],[145.39164,-37.53934],[145.38913,-37.53999],[145.38689,-37.5432],[145.38429,-37.54284],[145.38346,-37.54195],[145.3799,-37.54286],[145.37583,-37.54053],[145.36844,-37.54533],[145.36642,-37.54511],[145.36441,-37.56279],[145.35582,-37.59958],[145.35498,-37.60069],[145.34668,-37.59968],[145.34582,-37.60416],[145.34377,-37.60389],[145.34274,-37.60936],[145.34045,-37.61043],[145.33773,-37.60951],[145.3357,-37.60973],[145.33364,-37.60793],[145.32644,-37.60911],[145.32658,-37.60799],[145.32166,-37.60761],[145.32475,-37.59315],[145.31892,-37.59313],[145.31775,-37.59457],[145.31867,-37.58942],[145.31189,-37.58864],[145.31207,-37.58733],[145.30544,-37.58681],[145.30498,-37.59054],[145.29735,-37.58839],[145.29529,-37.58878],[145.29646,-37.58442],[145.29903,-37.58409],[145.30365,-37.58529],[145.30501,-37.58204],[145.30637,-37.58213],[145.30756,-37.58332],[145.31281,-37.58395],[145.31452,-37.57496],[145.30976,-37.57438],[145.3109,-37.5685],[145.30521,-37.56782],[145.31238,-37.56372],[145.31011,-37.56298],[145.31301,-37.56104],[145.31324,-37.55996],[145.31644,-37.55917],[145.32324,-37.55416],[145.32561,-37.54885],[145.33084,-37.54942],[145.33267,-37.53916],[145.31651,-37.53735],[145.31609,-37.54042],[145.32102,-37.54099],[145.32087,-37.5418],[145.31971,-37.54167],[145.31852,-37.54844],[145.30952,-37.54743],[145.30818,-37.54821],[145.30714,-37.55028],[145.30497,-37.55022],[145.30694,-37.54187],[145.30917,-37.54224],[145.31005,-37.5372],[145.30737,-37.53689],[145.30865,-37.52965],[145.29973,-37.52862],[145.29764,-37.53676],[145.2901,-37.53555],[145.29298,-37.53427],[145.29586,-37.53076],[145.28633,-37.52968],[145.28697,-37.52641],[145.28274,-37.52594],[145.28397,-37.51952],[145.27925,-37.51894],[145.28192,-37.5136],[145.28167,-37.51251],[145.28449,-37.51087],[145.28511,-37.50951],[145.27918,-37.50829],[145.2779,-37.51156],[145.27661,-37.5123],[145.27947,-37.5072],[145.28054,-37.50077],[145.284,-37.49737],[145.29439,-37.49857],[145.29285,-37.50687],[145.29387,-37.50785],[145.29801,-37.50832],[145.29707,-37.51368],[145.31384,-37.51555],[145.30909,-37.51974],[145.30478,-37.52193],[145.31464,-37.52298],[145.31242,-37.52463],[145.32105,-37.5252],[145.32058,-37.52815],[145.32851,-37.52912],[145.32952,-37.5238],[145.33499,-37.52514],[145.33637,-37.5272],[145.3376,-37.52728],[145.33829,-37.51973]]]},"properties":{"state":"VIC","src":"VIC-OpenStats","suburb":"Kinglake","crime_index":18.7,"violent_pct":22.77,"dwelling_pct":9,"motor_pct":24.44,"rate_per100k":18.7,"year":"FY 2022-23 & 2023-24 (avg)","crime_band":2}},{"type":"Feature","geometry":{"type":"Polygon","coordinates":[[[145.27661,-37.51232],[145.2647,-37.51084],[145.26364,-37.51625],[145.25833,-37.5156],[145.25702,-37.52232],[145.25379,-37.52192],[145.25179,-37.53222],[145.24971,-37.53196],[145.24843,-37.5385],[145.23893,-37.53735],[145.22697,-37.53932],[145.22594,-37.54491],[145.22148,-37.54443],[145.22137,-37.54151],[145.22309,-37.54085],[145.2227,-37.54009],[145.22341,-37.53972],[145.22245,-37.53808],[145.22337,-37.53739],[145.22279,-37.53628],[145.22339,-37.53559],[145.21641,-37.53476],[145.21528,-37.54059],[145.20601,-37.53948],[145.20552,-37.5392],[145.20679,-37.53191],[145.19401,-37.53045],[145.19682,-37.52701],[145.19675,-37.52371],[145.21074,-37.52522],[145.21175,-37.51937],[145.1975,-37.51775],[145.19862,-37.51261],[145.19821,-37.51166],[145.19043,-37.50221],[145.19115,-37.50177],[145.19388,-37.50304],[145.19933,-37.50382],[145.20295,-37.50673],[145.20504,-37.50388],[145.20653,-37.50373],[145.20757,-37.50264],[145.214,-37.50231],[145.21558,-37.50156],[145.21701,-37.50208],[145.21845,-37.50054],[145.22065,-37.49992],[145.22141,-37.49534],[145.22,-37.4944],[145.22003,-37.49354],[145.22129,-37.49294],[145.2203,-37.49126],[145.22615,-37.48833],[145.22604,-37.48577],[145.22865,-37.48121],[145.23648,-37.47617],[145.22547,-37.4743],[145.22228,-37.47259],[145.22477,-37.45814],[145.22936,-37.45865],[145.22772,-37.45446],[145.23414,-37.44683],[145.23369,-37.4438],[145.23485,-37.43798],[145.23869,-37.43391],[145.24245,-37.43304],[145.2508,-37.42799],[145.25169,-37.42626],[145.25644,-37.42533],[145.2615,-37.42124],[145.26563,-37.41934],[145.26578,-37.40979],[145.27446,-37.40971],[145.27524,-37.41057],[145.27446,-37.41208],[145.27569,-37.41238],[145.2758,-37.41468],[145.2797,-37.4175],[145.29309,-37.41976],[145.29681,-37.42508],[145.30229,-37.42485],[145.30546,-37.42616],[145.31028,-37.43292],[145.31115,-37.43739],[145.31111,-37.43819],[145.28887,-37.43825],[145.28868,-37.43879],[145.29044,-37.43928],[145.29089,-37.44118],[145.29011,-37.44131],[145.29231,-37.44476],[145.29331,-37.44889],[145.2925,-37.45011],[145.2937,-37.45176],[145.2934,-37.45246],[145.26825,-37.45251],[145.267,-37.4539],[145.26962,-37.45997],[145.2745,-37.46341],[145.27375,-37.46877],[145.27859,-37.47913],[145.27883,-37.48149],[145.27732,-37.49006],[145.27395,-37.49299],[145.27161,-37.49689],[145.26746,-37.49998],[145.27549,-37.50097],[145.27631,-37.49648],[145.284,-37.49737],[145.28054,-37.50077],[145.27947,-37.5072],[145.27661,-37.51232]]]},"properties":{"state":"VIC","src":"VIC-OpenStats","suburb":"Kinglake West","crime_index":33.6,"violent_pct":64.12,"dwelling_pct":30.33,"motor_pct":6.4,"rate_per100k":33.6,"year":"FY 2022-23 & 2023-24 (avg)","crime_band":3}},{"type":"Feature","geometry":{"type":"Polygon","coordinates":[[[144.77341,-37.72659],[144.78201,-37.72756],[144.77945,-37.74194],[144.76273,-37.7401],[144.7624,-37.7381],[144.76405,-37.72554],[144.77341,-37.72659]]]},"properties":{"state":"VIC","src":"VIC-OpenStats","suburb":"Kings Park (Vic.)","crime_index":36.8,"violent_pct":47.85,"dwelling_pct":19.1,"motor_pct":43.36,"rate_per100k":36.8,"year":"FY 2022-23 & 2023-24 (avg)","crime_band":3}},{"type":"Feature","geometry":{"type":"Polygon","coordinates":[[[145.03655,-37.72015],[145.03166,-37.72196],[145.02513,-37.71597],[145.02209,-37.71516],[145.02665,-37.71356],[145.02757,-37.7122],[145.04513,-37.71347],[145.04228,-37.71775],[145.03655,-37.72015]]]},"properties":{"state":"VIC","src":"VIC-OpenStats","suburb":"Kingsbury","crime_index":78.4,"violent_pct":71.96,"dwelling_pct":78.94,"motor_pct":84.42,"rate_per100k":78.4,"year":"FY 2022-23 & 2023-24 (avg)","crime_band":5}},{"type":"Feature","geometry":{"type":"Polygon","coordinates":[[[144.88482,-37.80582],[144.88347,-37.81281],[144.86923,-37.81119],[144.88543,-37.80258],[144.88482,-37.80582]]]},"properties":{"state":"VIC","src":"VIC-OpenStats","suburb":"Kingsville","crime_index":50.9,"violent_pct":26.18,"dwelling_pct":43.01,"motor_pct":83.44,"rate_per100k":50.9,"year":"FY 2022-23 & 2023-24 (avg)","crime_band":4}},{"type":"Feature","geometry":{"type":"Polygon","coordinates":[[[145.24821,-37.90387],[145.24832,-37.90517],[145.24589,-37.90454],[145.24304,-37.9055],[145.23724,-37.90564],[145.23308,-37.89905],[145.23987,-37.89798],[145.23987,-37.88287],[145.2411,-37.88287],[145.2411,-37.88185],[145.24204,-37.88241],[145.24788,-37.88188],[145.24788,-37.88092],[145.24622,-37.87979],[145.24789,-37.87753],[145.24784,-37.87318],[145.24942,-37.87014],[145.25164,-37.87086],[145.25202,-37.87013],[145.2498,-37.86941],[145.25038,-37.8683],[145.25435,-37.86945],[145.25822,-37.8686],[145.25647,-37.87279],[145.25906,-37.87364],[145.25761,-37.87688],[145.25694,-37.87688],[145.25695,-37.88253],[145.25566,-37.88253],[145.25706,-37.88457],[145.25671,-37.88999],[145.25734,-37.89175],[145.25846,-37.89139],[145.26008,-37.90027],[145.26302,-37.90034],[145.26318,-37.90225],[145.261,-37.90273],[145.2604,-37.90377],[145.25434,-37.90461],[145.25079,-37.90487],[145.2508,-37.904],[145.24821,-37.90387]]]},"properties":{"state":"VIC","src":"VIC-OpenStats","suburb":"Knoxfield","crime_index":52.5,"violent_pct":50.86,"dwelling_pct":52.99,"motor_pct":53.65,"rate_per100k":52.5,"year":"FY 2022-23 & 2023-24 (avg)","crime_band":4}},{"type":"Feature","geometry":{"type":"Polygon","coordinates":[[[145.50346,-38.2096],[145.50135,-38.21152],[145.5023,-38.21243],[145.50083,-38.21409],[145.50231,-38.21359],[145.50341,-38.21427],[145.50382,-38.21586],[145.50312,-38.21688],[145.50073,-38.21746],[145.50043,-38.21859],[145.4989,-38.21853],[145.49924,-38.21924],[145.49831,-38.21972],[145.4992,-38.2204],[145.49486,-38.22248],[145.49351,-38.22226],[145.49309,-38.22346],[145.49229,-38.2231],[145.49078,-38.22394],[145.48999,-38.22253],[145.48988,-38.22368],[145.48819,-38.22317],[145.4883,-38.22496],[145.48969,-38.2258],[145.48817,-38.22645],[145.48946,-38.22776],[145.48801,-38.22803],[145.48729,-38.23048],[145.48595,-38.22876],[145.48523,-38.22951],[145.48553,-38.23116],[145.4826,-38.23065],[145.48373,-38.23289],[145.48246,-38.23175],[145.47849,-38.23209],[145.47437,-38.2295],[145.47073,-38.22889],[145.46417,-38.22928],[145.46177,-38.22775],[145.46,-38.22802],[145.45684,-38.22555],[145.45657,-38.22306],[145.45279,-38.22054],[145.45247,-38.21875],[145.44832,-38.21938],[145.44176,-38.21868],[145.44106,-38.21685],[145.43938,-38.21622],[145.43839,-38.21439],[145.43804,-38.21497],[145.43909,-38.21631],[145.43596,-38.21755],[145.43558,-38.21545],[145.43449,-38.21619],[145.43107,-38.21591],[145.42997,-38.21516],[145.43048,-38.21423],[145.42809,-38.21336],[145.42755,-38.21182],[145.43423,-38.21087],[145.43566,-38.20433],[145.44024,-38.20541],[145.4414,-38.20253],[145.4411,-38.20084],[145.44268,-38.19909],[145.43918,-38.19221],[145.44397,-38.19286],[145.44542,-38.18592],[145.45013,-38.18654],[145.45158,-38.17952],[145.45795,-38.18034],[145.45942,-38.17312],[145.45257,-38.17224],[145.45409,-38.16491],[145.44505,-38.16375],[145.44814,-38.14902],[145.52776,-38.1593],[145.52694,-38.16316],[145.55749,-38.15639],[145.55917,-38.16112],[145.54174,-38.16499],[145.54416,-38.16605],[145.53625,-38.17722],[145.55581,-38.17768],[145.55574,-38.18253],[145.54491,-38.18608],[145.54915,-38.18822],[145.55415,-38.1924],[145.54972,-38.19299],[145.54852,-38.19409],[145.5464,-38.19436],[145.54615,-38.19258],[145.54517,-38.19223],[145.5441,-38.19313],[145.54417,-38.19177],[145.54335,-38.19149],[145.54263,-38.19305],[145.54045,-38.19326],[145.54156,-38.19376],[145.5412,-38.19452],[145.52944,-38.19453],[145.52773,-38.19737],[145.52872,-38.19911],[145.52462,-38.19838],[145.52493,-38.20059],[145.52249,-38.2009],[145.5219,-38.20297],[145.51581,-38.20441],[145.51557,-38.20602],[145.51282,-38.2044],[145.51147,-38.20464],[145.51166,-38.2028],[145.51101,-38.20284],[145.51051,-38.20436],[145.50758,-38.2031],[145.50776,-38.20422],[145.50685,-38.20492],[145.50842,-38.20492],[145.5074,-38.20594],[145.50784,-38.20673],[145.50666,-38.20667],[145.50796,-38.2072],[145.5082,-38.2081],[145.50706,-38.20788],[145.50569,-38.20904],[145.50505,-38.20796],[145.50484,-38.20913],[145.50441,-38.20787],[145.50346,-38.2096]]]},"properties":{"state":"VIC","src":"VIC-OpenStats","suburb":"Koo Wee Rup","crime_index":45.5,"violent_pct":69.32,"dwelling_pct":35.23,"motor_pct":31.83,"rate_per100k":45.5,"year":"FY 2022-23 & 2023-24 (avg)","crime_band":3}},{"type":"Feature","geometry":{"type":"Polygon","coordinates":[[[144.57454,-37.65163],[144.57575,-37.64514],[144.58365,-37.64606],[144.5838,-37.64525],[144.6085,-37.64829],[144.60897,-37.65013],[144.60825,-37.6506],[144.61328,-37.65427],[144.61312,-37.65519],[144.6118,-37.65548],[144.61232,-37.65641],[144.61127,-37.65686],[144.61328,-37.65993],[144.61324,-37.66135],[144.61234,-37.66155],[144.6127,-37.66389],[144.60966,-37.66475],[144.60934,-37.6666],[144.60685,-37.66821],[144.60689,-37.67001],[144.60543,-37.67089],[144.60623,-37.67311],[144.60457,-37.67357],[144.60473,-37.67471],[144.60556,-37.67497],[144.60513,-37.67641],[144.60192,-37.67682],[144.6021,-37.67807],[144.60063,-37.67792],[144.59984,-37.67897],[144.59922,-37.6776],[144.59822,-37.67792],[144.59784,-37.67632],[144.57039,-37.67291],[144.57454,-37.65163]]]},"properties":{"state":"VIC","src":"VIC-OpenStats","suburb":"Kurunjang","crime_index":48.3,"violent_pct":74.8,"dwelling_pct":49.52,"motor_pct":20.72,"rate_per100k":48.3,"year":"FY 2022-23 & 2023-24 (avg)","crime_band":3}},{"type":"Feature","geometry":{"type":"Polygon","coordinates":[[[145.01547,-37.65919],[145.03645,-37.66142],[145.03575,-37.66206],[145.03655,-37.66364],[145.03554,-37.66542],[145.03637,-37.66607],[145.03606,-37.66701],[145.03738,-37.66637],[145.03882,-37.66708],[145.03692,-37.67001],[145.03876,-37.67057],[145.04062,-37.67005],[145.04342,-37.67209],[145.04497,-37.67148],[145.04534,-37.67264],[145.0442,-37.67443],[145.04474,-37.67523],[145.04263,-37.67601],[145.04203,-37.67723],[145.03914,-37.67582],[145.03079,-37.67495],[145.02982,-37.67644],[145.01521,-37.6748],[145.01551,-37.67294],[145.01105,-37.673],[145.01058,-37.67234],[145.00229,-37.67157],[145.00174,-37.67253],[144.99703,-37.67123],[144.98147,-37.66997],[144.98226,-37.66516],[144.98826,-37.65755],[144.99537,-37.65903],[144.99931,-37.65748],[145.01547,-37.65919]]]},"properties":{"state":"VIC","src":"VIC-OpenStats","suburb":"Lalor","crime_index":46.0,"violent_pct":59.85,"dwelling_pct":30.93,"motor_pct":47.32,"rate_per100k":46.0,"year":"FY 2022-23 & 2023-24 (avg)","crime_band":3}},{"type":"Feature","geometry":{"type":"Polygon","coordinates":[[[145.60927,-38.3147],[145.60569,-38.33244],[145.6184,-38.33487],[145.61231,-38.36487],[145.60829,-38.36444],[145.60846,-38.36345],[145.57217,-38.35888],[145.57181,-38.36086],[145.56163,-38.35962],[145.55898,-38.35032],[145.55739,-38.33791],[145.55399,-38.3333],[145.54853,-38.32958],[145.54138,-38.32229],[145.54009,-38.32006],[145.54181,-38.30937],[145.52066,-38.30666],[145.5222,-38.30038],[145.52189,-38.29805],[145.51796,-38.29088],[145.51316,-38.28755],[145.5339,-38.27079],[145.53936,-38.26277],[145.54838,-38.25612],[145.54979,-38.25446],[145.5495,-38.25364],[145.55264,-38.25218],[145.54948,-38.24992],[145.55641,-38.24711],[145.55938,-38.25141],[145.56809,-38.24817],[145.57202,-38.25419],[145.58139,-38.24675],[145.58392,-38.24602],[145.58797,-38.24131],[145.59243,-38.2382],[145.5939,-38.23509],[145.59755,-38.23262],[145.59946,-38.23293],[145.60133,-38.2348],[145.61317,-38.24199],[145.61455,-38.23442],[145.62908,-38.23605],[145.62956,-38.2337],[145.63914,-38.23479],[145.6371,-38.24767],[145.63088,-38.24645],[145.62561,-38.24635],[145.62434,-38.25291],[145.63377,-38.25405],[145.63037,-38.27692],[145.6272,-38.27663],[145.62563,-38.28621],[145.62833,-38.28673],[145.62331,-38.31221],[145.61479,-38.31311],[145.60927,-38.3147]]]},"properties":{"state":"VIC","src":"VIC-OpenStats","suburb":"Lang Lang","crime_index":53.7,"violent_pct":81.54,"dwelling_pct":39.65,"motor_pct":39.82,"rate_per100k":53.7,"year":"FY 2022-23 & 2023-24 (avg)","crime_band":4}},{"type":"Feature","geometry":{"type":"Polygon","coordinates":[[[145.20161,-38.12547],[145.21455,-38.12699],[145.21348,-38.13268],[145.21978,-38.13344],[145.22117,-38.12625],[145.22971,-38.12695],[145.21874,-38.18491],[145.2086,-38.18375],[145.20418,-38.18219],[145.16127,-38.17689],[145.16639,-38.1592],[145.17256,-38.14819],[145.17316,-38.13948],[145.17693,-38.14051],[145.17823,-38.1317],[145.18309,-38.12525],[145.1872,-38.12355],[145.20161,-38.12547]]]},"properties":{"state":"VIC","src":"VIC-OpenStats","suburb":"Langwarrin","crime_index":35.7,"violent_pct":42.65,"dwelling_pct":24.78,"motor_pct":39.56,"rate_per100k":35.7,"year":"FY 2022-23 & 2023-24 (avg)","crime_band":3}},{"type":"Feature","geometry":{"type":"Polygon","coordinates":[[[145.16538,-38.17755],[145.20418,-38.18219],[145.2086,-38.18375],[145.21874,-38.18491],[145.21577,-38.20064],[145.18182,-38.19905],[145.15929,-38.18173],[145.16127,-38.17689],[145.16538,-38.17755]]]},"properties":{"state":"VIC","src":"VIC-OpenStats","suburb":"Langwarrin South","crime_index":36.8,"violent_pct":45.78,"dwelling_pct":38.77,"motor_pct":25.74,"rate_per100k":36.8,"year":"FY 2022-23 & 2023-24 (avg)","crime_band":3}},{"type":"Feature","geometry":{"type":"Polygon","coordinates":[[[144.43234,-38.02968],[144.41279,-38.03987],[144.41274,-38.04364],[144.40939,-38.048],[144.4092,-38.04967],[144.4104,-38.05171],[144.41449,-38.0546],[144.35793,-38.04799],[144.35841,-38.05932],[144.34813,-38.05915],[144.34103,-38.06186],[144.34402,-38.04623],[144.34161,-38.04593],[144.3436,-38.04144],[144.34744,-38.03786],[144.34541,-38.0376],[144.34591,-38.03533],[144.34753,-38.03603],[144.34712,-38.02891],[144.35437,-38.02977],[144.34651,-37.98813],[144.3514,-37.95903],[144.46148,-37.97153],[144.459,-37.98604],[144.48433,-37.98889],[144.48375,-37.99208],[144.4825,-37.99275],[144.48347,-37.99391],[144.47942,-37.99654],[144.48041,-37.99864],[144.48711,-38.00427],[144.43234,-38.02968]]]},"properties":{"state":"VIC","src":"VIC-OpenStats","suburb":"Lara","crime_index":51.5,"violent_pct":54.14,"dwelling_pct":55.85,"motor_pct":44.46,"rate_per100k":51.5,"year":"FY 2022-23 & 2023-24 (avg)","crime_band":4}},{"type":"Feature","geometry":{"type":"Polygon","coordinates":[[[145.55741,-37.78206],[145.55457,-37.78023],[145.54856,-37.77293],[145.54662,-37.77346],[145.54137,-37.77297],[145.53859,-37.774],[145.53642,-37.7698],[145.53262,-37.76726],[145.53318,-37.76349],[145.53848,-37.75932],[145.53838,-37.75082],[145.54099,-37.73745],[145.57534,-37.74021],[145.57575,-37.73808],[145.58406,-37.739],[145.58251,-37.75124],[145.57785,-37.75105],[145.57619,-37.75692],[145.58022,-37.7594],[145.58428,-37.75986],[145.58351,-37.76161],[145.58588,-37.765],[145.58549,-37.7683],[145.59141,-37.76905],[145.59243,-37.76845],[145.59365,-37.76907],[145.59531,-37.7687],[145.59713,-37.7649],[145.60104,-37.76525],[145.60087,-37.7643],[145.60582,-37.75876],[145.60942,-37.75689],[145.6069,-37.76868],[145.60808,-37.76914],[145.60771,-37.7717],[145.60545,-37.77198],[145.60466,-37.77696],[145.60332,-37.7767],[145.60334,-37.77566],[145.60244,-37.77621],[145.59934,-37.77434],[145.59714,-37.77474],[145.59695,-37.77599],[145.59839,-37.77665],[145.59999,-37.77906],[145.59979,-37.78395],[145.60309,-37.79358],[145.60244,-37.79504],[145.60324,-37.79697],[145.60707,-37.79931],[145.61064,-37.8047],[145.60979,-37.80812],[145.62242,-37.80998],[145.62138,-37.81426],[145.62284,-37.82115],[145.6225,-37.82341],[145.62081,-37.82315],[145.61872,-37.82147],[145.61178,-37.82396],[145.60945,-37.82354],[145.60199,-37.82455],[145.60174,-37.8231],[145.5982,-37.82181],[145.59541,-37.81894],[145.59669,-37.8136],[145.57562,-37.81065],[145.57641,-37.80623],[145.564,-37.80473],[145.5638,-37.79388],[145.55876,-37.79409],[145.55709,-37.78795],[145.55919,-37.78529],[145.55964,-37.78285],[145.55741,-37.78206]]]},"properties":{"state":"VIC","src":"VIC-OpenStats","suburb":"Launching Place","crime_index":24.7,"violent_pct":56.07,"dwelling_pct":10.5,"motor_pct":7.52,"rate_per100k":24.7,"year":"FY 2022-23 & 2023-24 (avg)","crime_band":2}},{"type":"Feature","geometry":{"type":"Polygon","coordinates":[[[144.77242,-37.86743],[144.75131,-37.86981],[144.75055,-37.86694],[144.75783,-37.86505],[144.75545,-37.85826],[144.75254,-37.85443],[144.7613,-37.85517],[144.77655,-37.84656],[144.78086,-37.84585],[144.77673,-37.86326],[144.7746,-37.86629],[144.77242,-37.86743]]]},"properties":{"state":"VIC","src":"VIC-OpenStats","suburb":"Laverton (Vic.)","crime_index":93.4,"violent_pct":92.04,"dwelling_pct":93.45,"motor_pct":94.83,"rate_per100k":93.4,"year":"FY 2022-23 & 2023-24 (avg)","crime_band":6}},{"type":"Feature","geometry":{"type":"Polygon","coordinates":[[[144.46478,-38.20965],[144.4601,-38.20953],[144.45634,-38.21047],[144.45327,-38.21516],[144.45154,-38.22047],[144.44893,-38.22275],[144.4461,-38.2282],[144.44547,-38.22583],[144.44421,-38.22453],[144.43871,-38.22403],[144.43659,-38.2247],[144.43452,-38.22668],[144.43374,-38.22834],[144.43403,-38.23077],[144.43116,-38.23116],[144.42756,-38.23462],[144.42548,-38.23425],[144.42413,-38.23301],[144.42326,-38.23111],[144.42429,-38.23091],[144.4251,-38.22825],[144.42427,-38.22513],[144.42707,-38.22315],[144.42694,-38.22023],[144.42992,-38.22003],[144.43202,-38.21794],[144.43449,-38.21796],[144.43845,-38.21186],[144.44106,-38.20421],[144.44063,-38.20112],[144.43825,-38.19734],[144.44158,-38.19538],[144.44449,-38.19584],[144.4467,-38.18492],[144.451,-38.18596],[144.4566,-38.15818],[144.46799,-38.16283],[144.47486,-38.16432],[144.48763,-38.16381],[144.49779,-38.1611],[144.49465,-38.17863],[144.50318,-38.17965],[144.50324,-38.18191],[144.49857,-38.20552],[144.49689,-38.20468],[144.49508,-38.21233],[144.4881,-38.21143],[144.48693,-38.21699],[144.48393,-38.21657],[144.4735,-38.21149],[144.46478,-38.20965]]]},"properties":{"state":"VIC","src":"VIC-OpenStats","suburb":"Leopold","crime_index":23.0,"violent_pct":36.34,"dwelling_pct":23.73,"motor_pct":9.03,"rate_per100k":23.0,"year":"FY 2022-23 & 2023-24 (avg)","crime_band":2}},{"type":"Feature","geometry":{"type":"Polygon","coordinates":[[[145.36534,-37.73471],[145.37402,-37.7385],[145.37635,-37.73487],[145.4133,-37.73923],[145.40805,-37.76749],[145.37502,-37.76409],[145.37588,-37.7676],[145.37423,-37.76941],[145.37737,-37.77138],[145.37795,-37.77283],[145.37717,-37.77429],[145.37499,-37.77255],[145.3721,-37.77311],[145.36962,-37.77225],[145.36783,-37.77312],[145.36596,-37.77244],[145.36422,-37.774],[145.36306,-37.77354],[145.36411,-37.77998],[145.36208,-37.78489],[145.36093,-37.79182],[145.35907,-37.79693],[145.35574,-37.79456],[145.3532,-37.79423],[145.35347,-37.78643],[145.34968,-37.78467],[145.34511,-37.7847],[145.34582,-37.78109],[145.34358,-37.78082],[145.34441,-37.77641],[145.33039,-37.77533],[145.32903,-37.77461],[145.33001,-37.77472],[145.33236,-37.77137],[145.34093,-37.72637],[145.36534,-37.73471]]]},"properties":{"state":"VIC","src":"VIC-OpenStats","suburb":"Lilydale (Vic.)","crime_index":45.8,"violent_pct":76.81,"dwelling_pct":23.43,"motor_pct":37.18,"rate_per100k":45.8,"year":"FY 2022-23 & 2023-24 (avg)","crime_band":3}},{"type":"Feature","geometry":{"type":"Polygon","coordinates":[[[144.51352,-37.99219],[144.48711,-38.00427],[144.48041,-37.99864],[144.47942,-37.99654],[144.48347,-37.99391],[144.4825,-37.99275],[144.48375,-37.99208],[144.48433,-37.98889],[144.459,-37.98604],[144.46148,-37.97153],[144.3514,-37.95903],[144.37134,-37.9027],[144.36711,-37.89281],[144.3767,-37.89211],[144.38083,-37.89282],[144.38623,-37.8961],[144.40068,-37.89839],[144.40481,-37.87637],[144.41708,-37.87776],[144.4162,-37.8759],[144.41928,-37.87528],[144.42058,-37.8735],[144.42449,-37.87316],[144.42587,-37.87191],[144.42934,-37.87187],[144.4285,-37.86959],[144.42957,-37.86872],[144.43128,-37.86873],[144.43074,-37.86827],[144.43307,-37.86753],[144.43397,-37.86613],[144.43843,-37.86719],[144.43894,-37.86901],[144.44437,-37.86899],[144.44482,-37.87032],[144.44754,-37.87082],[144.44706,-37.87217],[144.44855,-37.8735],[144.45585,-37.87032],[144.4545,-37.86955],[144.45498,-37.86796],[144.45375,-37.86719],[144.51648,-37.87412],[144.5083,-37.91707],[144.59108,-37.92608],[144.58164,-37.92978],[144.58221,-37.93072],[144.58032,-37.93135],[144.57884,-37.93983],[144.59733,-37.9419],[144.60022,-37.9454],[144.55053,-37.97322],[144.51352,-37.99219]]]},"properties":{"state":"VIC","src":"VIC-OpenStats","suburb":"Little River (Vic.)","crime_index":71.8,"violent_pct":81.73,"dwelling_pct":62,"motor_pct":71.68,"rate_per100k":71.8,"year":"FY 2022-23 & 2023-24 (avg)","crime_band":5}},{"type":"Feature","geometry":{"type":"Polygon","coordinates":[[[144.34103,-38.06186],[144.33554,-38.0901],[144.33014,-38.08815],[144.33079,-38.08701],[144.33024,-38.08664],[144.32723,-38.08901],[144.31391,-38.07893],[144.30846,-38.07684],[144.31358,-38.04916],[144.30854,-38.04278],[144.28931,-38.02583],[144.28324,-38.00652],[144.33232,-38.0124],[144.33637,-38.01166],[144.34253,-38.01415],[144.34441,-38.01369],[144.35142,-38.0147],[144.35437,-38.02977],[144.34712,-38.02891],[144.34753,-38.03603],[144.34591,-38.03533],[144.34541,-38.0376],[144.34744,-38.03786],[144.3436,-38.04144],[144.34161,-38.04593],[144.34402,-38.04623],[144.34103,-38.06186]]]},"properties":{"state":"VIC","src":"VIC-OpenStats","suburb":"Lovely Banks","crime_index":59.0,"violent_pct":74.06,"dwelling_pct":58.41,"motor_pct":44.51,"rate_per100k":59.0,"year":"FY 2022-23 & 2023-24 (avg)","crime_band":4}},{"type":"Feature","geometry":{"type":"Polygon","coordinates":[[[145.13472,-37.73485],[145.13416,-37.73822],[145.13568,-37.7409],[145.1336,-37.7427],[145.12541,-37.74017],[145.12298,-37.74041],[145.12154,-37.7416],[145.11993,-37.74491],[145.12027,-37.74809],[145.12105,-37.74851],[145.12316,-37.74755],[145.12532,-37.74934],[145.1259,-37.75122],[145.12261,-37.74919],[145.12115,-37.7523],[145.11508,-37.75312],[145.11323,-37.75511],[145.10968,-37.75543],[145.10179,-37.75246],[145.09823,-37.74901],[145.09856,-37.74717],[145.09943,-37.74766],[145.10148,-37.74705],[145.10093,-37.74497],[145.10186,-37.74571],[145.10242,-37.74517],[145.10306,-37.74239],[145.10224,-37.74081],[145.10585,-37.73897],[145.10654,-37.73753],[145.10768,-37.73807],[145.10686,-37.73603],[145.10881,-37.73417],[145.1044,-37.73358],[145.104,-37.73237],[145.10579,-37.73188],[145.10772,-37.72892],[145.10661,-37.72626],[145.10969,-37.72586],[145.10811,-37.72518],[145.10677,-37.72338],[145.10923,-37.72167],[145.11352,-37.72429],[145.11755,-37.72309],[145.12318,-37.72493],[145.12301,-37.72548],[145.12667,-37.72848],[145.13774,-37.73317],[145.13563,-37.73371],[145.13472,-37.73485]]]},"properties":{"state":"VIC","src":"VIC-OpenStats","suburb":"Lower Plenty","crime_index":24.3,"violent_pct":44.01,"dwelling_pct":10.36,"motor_pct":18.41,"rate_per100k":24.3,"year":"FY 2022-23 & 2023-24 (avg)","crime_band":2}},{"type":"Feature","geometry":{"type":"Polygon","coordinates":[[[145.24723,-38.0364],[145.24906,-38.03794],[145.25524,-38.04707],[145.25909,-38.04542],[145.26532,-38.04477],[145.2623,-38.05751],[145.26617,-38.06594],[145.26503,-38.0658],[145.26464,-38.06767],[145.26302,-38.06743],[145.26272,-38.06889],[145.26429,-38.06938],[145.26249,-38.07765],[145.25379,-38.06623],[145.24518,-38.0491],[145.24723,-38.0364]]]},"properties":{"state":"VIC","src":"VIC-OpenStats","suburb":"Lynbrook","crime_index":54.0,"violent_pct":57.83,"dwelling_pct":39.86,"motor_pct":64.3,"rate_per100k":54.0,"year":"FY 2022-23 & 2023-24 (avg)","crime_band":4}},{"type":"Feature","geometry":{"type":"Polygon","coordinates":[[[145.24373,-38.05643],[145.24518,-38.0491],[145.25379,-38.06623],[145.26483,-38.08072],[145.19473,-38.07213],[145.20604,-38.05836],[145.24245,-38.06288],[145.24373,-38.05643]]]},"properties":{"state":"VIC","src":"VIC-OpenStats","suburb":"Lyndhurst (Vic.)","crime_index":49.2,"violent_pct":36.14,"dwelling_pct":59.58,"motor_pct":51.86,"rate_per100k":49.2,"year":"FY 2022-23 & 2023-24 (avg)","crime_band":4}},{"type":"Feature","geometry":{"type":"Polygon","coordinates":[[[145.27604,-37.94715],[145.26572,-37.94589],[145.26903,-37.92928],[145.2652,-37.92854],[145.27006,-37.92336],[145.27242,-37.91328],[145.28485,-37.90248],[145.28758,-37.90099],[145.29503,-37.90031],[145.30383,-37.9046],[145.30718,-37.90802],[145.31227,-37.91077],[145.32403,-37.9192],[145.3279,-37.91857],[145.33085,-37.91915],[145.33071,-37.91992],[145.33168,-37.92002],[145.33184,-37.91916],[145.33384,-37.91863],[145.33423,-37.91986],[145.33486,-37.91961],[145.33514,-37.92048],[145.33191,-37.9234],[145.3289,-37.93898],[145.32957,-37.94294],[145.32868,-37.94477],[145.32861,-37.94761],[145.32749,-37.94898],[145.32835,-37.94976],[145.33267,-37.94927],[145.33652,-37.95043],[145.33399,-37.95579],[145.33059,-37.9582],[145.32744,-37.9653],[145.31894,-37.96636],[145.317,-37.96783],[145.29116,-37.9646],[145.28904,-37.96293],[145.28862,-37.96107],[145.28862,-37.95915],[145.28991,-37.95759],[145.28721,-37.95713],[145.28356,-37.95513],[145.28377,-37.95411],[145.28232,-37.95365],[145.2821,-37.95058],[145.27963,-37.94758],[145.27604,-37.94715]]]},"properties":{"state":"VIC","src":"VIC-OpenStats","suburb":"Lysterfield","crime_index":17.4,"violent_pct":7.65,"dwelling_pct":28.19,"motor_pct":16.3,"rate_per100k":17.4,"year":"FY 2022-23 & 2023-24 (avg)","crime_band":1}},{"type":"Feature","geometry":{"type":"Polygon","coordinates":[[[145.28919,-37.95825],[145.28862,-37.95915],[145.28903,-37.96282],[145.28202,-37.96193],[145.27736,-37.95988],[145.26346,-37.95815],[145.25882,-37.95852],[145.24536,-37.94864],[145.24391,-37.94326],[145.27963,-37.94758],[145.2821,-37.95058],[145.28232,-37.95365],[145.28377,-37.95411],[145.28356,-37.95513],[145.28721,-37.95713],[145.28991,-37.95759],[145.28919,-37.95825]]]},"properties":{"state":"VIC","src":"VIC-OpenStats","suburb":"Lysterfield South","crime_index":61.9,"violent_pct":43.19,"dwelling_pct":79.29,"motor_pct":63.15,"rate_per100k":61.9,"year":"FY 2022-23 & 2023-24 (avg)","crime_band":4}},{"type":"Feature","geometry":{"type":"Polygon","coordinates":[[[145.46994,-37.90265],[145.46911,-37.91018],[145.46668,-37.91201],[145.46475,-37.91081],[145.46334,-37.90798],[145.46129,-37.90116],[145.45689,-37.89781],[145.45418,-37.89699],[145.45581,-37.89261],[145.45373,-37.88825],[145.45464,-37.88466],[145.4511,-37.8858],[145.45322,-37.88169],[145.45524,-37.8805],[145.45669,-37.88062],[145.45726,-37.87875],[145.45874,-37.8779],[145.45808,-37.87797],[145.45698,-37.87612],[145.45805,-37.87499],[145.45785,-37.87394],[145.45887,-37.87416],[145.45855,-37.87289],[145.45642,-37.87133],[145.45772,-37.87002],[145.4571,-37.86948],[145.45796,-37.86972],[145.45843,-37.86893],[145.45733,-37.86892],[145.45847,-37.86827],[145.45711,-37.86738],[145.45806,-37.86681],[145.45729,-37.86501],[145.45833,-37.86432],[145.45745,-37.86348],[145.45826,-37.86264],[145.45736,-37.8616],[145.45824,-37.86087],[145.45839,-37.85725],[145.45706,-37.85699],[145.45741,-37.85642],[145.46197,-37.85629],[145.46796,-37.85322],[145.46891,-37.85602],[145.46958,-37.85578],[145.47043,-37.85739],[145.47139,-37.85666],[145.47311,-37.85699],[145.47317,-37.85543],[145.47477,-37.85411],[145.47404,-37.85316],[145.47551,-37.85313],[145.47552,-37.85168],[145.48123,-37.85718],[145.50319,-37.85967],[145.50392,-37.85647],[145.50692,-37.85519],[145.51263,-37.85708],[145.51306,-37.85948],[145.51414,-37.8596],[145.51456,-37.8568],[145.51672,-37.8572],[145.5165,-37.85829],[145.51954,-37.85823],[145.52503,-37.86037],[145.52525,-37.86189],[145.52677,-37.86361],[145.5263,-37.86846],[145.52829,-37.87086],[145.52821,-37.87436],[145.52893,-37.87537],[145.52863,-37.87697],[145.52652,-37.87915],[145.52682,-37.88204],[145.52555,-37.88302],[145.52593,-37.88409],[145.52692,-37.88435],[145.52687,-37.88526],[145.52612,-37.88539],[145.52563,-37.88734],[145.52241,-37.88707],[145.52093,-37.88983],[145.51505,-37.89353],[145.5126,-37.89668],[145.50978,-37.89758],[145.50771,-37.89982],[145.50571,-37.89962],[145.50322,-37.90079],[145.50029,-37.89955],[145.49782,-37.90035],[145.49479,-37.89998],[145.48994,-37.89828],[145.48972,-37.89938],[145.4816,-37.89841],[145.47967,-37.90066],[145.47383,-37.89997],[145.47199,-37.9013],[145.47052,-37.90112],[145.46994,-37.90265]]]},"properties":{"state":"VIC","src":"VIC-OpenStats","suburb":"Macclesfield (Vic.)","crime_index":15.9,"violent_pct":33.15,"dwelling_pct":4.73,"motor_pct":9.94,"rate_per100k":15.9,"year":"FY 2022-23 & 2023-24 (avg)","crime_band":1}},{"type":"Feature","geometry":{"type":"Polygon","coordinates":[[[144.57137,-37.41647],[144.57456,-37.41745],[144.57439,-37.42076],[144.58144,-37.42172],[144.58225,-37.41954],[144.5845,-37.41903],[144.58563,-37.42053],[144.59042,-37.42044],[144.59681,-37.42161],[144.59753,-37.42048],[144.60827,-37.42168],[144.60535,-37.43594],[144.60781,-37.43694],[144.60482,-37.4427],[144.59288,-37.43945],[144.59235,-37.44114],[144.59294,-37.4426],[144.59173,-37.4451],[144.58288,-37.44481],[144.57914,-37.45977],[144.57654,-37.45543],[144.56784,-37.46072],[144.56468,-37.45943],[144.56506,-37.45708],[144.56262,-37.45693],[144.5622,-37.45893],[144.56006,-37.46055],[144.56046,-37.46286],[144.55821,-37.46515],[144.55599,-37.46465],[144.55512,-37.46279],[144.55214,-37.46135],[144.54955,-37.46303],[144.54906,-37.4603],[144.54794,-37.45957],[144.54952,-37.45726],[144.54707,-37.45454],[144.54468,-37.45701],[144.54246,-37.45711],[144.54016,-37.45919],[144.53295,-37.45969],[144.53219,-37.4564],[144.53309,-37.45544],[144.52926,-37.45372],[144.52848,-37.44951],[144.52713,-37.44887],[144.52806,-37.44385],[144.52518,-37.44305],[144.52602,-37.43843],[144.52147,-37.4379],[144.52279,-37.43032],[144.52082,-37.4286],[144.52104,-37.42526],[144.52021,-37.42327],[144.51445,-37.41803],[144.51409,-37.41668],[144.51423,-37.41388],[144.51776,-37.40858],[144.5208,-37.40615],[144.52191,-37.40275],[144.5239,-37.40167],[144.52493,-37.40297],[144.52878,-37.40105],[144.52843,-37.39875],[144.53629,-37.39991],[144.53801,-37.3937],[144.54173,-37.39078],[144.54373,-37.39069],[144.54543,-37.38939],[144.54636,-37.3848],[144.54551,-37.38275],[144.55048,-37.38213],[144.55244,-37.39087],[144.56034,-37.40073],[144.56196,-37.40627],[144.56591,-37.40787],[144.56906,-37.40771],[144.56884,-37.40819],[144.57244,-37.4102],[144.57164,-37.41089],[144.57132,-37.41303],[144.57204,-37.41442],[144.57137,-37.41647]]]},"properties":{"state":"VIC","src":"VIC-OpenStats","suburb":"Macedon","crime_index":31.4,"violent_pct":37.63,"dwelling_pct":26.59,"motor_pct":29.89,"rate_per100k":31.4,"year":"FY 2022-23 & 2023-24 (avg)","crime_band":3}},{"type":"Feature","geometry":{"type":"Polygon","coordinates":[[[145.06565,-37.70984],[145.06542,-37.70924],[145.06958,-37.7082],[145.07495,-37.70878],[145.07458,-37.71095],[145.0754,-37.71104],[145.07451,-37.71619],[145.0918,-37.71817],[145.092,-37.71727],[145.09577,-37.71999],[145.09559,-37.7211],[145.0812,-37.71945],[145.07876,-37.73343],[145.07623,-37.73315],[145.07649,-37.73184],[145.07533,-37.73173],[145.07526,-37.73262],[145.07193,-37.73323],[145.07225,-37.73102],[145.06956,-37.73024],[145.05562,-37.72882],[145.05785,-37.72346],[145.05633,-37.72237],[145.05629,-37.72074],[145.05899,-37.71836],[145.05937,-37.71636],[145.0568,-37.71452],[145.06002,-37.71482],[145.06098,-37.71365],[145.06302,-37.71368],[145.06512,-37.71114],[145.06454,-37.71039],[145.06565,-37.70984]]]},"properties":{"state":"VIC","src":"VIC-OpenStats","suburb":"Macleod (Vic.)","crime_index":31.9,"violent_pct":28.74,"dwelling_pct":30.65,"motor_pct":36.19,"rate_per100k":31.9,"year":"FY 2022-23 & 2023-24 (avg)","crime_band":3}},{"type":"Feature","geometry":{"type":"Polygon","coordinates":[[[144.42216,-37.67981],[144.42424,-37.6787],[144.42717,-37.68044],[144.4315,-37.68117],[144.43219,-37.68232],[144.43502,-37.68293],[144.44479,-37.68154],[144.44705,-37.68376],[144.44951,-37.68317],[144.44894,-37.68418],[144.45734,-37.68499],[144.45715,-37.68603],[144.46073,-37.68639],[144.45896,-37.68759],[144.45878,-37.68943],[144.46218,-37.6915],[144.46483,-37.69197],[144.46275,-37.70602],[144.45825,-37.70547],[144.45591,-37.70976],[144.44713,-37.70813],[144.44603,-37.71159],[144.44233,-37.71017],[144.43924,-37.71188],[144.43752,-37.71452],[144.43506,-37.71567],[144.43175,-37.7148],[144.42832,-37.71528],[144.42503,-37.71778],[144.41595,-37.71826],[144.41404,-37.7208],[144.4154,-37.72337],[144.41469,-37.72424],[144.41222,-37.72283],[144.40944,-37.72413],[144.40721,-37.72416],[144.40523,-37.72654],[144.40274,-37.72777],[144.40469,-37.71686],[144.39893,-37.7163],[144.39535,-37.71719],[144.39686,-37.70883],[144.38982,-37.70802],[144.39197,-37.69636],[144.39263,-37.69621],[144.36818,-37.68753],[144.37047,-37.67495],[144.37201,-37.6744],[144.37419,-37.67478],[144.37373,-37.67963],[144.38179,-37.67912],[144.38263,-37.67971],[144.38358,-37.68374],[144.38459,-37.68272],[144.38787,-37.68313],[144.39229,-37.68657],[144.3965,-37.6854],[144.39534,-37.68467],[144.39544,-37.68254],[144.39649,-37.68182],[144.39831,-37.6823],[144.39817,-37.68076],[144.3994,-37.67943],[144.40639,-37.68011],[144.41154,-37.67814],[144.41401,-37.67801],[144.41874,-37.68053],[144.42216,-37.67981]]]},"properties":{"state":"VIC","src":"VIC-OpenStats","suburb":"Maddingley","crime_index":45.2,"violent_pct":55.28,"dwelling_pct":25.29,"motor_pct":55.09,"rate_per100k":45.2,"year":"FY 2022-23 & 2023-24 (avg)","crime_band":3}},{"type":"Feature","geometry":{"type":"Polygon","coordinates":[[[144.87363,-37.77404],[144.88558,-37.7756],[144.88269,-37.79077],[144.87936,-37.7904],[144.87888,-37.79115],[144.86392,-37.78947],[144.86595,-37.77792],[144.86398,-37.77768],[144.86356,-37.7765],[144.86473,-37.77262],[144.86706,-37.77208],[144.87189,-37.77264],[144.87166,-37.7738],[144.87363,-37.77404]]]},"properties":{"state":"VIC","src":"VIC-OpenStats","suburb":"Maidstone","crime_index":72.1,"violent_pct":56.21,"dwelling_pct":65.89,"motor_pct":94.14,"rate_per100k":72.1,"year":"FY 2022-23 & 2023-24 (avg)","crime_band":5}},{"type":"Feature","geometry":{"type":"Polygon","coordinates":[[[145.02985,-37.84852],[145.03085,-37.84583],[145.03001,-37.84535],[145.03107,-37.84372],[145.0403,-37.8448],[145.04027,-37.84563],[145.04392,-37.84807],[145.04216,-37.85043],[145.04003,-37.86445],[145.03927,-37.86437],[145.03902,-37.86567],[145.03953,-37.8671],[145.03896,-37.86703],[145.03836,-37.87032],[145.03729,-37.87024],[145.03733,-37.87288],[145.03254,-37.86838],[145.02677,-37.86591],[145.02699,-37.86433],[145.02789,-37.86511],[145.02755,-37.86135],[145.0285,-37.86141],[145.02833,-37.8583],[145.02943,-37.85571],[145.0279,-37.85511],[145.02909,-37.85403],[145.02919,-37.85191],[145.02999,-37.85202],[145.02985,-37.84852]]]},"properties":{"state":"VIC","src":"VIC-OpenStats","suburb":"Malvern (Vic.)","crime_index":26.1,"violent_pct":1.67,"dwelling_pct":22.04,"motor_pct":54.65,"rate_per100k":26.1,"year":"FY 2022-23 & 2023-24 (avg)","crime_band":2}},{"type":"Feature","geometry":{"type":"Polygon","coordinates":[[[145.09003,-37.88364],[145.08823,-37.89296],[145.08599,-37.89264],[145.08411,-37.89179],[145.08042,-37.88797],[145.07182,-37.88483],[145.06285,-37.88466],[145.05186,-37.88278],[145.04597,-37.87651],[145.04016,-37.87509],[145.03863,-37.87406],[145.03733,-37.87288],[145.03729,-37.87024],[145.03836,-37.87032],[145.0397,-37.86621],[145.03902,-37.86567],[145.03927,-37.86437],[145.04003,-37.86445],[145.04023,-37.8634],[145.05788,-37.86563],[145.05946,-37.86464],[145.05996,-37.86626],[145.06073,-37.86586],[145.06163,-37.86742],[145.06359,-37.86707],[145.06417,-37.86804],[145.06532,-37.8675],[145.06875,-37.87184],[145.069,-37.87425],[145.07306,-37.87583],[145.07498,-37.87592],[145.07987,-37.87318],[145.08751,-37.87142],[145.09089,-37.87226],[145.09209,-37.8718],[145.09003,-37.88364]]]},"properties":{"state":"VIC","src":"VIC-OpenStats","suburb":"Malvern East","crime_index":79.0,"violent_pct":60.97,"dwelling_pct":91.59,"motor_pct":84.36,"rate_per100k":79.0,"year":"FY 2022-23 & 2023-24 (avg)","crime_band":5}},{"type":"Feature","geometry":{"type":"Polygon","coordinates":[[[144.59298,-37.89755],[144.58776,-37.92571],[144.5083,-37.91707],[144.51648,-37.87412],[144.57146,-37.88039],[144.59728,-37.88257],[144.60053,-37.88537],[144.60677,-37.88664],[144.60505,-37.89895],[144.59298,-37.89755]]]},"properties":{"state":"VIC","src":"VIC-OpenStats","suburb":"Mambourin","crime_index":96.6,"violent_pct":94.38,"dwelling_pct":99.72,"motor_pct":95.56,"rate_per100k":96.6,"year":"FY 2022-23 & 2023-24 (avg)","crime_band":6}},{"type":"Feature","geometry":{"type":"Polygon","coordinates":[[[144.33581,-38.14347],[144.33547,-38.14536],[144.32907,-38.1446],[144.33194,-38.12983],[144.33831,-38.13065],[144.33581,-38.14347]]]},"properties":{"state":"VIC","src":"VIC-OpenStats","suburb":"Manifold Heights","crime_index":42.5,"violent_pct":19.23,"dwelling_pct":43.13,"motor_pct":65.22,"rate_per100k":42.5,"year":"FY 2022-23 & 2023-24 (avg)","crime_band":3}},{"type":"Feature","geometry":{"type":"Polygon","coordinates":[[[144.59618,-37.85995],[144.609,-37.86855],[144.61834,-37.87835],[144.61492,-37.88583],[144.61122,-37.88379],[144.60856,-37.88465],[144.60705,-37.88434],[144.60667,-37.88662],[144.60053,-37.88537],[144.59728,-37.88257],[144.55318,-37.87827],[144.56009,-37.84114],[144.57473,-37.84562],[144.59618,-37.85995]]]},"properties":{"state":"VIC","src":"VIC-OpenStats","suburb":"Manor Lakes","crime_index":37.1,"violent_pct":63.65,"dwelling_pct":20.5,"motor_pct":27.19,"rate_per100k":37.1,"year":"FY 2022-23 & 2023-24 (avg)","crime_band":3}},{"type":"Feature","geometry":{"type":"Polygon","coordinates":[[[144.8903,-37.78702],[144.88352,-37.78635],[144.88555,-37.77557],[144.87166,-37.7738],[144.87189,-37.77264],[144.87404,-37.77143],[144.87451,-37.77016],[144.87437,-37.76896],[144.87062,-37.76638],[144.87241,-37.76235],[144.87836,-37.75908],[144.88201,-37.75589],[144.88565,-37.75642],[144.88417,-37.7598],[144.885,-37.76163],[144.8895,-37.76209],[144.89373,-37.76573],[144.89916,-37.76462],[144.90186,-37.76584],[144.90211,-37.76942],[144.89764,-37.77124],[144.89586,-37.77325],[144.89772,-37.78035],[144.90399,-37.78457],[144.90283,-37.789],[144.8903,-37.78702]]]},"properties":{"state":"VIC","src":"VIC-OpenStats","suburb":"Maribyrnong","crime_index":83.2,"violent_pct":73.12,"dwelling_pct":82.5,"motor_pct":94.03,"rate_per100k":83.2,"year":"FY 2022-23 & 2023-24 (avg)","crime_band":6}},{"type":"Feature","geometry":{"type":"Polygon","coordinates":[[[144.35058,-38.18935],[144.35108,-38.1869],[144.35414,-38.1847],[144.3546,-38.18614],[144.3568,-38.18581],[144.35855,-38.18455],[144.35834,-38.18711],[144.35561,-38.18775],[144.35783,-38.18998],[144.36621,-38.20497],[144.3614,-38.20443],[144.36089,-38.20722],[144.35062,-38.20606],[144.35293,-38.19481],[144.34815,-38.19426],[144.34913,-38.1891],[144.35058,-38.18935]]]},"properties":{"state":"VIC","src":"VIC-OpenStats","suburb":"Marshall","crime_index":37.6,"violent_pct":27.09,"dwelling_pct":36.39,"motor_pct":49.32,"rate_per100k":37.6,"year":"FY 2022-23 & 2023-24 (avg)","crime_band":3}},{"type":"Feature","geometry":{"type":"Polygon","coordinates":[[[144.93514,-38.34397],[144.93716,-38.34296],[144.93989,-38.34577],[144.94251,-38.34659],[144.94787,-38.3446],[144.94886,-38.34525],[144.94417,-38.34792],[144.94313,-38.36512],[144.92833,-38.36452],[144.9283,-38.3658],[144.91598,-38.36568],[144.92277,-38.35892],[144.92151,-38.35542],[144.92321,-38.35365],[144.92046,-38.34999],[144.93514,-38.34397]]]},"properties":{"state":"VIC","src":"VIC-OpenStats","suburb":"McCrae","crime_index":60.0,"violent_pct":36.41,"dwelling_pct":90.35,"motor_pct":53.29,"rate_per100k":60.0,"year":"FY 2022-23 & 2023-24 (avg)","crime_band":4}},{"type":"Feature","geometry":{"type":"Polygon","coordinates":[[[145.03597,-37.90737],[145.05274,-37.90962],[145.05248,-37.91107],[145.05373,-37.91121],[145.0534,-37.91299],[145.05217,-37.91282],[145.05182,-37.91497],[145.03761,-37.91264],[145.03728,-37.91442],[145.03235,-37.91383],[145.03226,-37.91453],[145.02874,-37.91225],[145.02424,-37.91063],[145.02528,-37.9061],[145.03597,-37.90737]]]},"properties":{"state":"VIC","src":"VIC-OpenStats","suburb":"McKinnon","crime_index":39.8,"violent_pct":23.08,"dwelling_pct":46.03,"motor_pct":50.28,"rate_per100k":39.8,"year":"FY 2022-23 & 2023-24 (avg)","crime_band":3}},{"type":"Feature","geometry":{"type":"Polygon","coordinates":[[[144.92386,-37.66104],[144.92209,-37.66378],[144.91817,-37.66301],[144.91448,-37.66369],[144.90674,-37.66274],[144.91069,-37.63827],[144.92876,-37.6407],[144.92875,-37.64307],[144.93136,-37.64778],[144.93148,-37.6499],[144.92715,-37.65774],[144.92386,-37.66104]]]},"properties":{"state":"VIC","src":"VIC-OpenStats","suburb":"Meadow Heights","crime_index":67.9,"violent_pct":82.61,"dwelling_pct":67.54,"motor_pct":53.53,"rate_per100k":67.9,"year":"FY 2022-23 & 2023-24 (avg)","crime_band":5}},{"type":"Feature","geometry":{"type":"Polygon","coordinates":[[[144.96885,-37.80728],[144.97129,-37.80754],[144.97472,-37.81587],[144.98449,-37.82193],[144.9891,-37.82311],[144.98785,-37.83062],[144.98486,-37.82833],[144.98368,-37.83428],[144.97891,-37.83366],[144.9786,-37.83518],[144.97668,-37.83494],[144.97633,-37.83662],[144.97743,-37.83715],[144.98031,-37.84505],[144.98503,-37.84567],[144.98421,-37.85065],[144.98236,-37.85042],[144.98246,-37.85186],[144.98122,-37.85178],[144.98145,-37.85242],[144.98383,-37.8528],[144.98371,-37.85349],[144.98176,-37.85325],[144.9836,-37.85413],[144.9835,-37.85467],[144.98221,-37.8545],[144.98258,-37.85551],[144.97961,-37.85402],[144.97796,-37.8495],[144.97305,-37.84791],[144.9708,-37.84574],[144.9709,-37.84316],[144.97179,-37.84159],[144.97144,-37.8398],[144.96767,-37.83737],[144.97,-37.83621],[144.9717,-37.83425],[144.97161,-37.83232],[144.97022,-37.83272],[144.96963,-37.83088],[144.97133,-37.82988],[144.9714,-37.82687],[144.96826,-37.81921],[144.96139,-37.8205],[144.95599,-37.82304],[144.95144,-37.81315],[144.95645,-37.81174],[144.9554,-37.80947],[144.95599,-37.80587],[144.95846,-37.80614],[144.95664,-37.80215],[144.95733,-37.80154],[144.95361,-37.7985],[144.95459,-37.79771],[144.95777,-37.79806],[144.95756,-37.7997],[144.95884,-37.79985],[144.95847,-37.80192],[144.95949,-37.80413],[144.95847,-37.80403],[144.95951,-37.80628],[144.96885,-37.80728]]]},"properties":{"state":"VIC","src":"VIC-OpenStats","suburb":"Melbourne","crime_index":87.9,"violent_pct":98.29,"dwelling_pct":74.33,"motor_pct":91.2,"rate_per100k":87.9,"year":"FY 2022-23 & 2023-24 (avg)","crime_band":6}},{"type":"Feature","geometry":{"type":"Polygon","coordinates":[[[144.56838,-37.68317],[144.57031,-37.6729],[144.59784,-37.67632],[144.59822,-37.67792],[144.59922,-37.6776],[144.59967,-37.67896],[144.60063,-37.67792],[144.6021,-37.67807],[144.60192,-37.67682],[144.60513,-37.67641],[144.60556,-37.67497],[144.60473,-37.67471],[144.60457,-37.67357],[144.60625,-37.673],[144.60553,-37.67244],[144.60553,-37.67066],[144.60689,-37.67001],[144.60692,-37.66811],[144.60934,-37.6666],[144.60966,-37.66475],[144.6127,-37.66389],[144.61234,-37.66155],[144.61343,-37.66086],[144.61127,-37.65686],[144.61232,-37.65641],[144.6118,-37.65548],[144.61312,-37.65519],[144.61328,-37.65427],[144.60825,-37.6506],[144.60897,-37.65013],[144.6085,-37.64829],[144.64373,-37.65255],[144.64358,-37.65436],[144.64541,-37.6557],[144.6466,-37.65866],[144.64785,-37.65923],[144.64657,-37.66153],[144.64489,-37.66245],[144.64492,-37.66624],[144.64594,-37.66695],[144.64431,-37.6682],[144.6469,-37.67128],[144.64296,-37.67242],[144.64156,-37.67507],[144.64231,-37.67594],[144.64327,-37.67575],[144.64333,-37.67797],[144.64013,-37.67925],[144.63821,-37.67838],[144.63912,-37.68017],[144.63491,-37.68333],[144.62449,-37.68226],[144.62101,-37.70239],[144.61471,-37.69767],[144.60961,-37.69602],[144.58998,-37.69496],[144.57724,-37.69147],[144.56705,-37.6902],[144.56838,-37.68317]]]},"properties":{"state":"VIC","src":"VIC-OpenStats","suburb":"Melton (Vic.)","crime_index":94.9,"violent_pct":96.76,"dwelling_pct":93.81,"motor_pct":94.17,"rate_per100k":94.9,"year":"FY 2022-23 & 2023-24 (avg)","crime_band":6}},{"type":"Feature","geometry":{"type":"Polygon","coordinates":[[[144.57221,-37.69084],[144.57724,-37.69147],[144.58247,-37.69328],[144.58089,-37.69801],[144.57929,-37.69801],[144.57903,-37.69937],[144.5805,-37.69954],[144.58064,-37.70049],[144.57789,-37.70294],[144.57786,-37.70408],[144.58125,-37.70509],[144.58072,-37.70933],[144.58148,-37.71098],[144.58063,-37.71346],[144.57883,-37.71501],[144.57842,-37.72019],[144.56177,-37.7184],[144.56208,-37.71677],[144.54964,-37.71523],[144.56442,-37.70457],[144.56705,-37.6902],[144.57221,-37.69084]]]},"properties":{"state":"VIC","src":"VIC-OpenStats","suburb":"Melton South","crime_index":76.5,"violent_pct":89.85,"dwelling_pct":81.46,"motor_pct":58.34,"rate_per100k":76.5,"year":"FY 2022-23 & 2023-24 (avg)","crime_band":5}},{"type":"Feature","geometry":{"type":"Polygon","coordinates":[[[144.56105,-37.67139],[144.57028,-37.67299],[144.56705,-37.6902],[144.53194,-37.68659],[144.51804,-37.68759],[144.51488,-37.68565],[144.51628,-37.6858],[144.51625,-37.68465],[144.51404,-37.68452],[144.51356,-37.6795],[144.51209,-37.67752],[144.51238,-37.67703],[144.51416,-37.67806],[144.51394,-37.67681],[144.51208,-37.67551],[144.51517,-37.67273],[144.51676,-37.6747],[144.51844,-37.67294],[144.51594,-37.67176],[144.518,-37.67126],[144.51861,-37.67028],[144.51683,-37.6694],[144.51604,-37.66982],[144.51529,-37.66826],[144.51805,-37.66689],[144.52027,-37.66811],[144.51929,-37.66602],[144.52284,-37.66728],[144.54341,-37.66983],[144.54294,-37.67226],[144.54633,-37.67276],[144.55021,-37.67508],[144.55152,-37.67524],[144.55245,-37.67046],[144.55698,-37.67022],[144.56105,-37.67139]]]},"properties":{"state":"VIC","src":"VIC-OpenStats","suburb":"Melton West","crime_index":75.4,"violent_pct":92.18,"dwelling_pct":63.17,"motor_pct":70.71,"rate_per100k":75.4,"year":"FY 2022-23 & 2023-24 (avg)","crime_band":5}},{"type":"Feature","geometry":{"type":"Polygon","coordinates":[[[145.07991,-37.98299],[145.07883,-37.98697],[145.07488,-37.98292],[145.07136,-37.98216],[145.0687,-37.9949],[145.0578,-37.98865],[145.0517,-37.98681],[145.05417,-37.97348],[145.06511,-37.97478],[145.0643,-37.97379],[145.09149,-37.97697],[145.0908,-37.98059],[145.09345,-37.98092],[145.09329,-37.9842],[145.09533,-37.98445],[145.07991,-37.98299]]]},"properties":{"state":"VIC","src":"VIC-OpenStats","suburb":"Mentone","crime_index":55.3,"violent_pct":50.18,"dwelling_pct":54.37,"motor_pct":61.41,"rate_per100k":55.3,"year":"FY 2022-23 & 2023-24 (avg)","crime_band":4}},{"type":"Feature","geometry":{"type":"Polygon","coordinates":[[[145.06142,-37.58206],[145.0585,-37.58175],[145.061,-37.56734],[145.11854,-37.57364],[145.11691,-37.57506],[145.11787,-37.57547],[145.1177,-37.57681],[145.11563,-37.57775],[145.11468,-37.57713],[145.11204,-37.5804],[145.11246,-37.58138],[145.11374,-37.58088],[145.11356,-37.58223],[145.11448,-37.58274],[145.11383,-37.58386],[145.11487,-37.58519],[145.11344,-37.58559],[145.11402,-37.58609],[145.1134,-37.58628],[145.11376,-37.58809],[145.11215,-37.58987],[145.11243,-37.59041],[145.11105,-37.5896],[145.1105,-37.59071],[145.10769,-37.59076],[145.11016,-37.59445],[145.1082,-37.59475],[145.10834,-37.59583],[145.10626,-37.59614],[145.10692,-37.59814],[145.10546,-37.59898],[145.10476,-37.60049],[145.10589,-37.60247],[145.10309,-37.60449],[145.10281,-37.60703],[145.1042,-37.60831],[145.10501,-37.61231],[145.10746,-37.6138],[145.10968,-37.61364],[145.10594,-37.61481],[145.10914,-37.61565],[145.10946,-37.61644],[145.10851,-37.61711],[145.04488,-37.61],[145.04703,-37.59512],[145.05344,-37.59615],[145.05245,-37.5947],[145.05367,-37.59186],[145.05923,-37.59407],[145.06142,-37.58206]]]},"properties":{"state":"VIC","src":"VIC-OpenStats","suburb":"Mernda","crime_index":31.4,"violent_pct":48,"dwelling_pct":19.75,"motor_pct":26.53,"rate_per100k":31.4,"year":"FY 2022-23 & 2023-24 (avg)","crime_band":3}},{"type":"Feature","geometry":{"type":"Polygon","coordinates":[[[144.94541,-37.54047],[144.94051,-37.56968],[144.89505,-37.56422],[144.89264,-37.57637],[144.89487,-37.57663],[144.8942,-37.58037],[144.89192,-37.58007],[144.89023,-37.59112],[144.87953,-37.58983],[144.87436,-37.57415],[144.87581,-37.56663],[144.86634,-37.56555],[144.86724,-37.56089],[144.85773,-37.56169],[144.8525,-37.558],[144.85155,-37.55429],[144.85023,-37.55377],[144.8505,-37.55199],[144.84944,-37.55129],[144.84983,-37.54912],[144.84834,-37.54818],[144.85333,-37.54823],[144.85343,-37.5455],[144.85657,-37.54514],[144.85454,-37.54376],[144.85457,-37.54136],[144.85686,-37.5419],[144.85807,-37.54124],[144.85442,-37.53956],[144.85326,-37.53786],[144.85181,-37.53791],[144.8505,-37.53565],[144.85215,-37.53454],[144.85167,-37.53254],[144.85239,-37.53222],[144.8535,-37.53311],[144.85331,-37.53498],[144.85416,-37.53536],[144.85556,-37.53102],[144.8589,-37.53164],[144.85942,-37.5288],[144.85639,-37.52934],[144.85607,-37.52694],[144.85896,-37.52483],[144.86044,-37.52776],[144.86153,-37.52792],[144.86237,-37.52713],[144.86211,-37.52571],[144.86385,-37.52585],[144.86662,-37.52401],[144.86737,-37.52256],[144.86681,-37.52134],[144.86823,-37.52033],[144.86796,-37.51733],[144.87018,-37.51608],[144.87159,-37.5139],[144.87101,-37.51281],[144.86663,-37.51152],[144.86899,-37.50954],[144.86686,-37.50811],[144.86634,-37.50685],[144.86779,-37.50576],[144.86974,-37.50658],[144.87099,-37.50573],[144.8682,-37.50472],[144.86766,-37.50347],[144.8691,-37.50317],[144.87083,-37.5046],[144.87282,-37.5046],[144.87328,-37.50335],[144.87534,-37.50211],[144.87771,-37.50541],[144.88319,-37.505],[144.88395,-37.50438],[144.88346,-37.50343],[144.88468,-37.50283],[144.88661,-37.50473],[144.88881,-37.50478],[144.89004,-37.50391],[144.94995,-37.51121],[144.94541,-37.54047]]]},"properties":{"state":"VIC","src":"VIC-OpenStats","suburb":"Mickleham","crime_index":48.0,"violent_pct":51.99,"dwelling_pct":45.38,"motor_pct":46.64,"rate_per100k":48.0,"year":"FY 2022-23 & 2023-24 (avg)","crime_band":3}},{"type":"Feature","geometry":{"type":"Polygon","coordinates":[[[144.96135,-37.84558],[144.97018,-37.85372],[144.96828,-37.85438],[144.96569,-37.85749],[144.96332,-37.85545],[144.95437,-37.8512],[144.96031,-37.84404],[144.96135,-37.84558]]]},"properties":{"state":"VIC","src":"VIC-OpenStats","suburb":"Middle Park (Vic.)","crime_index":20.9,"violent_pct":14.87,"dwelling_pct":32.46,"motor_pct":15.52,"rate_per100k":20.9,"year":"FY 2022-23 & 2023-24 (avg)","crime_band":2}},{"type":"Feature","geometry":{"type":"Polygon","coordinates":[[[145.08393,-37.6691],[145.08413,-37.6701],[145.08659,-37.67071],[145.08639,-37.67226],[145.08849,-37.67301],[145.08907,-37.67421],[145.08571,-37.67429],[145.08711,-37.67682],[145.0866,-37.67758],[145.0835,-37.67678],[145.08462,-37.67761],[145.08474,-37.67914],[145.06976,-37.67824],[145.06966,-37.67883],[145.04224,-37.67645],[145.04474,-37.67523],[145.04421,-37.67439],[145.04534,-37.67264],[145.04504,-37.67155],[145.04342,-37.67209],[145.04062,-37.67005],[145.03704,-37.67015],[145.0368,-37.66928],[145.03882,-37.66703],[145.03738,-37.66637],[145.03607,-37.66703],[145.03637,-37.66607],[145.03554,-37.66542],[145.03655,-37.66364],[145.03576,-37.66192],[145.03706,-37.66104],[145.03718,-37.65958],[145.03956,-37.65684],[145.04221,-37.65177],[145.06773,-37.64901],[145.08814,-37.65122],[145.08367,-37.65407],[145.08557,-37.65569],[145.08517,-37.65603],[145.09489,-37.66185],[145.0933,-37.66422],[145.09086,-37.66315],[145.08921,-37.66418],[145.09189,-37.66531],[145.09202,-37.66734],[145.0909,-37.66702],[145.08895,-37.6686],[145.08731,-37.6677],[145.08557,-37.669],[145.08393,-37.6691]]]},"properties":{"state":"VIC","src":"VIC-OpenStats","suburb":"Mill Park","crime_index":41.7,"violent_pct":70.54,"dwelling_pct":13.38,"motor_pct":41.2,"rate_per100k":41.7,"year":"FY 2022-23 & 2023-24 (avg)","crime_band":3}},{"type":"Feature","geometry":{"type":"Polygon","coordinates":[[[145.19677,-37.83056],[145.19486,-37.8306],[145.19491,-37.83126],[145.19299,-37.83117],[145.19303,-37.83064],[145.1888,-37.83088],[145.18768,-37.82781],[145.18578,-37.82779],[145.18548,-37.81901],[145.18711,-37.8182],[145.18608,-37.81804],[145.18448,-37.80951],[145.18511,-37.80644],[145.18624,-37.80587],[145.18737,-37.80261],[145.19029,-37.80554],[145.20543,-37.8056],[145.20549,-37.80716],[145.20723,-37.80636],[145.20863,-37.80871],[145.21082,-37.80848],[145.21354,-37.81175],[145.21335,-37.83091],[145.21223,-37.83026],[145.20051,-37.8311],[145.19677,-37.83056]]]},"properties":{"state":"VIC","src":"VIC-OpenStats","suburb":"Mitcham (Vic.)","crime_index":31.0,"violent_pct":17.63,"dwelling_pct":34.56,"motor_pct":40.82,"rate_per100k":31.0,"year":"FY 2022-23 & 2023-24 (avg)","crime_band":3}},{"type":"Feature","geometry":{"type":"Polygon","coordinates":[[[145.45594,-37.8574],[145.45839,-37.85725],[145.45824,-37.86087],[145.45736,-37.8616],[145.45826,-37.86264],[145.45745,-37.86348],[145.45833,-37.86434],[145.45722,-37.86527],[145.45806,-37.86681],[145.45711,-37.86736],[145.45847,-37.86827],[145.45733,-37.86892],[145.45843,-37.86895],[145.45796,-37.86972],[145.4571,-37.86948],[145.45772,-37.87002],[145.45642,-37.87133],[145.45855,-37.87289],[145.45887,-37.87416],[145.45785,-37.87394],[145.45805,-37.87499],[145.45698,-37.87612],[145.45808,-37.87797],[145.45873,-37.87792],[145.45726,-37.87875],[145.45669,-37.88062],[145.45524,-37.8805],[145.45322,-37.88169],[145.45189,-37.88386],[145.45116,-37.88204],[145.44994,-37.88243],[145.44803,-37.8846],[145.44736,-37.88678],[145.44787,-37.88777],[145.44594,-37.8913],[145.44153,-37.89276],[145.44026,-37.89478],[145.43708,-37.89478],[145.4348,-37.89319],[145.43212,-37.89284],[145.42639,-37.89587],[145.42494,-37.89607],[145.42335,-37.8946],[145.42394,-37.8965],[145.4211,-37.89731],[145.41872,-37.8962],[145.41132,-37.88895],[145.40626,-37.88949],[145.4063,-37.88419],[145.40795,-37.88316],[145.40569,-37.8812],[145.40312,-37.88309],[145.39188,-37.88207],[145.3867,-37.88343],[145.38662,-37.88041],[145.39054,-37.87978],[145.39094,-37.8781],[145.39275,-37.87774],[145.3944,-37.87598],[145.3932,-37.8728],[145.39362,-37.87046],[145.39203,-37.86704],[145.39962,-37.8658],[145.40217,-37.86444],[145.40462,-37.86553],[145.40453,-37.86332],[145.41472,-37.86184],[145.41545,-37.85885],[145.41752,-37.8557],[145.42122,-37.85408],[145.42344,-37.8512],[145.43015,-37.85521],[145.43708,-37.8544],[145.43795,-37.85355],[145.44358,-37.8575],[145.44555,-37.85675],[145.44815,-37.85325],[145.45091,-37.85335],[145.45345,-37.85457],[145.45403,-37.85615],[145.45594,-37.8574]]]},"properties":{"state":"VIC","src":"VIC-OpenStats","suburb":"Monbulk","crime_index":20.8,"violent_pct":38.24,"dwelling_pct":15.73,"motor_pct":8.37,"rate_per100k":20.8,"year":"FY 2022-23 & 2023-24 (avg)","crime_band":2}},{"type":"Feature","geometry":{"type":"Polygon","coordinates":[[[145.10805,-37.81141],[145.11581,-37.81261],[145.11349,-37.82492],[145.10278,-37.82317],[145.10008,-37.82386],[145.10216,-37.81486],[145.09949,-37.81451],[145.09986,-37.81261],[145.10271,-37.81201],[145.10307,-37.81076],[145.10805,-37.81141]]]},"properties":{"state":"VIC","src":"VIC-OpenStats","suburb":"Mont Albert","crime_index":68.0,"violent_pct":40.53,"dwelling_pct":88.48,"motor_pct":75.09,"rate_per100k":68.0,"year":"FY 2022-23 & 2023-24 (avg)","crime_band":5}},{"type":"Feature","geometry":{"type":"Polygon","coordinates":[[[145.11359,-37.79558],[145.11877,-37.79639],[145.11581,-37.81261],[145.10307,-37.81076],[145.10281,-37.81195],[145.10161,-37.81187],[145.10356,-37.80927],[145.10489,-37.80316],[145.10407,-37.80212],[145.10458,-37.7969],[145.10402,-37.79637],[145.10825,-37.7942],[145.10852,-37.79293],[145.1097,-37.79478],[145.11359,-37.79558]]]},"properties":{"state":"VIC","src":"VIC-OpenStats","suburb":"Mont Albert North","crime_index":39.8,"violent_pct":6.11,"dwelling_pct":74.08,"motor_pct":39.15,"rate_per100k":39.8,"year":"FY 2022-23 & 2023-24 (avg)","crime_band":3}},{"type":"Feature","geometry":{"type":"Polygon","coordinates":[[[145.12402,-37.70958],[145.12893,-37.71063],[145.1293,-37.70936],[145.13152,-37.70905],[145.13283,-37.71018],[145.13363,-37.71332],[145.13713,-37.71656],[145.13779,-37.71795],[145.13745,-37.71982],[145.13672,-37.71993],[145.13682,-37.72152],[145.13504,-37.72486],[145.13604,-37.72558],[145.13489,-37.73208],[145.12667,-37.72848],[145.12301,-37.72548],[145.12318,-37.72493],[145.12027,-37.72357],[145.11755,-37.72309],[145.11352,-37.72429],[145.11056,-37.72252],[145.11204,-37.72192],[145.11034,-37.72096],[145.11216,-37.71845],[145.11088,-37.71658],[145.11314,-37.71644],[145.11308,-37.71579],[145.11158,-37.7154],[145.11227,-37.71393],[145.11134,-37.71346],[145.11413,-37.71217],[145.11399,-37.71112],[145.11532,-37.71225],[145.11896,-37.71096],[145.12021,-37.70943],[145.12402,-37.70958]]]},"properties":{"state":"VIC","src":"VIC-OpenStats","suburb":"Montmorency","crime_index":20.9,"violent_pct":21.01,"dwelling_pct":18.89,"motor_pct":22.81,"rate_per100k":20.9,"year":"FY 2022-23 & 2023-24 (avg)","crime_band":2}},{"type":"Feature","geometry":{"type":"Polygon","coordinates":[[[145.34562,-37.81936],[145.34333,-37.82096],[145.34476,-37.82224],[145.34372,-37.82298],[145.3431,-37.82244],[145.34353,-37.82389],[145.34235,-37.82696],[145.3408,-37.82815],[145.34106,-37.82952],[145.33803,-37.83087],[145.33864,-37.83156],[145.33859,-37.83484],[145.33426,-37.83436],[145.33361,-37.83573],[145.33409,-37.84107],[145.33283,-37.84742],[145.32602,-37.84662],[145.3337,-37.8315],[145.32993,-37.83129],[145.32884,-37.82875],[145.32753,-37.82836],[145.32779,-37.82756],[145.32605,-37.82691],[145.32686,-37.82397],[145.32292,-37.81491],[145.32881,-37.81099],[145.32833,-37.80987],[145.33098,-37.80948],[145.33286,-37.80623],[145.33926,-37.80503],[145.33993,-37.80292],[145.33908,-37.8014],[145.34465,-37.80273],[145.34626,-37.79451],[145.34893,-37.79323],[145.34587,-37.79077],[145.35351,-37.78696],[145.3532,-37.79423],[145.35574,-37.79456],[145.35886,-37.7969],[145.36901,-37.79705],[145.36823,-37.80095],[145.37413,-37.80182],[145.37443,-37.80877],[145.37319,-37.81033],[145.37248,-37.80982],[145.37157,-37.81361],[145.36659,-37.81326],[145.36567,-37.81435],[145.3637,-37.81417],[145.36342,-37.81558],[145.36188,-37.81549],[145.36058,-37.8139],[145.35939,-37.81589],[145.35764,-37.81696],[145.35755,-37.8193],[145.35272,-37.8192],[145.35179,-37.82068],[145.34946,-37.82098],[145.34787,-37.81897],[145.34562,-37.81936]]]},"properties":{"state":"VIC","src":"VIC-OpenStats","suburb":"Montrose (Vic.)","crime_index":22.1,"violent_pct":31.03,"dwelling_pct":26.95,"motor_pct":8.34,"rate_per100k":22.1,"year":"FY 2022-23 & 2023-24 (avg)","crime_band":2}},{"type":"Feature","geometry":{"type":"Polygon","coordinates":[[[144.45274,-38.17747],[144.451,-38.18596],[144.4467,-38.18492],[144.44449,-38.19584],[144.44158,-38.19538],[144.43825,-38.19734],[144.44063,-38.20112],[144.44106,-38.20421],[144.43772,-38.21333],[144.43433,-38.21807],[144.43202,-38.21794],[144.42992,-38.22003],[144.42698,-38.22018],[144.42707,-38.22315],[144.42427,-38.22513],[144.4251,-38.22825],[144.42429,-38.23091],[144.42299,-38.23136],[144.42291,-38.23284],[144.42236,-38.23126],[144.42365,-38.22843],[144.42355,-38.22156],[144.42141,-38.21955],[144.41779,-38.21979],[144.41257,-38.21403],[144.40583,-38.21511],[144.40218,-38.21945],[144.39926,-38.21959],[144.39568,-38.21606],[144.39178,-38.2101],[144.38795,-38.2087],[144.3863,-38.20597],[144.38512,-38.20159],[144.38583,-38.20162],[144.38622,-38.19948],[144.39751,-38.20077],[144.40536,-38.15764],[144.40701,-38.15576],[144.40668,-38.15465],[144.41691,-38.15513],[144.41936,-38.14557],[144.41858,-38.14044],[144.421,-38.13248],[144.42476,-38.12629],[144.42604,-38.12538],[144.42546,-38.12384],[144.42645,-38.12472],[144.42633,-38.12669],[144.42825,-38.1306],[144.42965,-38.13065],[144.42869,-38.13205],[144.43351,-38.14077],[144.44283,-38.14951],[144.45674,-38.15811],[144.45274,-38.17747]]]},"properties":{"state":"VIC","src":"VIC-OpenStats","suburb":"Moolap","crime_index":59.4,"violent_pct":72.42,"dwelling_pct":38.53,"motor_pct":67.26,"rate_per100k":59.4,"year":"FY 2022-23 & 2023-24 (avg)","crime_band":4}},{"type":"Feature","geometry":{"type":"Polygon","coordinates":[[[144.92762,-37.75823],[144.93215,-37.75872],[144.934,-37.75949],[144.93424,-37.76054],[144.93643,-37.76013],[144.93841,-37.76091],[144.93787,-37.76861],[144.93523,-37.77061],[144.93837,-37.77134],[144.93649,-37.77378],[144.90096,-37.77001],[144.90227,-37.76897],[144.90159,-37.76539],[144.90357,-37.76487],[144.90397,-37.76337],[144.90334,-37.7624],[144.90484,-37.76258],[144.90382,-37.75993],[144.91598,-37.76112],[144.9167,-37.76071],[144.91626,-37.75693],[144.92762,-37.75823]]]},"properties":{"state":"VIC","src":"VIC-OpenStats","suburb":"Moonee Ponds","crime_index":63.1,"violent_pct":66.78,"dwelling_pct":43.27,"motor_pct":79.38,"rate_per100k":63.1,"year":"FY 2022-23 & 2023-24 (avg)","crime_band":4}},{"type":"Feature","geometry":{"type":"Polygon","coordinates":[[[145.0492,-37.93479],[145.07954,-37.93874],[145.07736,-37.94983],[145.03931,-37.94473],[145.03688,-37.94031],[145.03653,-37.93558],[145.03438,-37.93299],[145.0492,-37.93479]]]},"properties":{"state":"VIC","src":"VIC-OpenStats","suburb":"Moorabbin","crime_index":84.6,"violent_pct":80.12,"dwelling_pct":80.26,"motor_pct":93.46,"rate_per100k":84.6,"year":"FY 2022-23 & 2023-24 (avg)","crime_band":6}},{"type":"Feature","geometry":{"type":"Polygon","coordinates":[[[145.1272,-38.28468],[145.09839,-38.27581],[145.07116,-38.27183],[145.07078,-38.26984],[145.08324,-38.24705],[145.08709,-38.23639],[145.10082,-38.22347],[145.10946,-38.21364],[145.12579,-38.21086],[145.14358,-38.20403],[145.14732,-38.21014],[145.15393,-38.2082],[145.15365,-38.2077],[145.15583,-38.20686],[145.15821,-38.20723],[145.14559,-38.25856],[145.14558,-38.28468],[145.1272,-38.28468]]]},"properties":{"state":"VIC","src":"VIC-OpenStats","suburb":"Moorooduc","crime_index":52.9,"violent_pct":43.24,"dwelling_pct":94.49,"motor_pct":21.07,"rate_per100k":52.9,"year":"FY 2022-23 & 2023-24 (avg)","crime_band":4}},{"type":"Feature","geometry":{"type":"Polygon","coordinates":[[[145.31541,-37.76186],[145.31606,-37.75843],[145.33432,-37.76112],[145.33236,-37.77137],[145.32907,-37.77513],[145.34441,-37.77641],[145.34358,-37.78082],[145.34582,-37.78109],[145.34511,-37.7847],[145.34968,-37.78467],[145.35347,-37.78643],[145.34587,-37.79077],[145.34893,-37.79323],[145.34626,-37.79451],[145.34465,-37.80273],[145.34187,-37.80171],[145.32883,-37.80023],[145.32295,-37.79495],[145.3203,-37.79465],[145.31433,-37.79172],[145.31352,-37.79594],[145.3105,-37.79557],[145.31085,-37.79377],[145.30791,-37.79393],[145.30701,-37.79234],[145.30779,-37.79166],[145.3073,-37.79076],[145.30862,-37.78955],[145.30569,-37.78922],[145.30633,-37.78562],[145.30527,-37.78434],[145.30547,-37.78312],[145.30742,-37.78367],[145.30596,-37.7799],[145.30788,-37.77753],[145.30703,-37.77658],[145.30346,-37.77574],[145.29817,-37.77078],[145.30423,-37.77164],[145.30492,-37.76822],[145.3083,-37.76858],[145.30894,-37.76491],[145.31476,-37.76555],[145.31541,-37.76186]]]},"properties":{"state":"VIC","src":"VIC-OpenStats","suburb":"Mooroolbark","crime_index":27.8,"violent_pct":56.6,"dwelling_pct":13.75,"motor_pct":12.94,"rate_per100k":27.8,"year":"FY 2022-23 & 2023-24 (avg)","crime_band":2}},{"type":"Feature","geometry":{"type":"Polygon","coordinates":[[[145.09271,-37.99293],[145.09427,-37.98477],[145.10926,-37.9866],[145.10748,-37.98946],[145.1034,-38.01186],[145.09775,-38.01026],[145.09123,-38.01092],[145.08834,-38.0092],[145.08746,-38.01008],[145.08483,-38.01036],[145.08431,-38.01118],[145.08096,-38.00563],[145.08195,-38.00032],[145.08268,-38.0001],[145.08166,-37.9983],[145.09153,-37.99922],[145.09271,-37.99293]]]},"properties":{"state":"VIC","src":"VIC-OpenStats","suburb":"Mordialloc","crime_index":73.1,"violent_pct":79.8,"dwelling_pct":66.7,"motor_pct":72.66,"rate_per100k":73.1,"year":"FY 2022-23 & 2023-24 (avg)","crime_band":5}},{"type":"Feature","geometry":{"type":"Polygon","coordinates":[[[145.04664,-38.21238],[145.05315,-38.20629],[145.06132,-38.20141],[145.06228,-38.20343],[145.06174,-38.20623],[145.06386,-38.21235],[145.06395,-38.21462],[145.06333,-38.21512],[145.07777,-38.21936],[145.09362,-38.21675],[145.09935,-38.22488],[145.08709,-38.23639],[145.08324,-38.24705],[145.07892,-38.25464],[145.04598,-38.24626],[145.02741,-38.2428],[145.02855,-38.23808],[145.02747,-38.23662],[145.02762,-38.23509],[145.0257,-38.23427],[145.02672,-38.23277],[145.02552,-38.22958],[145.0266,-38.22783],[145.02551,-38.22649],[145.02891,-38.2264],[145.0317,-38.22356],[145.0318,-38.21852],[145.03354,-38.21697],[145.03243,-38.21266],[145.03388,-38.21212],[145.03411,-38.21467],[145.03652,-38.21494],[145.0398,-38.21419],[145.04116,-38.21305],[145.04373,-38.21375],[145.04664,-38.21238]]]},"properties":{"state":"VIC","src":"VIC-OpenStats","suburb":"Mornington (Vic.)","crime_index":58.7,"violent_pct":68.34,"dwelling_pct":52.12,"motor_pct":55.59,"rate_per100k":58.7,"year":"FY 2022-23 & 2023-24 (avg)","crime_band":4}},{"type":"Feature","geometry":{"type":"Polygon","coordinates":[[[145.36078,-37.84747],[145.35779,-37.84753],[145.35546,-37.84587],[145.35414,-37.84682],[145.35292,-37.84623],[145.34832,-37.85352],[145.34479,-37.85162],[145.33956,-37.85114],[145.33849,-37.85234],[145.33616,-37.85104],[145.33213,-37.85101],[145.33409,-37.84107],[145.33361,-37.83573],[145.33426,-37.83436],[145.33859,-37.83484],[145.33864,-37.83156],[145.33803,-37.83087],[145.34106,-37.82952],[145.3408,-37.82815],[145.34235,-37.82696],[145.34353,-37.82389],[145.3431,-37.82244],[145.34372,-37.82298],[145.34476,-37.82224],[145.34333,-37.82096],[145.34562,-37.81936],[145.34787,-37.81897],[145.34946,-37.82098],[145.35179,-37.82068],[145.35272,-37.8192],[145.35755,-37.8193],[145.36155,-37.82324],[145.36211,-37.82296],[145.36787,-37.83295],[145.37001,-37.83387],[145.36719,-37.83541],[145.36944,-37.83727],[145.36787,-37.83847],[145.36818,-37.84176],[145.36717,-37.84244],[145.36533,-37.84192],[145.36391,-37.84276],[145.36245,-37.84208],[145.36045,-37.8426],[145.36037,-37.84162],[145.35847,-37.84116],[145.3609,-37.84511],[145.36078,-37.84747]]]},"properties":{"state":"VIC","src":"VIC-OpenStats","suburb":"Mount Dandenong","crime_index":43.2,"violent_pct":31.37,"dwelling_pct":87.39,"motor_pct":10.95,"rate_per100k":43.2,"year":"FY 2022-23 & 2023-24 (avg)","crime_band":3}},{"type":"Feature","geometry":{"type":"Polygon","coordinates":[[[144.33431,-38.2377],[144.33333,-38.24282],[144.34273,-38.24396],[144.34246,-38.24551],[144.34633,-38.24597],[144.34689,-38.24602],[144.34723,-38.24225],[144.34839,-38.24236],[144.34879,-38.23994],[144.35289,-38.23983],[144.35077,-38.25052],[144.35998,-38.25163],[144.35858,-38.25894],[144.35507,-38.25851],[144.35376,-38.26571],[144.35717,-38.26611],[144.35253,-38.28955],[144.28891,-38.282],[144.29104,-38.2708],[144.29348,-38.27072],[144.29277,-38.26928],[144.29317,-38.26706],[144.29175,-38.26711],[144.29613,-38.24435],[144.24133,-38.23776],[144.24617,-38.2116],[144.26215,-38.21104],[144.26834,-38.21006],[144.27104,-38.20875],[144.27195,-38.21162],[144.30116,-38.21513],[144.30087,-38.2168],[144.32299,-38.21332],[144.32923,-38.21369],[144.3347,-38.21155],[144.33962,-38.21068],[144.33431,-38.2377]]]},"properties":{"state":"VIC","src":"VIC-OpenStats","suburb":"Mount Duneed","crime_index":25.4,"violent_pct":15.92,"dwelling_pct":36.99,"motor_pct":23.28,"rate_per100k":25.4,"year":"FY 2022-23 & 2023-24 (avg)","crime_band":2}},{"type":"Feature","geometry":{"type":"Polygon","coordinates":[[[145.08976,-38.16361],[145.0912,-38.16261],[145.09347,-38.1642],[145.09791,-38.16239],[145.09993,-38.1644],[145.1004,-38.1666],[145.10208,-38.16591],[145.12876,-38.20007],[145.11794,-38.20509],[145.11047,-38.21037],[145.10937,-38.21394],[145.09935,-38.22488],[145.09362,-38.21675],[145.07777,-38.21936],[145.06333,-38.21512],[145.06395,-38.21462],[145.06359,-38.21067],[145.06174,-38.20623],[145.06228,-38.20343],[145.06124,-38.20142],[145.06515,-38.19753],[145.07128,-38.18874],[145.07409,-38.18005],[145.07838,-38.17554],[145.07856,-38.17356],[145.08106,-38.17267],[145.08162,-38.17132],[145.0824,-38.17192],[145.08403,-38.17102],[145.08756,-38.16422],[145.08976,-38.16361]]]},"properties":{"state":"VIC","src":"VIC-OpenStats","suburb":"Mount Eliza","crime_index":26.4,"violent_pct":9.69,"dwelling_pct":47.19,"motor_pct":22.2,"rate_per100k":26.4,"year":"FY 2022-23 & 2023-24 (avg)","crime_band":2}},{"type":"Feature","geometry":{"type":"Polygon","coordinates":[[[145.38669,-37.76529],[145.40234,-37.76691],[145.40221,-37.76811],[145.4033,-37.76954],[145.40526,-37.7702],[145.40225,-37.77066],[145.40433,-37.77314],[145.40638,-37.77238],[145.40739,-37.77305],[145.40621,-37.77636],[145.40896,-37.77709],[145.40808,-37.77801],[145.40904,-37.77879],[145.40713,-37.7802],[145.41089,-37.78143],[145.40939,-37.78257],[145.40925,-37.78486],[145.40833,-37.78605],[145.41057,-37.78894],[145.41054,-37.79059],[145.41275,-37.79475],[145.41331,-37.79443],[145.41865,-37.80036],[145.40893,-37.80579],[145.40841,-37.80688],[145.40498,-37.80764],[145.40024,-37.81089],[145.39537,-37.80994],[145.39524,-37.80826],[145.39203,-37.80345],[145.39168,-37.80172],[145.38923,-37.80031],[145.38243,-37.80027],[145.3821,-37.80175],[145.38293,-37.80186],[145.38204,-37.80612],[145.37443,-37.80877],[145.37413,-37.80182],[145.36823,-37.80095],[145.36901,-37.79705],[145.35942,-37.79694],[145.36208,-37.78489],[145.36411,-37.77998],[145.36306,-37.77354],[145.36422,-37.774],[145.36596,-37.77244],[145.36783,-37.77312],[145.36962,-37.77225],[145.3721,-37.77311],[145.37499,-37.77255],[145.37717,-37.77429],[145.37795,-37.77283],[145.37737,-37.77138],[145.37423,-37.76941],[145.37588,-37.7676],[145.37502,-37.76409],[145.38669,-37.76529]]]},"properties":{"state":"VIC","src":"VIC-OpenStats","suburb":"Mount Evelyn","crime_index":23.1,"violent_pct":48.71,"dwelling_pct":10.92,"motor_pct":9.52,"rate_per100k":23.1,"year":"FY 2022-23 & 2023-24 (avg)","crime_band":2}},{"type":"Feature","geometry":{"type":"Polygon","coordinates":[[[145.00881,-38.30207],[145.00274,-38.30451],[144.99433,-38.30473],[144.99019,-38.30052],[144.98363,-38.29834],[144.98284,-38.2964],[144.98426,-38.29553],[144.98699,-38.29075],[144.99122,-38.28663],[144.99345,-38.2829],[144.99973,-38.27751],[144.99998,-38.27596],[145.00112,-38.27503],[145.00132,-38.27086],[145.00313,-38.27029],[145.00636,-38.27103],[145.00805,-38.27013],[145.01538,-38.26473],[145.02554,-38.25344],[145.02827,-38.24673],[145.02846,-38.24493],[145.02741,-38.2428],[145.04598,-38.24626],[145.07892,-38.25464],[145.07078,-38.26984],[145.05839,-38.27715],[145.05141,-38.28565],[145.04682,-38.28814],[145.03479,-38.29949],[145.03009,-38.30284],[145.02614,-38.30411],[145.00881,-38.30207]]]},"properties":{"state":"VIC","src":"VIC-OpenStats","suburb":"Mount Martha","crime_index":32.3,"violent_pct":7.21,"dwelling_pct":61.06,"motor_pct":28.63,"rate_per100k":32.3,"year":"FY 2022-23 & 2023-24 (avg)","crime_band":3}},{"type":"Feature","geometry":{"type":"Polygon","coordinates":[[[145.13414,-37.85785],[145.15076,-37.85976],[145.14294,-37.90124],[145.10615,-37.897],[145.11399,-37.8555],[145.13414,-37.85785]]]},"properties":{"state":"VIC","src":"VIC-OpenStats","suburb":"Mount Waverley","crime_index":60.5,"violent_pct":31.2,"dwelling_pct":77.89,"motor_pct":72.42,"rate_per100k":60.5,"year":"FY 2022-23 & 2023-24 (avg)","crime_band":4}},{"type":"Feature","geometry":{"type":"Polygon","coordinates":[[[145.17816,-37.92095],[145.20565,-37.92439],[145.20483,-37.92603],[145.20556,-37.92659],[145.20543,-37.92778],[145.20682,-37.92802],[145.2062,-37.9287],[145.20697,-37.92957],[145.20612,-37.92987],[145.20701,-37.93055],[145.20676,-37.93156],[145.20744,-37.93127],[145.20766,-37.93227],[145.21044,-37.93353],[145.20946,-37.93398],[145.21071,-37.93423],[145.21031,-37.93462],[145.21122,-37.93571],[145.2122,-37.93509],[145.21367,-37.93622],[145.21406,-37.93561],[145.21571,-37.93716],[145.21833,-37.93675],[145.2201,-37.93958],[145.21916,-37.94013],[145.1925,-37.93759],[145.15673,-37.93313],[145.14754,-37.92717],[145.14908,-37.91899],[145.1497,-37.91907],[145.15039,-37.91755],[145.14932,-37.91742],[145.15067,-37.90976],[145.15162,-37.90987],[145.15293,-37.90495],[145.15282,-37.9026],[145.16141,-37.90352],[145.16069,-37.90962],[145.16442,-37.912],[145.16473,-37.91125],[145.16548,-37.91183],[145.16587,-37.91326],[145.1726,-37.92028],[145.17816,-37.92095]]]},"properties":{"state":"VIC","src":"VIC-OpenStats","suburb":"Mulgrave (Vic.)","crime_index":67.1,"violent_pct":52.7,"dwelling_pct":69.6,"motor_pct":79,"rate_per100k":67.1,"year":"FY 2022-23 & 2023-24 (avg)","crime_band":5}},{"type":"Feature","geometry":{"type":"Polygon","coordinates":[[[145.06663,-37.88909],[145.06537,-37.88785],[145.06624,-37.88783],[145.06668,-37.88506],[145.06747,-37.88463],[145.07151,-37.88475],[145.07819,-37.88714],[145.07417,-37.90813],[145.06036,-37.90649],[145.06102,-37.90252],[145.0637,-37.90285],[145.0637,-37.8994],[145.06573,-37.8939],[145.0646,-37.89378],[145.06485,-37.89248],[145.06601,-37.88901],[145.06663,-37.88909]]]},"properties":{"state":"VIC","src":"VIC-OpenStats","suburb":"Murrumbeena","crime_index":56.1,"violent_pct":31.64,"dwelling_pct":58.61,"motor_pct":78.04,"rate_per100k":56.1,"year":"FY 2022-23 & 2023-24 (avg)","crime_band":4}},{"type":"Feature","geometry":{"type":"Polygon","coordinates":[[[145.55464,-38.15702],[145.54286,-38.15959],[145.54119,-38.15497],[145.54176,-38.15485],[145.54979,-38.11867],[145.54841,-38.11862],[145.54386,-38.1215],[145.53955,-38.12208],[145.5448,-38.09642],[145.53407,-38.09503],[145.53598,-38.08577],[145.52851,-38.08478],[145.53057,-38.07512],[145.51996,-38.07377],[145.52185,-38.06516],[145.52809,-38.0641],[145.53838,-38.06494],[145.58279,-38.07023],[145.59158,-38.06826],[145.60714,-38.06765],[145.6084,-38.08377],[145.60029,-38.0833],[145.60211,-38.09137],[145.60374,-38.09118],[145.6049,-38.09687],[145.60159,-38.09729],[145.60451,-38.10058],[145.6036,-38.10249],[145.61104,-38.11701],[145.61065,-38.11898],[145.59913,-38.11747],[145.59409,-38.14324],[145.58129,-38.1461],[145.58025,-38.15134],[145.55464,-38.15702]]]},"properties":{"state":"VIC","src":"VIC-OpenStats","suburb":"Nar Nar Goon","crime_index":49.5,"violent_pct":82.79,"dwelling_pct":53.99,"motor_pct":11.77,"rate_per100k":49.5,"year":"FY 2022-23 & 2023-24 (avg)","crime_band":4}},{"type":"Feature","geometry":{"type":"Polygon","coordinates":[[[145.31502,-38.01957],[145.31298,-38.02172],[145.31705,-38.02523],[145.31789,-38.02465],[145.32292,-38.02784],[145.32299,-38.02962],[145.33162,-38.03891],[145.33112,-38.03967],[145.32267,-38.03861],[145.32215,-38.04305],[145.31958,-38.04557],[145.3082,-38.04599],[145.30195,-38.04306],[145.3001,-38.03958],[145.29839,-38.03803],[145.29828,-38.03486],[145.2998,-38.03223],[145.29923,-38.03072],[145.29357,-38.02741],[145.29134,-38.02497],[145.286,-38.02532],[145.28717,-38.01961],[145.28406,-38.01926],[145.28369,-38.01119],[145.28293,-38.01089],[145.28411,-38.0048],[145.28786,-38.0051],[145.2896,-37.99954],[145.28638,-37.99896],[145.28848,-37.99628],[145.2923,-37.99478],[145.29648,-37.99614],[145.30284,-37.99541],[145.31597,-37.99715],[145.32036,-37.99932],[145.3222,-38.00179],[145.32268,-38.00485],[145.32192,-38.00812],[145.31956,-38.00855],[145.31877,-38.01203],[145.32126,-38.01254],[145.32117,-38.01428],[145.31882,-38.01446],[145.31826,-38.01723],[145.31598,-38.01791],[145.31598,-38.01909],[145.31502,-38.01957]]]},"properties":{"state":"VIC","src":"VIC-OpenStats","suburb":"Narre Warren","crime_index":74.2,"violent_pct":85.15,"dwelling_pct":52.46,"motor_pct":84.94,"rate_per100k":74.2,"year":"FY 2022-23 & 2023-24 (avg)","crime_band":5}},{"type":"Feature","geometry":{"type":"Polygon","coordinates":[[[145.33508,-37.99213],[145.33528,-37.99383],[145.33185,-37.99849],[145.33402,-37.99938],[145.33317,-38.00345],[145.33093,-38.00318],[145.33001,-38.00585],[145.32268,-38.00485],[145.32235,-38.0022],[145.32079,-37.99973],[145.31832,-37.99797],[145.31515,-37.997],[145.30284,-37.99541],[145.29648,-37.99614],[145.2923,-37.99478],[145.28848,-37.99628],[145.28638,-37.99896],[145.27518,-37.99719],[145.28092,-37.96753],[145.2824,-37.96641],[145.28158,-37.96443],[145.2821,-37.96194],[145.28903,-37.96282],[145.29116,-37.9646],[145.317,-37.96783],[145.31925,-37.96632],[145.361,-37.97204],[145.36045,-37.97524],[145.35386,-37.98095],[145.35223,-37.9886],[145.34571,-37.98827],[145.34185,-37.99039],[145.33786,-37.99081],[145.33508,-37.99213]]]},"properties":{"state":"VIC","src":"VIC-OpenStats","suburb":"Narre Warren North","crime_index":41.8,"violent_pct":37.32,"dwelling_pct":46.22,"motor_pct":42.01,"rate_per100k":41.8,"year":"FY 2022-23 & 2023-24 (avg)","crime_band":3}},{"type":"Feature","geometry":{"type":"Polygon","coordinates":[[[145.32788,-38.06779],[145.33054,-38.06812],[145.33076,-38.06918],[145.33286,-38.0701],[145.33616,-38.07032],[145.33535,-38.0745],[145.29821,-38.06989],[145.29784,-38.07179],[145.29526,-38.07147],[145.29044,-38.06876],[145.27982,-38.06734],[145.28857,-38.02475],[145.29175,-38.02517],[145.29357,-38.02741],[145.29932,-38.03081],[145.2998,-38.03223],[145.29828,-38.03486],[145.29821,-38.03749],[145.30195,-38.04306],[145.3082,-38.04599],[145.31958,-38.04557],[145.31812,-38.0492],[145.32064,-38.05268],[145.32117,-38.05672],[145.32264,-38.058],[145.32987,-38.05881],[145.32788,-38.06779]]]},"properties":{"state":"VIC","src":"VIC-OpenStats","suburb":"Narre Warren South","crime_index":35.2,"violent_pct":47.5,"dwelling_pct":28.3,"motor_pct":29.76,"rate_per100k":35.2,"year":"FY 2022-23 & 2023-24 (avg)","crime_band":3}},{"type":"Feature","geometry":{"type":"Polygon","coordinates":[[[144.60475,-37.44268],[144.60781,-37.43694],[144.60535,-37.43594],[144.60811,-37.42248],[144.61705,-37.42363],[144.61748,-37.42147],[144.61913,-37.42026],[144.62641,-37.41966],[144.62798,-37.41844],[144.62816,-37.41948],[144.63125,-37.41901],[144.63319,-37.41958],[144.63619,-37.42283],[144.63989,-37.42447],[144.64121,-37.42594],[144.64161,-37.42859],[144.63878,-37.44334],[144.63067,-37.44263],[144.63617,-37.45153],[144.63901,-37.4541],[144.63926,-37.45594],[144.63854,-37.4566],[144.6394,-37.4581],[144.64136,-37.45938],[144.64398,-37.45883],[144.64604,-37.46004],[144.64712,-37.46194],[144.6456,-37.46829],[144.65235,-37.46834],[144.63754,-37.4761],[144.6196,-37.47396],[144.60427,-37.48217],[144.59824,-37.47622],[144.58316,-37.46739],[144.58078,-37.46418],[144.57914,-37.45977],[144.58288,-37.44481],[144.59173,-37.4451],[144.59294,-37.4426],[144.59235,-37.44114],[144.59288,-37.43945],[144.60475,-37.44268]]]},"properties":{"state":"VIC","src":"VIC-OpenStats","suburb":"New Gisborne","crime_index":30.0,"violent_pct":6.59,"dwelling_pct":44.37,"motor_pct":39.03,"rate_per100k":30.0,"year":"FY 2022-23 & 2023-24 (avg)","crime_band":2}},{"type":"Feature","geometry":{"type":"Polygon","coordinates":[[[144.38689,-38.1568],[144.3952,-38.15037],[144.3965,-38.15188],[144.40053,-38.15309],[144.40265,-38.15545],[144.40668,-38.15465],[144.40701,-38.15576],[144.40536,-38.15764],[144.40223,-38.17491],[144.38409,-38.17093],[144.38689,-38.1568]]]},"properties":{"state":"VIC","src":"VIC-OpenStats","suburb":"Newcomb","crime_index":78.3,"violent_pct":90.1,"dwelling_pct":82.32,"motor_pct":62.41,"rate_per100k":78.3,"year":"FY 2022-23 & 2023-24 (avg)","crime_band":5}},{"type":"Feature","geometry":{"type":"Polygon","coordinates":[[[144.8789,-37.83449],[144.88199,-37.83493],[144.8845,-37.83711],[144.8841,-37.83865],[144.89244,-37.83947],[144.89158,-37.83813],[144.8971,-37.83824],[144.89837,-37.84119],[144.89715,-37.84254],[144.89767,-37.8436],[144.90119,-37.84713],[144.89942,-37.84562],[144.90073,-37.84836],[144.9039,-37.84999],[144.90078,-37.84851],[144.89857,-37.84495],[144.89722,-37.8441],[144.89947,-37.84882],[144.9056,-37.85172],[144.89939,-37.84964],[144.89753,-37.84756],[144.89606,-37.8476],[144.89524,-37.8487],[144.89848,-37.8512],[144.8884,-37.85025],[144.88773,-37.84926],[144.88629,-37.85145],[144.88954,-37.85789],[144.87471,-37.84912],[144.87115,-37.84946],[144.86305,-37.84852],[144.86337,-37.84665],[144.86099,-37.8464],[144.86157,-37.84277],[144.86398,-37.84304],[144.86567,-37.83307],[144.8789,-37.83449]]]},"properties":{"state":"VIC","src":"VIC-OpenStats","suburb":"Newport (Vic.)","crime_index":6.5,"violent_pct":8.21,"dwelling_pct":5.26,"motor_pct":6.02,"rate_per100k":6.5,"year":"FY 2022-23 & 2023-24 (avg)","crime_band":1}},{"type":"Feature","geometry":{"type":"Polygon","coordinates":[[[144.35013,-38.16405],[144.33535,-38.1638],[144.33348,-38.16456],[144.33009,-38.16803],[144.32798,-38.16725],[144.32282,-38.1612],[144.3201,-38.15507],[144.32044,-38.15337],[144.32341,-38.15116],[144.32429,-38.14921],[144.32178,-38.14474],[144.31734,-38.144],[144.31826,-38.13931],[144.32979,-38.14097],[144.32907,-38.1446],[144.35276,-38.14742],[144.35013,-38.16405]]]},"properties":{"state":"VIC","src":"VIC-OpenStats","suburb":"Newtown (Greater Geelong - Vic.)","crime_index":34.1,"violent_pct":27.14,"dwelling_pct":40.95,"motor_pct":34.17,"rate_per100k":34.1,"year":"FY 2022-23 & 2023-24 (avg)","crime_band":3}},{"type":"Feature","geometry":{"type":"Polygon","coordinates":[[[144.89128,-37.74431],[144.89044,-37.74888],[144.88049,-37.74728],[144.88235,-37.74327],[144.88093,-37.73923],[144.87969,-37.73784],[144.87638,-37.73704],[144.8766,-37.73518],[144.87435,-37.7346],[144.87352,-37.73231],[144.87442,-37.73159],[144.87251,-37.73052],[144.88325,-37.73407],[144.89048,-37.73461],[144.89281,-37.73555],[144.89128,-37.74431]]]},"properties":{"state":"VIC","src":"VIC-OpenStats","suburb":"Niddrie","crime_index":30.8,"violent_pct":25,"dwelling_pct":6.21,"motor_pct":61.18,"rate_per100k":30.8,"year":"FY 2022-23 & 2023-24 (avg)","crime_band":3}},{"type":"Feature","geometry":{"type":"Polygon","coordinates":[[[145.17699,-37.95139],[145.19508,-37.96753],[145.19318,-37.97796],[145.19645,-37.97876],[145.19695,-37.98041],[145.19408,-37.98319],[145.1926,-37.98301],[145.19186,-37.98019],[145.19059,-37.98236],[145.18433,-37.98182],[145.18296,-37.98443],[145.17629,-37.98315],[145.17607,-37.98423],[145.17035,-37.98368],[145.17055,-37.98197],[145.16875,-37.98294],[145.1655,-37.97995],[145.1643,-37.98121],[145.15859,-37.98116],[145.15917,-37.97813],[145.1584,-37.97804],[145.15862,-37.9768],[145.15974,-37.97597],[145.16127,-37.97614],[145.16141,-37.97545],[145.15954,-37.97451],[145.16065,-37.9699],[145.16006,-37.96982],[145.16023,-37.96892],[145.16099,-37.96818],[145.16,-37.9672],[145.16182,-37.96646],[145.162,-37.96553],[145.16071,-37.96489],[145.16099,-37.96348],[145.16248,-37.96367],[145.1629,-37.96149],[145.16237,-37.96071],[145.16371,-37.95726],[145.16269,-37.95648],[145.16996,-37.95718],[145.17162,-37.94841],[145.17265,-37.94753],[145.17699,-37.95139]]]},"properties":{"state":"VIC","src":"VIC-OpenStats","suburb":"Noble Park","crime_index":77.4,"violent_pct":79.59,"dwelling_pct":71.34,"motor_pct":81.17,"rate_per100k":77.4,"year":"FY 2022-23 & 2023-24 (avg)","crime_band":5}},{"type":"Feature","geometry":{"type":"Polygon","coordinates":[[[145.1925,-37.93759],[145.19497,-37.93778],[145.19871,-37.94096],[145.19632,-37.9552],[145.19777,-37.95592],[145.20264,-37.95598],[145.19629,-37.96472],[145.19508,-37.96753],[145.17601,-37.95051],[145.18072,-37.95096],[145.18155,-37.94643],[145.18469,-37.94625],[145.18629,-37.94503],[145.18712,-37.94039],[145.1858,-37.93898],[145.1831,-37.93831],[145.18344,-37.93648],[145.1925,-37.93759]]]},"properties":{"state":"VIC","src":"VIC-OpenStats","suburb":"Noble Park North","crime_index":67.2,"violent_pct":71.81,"dwelling_pct":48.73,"motor_pct":81.03,"rate_per100k":67.2,"year":"FY 2022-23 & 2023-24 (avg)","crime_band":5}},{"type":"Feature","geometry":{"type":"Polygon","coordinates":[[[144.3372,-38.08153],[144.36604,-38.08505],[144.36593,-38.08565],[144.37193,-38.08577],[144.36615,-38.09545],[144.36546,-38.09538],[144.36455,-38.09993],[144.36603,-38.10013],[144.3643,-38.10184],[144.36388,-38.1036],[144.36032,-38.10413],[144.35865,-38.10591],[144.35064,-38.10421],[144.35099,-38.1024],[144.35202,-38.10254],[144.35238,-38.10111],[144.34798,-38.10039],[144.35009,-38.09938],[144.35018,-38.09849],[144.34799,-38.09852],[144.34679,-38.0975],[144.34638,-38.09549],[144.34447,-38.0948],[144.34531,-38.0938],[144.34408,-38.09202],[144.33844,-38.09336],[144.3374,-38.09476],[144.33489,-38.09337],[144.3372,-38.08153]]]},"properties":{"state":"VIC","src":"VIC-OpenStats","suburb":"Norlane","crime_index":97.7,"violent_pct":98.69,"dwelling_pct":99.47,"motor_pct":95.08,"rate_per100k":97.7,"year":"FY 2022-23 & 2023-24 (avg)","crime_band":6}},{"type":"Feature","geometry":{"type":"Polygon","coordinates":[[[144.34723,-38.09785],[144.35018,-38.09849],[144.35009,-38.09938],[144.34798,-38.10039],[144.35238,-38.10111],[144.35202,-38.10254],[144.35099,-38.1024],[144.35064,-38.10421],[144.36305,-38.10694],[144.3658,-38.10828],[144.36658,-38.10972],[144.3605,-38.11445],[144.35881,-38.12026],[144.35336,-38.11949],[144.35076,-38.1322],[144.34296,-38.13108],[144.33343,-38.11965],[144.33924,-38.1159],[144.34234,-38.11628],[144.34614,-38.09673],[144.34723,-38.09785]]]},"properties":{"state":"VIC","src":"VIC-OpenStats","suburb":"North Geelong","crime_index":91.9,"violent_pct":93.61,"dwelling_pct":83.41,"motor_pct":98.61,"rate_per100k":91.9,"year":"FY 2022-23 & 2023-24 (avg)","crime_band":6}},{"type":"Feature","geometry":{"type":"Polygon","coordinates":[[[144.9561,-37.80048],[144.95733,-37.80154],[144.95664,-37.80215],[144.95846,-37.80614],[144.94208,-37.80436],[144.94104,-37.80537],[144.93591,-37.80227],[144.93549,-37.79675],[144.93672,-37.79038],[144.94037,-37.78761],[144.9561,-37.80048]]]},"properties":{"state":"VIC","src":"VIC-OpenStats","suburb":"North Melbourne","crime_index":83.4,"violent_pct":79.01,"dwelling_pct":78.56,"motor_pct":92.66,"rate_per100k":83.4,"year":"FY 2022-23 & 2023-24 (avg)","crime_band":6}},{"type":"Feature","geometry":{"type":"Polygon","coordinates":[[[145.2123,-37.73948],[145.20542,-37.74173],[145.20314,-37.74081],[145.20135,-37.73887],[145.20309,-37.73726],[145.2083,-37.73686],[145.21487,-37.73405],[145.21511,-37.73142],[145.21199,-37.72963],[145.2097,-37.72972],[145.20689,-37.73105],[145.20091,-37.7307],[145.19834,-37.73406],[145.19871,-37.73998],[145.19772,-37.74132],[145.19188,-37.73799],[145.19181,-37.73485],[145.19437,-37.73271],[145.19382,-37.73177],[145.19501,-37.7273],[145.18885,-37.72761],[145.18919,-37.72595],[145.19074,-37.72614],[145.19121,-37.72364],[145.19178,-37.72544],[145.19597,-37.72489],[145.19634,-37.72297],[145.19788,-37.72169],[145.19782,-37.71921],[145.20089,-37.72252],[145.20215,-37.71594],[145.20121,-37.71582],[145.20211,-37.71092],[145.20671,-37.71156],[145.20685,-37.71075],[145.20849,-37.71093],[145.21176,-37.71163],[145.21164,-37.71222],[145.22277,-37.71359],[145.22531,-37.71521],[145.22582,-37.71698],[145.23262,-37.71587],[145.23617,-37.7171],[145.23576,-37.72016],[145.23473,-37.72137],[145.23639,-37.72377],[145.23643,-37.72674],[145.2422,-37.72793],[145.2418,-37.73],[145.24029,-37.73157],[145.24259,-37.73321],[145.24286,-37.73563],[145.24161,-37.7361],[145.23979,-37.73509],[145.23598,-37.73137],[145.22888,-37.73162],[145.22703,-37.73309],[145.22879,-37.73658],[145.2304,-37.73758],[145.22991,-37.73872],[145.22564,-37.73612],[145.22046,-37.73611],[145.21638,-37.73881],[145.2123,-37.73948]]]},"properties":{"state":"VIC","src":"VIC-OpenStats","suburb":"North Warrandyte","crime_index":5.9,"violent_pct":11.72,"dwelling_pct":3.51,"motor_pct":2.33,"rate_per100k":5.9,"year":"FY 2022-23 & 2023-24 (avg)","crime_band":1}},{"type":"Feature","geometry":{"type":"Polygon","coordinates":[[[145.00182,-37.78305],[144.99952,-37.78512],[144.99783,-37.78562],[144.99202,-37.78252],[144.99201,-37.78046],[144.99011,-37.77965],[144.9886,-37.77515],[144.98711,-37.77465],[144.98446,-37.77122],[144.98448,-37.76732],[144.98557,-37.7662],[144.98384,-37.76397],[144.98146,-37.76282],[144.98317,-37.76155],[144.98095,-37.75888],[144.9859,-37.75961],[144.98567,-37.76077],[144.98645,-37.76123],[144.99278,-37.76169],[144.99336,-37.76244],[144.99623,-37.76278],[144.99638,-37.76221],[144.99992,-37.76268],[144.99982,-37.76325],[145.01704,-37.76512],[145.01671,-37.76709],[145.0178,-37.7672],[145.01608,-37.77405],[145.01557,-37.774],[145.01474,-37.77863],[145.01586,-37.77876],[145.01521,-37.77916],[145.01431,-37.78382],[145.00423,-37.78436],[145.00182,-37.78305]]]},"properties":{"state":"VIC","src":"VIC-OpenStats","suburb":"Northcote","crime_index":61.6,"violent_pct":34.41,"dwelling_pct":67.3,"motor_pct":83.01,"rate_per100k":61.6,"year":"FY 2022-23 & 2023-24 (avg)","crime_band":4}},{"type":"Feature","geometry":{"type":"Polygon","coordinates":[[[145.13196,-37.90551],[145.12823,-37.90509],[145.12921,-37.89968],[145.15282,-37.9026],[145.15162,-37.90987],[145.15067,-37.90976],[145.15046,-37.91093],[145.14133,-37.90984],[145.14196,-37.90668],[145.13196,-37.90551]]]},"properties":{"state":"VIC","src":"VIC-OpenStats","suburb":"Notting Hill","crime_index":63.8,"violent_pct":37.52,"dwelling_pct":75.06,"motor_pct":78.75,"rate_per100k":63.8,"year":"FY 2022-23 & 2023-24 (avg)","crime_band":4}},{"type":"Feature","geometry":{"type":"Polygon","coordinates":[[[145.18555,-37.82658],[145.18585,-37.82792],[145.18768,-37.82781],[145.18912,-37.83177],[145.18537,-37.8314],[145.18376,-37.8326],[145.18376,-37.83125],[145.1788,-37.83091],[145.17881,-37.82904],[145.17684,-37.83093],[145.17576,-37.83091],[145.17359,-37.83063],[145.17383,-37.82942],[145.16627,-37.82773],[145.16682,-37.82473],[145.1654,-37.8242],[145.16585,-37.82193],[145.16393,-37.82174],[145.16464,-37.81813],[145.16629,-37.81819],[145.16646,-37.80958],[145.16746,-37.80969],[145.16807,-37.80602],[145.16897,-37.80612],[145.16973,-37.80277],[145.17373,-37.80403],[145.1814,-37.80384],[145.18464,-37.80268],[145.18503,-37.80121],[145.18737,-37.80261],[145.18624,-37.80587],[145.18511,-37.80644],[145.18448,-37.80951],[145.18608,-37.81804],[145.18711,-37.8182],[145.18548,-37.81901],[145.18555,-37.82658]]]},"properties":{"state":"VIC","src":"VIC-OpenStats","suburb":"Nunawading","crime_index":61.4,"violent_pct":46.47,"dwelling_pct":62.83,"motor_pct":74.81,"rate_per100k":61.4,"year":"FY 2022-23 & 2023-24 (avg)","crime_band":4}},{"type":"Feature","geometry":{"type":"Polygon","coordinates":[[[144.92813,-37.72158],[144.92333,-37.72087],[144.92123,-37.7213],[144.92236,-37.72437],[144.91952,-37.72502],[144.91694,-37.72364],[144.91459,-37.72381],[144.91247,-37.72091],[144.91127,-37.72092],[144.9107,-37.72191],[144.90954,-37.72085],[144.90933,-37.71939],[144.91061,-37.71858],[144.90937,-37.71736],[144.90562,-37.71724],[144.90462,-37.71575],[144.90348,-37.71692],[144.90232,-37.71668],[144.903,-37.71442],[144.90121,-37.7123],[144.91736,-37.71364],[144.9171,-37.71195],[144.91944,-37.71149],[144.92067,-37.71531],[144.92397,-37.71498],[144.92311,-37.71212],[144.92376,-37.71199],[144.92725,-37.71346],[144.92688,-37.7154],[144.92995,-37.7162],[144.92922,-37.71685],[144.92894,-37.72166],[144.92813,-37.72158]]]},"properties":{"state":"VIC","src":"VIC-OpenStats","suburb":"Oak Park","crime_index":39.8,"violent_pct":28.08,"dwelling_pct":45.76,"motor_pct":45.42,"rate_per100k":39.8,"year":"FY 2022-23 & 2023-24 (avg)","crime_band":3}},{"type":"Feature","geometry":{"type":"Polygon","coordinates":[[[145.08676,-37.901],[145.08924,-37.88776],[145.09082,-37.88954],[145.09143,-37.88962],[145.09156,-37.88872],[145.09527,-37.89109],[145.09789,-37.8906],[145.10106,-37.8916],[145.10378,-37.8909],[145.10689,-37.89314],[145.10615,-37.897],[145.09803,-37.89624],[145.10547,-37.90081],[145.1034,-37.91158],[145.08524,-37.90949],[145.08676,-37.901]]]},"properties":{"state":"VIC","src":"VIC-OpenStats","suburb":"Oakleigh","crime_index":89.0,"violent_pct":84.79,"dwelling_pct":85.36,"motor_pct":96.95,"rate_per100k":89.0,"year":"FY 2022-23 & 2023-24 (avg)","crime_band":6}},{"type":"Feature","geometry":{"type":"Polygon","coordinates":[[[145.1136,-37.89778],[145.12448,-37.89914],[145.12189,-37.91381],[145.11257,-37.91267],[145.11382,-37.90596],[145.09803,-37.89624],[145.1136,-37.89778]]]},"properties":{"state":"VIC","src":"VIC-OpenStats","suburb":"Oakleigh East","crime_index":51.0,"violent_pct":30.65,"dwelling_pct":61.28,"motor_pct":61.06,"rate_per100k":51.0,"year":"FY 2022-23 & 2023-24 (avg)","crime_band":4}},{"type":"Feature","geometry":{"type":"Polygon","coordinates":[[[145.0845,-37.91364],[145.08524,-37.90949],[145.11327,-37.91275],[145.11223,-37.91801],[145.11138,-37.91923],[145.10873,-37.91935],[145.10753,-37.92712],[145.10071,-37.92628],[145.09717,-37.94445],[145.09388,-37.94195],[145.0896,-37.9402],[145.07954,-37.93874],[145.0845,-37.91364]]]},"properties":{"state":"VIC","src":"VIC-OpenStats","suburb":"Oakleigh South","crime_index":52.8,"violent_pct":36.9,"dwelling_pct":51.79,"motor_pct":69.66,"rate_per100k":52.8,"year":"FY 2022-23 & 2023-24 (avg)","crime_band":4}},{"type":"Feature","geometry":{"type":"Polygon","coordinates":[[[144.53324,-38.27137],[144.52557,-38.27131],[144.51132,-38.27371],[144.50468,-38.27696],[144.49876,-38.28349],[144.49757,-38.28325],[144.49771,-38.28243],[144.49663,-38.2825],[144.49944,-38.27511],[144.50808,-38.2676],[144.50826,-38.2659],[144.50737,-38.26464],[144.50498,-38.2637],[144.50426,-38.25997],[144.50114,-38.25748],[144.50187,-38.25606],[144.5008,-38.25585],[144.50194,-38.25345],[144.50312,-38.25359],[144.50456,-38.24725],[144.50931,-38.24826],[144.50977,-38.24711],[144.53694,-38.25096],[144.53986,-38.23611],[144.54194,-38.23639],[144.54201,-38.2352],[144.54492,-38.2356],[144.54555,-38.23298],[144.54757,-38.23323],[144.54707,-38.23574],[144.56868,-38.24688],[144.55794,-38.25931],[144.5798,-38.26769],[144.57501,-38.27365],[144.57309,-38.27847],[144.54926,-38.27283],[144.53324,-38.27137]]]},"properties":{"state":"VIC","src":"VIC-OpenStats","suburb":"Ocean Grove","crime_index":18.1,"violent_pct":19.41,"dwelling_pct":11.38,"motor_pct":23.5,"rate_per100k":18.1,"year":"FY 2022-23 & 2023-24 (avg)","crime_band":1}},{"type":"Feature","geometry":{"type":"Polygon","coordinates":[[[145.4416,-38.05542],[145.441,-38.05694],[145.43827,-38.05833],[145.43315,-38.08325],[145.40458,-38.08322],[145.37695,-38.07985],[145.376,-38.07874],[145.37731,-38.07588],[145.3765,-38.07516],[145.3779,-38.07414],[145.37737,-38.07372],[145.37837,-38.07242],[145.3778,-38.07087],[145.38185,-38.06981],[145.37994,-38.0687],[145.38084,-38.06692],[145.37722,-38.0658],[145.37596,-38.06426],[145.38734,-38.06577],[145.39267,-38.0415],[145.39383,-38.03972],[145.39678,-38.03952],[145.3976,-38.03705],[145.40066,-38.03447],[145.40153,-38.02732],[145.404,-38.02543],[145.40487,-38.02285],[145.4077,-38.02166],[145.40745,-38.01849],[145.4107,-38.01801],[145.41335,-38.01618],[145.4132,-38.01483],[145.41832,-38.01487],[145.41826,-38.01981],[145.4218,-38.01925],[145.42274,-38.01859],[145.42273,-38.01731],[145.42422,-38.01729],[145.42423,-38.01327],[145.42694,-38.01328],[145.43282,-38.0183],[145.4337,-38.02092],[145.43296,-38.02135],[145.43298,-38.02449],[145.4318,-38.02467],[145.43542,-38.02777],[145.43463,-38.03155],[145.43081,-38.03309],[145.43188,-38.03634],[145.43409,-38.03871],[145.4342,-38.04242],[145.43242,-38.0502],[145.44198,-38.0515],[145.4416,-38.05542]]]},"properties":{"state":"VIC","src":"VIC-OpenStats","suburb":"Officer","crime_index":48.5,"violent_pct":48.43,"dwelling_pct":42.93,"motor_pct":54.21,"rate_per100k":48.5,"year":"FY 2022-23 & 2023-24 (avg)","crime_band":3}},{"type":"Feature","geometry":{"type":"Polygon","coordinates":[[[145.43225,-38.08743],[145.45219,-38.08782],[145.45193,-38.0902],[145.44877,-38.09698],[145.44914,-38.10011],[145.45096,-38.10543],[145.45555,-38.109],[145.456,-38.11051],[145.45575,-38.11444],[145.45366,-38.11576],[145.45089,-38.11559],[145.45307,-38.12396],[145.45225,-38.12807],[145.43435,-38.12566],[145.42612,-38.11711],[145.41694,-38.11226],[145.41671,-38.11328],[145.4002,-38.11144],[145.40062,-38.10783],[145.39847,-38.10491],[145.39874,-38.10126],[145.39502,-38.09768],[145.39223,-38.09685],[145.39262,-38.09647],[145.39157,-38.0962],[145.39067,-38.09463],[145.38897,-38.09449],[145.38904,-38.0938],[145.38518,-38.09357],[145.38439,-38.0917],[145.38234,-38.09084],[145.38275,-38.0892],[145.38199,-38.08965],[145.38082,-38.08744],[145.38181,-38.08576],[145.38035,-38.08492],[145.3804,-38.0816],[145.37898,-38.08092],[145.37876,-38.07994],[145.40458,-38.08322],[145.43315,-38.08325],[145.43225,-38.08743]]]},"properties":{"state":"VIC","src":"VIC-OpenStats","suburb":"Officer South","crime_index":36.8,"violent_pct":11.41,"dwelling_pct":80.89,"motor_pct":18.07,"rate_per100k":36.8,"year":"FY 2022-23 & 2023-24 (avg)","crime_band":3}},{"type":"Feature","geometry":{"type":"Polygon","coordinates":[[[145.36323,-37.84254],[145.36533,-37.84192],[145.36695,-37.8425],[145.36818,-37.84176],[145.36787,-37.83847],[145.36944,-37.83727],[145.36719,-37.83541],[145.3707,-37.83397],[145.36956,-37.83164],[145.37098,-37.83105],[145.37339,-37.82731],[145.37661,-37.82859],[145.38243,-37.82524],[145.38863,-37.82759],[145.39015,-37.82646],[145.39304,-37.82589],[145.39534,-37.8276],[145.3973,-37.82695],[145.39799,-37.8283],[145.40198,-37.82848],[145.4011,-37.83437],[145.40197,-37.83734],[145.4015,-37.84085],[145.40379,-37.8439],[145.40305,-37.8493],[145.40216,-37.8505],[145.39592,-37.84878],[145.3937,-37.8493],[145.38928,-37.85266],[145.38878,-37.8539],[145.38929,-37.85936],[145.3881,-37.86086],[145.39242,-37.86183],[145.39956,-37.86031],[145.40307,-37.86058],[145.40527,-37.86329],[145.40453,-37.86332],[145.40462,-37.86553],[145.40217,-37.86444],[145.39962,-37.8658],[145.39203,-37.86704],[145.39362,-37.87046],[145.3932,-37.8728],[145.3944,-37.87598],[145.39275,-37.87774],[145.39094,-37.8781],[145.39054,-37.87978],[145.38912,-37.88029],[145.38573,-37.88048],[145.38372,-37.8793],[145.37323,-37.87792],[145.37045,-37.87639],[145.37048,-37.8757],[145.3674,-37.87577],[145.36199,-37.87368],[145.36165,-37.87084],[145.36358,-37.87084],[145.36368,-37.86983],[145.36368,-37.86906],[145.36246,-37.86888],[145.36259,-37.8628],[145.36142,-37.86242],[145.36069,-37.8601],[145.35951,-37.85965],[145.35871,-37.85708],[145.35638,-37.85753],[145.35411,-37.85699],[145.34832,-37.85352],[145.35292,-37.84623],[145.35414,-37.84682],[145.35546,-37.84587],[145.35779,-37.84753],[145.36078,-37.84747],[145.3609,-37.84511],[145.35847,-37.84116],[145.36037,-37.84162],[145.36045,-37.8426],[145.36323,-37.84254]]]},"properties":{"state":"VIC","src":"VIC-OpenStats","suburb":"Olinda (Vic.)","crime_index":29.8,"violent_pct":28.96,"dwelling_pct":52.59,"motor_pct":7.76,"rate_per100k":29.8,"year":"FY 2022-23 & 2023-24 (avg)","crime_band":2}},{"type":"Feature","geometry":{"type":"Polygon","coordinates":[[[145.0447,-37.90051],[145.05469,-37.90172],[145.05328,-37.90662],[145.05387,-37.90692],[145.05312,-37.91114],[145.05248,-37.91107],[145.05274,-37.90962],[145.04939,-37.90877],[145.02528,-37.9061],[145.02599,-37.90215],[145.03489,-37.90328],[145.03614,-37.89679],[145.04516,-37.89818],[145.0447,-37.90051]]]},"properties":{"state":"VIC","src":"VIC-OpenStats","suburb":"Ormond","crime_index":42.6,"violent_pct":21.47,"dwelling_pct":54.49,"motor_pct":51.75,"rate_per100k":42.6,"year":"FY 2022-23 & 2023-24 (avg)","crime_band":3}},{"type":"Feature","geometry":{"type":"Polygon","coordinates":[[[145.48837,-38.12067],[145.48424,-38.12011],[145.48368,-38.12224],[145.47992,-38.12177],[145.47881,-38.12685],[145.47543,-38.12641],[145.47586,-38.1243],[145.47419,-38.12407],[145.47429,-38.12333],[145.46446,-38.12199],[145.46429,-38.12281],[145.45373,-38.12195],[145.45302,-38.12374],[145.45089,-38.11559],[145.45366,-38.11576],[145.45575,-38.11444],[145.456,-38.11051],[145.45555,-38.109],[145.45096,-38.10543],[145.44877,-38.09698],[145.45193,-38.0902],[145.45219,-38.08782],[145.43225,-38.08743],[145.43826,-38.05837],[145.44135,-38.05653],[145.44198,-38.0515],[145.43242,-38.0502],[145.4342,-38.04242],[145.43409,-38.03871],[145.43188,-38.03634],[145.43081,-38.03309],[145.43431,-38.03187],[145.43539,-38.02919],[145.43521,-38.02729],[145.4318,-38.02467],[145.43298,-38.02449],[145.43329,-38.02074],[145.43845,-38.02235],[145.44229,-38.02614],[145.44407,-38.02644],[145.4473,-38.02501],[145.44544,-38.02317],[145.44908,-38.02086],[145.45126,-38.02098],[145.45181,-38.01786],[145.46038,-38.01837],[145.46543,-38.02234],[145.46792,-38.02128],[145.47421,-38.0158],[145.48032,-38.01524],[145.48594,-38.01588],[145.48469,-38.02061],[145.49021,-38.02121],[145.48881,-38.02735],[145.4928,-38.02804],[145.49456,-38.02946],[145.4977,-38.03358],[145.49818,-38.03642],[145.50492,-38.03952],[145.50446,-38.04107],[145.51384,-38.0422],[145.51414,-38.0409],[145.51643,-38.0412],[145.51823,-38.03294],[145.52526,-38.03427],[145.53311,-38.03311],[145.53578,-38.03542],[145.53603,-38.03955],[145.52877,-38.03857],[145.5267,-38.0481],[145.53055,-38.04864],[145.52733,-38.06412],[145.52185,-38.06516],[145.51996,-38.07377],[145.53057,-38.07512],[145.52851,-38.08478],[145.53598,-38.08577],[145.53407,-38.09503],[145.5448,-38.09642],[145.53955,-38.12208],[145.52099,-38.12647],[145.52135,-38.12473],[145.51382,-38.12363],[145.5137,-38.12241],[145.5124,-38.12182],[145.50584,-38.12152],[145.50329,-38.12255],[145.48837,-38.12067]]]},"properties":{"state":"VIC","src":"VIC-OpenStats","suburb":"Pakenham","crime_index":57.2,"violent_pct":74.24,"dwelling_pct":41.36,"motor_pct":55.89,"rate_per100k":57.2,"year":"FY 2022-23 & 2023-24 (avg)","crime_band":4}},{"type":"Feature","geometry":{"type":"Polygon","coordinates":[[[145.47878,-38.01535],[145.47421,-38.0158],[145.46792,-38.02128],[145.46543,-38.02234],[145.46038,-38.01837],[145.46129,-38.0131],[145.45905,-38.011],[145.4607,-38.0095],[145.46295,-38.01105],[145.46637,-38.00796],[145.46601,-38.00756],[145.47002,-38.00752],[145.47004,-38.00559],[145.47122,-38.00558],[145.47134,-38.00316],[145.47372,-38.0037],[145.47371,-37.99953],[145.47114,-37.99953],[145.47105,-37.99274],[145.47862,-37.99319],[145.47862,-37.98684],[145.47931,-37.98683],[145.47839,-37.98564],[145.48178,-37.98355],[145.4805,-37.97985],[145.48246,-37.9783],[145.48285,-37.97582],[145.49361,-37.97711],[145.49404,-37.97647],[145.49456,-37.97812],[145.49331,-37.98035],[145.49444,-37.98223],[145.4933,-37.987],[145.49507,-37.98915],[145.51138,-37.99117],[145.51238,-37.98608],[145.51766,-37.98674],[145.51852,-37.98217],[145.52209,-37.98262],[145.52249,-37.9805],[145.53093,-37.98227],[145.5317,-37.97836],[145.53399,-37.9773],[145.5361,-37.97735],[145.53566,-37.97929],[145.53391,-37.97908],[145.53364,-37.98042],[145.53831,-37.98099],[145.53774,-37.98385],[145.54307,-37.98452],[145.53981,-37.98654],[145.53743,-37.99032],[145.54294,-37.99314],[145.54228,-37.99705],[145.54417,-37.99729],[145.54652,-38.00308],[145.54482,-38.00463],[145.54441,-38.00694],[145.5496,-38.00765],[145.54787,-38.01636],[145.54571,-38.01333],[145.54506,-38.01513],[145.54448,-38.0141],[145.53729,-38.01246],[145.53807,-38.01024],[145.53399,-38.00927],[145.53102,-38.01748],[145.54121,-38.01986],[145.53108,-38.02677],[145.5351,-38.02715],[145.53308,-38.0316],[145.53664,-38.03358],[145.53578,-38.03542],[145.53311,-38.03311],[145.52526,-38.03427],[145.51823,-38.03294],[145.51643,-38.0412],[145.51414,-38.0409],[145.51384,-38.0422],[145.50446,-38.04107],[145.50492,-38.03952],[145.49818,-38.03642],[145.4977,-38.03358],[145.49456,-38.02946],[145.4928,-38.02804],[145.48881,-38.02735],[145.49021,-38.02121],[145.48469,-38.02061],[145.48594,-38.01588],[145.47878,-38.01535]]]},"properties":{"state":"VIC","src":"VIC-OpenStats","suburb":"Pakenham Upper","crime_index":36.9,"violent_pct":38.95,"dwelling_pct":59.82,"motor_pct":12.01,"rate_per100k":36.9,"year":"FY 2022-23 & 2023-24 (avg)","crime_band":3}},{"type":"Feature","geometry":{"type":"Polygon","coordinates":[[[145.2249,-37.66341],[145.22398,-37.66713],[145.22005,-37.66652],[145.22015,-37.65799],[145.21942,-37.65791],[145.22185,-37.65179],[145.22733,-37.64938],[145.22216,-37.64925],[145.21769,-37.64503],[145.21582,-37.64525],[145.21508,-37.64428],[145.21589,-37.64238],[145.21721,-37.64253],[145.21761,-37.64027],[145.21922,-37.64076],[145.21994,-37.63685],[145.22188,-37.63603],[145.22313,-37.63635],[145.22521,-37.63292],[145.22546,-37.63158],[145.21923,-37.63248],[145.21981,-37.63014],[145.22156,-37.63034],[145.22609,-37.62849],[145.21775,-37.62702],[145.2202,-37.62557],[145.21799,-37.62322],[145.21846,-37.6227],[145.22512,-37.62351],[145.22492,-37.62459],[145.22659,-37.6252],[145.22703,-37.62282],[145.23004,-37.62319],[145.23092,-37.62204],[145.23491,-37.62097],[145.23607,-37.62335],[145.24589,-37.62032],[145.24526,-37.61899],[145.24673,-37.61892],[145.24701,-37.61698],[145.24867,-37.61703],[145.25124,-37.61421],[145.25599,-37.61678],[145.25425,-37.61867],[145.25622,-37.61979],[145.25408,-37.62213],[145.2549,-37.62493],[145.25827,-37.62373],[145.26275,-37.62794],[145.26271,-37.63007],[145.26558,-37.62814],[145.2669,-37.62936],[145.26538,-37.6304],[145.2661,-37.63108],[145.26763,-37.63004],[145.26887,-37.6312],[145.27165,-37.62932],[145.27341,-37.63002],[145.27476,-37.62935],[145.27545,-37.63193],[145.27655,-37.63302],[145.27383,-37.63378],[145.27288,-37.63662],[145.28096,-37.64759],[145.28059,-37.64959],[145.28611,-37.65061],[145.28126,-37.65372],[145.27638,-37.65479],[145.27479,-37.65657],[145.27022,-37.65383],[145.26887,-37.65518],[145.2657,-37.65477],[145.26452,-37.65331],[145.26458,-37.65134],[145.26201,-37.65166],[145.26095,-37.65332],[145.26174,-37.65734],[145.26075,-37.66277],[145.25921,-37.66258],[145.25856,-37.66355],[145.25393,-37.66302],[145.25457,-37.66531],[145.24682,-37.66442],[145.24329,-37.66261],[145.23781,-37.66409],[145.23651,-37.66542],[145.23231,-37.66493],[145.23261,-37.66214],[145.22994,-37.66227],[145.22963,-37.66396],[145.2249,-37.66341]]]},"properties":{"state":"VIC","src":"VIC-OpenStats","suburb":"Panton Hill","crime_index":11.5,"violent_pct":14.49,"dwelling_pct":9.6,"motor_pct":10.56,"rate_per100k":11.5,"year":"FY 2022-23 & 2023-24 (avg)","crime_band":1}},{"type":"Feature","geometry":{"type":"Polygon","coordinates":[[[145.21585,-37.76221],[145.21632,-37.75984],[145.21761,-37.76041],[145.21816,-37.75946],[145.2193,-37.75963],[145.21918,-37.76102],[145.22156,-37.76153],[145.22132,-37.76251],[145.23187,-37.76367],[145.22978,-37.76701],[145.23039,-37.76945],[145.22949,-37.77207],[145.23034,-37.77376],[145.23168,-37.77387],[145.23327,-37.78014],[145.23412,-37.78102],[145.23288,-37.78557],[145.23635,-37.78788],[145.23507,-37.79099],[145.231,-37.79082],[145.22272,-37.78893],[145.22212,-37.7923],[145.22117,-37.79243],[145.22109,-37.79028],[145.21842,-37.78998],[145.21854,-37.78929],[145.21652,-37.78905],[145.21635,-37.79],[145.21502,-37.78985],[145.21483,-37.79067],[145.21314,-37.79114],[145.20208,-37.78992],[145.20171,-37.78829],[145.20036,-37.78728],[145.19507,-37.78532],[145.19483,-37.78355],[145.19371,-37.7824],[145.19467,-37.78129],[145.19401,-37.78017],[145.1945,-37.7792],[145.1911,-37.77845],[145.1903,-37.77597],[145.19895,-37.77166],[145.20176,-37.77249],[145.2044,-37.76083],[145.21585,-37.76221]]]},"properties":{"state":"VIC","src":"VIC-OpenStats","suburb":"Park Orchards","crime_index":27.5,"violent_pct":10.75,"dwelling_pct":56.74,"motor_pct":15.14,"rate_per100k":27.5,"year":"FY 2022-23 & 2023-24 (avg)","crime_band":2}},{"type":"Feature","geometry":{"type":"Polygon","coordinates":[[[145.0922,-37.99561],[145.09153,-37.99922],[145.08166,-37.9983],[145.08268,-38.0001],[145.08195,-38.00032],[145.08096,-38.00563],[145.0687,-37.9949],[145.07136,-37.98216],[145.07488,-37.98292],[145.07883,-37.98697],[145.07961,-37.98295],[145.09427,-37.98477],[145.0922,-37.99561]]]},"properties":{"state":"VIC","src":"VIC-OpenStats","suburb":"Parkdale","crime_index":51.3,"violent_pct":32.04,"dwelling_pct":67.41,"motor_pct":54.36,"rate_per100k":51.3,"year":"FY 2022-23 & 2023-24 (avg)","crime_band":4}},{"type":"Feature","geometry":{"type":"Polygon","coordinates":[[[144.95955,-37.78348],[144.95876,-37.78987],[144.96078,-37.79158],[144.96377,-37.79248],[144.9649,-37.79392],[144.96398,-37.80041],[144.95756,-37.7997],[144.95777,-37.79806],[144.95459,-37.79771],[144.95361,-37.7985],[144.94088,-37.78835],[144.93993,-37.787],[144.93874,-37.78084],[144.93683,-37.77709],[144.93643,-37.77385],[144.93728,-37.77402],[144.93768,-37.77717],[144.93877,-37.77543],[144.96024,-37.77803],[144.95955,-37.78348]]]},"properties":{"state":"VIC","src":"VIC-OpenStats","suburb":"Parkville (Vic.)","crime_index":72.4,"violent_pct":64.67,"dwelling_pct":65.17,"motor_pct":87.5,"rate_per100k":72.4,"year":"FY 2022-23 & 2023-24 (avg)","crime_band":5}},{"type":"Feature","geometry":{"type":"Polygon","coordinates":[[[144.93711,-37.71389],[144.94866,-37.71525],[144.94909,-37.71605],[144.95211,-37.71565],[144.95195,-37.72],[144.95119,-37.72129],[144.95162,-37.72237],[144.9508,-37.72368],[144.9518,-37.72508],[144.95095,-37.72551],[144.95078,-37.72753],[144.95203,-37.72767],[144.95168,-37.73011],[144.9503,-37.72998],[144.95027,-37.73131],[144.94965,-37.73125],[144.94956,-37.73604],[144.93121,-37.73337],[144.93111,-37.73391],[144.92879,-37.73361],[144.92908,-37.73527],[144.92857,-37.73527],[144.92432,-37.73239],[144.92547,-37.73029],[144.92476,-37.72897],[144.92255,-37.72882],[144.92179,-37.72675],[144.91952,-37.72502],[144.92236,-37.72437],[144.92123,-37.7213],[144.92333,-37.72087],[144.92894,-37.72166],[144.92922,-37.71685],[144.92995,-37.7162],[144.92912,-37.71568],[144.93348,-37.71624],[144.93378,-37.71474],[144.93642,-37.71504],[144.93644,-37.71371],[144.93711,-37.71389]]]},"properties":{"state":"VIC","src":"VIC-OpenStats","suburb":"Pascoe Vale","crime_index":56.1,"violent_pct":50.8,"dwelling_pct":64.04,"motor_pct":53.35,"rate_per100k":56.1,"year":"FY 2022-23 & 2023-24 (avg)","crime_band":4}},{"type":"Feature","geometry":{"type":"Polygon","coordinates":[[[144.93521,-37.7344],[144.94956,-37.73604],[144.94924,-37.73958],[144.94723,-37.73981],[144.9461,-37.74632],[144.94727,-37.74686],[144.94625,-37.75332],[144.92696,-37.75106],[144.92741,-37.74926],[144.92921,-37.74758],[144.92829,-37.74706],[144.92856,-37.7457],[144.93284,-37.74545],[144.93473,-37.74405],[144.9335,-37.74243],[144.93154,-37.74205],[144.92998,-37.73996],[144.92988,-37.73794],[144.92886,-37.7375],[144.92879,-37.73361],[144.93363,-37.73361],[144.93531,-37.73386],[144.93521,-37.7344]]]},"properties":{"state":"VIC","src":"VIC-OpenStats","suburb":"Pascoe Vale South","crime_index":49.8,"violent_pct":30.61,"dwelling_pct":52.9,"motor_pct":66,"rate_per100k":49.8,"year":"FY 2022-23 & 2023-24 (avg)","crime_band":4}},{"type":"Feature","geometry":{"type":"Polygon","coordinates":[[[145.14982,-38.07504],[145.14867,-38.0834],[145.14155,-38.08246],[145.13862,-38.08313],[145.13627,-38.08244],[145.13364,-38.08329],[145.13418,-38.07619],[145.13461,-38.0754],[145.13621,-38.07516],[145.13201,-38.06915],[145.13493,-38.06868],[145.13972,-38.06471],[145.13447,-38.05498],[145.14483,-38.0515],[145.15028,-38.06729],[145.15626,-38.06738],[145.15464,-38.07565],[145.14982,-38.07504]]]},"properties":{"state":"VIC","src":"VIC-OpenStats","suburb":"Patterson Lakes","crime_index":65.5,"violent_pct":48.26,"dwelling_pct":84.77,"motor_pct":63.38,"rate_per100k":65.5,"year":"FY 2022-23 & 2023-24 (avg)","crime_band":4}},{"type":"Feature","geometry":{"type":"Polygon","coordinates":[[[145.2813,-38.2025],[145.27946,-38.21157],[145.28689,-38.2125],[145.2855,-38.21911],[145.27863,-38.22389],[145.27436,-38.2232],[145.27326,-38.22372],[145.27229,-38.22262],[145.26793,-38.22465],[145.2629,-38.22207],[145.26136,-38.22242],[145.26192,-38.22349],[145.26146,-38.22444],[145.26098,-38.22286],[145.259,-38.22233],[145.2603,-38.22341],[145.25907,-38.22574],[145.25484,-38.22305],[145.25423,-38.2236],[145.22994,-38.22058],[145.22655,-38.21894],[145.22002,-38.21194],[145.19665,-38.21204],[145.19674,-38.19954],[145.21577,-38.20064],[145.22174,-38.16896],[145.28669,-38.1767],[145.2813,-38.2025]]]},"properties":{"state":"VIC","src":"VIC-OpenStats","suburb":"Pearcedale","crime_index":36.8,"violent_pct":40.03,"dwelling_pct":23.22,"motor_pct":47.15,"rate_per100k":36.8,"year":"FY 2022-23 & 2023-24 (avg)","crime_band":3}},{"type":"Feature","geometry":{"type":"Polygon","coordinates":[[[145.13799,-37.66082],[145.13772,-37.66251],[145.13383,-37.66207],[145.13263,-37.66926],[145.13187,-37.66917],[145.13072,-37.67455],[145.1261,-37.67405],[145.12542,-37.67785],[145.12206,-37.6807],[145.11786,-37.67919],[145.11238,-37.68231],[145.10645,-37.68153],[145.10355,-37.68293],[145.10161,-37.68179],[145.09854,-37.68224],[145.09512,-37.68079],[145.09021,-37.68141],[145.09169,-37.6801],[145.09156,-37.67939],[145.08647,-37.68126],[145.08432,-37.68015],[145.08484,-37.67833],[145.0835,-37.67678],[145.0866,-37.67758],[145.08711,-37.67682],[145.08571,-37.67429],[145.08907,-37.67421],[145.08849,-37.67301],[145.08639,-37.67226],[145.08659,-37.67071],[145.08413,-37.6701],[145.0839,-37.66913],[145.08557,-37.669],[145.08741,-37.66768],[145.08895,-37.6686],[145.09072,-37.66709],[145.09226,-37.66711],[145.09189,-37.66531],[145.0893,-37.66404],[145.09117,-37.66315],[145.0933,-37.66422],[145.09506,-37.66186],[145.09601,-37.66273],[145.09526,-37.66406],[145.09664,-37.66478],[145.0979,-37.66251],[145.10068,-37.66283],[145.102,-37.66144],[145.1037,-37.66122],[145.10273,-37.65812],[145.1035,-37.65703],[145.1078,-37.65822],[145.10608,-37.65608],[145.10211,-37.65494],[145.10247,-37.6527],[145.10514,-37.65423],[145.10763,-37.65335],[145.11757,-37.65436],[145.11803,-37.65173],[145.11914,-37.65185],[145.1198,-37.65044],[145.12151,-37.65064],[145.12095,-37.65118],[145.1248,-37.65272],[145.12937,-37.64997],[145.1297,-37.64796],[145.13085,-37.64808],[145.1307,-37.649],[145.13214,-37.64923],[145.13296,-37.65155],[145.13381,-37.65163],[145.13324,-37.65386],[145.13699,-37.65428],[145.13627,-37.65775],[145.13845,-37.65799],[145.13799,-37.66082]]]},"properties":{"state":"VIC","src":"VIC-OpenStats","suburb":"Plenty (Vic.)","crime_index":26.8,"violent_pct":15.67,"dwelling_pct":55.78,"motor_pct":8.8,"rate_per100k":26.8,"year":"FY 2022-23 & 2023-24 (avg)","crime_band":2}},{"type":"Feature","geometry":{"type":"Polygon","coordinates":[[[144.64373,-37.65255],[144.64244,-37.64828],[144.64736,-37.647],[144.64868,-37.64814],[144.651,-37.64484],[144.65246,-37.64442],[144.65169,-37.64285],[144.65395,-37.64192],[144.65252,-37.64158],[144.65533,-37.63887],[144.67676,-37.65278],[144.6849,-37.65635],[144.67912,-37.68484],[144.63912,-37.68017],[144.63821,-37.67838],[144.64013,-37.67925],[144.64374,-37.67738],[144.64318,-37.67565],[144.64158,-37.67531],[144.64292,-37.67245],[144.64692,-37.67123],[144.64431,-37.6682],[144.64594,-37.66695],[144.64492,-37.66624],[144.64489,-37.66245],[144.64657,-37.66153],[144.64785,-37.65923],[144.6466,-37.65866],[144.64541,-37.6557],[144.64358,-37.65436],[144.64373,-37.65255]]]},"properties":{"state":"VIC","src":"VIC-OpenStats","suburb":"Plumpton (Vic.)","crime_index":27.0,"violent_pct":43.79,"dwelling_pct":11.76,"motor_pct":25.49,"rate_per100k":27.0,"year":"FY 2022-23 & 2023-24 (avg)","crime_band":2}},{"type":"Feature","geometry":{"type":"Polygon","coordinates":[[[144.79674,-37.91218],[144.79717,-37.91879],[144.79922,-37.92306],[144.79608,-37.92385],[144.79347,-37.92703],[144.78137,-37.92763],[144.7746,-37.92889],[144.76954,-37.9312],[144.76103,-37.93733],[144.75365,-37.93914],[144.74404,-37.93925],[144.7405,-37.94127],[144.74277,-37.9288],[144.72831,-37.92707],[144.72526,-37.92378],[144.71783,-37.91944],[144.71563,-37.91693],[144.71529,-37.9154],[144.71354,-37.91485],[144.71687,-37.89611],[144.71452,-37.89602],[144.71205,-37.89767],[144.70998,-37.89582],[144.70954,-37.88355],[144.71122,-37.881],[144.71423,-37.87925],[144.75131,-37.86981],[144.75481,-37.86955],[144.75355,-37.87647],[144.75239,-37.87645],[144.75144,-37.88239],[144.75247,-37.88251],[144.75172,-37.88665],[144.75601,-37.88713],[144.75585,-37.88797],[144.76239,-37.88866],[144.76333,-37.88357],[144.7667,-37.88393],[144.7678,-37.88487],[144.77022,-37.884],[144.77279,-37.88495],[144.77534,-37.88774],[144.77778,-37.89233],[144.78078,-37.89413],[144.7804,-37.89881],[144.78266,-37.89985],[144.78647,-37.90002],[144.7891,-37.8987],[144.79169,-37.89855],[144.79735,-37.89964],[144.79979,-37.89881],[144.79982,-37.89696],[144.80124,-37.89495],[144.80451,-37.89434],[144.8022,-37.89794],[144.801,-37.89854],[144.80131,-37.89924],[144.79796,-37.90529],[144.79749,-37.90737],[144.79824,-37.90769],[144.79674,-37.91218]]]},"properties":{"state":"VIC","src":"VIC-OpenStats","suburb":"Point Cook","crime_index":39.4,"violent_pct":44.71,"dwelling_pct":32.88,"motor_pct":40.5,"rate_per100k":39.4,"year":"FY 2022-23 & 2023-24 (avg)","crime_band":3}},{"type":"Feature","geometry":{"type":"Polygon","coordinates":[[[144.62462,-38.27206],[144.63241,-38.27146],[144.63246,-38.27211],[144.63381,-38.27193],[144.63399,-38.27273],[144.62513,-38.27411],[144.61841,-38.27713],[144.61488,-38.28346],[144.61466,-38.28556],[144.61619,-38.28774],[144.61389,-38.29224],[144.6072,-38.29054],[144.60385,-38.28872],[144.57309,-38.27847],[144.57501,-38.27365],[144.5798,-38.26769],[144.57754,-38.26684],[144.57991,-38.26399],[144.58282,-38.26339],[144.58372,-38.26],[144.59112,-38.25148],[144.60358,-38.25805],[144.60647,-38.25448],[144.60578,-38.25448],[144.60558,-38.25299],[144.60163,-38.25204],[144.60177,-38.25107],[144.59814,-38.25127],[144.60198,-38.24666],[144.60182,-38.24726],[144.60544,-38.24785],[144.60824,-38.24581],[144.60761,-38.24489],[144.60584,-38.24564],[144.60535,-38.24492],[144.60314,-38.24525],[144.60538,-38.24257],[144.61437,-38.24765],[144.61837,-38.24353],[144.61404,-38.24091],[144.61718,-38.23824],[144.62967,-38.24523],[144.6171,-38.25163],[144.61339,-38.25619],[144.6197,-38.26872],[144.62462,-38.27206]]]},"properties":{"state":"VIC","src":"VIC-OpenStats","suburb":"Point Lonsdale","crime_index":4.9,"violent_pct":1.21,"dwelling_pct":8.85,"motor_pct":4.77,"rate_per100k":4.9,"year":"FY 2022-23 & 2023-24 (avg)","crime_band":1}},{"type":"Feature","geometry":{"type":"Polygon","coordinates":[[[144.93979,-37.82545],[144.94145,-37.82578],[144.94081,-37.82634],[144.94976,-37.83409],[144.94558,-37.84303],[144.9427,-37.84609],[144.934,-37.84219],[144.93336,-37.84383],[144.9319,-37.84329],[144.93001,-37.84735],[144.93128,-37.843],[144.93074,-37.8423],[144.92717,-37.84131],[144.92586,-37.84511],[144.92525,-37.84497],[144.92692,-37.84002],[144.91853,-37.83967],[144.91334,-37.84207],[144.91733,-37.84745],[144.91264,-37.84999],[144.90631,-37.84168],[144.90649,-37.83936],[144.90298,-37.83945],[144.90722,-37.84951],[144.89917,-37.84038],[144.89837,-37.84119],[144.89766,-37.83973],[144.89741,-37.8314],[144.89965,-37.82792],[144.90557,-37.82287],[144.90704,-37.8233],[144.91287,-37.82103],[144.92038,-37.82002],[144.92063,-37.8208],[144.92855,-37.82116],[144.93786,-37.82308],[144.93979,-37.82545]]]},"properties":{"state":"VIC","src":"VIC-OpenStats","suburb":"Port Melbourne","crime_index":87.5,"violent_pct":76.63,"dwelling_pct":87.88,"motor_pct":98.12,"rate_per100k":87.5,"year":"FY 2022-23 & 2023-24 (avg)","crime_band":6}},{"type":"Feature","geometry":{"type":"Polygon","coordinates":[[[144.65183,-38.11269],[144.65489,-38.11307],[144.66163,-38.11177],[144.66541,-38.11194],[144.69274,-38.12026],[144.68275,-38.17175],[144.64645,-38.16742],[144.65351,-38.13098],[144.62653,-38.12759],[144.62893,-38.1116],[144.62572,-38.11421],[144.62047,-38.11538],[144.62632,-38.11207],[144.6305,-38.10766],[144.63182,-38.10733],[144.6367,-38.10799],[144.64684,-38.11199],[144.65183,-38.11269]]]},"properties":{"state":"VIC","src":"VIC-OpenStats","suburb":"Portarlington","crime_index":36.8,"violent_pct":48.06,"dwelling_pct":48.6,"motor_pct":13.6,"rate_per100k":36.8,"year":"FY 2022-23 & 2023-24 (avg)","crime_band":3}},{"type":"Feature","geometry":{"type":"Polygon","coordinates":[[[145.00158,-37.85781],[145.00244,-37.85308],[144.98421,-37.85065],[144.98503,-37.84567],[145.01232,-37.84927],[145.01193,-37.85187],[145.01123,-37.85221],[145.0115,-37.85468],[145.01036,-37.85527],[145.01037,-37.85756],[145.01098,-37.85764],[145.00989,-37.85836],[145.01013,-37.86016],[145.00137,-37.85899],[145.00158,-37.85781]]]},"properties":{"state":"VIC","src":"VIC-OpenStats","suburb":"Prahran","crime_index":95.1,"violent_pct":93.7,"dwelling_pct":95.62,"motor_pct":95.98,"rate_per100k":95.1,"year":"FY 2022-23 & 2023-24 (avg)","crime_band":6}},{"type":"Feature","geometry":{"type":"Polygon","coordinates":[[[145.00466,-37.73074],[145.00472,-37.72965],[145.01,-37.73065],[145.01035,-37.72942],[145.01162,-37.7296],[145.0114,-37.73081],[145.01371,-37.73107],[145.01494,-37.73023],[145.01446,-37.73114],[145.03122,-37.73294],[145.03137,-37.73214],[145.03786,-37.7329],[145.03769,-37.73489],[145.03397,-37.73514],[145.0338,-37.73654],[145.032,-37.73775],[145.03303,-37.74138],[145.0351,-37.74358],[145.03339,-37.74563],[145.03529,-37.74579],[145.0361,-37.74685],[145.03148,-37.75082],[145.0318,-37.75272],[145.03062,-37.75469],[145.03137,-37.75572],[144.98085,-37.75026],[144.98139,-37.74877],[144.98016,-37.74629],[144.98202,-37.7455],[144.97897,-37.74272],[144.97979,-37.74274],[144.98298,-37.73577],[144.98422,-37.72791],[145.00466,-37.73074]]]},"properties":{"state":"VIC","src":"VIC-OpenStats","suburb":"Preston (Vic.)","crime_index":84.6,"violent_pct":83.42,"dwelling_pct":78.78,"motor_pct":91.48,"rate_per100k":84.6,"year":"FY 2022-23 & 2023-24 (avg)","crime_band":6}},{"type":"Feature","geometry":{"type":"Polygon","coordinates":[[[144.96249,-37.7783],[144.97053,-37.77928],[144.96952,-37.78561],[144.96359,-37.78499],[144.964,-37.78242],[144.96148,-37.77818],[144.96249,-37.7783]]]},"properties":{"state":"VIC","src":"VIC-OpenStats","suburb":"Princes Hill","crime_index":81.7,"violent_pct":52.57,"dwelling_pct":93.33,"motor_pct":99.18,"rate_per100k":81.7,"year":"FY 2022-23 & 2023-24 (avg)","crime_band":6}},{"type":"Feature","geometry":{"type":"MultiPolygon","coordinates":[[[[144.66267,-38.26983],[144.66207,-38.27183],[144.65967,-38.27392],[144.64699,-38.27172],[144.63566,-38.27283],[144.63246,-38.27211],[144.63241,-38.27146],[144.62554,-38.2722],[144.62079,-38.26996],[144.61866,-38.26652],[144.62609,-38.25751],[144.63703,-38.26609],[144.63426,-38.26652],[144.63216,-38.26941],[144.63329,-38.26983],[144.64239,-38.26974],[144.64863,-38.26655],[144.65239,-38.26672],[144.6557,-38.26549],[144.65805,-38.26346],[144.66461,-38.26347],[144.66677,-38.26223],[144.67225,-38.26525],[144.66627,-38.26635],[144.66399,-38.26772],[144.66267,-38.26983]]],[[[144.66821,-38.26094],[144.66774,-38.26218],[144.66979,-38.26296],[144.66981,-38.26111],[144.67038,-38.26186],[144.67075,-38.26126],[144.67047,-38.25977],[144.67296,-38.26297],[144.67172,-38.26358],[144.67192,-38.26435],[144.66821,-38.26255],[144.66717,-38.26188],[144.66853,-38.25947],[144.66816,-38.25785],[144.6689,-38.25898],[144.66968,-38.25788],[144.66821,-38.26094]]]]},"properties":{"state":"VIC","src":"VIC-OpenStats","suburb":"Queenscliff (Vic.)","crime_index":4.6,"violent_pct":2.15,"dwelling_pct":4.82,"motor_pct":6.86,"rate_per100k":4.6,"year":"FY 2022-23 & 2023-24 (avg)","crime_band":1}},{"type":"Feature","geometry":{"type":"Polygon","coordinates":[[[144.73449,-37.75438],[144.74417,-37.75768],[144.75721,-37.76344],[144.75284,-37.79603],[144.71625,-37.79272],[144.72236,-37.75061],[144.73449,-37.75438]]]},"properties":{"state":"VIC","src":"VIC-OpenStats","suburb":"Ravenhall","crime_index":62.9,"violent_pct":74.35,"dwelling_pct":15.05,"motor_pct":99.34,"rate_per100k":62.9,"year":"FY 2022-23 & 2023-24 (avg)","crime_band":4}},{"type":"Feature","geometry":{"type":"Polygon","coordinates":[[[145.01983,-38.38559],[145.02213,-38.38636],[145.02077,-38.38903],[145.01902,-38.38995],[145.00869,-38.38646],[145.00897,-38.38564],[144.99272,-38.3857],[144.99343,-38.3816],[144.99264,-38.38013],[144.97598,-38.37975],[144.97851,-38.36932],[144.97693,-38.36724],[144.97731,-38.36336],[144.97641,-38.36317],[144.97559,-38.35834],[144.98453,-38.35936],[144.98478,-38.35805],[144.99531,-38.35929],[144.997,-38.35718],[144.99722,-38.3553],[145.00004,-38.35433],[144.99916,-38.351],[145.00142,-38.34999],[145.00391,-38.3503],[145.00363,-38.34919],[145.00725,-38.34836],[145.00615,-38.34651],[145.00679,-38.34535],[145.01094,-38.34583],[145.01081,-38.34644],[145.01322,-38.34613],[145.01375,-38.34454],[145.02553,-38.34604],[145.02792,-38.33429],[145.04042,-38.33572],[145.04481,-38.34024],[145.04604,-38.34409],[145.04506,-38.34796],[145.04687,-38.35056],[145.05069,-38.3506],[145.05445,-38.35519],[145.04714,-38.36804],[145.04329,-38.37175],[145.03704,-38.3717],[145.03225,-38.37518],[145.03287,-38.37575],[145.03215,-38.37847],[145.02905,-38.37912],[145.02845,-38.38077],[145.02411,-38.38244],[145.02344,-38.3819],[145.01983,-38.38559]]]},"properties":{"state":"VIC","src":"VIC-OpenStats","suburb":"Red Hill (Vic.)","crime_index":30.7,"violent_pct":15.83,"dwelling_pct":21.88,"motor_pct":54.28,"rate_per100k":30.7,"year":"FY 2022-23 & 2023-24 (avg)","crime_band":3}},{"type":"Feature","geometry":{"type":"Polygon","coordinates":[[[145.17299,-37.72392],[145.17723,-37.69812],[145.17268,-37.69433],[145.16889,-37.69464],[145.16775,-37.69229],[145.16433,-37.69163],[145.16463,-37.68954],[145.17869,-37.69117],[145.17966,-37.68606],[145.18327,-37.68966],[145.18805,-37.69026],[145.1883,-37.68922],[145.19175,-37.6895],[145.19488,-37.69101],[145.19649,-37.69061],[145.19519,-37.69196],[145.19582,-37.69314],[145.19669,-37.69221],[145.1987,-37.69217],[145.19751,-37.70071],[145.2136,-37.70251],[145.21176,-37.71163],[145.20685,-37.71075],[145.20671,-37.71156],[145.20211,-37.71092],[145.20121,-37.71582],[145.20215,-37.71594],[145.20089,-37.72252],[145.19782,-37.71921],[145.19788,-37.72169],[145.19634,-37.72297],[145.19597,-37.72489],[145.19178,-37.72544],[145.1918,-37.72112],[145.18962,-37.72076],[145.18706,-37.72278],[145.18285,-37.724],[145.18126,-37.72398],[145.18107,-37.72189],[145.17893,-37.72439],[145.1777,-37.72439],[145.1775,-37.72348],[145.17623,-37.72307],[145.17299,-37.72392]]]},"properties":{"state":"VIC","src":"VIC-OpenStats","suburb":"Research","crime_index":5.6,"violent_pct":8.41,"dwelling_pct":2.76,"motor_pct":5.56,"rate_per100k":5.6,"year":"FY 2022-23 & 2023-24 (avg)","crime_band":1}},{"type":"Feature","geometry":{"type":"Polygon","coordinates":[[[145.02209,-37.71516],[145.02513,-37.71597],[145.03166,-37.72196],[145.03467,-37.72083],[145.0349,-37.72316],[145.03614,-37.72341],[145.03808,-37.72673],[145.03893,-37.72692],[145.03836,-37.72838],[145.03938,-37.72825],[145.04031,-37.72932],[145.04033,-37.7304],[145.03826,-37.73013],[145.04019,-37.73202],[145.04,-37.73272],[145.03827,-37.73376],[145.03786,-37.7329],[145.03223,-37.73222],[145.03137,-37.73214],[145.03122,-37.73294],[145.01446,-37.73114],[145.01523,-37.73058],[145.01494,-37.73023],[145.01371,-37.73107],[145.0114,-37.73081],[145.01162,-37.7296],[145.01035,-37.72942],[145.01,-37.73065],[145.00472,-37.72965],[145.00466,-37.73074],[144.98432,-37.72797],[144.98527,-37.72136],[144.97862,-37.72141],[144.97819,-37.72035],[144.97944,-37.71971],[144.97812,-37.71669],[144.98046,-37.71613],[144.98087,-37.7146],[144.97702,-37.71364],[144.97901,-37.71248],[144.9772,-37.71001],[144.97877,-37.708],[144.98083,-37.70735],[144.97849,-37.7048],[144.9825,-37.70323],[144.98107,-37.70115],[144.97944,-37.70029],[144.98063,-37.69779],[144.97866,-37.69709],[144.97872,-37.69432],[144.97723,-37.694],[144.97598,-37.695],[144.97291,-37.69252],[144.9706,-37.69274],[144.97036,-37.69219],[144.97207,-37.69099],[145.04081,-37.69826],[145.04034,-37.69903],[145.03777,-37.69882],[145.03476,-37.7021],[145.03609,-37.70328],[145.03497,-37.7036],[145.03517,-37.70546],[145.0337,-37.70631],[145.03542,-37.70898],[145.03402,-37.71203],[145.03171,-37.71132],[145.02686,-37.71178],[145.02541,-37.71252],[145.02572,-37.71384],[145.02209,-37.71516]]]},"properties":{"state":"VIC","src":"VIC-OpenStats","suburb":"Reservoir (Vic.)","crime_index":76.3,"violent_pct":72.31,"dwelling_pct":72.04,"motor_pct":84.61,"rate_per100k":76.3,"year":"FY 2022-23 & 2023-24 (avg)","crime_band":5}},{"type":"Feature","geometry":{"type":"Polygon","coordinates":[[[144.99662,-37.834],[144.99793,-37.82567],[144.98885,-37.82462],[144.99136,-37.80972],[145.01541,-37.81213],[145.01442,-37.81649],[145.01688,-37.82542],[145.01341,-37.82509],[145.01299,-37.82742],[145.00698,-37.82728],[145.00617,-37.83148],[145.00384,-37.83156],[145.0039,-37.83441],[145.0007,-37.83345],[144.99662,-37.834]]]},"properties":{"state":"VIC","src":"VIC-OpenStats","suburb":"Richmond (Vic.)","crime_index":56.5,"violent_pct":64.54,"dwelling_pct":50.49,"motor_pct":54.44,"rate_per100k":56.5,"year":"FY 2022-23 & 2023-24 (avg)","crime_band":4}},{"type":"Feature","geometry":{"type":"Polygon","coordinates":[[[144.68221,-37.49315],[144.67853,-37.49424],[144.6778,-37.49583],[144.67808,-37.49653],[144.67991,-37.49618],[144.68175,-37.49783],[144.68032,-37.49911],[144.67694,-37.4994],[144.67516,-37.49878],[144.67378,-37.50042],[144.67136,-37.49885],[144.66788,-37.49823],[144.66563,-37.50113],[144.66338,-37.49875],[144.66053,-37.49913],[144.65975,-37.49837],[144.65653,-37.50004],[144.65434,-37.49917],[144.65278,-37.49949],[144.6514,-37.49849],[144.65158,-37.49666],[144.64932,-37.49611],[144.64803,-37.49686],[144.64505,-37.49503],[144.65769,-37.48691],[144.64593,-37.48533],[144.64761,-37.47781],[144.65009,-37.47816],[144.65121,-37.47317],[144.65433,-37.47276],[144.65539,-37.46848],[144.65163,-37.46896],[144.65235,-37.46834],[144.6456,-37.46829],[144.64712,-37.46194],[144.64604,-37.46004],[144.64398,-37.45883],[144.64136,-37.45938],[144.6394,-37.4581],[144.63854,-37.4566],[144.63926,-37.45594],[144.63901,-37.4541],[144.63617,-37.45153],[144.63067,-37.44263],[144.63878,-37.44334],[144.64164,-37.42814],[144.64121,-37.42594],[144.63989,-37.42447],[144.63619,-37.42283],[144.63319,-37.41958],[144.63454,-37.4126],[144.63155,-37.41231],[144.63287,-37.40427],[144.64175,-37.40531],[144.64233,-37.40182],[144.64893,-37.40986],[144.65012,-37.41265],[144.65538,-37.41647],[144.65781,-37.42013],[144.65814,-37.4194],[144.66272,-37.41995],[144.65999,-37.41466],[144.66632,-37.41217],[144.66287,-37.40579],[144.66162,-37.3959],[144.66325,-37.39229],[144.6804,-37.4064],[144.69129,-37.39791],[144.69304,-37.40171],[144.70124,-37.40508],[144.70539,-37.39853],[144.70876,-37.40239],[144.7195,-37.39403],[144.72034,-37.39489],[144.72032,-37.39654],[144.7258,-37.40248],[144.72717,-37.40316],[144.73113,-37.40227],[144.73357,-37.40463],[144.73361,-37.40702],[144.73212,-37.4105],[144.73348,-37.41147],[144.73241,-37.41621],[144.73366,-37.41874],[144.73278,-37.42047],[144.73411,-37.42065],[144.73525,-37.42292],[144.73215,-37.42484],[144.72873,-37.42524],[144.72673,-37.43644],[144.72406,-37.44606],[144.72485,-37.44644],[144.72453,-37.44849],[144.72588,-37.4511],[144.70123,-37.46285],[144.70683,-37.46329],[144.71212,-37.46483],[144.72874,-37.474],[144.72263,-37.48374],[144.7208,-37.48315],[144.71954,-37.48368],[144.71838,-37.48756],[144.71506,-37.48674],[144.7132,-37.48765],[144.71196,-37.48741],[144.71184,-37.4864],[144.71374,-37.4843],[144.71227,-37.48263],[144.70467,-37.48235],[144.70319,-37.48482],[144.70196,-37.48526],[144.70173,-37.48244],[144.70081,-37.48193],[144.69987,-37.48483],[144.6962,-37.48505],[144.69777,-37.48917],[144.69299,-37.48917],[144.69234,-37.48852],[144.69255,-37.48698],[144.69168,-37.48668],[144.68804,-37.49035],[144.68929,-37.49331],[144.68609,-37.49301],[144.68624,-37.49468],[144.68499,-37.49556],[144.68389,-37.49254],[144.68221,-37.49315]]]},"properties":{"state":"VIC","src":"VIC-OpenStats","suburb":"Riddells Creek","crime_index":23.8,"violent_pct":32.45,"dwelling_pct":27.08,"motor_pct":11.75,"rate_per100k":23.8,"year":"FY 2022-23 & 2023-24 (avg)","crime_band":2}},{"type":"Feature","geometry":{"type":"Polygon","coordinates":[[[145.23743,-37.82288],[145.23683,-37.82674],[145.22957,-37.82636],[145.2277,-37.82701],[145.22778,-37.82948],[145.22945,-37.82949],[145.22945,-37.83044],[145.22761,-37.83066],[145.22813,-37.83193],[145.22736,-37.83237],[145.22887,-37.83289],[145.22892,-37.83886],[145.22678,-37.8393],[145.22274,-37.83786],[145.21662,-37.83817],[145.21672,-37.83237],[145.21335,-37.83237],[145.21371,-37.81071],[145.2163,-37.81025],[145.22072,-37.80759],[145.23012,-37.8047],[145.23823,-37.79662],[145.2475,-37.79007],[145.24922,-37.78048],[145.2644,-37.78241],[145.26396,-37.78473],[145.2616,-37.78503],[145.2577,-37.78858],[145.25737,-37.79074],[145.25416,-37.79498],[145.25524,-37.79613],[145.25637,-37.79532],[145.25689,-37.79579],[145.25413,-37.7978],[145.25457,-37.79862],[145.24754,-37.8028],[145.24754,-37.80402],[145.24628,-37.80459],[145.24665,-37.80512],[145.24555,-37.80511],[145.24282,-37.80795],[145.24193,-37.80737],[145.24123,-37.80793],[145.24205,-37.80875],[145.24073,-37.80978],[145.23756,-37.81096],[145.23865,-37.81119],[145.23787,-37.81251],[145.24144,-37.81232],[145.24086,-37.82153],[145.24154,-37.82279],[145.23743,-37.82288]]]},"properties":{"state":"VIC","src":"VIC-OpenStats","suburb":"Ringwood (Vic.)","crime_index":77.0,"violent_pct":88.18,"dwelling_pct":72.23,"motor_pct":70.5,"rate_per100k":77.0,"year":"FY 2022-23 & 2023-24 (avg)","crime_band":5}},{"type":"Feature","geometry":{"type":"Polygon","coordinates":[[[145.25135,-37.80064],[145.25457,-37.79862],[145.25413,-37.7978],[145.25589,-37.79655],[145.26065,-37.80076],[145.26012,-37.80147],[145.2626,-37.80351],[145.26203,-37.80393],[145.26403,-37.80779],[145.25947,-37.80913],[145.26141,-37.80951],[145.26135,-37.81029],[145.25891,-37.81056],[145.25899,-37.81452],[145.26144,-37.81483],[145.26149,-37.81685],[145.26511,-37.81732],[145.26574,-37.81681],[145.26699,-37.81755],[145.26489,-37.82041],[145.26442,-37.82017],[145.26497,-37.82166],[145.2641,-37.82801],[145.2517,-37.82514],[145.24849,-37.8214],[145.24112,-37.81761],[145.24144,-37.81232],[145.23787,-37.81251],[145.23865,-37.81119],[145.23756,-37.81096],[145.24073,-37.80978],[145.24205,-37.80875],[145.24123,-37.80793],[145.24419,-37.80716],[145.24485,-37.80566],[145.24754,-37.80402],[145.24754,-37.8028],[145.25135,-37.80064]]]},"properties":{"state":"VIC","src":"VIC-OpenStats","suburb":"Ringwood East","crime_index":47.6,"violent_pct":62.81,"dwelling_pct":28.55,"motor_pct":51.49,"rate_per100k":47.6,"year":"FY 2022-23 & 2023-24 (avg)","crime_band":3}},{"type":"Feature","geometry":{"type":"Polygon","coordinates":[[[145.23178,-37.77366],[145.23486,-37.77462],[145.23801,-37.77356],[145.23739,-37.77454],[145.23868,-37.77543],[145.23784,-37.77921],[145.24921,-37.78057],[145.2475,-37.79007],[145.23823,-37.79662],[145.23012,-37.8047],[145.22072,-37.80759],[145.2163,-37.81025],[145.21382,-37.81069],[145.21721,-37.79087],[145.22026,-37.79256],[145.22212,-37.7923],[145.22272,-37.78893],[145.2312,-37.79085],[145.23507,-37.79099],[145.23514,-37.78998],[145.23597,-37.79007],[145.23614,-37.78753],[145.23271,-37.78509],[145.23412,-37.78102],[145.23327,-37.78014],[145.23178,-37.77366]]]},"properties":{"state":"VIC","src":"VIC-OpenStats","suburb":"Ringwood North","crime_index":18.1,"violent_pct":10.04,"dwelling_pct":21.05,"motor_pct":23.15,"rate_per100k":18.1,"year":"FY 2022-23 & 2023-24 (avg)","crime_band":1}},{"type":"Feature","geometry":{"type":"Polygon","coordinates":[[[144.35714,-38.11994],[144.36017,-38.12054],[144.35991,-38.1222],[144.3583,-38.12285],[144.35876,-38.12512],[144.35738,-38.12825],[144.35189,-38.1276],[144.35336,-38.11949],[144.35714,-38.11994]]]},"properties":{"state":"VIC","src":"VIC-OpenStats","suburb":"Rippleside","crime_index":82.2,"violent_pct":70.6,"dwelling_pct":96.1,"motor_pct":80,"rate_per100k":82.2,"year":"FY 2022-23 & 2023-24 (avg)","crime_band":6}},{"type":"Feature","geometry":{"type":"Polygon","coordinates":[[[144.99759,-37.87593],[144.99818,-37.876],[144.99675,-37.88349],[144.99116,-37.87451],[144.99447,-37.87435],[144.9951,-37.87562],[144.99759,-37.87593]]]},"properties":{"state":"VIC","src":"VIC-OpenStats","suburb":"Ripponlea","crime_index":73.1,"violent_pct":61.9,"dwelling_pct":71.07,"motor_pct":86.2,"rate_per100k":73.1,"year":"FY 2022-23 & 2023-24 (avg)","crime_band":5}},{"type":"Feature","geometry":{"type":"Polygon","coordinates":[[[144.66427,-37.73116],[144.67091,-37.73498],[144.669,-37.74478],[144.66309,-37.74426],[144.63649,-37.74528],[144.63761,-37.73945],[144.64216,-37.73993],[144.64291,-37.73628],[144.63995,-37.73527],[144.6403,-37.73318],[144.64305,-37.73367],[144.64381,-37.7291],[144.65292,-37.73004],[144.65374,-37.72498],[144.66427,-37.73116]]]},"properties":{"state":"VIC","src":"VIC-OpenStats","suburb":"Rockbank","crime_index":74.9,"violent_pct":73.05,"dwelling_pct":72.67,"motor_pct":79.06,"rate_per100k":74.9,"year":"FY 2022-23 & 2023-24 (avg)","crime_band":5}},{"type":"Feature","geometry":{"type":"Polygon","coordinates":[[[145.07623,-37.73315],[145.07876,-37.73343],[145.07841,-37.73521],[145.07982,-37.7344],[145.08036,-37.735],[145.08072,-37.74016],[145.08382,-37.74334],[145.08064,-37.74239],[145.07925,-37.74996],[145.07871,-37.74989],[145.07899,-37.74834],[145.05878,-37.74643],[145.05784,-37.74732],[145.06085,-37.72971],[145.06956,-37.73024],[145.07225,-37.73102],[145.07193,-37.73323],[145.07526,-37.73262],[145.07533,-37.73173],[145.07649,-37.73184],[145.07623,-37.73315]]]},"properties":{"state":"VIC","src":"VIC-OpenStats","suburb":"Rosanna","crime_index":37.9,"violent_pct":15.8,"dwelling_pct":51.51,"motor_pct":46.39,"rate_per100k":37.9,"year":"FY 2022-23 & 2023-24 (avg)","crime_band":3}},{"type":"Feature","geometry":{"type":"Polygon","coordinates":[[[144.93026,-38.3912],[144.92809,-38.39184],[144.91961,-38.3887],[144.91369,-38.38183],[144.90855,-38.38193],[144.90805,-38.3844],[144.90606,-38.38361],[144.90479,-38.38466],[144.90277,-38.38905],[144.89263,-38.38669],[144.89281,-38.38235],[144.8889,-38.38224],[144.88857,-38.38648],[144.87922,-38.38622],[144.87938,-38.38209],[144.87465,-38.38195],[144.87442,-38.38131],[144.88911,-38.3767],[144.88912,-38.36936],[144.88451,-38.36925],[144.88458,-38.36743],[144.88581,-38.36736],[144.88551,-38.35929],[144.90035,-38.3553],[144.90617,-38.35293],[144.92046,-38.34999],[144.92321,-38.35365],[144.92151,-38.35542],[144.92277,-38.35892],[144.91598,-38.36568],[144.9283,-38.3658],[144.92833,-38.36452],[144.94313,-38.36512],[144.94234,-38.37628],[144.93216,-38.37817],[144.93151,-38.39155],[144.93026,-38.3912]]]},"properties":{"state":"VIC","src":"VIC-OpenStats","suburb":"Rosebud","crime_index":70.8,"violent_pct":83.24,"dwelling_pct":67.99,"motor_pct":61.13,"rate_per100k":70.8,"year":"FY 2022-23 & 2023-24 (avg)","crime_band":5}},{"type":"Feature","geometry":{"type":"Polygon","coordinates":[[[145.24759,-37.9437],[145.23326,-37.94188],[145.23375,-37.94264],[145.2292,-37.95206],[145.22581,-37.94927],[145.22604,-37.94815],[145.22299,-37.94563],[145.22239,-37.94342],[145.21937,-37.94173],[145.22027,-37.94107],[145.21908,-37.9408],[145.2197,-37.94023],[145.21914,-37.93974],[145.22006,-37.93963],[145.22013,-37.93887],[145.21922,-37.9386],[145.21833,-37.93675],[145.21571,-37.93716],[145.21406,-37.93561],[145.21367,-37.93622],[145.2122,-37.93509],[145.2112,-37.9357],[145.21031,-37.93462],[145.21071,-37.93423],[145.20945,-37.93395],[145.21044,-37.93353],[145.20645,-37.9312],[145.20701,-37.93055],[145.20612,-37.92987],[145.20697,-37.92891],[145.2062,-37.92869],[145.20682,-37.92802],[145.20543,-37.92778],[145.20556,-37.92659],[145.20483,-37.92603],[145.20571,-37.92411],[145.20534,-37.92277],[145.21019,-37.92167],[145.21213,-37.91789],[145.21495,-37.91751],[145.21765,-37.9185],[145.22083,-37.91769],[145.22128,-37.91657],[145.22256,-37.91614],[145.22253,-37.9141],[145.22359,-37.91334],[145.22481,-37.91384],[145.22491,-37.91296],[145.22767,-37.9117],[145.22852,-37.90973],[145.23,-37.90956],[145.23046,-37.90823],[145.2343,-37.906],[145.2334,-37.90531],[145.23036,-37.90714],[145.22833,-37.90587],[145.23001,-37.90614],[145.23599,-37.90321],[145.23724,-37.90564],[145.24139,-37.90567],[145.24589,-37.90454],[145.24832,-37.90517],[145.24821,-37.90387],[145.2508,-37.904],[145.25079,-37.90487],[145.25768,-37.90424],[145.26041,-37.90377],[145.261,-37.90273],[145.27305,-37.90024],[145.27429,-37.9015],[145.27464,-37.89968],[145.28098,-37.90053],[145.27972,-37.9037],[145.28155,-37.90529],[145.27242,-37.91328],[145.27006,-37.92336],[145.26525,-37.92838],[145.26903,-37.92928],[145.26572,-37.94589],[145.24759,-37.9437]]]},"properties":{"state":"VIC","src":"VIC-OpenStats","suburb":"Rowville","crime_index":40.7,"violent_pct":35.82,"dwelling_pct":39.54,"motor_pct":46.85,"rate_per100k":40.7,"year":"FY 2022-23 & 2023-24 (avg)","crime_band":3}},{"type":"Feature","geometry":{"type":"Polygon","coordinates":[[[144.93326,-37.61289],[144.9405,-37.61369],[144.93488,-37.64139],[144.91039,-37.63824],[144.91171,-37.63089],[144.91468,-37.62569],[144.91515,-37.62323],[144.91256,-37.61008],[144.93326,-37.61289]]]},"properties":{"state":"VIC","src":"VIC-OpenStats","suburb":"Roxburgh Park","crime_index":39.7,"violent_pct":65.53,"dwelling_pct":17.1,"motor_pct":36.49,"rate_per100k":39.7,"year":"FY 2022-23 & 2023-24 (avg)","crime_band":3}},{"type":"Feature","geometry":{"type":"MultiPolygon","coordinates":[[[[144.78757,-38.39359],[144.78755,-38.39338],[144.78782,-38.39337],[144.78783,-38.39361],[144.78757,-38.39359]]],[[[144.83953,-38.38185],[144.84066,-38.3846],[144.83996,-38.38686],[144.84033,-38.38876],[144.8308,-38.38872],[144.8299,-38.39158],[144.83074,-38.39507],[144.83002,-38.41123],[144.82498,-38.40983],[144.82496,-38.41073],[144.82437,-38.41058],[144.82234,-38.41006],[144.82238,-38.4093],[144.81706,-38.40893],[144.81479,-38.4081],[144.81259,-38.40507],[144.81247,-38.41028],[144.8091,-38.40838],[144.80185,-38.40189],[144.79893,-38.40065],[144.79106,-38.3932],[144.78875,-38.39239],[144.78726,-38.3907],[144.78834,-38.38979],[144.78447,-38.38953],[144.78303,-38.38819],[144.78565,-38.3793],[144.78866,-38.36274],[144.80346,-38.3659],[144.811,-38.36674],[144.81219,-38.36784],[144.81558,-38.36867],[144.82113,-38.36875],[144.82853,-38.37019],[144.83996,-38.37012],[144.84192,-38.37742],[144.84147,-38.37966],[144.83953,-38.38185]]]]},"properties":{"state":"VIC","src":"VIC-OpenStats","suburb":"Rye","crime_index":66.7,"violent_pct":57.79,"dwelling_pct":91.27,"motor_pct":50.93,"rate_per100k":66.7,"year":"FY 2022-23 & 2023-24 (avg)","crime_band":5}},{"type":"Feature","geometry":{"type":"Polygon","coordinates":[[[145.00002,-38.32437],[144.98894,-38.32992],[144.97308,-38.32791],[144.97983,-38.32387],[144.98839,-38.3167],[144.99316,-38.31001],[144.99433,-38.30473],[145.00274,-38.30451],[145.00881,-38.30207],[145.02614,-38.30411],[145.02164,-38.30731],[145.01004,-38.3185],[145.00002,-38.32437]]]},"properties":{"state":"VIC","src":"VIC-OpenStats","suburb":"Safety Beach (Vic.)","crime_index":14.2,"violent_pct":5.71,"dwelling_pct":12.76,"motor_pct":24.24,"rate_per100k":14.2,"year":"FY 2022-23 & 2023-24 (avg)","crime_band":1}},{"type":"Feature","geometry":{"type":"Polygon","coordinates":[[[145.3755,-38.52017],[145.38149,-38.51914],[145.38925,-38.51956],[145.39351,-38.51866],[145.39832,-38.51629],[145.40318,-38.51559],[145.40517,-38.51613],[145.41309,-38.51342],[145.41776,-38.51363],[145.42404,-38.50984],[145.43114,-38.51082],[145.4285,-38.52289],[145.4309,-38.52343],[145.43502,-38.5264],[145.44094,-38.52718],[145.44673,-38.52631],[145.4471,-38.52799],[145.44621,-38.52788],[145.44568,-38.53034],[145.44869,-38.53074],[145.45348,-38.53395],[145.45035,-38.54852],[145.44853,-38.54746],[145.44809,-38.54552],[145.44547,-38.54392],[145.44023,-38.54398],[145.43972,-38.54339],[145.44033,-38.54234],[145.43958,-38.54155],[145.43469,-38.53954],[145.433,-38.54082],[145.43274,-38.53929],[145.43119,-38.53939],[145.42956,-38.53817],[145.42499,-38.53935],[145.42538,-38.53876],[145.424,-38.5388],[145.42461,-38.53765],[145.42369,-38.53647],[145.41786,-38.53783],[145.41657,-38.53735],[145.41304,-38.53803],[145.41229,-38.53741],[145.4101,-38.53841],[145.4089,-38.53684],[145.40743,-38.53758],[145.4035,-38.53758],[145.40259,-38.53661],[145.39646,-38.53678],[145.39313,-38.53564],[145.39075,-38.53576],[145.39016,-38.53651],[145.38475,-38.53555],[145.37989,-38.53575],[145.37877,-38.53714],[145.37632,-38.53795],[145.37511,-38.53696],[145.37293,-38.5368],[145.37163,-38.53563],[145.37022,-38.53158],[145.37086,-38.53035],[145.37032,-38.52728],[145.364,-38.52417],[145.36324,-38.52124],[145.36775,-38.52001],[145.3755,-38.52017]]]},"properties":{"state":"VIC","src":"VIC-OpenStats","suburb":"San Remo (Vic.)","crime_index":22.7,"violent_pct":16.14,"dwelling_pct":50.73,"motor_pct":1.13,"rate_per100k":22.7,"year":"FY 2022-23 & 2023-24 (avg)","crime_band":2}},{"type":"Feature","geometry":{"type":"Polygon","coordinates":[[[145.2022,-38.07738],[145.20309,-38.07318],[145.22147,-38.07549],[145.21839,-38.09018],[145.19256,-38.08712],[145.19378,-38.08081],[145.20128,-38.08175],[145.2022,-38.07738]]]},"properties":{"state":"VIC","src":"VIC-OpenStats","suburb":"Sandhurst","crime_index":35.0,"violent_pct":18.91,"dwelling_pct":53.36,"motor_pct":32.68,"rate_per100k":35.0,"year":"FY 2022-23 & 2023-24 (avg)","crime_band":3}},{"type":"Feature","geometry":{"type":"Polygon","coordinates":[[[145.02586,-37.96292],[145.022,-37.96247],[145.02213,-37.96184],[145.02002,-37.96142],[145.01777,-37.96238],[145.01033,-37.96136],[145.00264,-37.95208],[144.99828,-37.9481],[144.99571,-37.94678],[144.99487,-37.94503],[145.00126,-37.94434],[145.01732,-37.94619],[145.0173,-37.94698],[145.01741,-37.94633],[145.02038,-37.94707],[145.02056,-37.94618],[145.02219,-37.94639],[145.02322,-37.94741],[145.0219,-37.94787],[145.02138,-37.95341],[145.03054,-37.95434],[145.03045,-37.95491],[145.03179,-37.95506],[145.0312,-37.96083],[145.02861,-37.96053],[145.02806,-37.96317],[145.02586,-37.96292]]]},"properties":{"state":"VIC","src":"VIC-OpenStats","suburb":"Sandringham (Vic.)","crime_index":43.3,"violent_pct":31.78,"dwelling_pct":74.04,"motor_pct":24.07,"rate_per100k":43.3,"year":"FY 2022-23 & 2023-24 (avg)","crime_band":3}},{"type":"Feature","geometry":{"type":"Polygon","coordinates":[[[145.23046,-37.90823],[145.23029,-37.9093],[145.22852,-37.90973],[145.22767,-37.9117],[145.22491,-37.91296],[145.22481,-37.91384],[145.22359,-37.91334],[145.22253,-37.9141],[145.22256,-37.91614],[145.22128,-37.91657],[145.22083,-37.91769],[145.21765,-37.9185],[145.21495,-37.91751],[145.21213,-37.91789],[145.21019,-37.92167],[145.20534,-37.92277],[145.20278,-37.91918],[145.20345,-37.91884],[145.20268,-37.91788],[145.20408,-37.91611],[145.20337,-37.91512],[145.20431,-37.91474],[145.20389,-37.91412],[145.205,-37.91404],[145.20454,-37.91299],[145.20558,-37.91224],[145.20484,-37.91076],[145.20587,-37.91055],[145.20463,-37.90603],[145.20521,-37.90533],[145.20404,-37.90482],[145.20436,-37.9036],[145.20337,-37.90331],[145.20406,-37.90234],[145.20454,-37.90281],[145.20735,-37.90155],[145.20687,-37.90061],[145.20835,-37.89903],[145.20729,-37.89867],[145.20689,-37.89662],[145.20176,-37.89548],[145.2001,-37.89238],[145.19917,-37.89209],[145.20028,-37.89138],[145.19844,-37.88926],[145.19717,-37.88928],[145.19716,-37.88841],[145.19614,-37.88823],[145.23297,-37.88903],[145.23298,-37.8877],[145.23987,-37.88777],[145.23987,-37.89798],[145.23308,-37.89905],[145.23599,-37.90321],[145.23001,-37.90614],[145.22833,-37.90587],[145.23036,-37.90714],[145.2334,-37.90531],[145.23427,-37.9058],[145.23046,-37.90823]]]},"properties":{"state":"VIC","src":"VIC-OpenStats","suburb":"Scoresby","crime_index":52.2,"violent_pct":49.83,"dwelling_pct":41.91,"motor_pct":64.86,"rate_per100k":52.2,"year":"FY 2022-23 & 2023-24 (avg)","crime_band":4}},{"type":"Feature","geometry":{"type":"Polygon","coordinates":[[[144.75604,-37.87432],[144.7603,-37.87445],[144.76283,-37.87295],[144.76501,-37.87544],[144.7656,-37.8775],[144.76479,-37.88153],[144.76668,-37.88393],[144.76333,-37.88357],[144.76239,-37.88866],[144.75585,-37.88797],[144.75601,-37.88713],[144.75172,-37.88665],[144.75247,-37.88251],[144.75144,-37.88239],[144.75239,-37.87645],[144.75355,-37.87647],[144.75604,-37.87432]]]},"properties":{"state":"VIC","src":"VIC-OpenStats","suburb":"Seabrook","crime_index":40.4,"violent_pct":48.61,"dwelling_pct":44.27,"motor_pct":28.17,"rate_per100k":40.4,"year":"FY 2022-23 & 2023-24 (avg)","crime_band":3}},{"type":"Feature","geometry":{"type":"Polygon","coordinates":[[[145.13747,-38.12611],[145.13399,-38.12846],[145.13249,-38.12832],[145.13171,-38.13012],[145.1256,-38.12846],[145.12511,-38.13076],[145.12414,-38.12936],[145.12225,-38.1293],[145.12451,-38.10802],[145.12429,-38.09609],[145.12279,-38.08499],[145.12445,-38.08474],[145.12384,-38.08215],[145.12797,-38.08181],[145.13175,-38.08381],[145.13627,-38.08244],[145.13862,-38.08313],[145.14155,-38.08246],[145.14867,-38.0834],[145.14915,-38.09045],[145.14605,-38.09543],[145.15483,-38.09116],[145.15366,-38.09635],[145.16209,-38.10891],[145.13747,-38.12611]]]},"properties":{"state":"VIC","src":"VIC-OpenStats","suburb":"Seaford (Vic.)","crime_index":54.3,"violent_pct":78.3,"dwelling_pct":21.83,"motor_pct":62.9,"rate_per100k":54.3,"year":"FY 2022-23 & 2023-24 (avg)","crime_band":4}},{"type":"Feature","geometry":{"type":"Polygon","coordinates":[[[144.84306,-37.86918],[144.84044,-37.87143],[144.83808,-37.87139],[144.83917,-37.86496],[144.84354,-37.85749],[144.84993,-37.85963],[144.84962,-37.8626],[144.8508,-37.8638],[144.84565,-37.86819],[144.84306,-37.86918]]]},"properties":{"state":"VIC","src":"VIC-OpenStats","suburb":"Seaholme","crime_index":29.8,"violent_pct":40.43,"dwelling_pct":14.62,"motor_pct":34.34,"rate_per100k":29.8,"year":"FY 2022-23 & 2023-24 (avg)","crime_band":2}},{"type":"Feature","geometry":{"type":"Polygon","coordinates":[[[144.89199,-37.80312],[144.89741,-37.80397],[144.89711,-37.80567],[144.90024,-37.80694],[144.89849,-37.81074],[144.89076,-37.80929],[144.88979,-37.8102],[144.88417,-37.8092],[144.88543,-37.80258],[144.89199,-37.80312]]]},"properties":{"state":"VIC","src":"VIC-OpenStats","suburb":"Seddon (Vic.)","crime_index":63.4,"violent_pct":44.94,"dwelling_pct":62.43,"motor_pct":82.89,"rate_per100k":63.4,"year":"FY 2022-23 & 2023-24 (avg)","crime_band":4}},{"type":"Feature","geometry":{"type":"Polygon","coordinates":[[[145.36097,-37.92115],[145.35965,-37.91871],[145.3606,-37.91809],[145.36341,-37.91851],[145.36478,-37.9177],[145.36971,-37.91775],[145.37119,-37.91705],[145.37187,-37.91494],[145.36861,-37.9139],[145.3683,-37.91272],[145.36444,-37.91189],[145.36382,-37.90904],[145.36877,-37.90839],[145.37061,-37.90674],[145.37265,-37.90778],[145.37699,-37.90644],[145.38132,-37.90781],[145.38404,-37.90781],[145.38661,-37.90675],[145.38666,-37.90334],[145.39318,-37.90251],[145.39677,-37.90124],[145.39575,-37.90335],[145.39115,-37.90513],[145.39337,-37.90705],[145.39545,-37.91135],[145.39274,-37.91117],[145.39255,-37.91233],[145.39326,-37.91247],[145.39216,-37.91598],[145.39315,-37.91618],[145.39297,-37.91674],[145.39261,-37.91632],[145.39134,-37.91763],[145.39068,-37.91923],[145.3915,-37.91912],[145.38952,-37.92136],[145.39181,-37.92193],[145.39177,-37.92347],[145.38788,-37.92579],[145.38408,-37.92959],[145.38522,-37.93402],[145.37655,-37.93397],[145.36611,-37.9298],[145.36419,-37.92328],[145.3584,-37.92454],[145.35744,-37.92389],[145.35709,-37.92313],[145.35871,-37.92337],[145.36097,-37.92115]]]},"properties":{"state":"VIC","src":"VIC-OpenStats","suburb":"Selby","crime_index":21.4,"violent_pct":49.89,"dwelling_pct":4.64,"motor_pct":9.65,"rate_per100k":21.4,"year":"FY 2022-23 & 2023-24 (avg)","crime_band":2}},{"type":"Feature","geometry":{"type":"Polygon","coordinates":[[[145.46664,-37.7675],[145.49005,-37.76746],[145.48825,-37.7758],[145.48591,-37.77597],[145.48819,-37.78191],[145.49044,-37.783],[145.4952,-37.791],[145.50038,-37.79184],[145.50752,-37.7917],[145.50774,-37.79712],[145.50549,-37.79944],[145.50467,-37.79934],[145.50387,-37.80574],[145.49881,-37.80811],[145.50328,-37.80911],[145.50539,-37.81187],[145.50683,-37.81211],[145.50681,-37.81223],[145.50533,-37.81247],[145.50507,-37.81358],[145.50052,-37.81185],[145.49568,-37.81385],[145.49359,-37.81547],[145.49341,-37.81703],[145.49132,-37.81774],[145.49033,-37.81965],[145.4893,-37.82],[145.48857,-37.82122],[145.48926,-37.82171],[145.48768,-37.82444],[145.48603,-37.82529],[145.48191,-37.82532],[145.47721,-37.82849],[145.47216,-37.82653],[145.46896,-37.82727],[145.4673,-37.82878],[145.46597,-37.8286],[145.46523,-37.82521],[145.47249,-37.82224],[145.47362,-37.81724],[145.47669,-37.81767],[145.47779,-37.81269],[145.46692,-37.81143],[145.46994,-37.79892],[145.46585,-37.79581],[145.45875,-37.7954],[145.45651,-37.79433],[145.44862,-37.79297],[145.44925,-37.79263],[145.44393,-37.7864],[145.44457,-37.78605],[145.44605,-37.77936],[145.44052,-37.77912],[145.44398,-37.77532],[145.4435,-37.77145],[145.44439,-37.76753],[145.46664,-37.7675]]]},"properties":{"state":"VIC","src":"VIC-OpenStats","suburb":"Seville","crime_index":25.2,"violent_pct":52.23,"dwelling_pct":14.18,"motor_pct":9.34,"rate_per100k":25.2,"year":"FY 2022-23 & 2023-24 (avg)","crime_band":2}},{"type":"Feature","geometry":{"type":"Polygon","coordinates":[[[145.45231,-37.85435],[145.45104,-37.85337],[145.44818,-37.85323],[145.44555,-37.85675],[145.44358,-37.8575],[145.43795,-37.85355],[145.43708,-37.8544],[145.43015,-37.85521],[145.42344,-37.8512],[145.42122,-37.85408],[145.41752,-37.8557],[145.41441,-37.86196],[145.40527,-37.86329],[145.40307,-37.86058],[145.39956,-37.86031],[145.39242,-37.86183],[145.3881,-37.86086],[145.38929,-37.85936],[145.38878,-37.8539],[145.38928,-37.85266],[145.3937,-37.8493],[145.39592,-37.84878],[145.40216,-37.8505],[145.40305,-37.8493],[145.40379,-37.8439],[145.4015,-37.84085],[145.40197,-37.83734],[145.4011,-37.83437],[145.40277,-37.82285],[145.402,-37.82225],[145.40221,-37.81913],[145.4063,-37.81713],[145.40691,-37.81496],[145.40498,-37.80764],[145.40841,-37.80688],[145.40893,-37.80579],[145.41805,-37.80069],[145.42717,-37.81105],[145.43003,-37.8095],[145.43545,-37.81577],[145.43641,-37.81571],[145.44501,-37.82447],[145.45198,-37.82922],[145.45065,-37.83086],[145.46523,-37.82521],[145.46597,-37.8286],[145.4673,-37.82878],[145.46896,-37.82727],[145.47216,-37.82653],[145.47721,-37.82849],[145.48191,-37.82532],[145.48589,-37.8253],[145.48582,-37.82623],[145.4833,-37.82754],[145.4832,-37.82837],[145.484,-37.82795],[145.48472,-37.82858],[145.48183,-37.82992],[145.48308,-37.83071],[145.4812,-37.83195],[145.4815,-37.83404],[145.47964,-37.83445],[145.48034,-37.83537],[145.47834,-37.83571],[145.47895,-37.83717],[145.47773,-37.83749],[145.47899,-37.84072],[145.47853,-37.84158],[145.47933,-37.84202],[145.47902,-37.84341],[145.4802,-37.84454],[145.4795,-37.84604],[145.48054,-37.84875],[145.47934,-37.84925],[145.47995,-37.8502],[145.47893,-37.85004],[145.47838,-37.85168],[145.47698,-37.85073],[145.47542,-37.85177],[145.47551,-37.85313],[145.47404,-37.85316],[145.47477,-37.85411],[145.47317,-37.85543],[145.47326,-37.85693],[145.47139,-37.85666],[145.47043,-37.85739],[145.46958,-37.85578],[145.46891,-37.85602],[145.46796,-37.85322],[145.46197,-37.85629],[145.45782,-37.85628],[145.45635,-37.85739],[145.45403,-37.85615],[145.45345,-37.85457],[145.45231,-37.85435]]]},"properties":{"state":"VIC","src":"VIC-OpenStats","suburb":"Silvan","crime_index":21.6,"violent_pct":36.75,"dwelling_pct":24.21,"motor_pct":3.72,"rate_per100k":21.6,"year":"FY 2022-23 & 2023-24 (avg)","crime_band":2}},{"type":"Feature","geometry":{"type":"Polygon","coordinates":[[[145.23224,-38.11425],[145.22971,-38.12695],[145.22117,-38.12625],[145.21978,-38.13344],[145.21348,-38.13268],[145.21455,-38.12699],[145.18752,-38.1236],[145.18785,-38.12201],[145.18717,-38.12192],[145.18824,-38.11646],[145.19404,-38.11716],[145.19997,-38.08798],[145.21839,-38.09018],[145.22147,-38.07549],[145.23959,-38.07766],[145.23224,-38.11425]]]},"properties":{"state":"VIC","src":"VIC-OpenStats","suburb":"Skye (Vic.)","crime_index":38.0,"violent_pct":47.77,"dwelling_pct":26.28,"motor_pct":40.05,"rate_per100k":38.0,"year":"FY 2022-23 & 2023-24 (avg)","crime_band":3}},{"type":"Feature","geometry":{"type":"Polygon","coordinates":[[[145.18102,-38.38632],[145.18692,-38.38813],[145.19625,-38.39282],[145.19215,-38.40138],[145.18575,-38.39884],[145.17582,-38.3967],[145.16632,-38.39682],[145.15259,-38.39308],[145.14123,-38.39211],[145.13494,-38.39031],[145.13196,-38.39024],[145.13217,-38.38937],[145.13019,-38.38886],[145.12442,-38.38912],[145.12708,-38.37482],[145.12849,-38.3741],[145.14569,-38.37617],[145.14568,-38.36107],[145.15524,-38.36006],[145.16911,-38.3606],[145.18102,-38.38632]]]},"properties":{"state":"VIC","src":"VIC-OpenStats","suburb":"Somers","crime_index":49.8,"violent_pct":8.75,"dwelling_pct":66.96,"motor_pct":73.56,"rate_per100k":49.8,"year":"FY 2022-23 & 2023-24 (avg)","crime_band":4}},{"type":"Feature","geometry":{"type":"Polygon","coordinates":[[[145.21553,-38.25267],[145.20466,-38.25268],[145.19081,-38.2509],[145.16922,-38.25096],[145.16963,-38.24929],[145.15592,-38.24722],[145.15282,-38.25967],[145.14559,-38.25854],[145.15881,-38.20488],[145.16287,-38.20553],[145.1635,-38.20335],[145.17187,-38.20466],[145.17165,-38.20555],[145.17325,-38.20581],[145.17446,-38.20496],[145.1779,-38.20655],[145.18507,-38.20607],[145.18506,-38.20914],[145.18964,-38.20916],[145.18963,-38.21202],[145.22002,-38.21194],[145.22655,-38.21894],[145.22994,-38.22058],[145.25423,-38.2236],[145.25393,-38.22541],[145.25253,-38.22524],[145.25132,-38.22667],[145.25161,-38.22722],[145.25262,-38.22638],[145.25534,-38.22642],[145.25541,-38.22797],[145.25417,-38.22818],[145.25539,-38.23014],[145.25556,-38.23246],[145.25275,-38.2319],[145.25331,-38.23567],[145.25505,-38.23742],[145.25936,-38.23892],[145.25965,-38.24011],[145.26082,-38.24028],[145.26038,-38.24077],[145.26149,-38.24106],[145.26174,-38.24222],[145.26106,-38.24304],[145.2512,-38.24656],[145.25005,-38.24745],[145.25135,-38.24752],[145.25132,-38.24891],[145.24578,-38.24885],[145.24384,-38.25165],[145.23372,-38.2517],[145.23372,-38.25258],[145.21553,-38.25267]]]},"properties":{"state":"VIC","src":"VIC-OpenStats","suburb":"Somerville (Vic.)","crime_index":40.2,"violent_pct":38.42,"dwelling_pct":37.89,"motor_pct":44.24,"rate_per100k":40.2,"year":"FY 2022-23 & 2023-24 (avg)","crime_band":3}},{"type":"Feature","geometry":{"type":"MultiPolygon","coordinates":[[[[144.73403,-38.35252],[144.73413,-38.35229],[144.73436,-38.35224],[144.73422,-38.35245],[144.73403,-38.35252]]],[[[144.73142,-38.35024],[144.73146,-38.35036],[144.73136,-38.35039],[144.73132,-38.35026],[144.73142,-38.35024]]],[[[144.74316,-38.33528],[144.74494,-38.33631],[144.74569,-38.33594],[144.74431,-38.33828],[144.74594,-38.34024],[144.75042,-38.34269],[144.75824,-38.34487],[144.75971,-38.34703],[144.76367,-38.34856],[144.76228,-38.35105],[144.76317,-38.35348],[144.75086,-38.36299],[144.74691,-38.36059],[144.74582,-38.36105],[144.74511,-38.35971],[144.74351,-38.35974],[144.74373,-38.35803],[144.74187,-38.35695],[144.74124,-38.35541],[144.74232,-38.35468],[144.74167,-38.35388],[144.73918,-38.35445],[144.7395,-38.35372],[144.73826,-38.35321],[144.73636,-38.35435],[144.73541,-38.35337],[144.736,-38.35238],[144.73203,-38.3508],[144.73057,-38.34823],[144.72859,-38.34747],[144.72772,-38.34615],[144.72478,-38.34648],[144.72814,-38.342],[144.72557,-38.34089],[144.72689,-38.33396],[144.72236,-38.33275],[144.72278,-38.33068],[144.7235,-38.33078],[144.72405,-38.32967],[144.72641,-38.32997],[144.72731,-38.32826],[144.73019,-38.32864],[144.73092,-38.32506],[144.73364,-38.32724],[144.73836,-38.32447],[144.73912,-38.32475],[144.73888,-38.32653],[144.74,-38.32731],[144.73987,-38.33158],[144.74072,-38.33335],[144.74316,-38.33528]]],[[[144.73608,-38.35453],[144.73601,-38.35441],[144.73611,-38.35427],[144.73627,-38.35436],[144.73608,-38.35453]]],[[[144.73988,-38.35607],[144.73988,-38.35585],[144.74012,-38.35573],[144.74005,-38.35597],[144.73988,-38.35607]]],[[[144.74014,-38.35727],[144.74008,-38.35702],[144.74039,-38.35714],[144.74033,-38.35727],[144.74014,-38.35727]]],[[[144.7403,-38.35853],[144.74019,-38.35844],[144.7403,-38.35834],[144.74038,-38.35845],[144.7403,-38.35853]]],[[[144.74075,-38.35835],[144.74047,-38.35827],[144.7405,-38.3582],[144.74069,-38.35814],[144.74075,-38.35835]]],[[[144.74043,-38.35596],[144.7407,-38.35577],[144.74109,-38.35586],[144.74094,-38.35596],[144.74043,-38.35596]]]]},"properties":{"state":"VIC","src":"VIC-OpenStats","suburb":"Sorrento (Vic.)","crime_index":20.8,"violent_pct":3.29,"dwelling_pct":30.24,"motor_pct":28.83,"rate_per100k":20.8,"year":"FY 2022-23 & 2023-24 (avg)","crime_band":2}},{"type":"Feature","geometry":{"type":"Polygon","coordinates":[[[144.35867,-38.15794],[144.36973,-38.16579],[144.37125,-38.16852],[144.37091,-38.17158],[144.3649,-38.18184],[144.36143,-38.17769],[144.36009,-38.17317],[144.36074,-38.17077],[144.35872,-38.1667],[144.35039,-38.16405],[144.35013,-38.16121],[144.3515,-38.1539],[144.35446,-38.15475],[144.35867,-38.15794]]]},"properties":{"state":"VIC","src":"VIC-OpenStats","suburb":"South Geelong","crime_index":91.6,"violent_pct":85.06,"dwelling_pct":90.22,"motor_pct":99.46,"rate_per100k":91.6,"year":"FY 2022-23 & 2023-24 (avg)","crime_band":6}},{"type":"Feature","geometry":{"type":"Polygon","coordinates":[[[144.8729,-37.82842],[144.87835,-37.83255],[144.88176,-37.83479],[144.86617,-37.83312],[144.86742,-37.82591],[144.86971,-37.82613],[144.8729,-37.82842]]]},"properties":{"state":"VIC","src":"VIC-OpenStats","suburb":"South Kingsville","crime_index":49.0,"violent_pct":16.03,"dwelling_pct":61.44,"motor_pct":69.57,"rate_per100k":49.0,"year":"FY 2022-23 & 2023-24 (avg)","crime_band":3}},{"type":"Feature","geometry":{"type":"Polygon","coordinates":[[[144.96572,-37.83803],[144.95921,-37.84216],[144.95691,-37.83722],[144.95241,-37.83854],[144.95185,-37.83992],[144.94707,-37.84131],[144.94654,-37.841],[144.94976,-37.83409],[144.94081,-37.82634],[144.94145,-37.82578],[144.94703,-37.82662],[144.9496,-37.83016],[144.95277,-37.82822],[144.95408,-37.83107],[144.9628,-37.82857],[144.96585,-37.83147],[144.97042,-37.83015],[144.96963,-37.83088],[144.96986,-37.83187],[144.97022,-37.83272],[144.97161,-37.83232],[144.9717,-37.83425],[144.96956,-37.83652],[144.96572,-37.83803]]]},"properties":{"state":"VIC","src":"VIC-OpenStats","suburb":"South Melbourne","crime_index":95.6,"violent_pct":92.65,"dwelling_pct":95.36,"motor_pct":98.88,"rate_per100k":95.6,"year":"FY 2022-23 & 2023-24 (avg)","crime_band":6}},{"type":"Feature","geometry":{"type":"Polygon","coordinates":[[[145.08582,-37.65273],[145.08814,-37.65122],[145.06849,-37.64956],[145.06611,-37.64867],[145.06389,-37.64349],[145.06275,-37.64365],[145.06414,-37.63882],[145.06379,-37.63731],[145.06036,-37.63291],[145.06062,-37.63143],[145.06288,-37.63119],[145.06372,-37.63028],[145.06452,-37.62634],[145.04243,-37.62433],[145.04497,-37.60982],[145.10851,-37.61711],[145.10969,-37.61837],[145.11322,-37.61609],[145.11625,-37.61771],[145.1165,-37.61892],[145.11564,-37.61969],[145.11747,-37.62209],[145.11922,-37.62265],[145.1199,-37.62078],[145.1233,-37.6213],[145.12161,-37.62488],[145.12244,-37.6267],[145.12016,-37.62627],[145.11861,-37.628],[145.11503,-37.62722],[145.11321,-37.62831],[145.11471,-37.6299],[145.11435,-37.6306],[145.10875,-37.6312],[145.11146,-37.63278],[145.1089,-37.63331],[145.10974,-37.63503],[145.10813,-37.63784],[145.11019,-37.63738],[145.10948,-37.63912],[145.10779,-37.64008],[145.10186,-37.63869],[145.10262,-37.63966],[145.10166,-37.64059],[145.1047,-37.64069],[145.10304,-37.64272],[145.10353,-37.64416],[145.10573,-37.6451],[145.10559,-37.64615],[145.10442,-37.64691],[145.10769,-37.64874],[145.105,-37.64903],[145.10329,-37.65039],[145.10438,-37.65129],[145.10381,-37.65216],[145.10757,-37.6535],[145.10498,-37.65421],[145.10247,-37.6527],[145.10193,-37.65468],[145.10608,-37.65608],[145.1078,-37.65822],[145.1035,-37.65703],[145.10273,-37.65812],[145.1037,-37.66122],[145.102,-37.66144],[145.10068,-37.66283],[145.0979,-37.66251],[145.09638,-37.66481],[145.09526,-37.66406],[145.09577,-37.66217],[145.08517,-37.65603],[145.08557,-37.65569],[145.08367,-37.65407],[145.08582,-37.65273]]]},"properties":{"state":"VIC","src":"VIC-OpenStats","suburb":"South Morang","crime_index":29.1,"violent_pct":43.46,"dwelling_pct":15.62,"motor_pct":28.23,"rate_per100k":29.1,"year":"FY 2022-23 & 2023-24 (avg)","crime_band":2}},{"type":"Feature","geometry":{"type":"Polygon","coordinates":[[[145.00037,-37.83352],[145.0039,-37.83441],[145.00384,-37.83156],[145.00645,-37.83156],[145.00319,-37.84809],[144.98031,-37.84505],[144.97743,-37.83715],[144.97633,-37.83662],[144.97668,-37.83494],[144.9786,-37.83518],[144.97891,-37.83366],[144.98368,-37.83428],[144.98486,-37.82833],[144.98785,-37.83062],[144.98794,-37.82961],[144.99138,-37.83314],[144.99669,-37.83429],[145.00037,-37.83352]]]},"properties":{"state":"VIC","src":"VIC-OpenStats","suburb":"South Yarra","crime_index":86.2,"violent_pct":78.78,"dwelling_pct":91.08,"motor_pct":88.75,"rate_per100k":86.2,"year":"FY 2022-23 & 2023-24 (avg)","crime_band":6}},{"type":"Feature","geometry":{"type":"Polygon","coordinates":[[[144.96139,-37.8205],[144.96826,-37.81921],[144.97116,-37.82564],[144.97133,-37.82988],[144.96585,-37.83147],[144.9628,-37.82857],[144.95408,-37.83107],[144.95277,-37.82822],[144.9496,-37.83016],[144.94699,-37.82733],[144.94703,-37.82662],[144.95311,-37.82755],[144.95698,-37.82518],[144.95599,-37.82304],[144.96139,-37.8205]]]},"properties":{"state":"VIC","src":"VIC-OpenStats","suburb":"Southbank","crime_index":84.6,"violent_pct":89.45,"dwelling_pct":72.61,"motor_pct":91.84,"rate_per100k":84.6,"year":"FY 2022-23 & 2023-24 (avg)","crime_band":6}},{"type":"Feature","geometry":{"type":"Polygon","coordinates":[[[144.87115,-37.82423],[144.8811,-37.82528],[144.8812,-37.82471],[144.88431,-37.8246],[144.88689,-37.82257],[144.88896,-37.82465],[144.89308,-37.82553],[144.89493,-37.82699],[144.89586,-37.82178],[144.90557,-37.82287],[144.89965,-37.82792],[144.89771,-37.83078],[144.89722,-37.83833],[144.89158,-37.83813],[144.89244,-37.83947],[144.8841,-37.83865],[144.8845,-37.83711],[144.88199,-37.83493],[144.867,-37.82463],[144.87115,-37.82423]]]},"properties":{"state":"VIC","src":"VIC-OpenStats","suburb":"Spotswood","crime_index":69.6,"violent_pct":57.11,"dwelling_pct":62.96,"motor_pct":88.69,"rate_per100k":69.6,"year":"FY 2022-23 & 2023-24 (avg)","crime_band":5}},{"type":"Feature","geometry":{"type":"Polygon","coordinates":[[[145.15592,-37.93244],[145.15675,-37.93313],[145.18344,-37.93648],[145.1831,-37.93831],[145.1858,-37.93898],[145.18706,-37.94024],[145.18656,-37.94448],[145.18496,-37.94616],[145.18155,-37.94643],[145.18072,-37.95096],[145.17601,-37.95051],[145.17265,-37.94753],[145.17162,-37.94841],[145.16996,-37.95718],[145.16269,-37.95648],[145.16371,-37.95726],[145.16237,-37.96071],[145.1629,-37.96149],[145.16248,-37.96367],[145.13659,-37.96048],[145.14009,-37.94235],[145.13969,-37.93948],[145.14337,-37.92455],[145.15592,-37.93244]]]},"properties":{"state":"VIC","src":"VIC-OpenStats","suburb":"Springvale (Vic.)","crime_index":24.4,"violent_pct":2.09,"dwelling_pct":54.76,"motor_pct":16.28,"rate_per100k":24.4,"year":"FY 2022-23 & 2023-24 (avg)","crime_band":2}},{"type":"Feature","geometry":{"type":"Polygon","coordinates":[[[145.15037,-37.96216],[145.16099,-37.96348],[145.16071,-37.96489],[145.162,-37.96553],[145.16111,-37.96712],[145.16,-37.9672],[145.16099,-37.96818],[145.16023,-37.96892],[145.16006,-37.96982],[145.16065,-37.9699],[145.15954,-37.97451],[145.16067,-37.97465],[145.16127,-37.97614],[145.15974,-37.97597],[145.15862,-37.9768],[145.1584,-37.97804],[145.15917,-37.97813],[145.15859,-37.98116],[145.15602,-37.98086],[145.15547,-37.98363],[145.14624,-37.98209],[145.14551,-37.98341],[145.14017,-37.97644],[145.13269,-37.96339],[145.1296,-37.96155],[145.13194,-37.95992],[145.15037,-37.96216]]]},"properties":{"state":"VIC","src":"VIC-OpenStats","suburb":"Springvale South","crime_index":53.8,"violent_pct":55.16,"dwelling_pct":47.47,"motor_pct":58.82,"rate_per100k":53.8,"year":"FY 2022-23 & 2023-24 (avg)","crime_band":4}},{"type":"Feature","geometry":{"type":"Polygon","coordinates":[[[144.81529,-37.7297],[144.8291,-37.74608],[144.82775,-37.74755],[144.83063,-37.74789],[144.83166,-37.7496],[144.82948,-37.75081],[144.82911,-37.75234],[144.82216,-37.75773],[144.81866,-37.76332],[144.81193,-37.76849],[144.80628,-37.76819],[144.80491,-37.76502],[144.80078,-37.76339],[144.80122,-37.76082],[144.79926,-37.76053],[144.79752,-37.75852],[144.79472,-37.75822],[144.79739,-37.75655],[144.79246,-37.748],[144.77872,-37.74662],[144.78201,-37.72756],[144.80185,-37.72817],[144.81529,-37.7297]]]},"properties":{"state":"VIC","src":"VIC-OpenStats","suburb":"St Albans (Vic.)","crime_index":82.1,"violent_pct":83.84,"dwelling_pct":76.83,"motor_pct":85.5,"rate_per100k":82.1,"year":"FY 2022-23 & 2023-24 (avg)","crime_band":6}},{"type":"Feature","geometry":{"type":"Polygon","coordinates":[[[144.39818,-38.19707],[144.39751,-38.20077],[144.38622,-38.19948],[144.38583,-38.20162],[144.38512,-38.20159],[144.38377,-38.1963],[144.37999,-38.19303],[144.38235,-38.18027],[144.40086,-38.18248],[144.39818,-38.19707]]]},"properties":{"state":"VIC","src":"VIC-OpenStats","suburb":"St Albans Park","crime_index":33.4,"violent_pct":21.79,"dwelling_pct":50.77,"motor_pct":27.76,"rate_per100k":33.4,"year":"FY 2022-23 & 2023-24 (avg)","crime_band":3}},{"type":"Feature","geometry":{"type":"Polygon","coordinates":[[[145.31226,-37.56366],[145.30521,-37.56782],[145.3109,-37.5685],[145.30976,-37.57438],[145.31452,-37.57496],[145.31281,-37.58395],[145.30756,-37.58332],[145.30637,-37.58213],[145.30501,-37.58204],[145.30365,-37.58529],[145.29903,-37.58409],[145.29646,-37.58442],[145.29529,-37.58878],[145.29735,-37.58839],[145.30498,-37.59054],[145.30544,-37.58681],[145.31207,-37.58733],[145.31189,-37.58864],[145.31867,-37.58942],[145.31775,-37.59457],[145.31892,-37.59313],[145.32475,-37.59315],[145.32166,-37.60761],[145.32658,-37.60799],[145.32644,-37.60911],[145.32403,-37.60973],[145.32166,-37.61201],[145.32082,-37.61114],[145.31675,-37.61367],[145.3121,-37.61177],[145.31143,-37.61502],[145.3126,-37.61556],[145.30674,-37.61737],[145.30574,-37.61909],[145.30306,-37.61999],[145.30172,-37.61669],[145.29671,-37.61753],[145.29593,-37.61556],[145.29385,-37.61589],[145.29314,-37.61311],[145.29389,-37.61257],[145.29359,-37.61101],[145.29095,-37.61099],[145.28996,-37.60997],[145.28775,-37.6109],[145.28571,-37.60928],[145.28596,-37.60807],[145.28431,-37.60585],[145.28233,-37.60678],[145.28226,-37.61061],[145.27523,-37.61068],[145.27011,-37.60801],[145.27069,-37.61054],[145.26903,-37.61299],[145.26786,-37.61355],[145.26418,-37.61234],[145.26461,-37.61672],[145.26288,-37.62009],[145.25657,-37.61614],[145.25599,-37.61678],[145.25124,-37.61421],[145.24287,-37.60829],[145.24389,-37.60688],[145.24331,-37.60622],[145.2455,-37.6061],[145.24613,-37.60434],[145.24704,-37.59932],[145.24496,-37.59791],[145.2482,-37.59477],[145.24876,-37.59204],[145.25119,-37.5921],[145.25109,-37.58389],[145.2528,-37.58369],[145.25508,-37.58531],[145.25686,-37.58559],[145.25789,-37.58472],[145.26179,-37.5842],[145.2584,-37.58145],[145.25763,-37.57741],[145.25493,-37.5755],[145.25577,-37.57088],[145.25922,-37.5712],[145.25704,-37.56894],[145.25615,-37.56517],[145.25275,-37.56434],[145.25348,-37.56332],[145.26191,-37.56416],[145.26305,-37.55802],[145.27067,-37.55892],[145.27141,-37.55463],[145.27657,-37.55456],[145.27651,-37.55266],[145.28766,-37.55244],[145.2876,-37.54887],[145.29354,-37.54875],[145.2947,-37.54742],[145.30096,-37.54651],[145.30626,-37.54464],[145.30497,-37.55022],[145.30714,-37.55028],[145.30818,-37.54821],[145.30952,-37.54743],[145.31852,-37.54844],[145.31971,-37.54167],[145.32087,-37.5418],[145.32102,-37.54099],[145.31609,-37.54042],[145.31651,-37.53735],[145.33267,-37.53916],[145.33084,-37.54942],[145.32561,-37.54885],[145.32324,-37.55416],[145.31644,-37.55917],[145.31324,-37.55996],[145.31301,-37.56104],[145.31011,-37.56298],[145.31226,-37.56366]]]},"properties":{"state":"VIC","src":"VIC-OpenStats","suburb":"St Andrews (Vic.)","crime_index":10.8,"violent_pct":22.37,"dwelling_pct":7.72,"motor_pct":2.4,"rate_per100k":10.8,"year":"FY 2022-23 & 2023-24 (avg)","crime_band":1}},{"type":"Feature","geometry":{"type":"Polygon","coordinates":[[[145.13247,-37.68932],[145.13311,-37.69147],[145.13601,-37.69283],[145.13672,-37.69532],[145.13631,-37.69705],[145.12747,-37.69621],[145.12791,-37.69357],[145.12891,-37.69259],[145.11369,-37.69071],[145.11435,-37.68904],[145.1168,-37.68791],[145.13055,-37.68598],[145.13754,-37.68308],[145.14371,-37.68261],[145.14292,-37.68694],[145.13709,-37.68601],[145.13247,-37.68932]]]},"properties":{"state":"VIC","src":"VIC-OpenStats","suburb":"St Helena","crime_index":12.4,"violent_pct":1.75,"dwelling_pct":27.29,"motor_pct":8.2,"rate_per100k":12.4,"year":"FY 2022-23 & 2023-24 (avg)","crime_band":1}},{"type":"Feature","geometry":{"type":"Polygon","coordinates":[[[144.99063,-37.86684],[144.9911,-37.86753],[144.99018,-37.87208],[144.98755,-37.87029],[144.9861,-37.87094],[144.98598,-37.87181],[144.98071,-37.87306],[144.98045,-37.8738],[144.9775,-37.87439],[144.97757,-37.87506],[144.97451,-37.87626],[144.97429,-37.8735],[144.97312,-37.87247],[144.97548,-37.8716],[144.97561,-37.87025],[144.96969,-37.86458],[144.97227,-37.8629],[144.97262,-37.86117],[144.97318,-37.86157],[144.9767,-37.85932],[144.97654,-37.85831],[144.97066,-37.85354],[144.97431,-37.85218],[144.97592,-37.85388],[144.97905,-37.85275],[144.97987,-37.85431],[144.98167,-37.85532],[144.98258,-37.85551],[144.98221,-37.8545],[144.9835,-37.85467],[144.98333,-37.85564],[144.9899,-37.85653],[144.99328,-37.85789],[144.99263,-37.86158],[144.99161,-37.86145],[144.99197,-37.86435],[144.99111,-37.86424],[144.99142,-37.86578],[144.99063,-37.86684]]]},"properties":{"state":"VIC","src":"VIC-OpenStats","suburb":"St Kilda (Vic.)","crime_index":95.0,"violent_pct":95.25,"dwelling_pct":93.16,"motor_pct":96.71,"rate_per100k":95.0,"year":"FY 2022-23 & 2023-24 (avg)","crime_band":6}},{"type":"Feature","geometry":{"type":"Polygon","coordinates":[[[145.00064,-37.85889],[145.01053,-37.86021],[145.00718,-37.87804],[144.99801,-37.8769],[145.00004,-37.86644],[144.99092,-37.86531],[144.99111,-37.86424],[144.99197,-37.86435],[144.99161,-37.86145],[144.99263,-37.86158],[144.99328,-37.85789],[145.00064,-37.85889]]]},"properties":{"state":"VIC","src":"VIC-OpenStats","suburb":"St Kilda East","crime_index":66.5,"violent_pct":38.21,"dwelling_pct":75.76,"motor_pct":85.62,"rate_per100k":66.5,"year":"FY 2022-23 & 2023-24 (avg)","crime_band":4}},{"type":"Feature","geometry":{"type":"Polygon","coordinates":[[[144.97018,-37.85372],[144.97523,-37.85706],[144.9767,-37.85932],[144.97318,-37.86157],[144.97262,-37.86117],[144.97269,-37.86234],[144.97112,-37.86333],[144.97031,-37.86077],[144.96569,-37.85749],[144.96828,-37.85438],[144.97018,-37.85372]]]},"properties":{"state":"VIC","src":"VIC-OpenStats","suburb":"St Kilda West","crime_index":71.5,"violent_pct":61.35,"dwelling_pct":66.03,"motor_pct":87.24,"rate_per100k":71.5,"year":"FY 2022-23 & 2023-24 (avg)","crime_band":5}},{"type":"Feature","geometry":{"type":"Polygon","coordinates":[[[144.71134,-38.19312],[144.71062,-38.19783],[144.70638,-38.21021],[144.7004,-38.21985],[144.70034,-38.218],[144.70188,-38.21589],[144.69904,-38.21792],[144.69874,-38.21902],[144.69656,-38.21979],[144.69571,-38.21961],[144.69851,-38.21717],[144.69541,-38.21807],[144.694,-38.21704],[144.69965,-38.21347],[144.70166,-38.20916],[144.70175,-38.20588],[144.70346,-38.20174],[144.70173,-38.19962],[144.69846,-38.20005],[144.69686,-38.19898],[144.69755,-38.19657],[144.69539,-38.19481],[144.69308,-38.19442],[144.68439,-38.19858],[144.68129,-38.20118],[144.64091,-38.19631],[144.64645,-38.16742],[144.68275,-38.17175],[144.68982,-38.13526],[144.70309,-38.1371],[144.70257,-38.13888],[144.70037,-38.14106],[144.70066,-38.1443],[144.70688,-38.14508],[144.70615,-38.14884],[144.71701,-38.15021],[144.71603,-38.16187],[144.71962,-38.17146],[144.71964,-38.17324],[144.716,-38.179],[144.71134,-38.19312]]]},"properties":{"state":"VIC","src":"VIC-OpenStats","suburb":"St Leonards (Vic.)","crime_index":32.3,"violent_pct":38.07,"dwelling_pct":53.17,"motor_pct":5.71,"rate_per100k":32.3,"year":"FY 2022-23 & 2023-24 (avg)","crime_band":3}},{"type":"Feature","geometry":{"type":"Polygon","coordinates":[[[144.90493,-37.72102],[144.90174,-37.71922],[144.90232,-37.71668],[144.90348,-37.71692],[144.90442,-37.71573],[144.90562,-37.71724],[144.90789,-37.71699],[144.91021,-37.71789],[144.91061,-37.71889],[144.90929,-37.71957],[144.9106,-37.72191],[144.91127,-37.72092],[144.91247,-37.72091],[144.91459,-37.72381],[144.91694,-37.72364],[144.92125,-37.72618],[144.92255,-37.72882],[144.92442,-37.72877],[144.92546,-37.73007],[144.92432,-37.73239],[144.92825,-37.73479],[144.92886,-37.7375],[144.92997,-37.73817],[144.93012,-37.74017],[144.93166,-37.74216],[144.9335,-37.74243],[144.93465,-37.74423],[144.90821,-37.7413],[144.90445,-37.73509],[144.91203,-37.73272],[144.91769,-37.73223],[144.91675,-37.73219],[144.91703,-37.73069],[144.91595,-37.72983],[144.91249,-37.72825],[144.91294,-37.72571],[144.90514,-37.72308],[144.90493,-37.72102]]]},"properties":{"state":"VIC","src":"VIC-OpenStats","suburb":"Strathmore (Vic.)","crime_index":40.4,"violent_pct":12.14,"dwelling_pct":45.47,"motor_pct":63.52,"rate_per100k":40.4,"year":"FY 2022-23 & 2023-24 (avg)","crime_band":3}},{"type":"Feature","geometry":{"type":"Polygon","coordinates":[[[144.89384,-37.70961],[144.89822,-37.70918],[144.903,-37.71442],[144.90174,-37.71922],[144.89852,-37.7184],[144.89618,-37.71586],[144.89652,-37.71391],[144.89005,-37.71314],[144.88846,-37.71098],[144.89384,-37.70961]]]},"properties":{"state":"VIC","src":"VIC-OpenStats","suburb":"Strathmore Heights","crime_index":61.2,"violent_pct":41.14,"dwelling_pct":73.59,"motor_pct":68.87,"rate_per100k":61.2,"year":"FY 2022-23 & 2023-24 (avg)","crime_band":4}},{"type":"Feature","geometry":{"type":"Polygon","coordinates":[[[144.59313,-37.71569],[144.59998,-37.71647],[144.60087,-37.71153],[144.60941,-37.71434],[144.6081,-37.72164],[144.61052,-37.72192],[144.61175,-37.71511],[144.6185,-37.71733],[144.61227,-37.75167],[144.57546,-37.74807],[144.57566,-37.7464],[144.57915,-37.74627],[144.57909,-37.74504],[144.58029,-37.74365],[144.57907,-37.74207],[144.58369,-37.73879],[144.5812,-37.73651],[144.57894,-37.73758],[144.57908,-37.73491],[144.57698,-37.73363],[144.57873,-37.73193],[144.57742,-37.73023],[144.57944,-37.72905],[144.57887,-37.72739],[144.58067,-37.72727],[144.57931,-37.72581],[144.58176,-37.72469],[144.58253,-37.72321],[144.58282,-37.72138],[144.58207,-37.72069],[144.58308,-37.71837],[144.58168,-37.71841],[144.58187,-37.71723],[144.58051,-37.71612],[144.58201,-37.71605],[144.58268,-37.71494],[144.58397,-37.71466],[144.59313,-37.71569]]]},"properties":{"state":"VIC","src":"VIC-OpenStats","suburb":"Strathtulloh","crime_index":53.8,"violent_pct":69.57,"dwelling_pct":52.72,"motor_pct":39.12,"rate_per100k":53.8,"year":"FY 2022-23 & 2023-24 (avg)","crime_band":4}},{"type":"Feature","geometry":{"type":"Polygon","coordinates":[[[144.71079,-37.48236],[144.71369,-37.48392],[144.71184,-37.4864],[144.71229,-37.48762],[144.71506,-37.48674],[144.71883,-37.48735],[144.71954,-37.48368],[144.7208,-37.48315],[144.72618,-37.48652],[144.73253,-37.48732],[144.73583,-37.49156],[144.73952,-37.49384],[144.74057,-37.49317],[144.73906,-37.48969],[144.74014,-37.48927],[144.74546,-37.49214],[144.74587,-37.49388],[144.75022,-37.49658],[144.75195,-37.497],[144.75754,-37.49483],[144.75977,-37.50159],[144.761,-37.50173],[144.76043,-37.49951],[144.76279,-37.49955],[144.76627,-37.50264],[144.76628,-37.50513],[144.76997,-37.50663],[144.76834,-37.5089],[144.77021,-37.51555],[144.76825,-37.51731],[144.7701,-37.5204],[144.76757,-37.52174],[144.76926,-37.52287],[144.77009,-37.52579],[144.77269,-37.52662],[144.77117,-37.52823],[144.77164,-37.52976],[144.77677,-37.53017],[144.7755,-37.5342],[144.7771,-37.53588],[144.77559,-37.53658],[144.77862,-37.53838],[144.77609,-37.54109],[144.77933,-37.54196],[144.77683,-37.54475],[144.77812,-37.54657],[144.77564,-37.54639],[144.77556,-37.5475],[144.77389,-37.54729],[144.77463,-37.55148],[144.77319,-37.55285],[144.77141,-37.55237],[144.77032,-37.55289],[144.77117,-37.55426],[144.77032,-37.55793],[144.77181,-37.55809],[144.77331,-37.5614],[144.77197,-37.56305],[144.76976,-37.56277],[144.76914,-37.56648],[144.77283,-37.56617],[144.77591,-37.56723],[144.7774,-37.5696],[144.77714,-37.57238],[144.77539,-37.57424],[144.77431,-37.57737],[144.77203,-37.57906],[144.77404,-37.58031],[144.77385,-37.58222],[144.76995,-37.58398],[144.76013,-37.58261],[144.75997,-37.5986],[144.76962,-37.60657],[144.77573,-37.61032],[144.7805,-37.61512],[144.77973,-37.61839],[144.77716,-37.62085],[144.77625,-37.62316],[144.76978,-37.62474],[144.76903,-37.62403],[144.77025,-37.62254],[144.76998,-37.62129],[144.7638,-37.62278],[144.75755,-37.61867],[144.75622,-37.61904],[144.75487,-37.62138],[144.7517,-37.62138],[144.75171,-37.61679],[144.74847,-37.6187],[144.70952,-37.61421],[144.69972,-37.60406],[144.69132,-37.59364],[144.68174,-37.57957],[144.66449,-37.55912],[144.6561,-37.55287],[144.64806,-37.54289],[144.64125,-37.53829],[144.63242,-37.53011],[144.63806,-37.49949],[144.64503,-37.49503],[144.64803,-37.49686],[144.64909,-37.49613],[144.65128,-37.49651],[144.6516,-37.49883],[144.65525,-37.4999],[144.65653,-37.50004],[144.65975,-37.49837],[144.66053,-37.49913],[144.66338,-37.49875],[144.66582,-37.50111],[144.66788,-37.49823],[144.67136,-37.49885],[144.67378,-37.50042],[144.67516,-37.49878],[144.67886,-37.49952],[144.68175,-37.49783],[144.67991,-37.49618],[144.67788,-37.49647],[144.67835,-37.49439],[144.68367,-37.49249],[144.68499,-37.49556],[144.68624,-37.49468],[144.68609,-37.49301],[144.68929,-37.49331],[144.68804,-37.49035],[144.69168,-37.48668],[144.69255,-37.48698],[144.69234,-37.48852],[144.69299,-37.48917],[144.69753,-37.48925],[144.6978,-37.48825],[144.69654,-37.48719],[144.6962,-37.48505],[144.69987,-37.48483],[144.70081,-37.48193],[144.70173,-37.48244],[144.70196,-37.48526],[144.70319,-37.48482],[144.70467,-37.48235],[144.71079,-37.48236]]]},"properties":{"state":"VIC","src":"VIC-OpenStats","suburb":"Sunbury","crime_index":44.3,"violent_pct":70.21,"dwelling_pct":26.81,"motor_pct":35.83,"rate_per100k":44.3,"year":"FY 2022-23 & 2023-24 (avg)","crime_band":3}},{"type":"Feature","geometry":{"type":"Polygon","coordinates":[[[144.83923,-37.79692],[144.84371,-37.80286],[144.83858,-37.80226],[144.83297,-37.80292],[144.83207,-37.80122],[144.83038,-37.8012],[144.82989,-37.80041],[144.83003,-37.79938],[144.8326,-37.7986],[144.8307,-37.79696],[144.82732,-37.7992],[144.82201,-37.80129],[144.82084,-37.79893],[144.82244,-37.79756],[144.82163,-37.79739],[144.82169,-37.79578],[144.82329,-37.79389],[144.82613,-37.79344],[144.82492,-37.79116],[144.82569,-37.79041],[144.8255,-37.7881],[144.82423,-37.7861],[144.82083,-37.78715],[144.81699,-37.78664],[144.81491,-37.78464],[144.81536,-37.78411],[144.82734,-37.78536],[144.82792,-37.78183],[144.82402,-37.7766],[144.84717,-37.77906],[144.8448,-37.79354],[144.84392,-37.7951],[144.84181,-37.79633],[144.84252,-37.7973],[144.83923,-37.79692]]]},"properties":{"state":"VIC","src":"VIC-OpenStats","suburb":"Sunshine (Vic.)","crime_index":94.5,"violent_pct":96.45,"dwelling_pct":88.43,"motor_pct":98.65,"rate_per100k":94.5,"year":"FY 2022-23 & 2023-24 (avg)","crime_band":6}},{"type":"Feature","geometry":{"type":"Polygon","coordinates":[[[144.83351,-37.75065],[144.83929,-37.74662],[144.8408,-37.74744],[144.84507,-37.74658],[144.84686,-37.74805],[144.8496,-37.75459],[144.84835,-37.75906],[144.84866,-37.76046],[144.85386,-37.76242],[144.8541,-37.76537],[144.85122,-37.76844],[144.85075,-37.77342],[144.84822,-37.7731],[144.84717,-37.77906],[144.82402,-37.7766],[144.8159,-37.76588],[144.81866,-37.76332],[144.82216,-37.75773],[144.82911,-37.75234],[144.82948,-37.75081],[144.83166,-37.7496],[144.83351,-37.75065]]]},"properties":{"state":"VIC","src":"VIC-OpenStats","suburb":"Sunshine North","crime_index":82.7,"violent_pct":74.61,"dwelling_pct":78.01,"motor_pct":95.54,"rate_per100k":82.7,"year":"FY 2022-23 & 2023-24 (avg)","crime_band":6}},{"type":"Feature","geometry":{"type":"Polygon","coordinates":[[[144.8056,-37.80297],[144.80701,-37.80279],[144.80226,-37.80062],[144.78921,-37.8002],[144.78974,-37.79588],[144.78806,-37.79543],[144.78784,-37.79222],[144.78856,-37.78808],[144.7903,-37.78435],[144.78914,-37.78424],[144.79061,-37.78152],[144.81536,-37.78411],[144.81527,-37.78542],[144.81699,-37.78664],[144.82083,-37.78715],[144.8243,-37.78613],[144.82576,-37.78899],[144.82492,-37.79116],[144.82616,-37.79334],[144.82329,-37.79389],[144.82169,-37.79578],[144.82163,-37.79739],[144.82244,-37.79756],[144.82088,-37.79876],[144.82145,-37.80052],[144.82246,-37.80128],[144.8307,-37.79696],[144.8326,-37.7986],[144.82984,-37.79954],[144.83011,-37.80093],[144.83225,-37.80139],[144.83477,-37.80597],[144.83077,-37.81038],[144.82835,-37.81187],[144.82882,-37.8155],[144.82677,-37.81689],[144.80909,-37.81541],[144.80832,-37.81042],[144.80685,-37.80939],[144.80664,-37.80446],[144.8056,-37.80297]]]},"properties":{"state":"VIC","src":"VIC-OpenStats","suburb":"Sunshine West","crime_index":71.4,"violent_pct":72.63,"dwelling_pct":62.7,"motor_pct":78.92,"rate_per100k":71.4,"year":"FY 2022-23 & 2023-24 (avg)","crime_band":5}},{"type":"Feature","geometry":{"type":"Polygon","coordinates":[[[145.28059,-38.50422],[145.28169,-38.50294],[145.30008,-38.51221],[145.30405,-38.5133],[145.30292,-38.5163],[145.29856,-38.51556],[145.29659,-38.5136],[145.29271,-38.51289],[145.28565,-38.50987],[145.27677,-38.50887],[145.28059,-38.50422]]]},"properties":{"state":"VIC","src":"VIC-OpenStats","suburb":"Surf Beach (Vic.)","crime_index":54.4,"violent_pct":43.6,"dwelling_pct":73.71,"motor_pct":45.97,"rate_per100k":54.4,"year":"FY 2022-23 & 2023-24 (avg)","crime_band":4}},{"type":"Feature","geometry":{"type":"Polygon","coordinates":[[[145.09949,-37.81451],[145.10216,-37.81486],[145.10008,-37.82386],[145.10278,-37.82317],[145.11349,-37.82492],[145.11112,-37.83765],[145.09821,-37.83596],[145.09381,-37.83609],[145.09392,-37.83547],[145.09165,-37.83521],[145.09174,-37.83464],[145.08566,-37.83409],[145.08765,-37.82529],[145.08665,-37.82517],[145.08623,-37.82375],[145.0885,-37.81369],[145.09067,-37.81395],[145.09197,-37.81288],[145.09299,-37.81382],[145.09949,-37.81451]]]},"properties":{"state":"VIC","src":"VIC-OpenStats","suburb":"Surrey Hills","crime_index":46.3,"violent_pct":5.55,"dwelling_pct":74.48,"motor_pct":58.77,"rate_per100k":46.3,"year":"FY 2022-23 & 2023-24 (avg)","crime_band":3}},{"type":"Feature","geometry":{"type":"Polygon","coordinates":[[[144.75756,-37.68548],[144.75836,-37.68092],[144.7818,-37.71129],[144.76055,-37.70885],[144.76096,-37.70672],[144.75651,-37.70618],[144.75546,-37.69852],[144.75756,-37.68548]]]},"properties":{"state":"VIC","src":"VIC-OpenStats","suburb":"Sydenham (Vic.)","crime_index":47.3,"violent_pct":57.16,"dwelling_pct":38.74,"motor_pct":46.07,"rate_per100k":47.3,"year":"FY 2022-23 & 2023-24 (avg)","crime_band":3}},{"type":"Feature","geometry":{"type":"Polygon","coordinates":[[[144.66529,-37.87073],[144.66511,-37.87181],[144.66272,-37.87156],[144.66279,-37.87105],[144.65086,-37.87034],[144.65362,-37.8688],[144.65336,-37.86768],[144.65217,-37.86749],[144.6469,-37.87047],[144.64627,-37.86981],[144.64686,-37.86625],[144.64381,-37.86673],[144.63859,-37.86558],[144.63681,-37.86756],[144.63548,-37.86764],[144.63348,-37.86423],[144.62994,-37.86112],[144.62684,-37.86125],[144.62365,-37.86009],[144.62273,-37.85826],[144.62515,-37.8574],[144.62538,-37.85557],[144.62426,-37.85529],[144.62364,-37.85226],[144.62182,-37.85128],[144.62023,-37.85196],[144.61906,-37.8515],[144.61875,-37.84869],[144.61692,-37.84683],[144.61788,-37.84297],[144.61468,-37.84208],[144.61783,-37.8259],[144.65402,-37.82981],[144.65946,-37.80093],[144.70853,-37.80677],[144.71227,-37.81161],[144.70849,-37.81349],[144.70605,-37.81655],[144.70661,-37.81926],[144.70479,-37.81963],[144.70407,-37.82116],[144.70491,-37.82402],[144.70316,-37.8271],[144.70508,-37.8285],[144.70267,-37.83499],[144.70467,-37.83986],[144.70696,-37.8407],[144.70566,-37.84336],[144.70617,-37.84453],[144.71142,-37.84474],[144.71363,-37.84658],[144.71331,-37.85125],[144.66947,-37.84636],[144.66529,-37.87073]]]},"properties":{"state":"VIC","src":"VIC-OpenStats","suburb":"Tarneit","crime_index":47.4,"violent_pct":57.51,"dwelling_pct":33.7,"motor_pct":51.1,"rate_per100k":47.4,"year":"FY 2022-23 & 2023-24 (avg)","crime_band":3}},{"type":"Feature","geometry":{"type":"Polygon","coordinates":[[[144.75308,-37.70577],[144.76096,-37.70672],[144.76055,-37.70885],[144.76816,-37.70972],[144.76405,-37.72554],[144.73838,-37.72244],[144.74184,-37.70441],[144.75308,-37.70577]]]},"properties":{"state":"VIC","src":"VIC-OpenStats","suburb":"Taylors Hill","crime_index":15.7,"violent_pct":20.56,"dwelling_pct":5.2,"motor_pct":21.21,"rate_per100k":15.7,"year":"FY 2022-23 & 2023-24 (avg)","crime_band":1}},{"type":"Feature","geometry":{"type":"Polygon","coordinates":[[[144.79112,-37.69852],[144.79095,-37.69946],[144.80194,-37.70185],[144.8017,-37.70443],[144.80662,-37.70435],[144.81289,-37.71026],[144.81081,-37.71053],[144.81094,-37.71417],[144.7818,-37.71129],[144.76504,-37.68946],[144.77515,-37.67909],[144.79751,-37.69294],[144.79112,-37.69852]]]},"properties":{"state":"VIC","src":"VIC-OpenStats","suburb":"Taylors Lakes","crime_index":50.8,"violent_pct":60.55,"dwelling_pct":26.43,"motor_pct":65.28,"rate_per100k":50.8,"year":"FY 2022-23 & 2023-24 (avg)","crime_band":4}},{"type":"Feature","geometry":{"type":"Polygon","coordinates":[[[145.34779,-37.90744],[145.34741,-37.9091],[145.34313,-37.9111],[145.34272,-37.91208],[145.34404,-37.9132],[145.34004,-37.91722],[145.34172,-37.91849],[145.34004,-37.91859],[145.33887,-37.91926],[145.33914,-37.92019],[145.33837,-37.92089],[145.33651,-37.92132],[145.33583,-37.92378],[145.33182,-37.9238],[145.33514,-37.92048],[145.33739,-37.91946],[145.33701,-37.91829],[145.3395,-37.91585],[145.3405,-37.91363],[145.34049,-37.90842],[145.33783,-37.9061],[145.33864,-37.9054],[145.3405,-37.90582],[145.33906,-37.90336],[145.34143,-37.90275],[145.34273,-37.89924],[145.34173,-37.89901],[145.34202,-37.89742],[145.3415,-37.8973],[145.34284,-37.89493],[145.34388,-37.89517],[145.34295,-37.8902],[145.34551,-37.88976],[145.3471,-37.89413],[145.35065,-37.89603],[145.35131,-37.89832],[145.35182,-37.90196],[145.3494,-37.90142],[145.34867,-37.90346],[145.34987,-37.90373],[145.34954,-37.90538],[145.34847,-37.9076],[145.34779,-37.90744]]]},"properties":{"state":"VIC","src":"VIC-OpenStats","suburb":"Tecoma","crime_index":42.4,"violent_pct":58.06,"dwelling_pct":40.02,"motor_pct":29.22,"rate_per100k":42.4,"year":"FY 2022-23 & 2023-24 (avg)","crime_band":3}},{"type":"Feature","geometry":{"type":"Polygon","coordinates":[[[145.16602,-37.76648],[145.16445,-37.77522],[145.14619,-37.77309],[145.14513,-37.77857],[145.14331,-37.77726],[145.13957,-37.77678],[145.13536,-37.77313],[145.13534,-37.77117],[145.13618,-37.77009],[145.13254,-37.76707],[145.12734,-37.76619],[145.12654,-37.76184],[145.12472,-37.76047],[145.12467,-37.75862],[145.12272,-37.75832],[145.12312,-37.75719],[145.1218,-37.75705],[145.122,-37.75598],[145.11894,-37.75565],[145.11849,-37.75381],[145.11956,-37.75292],[145.12108,-37.75298],[145.12261,-37.74919],[145.1242,-37.75064],[145.12611,-37.7509],[145.12316,-37.74755],[145.12105,-37.74851],[145.12027,-37.74809],[145.11993,-37.74491],[145.12167,-37.74137],[145.12298,-37.74041],[145.12541,-37.74017],[145.1336,-37.7427],[145.13658,-37.74046],[145.13774,-37.73826],[145.14293,-37.73891],[145.14844,-37.73721],[145.14998,-37.73841],[145.15152,-37.73586],[145.15461,-37.73398],[145.16243,-37.73772],[145.16502,-37.73425],[145.17635,-37.73501],[145.1769,-37.73824],[145.17772,-37.7384],[145.17554,-37.74997],[145.17315,-37.74929],[145.1726,-37.7467],[145.16991,-37.74599],[145.16602,-37.76648]]]},"properties":{"state":"VIC","src":"VIC-OpenStats","suburb":"Templestowe","crime_index":40.0,"violent_pct":16.74,"dwelling_pct":77.72,"motor_pct":25.61,"rate_per100k":40.0,"year":"FY 2022-23 & 2023-24 (avg)","crime_band":3}},{"type":"Feature","geometry":{"type":"Polygon","coordinates":[[[145.12857,-37.77147],[145.12323,-37.77958],[145.11937,-37.7763],[145.11981,-37.77392],[145.11778,-37.77368],[145.11736,-37.77576],[145.11345,-37.77361],[145.11122,-37.7733],[145.11104,-37.77427],[145.10916,-37.77405],[145.10934,-37.77304],[145.10184,-37.772],[145.09912,-37.77051],[145.10041,-37.76949],[145.10122,-37.76302],[145.09818,-37.76222],[145.09553,-37.759],[145.09335,-37.75838],[145.09348,-37.75301],[145.09555,-37.74929],[145.09826,-37.74902],[145.10179,-37.75246],[145.10968,-37.75543],[145.11323,-37.75511],[145.11508,-37.75312],[145.12115,-37.7523],[145.12108,-37.75298],[145.11956,-37.75292],[145.11849,-37.75381],[145.11894,-37.75565],[145.122,-37.75598],[145.1218,-37.75705],[145.12312,-37.75719],[145.12272,-37.75832],[145.12467,-37.75862],[145.12472,-37.76047],[145.12654,-37.76184],[145.12734,-37.76619],[145.13147,-37.76725],[145.12857,-37.77147]]]},"properties":{"state":"VIC","src":"VIC-OpenStats","suburb":"Templestowe Lower","crime_index":38.6,"violent_pct":25.84,"dwelling_pct":60.54,"motor_pct":29.39,"rate_per100k":38.6,"year":"FY 2022-23 & 2023-24 (avg)","crime_band":3}},{"type":"Feature","geometry":{"type":"Polygon","coordinates":[[[145.30702,-37.84997],[145.31778,-37.84485],[145.33283,-37.84742],[145.33213,-37.85101],[145.33616,-37.85104],[145.33849,-37.85234],[145.33779,-37.85317],[145.34125,-37.85376],[145.34352,-37.85576],[145.34308,-37.85653],[145.34758,-37.85861],[145.34763,-37.8594],[145.34578,-37.85918],[145.34347,-37.86232],[145.34113,-37.86098],[145.34052,-37.85919],[145.33946,-37.85857],[145.34045,-37.85715],[145.33663,-37.85617],[145.33417,-37.85797],[145.33578,-37.85978],[145.33599,-37.86312],[145.33319,-37.86155],[145.33177,-37.86283],[145.3295,-37.86316],[145.32674,-37.86645],[145.32464,-37.86581],[145.32422,-37.86705],[145.32445,-37.86579],[145.31672,-37.86485],[145.31646,-37.8627],[145.31348,-37.86329],[145.31357,-37.86447],[145.30612,-37.86355],[145.30744,-37.86136],[145.30671,-37.86063],[145.30394,-37.86088],[145.30334,-37.86027],[145.30522,-37.85913],[145.29888,-37.85284],[145.30236,-37.85066],[145.30702,-37.84997]]]},"properties":{"state":"VIC","src":"VIC-OpenStats","suburb":"The Basin (Vic.)","crime_index":46.2,"violent_pct":61.06,"dwelling_pct":51.34,"motor_pct":26.26,"rate_per100k":46.2,"year":"FY 2022-23 & 2023-24 (avg)","crime_band":3}},{"type":"Feature","geometry":{"type":"Polygon","coordinates":[[[145.38867,-37.88302],[145.39188,-37.88207],[145.40312,-37.88309],[145.40569,-37.8812],[145.40795,-37.88316],[145.4063,-37.88419],[145.40626,-37.88949],[145.41132,-37.88895],[145.42006,-37.89707],[145.42375,-37.89665],[145.42416,-37.89582],[145.42335,-37.8946],[145.425,-37.89589],[145.4247,-37.89673],[145.42166,-37.89915],[145.41864,-37.89887],[145.41759,-37.90044],[145.41408,-37.89948],[145.41146,-37.90123],[145.40828,-37.89926],[145.40821,-37.89828],[145.4046,-37.90069],[145.40336,-37.89959],[145.39983,-37.90121],[145.39796,-37.90102],[145.39375,-37.89886],[145.39404,-37.8938],[145.39329,-37.89283],[145.38836,-37.8909],[145.38663,-37.88859],[145.38634,-37.8866],[145.38537,-37.88582],[145.38671,-37.88344],[145.38867,-37.88302]]]},"properties":{"state":"VIC","src":"VIC-OpenStats","suburb":"The Patch","crime_index":12.0,"violent_pct":15,"dwelling_pct":1.09,"motor_pct":20.04,"rate_per100k":12.0,"year":"FY 2022-23 & 2023-24 (avg)","crime_band":1}},{"type":"Feature","geometry":{"type":"Polygon","coordinates":[[[145.01537,-37.67382],[145.01521,-37.6748],[145.02982,-37.67644],[145.03079,-37.67495],[145.04054,-37.67637],[145.04247,-37.67787],[145.04175,-37.67835],[145.04229,-37.67992],[145.04162,-37.68256],[145.04017,-37.68423],[145.04173,-37.68504],[145.04238,-37.68685],[145.04345,-37.68668],[145.04384,-37.68533],[145.04534,-37.68618],[145.04624,-37.68492],[145.05014,-37.68434],[145.05186,-37.68528],[145.05174,-37.68709],[145.0507,-37.68771],[145.05218,-37.68821],[145.05223,-37.68889],[145.04876,-37.68867],[145.04412,-37.69],[145.04112,-37.69515],[145.03247,-37.69733],[144.97207,-37.69099],[144.97374,-37.68922],[144.97074,-37.68819],[144.97146,-37.68408],[144.97283,-37.68252],[144.97259,-37.681],[144.97459,-37.68011],[144.9724,-37.67696],[144.97439,-37.67601],[144.97607,-37.67593],[144.97674,-37.6769],[144.97781,-37.67656],[144.97492,-37.67386],[144.97637,-37.67188],[144.97398,-37.67143],[144.97407,-37.66909],[144.97597,-37.67063],[144.97754,-37.66954],[144.98639,-37.67009],[144.99703,-37.67123],[145.00174,-37.67253],[145.00229,-37.67157],[145.01058,-37.67234],[145.01105,-37.673],[145.01551,-37.67294],[145.01537,-37.67382]]]},"properties":{"state":"VIC","src":"VIC-OpenStats","suburb":"Thomastown","crime_index":66.5,"violent_pct":79.86,"dwelling_pct":43.75,"motor_pct":75.83,"rate_per100k":66.5,"year":"FY 2022-23 & 2023-24 (avg)","crime_band":4}},{"type":"Feature","geometry":{"type":"Polygon","coordinates":[[[144.38404,-38.17119],[144.38235,-38.18027],[144.37611,-38.16898],[144.37248,-38.16796],[144.37021,-38.16626],[144.37294,-38.16351],[144.37425,-38.16432],[144.37604,-38.16356],[144.37757,-38.16518],[144.37987,-38.16382],[144.38451,-38.16867],[144.38404,-38.17119]]]},"properties":{"state":"VIC","src":"VIC-OpenStats","suburb":"Thomson (Greater Geelong - Vic.)","crime_index":96.8,"violent_pct":97.4,"dwelling_pct":97.85,"motor_pct":95.13,"rate_per100k":96.8,"year":"FY 2022-23 & 2023-24 (avg)","crime_band":6}},{"type":"Feature","geometry":{"type":"Polygon","coordinates":[[[145.00269,-37.7524],[145.03137,-37.75572],[145.03225,-37.75678],[145.02912,-37.75779],[145.02994,-37.76022],[145.02843,-37.76149],[145.02784,-37.76359],[145.03071,-37.76502],[145.03121,-37.76662],[144.98645,-37.76123],[144.98567,-37.76077],[144.9859,-37.75961],[144.98095,-37.75888],[144.97925,-37.75421],[144.98182,-37.75209],[144.98085,-37.75026],[145.00269,-37.7524]]]},"properties":{"state":"VIC","src":"VIC-OpenStats","suburb":"Thornbury","crime_index":68.9,"violent_pct":43.05,"dwelling_pct":76.2,"motor_pct":87.58,"rate_per100k":68.9,"year":"FY 2022-23 & 2023-24 (avg)","crime_band":5}},{"type":"Feature","geometry":{"type":"Polygon","coordinates":[[[144.62328,-37.70415],[144.646,-37.72042],[144.65374,-37.72498],[144.65292,-37.73004],[144.64381,-37.7291],[144.64305,-37.73367],[144.6403,-37.73318],[144.63995,-37.73527],[144.64291,-37.73628],[144.64216,-37.73993],[144.63761,-37.73945],[144.63649,-37.74528],[144.61328,-37.74617],[144.62101,-37.70239],[144.62328,-37.70415]]]},"properties":{"state":"VIC","src":"VIC-OpenStats","suburb":"Thornhill Park","crime_index":73.4,"violent_pct":69.94,"dwelling_pct":72.98,"motor_pct":77.42,"rate_per100k":73.4,"year":"FY 2022-23 & 2023-24 (avg)","crime_band":5}},{"type":"Feature","geometry":{"type":"Polygon","coordinates":[[[145.41667,-38.20382],[145.42177,-38.20964],[145.42705,-38.21122],[145.42809,-38.21336],[145.43048,-38.21423],[145.42986,-38.21533],[145.43065,-38.21638],[145.4256,-38.21594],[145.42267,-38.21688],[145.41887,-38.22077],[145.41813,-38.22343],[145.4161,-38.22591],[145.41213,-38.2279],[145.39821,-38.22612],[145.39227,-38.22425],[145.39099,-38.22221],[145.39176,-38.22123],[145.39074,-38.22097],[145.39194,-38.21954],[145.38984,-38.22067],[145.38772,-38.21869],[145.38849,-38.22063],[145.39003,-38.22152],[145.38966,-38.22243],[145.38437,-38.22096],[145.37036,-38.22278],[145.36486,-38.22187],[145.35338,-38.21471],[145.35469,-38.2076],[145.35643,-38.20493],[145.3564,-38.20331],[145.35281,-38.19937],[145.35218,-38.19422],[145.34222,-38.18398],[145.34384,-38.17635],[145.37136,-38.17995],[145.37355,-38.16937],[145.39319,-38.17194],[145.38956,-38.18921],[145.39651,-38.1901],[145.3961,-38.19198],[145.41906,-38.19493],[145.41667,-38.20382]]]},"properties":{"state":"VIC","src":"VIC-OpenStats","suburb":"Tooradin","crime_index":66.2,"violent_pct":76.04,"dwelling_pct":64.72,"motor_pct":57.84,"rate_per100k":66.2,"year":"FY 2022-23 & 2023-24 (avg)","crime_band":4}},{"type":"Feature","geometry":{"type":"Polygon","coordinates":[[[145.01263,-37.83051],[145.01683,-37.83225],[145.01918,-37.83161],[145.02173,-37.83233],[145.0227,-37.83399],[145.02462,-37.83449],[145.02807,-37.83767],[145.03269,-37.83734],[145.03099,-37.8442],[145.03001,-37.84535],[145.03085,-37.84583],[145.0295,-37.85154],[145.00319,-37.84809],[145.00645,-37.83156],[145.00971,-37.83351],[145.01084,-37.83145],[145.01263,-37.83051]]]},"properties":{"state":"VIC","src":"VIC-OpenStats","suburb":"Toorak","crime_index":70.8,"violent_pct":39.05,"dwelling_pct":92.6,"motor_pct":80.78,"rate_per100k":70.8,"year":"FY 2022-23 & 2023-24 (avg)","crime_band":5}},{"type":"Feature","geometry":{"type":"Polygon","coordinates":[[[144.85161,-38.3872],[144.84977,-38.38806],[144.84033,-38.38876],[144.83996,-38.38686],[144.84066,-38.3846],[144.83953,-38.38185],[144.84147,-38.37966],[144.84192,-38.37742],[144.83996,-38.37012],[144.85094,-38.36873],[144.86323,-38.36602],[144.858,-38.37866],[144.85652,-38.38778],[144.85161,-38.3872]]]},"properties":{"state":"VIC","src":"VIC-OpenStats","suburb":"Tootgarook","crime_index":73.4,"violent_pct":71.3,"dwelling_pct":89.25,"motor_pct":59.62,"rate_per100k":73.4,"year":"FY 2022-23 & 2023-24 (avg)","crime_band":5}},{"type":"Feature","geometry":{"type":"Polygon","coordinates":[[[144.33229,-38.32324],[144.3285,-38.32615],[144.32721,-38.32829],[144.32823,-38.33121],[144.32608,-38.33492],[144.32573,-38.33772],[144.32757,-38.34004],[144.32166,-38.34124],[144.31862,-38.34337],[144.31717,-38.3423],[144.31774,-38.34003],[144.31615,-38.3401],[144.31487,-38.33809],[144.31158,-38.33932],[144.30465,-38.33871],[144.30303,-38.3306],[144.28937,-38.33093],[144.28621,-38.32903],[144.28548,-38.32752],[144.28365,-38.32703],[144.28013,-38.32842],[144.28891,-38.282],[144.37178,-38.29184],[144.37369,-38.3001],[144.37822,-38.30473],[144.37789,-38.30582],[144.374,-38.30903],[144.37089,-38.31095],[144.35868,-38.31548],[144.34147,-38.31984],[144.33229,-38.32324]]]},"properties":{"state":"VIC","src":"VIC-OpenStats","suburb":"Torquay (Vic.)","crime_index":20.9,"violent_pct":23.42,"dwelling_pct":14.57,"motor_pct":24.72,"rate_per100k":20.9,"year":"FY 2022-23 & 2023-24 (avg)","crime_band":2}},{"type":"Feature","geometry":{"type":"Polygon","coordinates":[[[144.93568,-37.7776],[144.93708,-37.77776],[144.93874,-37.78084],[144.93993,-37.787],[144.93766,-37.78432],[144.93335,-37.78208],[144.92991,-37.77776],[144.9301,-37.77702],[144.93568,-37.7776]]]},"properties":{"state":"VIC","src":"VIC-OpenStats","suburb":"Travancore","crime_index":57.6,"violent_pct":54.63,"dwelling_pct":37.96,"motor_pct":80.11,"rate_per100k":57.6,"year":"FY 2022-23 & 2023-24 (avg)","crime_band":4}},{"type":"Feature","geometry":{"type":"Polygon","coordinates":[[[144.72122,-37.86287],[144.71734,-37.85816],[144.71496,-37.85778],[144.71384,-37.85491],[144.71199,-37.85309],[144.71194,-37.85206],[144.7133,-37.8514],[144.71363,-37.84658],[144.71142,-37.84474],[144.70617,-37.84453],[144.70566,-37.84336],[144.70696,-37.8407],[144.70467,-37.83986],[144.70267,-37.83499],[144.70508,-37.8285],[144.70316,-37.8271],[144.70491,-37.82402],[144.70407,-37.82116],[144.70479,-37.81963],[144.70661,-37.81926],[144.70605,-37.81655],[144.70849,-37.81349],[144.71224,-37.81169],[144.71081,-37.80911],[144.70853,-37.80677],[144.70495,-37.80603],[144.67772,-37.803],[144.68191,-37.7747],[144.65466,-37.77129],[144.65773,-37.75011],[144.65922,-37.7503],[144.65976,-37.74439],[144.669,-37.74478],[144.67091,-37.73498],[144.70525,-37.74733],[144.72236,-37.75061],[144.71625,-37.79272],[144.75284,-37.79603],[144.75098,-37.81045],[144.76914,-37.812],[144.76565,-37.83869],[144.76122,-37.84383],[144.74655,-37.854],[144.73128,-37.85271],[144.73062,-37.85797],[144.7318,-37.86302],[144.72123,-37.86873],[144.71701,-37.8682],[144.71655,-37.86709],[144.71769,-37.86492],[144.72122,-37.86287]]]},"properties":{"state":"VIC","src":"VIC-OpenStats","suburb":"Truganina","crime_index":52.7,"violent_pct":53.22,"dwelling_pct":33.91,"motor_pct":71,"rate_per100k":52.7,"year":"FY 2022-23 & 2023-24 (avg)","crime_band":4}},{"type":"Feature","geometry":{"type":"Polygon","coordinates":[[[144.8894,-37.70484],[144.89082,-37.71006],[144.8867,-37.71166],[144.87164,-37.72043],[144.87009,-37.71971],[144.86582,-37.72294],[144.86435,-37.72251],[144.86267,-37.72017],[144.86035,-37.71887],[144.86064,-37.71699],[144.85937,-37.7166],[144.85893,-37.71489],[144.85943,-37.71241],[144.84745,-37.71108],[144.84803,-37.70475],[144.85121,-37.7051],[144.85179,-37.70179],[144.85825,-37.70394],[144.86136,-37.70601],[144.86963,-37.70703],[144.87124,-37.69784],[144.86945,-37.69764],[144.86867,-37.69224],[144.87428,-37.69287],[144.86782,-37.68658],[144.86988,-37.68539],[144.87082,-37.68622],[144.87152,-37.68171],[144.88242,-37.68916],[144.88773,-37.6974],[144.8894,-37.70484]]]},"properties":{"state":"VIC","src":"VIC-OpenStats","suburb":"Tullamarine","crime_index":81.5,"violent_pct":85.04,"dwelling_pct":60.26,"motor_pct":99.25,"rate_per100k":81.5,"year":"FY 2022-23 & 2023-24 (avg)","crime_band":5}},{"type":"Feature","geometry":{"type":"Polygon","coordinates":[[[145.18997,-38.27208],[145.18944,-38.27216],[145.18815,-38.28537],[145.18503,-38.28453],[145.14558,-38.28468],[145.14559,-38.25854],[145.15282,-38.25967],[145.15592,-38.24722],[145.16963,-38.24929],[145.16922,-38.25096],[145.19081,-38.2509],[145.20466,-38.25268],[145.23372,-38.25258],[145.23372,-38.2517],[145.24384,-38.25165],[145.24578,-38.24885],[145.24933,-38.2489],[145.24694,-38.25369],[145.23998,-38.26144],[145.2263,-38.27228],[145.18997,-38.27208]]]},"properties":{"state":"VIC","src":"VIC-OpenStats","suburb":"Tyabb","crime_index":48.3,"violent_pct":36.3,"dwelling_pct":53.27,"motor_pct":55.45,"rate_per100k":48.3,"year":"FY 2022-23 & 2023-24 (avg)","crime_band":3}},{"type":"Feature","geometry":{"type":"Polygon","coordinates":[[[145.31274,-37.90139],[145.31119,-37.90205],[145.31243,-37.90246],[145.31075,-37.90996],[145.30718,-37.90802],[145.30396,-37.90468],[145.29488,-37.90032],[145.30086,-37.89261],[145.30042,-37.89181],[145.30136,-37.89124],[145.3006,-37.89075],[145.30105,-37.8899],[145.30348,-37.89109],[145.30421,-37.89004],[145.30264,-37.88823],[145.30515,-37.88789],[145.30521,-37.88732],[145.30594,-37.8877],[145.30564,-37.88825],[145.30991,-37.88962],[145.31058,-37.89097],[145.31193,-37.8913],[145.31167,-37.89275],[145.31751,-37.89187],[145.32836,-37.89382],[145.3273,-37.89618],[145.32694,-37.89575],[145.32596,-37.89716],[145.32336,-37.89795],[145.32442,-37.8984],[145.32391,-37.90145],[145.31274,-37.90139]]]},"properties":{"state":"VIC","src":"VIC-OpenStats","suburb":"Upper Ferntree Gully","crime_index":41.3,"violent_pct":53.37,"dwelling_pct":18.24,"motor_pct":52.24,"rate_per100k":41.3,"year":"FY 2022-23 & 2023-24 (avg)","crime_band":3}},{"type":"Feature","geometry":{"type":"Polygon","coordinates":[[[145.33962,-37.90829],[145.34049,-37.90842],[145.34081,-37.91033],[145.3405,-37.91363],[145.3395,-37.91585],[145.33701,-37.91829],[145.33739,-37.91946],[145.33514,-37.92048],[145.33384,-37.91863],[145.33184,-37.91916],[145.33168,-37.92002],[145.33071,-37.91992],[145.33085,-37.91915],[145.3279,-37.91857],[145.32403,-37.9192],[145.31075,-37.90996],[145.31243,-37.90246],[145.31119,-37.90205],[145.31652,-37.90106],[145.3175,-37.90171],[145.31907,-37.90099],[145.32391,-37.90145],[145.32442,-37.8984],[145.32336,-37.89795],[145.32596,-37.89716],[145.3285,-37.89449],[145.32782,-37.88947],[145.33211,-37.88899],[145.33277,-37.88983],[145.34295,-37.8902],[145.34388,-37.89517],[145.34284,-37.89493],[145.3415,-37.8973],[145.34202,-37.89742],[145.34173,-37.89901],[145.34273,-37.89924],[145.34143,-37.90275],[145.33906,-37.90336],[145.3405,-37.90582],[145.33864,-37.9054],[145.33783,-37.9061],[145.33948,-37.9072],[145.33962,-37.90829]]]},"properties":{"state":"VIC","src":"VIC-OpenStats","suburb":"Upwey","crime_index":25.1,"violent_pct":22.4,"dwelling_pct":19.87,"motor_pct":32.98,"rate_per100k":25.1,"year":"FY 2022-23 & 2023-24 (avg)","crime_band":2}},{"type":"Feature","geometry":{"type":"Polygon","coordinates":[[[145.19802,-38.46359],[145.22016,-38.46361],[145.22013,-38.49668],[145.25135,-38.49668],[145.25134,-38.49918],[145.25242,-38.49941],[145.2508,-38.50176],[145.24752,-38.50193],[145.24652,-38.50756],[145.24398,-38.50783],[145.24039,-38.50667],[145.23543,-38.50951],[145.23543,-38.51085],[145.23456,-38.51107],[145.2353,-38.51211],[145.233,-38.51274],[145.23355,-38.5163],[145.23203,-38.5157],[145.23257,-38.51674],[145.22979,-38.51801],[145.23049,-38.51893],[145.2294,-38.51877],[145.22881,-38.51993],[145.23028,-38.52081],[145.22873,-38.52099],[145.22726,-38.5238],[145.22478,-38.52393],[145.22277,-38.52569],[145.22121,-38.52994],[145.22047,-38.52956],[145.22013,-38.52717],[145.21689,-38.5261],[145.21738,-38.52559],[145.21672,-38.52437],[145.21398,-38.5246],[145.21307,-38.52545],[145.21248,-38.52488],[145.20921,-38.52512],[145.20815,-38.5229],[145.20895,-38.52218],[145.20828,-38.52094],[145.20358,-38.5173],[145.20095,-38.51659],[145.198,-38.51855],[145.19642,-38.51792],[145.19487,-38.51857],[145.19545,-38.51674],[145.19459,-38.51567],[145.19214,-38.51467],[145.19016,-38.5157],[145.18901,-38.51496],[145.18706,-38.51577],[145.18574,-38.51359],[145.18399,-38.51294],[145.17659,-38.51322],[145.17447,-38.51432],[145.17254,-38.51013],[145.17115,-38.50962],[145.16809,-38.51013],[145.16745,-38.51116],[145.16881,-38.51302],[145.16579,-38.51376],[145.16529,-38.51172],[145.16363,-38.51045],[145.15345,-38.50954],[145.15369,-38.50077],[145.15868,-38.49822],[145.14826,-38.49512],[145.14829,-38.49229],[145.15114,-38.4905],[145.15222,-38.48869],[145.15278,-38.48557],[145.15193,-38.48397],[145.15575,-38.47947],[145.1565,-38.47648],[145.15604,-38.47547],[145.16243,-38.47077],[145.16327,-38.46878],[145.16516,-38.46801],[145.16544,-38.46534],[145.16819,-38.46634],[145.17408,-38.46503],[145.1784,-38.46236],[145.18016,-38.46244],[145.18399,-38.45997],[145.19382,-38.45647],[145.19665,-38.45992],[145.19959,-38.45983],[145.19831,-38.46148],[145.19802,-38.46359]]]},"properties":{"state":"VIC","src":"VIC-OpenStats","suburb":"Ventnor (Vic.)","crime_index":45.3,"violent_pct":66.36,"dwelling_pct":44.38,"motor_pct":25.27,"rate_per100k":45.3,"year":"FY 2022-23 & 2023-24 (avg)","crime_band":3}},{"type":"Feature","geometry":{"type":"Polygon","coordinates":[[[145.20051,-37.8311],[145.21223,-37.83026],[145.21335,-37.83091],[145.21335,-37.83237],[145.21672,-37.83237],[145.21662,-37.83817],[145.21455,-37.83942],[145.21252,-37.84209],[145.21015,-37.84591],[145.21076,-37.84713],[145.20548,-37.84623],[145.19903,-37.84654],[145.1991,-37.84577],[145.18919,-37.84632],[145.18227,-37.84582],[145.18387,-37.83777],[145.18488,-37.8379],[145.18518,-37.83626],[145.18426,-37.83562],[145.18429,-37.83216],[145.18537,-37.8314],[145.18912,-37.83177],[145.1888,-37.83088],[145.19109,-37.83053],[145.19303,-37.83064],[145.19299,-37.83117],[145.19897,-37.83052],[145.19899,-37.83107],[145.20051,-37.8311]]]},"properties":{"state":"VIC","src":"VIC-OpenStats","suburb":"Vermont","crime_index":47.9,"violent_pct":18.47,"dwelling_pct":69.74,"motor_pct":55.49,"rate_per100k":47.9,"year":"FY 2022-23 & 2023-24 (avg)","crime_band":3}},{"type":"Feature","geometry":{"type":"Polygon","coordinates":[[[145.17255,-37.84542],[145.18637,-37.84632],[145.1991,-37.84577],[145.19903,-37.84654],[145.20731,-37.84633],[145.21067,-37.84755],[145.21001,-37.85043],[145.20922,-37.85038],[145.20972,-37.85131],[145.20811,-37.85184],[145.20879,-37.85262],[145.20692,-37.85227],[145.2068,-37.85373],[145.20586,-37.85418],[145.20753,-37.8561],[145.20589,-37.856],[145.20491,-37.85729],[145.20364,-37.8569],[145.20245,-37.85838],[145.20079,-37.85858],[145.19964,-37.85975],[145.20139,-37.861],[145.20102,-37.8621],[145.19973,-37.8616],[145.19861,-37.86267],[145.19939,-37.86284],[145.19897,-37.86349],[145.19764,-37.8634],[145.19788,-37.86386],[145.19672,-37.86409],[145.19711,-37.86492],[145.1952,-37.86488],[145.19571,-37.86516],[145.16923,-37.862],[145.16908,-37.85622],[145.17083,-37.84535],[145.17255,-37.84542]]]},"properties":{"state":"VIC","src":"VIC-OpenStats","suburb":"Vermont South","crime_index":43.2,"violent_pct":17.2,"dwelling_pct":61.61,"motor_pct":50.89,"rate_per100k":43.2,"year":"FY 2022-23 & 2023-24 (avg)","crime_band":3}},{"type":"Feature","geometry":{"type":"Polygon","coordinates":[[[145.09554,-37.72906],[145.09947,-37.72901],[145.09982,-37.72698],[145.10153,-37.72715],[145.1012,-37.72923],[145.10711,-37.73],[145.10565,-37.732],[145.10405,-37.73222],[145.10403,-37.73296],[145.10687,-37.73423],[145.10881,-37.73417],[145.10686,-37.73603],[145.10787,-37.73722],[145.10767,-37.73808],[145.10654,-37.73753],[145.10585,-37.73897],[145.10224,-37.74081],[145.10292,-37.74386],[145.10206,-37.74565],[145.10093,-37.74497],[145.10148,-37.74705],[145.09943,-37.74766],[145.09856,-37.74717],[145.09823,-37.74901],[145.09555,-37.74929],[145.09246,-37.75409],[145.08566,-37.75294],[145.08429,-37.75165],[145.08247,-37.75145],[145.08196,-37.75056],[145.08625,-37.74527],[145.08072,-37.74016],[145.07982,-37.7344],[145.08409,-37.73196],[145.09554,-37.72906]]]},"properties":{"state":"VIC","src":"VIC-OpenStats","suburb":"Viewbank","crime_index":18.2,"violent_pct":13.73,"dwelling_pct":32.5,"motor_pct":8.5,"rate_per100k":18.2,"year":"FY 2022-23 & 2023-24 (avg)","crime_band":2}},{"type":"Feature","geometry":{"type":"Polygon","coordinates":[[[144.98168,-37.44018],[144.90147,-37.43085],[144.89943,-37.42761],[144.895,-37.42768],[144.89577,-37.42656],[144.89578,-37.42458],[144.89512,-37.42439],[144.89558,-37.42375],[144.90228,-37.42379],[144.90412,-37.42022],[144.9022,-37.41801],[144.90131,-37.4185],[144.90147,-37.41645],[144.89855,-37.41588],[144.8988,-37.41521],[144.90356,-37.41406],[144.9037,-37.41338],[144.90188,-37.41251],[144.90141,-37.4085],[144.89851,-37.40751],[144.90072,-37.40619],[144.90408,-37.40655],[144.90333,-37.40475],[144.90681,-37.40212],[144.91171,-37.38157],[144.91413,-37.38073],[144.91564,-37.37732],[144.91572,-37.37487],[144.91852,-37.37223],[144.91891,-37.36993],[144.92379,-37.37078],[144.92664,-37.36968],[144.92695,-37.37325],[144.92837,-37.37596],[144.93043,-37.37656],[144.93669,-37.37676],[144.93744,-37.37248],[144.96286,-37.37561],[144.96255,-37.37493],[144.96754,-37.37348],[144.97186,-37.37663],[144.99279,-37.37931],[144.99362,-37.37509],[144.996,-37.37716],[145.00477,-37.38131],[145.00286,-37.38795],[145.02579,-37.39058],[145.02171,-37.3975],[145.02701,-37.39814],[145.01863,-37.44431],[144.98168,-37.44018]]]},"properties":{"state":"VIC","src":"VIC-OpenStats","suburb":"Wallan","crime_index":57.6,"violent_pct":85.5,"dwelling_pct":46.97,"motor_pct":40.31,"rate_per100k":57.6,"year":"FY 2022-23 & 2023-24 (avg)","crime_band":4}},{"type":"Feature","geometry":{"type":"Polygon","coordinates":[[[144.51852,-38.24879],[144.50977,-38.24711],[144.50931,-38.24826],[144.50456,-38.24725],[144.50312,-38.25359],[144.50194,-38.25345],[144.5008,-38.25585],[144.50187,-38.25606],[144.50114,-38.25748],[144.50426,-38.25997],[144.50498,-38.2637],[144.49534,-38.26457],[144.49289,-38.26237],[144.48918,-38.26133],[144.48737,-38.25864],[144.48474,-38.25848],[144.48058,-38.25424],[144.48346,-38.2466],[144.48274,-38.24527],[144.47442,-38.2433],[144.47159,-38.24366],[144.46951,-38.24031],[144.46801,-38.24067],[144.46667,-38.24239],[144.46411,-38.24223],[144.46299,-38.24081],[144.46382,-38.23994],[144.46446,-38.24042],[144.46485,-38.23802],[144.46637,-38.23794],[144.46683,-38.23337],[144.46566,-38.23191],[144.4627,-38.23299],[144.46411,-38.23114],[144.46305,-38.23017],[144.46399,-38.22866],[144.4628,-38.22841],[144.46244,-38.23056],[144.46156,-38.22833],[144.46499,-38.22493],[144.47325,-38.223],[144.47837,-38.22318],[144.48675,-38.22],[144.48774,-38.21786],[144.48693,-38.21699],[144.4881,-38.21143],[144.49508,-38.21233],[144.49689,-38.20468],[144.49857,-38.20552],[144.50127,-38.19238],[144.51054,-38.19353],[144.51018,-38.19532],[144.53792,-38.19871],[144.53762,-38.20017],[144.54288,-38.20082],[144.54317,-38.19931],[144.55627,-38.20085],[144.55469,-38.20905],[144.54933,-38.20841],[144.54889,-38.21073],[144.55414,-38.21136],[144.55302,-38.21736],[144.5508,-38.21877],[144.55267,-38.21899],[144.5491,-38.23679],[144.54707,-38.23574],[144.54757,-38.23323],[144.54555,-38.23298],[144.54492,-38.2356],[144.54201,-38.2352],[144.54194,-38.23639],[144.53986,-38.23611],[144.53694,-38.25096],[144.51852,-38.24879]]]},"properties":{"state":"VIC","src":"VIC-OpenStats","suburb":"Wallington","crime_index":4.1,"violent_pct":8.64,"dwelling_pct":2.57,"motor_pct":1.13,"rate_per100k":4.1,"year":"FY 2022-23 & 2023-24 (avg)","crime_band":1}},{"type":"Feature","geometry":{"type":"Polygon","coordinates":[[[144.30927,-38.17158],[144.30662,-38.18615],[144.28859,-38.18379],[144.29065,-38.17173],[144.29847,-38.17171],[144.30594,-38.1682],[144.30976,-38.16917],[144.30927,-38.17158]]]},"properties":{"state":"VIC","src":"VIC-OpenStats","suburb":"Wandana Heights","crime_index":52.3,"violent_pct":17.32,"dwelling_pct":90.6,"motor_pct":49.04,"rate_per100k":52.3,"year":"FY 2022-23 & 2023-24 (avg)","crime_band":4}},{"type":"Feature","geometry":{"type":"Polygon","coordinates":[[[145.43112,-37.7675],[145.44439,-37.76753],[145.4435,-37.77145],[145.44398,-37.77532],[145.44052,-37.77912],[145.44605,-37.77936],[145.44457,-37.78605],[145.44393,-37.7864],[145.44925,-37.79263],[145.44862,-37.79297],[145.45698,-37.79485],[145.42717,-37.81105],[145.41805,-37.80069],[145.41865,-37.80036],[145.41331,-37.79443],[145.41275,-37.79475],[145.41054,-37.79059],[145.41057,-37.78894],[145.40833,-37.78605],[145.40925,-37.78486],[145.40939,-37.78257],[145.41089,-37.78143],[145.40713,-37.7802],[145.40904,-37.77879],[145.40808,-37.77801],[145.40896,-37.77709],[145.40621,-37.77636],[145.40739,-37.77305],[145.40638,-37.77238],[145.40433,-37.77314],[145.40225,-37.77066],[145.40526,-37.7702],[145.4033,-37.76954],[145.40228,-37.76718],[145.40805,-37.76749],[145.41171,-37.74776],[145.41623,-37.7487],[145.42823,-37.74916],[145.42728,-37.75309],[145.42869,-37.7567],[145.42767,-37.7598],[145.42643,-37.76064],[145.42737,-37.76185],[145.42629,-37.76228],[145.42528,-37.7644],[145.42544,-37.7675],[145.43112,-37.7675]]]},"properties":{"state":"VIC","src":"VIC-OpenStats","suburb":"Wandin North","crime_index":19.9,"violent_pct":44.06,"dwelling_pct":9.8,"motor_pct":5.83,"rate_per100k":19.9,"year":"FY 2022-23 & 2023-24 (avg)","crime_band":2}},{"type":"Feature","geometry":{"type":"Polygon","coordinates":[[[145.23164,-37.84],[145.23703,-37.83957],[145.23829,-37.83868],[145.23844,-37.84482],[145.24051,-37.84454],[145.24053,-37.84519],[145.24711,-37.8436],[145.2453,-37.84737],[145.2463,-37.84768],[145.23521,-37.86896],[145.20697,-37.85971],[145.20044,-37.85908],[145.20245,-37.85838],[145.20364,-37.8569],[145.20483,-37.85731],[145.20589,-37.856],[145.20753,-37.8561],[145.20586,-37.85418],[145.2068,-37.85373],[145.20683,-37.85233],[145.20871,-37.85271],[145.20811,-37.85184],[145.20972,-37.85131],[145.20922,-37.85038],[145.21001,-37.85043],[145.21067,-37.84755],[145.20992,-37.84734],[145.21078,-37.84708],[145.21021,-37.84577],[145.21577,-37.83857],[145.22274,-37.83786],[145.23164,-37.84]]]},"properties":{"state":"VIC","src":"VIC-OpenStats","suburb":"Wantirna","crime_index":48.0,"violent_pct":38.16,"dwelling_pct":58.56,"motor_pct":47.23,"rate_per100k":48.0,"year":"FY 2022-23 & 2023-24 (avg)","crime_band":3}},{"type":"Feature","geometry":{"type":"Polygon","coordinates":[[[145.25055,-37.86795],[145.2498,-37.86941],[145.25202,-37.87013],[145.25164,-37.87086],[145.24942,-37.87014],[145.24784,-37.87318],[145.24789,-37.87753],[145.24622,-37.87979],[145.24788,-37.88092],[145.24788,-37.88188],[145.24204,-37.88241],[145.2411,-37.88185],[145.2411,-37.88287],[145.23987,-37.88287],[145.23987,-37.88777],[145.23298,-37.8877],[145.23297,-37.88903],[145.19614,-37.88823],[145.195,-37.8872],[145.19596,-37.88607],[145.19432,-37.88569],[145.19548,-37.8849],[145.19455,-37.88447],[145.19534,-37.88324],[145.19412,-37.88207],[145.19314,-37.88244],[145.1924,-37.88085],[145.19094,-37.88091],[145.19207,-37.87904],[145.19086,-37.87897],[145.19199,-37.87766],[145.19125,-37.87684],[145.19266,-37.87571],[145.19264,-37.87475],[145.19182,-37.87445],[145.1934,-37.87422],[145.19218,-37.87163],[145.19326,-37.87159],[145.19287,-37.87073],[145.19378,-37.87006],[145.19364,-37.86918],[145.19483,-37.86862],[145.19403,-37.86878],[145.19513,-37.86691],[145.19417,-37.86626],[145.19545,-37.86614],[145.19471,-37.86544],[145.19573,-37.86515],[145.19521,-37.86486],[145.19711,-37.86492],[145.19672,-37.86409],[145.19788,-37.86386],[145.19764,-37.8634],[145.19897,-37.86349],[145.19939,-37.86284],[145.19861,-37.86267],[145.19973,-37.8616],[145.20101,-37.86211],[145.20139,-37.861],[145.19964,-37.85976],[145.20044,-37.85908],[145.20697,-37.85971],[145.23521,-37.86896],[145.24365,-37.85274],[145.24823,-37.85427],[145.24865,-37.85358],[145.25428,-37.85626],[145.25349,-37.85776],[145.25455,-37.85811],[145.25415,-37.85889],[145.25239,-37.85882],[145.25154,-37.86046],[145.25295,-37.86325],[145.2522,-37.86477],[145.25695,-37.86624],[145.25547,-37.8691],[145.25434,-37.86826],[145.25278,-37.86867],[145.25055,-37.86795]]]},"properties":{"state":"VIC","src":"VIC-OpenStats","suburb":"Wantirna South","crime_index":61.9,"violent_pct":58.51,"dwelling_pct":74.79,"motor_pct":52.34,"rate_per100k":61.9,"year":"FY 2022-23 & 2023-24 (avg)","crime_band":4}},{"type":"Feature","geometry":{"type":"Polygon","coordinates":[[[145.2044,-37.76083],[145.20176,-37.77249],[145.19895,-37.77166],[145.19992,-37.7696],[145.19871,-37.76586],[145.19238,-37.76431],[145.19249,-37.76232],[145.18632,-37.761],[145.18595,-37.76541],[145.18414,-37.76537],[145.1826,-37.76431],[145.18285,-37.76298],[145.18179,-37.76276],[145.18153,-37.76186],[145.18292,-37.75955],[145.18285,-37.75824],[145.18034,-37.75631],[145.18188,-37.75473],[145.18175,-37.75358],[145.18039,-37.75257],[145.18041,-37.75145],[145.17833,-37.75138],[145.17699,-37.75038],[145.17669,-37.75136],[145.17617,-37.75108],[145.17688,-37.75013],[145.17554,-37.74997],[145.17772,-37.7384],[145.17983,-37.73737],[145.17842,-37.73367],[145.18047,-37.73206],[145.18116,-37.72994],[145.18477,-37.73086],[145.1879,-37.73029],[145.19035,-37.73226],[145.19395,-37.73183],[145.19431,-37.73283],[145.19181,-37.73485],[145.19188,-37.73799],[145.19743,-37.74134],[145.19871,-37.73998],[145.19834,-37.73406],[145.20038,-37.73114],[145.20202,-37.73033],[145.20689,-37.73105],[145.21116,-37.7296],[145.21511,-37.73142],[145.21487,-37.73405],[145.2083,-37.73686],[145.20248,-37.73749],[145.20137,-37.73876],[145.2018,-37.73973],[145.20447,-37.74155],[145.20695,-37.74152],[145.21638,-37.73881],[145.22046,-37.73611],[145.22564,-37.73612],[145.22991,-37.73872],[145.23045,-37.73768],[145.22879,-37.73658],[145.22729,-37.73262],[145.22888,-37.73162],[145.23539,-37.73133],[145.24287,-37.73683],[145.24227,-37.7386],[145.24454,-37.73968],[145.24236,-37.75441],[145.23408,-37.75357],[145.23194,-37.75756],[145.23397,-37.75932],[145.23406,-37.76165],[145.23187,-37.76367],[145.22132,-37.76251],[145.22156,-37.76153],[145.21918,-37.76102],[145.2193,-37.75963],[145.21816,-37.75946],[145.21761,-37.76041],[145.21632,-37.75984],[145.21585,-37.76221],[145.2044,-37.76083]]]},"properties":{"state":"VIC","src":"VIC-OpenStats","suburb":"Warrandyte","crime_index":22.0,"violent_pct":29.34,"dwelling_pct":32.39,"motor_pct":4.24,"rate_per100k":22.0,"year":"FY 2022-23 & 2023-24 (avg)","crime_band":2}},{"type":"Feature","geometry":{"type":"Polygon","coordinates":[[[145.25882,-37.76683],[145.26322,-37.76737],[145.26193,-37.77445],[145.2574,-37.774],[145.25606,-37.78127],[145.23784,-37.77921],[145.24058,-37.76475],[145.25382,-37.76628],[145.25715,-37.76502],[145.25912,-37.76516],[145.25882,-37.76683]]]},"properties":{"state":"VIC","src":"VIC-OpenStats","suburb":"Warranwood","crime_index":11.0,"violent_pct":14.06,"dwelling_pct":13.55,"motor_pct":5.54,"rate_per100k":11.0,"year":"FY 2022-23 & 2023-24 (avg)","crime_band":1}},{"type":"Feature","geometry":{"type":"Polygon","coordinates":[[[145.14001,-38.0151],[145.1393,-38.01877],[145.13732,-38.02131],[145.11945,-38.01637],[145.1208,-38.0093],[145.13591,-38.01111],[145.14083,-38.01073],[145.14001,-38.0151]]]},"properties":{"state":"VIC","src":"VIC-OpenStats","suburb":"Waterways","crime_index":51.4,"violent_pct":3.02,"dwelling_pct":92.78,"motor_pct":58.42,"rate_per100k":51.4,"year":"FY 2022-23 & 2023-24 (avg)","crime_band":4}},{"type":"Feature","geometry":{"type":"Polygon","coordinates":[[[145.08172,-37.70227],[145.08983,-37.70316],[145.08744,-37.70783],[145.08955,-37.70811],[145.08916,-37.71051],[145.09294,-37.71136],[145.0941,-37.70859],[145.09615,-37.70881],[145.09447,-37.7125],[145.09357,-37.71214],[145.09314,-37.7128],[145.09405,-37.71316],[145.0918,-37.71817],[145.07451,-37.71619],[145.0754,-37.71104],[145.07458,-37.71095],[145.07507,-37.70814],[145.07637,-37.70828],[145.07673,-37.70637],[145.07569,-37.70616],[145.07646,-37.70175],[145.08172,-37.70227]]]},"properties":{"state":"VIC","src":"VIC-OpenStats","suburb":"Watsonia","crime_index":42.0,"violent_pct":39.4,"dwelling_pct":26.63,"motor_pct":60.02,"rate_per100k":42.0,"year":"FY 2022-23 & 2023-24 (avg)","crime_band":3}},{"type":"Feature","geometry":{"type":"Polygon","coordinates":[[[145.07993,-37.68846],[145.08822,-37.69106],[145.09247,-37.69514],[145.08983,-37.70316],[145.07946,-37.70205],[145.08002,-37.69904],[145.07913,-37.69895],[145.08102,-37.69305],[145.0808,-37.69217],[145.07786,-37.69278],[145.07716,-37.69192],[145.07772,-37.6878],[145.07993,-37.68846]]]},"properties":{"state":"VIC","src":"VIC-OpenStats","suburb":"Watsonia North","crime_index":12.3,"violent_pct":6.45,"dwelling_pct":13.97,"motor_pct":16.6,"rate_per100k":12.3,"year":"FY 2022-23 & 2023-24 (avg)","crime_band":1}},{"type":"Feature","geometry":{"type":"Polygon","coordinates":[[[145.20086,-37.66484],[145.20343,-37.6665],[145.20333,-37.66701],[145.20004,-37.66662],[145.19778,-37.67413],[145.20243,-37.67537],[145.20213,-37.67646],[145.1999,-37.6761],[145.19841,-37.68252],[145.19962,-37.68221],[145.1964,-37.68587],[145.19531,-37.68576],[145.19175,-37.6895],[145.1883,-37.68922],[145.18805,-37.69026],[145.18327,-37.68966],[145.17966,-37.68606],[145.18242,-37.67307],[145.17836,-37.67262],[145.1754,-37.66889],[145.1766,-37.66776],[145.17504,-37.66719],[145.17453,-37.66603],[145.1725,-37.66615],[145.1718,-37.66775],[145.17136,-37.66614],[145.17246,-37.66415],[145.17147,-37.6607],[145.16874,-37.65962],[145.16903,-37.65801],[145.16641,-37.65774],[145.16656,-37.65692],[145.16882,-37.65572],[145.17035,-37.65305],[145.17289,-37.65215],[145.17331,-37.64954],[145.1757,-37.64982],[145.17549,-37.65089],[145.18705,-37.65218],[145.18748,-37.65326],[145.18538,-37.65377],[145.18782,-37.65476],[145.18722,-37.65693],[145.18903,-37.65484],[145.19104,-37.655],[145.19176,-37.65206],[145.19398,-37.65232],[145.19422,-37.65107],[145.19638,-37.65132],[145.19528,-37.65491],[145.19664,-37.65824],[145.1987,-37.65541],[145.20015,-37.65606],[145.20171,-37.65385],[145.20499,-37.6553],[145.20563,-37.65214],[145.20812,-37.65325],[145.2073,-37.65444],[145.211,-37.65529],[145.20848,-37.66194],[145.20534,-37.6612],[145.20432,-37.66391],[145.20128,-37.66316],[145.20086,-37.66484]]]},"properties":{"state":"VIC","src":"VIC-OpenStats","suburb":"Wattle Glen","crime_index":7.6,"violent_pct":1.64,"dwelling_pct":1.09,"motor_pct":20.2,"rate_per100k":7.6,"year":"FY 2022-23 & 2023-24 (avg)","crime_band":1}},{"type":"Feature","geometry":{"type":"Polygon","coordinates":[[[144.31192,-38.20816],[144.31055,-38.21525],[144.30087,-38.2168],[144.30116,-38.21513],[144.27195,-38.21162],[144.27104,-38.20875],[144.26834,-38.21006],[144.26215,-38.21104],[144.24617,-38.2116],[144.2519,-38.17943],[144.30604,-38.18587],[144.30662,-38.18615],[144.30462,-38.19678],[144.30553,-38.20247],[144.31148,-38.20071],[144.31244,-38.20269],[144.31192,-38.20816]]]},"properties":{"state":"VIC","src":"VIC-OpenStats","suburb":"Waurn Ponds","crime_index":24.3,"violent_pct":25.03,"dwelling_pct":4.17,"motor_pct":43.74,"rate_per100k":24.3,"year":"FY 2022-23 & 2023-24 (avg)","crime_band":2}},{"type":"Feature","geometry":{"type":"Polygon","coordinates":[[[144.57715,-37.73319],[144.57713,-37.73385],[144.57909,-37.73495],[144.57894,-37.73758],[144.5812,-37.73651],[144.58369,-37.73879],[144.57907,-37.74207],[144.58029,-37.74365],[144.57909,-37.74504],[144.57915,-37.74627],[144.57566,-37.7464],[144.57523,-37.74821],[144.57005,-37.74418],[144.5683,-37.74369],[144.56801,-37.74173],[144.56414,-37.73997],[144.56705,-37.74029],[144.56454,-37.73701],[144.56475,-37.73326],[144.56213,-37.7308],[144.56117,-37.72696],[144.55916,-37.72438],[144.55596,-37.7223],[144.55444,-37.72335],[144.55142,-37.72278],[144.54781,-37.7206],[144.54171,-37.72182],[144.54235,-37.7206],[144.54186,-37.71995],[144.53872,-37.72116],[144.53597,-37.72073],[144.53889,-37.72079],[144.54045,-37.7198],[144.54091,-37.7191],[144.53979,-37.7169],[144.54964,-37.71523],[144.56208,-37.71677],[144.56177,-37.7184],[144.57842,-37.72019],[144.57883,-37.71501],[144.5804,-37.71348],[144.58205,-37.71361],[144.58397,-37.71466],[144.58268,-37.71494],[144.58201,-37.71605],[144.5805,-37.71616],[144.58187,-37.71723],[144.58168,-37.71841],[144.58308,-37.71837],[144.58207,-37.72069],[144.58282,-37.72138],[144.58253,-37.72321],[144.58176,-37.72469],[144.57931,-37.72581],[144.58067,-37.72727],[144.57887,-37.72739],[144.57944,-37.72905],[144.57742,-37.73023],[144.57873,-37.73193],[144.57715,-37.73319]]]},"properties":{"state":"VIC","src":"VIC-OpenStats","suburb":"Weir Views","crime_index":73.5,"violent_pct":77.89,"dwelling_pct":78.11,"motor_pct":64.41,"rate_per100k":73.5,"year":"FY 2022-23 & 2023-24 (avg)","crime_band":5}},{"type":"Feature","geometry":{"type":"Polygon","coordinates":[[[144.67539,-37.91386],[144.62744,-37.9302],[144.60022,-37.9454],[144.59733,-37.9419],[144.57884,-37.93983],[144.58032,-37.93135],[144.58221,-37.93072],[144.58164,-37.92978],[144.59108,-37.92608],[144.58776,-37.92571],[144.59298,-37.89755],[144.62884,-37.90176],[144.63112,-37.90005],[144.63124,-37.89289],[144.63287,-37.88886],[144.63376,-37.88897],[144.63446,-37.887],[144.64256,-37.8879],[144.64038,-37.8834],[144.64254,-37.88007],[144.64233,-37.87875],[144.64877,-37.87987],[144.65227,-37.87687],[144.6524,-37.87547],[144.65127,-37.87463],[144.65204,-37.87362],[144.65086,-37.87034],[144.66279,-37.87105],[144.66272,-37.87156],[144.66511,-37.87181],[144.66446,-37.87559],[144.6829,-37.87758],[144.68053,-37.89155],[144.70041,-37.88349],[144.70093,-37.8844],[144.71228,-37.87946],[144.70945,-37.88383],[144.71027,-37.89068],[144.70716,-37.89831],[144.69352,-37.90762],[144.67539,-37.91386]]]},"properties":{"state":"VIC","src":"VIC-OpenStats","suburb":"Werribee","crime_index":74.7,"violent_pct":83.63,"dwelling_pct":64.33,"motor_pct":76.04,"rate_per100k":74.7,"year":"FY 2022-23 & 2023-24 (avg)","crime_band":5}},{"type":"Feature","geometry":{"type":"Polygon","coordinates":[[[144.70672,-37.96655],[144.7019,-37.97145],[144.70007,-37.97192],[144.69925,-37.9731],[144.6942,-37.97448],[144.69111,-37.97465],[144.68586,-37.9722],[144.68238,-37.97228],[144.68034,-37.97296],[144.68046,-37.97389],[144.67704,-37.97423],[144.67297,-37.97301],[144.67177,-37.97189],[144.66805,-37.96734],[144.66738,-37.96189],[144.66889,-37.95443],[144.66398,-37.94962],[144.6647,-37.9476],[144.66986,-37.94422],[144.67206,-37.9389],[144.67104,-37.93871],[144.66829,-37.94018],[144.66708,-37.9434],[144.66536,-37.94281],[144.66361,-37.93865],[144.66333,-37.93575],[144.6611,-37.93388],[144.66753,-37.92907],[144.66806,-37.92604],[144.66694,-37.92518],[144.66388,-37.92526],[144.66145,-37.92429],[144.65751,-37.91994],[144.69352,-37.90762],[144.70716,-37.89831],[144.70967,-37.89258],[144.70998,-37.89582],[144.71205,-37.89767],[144.71452,-37.89602],[144.71687,-37.89611],[144.71354,-37.91485],[144.71529,-37.9154],[144.71563,-37.91693],[144.71783,-37.91944],[144.72526,-37.92378],[144.72831,-37.92707],[144.74277,-37.9288],[144.7405,-37.94127],[144.73559,-37.94312],[144.72922,-37.94872],[144.72336,-37.95143],[144.72131,-37.95356],[144.72161,-37.95476],[144.71415,-37.96135],[144.70793,-37.96506],[144.70672,-37.96655]]]},"properties":{"state":"VIC","src":"VIC-OpenStats","suburb":"Werribee South","crime_index":77.5,"violent_pct":71.63,"dwelling_pct":80.9,"motor_pct":79.88,"rate_per100k":77.5,"year":"FY 2022-23 & 2023-24 (avg)","crime_band":5}},{"type":"Feature","geometry":{"type":"Polygon","coordinates":[[[145.64907,-37.75899],[145.65915,-37.76064],[145.65754,-37.76554],[145.6651,-37.76716],[145.66646,-37.76817],[145.6663,-37.7696],[145.66332,-37.77034],[145.66439,-37.77316],[145.66696,-37.77371],[145.66667,-37.77542],[145.66965,-37.7778],[145.67112,-37.7809],[145.67439,-37.78105],[145.72993,-37.81937],[145.71875,-37.82436],[145.688,-37.81796],[145.67378,-37.81604],[145.6556,-37.8112],[145.65369,-37.80883],[145.65475,-37.80285],[145.65114,-37.79541],[145.64955,-37.7939],[145.63982,-37.78903],[145.64133,-37.78515],[145.64029,-37.78433],[145.64166,-37.78323],[145.63966,-37.78167],[145.64043,-37.78121],[145.6382,-37.77947],[145.63875,-37.77903],[145.63711,-37.77775],[145.63512,-37.77761],[145.63561,-37.77421],[145.63462,-37.77344],[145.63102,-37.7731],[145.63134,-37.77041],[145.61741,-37.76876],[145.61583,-37.77176],[145.61631,-37.77222],[145.61553,-37.77252],[145.61456,-37.77215],[145.615,-37.77065],[145.61223,-37.77131],[145.60991,-37.76998],[145.60842,-37.77033],[145.6089,-37.76871],[145.6069,-37.76868],[145.61196,-37.74516],[145.60957,-37.74548],[145.6011,-37.74392],[145.60641,-37.71611],[145.60928,-37.71642],[145.61061,-37.70871],[145.61224,-37.70952],[145.61151,-37.71197],[145.61573,-37.71733],[145.61325,-37.72147],[145.61385,-37.72389],[145.61482,-37.72474],[145.61698,-37.72282],[145.61924,-37.71184],[145.6213,-37.71273],[145.6237,-37.71572],[145.62671,-37.7167],[145.62896,-37.71549],[145.63362,-37.71515],[145.63467,-37.7144],[145.6329,-37.72124],[145.65281,-37.72421],[145.647,-37.7265],[145.64577,-37.73399],[145.64292,-37.73742],[145.62945,-37.73522],[145.62811,-37.7406],[145.634,-37.74139],[145.63092,-37.75618],[145.64077,-37.7583],[145.64907,-37.75899]]]},"properties":{"state":"VIC","src":"VIC-OpenStats","suburb":"Wesburn","crime_index":17.2,"violent_pct":32.07,"dwelling_pct":9.34,"motor_pct":10.11,"rate_per100k":17.2,"year":"FY 2022-23 & 2023-24 (avg)","crime_band":1}},{"type":"Feature","geometry":{"type":"Polygon","coordinates":[[[144.8828,-37.80397],[144.87014,-37.81093],[144.86022,-37.81371],[144.85991,-37.813],[144.86197,-37.80308],[144.8602,-37.80267],[144.86074,-37.79938],[144.86205,-37.79953],[144.86392,-37.78947],[144.87888,-37.79115],[144.87936,-37.7904],[144.88269,-37.79077],[144.88139,-37.79783],[144.87992,-37.79769],[144.87929,-37.80117],[144.88126,-37.80207],[144.88621,-37.80216],[144.8828,-37.80397]]]},"properties":{"state":"VIC","src":"VIC-OpenStats","suburb":"West Footscray","crime_index":72.7,"violent_pct":46.73,"dwelling_pct":79.2,"motor_pct":92.04,"rate_per100k":72.7,"year":"FY 2022-23 & 2023-24 (avg)","crime_band":5}},{"type":"Feature","geometry":{"type":"Polygon","coordinates":[[[144.95268,-37.8128],[144.95033,-37.81347],[144.94783,-37.81094],[144.94319,-37.81253],[144.93503,-37.80945],[144.93444,-37.81267],[144.93241,-37.81508],[144.9199,-37.81853],[144.92038,-37.82002],[144.91287,-37.82103],[144.90704,-37.8233],[144.90557,-37.82287],[144.90664,-37.82101],[144.90558,-37.81276],[144.90823,-37.80459],[144.91099,-37.80009],[144.91278,-37.79956],[144.91481,-37.80022],[144.9165,-37.7982],[144.93237,-37.80082],[144.93787,-37.80308],[144.94104,-37.80537],[144.94208,-37.80436],[144.95599,-37.80587],[144.9554,-37.80947],[144.95645,-37.81174],[144.95268,-37.8128]]]},"properties":{"state":"VIC","src":"VIC-OpenStats","suburb":"West Melbourne","crime_index":87.5,"violent_pct":84.24,"dwelling_pct":88.12,"motor_pct":90.09,"rate_per100k":87.5,"year":"FY 2022-23 & 2023-24 (avg)","crime_band":6}},{"type":"Feature","geometry":{"type":"Polygon","coordinates":[[[144.90398,-37.67613],[144.90307,-37.68099],[144.88698,-37.68048],[144.88466,-37.68114],[144.88349,-37.68216],[144.88227,-37.68911],[144.86634,-37.67791],[144.86758,-37.67103],[144.87085,-37.67202],[144.87473,-37.67131],[144.87649,-37.6731],[144.87603,-37.67357],[144.87664,-37.67468],[144.87776,-37.67435],[144.87786,-37.67512],[144.87932,-37.67489],[144.8807,-37.67591],[144.88339,-37.67445],[144.88526,-37.67486],[144.88597,-37.67388],[144.89941,-37.67567],[144.90085,-37.66833],[144.9055,-37.66893],[144.90674,-37.66274],[144.91448,-37.66369],[144.91817,-37.66301],[144.92209,-37.66378],[144.92198,-37.66525],[144.92072,-37.66537],[144.92049,-37.66643],[144.91781,-37.6681],[144.91809,-37.66998],[144.91382,-37.67552],[144.91012,-37.67685],[144.90957,-37.67568],[144.90727,-37.67653],[144.90398,-37.67613]]]},"properties":{"state":"VIC","src":"VIC-OpenStats","suburb":"Westmeadows","crime_index":65.4,"violent_pct":65.82,"dwelling_pct":57.63,"motor_pct":72.8,"rate_per100k":65.4,"year":"FY 2022-23 & 2023-24 (avg)","crime_band":4}},{"type":"Feature","geometry":{"type":"Polygon","coordinates":[[[145.17866,-37.89046],[145.20017,-37.89294],[145.20201,-37.89567],[145.20453,-37.89561],[145.20559,-37.89667],[145.20691,-37.89663],[145.20729,-37.89867],[145.20835,-37.89903],[145.20687,-37.90061],[145.20762,-37.90116],[145.20612,-37.9024],[145.20405,-37.90235],[145.20337,-37.90331],[145.20436,-37.9036],[145.20404,-37.90482],[145.20521,-37.90533],[145.20463,-37.90603],[145.20587,-37.91055],[145.20485,-37.91073],[145.20558,-37.91222],[145.20445,-37.91369],[145.20521,-37.91372],[145.20387,-37.91414],[145.20431,-37.91474],[145.20336,-37.91519],[145.20407,-37.91612],[145.20267,-37.91791],[145.20336,-37.91805],[145.20278,-37.91921],[145.20529,-37.92244],[145.20565,-37.92439],[145.1726,-37.92028],[145.16587,-37.91326],[145.16548,-37.91183],[145.16473,-37.91125],[145.16442,-37.912],[145.16043,-37.90935],[145.16141,-37.90352],[145.17356,-37.90486],[145.17636,-37.89025],[145.17866,-37.89046]]]},"properties":{"state":"VIC","src":"VIC-OpenStats","suburb":"Wheelers Hill","crime_index":44.9,"violent_pct":13.24,"dwelling_pct":80.53,"motor_pct":41.01,"rate_per100k":44.9,"year":"FY 2022-23 & 2023-24 (avg)","crime_band":3}},{"type":"Feature","geometry":{"type":"Polygon","coordinates":[[[144.39109,-38.17242],[144.40223,-38.17491],[144.40086,-38.18248],[144.38235,-38.18027],[144.38409,-38.17093],[144.39109,-38.17242]]]},"properties":{"state":"VIC","src":"VIC-OpenStats","suburb":"Whittington","crime_index":85.2,"violent_pct":96.79,"dwelling_pct":92.89,"motor_pct":65.85,"rate_per100k":85.2,"year":"FY 2022-23 & 2023-24 (avg)","crime_band":6}},{"type":"Feature","geometry":{"type":"Polygon","coordinates":[[[145.15422,-37.51561],[145.15085,-37.53307],[145.09659,-37.52715],[145.09936,-37.5125],[145.09441,-37.51194],[145.09491,-37.51067],[145.093,-37.50816],[145.09344,-37.50605],[145.09135,-37.50538],[145.09156,-37.50425],[145.08258,-37.50316],[145.0866,-37.48159],[145.06841,-37.47932],[145.07278,-37.45657],[145.0693,-37.45514],[145.06677,-37.44979],[145.0729,-37.45054],[145.06788,-37.44605],[145.0683,-37.44503],[145.06691,-37.44213],[145.06778,-37.43861],[145.07324,-37.43948],[145.07578,-37.43856],[145.0808,-37.43983],[145.08216,-37.43805],[145.08238,-37.43542],[145.08057,-37.43487],[145.07893,-37.43241],[145.07929,-37.42633],[145.08555,-37.42496],[145.09283,-37.41983],[145.09513,-37.41948],[145.09603,-37.41797],[145.10465,-37.4124],[145.10768,-37.40829],[145.10509,-37.40554],[145.11073,-37.4032],[145.11108,-37.40174],[145.11288,-37.40222],[145.11397,-37.40701],[145.11556,-37.40925],[145.11529,-37.4102],[145.12237,-37.40944],[145.12498,-37.41025],[145.12976,-37.41897],[145.13278,-37.42031],[145.13678,-37.42556],[145.1413,-37.42824],[145.14624,-37.42827],[145.14743,-37.4246],[145.14696,-37.42194],[145.14978,-37.41957],[145.15033,-37.4149],[145.15456,-37.41287],[145.15703,-37.41302],[145.16178,-37.41494],[145.1659,-37.41313],[145.16987,-37.41651],[145.17143,-37.42002],[145.17372,-37.42029],[145.17852,-37.42359],[145.18468,-37.42192],[145.18651,-37.42215],[145.18727,-37.42323],[145.1868,-37.42602],[145.18824,-37.43045],[145.18718,-37.43248],[145.18868,-37.43675],[145.18557,-37.4438],[145.19056,-37.4449],[145.20024,-37.44403],[145.20281,-37.44713],[145.20532,-37.45295],[145.20896,-37.45695],[145.20954,-37.45939],[145.21646,-37.46442],[145.22115,-37.47177],[145.21861,-37.47317],[145.21196,-37.47392],[145.20766,-37.47578],[145.20529,-37.47552],[145.20015,-37.47318],[145.19399,-37.47419],[145.19048,-37.47208],[145.18225,-37.46956],[145.17715,-37.46457],[145.17381,-37.46526],[145.16956,-37.46768],[145.16627,-37.47418],[145.16397,-37.47445],[145.16119,-37.47597],[145.15422,-37.51561]]]},"properties":{"state":"VIC","src":"VIC-OpenStats","suburb":"Whittlesea","crime_index":26.0,"violent_pct":56.66,"dwelling_pct":4.66,"motor_pct":16.77,"rate_per100k":26.0,"year":"FY 2022-23 & 2023-24 (avg)","crime_band":2}},{"type":"Feature","geometry":{"type":"Polygon","coordinates":[[[144.7483,-37.87057],[144.73686,-37.8734],[144.73451,-37.8689],[144.73469,-37.86755],[144.73135,-37.86327],[144.73062,-37.85797],[144.73128,-37.85271],[144.75254,-37.85443],[144.75545,-37.85826],[144.75783,-37.86505],[144.7506,-37.86691],[144.75131,-37.86981],[144.7483,-37.87057]]]},"properties":{"state":"VIC","src":"VIC-OpenStats","suburb":"Williams Landing","crime_index":60.4,"violent_pct":52.96,"dwelling_pct":50.57,"motor_pct":77.56,"rate_per100k":60.4,"year":"FY 2022-23 & 2023-24 (avg)","crime_band":4}},{"type":"Feature","geometry":{"type":"Polygon","coordinates":[[[144.89465,-37.85097],[144.89677,-37.85059],[144.89848,-37.8512],[144.90155,-37.8537],[144.9031,-37.85757],[144.90259,-37.85896],[144.90355,-37.85935],[144.90393,-37.86172],[144.90608,-37.86234],[144.90763,-37.86179],[144.90859,-37.86242],[144.90974,-37.86153],[144.91156,-37.86205],[144.91355,-37.86408],[144.91328,-37.86478],[144.91553,-37.86553],[144.90805,-37.87069],[144.90291,-37.87274],[144.89581,-37.87008],[144.89216,-37.86759],[144.89016,-37.86747],[144.88819,-37.8685],[144.88517,-37.86829],[144.88366,-37.86736],[144.88384,-37.86614],[144.8814,-37.86567],[144.87955,-37.86642],[144.87949,-37.86765],[144.87863,-37.86807],[144.87444,-37.86358],[144.87465,-37.86171],[144.87232,-37.85998],[144.86311,-37.85777],[144.85857,-37.85772],[144.85178,-37.85574],[144.85294,-37.85239],[144.8627,-37.8551],[144.88954,-37.85789],[144.88629,-37.85145],[144.88753,-37.8495],[144.8884,-37.85025],[144.89465,-37.85097]]]},"properties":{"state":"VIC","src":"VIC-OpenStats","suburb":"Williamstown (Vic.)","crime_index":8.1,"violent_pct":12.59,"dwelling_pct":2.52,"motor_pct":9.06,"rate_per100k":8.1,"year":"FY 2022-23 & 2023-24 (avg)","crime_band":1}},{"type":"Feature","geometry":{"type":"Polygon","coordinates":[[[144.85795,-37.85382],[144.85294,-37.85239],[144.85373,-37.84953],[144.855,-37.84834],[144.85712,-37.84791],[144.87115,-37.84946],[144.87471,-37.84912],[144.88898,-37.85781],[144.8627,-37.8551],[144.85795,-37.85382]]]},"properties":{"state":"VIC","src":"VIC-OpenStats","suburb":"Williamstown North","crime_index":62.1,"violent_pct":63.29,"dwelling_pct":28.89,"motor_pct":94.11,"rate_per100k":62.1,"year":"FY 2022-23 & 2023-24 (avg)","crime_band":4}},{"type":"Feature","geometry":{"type":"Polygon","coordinates":[[[144.99338,-37.85184],[145.00244,-37.85308],[145.00137,-37.85899],[144.98333,-37.85564],[144.9836,-37.85413],[144.98176,-37.85325],[144.98371,-37.85349],[144.98383,-37.8528],[144.98145,-37.85242],[144.98122,-37.85178],[144.98246,-37.85186],[144.98236,-37.85042],[144.99338,-37.85184]]]},"properties":{"state":"VIC","src":"VIC-OpenStats","suburb":"Windsor (Vic.)","crime_index":72.5,"violent_pct":59.93,"dwelling_pct":66.93,"motor_pct":90.67,"rate_per100k":72.5,"year":"FY 2022-23 & 2023-24 (avg)","crime_band":5}},{"type":"Feature","geometry":{"type":"Polygon","coordinates":[[[145.01518,-37.565],[145.03244,-37.5669],[145.03244,-37.56422],[145.061,-37.56734],[145.0585,-37.58175],[145.06142,-37.58206],[145.05923,-37.59407],[145.05367,-37.59186],[145.05245,-37.5947],[145.05344,-37.59615],[145.04703,-37.59512],[145.0424,-37.62442],[144.95459,-37.61532],[144.95395,-37.61364],[144.9527,-37.61402],[144.95188,-37.61317],[144.95285,-37.61207],[144.95242,-37.61067],[144.95049,-37.61123],[144.94826,-37.6083],[144.9465,-37.60756],[144.94686,-37.60696],[144.95235,-37.60681],[144.95206,-37.60418],[144.9531,-37.60369],[144.95343,-37.6013],[144.95221,-37.59965],[144.95301,-37.59641],[144.9548,-37.5954],[144.95588,-37.59125],[144.95881,-37.59113],[144.95733,-37.58907],[144.95792,-37.58797],[144.95695,-37.58575],[144.9585,-37.58511],[144.9566,-37.5825],[144.95756,-37.58155],[144.95998,-37.58181],[144.96036,-37.58035],[144.96327,-37.57932],[144.96237,-37.57756],[144.96529,-37.57353],[144.96532,-37.57204],[144.96377,-37.57167],[144.96415,-37.56873],[144.96324,-37.56716],[144.96405,-37.56647],[144.9644,-37.56184],[144.96557,-37.56038],[144.96395,-37.55732],[144.97943,-37.5585],[144.99779,-37.56131],[145.01565,-37.5626],[145.01518,-37.565]]]},"properties":{"state":"VIC","src":"VIC-OpenStats","suburb":"Wollert","crime_index":31.7,"violent_pct":33.5,"dwelling_pct":36.16,"motor_pct":25.38,"rate_per100k":31.7,"year":"FY 2022-23 & 2023-24 (avg)","crime_band":3}},{"type":"Feature","geometry":{"type":"Polygon","coordinates":[[[145.27193,-37.76309],[145.27125,-37.76495],[145.27258,-37.7685],[145.26597,-37.76783],[145.26615,-37.76677],[145.25864,-37.7651],[145.25804,-37.7637],[145.25723,-37.76361],[145.25754,-37.76172],[145.25815,-37.76161],[145.25752,-37.75757],[145.25685,-37.75502],[145.25505,-37.75283],[145.25498,-37.75094],[145.2536,-37.74937],[145.25477,-37.74593],[145.25313,-37.74502],[145.25131,-37.74533],[145.2506,-37.74724],[145.24905,-37.74812],[145.24783,-37.74756],[145.24782,-37.74543],[145.2448,-37.74481],[145.24575,-37.74249],[145.24401,-37.74133],[145.24449,-37.73959],[145.24219,-37.73833],[145.24295,-37.73697],[145.24196,-37.73607],[145.24312,-37.73536],[145.24312,-37.7342],[145.24029,-37.73157],[145.2418,-37.73],[145.24227,-37.72808],[145.2402,-37.72717],[145.23661,-37.72705],[145.23639,-37.72377],[145.23474,-37.72116],[145.23654,-37.71989],[145.24094,-37.725],[145.24249,-37.72542],[145.24375,-37.72316],[145.24292,-37.72067],[145.24324,-37.71894],[145.24663,-37.7206],[145.24867,-37.72072],[145.24977,-37.7184],[145.25385,-37.71713],[145.25601,-37.71427],[145.25649,-37.71219],[145.2547,-37.71085],[145.25481,-37.71006],[145.2585,-37.7099],[145.26064,-37.70794],[145.26428,-37.70735],[145.26557,-37.70837],[145.26824,-37.70747],[145.27042,-37.70554],[145.26955,-37.70497],[145.26765,-37.70563],[145.26721,-37.70408],[145.26794,-37.70329],[145.27233,-37.70382],[145.27308,-37.70521],[145.27274,-37.70839],[145.27577,-37.71004],[145.27236,-37.71584],[145.27695,-37.71586],[145.2775,-37.71341],[145.28129,-37.71381],[145.28301,-37.71535],[145.28278,-37.71828],[145.2836,-37.71884],[145.28582,-37.71703],[145.28697,-37.71492],[145.2851,-37.71433],[145.28497,-37.71166],[145.28274,-37.70855],[145.28628,-37.7035],[145.29232,-37.70243],[145.29126,-37.70722],[145.28911,-37.70896],[145.29028,-37.70972],[145.2922,-37.70871],[145.29329,-37.70952],[145.29142,-37.71141],[145.2936,-37.71222],[145.29237,-37.71924],[145.29394,-37.72288],[145.29255,-37.72726],[145.28852,-37.72968],[145.28997,-37.73161],[145.29082,-37.73163],[145.28695,-37.7353],[145.28901,-37.74035],[145.29009,-37.74681],[145.29375,-37.74731],[145.29597,-37.74928],[145.29234,-37.7554],[145.29383,-37.7556],[145.29331,-37.7585],[145.29169,-37.75979],[145.29697,-37.76035],[145.29644,-37.76344],[145.27821,-37.76183],[145.27193,-37.76309]]]},"properties":{"state":"VIC","src":"VIC-OpenStats","suburb":"Wonga Park","crime_index":25.2,"violent_pct":15.64,"dwelling_pct":54.99,"motor_pct":4.91,"rate_per100k":25.2,"year":"FY 2022-23 & 2023-24 (avg)","crime_band":2}},{"type":"Feature","geometry":{"type":"Polygon","coordinates":[[[145.56433,-37.80259],[145.56436,-37.80489],[145.57641,-37.80623],[145.57577,-37.80976],[145.53846,-37.82359],[145.53451,-37.81932],[145.53217,-37.81539],[145.5313,-37.81107],[145.53413,-37.81136],[145.53472,-37.80781],[145.5379,-37.80813],[145.53818,-37.80637],[145.5368,-37.8037],[145.53262,-37.80198],[145.52619,-37.80471],[145.52467,-37.80308],[145.52449,-37.80116],[145.52197,-37.80047],[145.52063,-37.79877],[145.51855,-37.7985],[145.51885,-37.79728],[145.51717,-37.79737],[145.5165,-37.79576],[145.51841,-37.79379],[145.51782,-37.79326],[145.51945,-37.79278],[145.5193,-37.79353],[145.52024,-37.79351],[145.52065,-37.79246],[145.52001,-37.79191],[145.52065,-37.79067],[145.51822,-37.78791],[145.51994,-37.78672],[145.51548,-37.78705],[145.51466,-37.788],[145.51332,-37.78767],[145.51205,-37.78859],[145.51192,-37.78686],[145.51018,-37.7872],[145.50981,-37.78672],[145.51095,-37.78614],[145.50877,-37.78605],[145.5096,-37.7843],[145.50831,-37.78378],[145.50761,-37.78219],[145.50807,-37.78156],[145.50731,-37.78094],[145.50864,-37.78055],[145.50697,-37.77962],[145.50873,-37.77952],[145.50762,-37.77882],[145.50873,-37.77845],[145.50807,-37.77798],[145.5089,-37.77794],[145.50841,-37.77732],[145.50935,-37.77744],[145.50923,-37.77655],[145.50799,-37.77682],[145.50763,-37.77583],[145.50902,-37.77562],[145.50949,-37.7763],[145.50931,-37.77546],[145.51038,-37.77581],[145.50988,-37.77491],[145.51107,-37.77433],[145.5095,-37.77458],[145.50999,-37.77342],[145.50944,-37.77286],[145.51044,-37.77234],[145.51134,-37.77303],[145.51198,-37.77164],[145.51231,-37.77289],[145.51301,-37.77159],[145.51333,-37.77264],[145.51262,-37.77297],[145.51341,-37.77367],[145.51466,-37.772],[145.51361,-37.77151],[145.51435,-37.77089],[145.51241,-37.77014],[145.51382,-37.76883],[145.51291,-37.76882],[145.5138,-37.76771],[145.51283,-37.76743],[145.51351,-37.76566],[145.51189,-37.76631],[145.51166,-37.76558],[145.51248,-37.76512],[145.51132,-37.76532],[145.51157,-37.7646],[145.51034,-37.76403],[145.51103,-37.76235],[145.51295,-37.76223],[145.51307,-37.76157],[145.51111,-37.76117],[145.51203,-37.75984],[145.51265,-37.76061],[145.51325,-37.75976],[145.51263,-37.75854],[145.51343,-37.75699],[145.51285,-37.75693],[145.514,-37.75586],[145.51196,-37.75565],[145.51232,-37.75427],[145.51071,-37.75392],[145.51023,-37.75466],[145.50936,-37.75352],[145.51123,-37.75334],[145.51059,-37.75283],[145.51122,-37.75247],[145.51212,-37.75299],[145.5109,-37.75208],[145.51137,-37.75071],[145.51019,-37.7502],[145.51101,-37.75006],[145.5106,-37.74935],[145.51193,-37.74951],[145.51129,-37.74895],[145.51164,-37.74726],[145.51112,-37.74767],[145.51085,-37.74705],[145.51062,-37.74787],[145.51017,-37.74653],[145.50943,-37.74717],[145.50874,-37.74631],[145.50928,-37.74526],[145.51621,-37.74254],[145.51405,-37.74186],[145.51406,-37.74078],[145.51512,-37.7407],[145.51498,-37.73978],[145.51707,-37.73999],[145.52091,-37.73691],[145.53003,-37.73839],[145.53267,-37.73539],[145.54122,-37.73635],[145.53838,-37.75082],[145.53848,-37.75932],[145.53318,-37.76349],[145.53262,-37.76726],[145.53642,-37.7698],[145.53859,-37.774],[145.54137,-37.77297],[145.54662,-37.77346],[145.54856,-37.77293],[145.55457,-37.78023],[145.55964,-37.78285],[145.55919,-37.78529],[145.55712,-37.78761],[145.55726,-37.78979],[145.55876,-37.79409],[145.5638,-37.79388],[145.56433,-37.80259]]]},"properties":{"state":"VIC","src":"VIC-OpenStats","suburb":"Woori Yallock","crime_index":16.5,"violent_pct":23.95,"dwelling_pct":11.23,"motor_pct":14.34,"rate_per100k":16.5,"year":"FY 2022-23 & 2023-24 (avg)","crime_band":1}},{"type":"Feature","geometry":{"type":"Polygon","coordinates":[[[144.58654,-37.8536],[144.57473,-37.84562],[144.55895,-37.84071],[144.57908,-37.82339],[144.57851,-37.82185],[144.57985,-37.82027],[144.58283,-37.82055],[144.58464,-37.81887],[144.58582,-37.81934],[144.58659,-37.81868],[144.58692,-37.81621],[144.58812,-37.81604],[144.59149,-37.82226],[144.59043,-37.82408],[144.58926,-37.82398],[144.58877,-37.82478],[144.59169,-37.82551],[144.59672,-37.82425],[144.60318,-37.82712],[144.60442,-37.82863],[144.60283,-37.83037],[144.60314,-37.83244],[144.60571,-37.83337],[144.60812,-37.8355],[144.61066,-37.83577],[144.60897,-37.83853],[144.6093,-37.83951],[144.61788,-37.84297],[144.61692,-37.84683],[144.61875,-37.84869],[144.61906,-37.8515],[144.62023,-37.85196],[144.62182,-37.85128],[144.62364,-37.85226],[144.62426,-37.85529],[144.62548,-37.85582],[144.62515,-37.8574],[144.62273,-37.85826],[144.62365,-37.86009],[144.62684,-37.86125],[144.62994,-37.86112],[144.63348,-37.86423],[144.63548,-37.86764],[144.63681,-37.86756],[144.63859,-37.86558],[144.64381,-37.86673],[144.64686,-37.86625],[144.64627,-37.86981],[144.64766,-37.87051],[144.65196,-37.86756],[144.65316,-37.86756],[144.65362,-37.8688],[144.65054,-37.8709],[144.65204,-37.87362],[144.65127,-37.87463],[144.65248,-37.87634],[144.64877,-37.87987],[144.64233,-37.87875],[144.64254,-37.88007],[144.64038,-37.8834],[144.64256,-37.8879],[144.63446,-37.887],[144.63376,-37.88897],[144.63287,-37.88886],[144.63124,-37.89289],[144.63112,-37.90005],[144.62884,-37.90176],[144.60505,-37.89895],[144.60705,-37.88434],[144.61143,-37.8838],[144.61492,-37.88583],[144.61834,-37.87835],[144.609,-37.86855],[144.58654,-37.8536]]]},"properties":{"state":"VIC","src":"VIC-OpenStats","suburb":"Wyndham Vale","crime_index":53.1,"violent_pct":75.23,"dwelling_pct":51.07,"motor_pct":33.08,"rate_per100k":53.1,"year":"FY 2022-23 & 2023-24 (avg)","crime_band":4}},{"type":"Feature","geometry":{"type":"Polygon","coordinates":[[[145.10068,-37.72707],[145.09982,-37.72698],[145.09947,-37.72901],[145.09726,-37.72873],[145.09027,-37.73009],[145.08409,-37.73196],[145.07841,-37.73521],[145.0812,-37.71945],[145.09559,-37.7211],[145.09577,-37.71999],[145.09428,-37.71844],[145.09965,-37.71866],[145.11067,-37.72029],[145.11043,-37.72108],[145.11199,-37.72177],[145.11046,-37.72254],[145.10923,-37.72167],[145.10677,-37.72338],[145.10811,-37.72518],[145.10969,-37.72586],[145.10661,-37.72626],[145.10771,-37.7287],[145.10711,-37.73],[145.1012,-37.72923],[145.10153,-37.72715],[145.10068,-37.72707]]]},"properties":{"state":"VIC","src":"VIC-OpenStats","suburb":"Yallambie","crime_index":8.2,"violent_pct":2.91,"dwelling_pct":11.82,"motor_pct":9.73,"rate_per100k":8.2,"year":"FY 2022-23 & 2023-24 (avg)","crime_band":1}},{"type":"Feature","geometry":{"type":"Polygon","coordinates":[[[145.37483,-37.66202],[145.37213,-37.66418],[145.37047,-37.6643],[145.37178,-37.66625],[145.36904,-37.66495],[145.36894,-37.66582],[145.37073,-37.66755],[145.36886,-37.66836],[145.36826,-37.6673],[145.36725,-37.66845],[145.36549,-37.66825],[145.36519,-37.67029],[145.36396,-37.6698],[145.36229,-37.6706],[145.36199,-37.67142],[145.36339,-37.67431],[145.36236,-37.67419],[145.3589,-37.67092],[145.35674,-37.67161],[145.35653,-37.67299],[145.35495,-37.67301],[145.35372,-37.67464],[145.35404,-37.67599],[145.3528,-37.67624],[145.35294,-37.67968],[145.35202,-37.68061],[145.35299,-37.68138],[145.35258,-37.68241],[145.35048,-37.6811],[145.35079,-37.68008],[145.34988,-37.679],[145.34773,-37.67938],[145.34951,-37.67677],[145.34747,-37.67721],[145.34733,-37.6758],[145.34547,-37.67475],[145.34658,-37.67401],[145.34387,-37.67348],[145.34118,-37.67665],[145.33927,-37.67581],[145.33739,-37.6778],[145.33695,-37.68118],[145.33807,-37.6822],[145.33676,-37.68286],[145.33239,-37.67997],[145.33188,-37.67772],[145.3325,-37.67704],[145.33129,-37.67608],[145.33037,-37.67192],[145.3326,-37.67056],[145.33553,-37.66235],[145.33868,-37.66129],[145.33905,-37.66014],[145.34193,-37.65855],[145.34365,-37.65619],[145.34579,-37.65572],[145.3478,-37.64866],[145.35389,-37.6439],[145.3532,-37.63992],[145.35561,-37.63077],[145.35845,-37.62747],[145.35832,-37.62518],[145.35608,-37.62254],[145.35784,-37.61866],[145.36305,-37.61698],[145.37134,-37.61791],[145.37211,-37.62026],[145.38574,-37.62208],[145.38698,-37.62181],[145.38742,-37.61964],[145.40978,-37.62222],[145.40982,-37.61954],[145.41629,-37.62039],[145.42475,-37.62828],[145.42646,-37.63331],[145.42377,-37.64024],[145.41897,-37.64343],[145.41628,-37.65607],[145.41719,-37.65584],[145.41783,-37.65738],[145.419,-37.66429],[145.41437,-37.66589],[145.41323,-37.66541],[145.41102,-37.66792],[145.41066,-37.6669],[145.40919,-37.66704],[145.40942,-37.66828],[145.40822,-37.66823],[145.40732,-37.67078],[145.40677,-37.6758],[145.40497,-37.67427],[145.40384,-37.67497],[145.40317,-37.67412],[145.40085,-37.67581],[145.39938,-37.67281],[145.40138,-37.67306],[145.39961,-37.67121],[145.39938,-37.66962],[145.3977,-37.66827],[145.39458,-37.66749],[145.39385,-37.66648],[145.39257,-37.66733],[145.39189,-37.66613],[145.38901,-37.66692],[145.38992,-37.66485],[145.38814,-37.66441],[145.38709,-37.6653],[145.38587,-37.6647],[145.38639,-37.66353],[145.38399,-37.66308],[145.38537,-37.66273],[145.3851,-37.66196],[145.38336,-37.66179],[145.38232,-37.66284],[145.38158,-37.66058],[145.37896,-37.65979],[145.37833,-37.66071],[145.37703,-37.6602],[145.37483,-37.66202]]]},"properties":{"state":"VIC","src":"VIC-OpenStats","suburb":"Yarra Glen","crime_index":19.1,"violent_pct":41.27,"dwelling_pct":10.56,"motor_pct":5.52,"rate_per100k":19.1,"year":"FY 2022-23 & 2023-24 (avg)","crime_band":2}},{"type":"Feature","geometry":{"type":"Polygon","coordinates":[[[145.63982,-37.78903],[145.64955,-37.7939],[145.65114,-37.79541],[145.65475,-37.80285],[145.65369,-37.80883],[145.65478,-37.81049],[145.65094,-37.81065],[145.63894,-37.80839],[145.63722,-37.81653],[145.63381,-37.81606],[145.6319,-37.82497],[145.6225,-37.82341],[145.62284,-37.82115],[145.62138,-37.81426],[145.62242,-37.80998],[145.60979,-37.80812],[145.61064,-37.8047],[145.60946,-37.80226],[145.60707,-37.79931],[145.60358,-37.79737],[145.60244,-37.79504],[145.60309,-37.79358],[145.59979,-37.78395],[145.59999,-37.77906],[145.59839,-37.77665],[145.59695,-37.77599],[145.59714,-37.77474],[145.60006,-37.77453],[145.59997,-37.77514],[145.60139,-37.77519],[145.60252,-37.77623],[145.60334,-37.77566],[145.60332,-37.7767],[145.60466,-37.77696],[145.60545,-37.77198],[145.60762,-37.77187],[145.60806,-37.76844],[145.60901,-37.76897],[145.60842,-37.77033],[145.60991,-37.76998],[145.61223,-37.77131],[145.615,-37.77065],[145.61456,-37.77215],[145.61553,-37.77252],[145.61631,-37.77222],[145.61583,-37.77176],[145.61741,-37.76876],[145.63134,-37.77041],[145.63102,-37.7731],[145.63462,-37.77344],[145.63561,-37.77421],[145.63512,-37.77761],[145.63711,-37.77775],[145.63875,-37.77903],[145.6382,-37.77947],[145.64043,-37.78121],[145.63966,-37.78167],[145.64166,-37.78323],[145.64029,-37.78433],[145.64133,-37.78515],[145.63982,-37.78903]]]},"properties":{"state":"VIC","src":"VIC-OpenStats","suburb":"Yarra Junction","crime_index":41.1,"violent_pct":80.29,"dwelling_pct":27.38,"motor_pct":15.69,"rate_per100k":41.1,"year":"FY 2022-23 & 2023-24 (avg)","crime_band":3}},{"type":"Feature","geometry":{"type":"Polygon","coordinates":[[[145.16657,-37.62474],[145.16895,-37.62983],[145.1688,-37.63112],[145.16378,-37.63053],[145.16164,-37.63656],[145.16313,-37.63816],[145.16091,-37.6393],[145.1627,-37.64152],[145.15798,-37.64218],[145.15714,-37.64305],[145.15684,-37.64478],[145.15836,-37.64755],[145.14978,-37.6469],[145.14952,-37.64841],[145.15065,-37.64898],[145.15067,-37.65323],[145.14639,-37.65275],[145.1459,-37.65072],[145.14418,-37.65075],[145.14384,-37.65253],[145.13933,-37.65196],[145.13888,-37.6542],[145.14321,-37.65566],[145.14267,-37.65837],[145.13627,-37.65775],[145.13699,-37.65428],[145.13324,-37.65386],[145.13381,-37.65163],[145.13296,-37.65155],[145.13214,-37.64923],[145.1307,-37.649],[145.13085,-37.64808],[145.1297,-37.64796],[145.12937,-37.64997],[145.1248,-37.65272],[145.12095,-37.65118],[145.12151,-37.65064],[145.1198,-37.65044],[145.11914,-37.65185],[145.11803,-37.65173],[145.11757,-37.65436],[145.10763,-37.65335],[145.10375,-37.6521],[145.10438,-37.65129],[145.10337,-37.65013],[145.10769,-37.64852],[145.10442,-37.64691],[145.10559,-37.64615],[145.10573,-37.6451],[145.10353,-37.64416],[145.10304,-37.64272],[145.1047,-37.64069],[145.10166,-37.64059],[145.10262,-37.63966],[145.10192,-37.63856],[145.10779,-37.64008],[145.10948,-37.63912],[145.11019,-37.63738],[145.10813,-37.63784],[145.10974,-37.63503],[145.1089,-37.63331],[145.11146,-37.63278],[145.10875,-37.6312],[145.11435,-37.6306],[145.11471,-37.6299],[145.11321,-37.62831],[145.11503,-37.62722],[145.11861,-37.628],[145.12016,-37.62627],[145.12244,-37.6267],[145.12161,-37.62488],[145.1228,-37.62346],[145.12249,-37.62253],[145.12801,-37.62296],[145.12866,-37.61918],[145.13925,-37.62039],[145.13942,-37.61951],[145.14154,-37.61974],[145.14193,-37.61745],[145.14555,-37.61786],[145.14469,-37.62278],[145.15332,-37.62497],[145.15308,-37.62575],[145.15578,-37.62693],[145.15723,-37.62615],[145.1576,-37.62472],[145.16258,-37.62532],[145.16357,-37.61975],[145.16622,-37.61996],[145.16534,-37.62425],[145.16657,-37.62474]]]},"properties":{"state":"VIC","src":"VIC-OpenStats","suburb":"Yarrambat","crime_index":11.1,"violent_pct":8.43,"dwelling_pct":4.45,"motor_pct":20.47,"rate_per100k":11.1,"year":"FY 2022-23 & 2023-24 (avg)","crime_band":1}},{"type":"Feature","geometry":{"type":"Polygon","coordinates":[[[144.88986,-37.80977],[144.89076,-37.80929],[144.89849,-37.81074],[144.89826,-37.81124],[144.90106,-37.81204],[144.89986,-37.81466],[144.90546,-37.81528],[144.90661,-37.82016],[144.90614,-37.82224],[144.90557,-37.82287],[144.89586,-37.82178],[144.89493,-37.82699],[144.89308,-37.82553],[144.88896,-37.82465],[144.88689,-37.82257],[144.88431,-37.8246],[144.8812,-37.82471],[144.8811,-37.82528],[144.87094,-37.82422],[144.85779,-37.82443],[144.85984,-37.81382],[144.86923,-37.81119],[144.88347,-37.81281],[144.88417,-37.8092],[144.88986,-37.80977]]]},"properties":{"state":"VIC","src":"VIC-OpenStats","suburb":"Yarraville","crime_index":56.5,"violent_pct":24.89,"dwelling_pct":58.81,"motor_pct":85.73,"rate_per100k":56.5,"year":"FY 2022-23 & 2023-24 (avg)","crime_band":4}},{"type":"Feature","geometry":{"type":"Polygon","coordinates":[[[115.86395,-31.83247],[115.85835,-31.83541],[115.85462,-31.83589],[115.85229,-31.82922],[115.85417,-31.82501],[115.85437,-31.82094],[115.87715,-31.82105],[115.87692,-31.83502],[115.86738,-31.83238],[115.86395,-31.83247]]]},"properties":{"state":"WA","src":"WA-OpenStats","suburb":"Alexander Heights","crime_index":44.6,"violent_pct":19.88,"dwelling_pct":37.55,"motor_pct":76.34,"rate_per100k":44.6,"year":"FY 2022-23 & 2023-24 (avg)","crime_band":3}},{"type":"Feature","geometry":{"type":"Polygon","coordinates":[[[115.82427,-32.03132],[115.82428,-32.0335],[115.82327,-32.03351],[115.82336,-32.03624],[115.81066,-32.03636],[115.81069,-32.03761],[115.80865,-32.03762],[115.8086,-32.03217],[115.81568,-32.03093],[115.81557,-32.02875],[115.81931,-32.02654],[115.8204,-32.02622],[115.82149,-32.02801],[115.82137,-32.02968],[115.82426,-32.02962],[115.82427,-32.03132]]]},"properties":{"state":"WA","src":"WA-OpenStats","suburb":"Alfred Cove","crime_index":37.6,"violent_pct":9.93,"dwelling_pct":39.62,"motor_pct":63.28,"rate_per100k":37.6,"year":"FY 2022-23 & 2023-24 (avg)","crime_band":3}},{"type":"Feature","geometry":{"type":"Polygon","coordinates":[[[115.68512,-31.59943],[115.70191,-31.59939],[115.70503,-31.5974],[115.71192,-31.60716],[115.71709,-31.62456],[115.70872,-31.62447],[115.70872,-31.63122],[115.6686,-31.63124],[115.66373,-31.62206],[115.6629,-31.6143],[115.65324,-31.60291],[115.65206,-31.59928],[115.65459,-31.59928],[115.65424,-31.59868],[115.65568,-31.59823],[115.65579,-31.59894],[115.66295,-31.5993],[115.67722,-31.59908],[115.67715,-31.59762],[115.67786,-31.59744],[115.68136,-31.59971],[115.68512,-31.59943]]]},"properties":{"state":"WA","src":"WA-OpenStats","suburb":"Alkimos","crime_index":24.9,"violent_pct":37.1,"dwelling_pct":26.81,"motor_pct":10.73,"rate_per100k":24.9,"year":"FY 2022-23 & 2023-24 (avg)","crime_band":2}},{"type":"Feature","geometry":{"type":"Polygon","coordinates":[[[115.84072,-32.0168],[115.83303,-32.02089],[115.82451,-32.02866],[115.82137,-32.02968],[115.82149,-32.02801],[115.82039,-32.0262],[115.82467,-32.02399],[115.82819,-32.01829],[115.82935,-32.01154],[115.82873,-32.00646],[115.83273,-32.00552],[115.83508,-32.00665],[115.83693,-32.00657],[115.84017,-32.00506],[115.84164,-32.00252],[115.84643,-32.00171],[115.84585,-32.00394],[115.84733,-32.00479],[115.84834,-32.00876],[115.85195,-32.01006],[115.85256,-32.01124],[115.84692,-32.01393],[115.84672,-32.01517],[115.84509,-32.01599],[115.84441,-32.01504],[115.84072,-32.0168]]]},"properties":{"state":"WA","src":"WA-OpenStats","suburb":"Applecross","crime_index":52.4,"violent_pct":17.86,"dwelling_pct":74.16,"motor_pct":65.2,"rate_per100k":52.4,"year":"FY 2022-23 & 2023-24 (avg)","crime_band":4}},{"type":"Feature","geometry":{"type":"Polygon","coordinates":[[[115.84427,-32.0311],[115.8443,-32.03285],[115.83841,-32.03291],[115.83096,-32.03183],[115.83103,-32.03347],[115.82428,-32.0335],[115.82426,-32.02962],[115.82347,-32.0292],[115.83303,-32.02089],[115.83949,-32.01739],[115.84462,-32.02421],[115.84427,-32.0311]]]},"properties":{"state":"WA","src":"WA-OpenStats","suburb":"Ardross","crime_index":33.9,"violent_pct":4.97,"dwelling_pct":74.18,"motor_pct":22.5,"rate_per100k":33.9,"year":"FY 2022-23 & 2023-24 (avg)","crime_band":3}},{"type":"Feature","geometry":{"type":"MultiPolygon","coordinates":[[[[116.00634,-32.13303],[116.00856,-32.13487],[116.01026,-32.1351],[116.01084,-32.13197],[116.01281,-32.13199],[116.01277,-32.13303],[116.01425,-32.13306],[116.01798,-32.13196],[116.01729,-32.14213],[116.02175,-32.14986],[116.01858,-32.15327],[116.01517,-32.17206],[116.00868,-32.17769],[116.00995,-32.16655],[116.00769,-32.16641],[116.00598,-32.16755],[116.00486,-32.165],[115.98402,-32.14715],[115.9909,-32.14709],[115.99087,-32.14596],[116.00634,-32.13303]]],[[[116.02489,-32.14895],[116.02466,-32.14966],[116.02658,-32.14984],[116.02604,-32.15085],[116.02241,-32.15113],[116.02175,-32.14986],[116.02489,-32.14895]]]]},"properties":{"state":"WA","src":"WA-OpenStats","suburb":"Armadale (WA)","crime_index":95.1,"violent_pct":96.03,"dwelling_pct":94.28,"motor_pct":94.99,"rate_per100k":95.1,"year":"FY 2022-23 & 2023-24 (avg)","crime_band":6}},{"type":"Feature","geometry":{"type":"Polygon","coordinates":[[[115.93337,-31.93724],[115.92197,-31.94407],[115.91953,-31.94639],[115.91899,-31.94846],[115.91817,-31.94826],[115.91795,-31.94676],[115.91898,-31.94423],[115.91533,-31.94476],[115.91105,-31.94116],[115.91015,-31.93954],[115.91024,-31.9411],[115.90916,-31.94038],[115.90866,-31.93909],[115.9112,-31.93569],[115.90977,-31.93684],[115.91037,-31.93577],[115.91209,-31.93497],[115.91204,-31.9357],[115.91231,-31.93475],[115.91556,-31.93336],[115.93645,-31.93094],[115.93906,-31.9289],[115.94031,-31.92141],[115.94126,-31.92039],[115.94931,-31.92335],[115.95142,-31.92305],[115.95378,-31.92035],[115.95601,-31.92223],[115.94995,-31.92717],[115.94117,-31.93233],[115.94254,-31.93231],[115.94395,-31.93355],[115.94257,-31.9347],[115.94032,-31.9329],[115.93337,-31.93724]]]},"properties":{"state":"WA","src":"WA-OpenStats","suburb":"Ascot (WA)","crime_index":79.6,"violent_pct":62.17,"dwelling_pct":84.48,"motor_pct":92.19,"rate_per100k":79.6,"year":"FY 2022-23 & 2023-24 (avg)","crime_band":5}},{"type":"Feature","geometry":{"type":"Polygon","coordinates":[[[115.80078,-31.73802],[115.79628,-31.74042],[115.78852,-31.72778],[115.80549,-31.72786],[115.80543,-31.7311],[115.80078,-31.73802]]]},"properties":{"state":"WA","src":"WA-OpenStats","suburb":"Ashby (WA)","crime_index":10.4,"violent_pct":21.49,"dwelling_pct":6.56,"motor_pct":3.21,"rate_per100k":10.4,"year":"FY 2022-23 & 2023-24 (avg)","crime_band":1}},{"type":"Feature","geometry":{"type":"Polygon","coordinates":[[[115.93541,-31.91327],[115.93785,-31.91124],[115.94359,-31.91656],[115.94129,-31.91782],[115.94214,-31.91968],[115.93989,-31.92074],[115.93874,-31.92444],[115.93486,-31.92116],[115.93658,-31.91979],[115.93189,-31.91625],[115.93541,-31.91327]]]},"properties":{"state":"WA","src":"WA-OpenStats","suburb":"Ashfield (WA)","crime_index":88.5,"violent_pct":88.78,"dwelling_pct":83.17,"motor_pct":93.43,"rate_per100k":88.5,"year":"FY 2022-23 & 2023-24 (avg)","crime_band":6}},{"type":"Feature","geometry":{"type":"Polygon","coordinates":[[[115.81568,-32.03093],[115.81035,-32.03206],[115.80014,-32.03254],[115.7923,-32.03445],[115.79273,-32.03333],[115.79361,-32.03332],[115.79354,-32.02936],[115.79227,-32.02849],[115.79223,-32.02532],[115.79223,-32.02456],[115.79349,-32.02457],[115.79337,-32.01415],[115.80031,-32.01772],[115.80758,-32.01931],[115.81499,-32.02339],[115.81541,-32.02577],[115.81207,-32.02709],[115.81266,-32.0289],[115.81557,-32.02875],[115.81568,-32.03093]]]},"properties":{"state":"WA","src":"WA-OpenStats","suburb":"Attadale","crime_index":30.1,"violent_pct":7.72,"dwelling_pct":51.16,"motor_pct":31.45,"rate_per100k":30.1,"year":"FY 2022-23 & 2023-24 (avg)","crime_band":2}},{"type":"Feature","geometry":{"type":"Polygon","coordinates":[[[115.86953,-32.15725],[115.85738,-32.1574],[115.86008,-32.14725],[115.85941,-32.12764],[115.86536,-32.1268],[115.8691,-32.12791],[115.86913,-32.13468],[115.8715,-32.138],[115.87134,-32.14802],[115.87069,-32.15061],[115.86977,-32.15138],[115.8747,-32.15722],[115.86953,-32.15725]]]},"properties":{"state":"WA","src":"WA-OpenStats","suburb":"Atwell","crime_index":21.2,"violent_pct":23.73,"dwelling_pct":20.38,"motor_pct":19.52,"rate_per100k":21.2,"year":"FY 2022-23 & 2023-24 (avg)","crime_band":2}},{"type":"Feature","geometry":{"type":"Polygon","coordinates":[[[115.86731,-32.17392],[115.86119,-32.17396],[115.86127,-32.18039],[115.85719,-32.18063],[115.85655,-32.16231],[115.85738,-32.1574],[115.86859,-32.15727],[115.86865,-32.1628],[115.86972,-32.16279],[115.86984,-32.1739],[115.86731,-32.17392]]]},"properties":{"state":"WA","src":"WA-OpenStats","suburb":"Aubin Grove","crime_index":11.5,"violent_pct":8.05,"dwelling_pct":12.24,"motor_pct":14.16,"rate_per100k":11.5,"year":"FY 2022-23 & 2023-24 (avg)","crime_band":1}},{"type":"Feature","geometry":{"type":"Polygon","coordinates":[[[116.00144,-31.79163],[115.9962,-31.79163],[115.99094,-31.79568],[115.97899,-31.79563],[115.9787,-31.78232],[115.97785,-31.78064],[115.97889,-31.78013],[115.97935,-31.76612],[115.98278,-31.76668],[115.98547,-31.76558],[115.98902,-31.76614],[115.98909,-31.7681],[116.0022,-31.77051],[116.00022,-31.7745],[115.99846,-31.7742],[115.99839,-31.77654],[115.99762,-31.77721],[115.99902,-31.77788],[115.99927,-31.77958],[116.00024,-31.78065],[116.00155,-31.7806],[116.00211,-31.78191],[116.0006,-31.78444],[116.00251,-31.78835],[116.00403,-31.78954],[116.00144,-31.79163]]]},"properties":{"state":"WA","src":"WA-OpenStats","suburb":"Aveley","crime_index":17.3,"violent_pct":21.18,"dwelling_pct":19.62,"motor_pct":11.12,"rate_per100k":17.3,"year":"FY 2022-23 & 2023-24 (avg)","crime_band":1}},{"type":"Feature","geometry":{"type":"Polygon","coordinates":[[[115.83078,-31.87129],[115.8376,-31.88886],[115.82832,-31.88888],[115.8283,-31.89034],[115.82016,-31.89025],[115.81991,-31.88579],[115.82287,-31.88084],[115.81757,-31.88073],[115.82067,-31.87746],[115.82078,-31.87641],[115.81006,-31.87637],[115.80997,-31.87365],[115.80445,-31.87362],[115.80743,-31.8666],[115.80119,-31.86797],[115.80151,-31.86096],[115.80045,-31.85646],[115.80805,-31.85625],[115.82619,-31.85936],[115.83078,-31.87129]]]},"properties":{"state":"WA","src":"WA-OpenStats","suburb":"Balcatta","crime_index":69.8,"violent_pct":52.42,"dwelling_pct":79.54,"motor_pct":77.32,"rate_per100k":69.8,"year":"FY 2022-23 & 2023-24 (avg)","crime_band":4}},{"type":"Feature","geometry":{"type":"Polygon","coordinates":[[[115.81809,-32.38599],[115.80839,-32.39001],[115.80102,-32.38998],[115.78589,-32.38642],[115.7832,-32.3827],[115.77676,-32.38294],[115.78795,-32.3479],[115.79125,-32.32434],[115.79308,-32.31624],[115.79634,-32.30937],[115.79733,-32.29687],[115.79596,-32.29033],[115.79615,-32.28549],[115.79855,-32.28671],[115.81199,-32.28747],[115.82413,-32.28062],[115.84156,-32.2728],[115.84661,-32.27197],[115.8559,-32.27337],[115.87234,-32.27802],[115.87679,-32.28179],[115.88407,-32.29043],[115.88974,-32.29212],[115.87522,-32.33259],[115.86372,-32.34118],[115.85518,-32.34633],[115.8526,-32.35075],[115.85181,-32.35409],[115.85332,-32.36349],[115.85222,-32.36867],[115.84688,-32.37271],[115.84127,-32.37428],[115.8356,-32.37889],[115.83559,-32.3868],[115.83247,-32.38595],[115.81809,-32.38599]]]},"properties":{"state":"WA","src":"WA-OpenStats","suburb":"Baldivis","crime_index":37.9,"violent_pct":41.05,"dwelling_pct":34.38,"motor_pct":38.23,"rate_per100k":37.9,"year":"FY 2022-23 & 2023-24 (avg)","crime_band":3}},{"type":"Feature","geometry":{"type":"Polygon","coordinates":[[[115.83191,-31.84603],[115.83762,-31.84835],[115.85532,-31.84854],[115.85517,-31.8657],[115.8418,-31.8649],[115.83325,-31.86107],[115.82619,-31.85936],[115.82346,-31.85208],[115.8239,-31.84674],[115.82313,-31.84248],[115.82706,-31.84196],[115.82669,-31.84241],[115.83191,-31.84603]]]},"properties":{"state":"WA","src":"WA-OpenStats","suburb":"Balga","crime_index":92.2,"violent_pct":85.73,"dwelling_pct":96.93,"motor_pct":93.85,"rate_per100k":92.2,"year":"FY 2022-23 & 2023-24 (avg)","crime_band":6}},{"type":"Feature","geometry":{"type":"Polygon","coordinates":[[[115.88397,-31.82268],[115.89166,-31.82875],[115.90558,-31.82888],[115.90555,-31.83683],[115.91672,-31.84226],[115.91745,-31.84539],[115.91699,-31.85552],[115.89996,-31.85534],[115.89375,-31.85059],[115.89378,-31.84597],[115.89095,-31.84592],[115.88983,-31.84513],[115.88815,-31.84596],[115.87771,-31.84595],[115.87691,-31.84039],[115.87715,-31.82107],[115.88058,-31.82131],[115.88397,-31.82268]]]},"properties":{"state":"WA","src":"WA-OpenStats","suburb":"Ballajura","crime_index":49.8,"violent_pct":39.27,"dwelling_pct":49.19,"motor_pct":60.91,"rate_per100k":49.8,"year":"FY 2022-23 & 2023-24 (avg)","crime_band":3}},{"type":"Feature","geometry":{"type":"Polygon","coordinates":[[[115.8975,-32.14574],[115.89779,-32.1772],[115.89864,-32.18023],[115.86127,-32.18039],[115.86119,-32.17396],[115.86984,-32.1739],[115.86972,-32.16279],[115.86865,-32.1628],[115.86859,-32.15727],[115.8747,-32.15722],[115.86977,-32.15138],[115.87069,-32.15061],[115.87134,-32.14802],[115.8715,-32.138],[115.86913,-32.13468],[115.8691,-32.12791],[115.87701,-32.13128],[115.88564,-32.1337],[115.89107,-32.13361],[115.89739,-32.13633],[115.8975,-32.14574]]]},"properties":{"state":"WA","src":"WA-OpenStats","suburb":"Banjup","crime_index":52.3,"violent_pct":51.86,"dwelling_pct":48.15,"motor_pct":56.83,"rate_per100k":52.3,"year":"FY 2022-23 & 2023-24 (avg)","crime_band":4}},{"type":"Feature","geometry":{"type":"Polygon","coordinates":[[[115.81038,-31.68577],[115.81904,-31.68575],[115.81582,-31.69561],[115.80589,-31.71528],[115.80419,-31.71019],[115.79423,-31.70005],[115.79448,-31.68696],[115.79733,-31.6858],[115.81038,-31.68577]]]},"properties":{"state":"WA","src":"WA-OpenStats","suburb":"Banksia Grove","crime_index":65.4,"violent_pct":69.88,"dwelling_pct":61.32,"motor_pct":65.14,"rate_per100k":65.4,"year":"FY 2022-23 & 2023-24 (avg)","crime_band":4}},{"type":"Feature","geometry":{"type":"Polygon","coordinates":[[[115.80738,-32.56332],[115.80445,-32.56879],[115.79914,-32.56707],[115.76664,-32.54235],[115.76943,-32.5415],[115.77264,-32.54413],[115.77445,-32.54384],[115.77465,-32.54161],[115.77346,-32.53949],[115.77476,-32.53778],[115.77573,-32.53405],[115.77377,-32.53042],[115.77836,-32.52805],[115.77653,-32.52581],[115.78177,-32.51156],[115.78497,-32.50867],[115.79599,-32.51283],[115.79896,-32.51593],[115.80321,-32.5186],[115.81022,-32.51904],[115.81119,-32.525],[115.81065,-32.52418],[115.80784,-32.52734],[115.80737,-32.53238],[115.80573,-32.53536],[115.80251,-32.53668],[115.80289,-32.53449],[115.80232,-32.53449],[115.80038,-32.54259],[115.81167,-32.54265],[115.81167,-32.5487],[115.80429,-32.54871],[115.80051,-32.55087],[115.80507,-32.55162],[115.81082,-32.55715],[115.81047,-32.55898],[115.80911,-32.56017],[115.80894,-32.56331],[115.80738,-32.56332]]]},"properties":{"state":"WA","src":"WA-OpenStats","suburb":"Barragup","crime_index":71.9,"violent_pct":54.02,"dwelling_pct":65.68,"motor_pct":95.93,"rate_per100k":71.9,"year":"FY 2022-23 & 2023-24 (avg)","crime_band":4}},{"type":"Feature","geometry":{"type":"Polygon","coordinates":[[[115.948,-31.89475],[115.95407,-31.89479],[115.95413,-31.8936],[115.9554,-31.89474],[115.95856,-31.89472],[115.95753,-31.89617],[115.95784,-31.89758],[115.96149,-31.90094],[115.96264,-31.9034],[115.96146,-31.9073],[115.96151,-31.91163],[115.9566,-31.91525],[115.95112,-31.92199],[115.94959,-31.92269],[115.94214,-31.91968],[115.94124,-31.91791],[115.94359,-31.91656],[115.93785,-31.91124],[115.93189,-31.91625],[115.92901,-31.91361],[115.92969,-31.91304],[115.9257,-31.90961],[115.92757,-31.90804],[115.9271,-31.90473],[115.92781,-31.90121],[115.9314,-31.90124],[115.93289,-31.89475],[115.948,-31.89475]]]},"properties":{"state":"WA","src":"WA-OpenStats","suburb":"Bassendean (WA)","crime_index":80.5,"violent_pct":58.65,"dwelling_pct":88.26,"motor_pct":94.48,"rate_per100k":80.5,"year":"FY 2022-23 & 2023-24 (avg)","crime_band":5}},{"type":"Feature","geometry":{"type":"Polygon","coordinates":[[[115.85287,-32.05128],[115.85165,-32.05601],[115.85074,-32.06574],[115.84231,-32.06527],[115.84285,-32.06185],[115.84116,-32.05661],[115.84384,-32.05091],[115.84317,-32.04597],[115.85451,-32.04614],[115.85287,-32.05128]]]},"properties":{"state":"WA","src":"WA-OpenStats","suburb":"Bateman","crime_index":38.3,"violent_pct":26.83,"dwelling_pct":71.73,"motor_pct":16.41,"rate_per100k":38.3,"year":"FY 2022-23 & 2023-24 (avg)","crime_band":3}},{"type":"Feature","geometry":{"type":"Polygon","coordinates":[[[115.91605,-31.93148],[115.91024,-31.93367],[115.89346,-31.9194],[115.90244,-31.91178],[115.90023,-31.90988],[115.89923,-31.91074],[115.89996,-31.90863],[115.90145,-31.9099],[115.90313,-31.90842],[115.90509,-31.91009],[115.90922,-31.90658],[115.9116,-31.90862],[115.91424,-31.90656],[115.91475,-31.907],[115.91543,-31.90588],[115.91376,-31.90488],[115.91448,-31.9038],[115.91637,-31.90411],[115.92406,-31.89474],[115.93289,-31.89475],[115.9314,-31.90124],[115.92781,-31.90121],[115.9271,-31.90473],[115.92757,-31.90804],[115.9257,-31.90961],[115.92969,-31.91304],[115.92901,-31.91361],[115.93105,-31.91553],[115.93658,-31.91979],[115.93486,-31.92116],[115.93874,-31.92444],[115.93787,-31.92859],[115.93595,-31.93009],[115.93282,-31.93082],[115.91605,-31.93148]]]},"properties":{"state":"WA","src":"WA-OpenStats","suburb":"Bayswater (WA)","crime_index":75.4,"violent_pct":50.29,"dwelling_pct":82.91,"motor_pct":92.86,"rate_per100k":75.4,"year":"FY 2022-23 & 2023-24 (avg)","crime_band":5}},{"type":"Feature","geometry":{"type":"Polygon","coordinates":[[[115.77428,-32.07458],[115.76564,-32.07455],[115.76572,-32.07826],[115.76125,-32.07819],[115.76113,-32.07535],[115.758,-32.07112],[115.75699,-32.06355],[115.77974,-32.06325],[115.77987,-32.07476],[115.77428,-32.07458]]]},"properties":{"state":"WA","src":"WA-OpenStats","suburb":"Beaconsfield (WA)","crime_index":87.5,"violent_pct":78.02,"dwelling_pct":91.9,"motor_pct":92.59,"rate_per100k":87.5,"year":"FY 2022-23 & 2023-24 (avg)","crime_band":6}},{"type":"Feature","geometry":{"type":"Polygon","coordinates":[[[115.96833,-32.0296],[115.96493,-32.03258],[115.96545,-32.03303],[115.95629,-32.04343],[115.95435,-32.04231],[115.95426,-32.04129],[115.95521,-32.0405],[115.95214,-32.03586],[115.94841,-32.03255],[115.94565,-32.03186],[115.94447,-32.02977],[115.94117,-32.02961],[115.96805,-32.00683],[115.97069,-32.00906],[115.97571,-32.00402],[115.9772,-32.00451],[115.97334,-32.00969],[115.97241,-32.01235],[115.97241,-32.02443],[115.97048,-32.02889],[115.96915,-32.03036],[115.96833,-32.0296]]]},"properties":{"state":"WA","src":"WA-OpenStats","suburb":"Beckenham","crime_index":80.6,"violent_pct":66.92,"dwelling_pct":88.73,"motor_pct":86.08,"rate_per100k":80.6,"year":"FY 2022-23 & 2023-24 (avg)","crime_band":5}},{"type":"Feature","geometry":{"type":"Polygon","coordinates":[[[115.88765,-31.90107],[115.88935,-31.89957],[115.89996,-31.90863],[115.89923,-31.91074],[115.90023,-31.90988],[115.90244,-31.91178],[115.89339,-31.91945],[115.89099,-31.9174],[115.89132,-31.91696],[115.88421,-31.91203],[115.8806,-31.90844],[115.88765,-31.90107]]]},"properties":{"state":"WA","src":"WA-OpenStats","suburb":"Bedford","crime_index":50.6,"violent_pct":39.59,"dwelling_pct":66.33,"motor_pct":45.86,"rate_per100k":50.6,"year":"FY 2022-23 & 2023-24 (avg)","crime_band":3}},{"type":"Feature","geometry":{"type":"Polygon","coordinates":[[[116.08845,-32.2126],[116.06748,-32.21261],[116.06828,-32.21099],[116.06807,-32.20857],[116.06718,-32.20819],[116.06683,-32.20683],[116.06234,-32.20681],[116.06235,-32.20404],[116.05391,-32.20467],[116.0539,-32.20752],[116.04002,-32.20745],[116.04004,-32.20513],[116.02379,-32.20506],[116.02409,-32.19619],[116.02015,-32.18995],[116.0265,-32.18989],[116.02653,-32.18622],[116.03223,-32.18621],[116.03224,-32.18349],[116.02927,-32.18348],[116.02928,-32.18147],[116.0268,-32.17956],[116.02395,-32.17954],[116.02422,-32.17416],[116.01812,-32.16907],[116.02661,-32.16191],[116.02631,-32.15777],[116.02784,-32.15399],[116.02781,-32.15163],[116.02681,-32.14994],[116.02466,-32.14966],[116.02582,-32.14818],[116.02614,-32.14522],[116.0335,-32.14135],[116.03559,-32.13904],[116.03463,-32.13856],[116.03475,-32.13774],[116.03992,-32.13336],[116.05444,-32.13988],[116.05444,-32.14062],[116.05872,-32.14061],[116.05873,-32.14576],[116.06583,-32.14719],[116.06589,-32.15535],[116.0765,-32.15994],[116.08005,-32.15588],[116.08281,-32.15752],[116.08475,-32.15524],[116.08844,-32.15412],[116.08845,-32.1532],[116.09197,-32.1532],[116.09516,-32.15974],[116.09519,-32.16403],[116.09994,-32.16995],[116.10152,-32.17332],[116.1008,-32.17436],[116.10187,-32.17573],[116.10583,-32.17574],[116.10939,-32.18027],[116.1141,-32.18027],[116.11416,-32.18567],[116.12265,-32.18564],[116.12267,-32.19018],[116.12992,-32.19017],[116.12994,-32.19533],[116.13386,-32.19532],[116.13388,-32.20106],[116.12105,-32.20108],[116.12104,-32.19645],[116.11676,-32.19645],[116.11676,-32.19799],[116.11433,-32.19801],[116.11141,-32.19476],[116.1114,-32.20599],[116.10975,-32.20599],[116.10975,-32.21259],[116.08845,-32.2126]]]},"properties":{"state":"WA","src":"WA-OpenStats","suburb":"Bedfordale","crime_index":26.9,"violent_pct":16.16,"dwelling_pct":33.18,"motor_pct":31.24,"rate_per100k":26.9,"year":"FY 2022-23 & 2023-24 (avg)","crime_band":2}},{"type":"Feature","geometry":{"type":"Polygon","coordinates":[[[115.94334,-31.86265],[115.94334,-31.86088],[115.94504,-31.8605],[115.94516,-31.8596],[115.94605,-31.86015],[115.95109,-31.85991],[115.95111,-31.86162],[115.9534,-31.86162],[115.95583,-31.86988],[115.95588,-31.87563],[115.93341,-31.8755],[115.9334,-31.87177],[115.9174,-31.87186],[115.91643,-31.86727],[115.91751,-31.8665],[115.91745,-31.86151],[115.93209,-31.86138],[115.93185,-31.86272],[115.94334,-31.86265]]]},"properties":{"state":"WA","src":"WA-OpenStats","suburb":"Beechboro","crime_index":78.5,"violent_pct":69.42,"dwelling_pct":80.08,"motor_pct":86.13,"rate_per100k":78.5,"year":"FY 2022-23 & 2023-24 (avg)","crime_band":5}},{"type":"Feature","geometry":{"type":"Polygon","coordinates":[[[115.83667,-32.13795],[115.83683,-32.13942],[115.84078,-32.142],[115.84156,-32.14352],[115.84112,-32.14547],[115.84203,-32.14547],[115.84207,-32.15997],[115.83293,-32.16149],[115.82255,-32.16034],[115.82071,-32.15989],[115.82071,-32.15546],[115.81925,-32.15546],[115.81795,-32.15326],[115.8177,-32.14755],[115.81838,-32.14565],[115.81674,-32.14566],[115.81668,-32.14075],[115.81129,-32.14076],[115.81129,-32.13879],[115.78988,-32.13879],[115.7884,-32.12774],[115.79521,-32.12705],[115.80294,-32.12911],[115.80741,-32.12941],[115.81573,-32.12732],[115.82453,-32.12775],[115.83368,-32.12504],[115.83694,-32.125],[115.83696,-32.12645],[115.83855,-32.12745],[115.83854,-32.12992],[115.8421,-32.1298],[115.84215,-32.13059],[115.84144,-32.13296],[115.83667,-32.13795]]]},"properties":{"state":"WA","src":"WA-OpenStats","suburb":"Beeliar","crime_index":48.6,"violent_pct":48.33,"dwelling_pct":50.02,"motor_pct":47.45,"rate_per100k":48.6,"year":"FY 2022-23 & 2023-24 (avg)","crime_band":3}},{"type":"Feature","geometry":{"type":"Polygon","coordinates":[[[115.7618,-31.78046],[115.75449,-31.78209],[115.75386,-31.77456],[115.75443,-31.77396],[115.75133,-31.77016],[115.76446,-31.76827],[115.775,-31.77394],[115.77789,-31.77476],[115.77736,-31.77585],[115.77203,-31.77672],[115.7618,-31.78046]]]},"properties":{"state":"WA","src":"WA-OpenStats","suburb":"Beldon","crime_index":53.0,"violent_pct":61.36,"dwelling_pct":34.92,"motor_pct":62.75,"rate_per100k":53.0,"year":"FY 2022-23 & 2023-24 (avg)","crime_band":4}},{"type":"Feature","geometry":{"type":"Polygon","coordinates":[[[116.03697,-31.90982],[116.03377,-31.90982],[116.03396,-31.90906],[116.03145,-31.90793],[116.03054,-31.90859],[116.02834,-31.90651],[116.02623,-31.90648],[116.02607,-31.90827],[116.02503,-31.90913],[116.02206,-31.90915],[116.02073,-31.90679],[116.01601,-31.90544],[116.01714,-31.90277],[116.01727,-31.89819],[116.01604,-31.89788],[116.01541,-31.89591],[116.01283,-31.89519],[116.01309,-31.89397],[116.01876,-31.89504],[116.01927,-31.89282],[116.03441,-31.89579],[116.03814,-31.89827],[116.03818,-31.90981],[116.03697,-31.90982]]]},"properties":{"state":"WA","src":"WA-OpenStats","suburb":"Bellevue (WA)","crime_index":89.5,"violent_pct":75.61,"dwelling_pct":95.34,"motor_pct":97.4,"rate_per100k":89.5,"year":"FY 2022-23 & 2023-24 (avg)","crime_band":6}},{"type":"Feature","geometry":{"type":"Polygon","coordinates":[[[115.93867,-31.94176],[115.94703,-31.94892],[115.93012,-31.96286],[115.91581,-31.9506],[115.91817,-31.94826],[115.91899,-31.94846],[115.91953,-31.94639],[115.92197,-31.94407],[115.93337,-31.93724],[115.93867,-31.94176]]]},"properties":{"state":"WA","src":"WA-OpenStats","suburb":"Belmont (WA)","crime_index":94.5,"violent_pct":89.06,"dwelling_pct":96.58,"motor_pct":97.89,"rate_per100k":94.5,"year":"FY 2022-23 & 2023-24 (avg)","crime_band":6}},{"type":"Feature","geometry":{"type":"Polygon","coordinates":[[[115.94561,-31.85959],[115.94504,-31.8605],[115.94334,-31.86088],[115.94334,-31.86265],[115.93185,-31.86272],[115.93209,-31.86138],[115.91745,-31.86151],[115.917,-31.85555],[115.95436,-31.85566],[115.95437,-31.85154],[115.95336,-31.85146],[115.95329,-31.84623],[115.95717,-31.8462],[115.95717,-31.84783],[115.96504,-31.84781],[115.96503,-31.84615],[115.96718,-31.84624],[115.96683,-31.85594],[115.96762,-31.85653],[115.96584,-31.85989],[115.96563,-31.86205],[115.9581,-31.86076],[115.95822,-31.8615],[115.95111,-31.86162],[115.95109,-31.85991],[115.94605,-31.86015],[115.94561,-31.85959]]]},"properties":{"state":"WA","src":"WA-OpenStats","suburb":"Bennett Springs","crime_index":35.0,"violent_pct":27.31,"dwelling_pct":43.37,"motor_pct":34.36,"rate_per100k":35.0,"year":"FY 2022-23 & 2023-24 (avg)","crime_band":3}},{"type":"Feature","geometry":{"type":"Polygon","coordinates":[[[115.91462,-32.0124],[115.89908,-32.01344],[115.89638,-32.01105],[115.89404,-32.01322],[115.88669,-32.01239],[115.88839,-32.00642],[115.88668,-31.9991],[115.88725,-31.99286],[115.88883,-31.9913],[115.90246,-32.00329],[115.90218,-32.00649],[115.90569,-32.00653],[115.91031,-32.00502],[115.9115,-32.00672],[115.91834,-32.00103],[115.91738,-31.99996],[115.92342,-31.99481],[115.93278,-32.00241],[115.92153,-32.01273],[115.91462,-32.0124]]]},"properties":{"state":"WA","src":"WA-OpenStats","suburb":"Bentley (WA)","crime_index":91.7,"violent_pct":84.64,"dwelling_pct":92.5,"motor_pct":97.82,"rate_per100k":91.7,"year":"FY 2022-23 & 2023-24 (avg)","crime_band":6}},{"type":"Feature","geometry":{"type":"Polygon","coordinates":[[[115.839,-32.24253],[115.84054,-32.23777],[115.84379,-32.23351],[115.84361,-32.2324],[115.84752,-32.23175],[115.84571,-32.22775],[115.84871,-32.22746],[115.84882,-32.23155],[115.8506,-32.23733],[115.85192,-32.24611],[115.8525,-32.2461],[115.85293,-32.25531],[115.84576,-32.25533],[115.84049,-32.25186],[115.83366,-32.25187],[115.8353,-32.24701],[115.83787,-32.24503],[115.839,-32.24253]]]},"properties":{"state":"WA","src":"WA-OpenStats","suburb":"Bertram","crime_index":51.1,"violent_pct":48.85,"dwelling_pct":45.8,"motor_pct":58.67,"rate_per100k":51.1,"year":"FY 2022-23 & 2023-24 (avg)","crime_band":4}},{"type":"Feature","geometry":{"type":"Polygon","coordinates":[[[115.82252,-32.10926],[115.81294,-32.11715],[115.8083,-32.11919],[115.80379,-32.12031],[115.80128,-32.12005],[115.79906,-32.119],[115.79718,-32.1166],[115.79486,-32.11661],[115.79491,-32.10669],[115.79852,-32.10096],[115.79871,-32.09469],[115.79739,-32.08806],[115.80727,-32.08943],[115.8228,-32.08353],[115.8281,-32.08296],[115.84911,-32.08689],[115.84927,-32.09492],[115.83708,-32.10145],[115.82922,-32.10425],[115.82252,-32.10926]]]},"properties":{"state":"WA","src":"WA-OpenStats","suburb":"Bibra Lake","crime_index":68.4,"violent_pct":49.06,"dwelling_pct":63.66,"motor_pct":92.61,"rate_per100k":68.4,"year":"FY 2022-23 & 2023-24 (avg)","crime_band":4}},{"type":"Feature","geometry":{"type":"Polygon","coordinates":[[[115.79361,-32.03332],[115.79273,-32.03333],[115.7923,-32.03445],[115.77606,-32.03831],[115.77617,-32.02881],[115.77766,-32.0284],[115.77986,-32.02427],[115.78546,-32.01856],[115.78656,-32.01098],[115.79337,-32.01415],[115.79349,-32.02457],[115.79223,-32.02456],[115.79223,-32.02532],[115.79227,-32.02849],[115.79354,-32.02936],[115.79361,-32.03332]]]},"properties":{"state":"WA","src":"WA-OpenStats","suburb":"Bicton","crime_index":35.0,"violent_pct":20.98,"dwelling_pct":47.02,"motor_pct":36.86,"rate_per100k":35.0,"year":"FY 2022-23 & 2023-24 (avg)","crime_band":3}},{"type":"Feature","geometry":{"type":"Polygon","coordinates":[[[115.8392,-32.0459],[115.82233,-32.04603],[115.82227,-32.03626],[115.82336,-32.03624],[115.82327,-32.03351],[115.83103,-32.03347],[115.83096,-32.03183],[115.83841,-32.03291],[115.84487,-32.03285],[115.84475,-32.03815],[115.84386,-32.0394],[115.84472,-32.03953],[115.84427,-32.04323],[115.8458,-32.04383],[115.84575,-32.046],[115.8392,-32.0459]]]},"properties":{"state":"WA","src":"WA-OpenStats","suburb":"Booragoon","crime_index":52.9,"violent_pct":24.61,"dwelling_pct":66.91,"motor_pct":67.3,"rate_per100k":52.9,"year":"FY 2022-23 & 2023-24 (avg)","crime_band":4}},{"type":"Feature","geometry":{"type":"Polygon","coordinates":[[[115.67055,-32.72294],[115.6477,-32.72333],[115.6462,-32.71981],[115.64242,-32.71597],[115.64238,-32.71324],[115.63329,-32.71318],[115.63326,-32.71037],[115.62956,-32.71034],[115.62964,-32.70401],[115.61298,-32.704],[115.60747,-32.68736],[115.60679,-32.68069],[115.60708,-32.67613],[115.60831,-32.67265],[115.60826,-32.66671],[115.60995,-32.66024],[115.61203,-32.65878],[115.61463,-32.6539],[115.62217,-32.6539],[115.63519,-32.64888],[115.63522,-32.65209],[115.6378,-32.65207],[115.63785,-32.65537],[115.64091,-32.65537],[115.64092,-32.6587],[115.65321,-32.65867],[115.65637,-32.66049],[115.65671,-32.66132],[115.65443,-32.66591],[115.65547,-32.67228],[115.65731,-32.6758],[115.66267,-32.68223],[115.66495,-32.68783],[115.66522,-32.69288],[115.66748,-32.69749],[115.67044,-32.69867],[115.67175,-32.70093],[115.66977,-32.7067],[115.66934,-32.71296],[115.66966,-32.71482],[115.67225,-32.71778],[115.67246,-32.71985],[115.67304,-32.72118],[115.67298,-32.72012],[115.67342,-32.72071],[115.6725,-32.72294],[115.67055,-32.72294]]]},"properties":{"state":"WA","src":"WA-OpenStats","suburb":"Bouvard","crime_index":52.3,"violent_pct":21.56,"dwelling_pct":60.13,"motor_pct":75.33,"rate_per100k":52.3,"year":"FY 2022-23 & 2023-24 (avg)","crime_band":4}},{"type":"Feature","geometry":{"type":"Polygon","coordinates":[[[115.98475,-31.82707],[115.98272,-31.83022],[115.97762,-31.83124],[115.98078,-31.84558],[115.96916,-31.84533],[115.96917,-31.8396],[115.96289,-31.83052],[115.96279,-31.81336],[115.98492,-31.81339],[115.98475,-31.82707]]]},"properties":{"state":"WA","src":"WA-OpenStats","suburb":"Brabham","crime_index":39.2,"violent_pct":36.38,"dwelling_pct":46.9,"motor_pct":34.4,"rate_per100k":39.2,"year":"FY 2022-23 & 2023-24 (avg)","crime_band":3}},{"type":"Feature","geometry":{"type":"Polygon","coordinates":[[[115.85139,-32.04104],[115.85963,-32.04096],[115.85989,-32.0453],[115.86143,-32.04576],[115.86134,-32.04726],[115.85451,-32.04614],[115.84575,-32.046],[115.8458,-32.04383],[115.84427,-32.04323],[115.84469,-32.03946],[115.84847,-32.0395],[115.84851,-32.04107],[115.85139,-32.04104]]]},"properties":{"state":"WA","src":"WA-OpenStats","suburb":"Brentwood (WA)","crime_index":68.2,"violent_pct":51.7,"dwelling_pct":82.46,"motor_pct":70.54,"rate_per100k":68.2,"year":"FY 2022-23 & 2023-24 (avg)","crime_band":4}},{"type":"Feature","geometry":{"type":"Polygon","coordinates":[[[116.07661,-31.79301],[116.02772,-31.79322],[116.02674,-31.78635],[116.03557,-31.78633],[116.03531,-31.7851],[116.03897,-31.78459],[116.05027,-31.77866],[116.05191,-31.77692],[116.05171,-31.77827],[116.05428,-31.77659],[116.05479,-31.77763],[116.05594,-31.77738],[116.05637,-31.7786],[116.05771,-31.77821],[116.06602,-31.77257],[116.06514,-31.7724],[116.06623,-31.76929],[116.06588,-31.76534],[116.06766,-31.76182],[116.06793,-31.75531],[116.06899,-31.75118],[116.06827,-31.7422],[116.09424,-31.74227],[116.0944,-31.78618],[116.09207,-31.78618],[116.09105,-31.79271],[116.07661,-31.79301]]]},"properties":{"state":"WA","src":"WA-OpenStats","suburb":"Brigadoon","crime_index":21.0,"violent_pct":3.82,"dwelling_pct":46.47,"motor_pct":12.77,"rate_per100k":21.0,"year":"FY 2022-23 & 2023-24 (avg)","crime_band":2}},{"type":"Feature","geometry":{"type":"Polygon","coordinates":[[[115.99887,-32.16035],[116.00486,-32.165],[116.00598,-32.16755],[116.00769,-32.16641],[116.00995,-32.16655],[116.00878,-32.17301],[116.00609,-32.17499],[116.0019,-32.17143],[116.00122,-32.16956],[116.00013,-32.16993],[115.99391,-32.16467],[115.99554,-32.15972],[115.99772,-32.15938],[115.99887,-32.16035]]]},"properties":{"state":"WA","src":"WA-OpenStats","suburb":"Brookdale (WA)","crime_index":85.9,"violent_pct":87.01,"dwelling_pct":87.53,"motor_pct":83.09,"rate_per100k":85.9,"year":"FY 2022-23 & 2023-24 (avg)","crime_band":5}},{"type":"Feature","geometry":{"type":"Polygon","coordinates":[[[115.87226,-32.06231],[115.87093,-32.06616],[115.85074,-32.06574],[115.85176,-32.05537],[115.85444,-32.04637],[115.86499,-32.04761],[115.86868,-32.04506],[115.87319,-32.04516],[115.87226,-32.06231]]]},"properties":{"state":"WA","src":"WA-OpenStats","suburb":"Bull Creek (WA)","crime_index":25.2,"violent_pct":7.42,"dwelling_pct":46.86,"motor_pct":21.28,"rate_per100k":25.2,"year":"FY 2022-23 & 2023-24 (avg)","crime_band":2}},{"type":"Feature","geometry":{"type":"Polygon","coordinates":[[[116.05628,-31.70816],[116.05626,-31.69887],[116.05247,-31.69867],[116.0523,-31.74216],[116.03271,-31.74212],[116.03269,-31.74834],[116.02422,-31.74834],[116.02074,-31.74199],[115.95711,-31.74179],[115.95715,-31.73176],[115.9541,-31.73175],[115.95409,-31.72203],[115.9485,-31.72201],[115.94857,-31.71739],[115.95357,-31.71738],[115.95364,-31.70958],[115.95796,-31.7096],[115.95797,-31.70786],[115.96425,-31.70789],[115.96432,-31.70163],[115.95732,-31.70168],[115.95741,-31.69605],[115.95536,-31.69596],[115.95537,-31.68299],[115.93754,-31.68295],[115.93754,-31.67319],[115.93363,-31.6726],[115.93369,-31.6681],[115.9252,-31.66809],[115.92521,-31.6606],[115.91936,-31.66065],[115.91201,-31.6628],[115.90512,-31.66066],[115.90508,-31.65259],[115.88862,-31.6527],[115.88857,-31.64515],[115.88343,-31.64467],[115.88348,-31.62751],[115.98519,-31.62763],[115.9852,-31.62419],[115.99316,-31.62418],[115.98494,-31.6028],[116.01093,-31.6025],[116.00934,-31.60022],[116.01858,-31.60023],[116.01839,-31.6022],[116.02376,-31.60225],[116.02385,-31.5986],[116.02811,-31.59868],[116.02807,-31.60026],[116.03556,-31.60032],[116.03556,-31.59718],[116.0544,-31.5972],[116.0544,-31.60027],[116.1024,-31.59946],[116.10263,-31.59789],[116.10903,-31.59949],[116.13181,-31.59946],[116.13175,-31.62575],[116.14878,-31.62577],[116.14869,-31.66764],[116.14126,-31.67199],[116.13477,-31.67731],[116.12127,-31.68338],[116.11822,-31.6839],[116.1084,-31.69347],[116.1039,-31.69534],[116.10042,-31.69529],[116.09055,-31.69743],[116.08794,-31.70367],[116.08487,-31.70821],[116.05628,-31.70816]]]},"properties":{"state":"WA","src":"WA-OpenStats","suburb":"Bullsbrook","crime_index":45.0,"violent_pct":50.69,"dwelling_pct":18.55,"motor_pct":65.87,"rate_per100k":45.0,"year":"FY 2022-23 & 2023-24 (avg)","crime_band":3}},{"type":"Feature","geometry":{"type":"Polygon","coordinates":[[[115.73433,-31.72508],[115.7353,-31.72691],[115.72478,-31.7291],[115.72301,-31.73066],[115.72129,-31.7301],[115.71878,-31.73082],[115.70927,-31.7182],[115.70662,-31.71201],[115.72399,-31.71194],[115.72669,-31.71711],[115.73433,-31.72508]]]},"properties":{"state":"WA","src":"WA-OpenStats","suburb":"Burns Beach","crime_index":15.1,"violent_pct":1.4,"dwelling_pct":12.1,"motor_pct":31.7,"rate_per100k":15.1,"year":"FY 2022-23 & 2023-24 (avg)","crime_band":1}},{"type":"Feature","geometry":{"type":"Polygon","coordinates":[[[115.89813,-31.95372],[115.90382,-31.95873],[115.89994,-31.96207],[115.90046,-31.96899],[115.8973,-31.97202],[115.89368,-31.96993],[115.88997,-31.96928],[115.88666,-31.96709],[115.8906,-31.96378],[115.89117,-31.96099],[115.88456,-31.94905],[115.88425,-31.9444],[115.88567,-31.94077],[115.88833,-31.93976],[115.89193,-31.94031],[115.89309,-31.94117],[115.89504,-31.94427],[115.89516,-31.94976],[115.89813,-31.95372]]]},"properties":{"state":"WA","src":"WA-OpenStats","suburb":"Burswood","crime_index":96.4,"violent_pct":96.34,"dwelling_pct":93.67,"motor_pct":99.2,"rate_per100k":96.4,"year":"FY 2022-23 & 2023-24 (avg)","crime_band":6}},{"type":"Feature","geometry":{"type":"Polygon","coordinates":[[[115.70697,-31.63123],[115.70951,-31.63123],[115.71104,-31.63617],[115.71816,-31.64646],[115.71985,-31.64981],[115.7198,-31.65126],[115.71233,-31.65505],[115.70447,-31.65705],[115.69641,-31.64915],[115.68979,-31.63542],[115.6893,-31.63297],[115.6897,-31.63124],[115.70697,-31.63123]]]},"properties":{"state":"WA","src":"WA-OpenStats","suburb":"Butler (WA)","crime_index":62.2,"violent_pct":67.28,"dwelling_pct":57.45,"motor_pct":61.96,"rate_per100k":62.2,"year":"FY 2022-23 & 2023-24 (avg)","crime_band":4}},{"type":"Feature","geometry":{"type":"Polygon","coordinates":[[[116.00525,-32.20487],[116.01172,-32.20483],[116.01613,-32.19593],[116.01592,-32.19228],[116.01743,-32.19229],[116.01811,-32.19466],[116.02073,-32.19494],[116.02224,-32.19673],[116.02379,-32.19657],[116.02379,-32.20605],[116.01702,-32.20605],[116.01651,-32.20726],[116.01982,-32.20746],[116.0217,-32.21067],[116.0207,-32.21115],[116.02161,-32.21164],[116.02212,-32.22127],[116.02071,-32.2215],[116.0209,-32.22631],[116.01999,-32.22708],[116.02145,-32.22903],[116.02542,-32.22891],[116.02556,-32.23222],[116.0201,-32.23156],[116.01942,-32.23612],[116.02041,-32.23612],[116.02044,-32.24063],[116.01957,-32.2444],[116.01861,-32.245],[116.01925,-32.24803],[116.02039,-32.24881],[116.01813,-32.24831],[116.01689,-32.24684],[116.00689,-32.24592],[116.00581,-32.24121],[115.98514,-32.24146],[115.98483,-32.24032],[115.97321,-32.24043],[115.97278,-32.20702],[115.98618,-32.20692],[115.99574,-32.20493],[116.00525,-32.20487]]]},"properties":{"state":"WA","src":"WA-OpenStats","suburb":"Byford","crime_index":48.1,"violent_pct":45,"dwelling_pct":46.16,"motor_pct":53.05,"rate_per100k":48.1,"year":"FY 2022-23 & 2023-24 (avg)","crime_band":3}},{"type":"Feature","geometry":{"type":"Polygon","coordinates":[[[115.80761,-32.24052],[115.8125,-32.23997],[115.81227,-32.25295],[115.81139,-32.25432],[115.81261,-32.25497],[115.8108,-32.25482],[115.80126,-32.25068],[115.79334,-32.25037],[115.7909,-32.24932],[115.79122,-32.24517],[115.79455,-32.24103],[115.80027,-32.24083],[115.8005,-32.24176],[115.80761,-32.24052]]]},"properties":{"state":"WA","src":"WA-OpenStats","suburb":"Calista","crime_index":84.4,"violent_pct":74.89,"dwelling_pct":87.81,"motor_pct":90.4,"rate_per100k":84.4,"year":"FY 2022-23 & 2023-24 (avg)","crime_band":5}},{"type":"Feature","geometry":{"type":"Polygon","coordinates":[[[116.01075,-32.11165],[115.99527,-32.12513],[115.98915,-32.12169],[115.99549,-32.11236],[116.01206,-32.09814],[116.01148,-32.1024],[116.01268,-32.10998],[116.01075,-32.11165]]]},"properties":{"state":"WA","src":"WA-OpenStats","suburb":"Camillo","crime_index":72.3,"violent_pct":86.71,"dwelling_pct":65.93,"motor_pct":64.2,"rate_per100k":72.3,"year":"FY 2022-23 & 2023-24 (avg)","crime_band":4}},{"type":"Feature","geometry":{"type":"Polygon","coordinates":[[[115.93829,-32.09382],[115.93084,-32.10009],[115.92775,-32.10528],[115.91618,-32.11532],[115.90023,-32.10235],[115.89615,-32.09653],[115.89064,-32.09207],[115.8907,-32.08821],[115.8897,-32.08692],[115.89102,-32.08555],[115.89203,-32.08176],[115.88437,-32.07507],[115.89216,-32.06727],[115.90756,-32.05562],[115.91129,-32.05474],[115.92299,-32.05505],[115.93029,-32.05407],[115.93819,-32.06221],[115.94027,-32.07094],[115.94152,-32.07324],[115.95163,-32.08275],[115.93829,-32.09382]]]},"properties":{"state":"WA","src":"WA-OpenStats","suburb":"Canning Vale","crime_index":44.1,"violent_pct":53.91,"dwelling_pct":39.2,"motor_pct":39.26,"rate_per100k":44.1,"year":"FY 2022-23 & 2023-24 (avg)","crime_band":3}},{"type":"Feature","geometry":{"type":"Polygon","coordinates":[[[115.94371,-32.01266],[115.95179,-32.02058],[115.94117,-32.02961],[115.93743,-32.02573],[115.9355,-32.0254],[115.9308,-32.02097],[115.92854,-32.02014],[115.92303,-32.01297],[115.92153,-32.01273],[115.93256,-32.00261],[115.94371,-32.01266]]]},"properties":{"state":"WA","src":"WA-OpenStats","suburb":"Cannington","crime_index":96.0,"violent_pct":95.19,"dwelling_pct":94.45,"motor_pct":98.34,"rate_per100k":96.0,"year":"FY 2022-23 & 2023-24 (avg)","crime_band":6}},{"type":"Feature","geometry":{"type":"Polygon","coordinates":[[[116.00038,-32.24655],[115.99179,-32.27413],[115.99078,-32.27067],[115.9875,-32.2685],[115.97358,-32.26861],[115.97339,-32.25384],[115.95194,-32.25407],[115.95322,-32.2359],[115.97315,-32.23571],[115.97321,-32.24043],[115.98483,-32.24032],[115.98514,-32.24146],[116.00197,-32.24128],[116.00038,-32.24655]]]},"properties":{"state":"WA","src":"WA-OpenStats","suburb":"Cardup","crime_index":12.6,"violent_pct":11.85,"dwelling_pct":24.83,"motor_pct":1.13,"rate_per100k":12.6,"year":"FY 2022-23 & 2023-24 (avg)","crime_band":1}},{"type":"Feature","geometry":{"type":"Polygon","coordinates":[[[115.80045,-31.85646],[115.80131,-31.85947],[115.79697,-31.85946],[115.79494,-31.85841],[115.79221,-31.85943],[115.77609,-31.85946],[115.77247,-31.85856],[115.77212,-31.85751],[115.76913,-31.85829],[115.76877,-31.8555],[115.76338,-31.84862],[115.76237,-31.84582],[115.76978,-31.84494],[115.77822,-31.84574],[115.79676,-31.84586],[115.80045,-31.85646]]]},"properties":{"state":"WA","src":"WA-OpenStats","suburb":"Carine","crime_index":17.6,"violent_pct":10.36,"dwelling_pct":18.4,"motor_pct":24.1,"rate_per100k":17.6,"year":"FY 2022-23 & 2023-24 (avg)","crime_band":1}},{"type":"Feature","geometry":{"type":"Polygon","coordinates":[[[115.92832,-31.97979],[115.92997,-31.98121],[115.91831,-31.991],[115.9138,-31.98363],[115.90674,-31.97628],[115.9154,-31.96874],[115.92832,-31.97979]]]},"properties":{"state":"WA","src":"WA-OpenStats","suburb":"Carlisle","crime_index":86.3,"violent_pct":72.58,"dwelling_pct":92,"motor_pct":94.21,"rate_per100k":86.3,"year":"FY 2022-23 & 2023-24 (avg)","crime_band":5}},{"type":"Feature","geometry":{"type":"Polygon","coordinates":[[[115.79323,-31.71268],[115.78927,-31.71284],[115.78055,-31.7165],[115.77178,-31.70276],[115.76967,-31.69652],[115.7672,-31.69416],[115.76774,-31.69272],[115.76599,-31.68969],[115.76632,-31.688],[115.77043,-31.68536],[115.77849,-31.68762],[115.79305,-31.68753],[115.79448,-31.68696],[115.79423,-31.70005],[115.80201,-31.70802],[115.79816,-31.71158],[115.79323,-31.71268]]]},"properties":{"state":"WA","src":"WA-OpenStats","suburb":"Carramar (WA)","crime_index":14.0,"violent_pct":9.23,"dwelling_pct":11.87,"motor_pct":20.81,"rate_per100k":14.0,"year":"FY 2022-23 & 2023-24 (avg)","crime_band":1}},{"type":"Feature","geometry":{"type":"Polygon","coordinates":[[[115.88709,-32.24572],[115.8871,-32.25525],[115.86781,-32.25529],[115.86315,-32.2561],[115.85293,-32.25531],[115.8525,-32.2461],[115.85192,-32.24611],[115.8506,-32.23733],[115.84882,-32.23155],[115.85519,-32.22976],[115.86496,-32.22981],[115.8705,-32.22768],[115.87609,-32.22416],[115.88429,-32.22279],[115.88453,-32.24074],[115.88687,-32.24335],[115.88709,-32.24572]]]},"properties":{"state":"WA","src":"WA-OpenStats","suburb":"Casuarina (WA)","crime_index":63.8,"violent_pct":96.82,"dwelling_pct":28.57,"motor_pct":66.09,"rate_per100k":63.8,"year":"FY 2022-23 & 2023-24 (avg)","crime_band":4}},{"type":"Feature","geometry":{"type":"Polygon","coordinates":[[[115.99107,-31.88409],[115.99112,-31.88676],[115.99032,-31.88775],[115.98481,-31.88827],[115.98074,-31.88741],[115.97754,-31.88822],[115.97402,-31.8935],[115.97284,-31.89404],[115.96473,-31.89531],[115.95966,-31.89459],[115.96334,-31.89117],[115.96433,-31.88768],[115.95595,-31.88764],[115.95661,-31.88182],[115.95581,-31.87919],[115.95591,-31.8705],[115.9534,-31.86162],[115.95822,-31.8615],[115.9581,-31.86076],[115.97385,-31.86329],[115.99741,-31.86399],[115.99912,-31.86113],[116.00058,-31.86107],[116.00839,-31.86369],[116.00935,-31.86654],[116.00777,-31.86984],[116.00491,-31.87012],[115.99966,-31.86824],[115.99517,-31.86975],[115.99369,-31.87104],[115.99456,-31.87378],[115.99296,-31.87743],[115.99097,-31.87966],[115.99107,-31.88409]]]},"properties":{"state":"WA","src":"WA-OpenStats","suburb":"Caversham","crime_index":37.8,"violent_pct":33.99,"dwelling_pct":38.44,"motor_pct":41.11,"rate_per100k":37.8,"year":"FY 2022-23 & 2023-24 (avg)","crime_band":3}},{"type":"Feature","geometry":{"type":"Polygon","coordinates":[[[116.00408,-32.10501],[115.99549,-32.11236],[115.98267,-32.13108],[115.97888,-32.13867],[115.97565,-32.14173],[115.97473,-32.14216],[115.97425,-32.14076],[115.96315,-32.13117],[115.974,-32.12363],[116.00806,-32.0933],[116.01227,-32.09047],[116.01293,-32.09497],[116.01216,-32.09823],[116.00408,-32.10501]]]},"properties":{"state":"WA","src":"WA-OpenStats","suburb":"Champion Lakes","crime_index":75.2,"violent_pct":42.92,"dwelling_pct":92.44,"motor_pct":90.23,"rate_per100k":75.2,"year":"FY 2022-23 & 2023-24 (avg)","crime_band":5}},{"type":"Feature","geometry":{"type":"Polygon","coordinates":[[[116.2819,-31.81969],[116.30372,-31.82014],[116.30371,-31.8221],[116.30467,-31.8221],[116.30494,-31.8354],[116.30943,-31.83207],[116.3107,-31.84118],[116.31183,-31.84258],[116.30982,-31.84436],[116.31061,-31.84936],[116.30615,-31.85238],[116.30481,-31.85427],[116.30458,-31.86176],[116.30385,-31.86297],[116.30486,-31.86384],[116.29379,-31.86459],[116.28917,-31.8667],[116.28831,-31.86893],[116.28349,-31.8687],[116.28349,-31.87126],[116.29172,-31.87431],[116.29825,-31.87872],[116.29938,-31.87666],[116.30531,-31.87376],[116.3108,-31.87661],[116.32016,-31.87584],[116.32008,-31.87667],[116.31329,-31.88238],[116.30712,-31.88454],[116.29514,-31.8855],[116.28999,-31.88456],[116.28085,-31.88092],[116.2751,-31.87972],[116.2751,-31.87503],[116.27024,-31.86642],[116.26574,-31.86433],[116.26561,-31.86358],[116.25844,-31.86571],[116.2589,-31.86887],[116.25404,-31.87244],[116.25639,-31.87614],[116.25115,-31.87836],[116.24312,-31.88368],[116.24369,-31.87002],[116.22271,-31.87559],[116.22275,-31.86679],[116.22623,-31.86271],[116.22622,-31.85693],[116.2312,-31.8569],[116.23436,-31.85319],[116.23433,-31.84654],[116.23207,-31.84652],[116.23149,-31.84525],[116.225,-31.84518],[116.22501,-31.83919],[116.22819,-31.83908],[116.22775,-31.83094],[116.23391,-31.83093],[116.23391,-31.82709],[116.26286,-31.82703],[116.2629,-31.81974],[116.2819,-31.81969]]]},"properties":{"state":"WA","src":"WA-OpenStats","suburb":"Chidlow","crime_index":33.9,"violent_pct":31.84,"dwelling_pct":40.01,"motor_pct":29.94,"rate_per100k":33.9,"year":"FY 2022-23 & 2023-24 (avg)","crime_band":3}},{"type":"Feature","geometry":{"type":"Polygon","coordinates":[[[116.08956,-31.42825],[116.09249,-31.42827],[116.09245,-31.43179],[116.12331,-31.43132],[116.12328,-31.43825],[116.1254,-31.43826],[116.12541,-31.44659],[116.13285,-31.44658],[116.1328,-31.45292],[116.16552,-31.45279],[116.16573,-31.50402],[116.13299,-31.50405],[116.13287,-31.48924],[116.1287,-31.4885],[116.12332,-31.48962],[116.12209,-31.49154],[116.12206,-31.49471],[116.1193,-31.49468],[116.11898,-31.5197],[116.1146,-31.51968],[116.11461,-31.51787],[116.11039,-31.51785],[116.11043,-31.51204],[116.10567,-31.512],[116.10569,-31.51028],[116.07672,-31.51077],[116.07667,-31.52773],[115.97908,-31.52721],[115.97908,-31.5127],[115.97061,-31.51269],[115.9706,-31.52721],[115.95347,-31.52719],[115.9351,-31.47376],[115.97178,-31.47371],[115.99892,-31.4746],[115.99892,-31.44302],[116.04595,-31.44305],[116.04595,-31.43013],[116.05818,-31.4301],[116.05834,-31.41601],[116.05964,-31.4147],[116.06581,-31.41236],[116.0827,-31.40952],[116.09516,-31.41493],[116.09092,-31.42336],[116.0887,-31.42452],[116.08522,-31.42448],[116.08491,-31.4252],[116.08596,-31.42661],[116.08522,-31.42826],[116.08956,-31.42825]]]},"properties":{"state":"WA","src":"WA-OpenStats","suburb":"Chittering","crime_index":22.3,"violent_pct":3,"dwelling_pct":28.82,"motor_pct":35.06,"rate_per100k":22.3,"year":"FY 2022-23 & 2023-24 (avg)","crime_band":2}},{"type":"Feature","geometry":{"type":"Polygon","coordinates":[[[115.79911,-31.91437],[115.79825,-31.91811],[115.79341,-31.91868],[115.79325,-31.91985],[115.79608,-31.91942],[115.79374,-31.92071],[115.79382,-31.92145],[115.79643,-31.92164],[115.79856,-31.92787],[115.80044,-31.92915],[115.80403,-31.92931],[115.80404,-31.93281],[115.80182,-31.9326],[115.79651,-31.92735],[115.7889,-31.92745],[115.78842,-31.9264],[115.78574,-31.92509],[115.78415,-31.92278],[115.78573,-31.92046],[115.78577,-31.91583],[115.79456,-31.91587],[115.79533,-31.91404],[115.79937,-31.91059],[115.79911,-31.91437]]]},"properties":{"state":"WA","src":"WA-OpenStats","suburb":"Churchlands","crime_index":32.6,"violent_pct":5.51,"dwelling_pct":47.53,"motor_pct":44.67,"rate_per100k":32.6,"year":"FY 2022-23 & 2023-24 (avg)","crime_band":3}},{"type":"Feature","geometry":{"type":"Polygon","coordinates":[[[115.76616,-31.91076],[115.76607,-31.92178],[115.77127,-31.9218],[115.77127,-31.92423],[115.77258,-31.92607],[115.77222,-31.92841],[115.7792,-31.93078],[115.77824,-31.93522],[115.77911,-31.93742],[115.78437,-31.93851],[115.77984,-31.94163],[115.77971,-31.9433],[115.78162,-31.94825],[115.78065,-31.94976],[115.77588,-31.94976],[115.77589,-31.95705],[115.77372,-31.95947],[115.77106,-31.95838],[115.77098,-31.95587],[115.76915,-31.95654],[115.76863,-31.95767],[115.76354,-31.95521],[115.76165,-31.95312],[115.76197,-31.95479],[115.75397,-31.9514],[115.75506,-31.90817],[115.76616,-31.90807],[115.76616,-31.91076]]]},"properties":{"state":"WA","src":"WA-OpenStats","suburb":"City Beach","crime_index":17.9,"violent_pct":1.85,"dwelling_pct":35.74,"motor_pct":16.06,"rate_per100k":17.9,"year":"FY 2022-23 & 2023-24 (avg)","crime_band":1}},{"type":"Feature","geometry":{"type":"Polygon","coordinates":[[[115.7915,-31.97145],[115.79107,-31.98643],[115.78834,-31.98864],[115.79266,-31.98879],[115.79267,-31.99161],[115.78694,-31.9915],[115.78242,-31.98911],[115.77742,-31.98837],[115.77344,-31.98948],[115.7729,-31.99347],[115.7662,-31.99338],[115.76951,-31.98785],[115.76951,-31.98313],[115.77734,-31.98134],[115.7772,-31.97744],[115.77874,-31.97747],[115.7777,-31.97388],[115.77883,-31.97142],[115.77723,-31.97093],[115.77722,-31.96989],[115.77938,-31.969],[115.79485,-31.96904],[115.7915,-31.97145]]]},"properties":{"state":"WA","src":"WA-OpenStats","suburb":"Claremont (WA)","crime_index":44.5,"violent_pct":28.99,"dwelling_pct":53.29,"motor_pct":51.31,"rate_per100k":44.5,"year":"FY 2022-23 & 2023-24 (avg)","crime_band":3}},{"type":"Feature","geometry":{"type":"Polygon","coordinates":[[[115.72432,-31.70106],[115.71998,-31.70246],[115.71477,-31.68998],[115.7145,-31.68197],[115.71192,-31.67638],[115.72023,-31.67161],[115.72788,-31.67016],[115.73139,-31.67057],[115.7351,-31.67983],[115.74061,-31.69824],[115.72432,-31.70106]]]},"properties":{"state":"WA","src":"WA-OpenStats","suburb":"Clarkson","crime_index":58.6,"violent_pct":57.24,"dwelling_pct":58.29,"motor_pct":60.41,"rate_per100k":58.6,"year":"FY 2022-23 & 2023-24 (avg)","crime_band":4}},{"type":"Feature","geometry":{"type":"Polygon","coordinates":[[[115.95206,-31.95321],[115.95482,-31.95516],[115.95274,-31.96308],[115.95465,-31.96795],[115.94588,-31.97691],[115.93495,-31.96697],[115.93328,-31.96837],[115.93103,-31.96646],[115.93267,-31.96503],[115.93012,-31.96286],[115.94703,-31.94892],[115.95206,-31.95321]]]},"properties":{"state":"WA","src":"WA-OpenStats","suburb":"Cloverdale","crime_index":92.2,"violent_pct":86.85,"dwelling_pct":95.43,"motor_pct":94.32,"rate_per100k":92.2,"year":"FY 2022-23 & 2023-24 (avg)","crime_band":6}},{"type":"Feature","geometry":{"type":"Polygon","coordinates":[[[115.84399,-32.11923],[115.84609,-32.11722],[115.84615,-32.11068],[115.8512,-32.10992],[115.85941,-32.12764],[115.84859,-32.1292],[115.83608,-32.1249],[115.83566,-32.12171],[115.83772,-32.11581],[115.84399,-32.11923]]]},"properties":{"state":"WA","src":"WA-OpenStats","suburb":"Cockburn Central","crime_index":93.6,"violent_pct":91.83,"dwelling_pct":89.84,"motor_pct":99.15,"rate_per100k":93.6,"year":"FY 2022-23 & 2023-24 (avg)","crime_band":6}},{"type":"Feature","geometry":{"type":"Polygon","coordinates":[[[115.86217,-31.98854],[115.88117,-31.98872],[115.88212,-31.99585],[115.88377,-31.99745],[115.88664,-31.9981],[115.88786,-32.00377],[115.88124,-32.00579],[115.87562,-32.00481],[115.8749,-32.00586],[115.86416,-32.00571],[115.86409,-32.01705],[115.85672,-32.01695],[115.85678,-32.01385],[115.85582,-32.01181],[115.85398,-32.01114],[115.85431,-32.00696],[115.85272,-32.00414],[115.85484,-31.99574],[115.85306,-31.98849],[115.86217,-31.98854]]]},"properties":{"state":"WA","src":"WA-OpenStats","suburb":"Como (WA)","crime_index":71.2,"violent_pct":41.67,"dwelling_pct":81.37,"motor_pct":90.62,"rate_per100k":71.2,"year":"FY 2022-23 & 2023-24 (avg)","crime_band":4}},{"type":"Feature","geometry":{"type":"Polygon","coordinates":[[[115.75982,-31.7482],[115.76407,-31.75521],[115.76019,-31.7559],[115.74808,-31.75424],[115.74193,-31.75573],[115.73817,-31.74317],[115.7486,-31.74221],[115.75688,-31.73999],[115.75982,-31.7482]]]},"properties":{"state":"WA","src":"WA-OpenStats","suburb":"Connolly","crime_index":18.3,"violent_pct":15.11,"dwelling_pct":16.04,"motor_pct":23.81,"rate_per100k":18.3,"year":"FY 2022-23 & 2023-24 (avg)","crime_band":2}},{"type":"Feature","geometry":{"type":"Polygon","coordinates":[[[115.74687,-32.5527],[115.75009,-32.54815],[115.74685,-32.54696],[115.74107,-32.54808],[115.73871,-32.54643],[115.74277,-32.54238],[115.74474,-32.53742],[115.76225,-32.53994],[115.76664,-32.54235],[115.76533,-32.54253],[115.765,-32.54351],[115.76512,-32.54838],[115.76341,-32.54889],[115.7626,-32.55061],[115.75697,-32.55313],[115.75386,-32.55878],[115.75492,-32.56088],[115.75965,-32.56204],[115.76081,-32.56345],[115.75934,-32.56243],[115.7598,-32.56338],[115.76123,-32.56494],[115.76566,-32.56748],[115.76581,-32.57076],[115.76164,-32.57447],[115.75994,-32.5747],[115.76158,-32.57406],[115.76198,-32.57187],[115.76132,-32.57034],[115.75848,-32.56694],[115.75531,-32.5648],[115.74747,-32.56287],[115.74029,-32.56339],[115.74687,-32.5527]]]},"properties":{"state":"WA","src":"WA-OpenStats","suburb":"Coodanup","crime_index":84.8,"violent_pct":88.86,"dwelling_pct":81.01,"motor_pct":84.5,"rate_per100k":84.8,"year":"FY 2022-23 & 2023-24 (avg)","crime_band":5}},{"type":"Feature","geometry":{"type":"Polygon","coordinates":[[[115.77045,-32.12941],[115.76964,-32.12841],[115.76792,-32.12837],[115.76812,-32.13871],[115.76539,-32.1396],[115.76157,-32.13846],[115.7613,-32.13944],[115.76229,-32.14047],[115.76097,-32.13969],[115.76133,-32.13808],[115.76073,-32.1375],[115.75612,-32.13562],[115.74778,-32.13474],[115.74377,-32.13814],[115.74486,-32.13672],[115.74358,-32.13581],[115.73735,-32.13494],[115.74988,-32.13279],[115.7567,-32.12871],[115.76089,-32.12078],[115.76275,-32.11178],[115.7646,-32.11169],[115.76406,-32.10993],[115.76484,-32.10989],[115.76733,-32.10524],[115.76766,-32.10205],[115.76704,-32.10009],[115.77537,-32.10172],[115.77503,-32.11579],[115.77691,-32.11807],[115.77715,-32.1197],[115.77579,-32.12371],[115.77611,-32.12834],[115.77045,-32.12941]]]},"properties":{"state":"WA","src":"WA-OpenStats","suburb":"Coogee (WA)","crime_index":45.3,"violent_pct":15.39,"dwelling_pct":61.69,"motor_pct":58.86,"rate_per100k":45.3,"year":"FY 2022-23 & 2023-24 (avg)","crime_band":3}},{"type":"Feature","geometry":{"type":"Polygon","coordinates":[[[115.81509,-32.07466],[115.81587,-32.0745],[115.81729,-32.07722],[115.81767,-32.08576],[115.80624,-32.08959],[115.79739,-32.08806],[115.79592,-32.08058],[115.79195,-32.07471],[115.81509,-32.07466]]]},"properties":{"state":"WA","src":"WA-OpenStats","suburb":"Coolbellup","crime_index":91.0,"violent_pct":86.99,"dwelling_pct":95.67,"motor_pct":90.25,"rate_per100k":91.0,"year":"FY 2022-23 & 2023-24 (avg)","crime_band":6}},{"type":"Feature","geometry":{"type":"Polygon","coordinates":[[[115.85398,-31.91019],[115.85612,-31.91203],[115.85788,-31.91052],[115.86012,-31.91216],[115.8601,-31.9148],[115.85617,-31.91758],[115.85672,-31.91864],[115.85554,-31.91878],[115.85648,-31.91961],[115.85569,-31.92034],[115.85174,-31.91822],[115.85246,-31.91759],[115.84684,-31.91261],[115.85182,-31.90828],[115.85398,-31.91019]]]},"properties":{"state":"WA","src":"WA-OpenStats","suburb":"Coolbinia","crime_index":37.4,"violent_pct":10.64,"dwelling_pct":81.71,"motor_pct":19.94,"rate_per100k":37.4,"year":"FY 2022-23 & 2023-24 (avg)","crime_band":3}},{"type":"Feature","geometry":{"type":"Polygon","coordinates":[[[115.76973,-32.2848],[115.77062,-32.27943],[115.77277,-32.27693],[115.78834,-32.27707],[115.79339,-32.28116],[115.79602,-32.28479],[115.79596,-32.29033],[115.79664,-32.2959],[115.79728,-32.29599],[115.79622,-32.30982],[115.79197,-32.31111],[115.77617,-32.30735],[115.76848,-32.30689],[115.76902,-32.30388],[115.76816,-32.30099],[115.75941,-32.3054],[115.75846,-32.30375],[115.75593,-32.30473],[115.75135,-32.30466],[115.74838,-32.30561],[115.7442,-32.29674],[115.7557,-32.29155],[115.761,-32.29292],[115.76157,-32.29261],[115.76086,-32.29077],[115.76186,-32.28859],[115.76973,-32.2848]]]},"properties":{"state":"WA","src":"WA-OpenStats","suburb":"Cooloongup","crime_index":80.4,"violent_pct":84.29,"dwelling_pct":73.4,"motor_pct":83.49,"rate_per100k":80.4,"year":"FY 2022-23 & 2023-24 (avg)","crime_band":5}},{"type":"Feature","geometry":{"type":"Polygon","coordinates":[[[115.75679,-32.00757],[115.75341,-32.0161],[115.75129,-32.01611],[115.75193,-32.01232],[115.75111,-32.00728],[115.75146,-31.99885],[115.75001,-31.99693],[115.75097,-31.99594],[115.75282,-31.98197],[115.76685,-31.982],[115.76684,-31.9846],[115.76951,-31.98313],[115.76951,-31.98785],[115.75679,-32.00757]]]},"properties":{"state":"WA","src":"WA-OpenStats","suburb":"Cottesloe","crime_index":37.1,"violent_pct":9.99,"dwelling_pct":54.94,"motor_pct":46.33,"rate_per100k":37.1,"year":"FY 2022-23 & 2023-24 (avg)","crime_band":3}},{"type":"Feature","geometry":{"type":"Polygon","coordinates":[[[115.78208,-31.78709],[115.78236,-31.7894],[115.78109,-31.78941],[115.78138,-31.79594],[115.77968,-31.79823],[115.76922,-31.79371],[115.75898,-31.79643],[115.7546,-31.79563],[115.75479,-31.79224],[115.75723,-31.78727],[115.75522,-31.78208],[115.77203,-31.77672],[115.77736,-31.77585],[115.77789,-31.77476],[115.78139,-31.77488],[115.78077,-31.77573],[115.78208,-31.78709]]]},"properties":{"state":"WA","src":"WA-OpenStats","suburb":"Craigie (WA)","crime_index":51.9,"violent_pct":67.12,"dwelling_pct":34.9,"motor_pct":53.69,"rate_per100k":51.9,"year":"FY 2022-23 & 2023-24 (avg)","crime_band":4}},{"type":"Feature","geometry":{"type":"Polygon","coordinates":[[[115.82604,-31.97333],[115.82222,-31.97631],[115.82113,-31.98149],[115.82269,-31.98404],[115.82585,-31.98478],[115.82893,-31.9871],[115.82059,-31.98689],[115.81857,-31.98801],[115.81751,-31.99014],[115.81645,-31.9896],[115.81457,-31.98729],[115.8145,-31.97989],[115.81347,-31.97449],[115.82294,-31.97262],[115.82642,-31.97077],[115.82726,-31.97284],[115.82604,-31.97333]]]},"properties":{"state":"WA","src":"WA-OpenStats","suburb":"Crawley","crime_index":22.9,"violent_pct":3.4,"dwelling_pct":15.99,"motor_pct":49.25,"rate_per100k":22.9,"year":"FY 2022-23 & 2023-24 (avg)","crime_band":2}},{"type":"Feature","geometry":{"type":"Polygon","coordinates":[[[115.75384,-31.74086],[115.7477,-31.74235],[115.73817,-31.74317],[115.73668,-31.736],[115.73713,-31.73099],[115.7353,-31.72691],[115.7496,-31.72257],[115.75688,-31.73999],[115.75384,-31.74086]]]},"properties":{"state":"WA","src":"WA-OpenStats","suburb":"Currambine","crime_index":22.5,"violent_pct":8.56,"dwelling_pct":28.84,"motor_pct":30.21,"rate_per100k":22.5,"year":"FY 2022-23 & 2023-24 (avg)","crime_band":2}},{"type":"Feature","geometry":{"type":"Polygon","coordinates":[[[115.81819,-31.94699],[115.81958,-31.94708],[115.80755,-31.95626],[115.80509,-31.95604],[115.80414,-31.9493],[115.80533,-31.94931],[115.80532,-31.94868],[115.8079,-31.94757],[115.80773,-31.9492],[115.81197,-31.95032],[115.81262,-31.94988],[115.81211,-31.94935],[115.81328,-31.94943],[115.81608,-31.94703],[115.81819,-31.94699]]]},"properties":{"state":"WA","src":"WA-OpenStats","suburb":"Daglish","crime_index":38.2,"violent_pct":17.31,"dwelling_pct":61.21,"motor_pct":36.14,"rate_per100k":38.2,"year":"FY 2022-23 & 2023-24 (avg)","crime_band":3}},{"type":"Feature","geometry":{"type":"Polygon","coordinates":[[[115.80587,-32.0025],[115.79764,-32.00341],[115.79179,-32.00492],[115.79081,-32.00115],[115.78725,-31.99657],[115.78694,-31.9915],[115.79267,-31.99161],[115.79266,-31.98879],[115.79876,-31.98881],[115.80264,-31.98916],[115.80365,-31.99038],[115.80321,-31.9928],[115.81437,-31.99288],[115.81323,-31.99398],[115.81053,-32.00031],[115.80587,-32.0025]]]},"properties":{"state":"WA","src":"WA-OpenStats","suburb":"Dalkeith","crime_index":18.0,"violent_pct":1.79,"dwelling_pct":34.24,"motor_pct":17.85,"rate_per100k":18.0,"year":"FY 2022-23 & 2023-24 (avg)","crime_band":2}},{"type":"Feature","geometry":{"type":"Polygon","coordinates":[[[115.84487,-31.80481],[115.85687,-31.80488],[115.85668,-31.80756],[115.85445,-31.81163],[115.85437,-31.82094],[115.83718,-31.82092],[115.83726,-31.81628],[115.83116,-31.81569],[115.83103,-31.81321],[115.83627,-31.81322],[115.83537,-31.8054],[115.84487,-31.80481]]]},"properties":{"state":"WA","src":"WA-OpenStats","suburb":"Darch","crime_index":13.4,"violent_pct":4.16,"dwelling_pct":22,"motor_pct":14,"rate_per100k":13.4,"year":"FY 2022-23 & 2023-24 (avg)","crime_band":1}},{"type":"Feature","geometry":{"type":"Polygon","coordinates":[[[116.01621,-32.19346],[116.01604,-32.19616],[116.01172,-32.20483],[115.99594,-32.20492],[115.98654,-32.20689],[115.97278,-32.20702],[115.97235,-32.17964],[115.9781,-32.17955],[115.97843,-32.18165],[115.99028,-32.1816],[115.99236,-32.1802],[115.99567,-32.18589],[115.99863,-32.18684],[116.00014,-32.18521],[116.00155,-32.18669],[116.00846,-32.1861],[116.01583,-32.18654],[116.01528,-32.18972],[116.01621,-32.19346]]]},"properties":{"state":"WA","src":"WA-OpenStats","suburb":"Darling Downs","crime_index":38.8,"violent_pct":32.34,"dwelling_pct":51.62,"motor_pct":32.33,"rate_per100k":38.8,"year":"FY 2022-23 & 2023-24 (avg)","crime_band":3}},{"type":"Feature","geometry":{"type":"Polygon","coordinates":[[[116.07835,-31.90099],[116.08767,-31.90094],[116.08746,-31.9159],[116.08932,-31.91472],[116.09171,-31.91494],[116.09121,-31.91999],[116.09255,-31.92117],[116.09241,-31.93592],[116.09693,-31.93594],[116.09857,-31.93931],[116.10132,-31.93946],[116.10442,-31.94464],[116.10311,-31.94615],[116.09596,-31.94618],[116.09341,-31.94785],[116.08757,-31.94774],[116.08153,-31.94941],[116.07923,-31.94888],[116.07808,-31.94807],[116.07792,-31.94534],[116.07662,-31.94357],[116.07553,-31.93893],[116.07222,-31.93631],[116.06679,-31.93506],[116.06706,-31.90428],[116.06345,-31.90438],[116.06143,-31.90384],[116.06111,-31.90285],[116.05771,-31.90316],[116.05773,-31.90051],[116.06025,-31.90075],[116.06489,-31.89934],[116.07469,-31.90167],[116.07835,-31.90099]]]},"properties":{"state":"WA","src":"WA-OpenStats","suburb":"Darlington (WA)","crime_index":25.6,"violent_pct":14.62,"dwelling_pct":44.69,"motor_pct":17.36,"rate_per100k":25.6,"year":"FY 2022-23 & 2023-24 (avg)","crime_band":2}},{"type":"Feature","geometry":{"type":"Polygon","coordinates":[[[115.6313,-32.60282],[115.63196,-32.60109],[115.63616,-32.60258],[115.64072,-32.60477],[115.64517,-32.60818],[115.64335,-32.60976],[115.64558,-32.61229],[115.6421,-32.61339],[115.64146,-32.61449],[115.64102,-32.61849],[115.64198,-32.6222],[115.64173,-32.62825],[115.64278,-32.63011],[115.64871,-32.63498],[115.64681,-32.64199],[115.64818,-32.64409],[115.64704,-32.64573],[115.64706,-32.648],[115.64969,-32.65192],[115.65012,-32.65382],[115.65223,-32.65649],[115.65482,-32.65806],[115.65539,-32.65946],[115.65321,-32.65867],[115.64092,-32.6587],[115.64091,-32.65537],[115.63785,-32.65537],[115.6378,-32.65207],[115.63522,-32.65209],[115.63519,-32.64888],[115.62217,-32.6539],[115.61463,-32.6539],[115.61647,-32.64132],[115.61802,-32.63843],[115.61995,-32.62934],[115.62181,-32.62451],[115.62339,-32.6229],[115.62379,-32.61647],[115.62943,-32.6055],[115.62963,-32.60264],[115.62893,-32.6019],[115.62848,-32.60249],[115.62899,-32.60113],[115.62782,-32.59953],[115.6313,-32.60282]]]},"properties":{"state":"WA","src":"WA-OpenStats","suburb":"Dawesville","crime_index":45.0,"violent_pct":44.3,"dwelling_pct":47.68,"motor_pct":42.88,"rate_per100k":45.0,"year":"FY 2022-23 & 2023-24 (avg)","crime_band":3}},{"type":"Feature","geometry":{"type":"Polygon","coordinates":[[[115.97323,-31.84535],[115.98171,-31.8461],[115.98168,-31.85145],[115.97744,-31.85139],[115.97848,-31.85403],[115.97811,-31.85554],[115.98207,-31.85555],[115.98208,-31.85757],[115.97995,-31.85757],[115.97996,-31.85949],[115.97783,-31.8595],[115.97783,-31.86154],[115.97942,-31.86154],[115.97943,-31.86341],[115.96563,-31.86205],[115.96584,-31.85989],[115.96762,-31.85653],[115.96683,-31.85594],[115.96718,-31.84624],[115.96917,-31.84624],[115.96916,-31.84533],[115.97323,-31.84535]]]},"properties":{"state":"WA","src":"WA-OpenStats","suburb":"Dayton","crime_index":23.1,"violent_pct":12.76,"dwelling_pct":43.6,"motor_pct":12.79,"rate_per100k":23.1,"year":"FY 2022-23 & 2023-24 (avg)","crime_band":2}},{"type":"Feature","geometry":{"type":"Polygon","coordinates":[[[115.8814,-31.88108],[115.88367,-31.88299],[115.88491,-31.88236],[115.8866,-31.88425],[115.88601,-31.88499],[115.8923,-31.89036],[115.88713,-31.89475],[115.89111,-31.89812],[115.8775,-31.91168],[115.86767,-31.90384],[115.86766,-31.90294],[115.86559,-31.90187],[115.85339,-31.89059],[115.8527,-31.89081],[115.85069,-31.88925],[115.8532,-31.88937],[115.85929,-31.88432],[115.85554,-31.88123],[115.85424,-31.88127],[115.85172,-31.87808],[115.85464,-31.87566],[115.85512,-31.87067],[115.85824,-31.87115],[115.86238,-31.8751],[115.86563,-31.87136],[115.8663,-31.86631],[115.87837,-31.86753],[115.87762,-31.87177],[115.87943,-31.87177],[115.87947,-31.87947],[115.8814,-31.88108]]]},"properties":{"state":"WA","src":"WA-OpenStats","suburb":"Dianella","crime_index":41.7,"violent_pct":18.72,"dwelling_pct":57.71,"motor_pct":48.8,"rate_per100k":41.7,"year":"FY 2022-23 & 2023-24 (avg)","crime_band":3}},{"type":"Feature","geometry":{"type":"Polygon","coordinates":[[[115.78481,-31.8853],[115.78715,-31.8853],[115.78714,-31.888],[115.78844,-31.88812],[115.78764,-31.88859],[115.78761,-31.89019],[115.78852,-31.89032],[115.78769,-31.89129],[115.78802,-31.89317],[115.78709,-31.89317],[115.78705,-31.90186],[115.7862,-31.90264],[115.78619,-31.90527],[115.7874,-31.90525],[115.78739,-31.90827],[115.78155,-31.90824],[115.78138,-31.90725],[115.77604,-31.90721],[115.77602,-31.90088],[115.77685,-31.90087],[115.77686,-31.89981],[115.77652,-31.89401],[115.7759,-31.89344],[115.77596,-31.88522],[115.78481,-31.8853]]]},"properties":{"state":"WA","src":"WA-OpenStats","suburb":"Doubleview","crime_index":66.2,"violent_pct":48.19,"dwelling_pct":78.06,"motor_pct":72.21,"rate_per100k":66.2,"year":"FY 2022-23 & 2023-24 (avg)","crime_band":4}},{"type":"Feature","geometry":{"type":"MultiPolygon","coordinates":[[[[115.7106,-32.56963],[115.7111,-32.56657],[115.71239,-32.56612],[115.71486,-32.56801],[115.71585,-32.57032],[115.71466,-32.57174],[115.71268,-32.57216],[115.7106,-32.56963]]],[[[115.71609,-32.56278],[115.71571,-32.56394],[115.71356,-32.56529],[115.71391,-32.56427],[115.71609,-32.56278]]],[[[115.74127,-32.54427],[115.73871,-32.54643],[115.74025,-32.54783],[115.74266,-32.54804],[115.74722,-32.54697],[115.75018,-32.54823],[115.74029,-32.56339],[115.73606,-32.56462],[115.73327,-32.56633],[115.72898,-32.56648],[115.72533,-32.5678],[115.72325,-32.56787],[115.71907,-32.56519],[115.71868,-32.56146],[115.7218,-32.55864],[115.71887,-32.55361],[115.71963,-32.53852],[115.72132,-32.54358],[115.72248,-32.54251],[115.72202,-32.5391],[115.71915,-32.53543],[115.72634,-32.53507],[115.74185,-32.54362],[115.74127,-32.54427]]]]},"properties":{"state":"WA","src":"WA-OpenStats","suburb":"Dudley Park (WA)","crime_index":50.2,"violent_pct":51.93,"dwelling_pct":59.78,"motor_pct":38.84,"rate_per100k":50.2,"year":"FY 2022-23 & 2023-24 (avg)","crime_band":3}},{"type":"Feature","geometry":{"type":"Polygon","coordinates":[[[115.79077,-31.8348],[115.79226,-31.83811],[115.79465,-31.83821],[115.79587,-31.84152],[115.79458,-31.84177],[115.79625,-31.84586],[115.77822,-31.84574],[115.76978,-31.84494],[115.76213,-31.84582],[115.76397,-31.83478],[115.76468,-31.83463],[115.76258,-31.82721],[115.76196,-31.82737],[115.76112,-31.82494],[115.76172,-31.82479],[115.76108,-31.81669],[115.76439,-31.81676],[115.77344,-31.81944],[115.78176,-31.8172],[115.78307,-31.82338],[115.78397,-31.82438],[115.78511,-31.82438],[115.78897,-31.8303],[115.78814,-31.83079],[115.79077,-31.8348]]]},"properties":{"state":"WA","src":"WA-OpenStats","suburb":"Duncraig","crime_index":21.2,"violent_pct":9.76,"dwelling_pct":30.74,"motor_pct":23.09,"rate_per100k":21.2,"year":"FY 2022-23 & 2023-24 (avg)","crime_band":2}},{"type":"Feature","geometry":{"type":"Polygon","coordinates":[[[115.96013,-32.0136],[115.95179,-32.02058],[115.94545,-32.01437],[115.94746,-32.01261],[115.94635,-32.01167],[115.95584,-32.00343],[115.95689,-32.00419],[115.96216,-31.99974],[115.97571,-32.00402],[115.97069,-32.00906],[115.96805,-32.00683],[115.96013,-32.0136]]]},"properties":{"state":"WA","src":"WA-OpenStats","suburb":"East Cannington","crime_index":64.2,"violent_pct":38.27,"dwelling_pct":83.09,"motor_pct":71.29,"rate_per100k":64.2,"year":"FY 2022-23 & 2023-24 (avg)","crime_band":4}},{"type":"Feature","geometry":{"type":"Polygon","coordinates":[[[115.7761,-32.03482],[115.77627,-32.04703],[115.75814,-32.04728],[115.758,-32.04121],[115.76085,-32.03997],[115.76408,-32.03181],[115.7616,-32.02835],[115.76192,-32.02664],[115.76628,-32.02577],[115.76921,-32.02667],[115.77234,-32.02899],[115.77617,-32.02881],[115.7761,-32.03482]]]},"properties":{"state":"WA","src":"WA-OpenStats","suburb":"East Fremantle","crime_index":56.2,"violent_pct":30.07,"dwelling_pct":67.67,"motor_pct":70.82,"rate_per100k":56.2,"year":"FY 2022-23 & 2023-24 (avg)","crime_band":4}},{"type":"Feature","geometry":{"type":"Polygon","coordinates":[[[115.88354,-31.95508],[115.88449,-31.95818],[115.88421,-31.9601],[115.88146,-31.96384],[115.88219,-31.96428],[115.88439,-31.96291],[115.88543,-31.96319],[115.88569,-31.96253],[115.88476,-31.96256],[115.88626,-31.96175],[115.88782,-31.96287],[115.88653,-31.96475],[115.88319,-31.96702],[115.87638,-31.96896],[115.87568,-31.9674],[115.87828,-31.9663],[115.8664,-31.96251],[115.86972,-31.95506],[115.86762,-31.95437],[115.86817,-31.95125],[115.87577,-31.94678],[115.87808,-31.93931],[115.87936,-31.93978],[115.88041,-31.94497],[115.8814,-31.94495],[115.88137,-31.94841],[115.88354,-31.95508]]]},"properties":{"state":"WA","src":"WA-OpenStats","suburb":"East Perth","crime_index":84.2,"violent_pct":73.9,"dwelling_pct":91.85,"motor_pct":86.95,"rate_per100k":84.2,"year":"FY 2022-23 & 2023-24 (avg)","crime_band":5}},{"type":"Feature","geometry":{"type":"Polygon","coordinates":[[[115.91786,-31.99039],[115.9181,-31.99127],[115.91501,-31.99387],[115.9127,-31.99367],[115.91071,-31.99227],[115.90439,-31.9977],[115.90246,-32.00329],[115.88889,-31.99136],[115.90674,-31.97628],[115.9138,-31.98363],[115.91786,-31.99039]]]},"properties":{"state":"WA","src":"WA-OpenStats","suburb":"East Victoria Park","crime_index":83.9,"violent_pct":69.73,"dwelling_pct":88.88,"motor_pct":92.97,"rate_per100k":83.9,"year":"FY 2022-23 & 2023-24 (avg)","crime_band":5}},{"type":"Feature","geometry":{"type":"Polygon","coordinates":[[[115.93987,-31.88758],[115.94738,-31.88745],[115.96433,-31.88768],[115.96334,-31.89117],[115.95856,-31.89472],[115.9554,-31.89474],[115.95413,-31.8936],[115.95407,-31.89479],[115.93193,-31.89474],[115.93185,-31.88794],[115.93396,-31.88721],[115.93465,-31.88812],[115.93987,-31.88758]]]},"properties":{"state":"WA","src":"WA-OpenStats","suburb":"Eden Hill","crime_index":64.7,"violent_pct":60.85,"dwelling_pct":69.81,"motor_pct":63.41,"rate_per100k":64.7,"year":"FY 2022-23 & 2023-24 (avg)","crime_band":4}},{"type":"Feature","geometry":{"type":"Polygon","coordinates":[[[115.7766,-31.75506],[115.77761,-31.75319],[115.77674,-31.75012],[115.78865,-31.75004],[115.78778,-31.75187],[115.78972,-31.75655],[115.79566,-31.76238],[115.7991,-31.7704],[115.79613,-31.7767],[115.78817,-31.77419],[115.77978,-31.77485],[115.77795,-31.77084],[115.77048,-31.76248],[115.774,-31.76107],[115.77316,-31.75725],[115.7766,-31.75506]]]},"properties":{"state":"WA","src":"WA-OpenStats","suburb":"Edgewater","crime_index":36.6,"violent_pct":7.62,"dwelling_pct":27.72,"motor_pct":74.52,"rate_per100k":36.6,"year":"FY 2022-23 & 2023-24 (avg)","crime_band":3}},{"type":"Feature","geometry":{"type":"Polygon","coordinates":[[[115.68286,-31.59942],[115.68136,-31.59971],[115.67786,-31.59744],[115.67715,-31.59762],[115.67722,-31.59908],[115.66295,-31.5993],[115.65579,-31.59894],[115.65568,-31.59823],[115.65424,-31.59868],[115.65459,-31.59928],[115.65206,-31.59928],[115.64393,-31.58306],[115.63878,-31.57534],[115.63681,-31.56868],[115.68076,-31.5687],[115.68271,-31.57294],[115.68802,-31.58027],[115.68964,-31.58027],[115.70002,-31.59316],[115.70503,-31.5974],[115.70191,-31.59939],[115.68286,-31.59942]]]},"properties":{"state":"WA","src":"WA-OpenStats","suburb":"Eglinton (WA)","crime_index":45.3,"violent_pct":42.71,"dwelling_pct":27.86,"motor_pct":65.24,"rate_per100k":45.3,"year":"FY 2022-23 & 2023-24 (avg)","crime_band":3}},{"type":"Feature","geometry":{"type":"Polygon","coordinates":[[[115.98919,-31.764],[115.99278,-31.76404],[115.99293,-31.76884],[115.989,-31.76807],[115.98902,-31.76614],[115.98547,-31.76558],[115.98278,-31.76668],[115.97935,-31.76612],[115.97889,-31.78013],[115.97785,-31.78064],[115.9787,-31.78232],[115.97899,-31.79563],[115.9572,-31.79565],[115.95466,-31.7662],[115.95578,-31.76621],[115.95703,-31.76232],[115.96515,-31.7638],[115.97662,-31.75948],[115.98285,-31.74187],[116.02074,-31.74199],[116.02374,-31.74707],[116.01627,-31.74709],[116.0112,-31.74806],[116.01076,-31.74692],[116.007,-31.74795],[116.003,-31.74778],[116.00312,-31.7487],[116.0011,-31.74944],[116.00058,-31.7482],[115.99954,-31.74832],[115.99932,-31.74646],[115.99862,-31.74661],[115.9929,-31.74972],[115.99418,-31.74989],[115.99328,-31.7557],[115.98719,-31.75548],[115.9871,-31.76136],[115.98631,-31.76393],[115.98919,-31.764]]]},"properties":{"state":"WA","src":"WA-OpenStats","suburb":"Ellenbrook","crime_index":63.5,"violent_pct":77.15,"dwelling_pct":63.47,"motor_pct":49.92,"rate_per100k":63.5,"year":"FY 2022-23 & 2023-24 (avg)","crime_band":4}},{"type":"Feature","geometry":{"type":"Polygon","coordinates":[[[115.90922,-31.90658],[115.90509,-31.91009],[115.90313,-31.90842],[115.90145,-31.9099],[115.8992,-31.90795],[115.90089,-31.90649],[115.90201,-31.9068],[115.90543,-31.89993],[115.90826,-31.89735],[115.91137,-31.89656],[115.91737,-31.89664],[115.92406,-31.89474],[115.91637,-31.90411],[115.91448,-31.9038],[115.91376,-31.90488],[115.91543,-31.90588],[115.91475,-31.907],[115.91424,-31.90656],[115.9116,-31.90862],[115.90922,-31.90658]]]},"properties":{"state":"WA","src":"WA-OpenStats","suburb":"Embleton","crime_index":78.2,"violent_pct":63.38,"dwelling_pct":88.36,"motor_pct":82.79,"rate_per100k":78.2,"year":"FY 2022-23 & 2023-24 (avg)","crime_band":5}},{"type":"Feature","geometry":{"type":"MultiPolygon","coordinates":[[[[115.71465,-32.55898],[115.71025,-32.56004],[115.706,-32.5635],[115.69822,-32.56348],[115.69583,-32.56424],[115.69508,-32.56571],[115.69617,-32.56466],[115.69972,-32.56377],[115.69449,-32.56649],[115.6904,-32.57011],[115.68705,-32.57152],[115.68375,-32.57173],[115.68377,-32.56567],[115.68017,-32.56558],[115.70116,-32.55139],[115.70748,-32.54904],[115.71616,-32.54895],[115.71436,-32.5533],[115.71423,-32.55634],[115.71514,-32.55744],[115.71488,-32.55475],[115.71578,-32.55343],[115.71637,-32.55636],[115.71764,-32.55751],[115.71465,-32.55898]]],[[[115.70371,-32.56492],[115.70406,-32.5643],[115.70806,-32.56406],[115.7052,-32.56527],[115.70371,-32.56492]]]]},"properties":{"state":"WA","src":"WA-OpenStats","suburb":"Erskine (WA)","crime_index":28.3,"violent_pct":32.22,"dwelling_pct":40.56,"motor_pct":12.14,"rate_per100k":28.3,"year":"FY 2022-23 & 2023-24 (avg)","crime_band":2}},{"type":"Feature","geometry":{"type":"Polygon","coordinates":[[[115.65765,-32.57618],[115.66771,-32.5656],[115.67546,-32.5656],[115.67548,-32.56747],[115.67641,-32.5681],[115.68017,-32.56558],[115.68377,-32.56567],[115.68377,-32.57175],[115.67421,-32.57299],[115.66926,-32.57736],[115.6665,-32.58376],[115.666,-32.58641],[115.66662,-32.58943],[115.67108,-32.59446],[115.67291,-32.59374],[115.66879,-32.59694],[115.66384,-32.59845],[115.65862,-32.59844],[115.65863,-32.59655],[115.6493,-32.59639],[115.65329,-32.59177],[115.63908,-32.59177],[115.64055,-32.59033],[115.64166,-32.58708],[115.64421,-32.58576],[115.64842,-32.58186],[115.64939,-32.57857],[115.6512,-32.57809],[115.65153,-32.57911],[115.65304,-32.57973],[115.65765,-32.57618]]]},"properties":{"state":"WA","src":"WA-OpenStats","suburb":"Falcon","crime_index":40.2,"violent_pct":55.96,"dwelling_pct":31.44,"motor_pct":33.34,"rate_per100k":40.2,"year":"FY 2022-23 & 2023-24 (avg)","crime_band":3}},{"type":"Feature","geometry":{"type":"Polygon","coordinates":[[[115.9313,-32.0316],[115.91916,-32.04135],[115.9166,-32.03928],[115.91753,-32.03901],[115.91489,-32.03642],[115.91402,-32.03459],[115.91473,-32.03455],[115.91458,-32.03195],[115.91275,-32.03055],[115.91391,-32.02814],[115.91348,-32.02726],[115.91632,-32.02472],[115.91614,-32.02236],[115.91831,-32.02119],[115.92078,-32.02152],[115.92196,-32.0222],[115.92189,-32.02452],[115.92523,-32.02538],[115.92699,-32.02417],[115.92721,-32.023],[115.92595,-32.02183],[115.9263,-32.02063],[115.92868,-32.02007],[115.9308,-32.02097],[115.9355,-32.0254],[115.93743,-32.02573],[115.94117,-32.02961],[115.93749,-32.03241],[115.9313,-32.0316]]]},"properties":{"state":"WA","src":"WA-OpenStats","suburb":"Ferndale (WA)","crime_index":68.0,"violent_pct":56.53,"dwelling_pct":81.76,"motor_pct":65.64,"rate_per100k":68.0,"year":"FY 2022-23 & 2023-24 (avg)","crime_band":4}},{"type":"Feature","geometry":{"type":"Polygon","coordinates":[[[115.80414,-31.94424],[115.80415,-31.94687],[115.80339,-31.94748],[115.79179,-31.9475],[115.79178,-31.94823],[115.78768,-31.94824],[115.78768,-31.94976],[115.78065,-31.94976],[115.78162,-31.94825],[115.77971,-31.94194],[115.78437,-31.93851],[115.77911,-31.93742],[115.77824,-31.93522],[115.77908,-31.93076],[115.78895,-31.93295],[115.7889,-31.92745],[115.79651,-31.92735],[115.80182,-31.9326],[115.80413,-31.93272],[115.80414,-31.94424]]]},"properties":{"state":"WA","src":"WA-OpenStats","suburb":"Floreat","crime_index":10.7,"violent_pct":17.24,"dwelling_pct":7.56,"motor_pct":7.22,"rate_per100k":10.7,"year":"FY 2022-23 & 2023-24 (avg)","crime_band":1}},{"type":"Feature","geometry":{"type":"Polygon","coordinates":[[[115.94298,-32.12269],[115.94955,-32.11696],[115.96087,-32.12712],[115.95945,-32.12829],[115.97425,-32.14076],[115.97473,-32.14216],[115.97633,-32.14114],[115.97744,-32.14208],[115.976,-32.14525],[115.97812,-32.14717],[115.95406,-32.14757],[115.9585,-32.15147],[115.96174,-32.1593],[115.96094,-32.15893],[115.96131,-32.16105],[115.95995,-32.17085],[115.96222,-32.17969],[115.89864,-32.18023],[115.89779,-32.1772],[115.89739,-32.13633],[115.92215,-32.14752],[115.93057,-32.14765],[115.93058,-32.14346],[115.93516,-32.13948],[115.9293,-32.1345],[115.94298,-32.12269]]]},"properties":{"state":"WA","src":"WA-OpenStats","suburb":"Forrestdale","crime_index":84.2,"violent_pct":56.47,"dwelling_pct":96.73,"motor_pct":99.38,"rate_per100k":84.2,"year":"FY 2022-23 & 2023-24 (avg)","crime_band":5}},{"type":"Feature","geometry":{"type":"Polygon","coordinates":[[[116.01009,-31.99944],[116.00112,-32.00711],[115.99781,-32.00429],[115.99745,-32.00084],[115.99592,-31.99819],[115.98095,-31.98248],[115.98026,-31.98322],[115.97949,-31.98247],[115.98558,-31.95704],[115.9873,-31.95707],[115.98771,-31.95902],[115.98911,-31.95898],[115.98883,-31.96018],[115.98987,-31.96036],[115.99058,-31.95948],[115.99014,-31.96149],[115.99137,-31.96166],[115.99281,-31.96044],[115.99464,-31.96198],[115.99603,-31.96079],[116.00399,-31.9676],[116.00705,-31.96557],[116.01904,-31.97574],[116.02984,-31.97565],[116.02986,-31.97724],[116.03603,-31.97724],[116.03384,-31.97928],[116.03386,-31.98239],[116.03645,-31.98349],[116.04103,-31.98348],[116.04101,-31.98743],[116.03868,-31.98744],[116.03393,-31.98981],[116.03221,-31.98985],[116.03173,-31.99136],[116.03541,-31.99448],[116.03621,-31.99442],[116.03452,-31.99601],[116.03303,-31.99604],[116.03094,-31.99922],[116.03181,-32.00113],[116.03364,-32.00166],[116.03347,-32.0027],[116.02939,-32.00456],[116.02631,-32.00407],[116.02478,-32.00276],[116.02574,-32.00194],[116.02288,-31.99883],[116.02114,-31.99894],[116.01767,-32.00084],[116.01612,-31.99983],[116.01009,-31.99944]]]},"properties":{"state":"WA","src":"WA-OpenStats","suburb":"Forrestfield","crime_index":71.7,"violent_pct":67.01,"dwelling_pct":74.67,"motor_pct":73.32,"rate_per100k":71.7,"year":"FY 2022-23 & 2023-24 (avg)","crime_band":4}},{"type":"Feature","geometry":{"type":"Polygon","coordinates":[[[115.75481,-32.06358],[115.74882,-32.06395],[115.74707,-32.0601],[115.7461,-32.0597],[115.7454,-32.06074],[115.74265,-32.05868],[115.74255,-32.06068],[115.74335,-32.0608],[115.74348,-32.06108],[115.74205,-32.06126],[115.74037,-32.06309],[115.73902,-32.06241],[115.74037,-32.06281],[115.74145,-32.06093],[115.74084,-32.05976],[115.73963,-32.06023],[115.7383,-32.06219],[115.73957,-32.06354],[115.73809,-32.06203],[115.73944,-32.06012],[115.7414,-32.05941],[115.74091,-32.05697],[115.73217,-32.05577],[115.73767,-32.05625],[115.73691,-32.05569],[115.73798,-32.05597],[115.73851,-32.05481],[115.73791,-32.05463],[115.74226,-32.05241],[115.75249,-32.04228],[115.75715,-32.04117],[115.758,-32.04121],[115.75814,-32.04728],[115.77949,-32.04698],[115.77966,-32.05712],[115.76128,-32.05758],[115.76158,-32.06348],[115.75481,-32.06358]]]},"properties":{"state":"WA","src":"WA-OpenStats","suburb":"Fremantle","crime_index":96.8,"violent_pct":95.54,"dwelling_pct":96.5,"motor_pct":98.4,"rate_per100k":96.8,"year":"FY 2022-23 & 2023-24 (avg)","crime_band":6}},{"type":"Feature","geometry":{"type":"Polygon","coordinates":[[[115.78783,-32.55825],[115.79914,-32.56707],[115.77216,-32.57059],[115.76622,-32.57598],[115.76332,-32.57528],[115.76243,-32.5736],[115.76586,-32.57065],[115.7655,-32.56725],[115.76123,-32.56494],[115.7598,-32.56338],[115.75934,-32.56243],[115.76081,-32.56345],[115.75965,-32.56204],[115.75511,-32.56101],[115.75384,-32.55951],[115.7562,-32.55388],[115.75788,-32.55242],[115.7626,-32.55061],[115.7629,-32.54936],[115.76523,-32.54822],[115.765,-32.54351],[115.76533,-32.54253],[115.76664,-32.54235],[115.78783,-32.55825]]]},"properties":{"state":"WA","src":"WA-OpenStats","suburb":"Furnissdale","crime_index":61.9,"violent_pct":30.09,"dwelling_pct":70.12,"motor_pct":85.58,"rate_per100k":61.9,"year":"FY 2022-23 & 2023-24 (avg)","crime_band":4}},{"type":"Feature","geometry":{"type":"Polygon","coordinates":[[[116.19674,-31.82202],[116.19637,-31.83839],[116.10906,-31.83844],[116.10906,-31.83087],[116.10666,-31.83088],[116.1067,-31.82763],[116.10326,-31.82848],[116.0969,-31.83205],[116.08917,-31.83209],[116.0891,-31.80128],[116.07665,-31.8013],[116.07669,-31.79302],[116.09105,-31.79271],[116.09207,-31.78618],[116.0944,-31.78618],[116.09427,-31.72365],[116.09559,-31.71204],[116.10797,-31.71208],[116.10854,-31.71077],[116.1116,-31.70875],[116.11104,-31.70568],[116.10598,-31.70596],[116.10198,-31.70268],[116.09904,-31.69583],[116.1039,-31.69534],[116.1084,-31.69347],[116.11822,-31.6839],[116.12127,-31.68338],[116.13259,-31.67841],[116.14072,-31.67271],[116.14061,-31.68041],[116.14242,-31.68032],[116.14323,-31.68129],[116.14665,-31.67973],[116.14931,-31.68205],[116.16017,-31.6778],[116.16004,-31.67647],[116.16894,-31.67537],[116.17238,-31.67712],[116.17903,-31.67862],[116.18152,-31.67419],[116.1834,-31.67294],[116.20545,-31.67289],[116.20546,-31.67045],[116.28805,-31.67109],[116.28767,-31.70645],[116.29802,-31.70654],[116.29519,-31.70751],[116.29051,-31.7126],[116.2832,-31.71414],[116.27977,-31.71899],[116.27899,-31.72139],[116.27263,-31.72125],[116.27256,-31.72749],[116.27717,-31.72801],[116.27486,-31.73329],[116.27473,-31.73847],[116.27406,-31.73958],[116.2683,-31.74256],[116.26757,-31.74827],[116.26306,-31.75333],[116.26298,-31.76145],[116.27999,-31.76154],[116.28006,-31.755],[116.28163,-31.75508],[116.2819,-31.81969],[116.2629,-31.81974],[116.26286,-31.82703],[116.2115,-31.82722],[116.21161,-31.82204],[116.19674,-31.82202]]]},"properties":{"state":"WA","src":"WA-OpenStats","suburb":"Gidgegannup","crime_index":23.6,"violent_pct":19.08,"dwelling_pct":8.66,"motor_pct":42.93,"rate_per100k":23.6,"year":"FY 2022-23 & 2023-24 (avg)","crime_band":2}},{"type":"Feature","geometry":{"type":"Polygon","coordinates":[[[115.84035,-31.8345],[115.84566,-31.83585],[115.85462,-31.83589],[115.85526,-31.84854],[115.83699,-31.84824],[115.83104,-31.84556],[115.82669,-31.84241],[115.82706,-31.84196],[115.82337,-31.84245],[115.82164,-31.83401],[115.84035,-31.8345]]]},"properties":{"state":"WA","src":"WA-OpenStats","suburb":"Girrawheen","crime_index":85.3,"violent_pct":78.41,"dwelling_pct":88.83,"motor_pct":88.6,"rate_per100k":85.3,"year":"FY 2022-23 & 2023-24 (avg)","crime_band":5}},{"type":"Feature","geometry":{"type":"Polygon","coordinates":[[[116.09251,-31.92498],[116.09255,-31.92117],[116.09121,-31.91999],[116.09171,-31.91494],[116.08932,-31.91472],[116.08746,-31.9159],[116.08767,-31.90094],[116.0988,-31.90173],[116.10469,-31.90307],[116.10944,-31.90126],[116.1136,-31.90096],[116.11908,-31.89927],[116.12325,-31.89918],[116.12323,-31.90338],[116.12601,-31.90546],[116.12317,-31.90577],[116.12304,-31.91241],[116.1243,-31.91272],[116.12412,-31.93777],[116.11995,-31.93964],[116.11879,-31.93876],[116.11824,-31.93632],[116.11701,-31.93573],[116.11311,-31.93575],[116.11111,-31.93729],[116.10838,-31.93622],[116.10751,-31.93808],[116.10757,-31.9411],[116.10433,-31.94436],[116.10229,-31.94041],[116.10132,-31.93946],[116.09857,-31.93931],[116.09693,-31.93594],[116.09241,-31.93592],[116.09251,-31.92498]]]},"properties":{"state":"WA","src":"WA-OpenStats","suburb":"Glen Forrest","crime_index":22.6,"violent_pct":30.67,"dwelling_pct":20.03,"motor_pct":17.21,"rate_per100k":22.6,"year":"FY 2022-23 & 2023-24 (avg)","crime_band":2}},{"type":"Feature","geometry":{"type":"Polygon","coordinates":[[[115.82425,-31.91923],[115.82598,-31.9223],[115.81757,-31.92283],[115.81739,-31.92463],[115.81524,-31.9246],[115.81381,-31.91711],[115.82012,-31.91709],[115.82052,-31.91502],[115.82319,-31.91525],[115.82425,-31.91923]]]},"properties":{"state":"WA","src":"WA-OpenStats","suburb":"Glendalough","crime_index":74.1,"violent_pct":83.95,"dwelling_pct":85.33,"motor_pct":52.9,"rate_per100k":74.1,"year":"FY 2022-23 & 2023-24 (avg)","crime_band":5}},{"type":"Feature","geometry":{"type":"Polygon","coordinates":[[[115.86106,-31.75706],[115.86106,-31.75548],[115.88302,-31.75544],[115.88284,-31.79563],[115.86182,-31.79558],[115.84915,-31.78974],[115.8413,-31.78935],[115.84418,-31.78701],[115.84645,-31.78244],[115.84567,-31.7595],[115.84683,-31.75806],[115.85164,-31.75716],[115.86106,-31.75706]]]},"properties":{"state":"WA","src":"WA-OpenStats","suburb":"Gnangara","crime_index":37.0,"violent_pct":21.81,"dwelling_pct":44.39,"motor_pct":44.72,"rate_per100k":37.0,"year":"FY 2022-23 & 2023-24 (avg)","crime_band":3}},{"type":"Feature","geometry":{"type":"Polygon","coordinates":[[[115.765,-32.4175],[115.76499,-32.41693],[115.77425,-32.41694],[115.77405,-32.42864],[115.77252,-32.4318],[115.7704,-32.43376],[115.74982,-32.43376],[115.74673,-32.4169],[115.7633,-32.41693],[115.76342,-32.41753],[115.765,-32.4175]]]},"properties":{"state":"WA","src":"WA-OpenStats","suburb":"Golden Bay","crime_index":70.9,"violent_pct":59.68,"dwelling_pct":75.68,"motor_pct":77.27,"rate_per100k":70.9,"year":"FY 2022-23 & 2023-24 (avg)","crime_band":4}},{"type":"Feature","geometry":{"type":"Polygon","coordinates":[[[116.05968,-31.95409],[116.06322,-31.95409],[116.06323,-31.95681],[116.06166,-31.95681],[116.06164,-31.96286],[116.05488,-31.9632],[116.05481,-31.9655],[116.05288,-31.96398],[116.05066,-31.96404],[116.04974,-31.96675],[116.04528,-31.96531],[116.04529,-31.9625],[116.04392,-31.96251],[116.04386,-31.96084],[116.04203,-31.96114],[116.03576,-31.95974],[116.03248,-31.9573],[116.03627,-31.9551],[116.03294,-31.95196],[116.03287,-31.94967],[116.03062,-31.94967],[116.03062,-31.9443],[116.0332,-31.94282],[116.03184,-31.94092],[116.03183,-31.93708],[116.04039,-31.94007],[116.04337,-31.93773],[116.04319,-31.933],[116.04383,-31.93129],[116.04975,-31.93198],[116.05178,-31.93299],[116.06591,-31.93425],[116.06738,-31.93516],[116.06226,-31.937],[116.05868,-31.94432],[116.05863,-31.94685],[116.05968,-31.94733],[116.05968,-31.95409]]]},"properties":{"state":"WA","src":"WA-OpenStats","suburb":"Gooseberry Hill","crime_index":21.6,"violent_pct":4.13,"dwelling_pct":48.03,"motor_pct":12.64,"rate_per100k":21.6,"year":"FY 2022-23 & 2023-24 (avg)","crime_band":2}},{"type":"Feature","geometry":{"type":"Polygon","coordinates":[[[115.98581,-32.06227],[115.98779,-32.06075],[115.98983,-32.06179],[115.99206,-32.06067],[115.995,-32.06106],[115.99469,-32.06266],[115.99626,-32.06347],[115.99775,-32.06564],[115.99926,-32.06351],[116.00186,-32.06544],[116.00261,-32.06662],[116.0018,-32.06918],[116.00259,-32.07001],[116.00619,-32.07006],[116.00697,-32.07075],[116.00672,-32.07198],[116.00806,-32.07251],[116.00937,-32.07435],[116.00949,-32.07613],[116.01199,-32.07606],[116.01306,-32.07675],[116.01406,-32.07975],[116.01371,-32.08128],[116.0151,-32.08187],[116.01532,-32.0842],[116.01757,-32.08632],[116.01807,-32.08981],[116.01571,-32.09331],[116.01622,-32.09489],[116.01309,-32.09736],[116.01234,-32.0972],[116.01294,-32.09435],[116.01227,-32.09047],[116.00942,-32.09224],[115.98395,-32.11515],[115.97466,-32.10728],[115.98113,-32.10163],[115.97814,-32.0991],[115.98003,-32.09749],[115.98253,-32.09719],[115.98323,-32.09582],[115.98034,-32.0943],[115.97817,-32.09436],[115.97473,-32.09299],[115.9726,-32.09156],[115.97285,-32.08845],[115.97213,-32.08693],[115.97274,-32.08513],[115.97774,-32.08131],[115.97879,-32.07809],[115.97586,-32.07485],[115.97454,-32.07047],[115.97293,-32.07002],[115.97194,-32.06671],[115.97456,-32.06289],[115.97662,-32.06237],[115.97951,-32.06012],[115.98104,-32.06],[115.98286,-32.06302],[115.98581,-32.06227]]]},"properties":{"state":"WA","src":"WA-OpenStats","suburb":"Gosnells","crime_index":82.1,"violent_pct":82.17,"dwelling_pct":87.19,"motor_pct":77.08,"rate_per100k":82.1,"year":"FY 2022-23 & 2023-24 (avg)","crime_band":5}},{"type":"Feature","geometry":{"type":"Polygon","coordinates":[[[115.77513,-32.53275],[115.77559,-32.53509],[115.77346,-32.53949],[115.77477,-32.5426],[115.77394,-32.54429],[115.77232,-32.54396],[115.76943,-32.5415],[115.76664,-32.54235],[115.76225,-32.53994],[115.74491,-32.53736],[115.74868,-32.51967],[115.7472,-32.51628],[115.74222,-32.51094],[115.76104,-32.51077],[115.77048,-32.50763],[115.77836,-32.50762],[115.78154,-32.50894],[115.7825,-32.51087],[115.78427,-32.50812],[115.78499,-32.50861],[115.78466,-32.50947],[115.78177,-32.51156],[115.77653,-32.52581],[115.77836,-32.52805],[115.77377,-32.53042],[115.77513,-32.53275]]]},"properties":{"state":"WA","src":"WA-OpenStats","suburb":"Greenfields","crime_index":71.2,"violent_pct":77.98,"dwelling_pct":68.68,"motor_pct":66.85,"rate_per100k":71.2,"year":"FY 2022-23 & 2023-24 (avg)","crime_band":4}},{"type":"Feature","geometry":{"type":"Polygon","coordinates":[[[116.04948,-31.89503],[116.05793,-31.89396],[116.06401,-31.89442],[116.06433,-31.89382],[116.06742,-31.89584],[116.07479,-31.89584],[116.07516,-31.90168],[116.0653,-31.89936],[116.06025,-31.90075],[116.05773,-31.90051],[116.05771,-31.90316],[116.06111,-31.90285],[116.06143,-31.90384],[116.06345,-31.90438],[116.06706,-31.90428],[116.0669,-31.91571],[116.06049,-31.91568],[116.06048,-31.91654],[116.05761,-31.91409],[116.05611,-31.91505],[116.05403,-31.91431],[116.04944,-31.90659],[116.03815,-31.90186],[116.03814,-31.89827],[116.0358,-31.89681],[116.04258,-31.89366],[116.04731,-31.89343],[116.04948,-31.89503]]]},"properties":{"state":"WA","src":"WA-OpenStats","suburb":"Greenmount (WA)","crime_index":71.7,"violent_pct":48.89,"dwelling_pct":84.54,"motor_pct":81.75,"rate_per100k":71.7,"year":"FY 2022-23 & 2023-24 (avg)","crime_band":4}},{"type":"Feature","geometry":{"type":"Polygon","coordinates":[[[115.80025,-31.83505],[115.79588,-31.83787],[115.79226,-31.83811],[115.78814,-31.83079],[115.78897,-31.8303],[115.78511,-31.82438],[115.78397,-31.82438],[115.78307,-31.82338],[115.78176,-31.8172],[115.79982,-31.82207],[115.80871,-31.81989],[115.82086,-31.82009],[115.82164,-31.83401],[115.80425,-31.83362],[115.80025,-31.83505]]]},"properties":{"state":"WA","src":"WA-OpenStats","suburb":"Greenwood (WA)","crime_index":49.2,"violent_pct":29.84,"dwelling_pct":54.81,"motor_pct":62.93,"rate_per100k":49.2,"year":"FY 2022-23 & 2023-24 (avg)","crime_band":3}},{"type":"Feature","geometry":{"type":"Polygon","coordinates":[[[115.97375,-31.90443],[115.9697,-31.90673],[115.96533,-31.90434],[115.96365,-31.90422],[115.96172,-31.9001],[115.9585,-31.89775],[115.95865,-31.89532],[115.96609,-31.89591],[115.97334,-31.89439],[115.97754,-31.88822],[115.98074,-31.88741],[115.98662,-31.88821],[115.98642,-31.89141],[115.98558,-31.89188],[115.98636,-31.89289],[115.98467,-31.8939],[115.98794,-31.89437],[115.98741,-31.89446],[115.98742,-31.89721],[115.98586,-31.89721],[115.98636,-31.89861],[115.9857,-31.90069],[115.97375,-31.90443]]]},"properties":{"state":"WA","src":"WA-OpenStats","suburb":"Guildford (WA)","crime_index":83.7,"violent_pct":65.8,"dwelling_pct":96.33,"motor_pct":89.05,"rate_per100k":83.7,"year":"FY 2022-23 & 2023-24 (avg)","crime_band":5}},{"type":"Feature","geometry":{"type":"Polygon","coordinates":[[[115.79784,-31.85946],[115.80131,-31.85947],[115.80147,-31.86053],[115.80069,-31.88252],[115.78718,-31.88247],[115.78742,-31.87057],[115.79078,-31.87057],[115.79071,-31.85944],[115.79494,-31.85841],[115.79784,-31.85946]]]},"properties":{"state":"WA","src":"WA-OpenStats","suburb":"Gwelup","crime_index":23.4,"violent_pct":11.62,"dwelling_pct":36.41,"motor_pct":22.13,"rate_per100k":23.4,"year":"FY 2022-23 & 2023-24 (avg)","crime_band":2}},{"type":"Feature","geometry":{"type":"Polygon","coordinates":[[[115.71585,-32.54157],[115.71389,-32.54586],[115.7155,-32.54818],[115.71605,-32.54714],[115.71506,-32.54586],[115.71625,-32.54472],[115.71616,-32.54895],[115.70794,-32.54896],[115.70268,-32.55058],[115.67641,-32.5681],[115.67548,-32.56747],[115.67546,-32.5656],[115.66771,-32.5656],[115.67144,-32.5612],[115.67378,-32.55675],[115.67828,-32.55182],[115.67987,-32.54865],[115.68161,-32.54759],[115.68636,-32.5414],[115.68986,-32.53409],[115.6931,-32.5303],[115.69528,-32.52493],[115.69684,-32.52448],[115.70176,-32.51783],[115.70246,-32.51833],[115.70206,-32.51892],[115.70434,-32.51937],[115.70745,-32.52132],[115.71055,-32.52055],[115.70948,-32.52542],[115.7079,-32.52533],[115.70724,-32.52683],[115.70812,-32.52711],[115.70943,-32.52566],[115.71049,-32.52786],[115.71583,-32.53243],[115.71748,-32.53839],[115.71585,-32.54157]]]},"properties":{"state":"WA","src":"WA-OpenStats","suburb":"Halls Head","crime_index":31.7,"violent_pct":39.13,"dwelling_pct":38.86,"motor_pct":17.25,"rate_per100k":31.7,"year":"FY 2022-23 & 2023-24 (avg)","crime_band":3}},{"type":"Feature","geometry":{"type":"Polygon","coordinates":[[[115.82336,-31.85137],[115.82619,-31.85936],[115.80805,-31.85625],[115.80045,-31.85646],[115.79676,-31.84586],[115.81339,-31.84513],[115.82313,-31.84248],[115.8239,-31.84674],[115.82336,-31.85137]]]},"properties":{"state":"WA","src":"WA-OpenStats","suburb":"Hamersley","crime_index":55.5,"violent_pct":52.26,"dwelling_pct":63.83,"motor_pct":50.39,"rate_per100k":55.5,"year":"FY 2022-23 & 2023-24 (avg)","crime_band":4}},{"type":"Feature","geometry":{"type":"Polygon","coordinates":[[[115.78065,-32.09352],[115.76402,-32.09446],[115.76418,-32.09028],[115.76339,-32.09028],[115.76326,-32.08619],[115.76116,-32.0862],[115.76114,-32.07819],[115.76572,-32.07826],[115.76564,-32.07455],[115.79195,-32.07471],[115.79592,-32.08058],[115.79856,-32.09367],[115.78065,-32.09352]]]},"properties":{"state":"WA","src":"WA-OpenStats","suburb":"Hamilton Hill","crime_index":88.8,"violent_pct":77.86,"dwelling_pct":94.39,"motor_pct":94.27,"rate_per100k":88.8,"year":"FY 2022-23 & 2023-24 (avg)","crime_band":6}},{"type":"Feature","geometry":{"type":"Polygon","coordinates":[[[115.85391,-32.15702],[115.85738,-32.1574],[115.85655,-32.16231],[115.85719,-32.18063],[115.82982,-32.18073],[115.82949,-32.1735],[115.84226,-32.1734],[115.84217,-32.16047],[115.8464,-32.16],[115.85153,-32.15705],[115.85391,-32.15702]]]},"properties":{"state":"WA","src":"WA-OpenStats","suburb":"Hammond Park","crime_index":28.5,"violent_pct":13.99,"dwelling_pct":52.55,"motor_pct":19.03,"rate_per100k":28.5,"year":"FY 2022-23 & 2023-24 (avg)","crime_band":2}},{"type":"Feature","geometry":{"type":"Polygon","coordinates":[[[115.93162,-32.13249],[115.92827,-32.13548],[115.92498,-32.13568],[115.92531,-32.12364],[115.91618,-32.11532],[115.92792,-32.10511],[115.93084,-32.10009],[115.94955,-32.11696],[115.93162,-32.13249]]]},"properties":{"state":"WA","src":"WA-OpenStats","suburb":"Harrisdale","crime_index":41.1,"violent_pct":67.72,"dwelling_pct":27.55,"motor_pct":28.13,"rate_per100k":41.1,"year":"FY 2022-23 & 2023-24 (avg)","crime_band":3}},{"type":"Feature","geometry":{"type":"Polygon","coordinates":[[[115.9855,-32.16042],[115.98622,-32.16199],[115.9834,-32.16439],[115.97639,-32.15841],[115.97107,-32.16293],[115.97003,-32.16617],[115.96174,-32.1593],[115.9585,-32.15147],[115.95406,-32.14757],[115.98402,-32.14715],[115.99674,-32.15857],[115.9924,-32.15996],[115.9855,-32.16042]]]},"properties":{"state":"WA","src":"WA-OpenStats","suburb":"Haynes","crime_index":57.5,"violent_pct":52.93,"dwelling_pct":90.17,"motor_pct":29.3,"rate_per100k":57.5,"year":"FY 2022-23 & 2023-24 (avg)","crime_band":4}},{"type":"Feature","geometry":{"type":"Polygon","coordinates":[[[116.00825,-31.89903],[116.00952,-31.90207],[116.01381,-31.90223],[116.01601,-31.90447],[116.01587,-31.90806],[116.0148,-31.91073],[116.01662,-31.91136],[116.01657,-31.91337],[116.02325,-31.93117],[116.02146,-31.93091],[116.02219,-31.9331],[116.00388,-31.92624],[116.00661,-31.921],[115.99869,-31.91804],[115.99891,-31.91754],[115.99194,-31.91762],[115.98925,-31.90812],[115.98969,-31.89848],[115.98905,-31.89557],[115.991,-31.89602],[115.99252,-31.89757],[115.99477,-31.89791],[115.99597,-31.89608],[115.99921,-31.89584],[116.00025,-31.89456],[116.00378,-31.89709],[116.00727,-31.89786],[116.00825,-31.89903]]]},"properties":{"state":"WA","src":"WA-OpenStats","suburb":"Hazelmere","crime_index":73.9,"violent_pct":51.95,"dwelling_pct":70.32,"motor_pct":99.51,"rate_per100k":73.9,"year":"FY 2022-23 & 2023-24 (avg)","crime_band":5}},{"type":"Feature","geometry":{"type":"Polygon","coordinates":[[[115.76174,-31.75582],[115.76407,-31.75521],[115.77703,-31.76963],[115.77978,-31.77485],[115.77533,-31.7741],[115.76446,-31.76827],[115.7518,-31.77006],[115.74863,-31.76242],[115.74303,-31.7577],[115.74193,-31.75573],[115.74929,-31.75422],[115.76174,-31.75582]]]},"properties":{"state":"WA","src":"WA-OpenStats","suburb":"Heathridge","crime_index":52.4,"violent_pct":45.9,"dwelling_pct":62.06,"motor_pct":49.37,"rate_per100k":52.4,"year":"FY 2022-23 & 2023-24 (avg)","crime_band":4}},{"type":"Feature","geometry":{"type":"Polygon","coordinates":[[[116.03052,-31.92147],[116.02913,-31.91991],[116.02299,-31.9167],[116.01636,-31.91093],[116.0148,-31.91073],[116.01595,-31.90537],[116.02073,-31.90679],[116.02208,-31.90916],[116.02503,-31.90913],[116.02607,-31.90827],[116.02623,-31.90648],[116.02834,-31.90651],[116.03054,-31.90859],[116.03145,-31.90793],[116.03334,-31.90857],[116.03377,-31.90982],[116.04697,-31.90991],[116.04913,-31.91617],[116.04828,-31.91869],[116.05896,-31.92374],[116.06097,-31.92276],[116.06479,-31.92648],[116.06705,-31.92756],[116.06679,-31.93506],[116.06512,-31.93408],[116.05178,-31.93299],[116.04623,-31.93138],[116.04383,-31.93129],[116.0432,-31.93295],[116.04296,-31.93107],[116.04119,-31.92905],[116.03814,-31.93003],[116.03594,-31.92972],[116.03052,-31.92147]]]},"properties":{"state":"WA","src":"WA-OpenStats","suburb":"Helena Valley","crime_index":26.7,"violent_pct":3.25,"dwelling_pct":50.85,"motor_pct":25.99,"rate_per100k":26.7,"year":"FY 2022-23 & 2023-24 (avg)","crime_band":2}},{"type":"Feature","geometry":{"type":"Polygon","coordinates":[[[115.97899,-31.79563],[115.99094,-31.79568],[115.9962,-31.79163],[116.00144,-31.79163],[116.00046,-31.79557],[116.00492,-31.7956],[116.00548,-31.79811],[116.01016,-31.80067],[116.01186,-31.80305],[116.01149,-31.80721],[116.01037,-31.80957],[116.0077,-31.8107],[116.00464,-31.81045],[116.00444,-31.81138],[116.00502,-31.81412],[116.01108,-31.81903],[116.01181,-31.82099],[116.01089,-31.82418],[116.0056,-31.82834],[115.99901,-31.82798],[115.99467,-31.83222],[115.98488,-31.82708],[115.98492,-31.81339],[115.96351,-31.81337],[115.96275,-31.79565],[115.97899,-31.79563]]]},"properties":{"state":"WA","src":"WA-OpenStats","suburb":"Henley Brook","crime_index":81.4,"violent_pct":75.29,"dwelling_pct":86.17,"motor_pct":82.84,"rate_per100k":81.4,"year":"FY 2022-23 & 2023-24 (avg)","crime_band":5}},{"type":"Feature","geometry":{"type":"Polygon","coordinates":[[[116.05725,-31.84357],[116.05491,-31.84559],[116.0521,-31.85296],[116.04987,-31.85437],[116.0499,-31.84534],[116.01531,-31.84514],[116.01526,-31.84343],[116.00475,-31.84343],[116.00464,-31.84426],[116.00129,-31.84426],[116.00283,-31.84172],[116.0011,-31.83698],[116.00147,-31.83113],[116.00283,-31.82924],[116.00634,-31.82795],[116.01049,-31.82459],[116.01181,-31.82099],[116.01075,-31.81851],[116.00487,-31.81394],[116.00978,-31.81452],[116.01339,-31.81326],[116.04498,-31.81321],[116.05781,-31.81607],[116.05613,-31.82209],[116.05646,-31.83839],[116.05708,-31.83748],[116.05943,-31.83749],[116.05943,-31.83839],[116.05859,-31.83839],[116.05857,-31.84318],[116.05725,-31.84357]]]},"properties":{"state":"WA","src":"WA-OpenStats","suburb":"Herne Hill (WA)","crime_index":37.1,"violent_pct":32.4,"dwelling_pct":57.23,"motor_pct":21.57,"rate_per100k":37.1,"year":"FY 2022-23 & 2023-24 (avg)","crime_band":3}},{"type":"Feature","geometry":{"type":"Polygon","coordinates":[[[116.0066,-31.92724],[116.01822,-31.93154],[116.01835,-31.93452],[116.01596,-31.94107],[116.01096,-31.96109],[116.00884,-31.96418],[116.00399,-31.9676],[115.99603,-31.96079],[115.99464,-31.96198],[115.99281,-31.96044],[115.99137,-31.96166],[115.99014,-31.96149],[115.99058,-31.95948],[115.98987,-31.96036],[115.98883,-31.96018],[115.98911,-31.95898],[115.98771,-31.95902],[115.9873,-31.95707],[115.98558,-31.95704],[115.98748,-31.94904],[115.98106,-31.94358],[115.98939,-31.9366],[115.98745,-31.93491],[115.99388,-31.92953],[115.99448,-31.92685],[115.99335,-31.92246],[116.0066,-31.92724]]]},"properties":{"state":"WA","src":"WA-OpenStats","suburb":"High Wycombe","crime_index":55.4,"violent_pct":43.25,"dwelling_pct":52.23,"motor_pct":70.58,"rate_per100k":55.4,"year":"FY 2022-23 & 2023-24 (avg)","crime_band":4}},{"type":"Feature","geometry":{"type":"Polygon","coordinates":[[[115.87471,-31.9429],[115.87254,-31.94512],[115.87186,-31.9434],[115.87265,-31.94215],[115.87068,-31.94221],[115.86465,-31.93944],[115.86621,-31.93696],[115.86723,-31.93741],[115.86773,-31.93662],[115.87589,-31.94018],[115.87421,-31.94265],[115.87471,-31.9429]]]},"properties":{"state":"WA","src":"WA-OpenStats","suburb":"Highgate (WA)","crime_index":89.4,"violent_pct":74.64,"dwelling_pct":98.59,"motor_pct":95.11,"rate_per100k":89.4,"year":"FY 2022-23 & 2023-24 (avg)","crime_band":6}},{"type":"Feature","geometry":{"type":"Polygon","coordinates":[[[115.9879,-32.18162],[115.97843,-32.18165],[115.97821,-32.17959],[115.97238,-32.17961],[115.9726,-32.19479],[115.96797,-32.19485],[115.96797,-32.19686],[115.96283,-32.19685],[115.96282,-32.1888],[115.9639,-32.1888],[115.96391,-32.17967],[115.96222,-32.17969],[115.96025,-32.17317],[115.96094,-32.15893],[115.97003,-32.16617],[115.97107,-32.16293],[115.97639,-32.15841],[115.9834,-32.16439],[115.98622,-32.16199],[115.9855,-32.16039],[115.99709,-32.15884],[115.99772,-32.15938],[115.99519,-32.16015],[115.99391,-32.16467],[116.00013,-32.16993],[116.00122,-32.16956],[116.0019,-32.17143],[116.00609,-32.17499],[116.00095,-32.17935],[115.99779,-32.17665],[115.99064,-32.18151],[115.9879,-32.18162]]]},"properties":{"state":"WA","src":"WA-OpenStats","suburb":"Hilbert","crime_index":53.5,"violent_pct":52.37,"dwelling_pct":65.15,"motor_pct":43.04,"rate_per100k":53.5,"year":"FY 2022-23 & 2023-24 (avg)","crime_band":4}},{"type":"Feature","geometry":{"type":"Polygon","coordinates":[[[115.75447,-31.80129],[115.75564,-31.80332],[115.75575,-31.8059],[115.75641,-31.80602],[115.75603,-31.80919],[115.75528,-31.80914],[115.75564,-31.81042],[115.76024,-31.8168],[115.75159,-31.81803],[115.74192,-31.82193],[115.74331,-31.82614],[115.7425,-31.82654],[115.73738,-31.82708],[115.7319,-31.82394],[115.73161,-31.82313],[115.73416,-31.82489],[115.735,-31.82431],[115.73445,-31.8251],[115.73669,-31.8266],[115.73964,-31.82515],[115.73872,-31.82383],[115.73972,-31.82468],[115.74088,-31.82443],[115.73988,-31.82201],[115.73858,-31.82165],[115.73419,-31.82286],[115.73349,-31.82368],[115.73408,-31.82218],[115.7369,-31.8203],[115.72745,-31.80605],[115.73081,-31.79908],[115.73343,-31.79949],[115.74199,-31.79641],[115.75231,-31.79505],[115.75361,-31.79531],[115.75351,-31.79868],[115.75426,-31.79867],[115.75508,-31.80088],[115.75447,-31.80129]]]},"properties":{"state":"WA","src":"WA-OpenStats","suburb":"Hillarys","crime_index":32.1,"violent_pct":46.81,"dwelling_pct":16.73,"motor_pct":32.79,"rate_per100k":32.1,"year":"FY 2022-23 & 2023-24 (avg)","crime_band":3}},{"type":"Feature","geometry":{"type":"Polygon","coordinates":[[[115.77001,-32.28406],[115.76994,-32.28469],[115.76221,-32.28842],[115.75789,-32.28757],[115.75789,-32.28496],[115.76048,-32.27698],[115.77277,-32.27693],[115.77062,-32.27943],[115.77001,-32.28406]]]},"properties":{"state":"WA","src":"WA-OpenStats","suburb":"Hillman","crime_index":64.0,"violent_pct":69.62,"dwelling_pct":75.07,"motor_pct":47.18,"rate_per100k":64.0,"year":"FY 2022-23 & 2023-24 (avg)","crime_band":4}},{"type":"Feature","geometry":{"type":"Polygon","coordinates":[[[115.78538,-32.07474],[115.77987,-32.07476],[115.77969,-32.05945],[115.78407,-32.05939],[115.78416,-32.06323],[115.79385,-32.06386],[115.79206,-32.0709],[115.79195,-32.07471],[115.78538,-32.07474]]]},"properties":{"state":"WA","src":"WA-OpenStats","suburb":"Hilton (WA)","crime_index":75.3,"violent_pct":73.47,"dwelling_pct":75.59,"motor_pct":76.97,"rate_per100k":75.3,"year":"FY 2022-23 & 2023-24 (avg)","crime_band":5}},{"type":"Feature","geometry":{"type":"Polygon","coordinates":[[[115.82671,-31.77192],[115.82671,-31.77709],[115.80878,-31.7771],[115.81172,-31.76977],[115.80884,-31.7628],[115.82652,-31.76317],[115.82671,-31.77192]]]},"properties":{"state":"WA","src":"WA-OpenStats","suburb":"Hocking","crime_index":13.1,"violent_pct":15.6,"dwelling_pct":12.75,"motor_pct":10.87,"rate_per100k":13.1,"year":"FY 2022-23 & 2023-24 (avg)","crime_band":1}},{"type":"Feature","geometry":{"type":"Polygon","coordinates":[[[115.79198,-32.19551],[115.79481,-32.19251],[115.79301,-32.1912],[115.79225,-32.18716],[115.78794,-32.18754],[115.79189,-32.1851],[115.79323,-32.18082],[115.82487,-32.18073],[115.82394,-32.18299],[115.82438,-32.18455],[115.83266,-32.19149],[115.83404,-32.19475],[115.83958,-32.19931],[115.83192,-32.20787],[115.83478,-32.20904],[115.82824,-32.21185],[115.80802,-32.21161],[115.79367,-32.20878],[115.78832,-32.20873],[115.7854,-32.20967],[115.78453,-32.20797],[115.78925,-32.19888],[115.79198,-32.19551]]]},"properties":{"state":"WA","src":"WA-OpenStats","suburb":"Hope Valley (WA)","crime_index":22.4,"violent_pct":31.49,"dwelling_pct":9.16,"motor_pct":26.61,"rate_per100k":22.4,"year":"FY 2022-23 & 2023-24 (avg)","crime_band":2}},{"type":"Feature","geometry":{"type":"Polygon","coordinates":[[[115.97014,-32.09561],[115.96593,-32.09918],[115.95874,-32.09376],[115.95914,-32.09343],[115.95163,-32.08275],[115.96859,-32.0695],[115.97092,-32.06615],[115.97269,-32.06754],[115.97293,-32.07002],[115.97454,-32.07047],[115.97586,-32.07485],[115.97879,-32.07809],[115.97774,-32.08131],[115.97274,-32.08513],[115.97213,-32.08693],[115.97285,-32.08845],[115.9726,-32.09156],[115.97401,-32.09234],[115.97014,-32.09561]]]},"properties":{"state":"WA","src":"WA-OpenStats","suburb":"Huntingdale (WA)","crime_index":49.1,"violent_pct":46.77,"dwelling_pct":54.1,"motor_pct":46.29,"rate_per100k":49.1,"year":"FY 2022-23 & 2023-24 (avg)","crime_band":3}},{"type":"Feature","geometry":{"type":"Polygon","coordinates":[[[115.73109,-31.72781],[115.7353,-31.72691],[115.73663,-31.72951],[115.73719,-31.73177],[115.73675,-31.73682],[115.73817,-31.74317],[115.73398,-31.74375],[115.72848,-31.74276],[115.72308,-31.7433],[115.71878,-31.73082],[115.72129,-31.7301],[115.72301,-31.73066],[115.72478,-31.7291],[115.73109,-31.72781]]]},"properties":{"state":"WA","src":"WA-OpenStats","suburb":"Iluka (WA)","crime_index":3.9,"violent_pct":2.11,"dwelling_pct":2.61,"motor_pct":7.09,"rate_per100k":3.9,"year":"FY 2022-23 & 2023-24 (avg)","crime_band":1}},{"type":"Feature","geometry":{"type":"Polygon","coordinates":[[[115.88692,-31.91382],[115.89132,-31.91696],[115.89099,-31.9174],[115.89339,-31.91945],[115.89101,-31.92199],[115.89109,-31.92353],[115.8901,-31.92348],[115.88515,-31.92765],[115.87409,-31.91822],[115.86678,-31.91711],[115.86792,-31.90752],[115.87258,-31.90755],[115.8775,-31.91168],[115.8806,-31.90844],[115.88692,-31.91382]]]},"properties":{"state":"WA","src":"WA-OpenStats","suburb":"Inglewood (WA)","crime_index":55.8,"violent_pct":33.08,"dwelling_pct":60.88,"motor_pct":73.58,"rate_per100k":55.8,"year":"FY 2022-23 & 2023-24 (avg)","crime_band":4}},{"type":"Feature","geometry":{"type":"Polygon","coordinates":[[[115.79151,-31.8825],[115.80069,-31.88252],[115.80252,-31.8915],[115.80456,-31.89413],[115.80743,-31.89581],[115.80415,-31.89992],[115.80305,-31.89932],[115.80022,-31.90319],[115.80211,-31.90376],[115.80205,-31.90435],[115.7984,-31.90425],[115.79841,-31.90297],[115.79584,-31.90296],[115.79584,-31.90242],[115.79338,-31.90193],[115.7934,-31.90075],[115.78704,-31.89905],[115.78709,-31.89317],[115.78802,-31.89317],[115.78769,-31.89129],[115.78852,-31.89032],[115.78761,-31.89019],[115.78764,-31.88859],[115.78844,-31.88812],[115.78714,-31.888],[115.78718,-31.88247],[115.79151,-31.8825]]]},"properties":{"state":"WA","src":"WA-OpenStats","suburb":"Innaloo","crime_index":78.4,"violent_pct":64.26,"dwelling_pct":84.72,"motor_pct":86.25,"rate_per100k":78.4,"year":"FY 2022-23 & 2023-24 (avg)","crime_band":5}},{"type":"Feature","geometry":{"type":"Polygon","coordinates":[[[115.85502,-32.08818],[115.85789,-32.08838],[115.85926,-32.08698],[115.86383,-32.085],[115.86685,-32.08486],[115.86686,-32.08546],[115.87563,-32.08212],[115.89212,-32.08223],[115.89102,-32.08555],[115.8897,-32.08692],[115.8907,-32.08821],[115.89064,-32.09207],[115.89615,-32.09653],[115.90055,-32.10259],[115.88807,-32.11743],[115.88621,-32.11839],[115.88151,-32.11566],[115.8776,-32.11201],[115.87525,-32.11183],[115.86951,-32.1197],[115.87528,-32.12181],[115.86957,-32.12815],[115.86536,-32.1268],[115.85941,-32.12764],[115.8512,-32.10992],[115.85062,-32.11007],[115.84926,-32.10099],[115.84865,-32.09519],[115.84927,-32.09492],[115.84914,-32.08847],[115.85502,-32.08818]]]},"properties":{"state":"WA","src":"WA-OpenStats","suburb":"Jandakot","crime_index":57.4,"violent_pct":22.83,"dwelling_pct":60.98,"motor_pct":88.45,"rate_per100k":57.4,"year":"FY 2022-23 & 2023-24 (avg)","crime_band":4}},{"type":"Feature","geometry":{"type":"Polygon","coordinates":[[[116.05236,-31.87117],[116.0523,-31.86672],[116.05072,-31.86467],[116.04576,-31.86179],[116.03639,-31.86142],[116.03998,-31.85827],[116.04558,-31.85606],[116.04575,-31.85704],[116.04892,-31.85656],[116.05617,-31.85758],[116.06353,-31.85541],[116.06767,-31.84689],[116.07391,-31.84188],[116.07679,-31.83841],[116.07676,-31.86319],[116.07055,-31.86319],[116.07055,-31.86757],[116.05875,-31.86761],[116.05875,-31.8737],[116.05235,-31.87371],[116.05236,-31.87117]]]},"properties":{"state":"WA","src":"WA-OpenStats","suburb":"Jane Brook","crime_index":28.5,"violent_pct":21.6,"dwelling_pct":46.63,"motor_pct":17.13,"rate_per100k":28.5,"year":"FY 2022-23 & 2023-24 (avg)","crime_band":2}},{"type":"Feature","geometry":{"type":"Polygon","coordinates":[[[116.20112,-32.30415],[116.20824,-32.31605],[116.21282,-32.32154],[116.22538,-32.34271],[116.22708,-32.34969],[116.23102,-32.35612],[116.24885,-32.37669],[116.25178,-32.38139],[116.25969,-32.38987],[116.25969,-32.44838],[116.25776,-32.44834],[116.25499,-32.44661],[116.25311,-32.44663],[116.24819,-32.44984],[116.24883,-32.45236],[116.24815,-32.45342],[116.24444,-32.45355],[116.24317,-32.45529],[116.24261,-32.45393],[116.23996,-32.45287],[116.23759,-32.45296],[116.23443,-32.45047],[116.23502,-32.44894],[116.23312,-32.44887],[116.22967,-32.44477],[116.23029,-32.44235],[116.22985,-32.44086],[116.2277,-32.4411],[116.22406,-32.43928],[116.21957,-32.43078],[116.21587,-32.42995],[116.214,-32.42693],[116.21195,-32.42624],[116.20853,-32.42768],[116.20671,-32.42982],[116.20203,-32.4272],[116.19933,-32.42814],[116.19362,-32.42585],[116.19186,-32.42604],[116.18797,-32.42168],[116.18471,-32.42278],[116.18326,-32.42237],[116.18222,-32.41991],[116.18079,-32.41934],[116.17989,-32.41381],[116.17432,-32.41406],[116.16795,-32.41346],[116.16581,-32.41253],[116.16496,-32.40936],[116.16758,-32.4083],[116.16749,-32.40562],[116.16649,-32.40774],[116.16478,-32.40773],[116.16234,-32.40636],[116.16067,-32.40674],[116.15896,-32.40582],[116.15637,-32.40211],[116.1547,-32.40398],[116.15233,-32.40251],[116.1508,-32.40248],[116.15056,-32.40158],[116.1427,-32.40057],[116.14068,-32.39373],[116.13898,-32.3927],[116.13692,-32.38974],[116.13797,-32.38712],[116.1362,-32.38862],[116.13612,-32.39034],[116.13736,-32.39248],[116.13975,-32.39434],[116.14018,-32.39841],[116.13834,-32.39912],[116.1382,-32.39943],[116.13999,-32.40023],[116.14056,-32.40163],[116.13866,-32.40591],[116.13499,-32.40569],[116.13426,-32.40671],[116.13512,-32.40789],[116.13398,-32.41001],[116.13029,-32.41134],[116.12988,-32.415],[116.13165,-32.41758],[116.12998,-32.41698],[116.12431,-32.41055],[116.11818,-32.40819],[116.11674,-32.40457],[116.11559,-32.4037],[116.11449,-32.405],[116.11225,-32.40484],[116.10875,-32.40699],[116.10331,-32.4081],[116.10194,-32.40666],[116.10033,-32.40692],[116.09887,-32.40564],[116.10092,-32.40274],[116.09887,-32.40139],[116.09792,-32.40243],[116.09529,-32.4031],[116.09402,-32.40506],[116.09207,-32.40617],[116.0906,-32.40304],[116.08821,-32.40143],[116.08655,-32.40075],[116.08462,-32.40135],[116.08323,-32.39749],[116.07616,-32.39032],[116.07624,-32.38926],[116.07775,-32.38786],[116.07644,-32.38609],[116.06988,-32.3829],[116.06312,-32.37391],[116.06084,-32.37315],[116.06059,-32.37495],[116.05556,-32.37495],[116.05556,-32.3716],[116.05201,-32.37159],[116.05202,-32.36909],[116.0579,-32.36911],[116.05675,-32.36787],[116.05703,-32.36656],[116.05505,-32.36193],[116.05053,-32.35873],[116.04879,-32.35996],[116.04716,-32.35875],[116.04643,-32.36023],[116.04302,-32.36082],[116.04135,-32.36381],[116.04004,-32.36464],[116.03928,-32.36409],[116.03907,-32.36077],[116.03645,-32.35921],[116.02897,-32.36099],[116.02421,-32.36094],[116.02399,-32.35844],[116.02227,-32.3548],[116.01881,-32.35201],[116.01883,-32.34854],[116.01619,-32.34854],[116.00937,-32.35057],[116.00716,-32.34649],[116.00032,-32.34734],[116.00173,-32.32956],[116.00655,-32.30845],[116.00272,-32.30852],[115.99988,-32.3106],[115.99435,-32.31059],[115.99438,-32.3065],[115.99937,-32.30607],[115.99938,-32.30504],[116.00103,-32.30483],[116.00791,-32.30547],[116.00966,-32.29987],[116.01223,-32.29968],[116.01526,-32.3011],[116.02191,-32.3011],[116.02191,-32.29416],[116.02447,-32.29416],[116.02447,-32.29264],[116.02879,-32.29263],[116.0288,-32.30109],[116.03336,-32.30109],[116.03339,-32.31109],[116.03395,-32.31157],[116.03197,-32.31309],[116.03315,-32.31446],[116.03447,-32.31417],[116.0369,-32.31136],[116.03837,-32.31169],[116.04168,-32.30903],[116.04289,-32.30902],[116.04253,-32.30566],[116.04381,-32.30443],[116.04645,-32.30302],[116.05043,-32.30324],[116.05538,-32.29968],[116.06561,-32.30128],[116.06976,-32.30357],[116.07712,-32.30109],[116.08257,-32.30111],[116.08577,-32.30862],[116.08705,-32.3084],[116.08801,-32.30494],[116.08577,-32.29989],[116.08629,-32.29664],[116.09035,-32.29514],[116.09514,-32.29555],[116.09914,-32.2945],[116.10245,-32.29203],[116.10529,-32.29182],[116.11297,-32.28519],[116.113,-32.28757],[116.18957,-32.28741],[116.19571,-32.29457],[116.20112,-32.30415]]]},"properties":{"state":"WA","src":"WA-OpenStats","suburb":"Jarrahdale","crime_index":56.6,"violent_pct":46.24,"dwelling_pct":40.74,"motor_pct":82.9,"rate_per100k":56.6,"year":"FY 2022-23 & 2023-24 (avg)","crime_band":4}},{"type":"Feature","geometry":{"type":"Polygon","coordinates":[[[115.69715,-31.65315],[115.69499,-31.65392],[115.686,-31.65442],[115.68087,-31.64659],[115.68027,-31.64407],[115.6686,-31.63124],[115.6897,-31.63124],[115.68979,-31.63542],[115.69641,-31.64915],[115.69878,-31.65179],[115.69715,-31.65315]]]},"properties":{"state":"WA","src":"WA-OpenStats","suburb":"Jindalee (WA)","crime_index":39.3,"violent_pct":15.66,"dwelling_pct":47.25,"motor_pct":54.9,"rate_per100k":39.3,"year":"FY 2022-23 & 2023-24 (avg)","crime_band":3}},{"type":"Feature","geometry":{"type":"Polygon","coordinates":[[[115.80726,-31.94195],[115.81275,-31.94201],[115.81274,-31.94409],[115.81425,-31.94412],[115.81464,-31.94686],[115.81605,-31.94725],[115.81328,-31.94943],[115.81211,-31.94935],[115.81262,-31.94988],[115.81197,-31.95032],[115.80773,-31.9492],[115.8079,-31.94757],[115.80532,-31.94868],[115.80533,-31.94931],[115.80414,-31.9493],[115.80415,-31.94195],[115.80726,-31.94195]]]},"properties":{"state":"WA","src":"WA-OpenStats","suburb":"Jolimont","crime_index":41.8,"violent_pct":36.04,"dwelling_pct":65.81,"motor_pct":23.45,"rate_per100k":41.8,"year":"FY 2022-23 & 2023-24 (avg)","crime_band":3}},{"type":"Feature","geometry":{"type":"Polygon","coordinates":[[[115.77316,-31.75725],[115.774,-31.76107],[115.77048,-31.76248],[115.7644,-31.75575],[115.75834,-31.74508],[115.75575,-31.73627],[115.74957,-31.72238],[115.76805,-31.71756],[115.77093,-31.71802],[115.77376,-31.71724],[115.77431,-31.72299],[115.79226,-31.74297],[115.78865,-31.75004],[115.77674,-31.75012],[115.77758,-31.75229],[115.77726,-31.75415],[115.77316,-31.75725]]]},"properties":{"state":"WA","src":"WA-OpenStats","suburb":"Joondalup","crime_index":80.7,"violent_pct":78.64,"dwelling_pct":74.72,"motor_pct":88.83,"rate_per100k":80.7,"year":"FY 2022-23 & 2023-24 (avg)","crime_band":5}},{"type":"Feature","geometry":{"type":"Polygon","coordinates":[[[115.84631,-31.91403],[115.82888,-31.91424],[115.82954,-31.90601],[115.83463,-31.90603],[115.83463,-31.90512],[115.83728,-31.90513],[115.83749,-31.90603],[115.84249,-31.90606],[115.84404,-31.90541],[115.84491,-31.90914],[115.84733,-31.91376],[115.84631,-31.91403]]]},"properties":{"state":"WA","src":"WA-OpenStats","suburb":"Joondanna","crime_index":55.7,"violent_pct":28.15,"dwelling_pct":74.01,"motor_pct":65.08,"rate_per100k":55.7,"year":"FY 2022-23 & 2023-24 (avg)","crime_band":4}},{"type":"Feature","geometry":{"type":"Polygon","coordinates":[[[116.06164,-31.96286],[116.068,-31.96244],[116.068,-31.96535],[116.06998,-31.96535],[116.07068,-31.97954],[116.0725,-31.98008],[116.07921,-31.97891],[116.08231,-31.97967],[116.08422,-31.97893],[116.08634,-31.98075],[116.08621,-31.98264],[116.08357,-31.98264],[116.08357,-31.98418],[116.07701,-31.98418],[116.07731,-31.98563],[116.07838,-31.98638],[116.07585,-31.98774],[116.073,-31.98772],[116.07193,-31.99019],[116.07037,-31.99098],[116.06097,-31.99109],[116.06095,-31.98743],[116.05322,-31.98747],[116.04712,-31.98928],[116.04564,-31.98779],[116.04587,-31.98333],[116.03645,-31.98349],[116.03381,-31.98233],[116.03384,-31.97928],[116.0361,-31.97731],[116.03294,-31.97722],[116.03295,-31.97129],[116.03555,-31.97129],[116.03543,-31.96783],[116.03339,-31.96605],[116.031,-31.96604],[116.031,-31.96159],[116.02876,-31.96143],[116.02876,-31.96051],[116.03169,-31.96051],[116.03177,-31.957],[116.03651,-31.96011],[116.04386,-31.96084],[116.04392,-31.96251],[116.04529,-31.9625],[116.04528,-31.96531],[116.04974,-31.96675],[116.05066,-31.96404],[116.05288,-31.96398],[116.05481,-31.9655],[116.05488,-31.9632],[116.06164,-31.96286]]]},"properties":{"state":"WA","src":"WA-OpenStats","suburb":"Kalamunda","crime_index":42.5,"violent_pct":35.6,"dwelling_pct":70.49,"motor_pct":21.43,"rate_per100k":42.5,"year":"FY 2022-23 & 2023-24 (avg)","crime_band":3}},{"type":"Feature","geometry":{"type":"Polygon","coordinates":[[[115.74625,-31.79614],[115.74199,-31.79641],[115.73343,-31.79949],[115.73081,-31.79908],[115.73294,-31.78898],[115.73525,-31.78886],[115.73584,-31.78662],[115.74326,-31.7852],[115.74973,-31.78267],[115.75522,-31.78208],[115.75723,-31.78727],[115.75479,-31.79224],[115.7546,-31.79563],[115.75119,-31.79497],[115.74625,-31.79614]]]},"properties":{"state":"WA","src":"WA-OpenStats","suburb":"Kallaroo","crime_index":7.7,"violent_pct":3.64,"dwelling_pct":14.51,"motor_pct":4.91,"rate_per100k":7.7,"year":"FY 2022-23 & 2023-24 (avg)","crime_band":1}},{"type":"Feature","geometry":{"type":"Polygon","coordinates":[[[115.88838,-32.00674],[115.88667,-32.0125],[115.87332,-32.01173],[115.87336,-32.0084],[115.87486,-32.0084],[115.87486,-32.00593],[115.87562,-32.00481],[115.88124,-32.00579],[115.88786,-32.00377],[115.88838,-32.00674]]]},"properties":{"state":"WA","src":"WA-OpenStats","suburb":"Karawara","crime_index":97.0,"violent_pct":95.8,"dwelling_pct":97.07,"motor_pct":98.21,"rate_per100k":97.0,"year":"FY 2022-23 & 2023-24 (avg)","crime_band":6}},{"type":"Feature","geometry":{"type":"Polygon","coordinates":[[[115.81573,-32.05782],[115.81514,-32.05942],[115.81641,-32.05948],[115.82131,-32.05675],[115.82396,-32.05625],[115.82901,-32.05839],[115.8269,-32.06227],[115.82922,-32.06581],[115.82398,-32.06852],[115.82412,-32.07387],[115.81729,-32.07722],[115.81587,-32.0745],[115.80321,-32.07468],[115.80322,-32.05642],[115.81596,-32.05649],[115.81573,-32.05782]]]},"properties":{"state":"WA","src":"WA-OpenStats","suburb":"Kardinya","crime_index":40.7,"violent_pct":27.25,"dwelling_pct":56.05,"motor_pct":38.79,"rate_per100k":40.7,"year":"FY 2022-23 & 2023-24 (avg)","crime_band":3}},{"type":"Feature","geometry":{"type":"Polygon","coordinates":[[[115.76634,-32.44065],[115.76874,-32.43569],[115.77292,-32.43133],[115.774,-32.42893],[115.77373,-32.41356],[115.77476,-32.40822],[115.77202,-32.40121],[115.77165,-32.39827],[115.77232,-32.39319],[115.77676,-32.38294],[115.7832,-32.3827],[115.78589,-32.38642],[115.80102,-32.38998],[115.80839,-32.39001],[115.81812,-32.38591],[115.83247,-32.38595],[115.83559,-32.3868],[115.83558,-32.39563],[115.83188,-32.40021],[115.83181,-32.40442],[115.83001,-32.40544],[115.8302,-32.40637],[115.82153,-32.40638],[115.81171,-32.41804],[115.81026,-32.42088],[115.80143,-32.45256],[115.80144,-32.4556],[115.76181,-32.45562],[115.76395,-32.44549],[115.76634,-32.44065]]]},"properties":{"state":"WA","src":"WA-OpenStats","suburb":"Karnup","crime_index":66.0,"violent_pct":39.2,"dwelling_pct":68.29,"motor_pct":90.4,"rate_per100k":66.0,"year":"FY 2022-23 & 2023-24 (avg)","crime_band":4}},{"type":"Feature","geometry":{"type":"Polygon","coordinates":[[[115.77827,-31.85947],[115.79071,-31.85944],[115.79078,-31.87057],[115.78742,-31.87057],[115.78715,-31.8853],[115.76476,-31.8851],[115.75998,-31.88349],[115.76137,-31.88167],[115.76481,-31.87989],[115.76401,-31.87746],[115.76249,-31.87626],[115.76547,-31.87422],[115.76511,-31.86743],[115.76885,-31.86147],[115.76913,-31.85829],[115.77212,-31.85751],[115.77247,-31.85856],[115.77827,-31.85947]]]},"properties":{"state":"WA","src":"WA-OpenStats","suburb":"Karrinyup","crime_index":47.2,"violent_pct":24.5,"dwelling_pct":56.86,"motor_pct":60.24,"rate_per100k":47.2,"year":"FY 2022-23 & 2023-24 (avg)","crime_band":3}},{"type":"Feature","geometry":{"type":"Polygon","coordinates":[[[116.01823,-32.12558],[116.01798,-32.13196],[116.01425,-32.13306],[116.01277,-32.13303],[116.01281,-32.13199],[116.01084,-32.13197],[116.01026,-32.1351],[116.00856,-32.13487],[116.00634,-32.13303],[116.00541,-32.13381],[115.99527,-32.12513],[116.01268,-32.10998],[116.01148,-32.1024],[116.01216,-32.09823],[116.01234,-32.0972],[116.01309,-32.09736],[116.01622,-32.09489],[116.01571,-32.09331],[116.03301,-32.0932],[116.03301,-32.09473],[116.04365,-32.09474],[116.04365,-32.0955],[116.04849,-32.09551],[116.04123,-32.10742],[116.04021,-32.11031],[116.03864,-32.11199],[116.0367,-32.11259],[116.03532,-32.11494],[116.03137,-32.11478],[116.03096,-32.11627],[116.0421,-32.11615],[116.04209,-32.11712],[116.04783,-32.12089],[116.05013,-32.12127],[116.05014,-32.12526],[116.05342,-32.12809],[116.05169,-32.12808],[116.05014,-32.12689],[116.05015,-32.13033],[116.04349,-32.13034],[116.03539,-32.1372],[116.03228,-32.13453],[116.03229,-32.13045],[116.02424,-32.13029],[116.02154,-32.12634],[116.01823,-32.12558]]]},"properties":{"state":"WA","src":"WA-OpenStats","suburb":"Kelmscott","crime_index":84.6,"violent_pct":84.72,"dwelling_pct":79.38,"motor_pct":89.7,"rate_per100k":84.6,"year":"FY 2022-23 & 2023-24 (avg)","crime_band":5}},{"type":"Feature","geometry":{"type":"Polygon","coordinates":[[[115.87917,-31.97848],[115.882,-31.97506],[115.88263,-31.97559],[115.88335,-31.97498],[115.89569,-31.98561],[115.88725,-31.99286],[115.88664,-31.9981],[115.88414,-31.99763],[115.88222,-31.99604],[115.88117,-31.98872],[115.8709,-31.98857],[115.87917,-31.97848]]]},"properties":{"state":"WA","src":"WA-OpenStats","suburb":"Kensington (WA)","crime_index":68.5,"violent_pct":49.8,"dwelling_pct":60.91,"motor_pct":94.76,"rate_per100k":68.5,"year":"FY 2022-23 & 2023-24 (avg)","crime_band":4}},{"type":"Feature","geometry":{"type":"Polygon","coordinates":[[[115.98727,-32.03839],[115.98624,-32.03752],[115.98324,-32.04013],[115.98206,-32.03998],[115.98143,-32.04162],[115.97191,-32.04971],[115.97253,-32.04735],[115.96779,-32.04702],[115.96462,-32.0424],[115.96131,-32.04142],[115.95836,-32.04356],[115.95629,-32.04343],[115.96545,-32.03303],[115.96493,-32.03258],[115.96833,-32.0296],[115.96915,-32.03036],[115.9712,-32.02788],[115.97264,-32.02334],[115.97256,-32.01152],[115.97724,-32.00443],[115.98358,-32.00976],[115.98433,-32.00913],[115.9894,-32.01394],[115.99466,-32.00944],[115.99603,-32.01142],[115.99643,-32.01107],[116.00254,-32.0236],[115.99329,-32.03151],[115.99614,-32.03242],[115.99365,-32.03458],[115.99282,-32.03388],[115.98775,-32.0388],[115.98727,-32.03839]]]},"properties":{"state":"WA","src":"WA-OpenStats","suburb":"Kenwick","crime_index":87.3,"violent_pct":75.31,"dwelling_pct":89.87,"motor_pct":96.86,"rate_per100k":87.3,"year":"FY 2022-23 & 2023-24 (avg)","crime_band":6}},{"type":"Feature","geometry":{"type":"Polygon","coordinates":[[[115.93433,-31.96751],[115.93495,-31.96697],[115.94588,-31.97691],[115.95465,-31.96795],[115.95705,-31.96988],[115.97754,-31.97973],[115.97977,-31.98137],[115.97949,-31.98247],[115.98026,-31.98322],[115.98095,-31.98248],[115.98531,-31.98727],[115.97737,-31.99784],[115.97702,-31.9935],[115.97836,-31.98826],[115.97774,-31.98878],[115.97752,-31.98792],[115.97461,-31.98774],[115.97352,-31.98681],[115.97277,-31.98745],[115.96603,-31.98719],[115.94129,-31.98429],[115.93724,-31.98747],[115.91971,-31.97224],[115.93043,-31.96312],[115.93267,-31.96503],[115.93103,-31.96646],[115.93328,-31.96837],[115.93433,-31.96751]]]},"properties":{"state":"WA","src":"WA-OpenStats","suburb":"Kewdale","crime_index":77.9,"violent_pct":53.48,"dwelling_pct":90.44,"motor_pct":89.92,"rate_per100k":77.9,"year":"FY 2022-23 & 2023-24 (avg)","crime_band":5}},{"type":"Feature","geometry":{"type":"Polygon","coordinates":[[[115.93713,-31.88758],[115.93465,-31.88812],[115.93344,-31.88748],[115.93341,-31.8755],[115.94468,-31.87558],[115.94437,-31.88757],[115.93713,-31.88758]]]},"properties":{"state":"WA","src":"WA-OpenStats","suburb":"Kiara","crime_index":68.2,"violent_pct":68.53,"dwelling_pct":58.35,"motor_pct":77.75,"rate_per100k":68.2,"year":"FY 2022-23 & 2023-24 (avg)","crime_band":4}},{"type":"Feature","geometry":{"type":"Polygon","coordinates":[[[115.83968,-31.96616],[115.83772,-31.9688],[115.83439,-31.97037],[115.83349,-31.97171],[115.82726,-31.97284],[115.82642,-31.97077],[115.82294,-31.97262],[115.81804,-31.97372],[115.81803,-31.96593],[115.81881,-31.96361],[115.83351,-31.9506],[115.84494,-31.95391],[115.84554,-31.95503],[115.84452,-31.95683],[115.84577,-31.95717],[115.84461,-31.95945],[115.84577,-31.95974],[115.84612,-31.96154],[115.8453,-31.96256],[115.84221,-31.96338],[115.83968,-31.96616]]]},"properties":{"state":"WA","src":"WA-OpenStats","suburb":"Kings Park (WA)","crime_index":36.8,"violent_pct":47.85,"dwelling_pct":19.1,"motor_pct":43.36,"rate_per100k":36.8,"year":"FY 2022-23 & 2023-24 (avg)","crime_band":3}},{"type":"Feature","geometry":{"type":"Polygon","coordinates":[[[115.7997,-31.80082],[115.80648,-31.80299],[115.81683,-31.79971],[115.82003,-31.80666],[115.82086,-31.82009],[115.80871,-31.81989],[115.79982,-31.82207],[115.78176,-31.8172],[115.78239,-31.81437],[115.7822,-31.80592],[115.78122,-31.79974],[115.77968,-31.79823],[115.7867,-31.79792],[115.79244,-31.80016],[115.7997,-31.80082]]]},"properties":{"state":"WA","src":"WA-OpenStats","suburb":"Kingsley","crime_index":12.8,"violent_pct":12.87,"dwelling_pct":12.37,"motor_pct":13.11,"rate_per100k":12.8,"year":"FY 2022-23 & 2023-24 (avg)","crime_band":1}},{"type":"Feature","geometry":{"type":"Polygon","coordinates":[[[115.7493,-31.71873],[115.7496,-31.72257],[115.7353,-31.72691],[115.73322,-31.72337],[115.72669,-31.71711],[115.72399,-31.71194],[115.74805,-31.71198],[115.7493,-31.71873]]]},"properties":{"state":"WA","src":"WA-OpenStats","suburb":"Kinross","crime_index":20.7,"violent_pct":12.61,"dwelling_pct":23.19,"motor_pct":26.29,"rate_per100k":20.7,"year":"FY 2022-23 & 2023-24 (avg)","crime_band":2}},{"type":"Feature","geometry":{"type":"Polygon","coordinates":[[[115.87724,-31.84315],[115.87775,-31.85073],[115.86866,-31.84862],[115.85526,-31.84854],[115.85462,-31.83589],[115.85785,-31.83559],[115.86548,-31.83224],[115.87692,-31.83502],[115.87724,-31.84315]]]},"properties":{"state":"WA","src":"WA-OpenStats","suburb":"Koondoola","crime_index":83.0,"violent_pct":84.85,"dwelling_pct":85.74,"motor_pct":78.43,"rate_per100k":83.0,"year":"FY 2022-23 & 2023-24 (avg)","crime_band":5}},{"type":"Feature","geometry":{"type":"Polygon","coordinates":[[[116.04668,-31.90704],[116.04697,-31.90991],[116.03818,-31.90991],[116.0382,-31.90188],[116.04788,-31.90543],[116.04668,-31.90704]]]},"properties":{"state":"WA","src":"WA-OpenStats","suburb":"Koongamia","crime_index":94.7,"violent_pct":91.22,"dwelling_pct":95.46,"motor_pct":97.33,"rate_per100k":94.7,"year":"FY 2022-23 & 2023-24 (avg)","crime_band":6}},{"type":"Feature","geometry":{"type":"Polygon","coordinates":[[[115.79068,-32.11663],[115.79486,-32.11661],[115.79387,-32.11919],[115.78846,-32.12551],[115.78858,-32.13247],[115.78988,-32.13879],[115.77947,-32.13888],[115.7809,-32.14022],[115.78376,-32.14106],[115.78383,-32.1427],[115.78104,-32.14377],[115.77704,-32.14316],[115.77371,-32.13283],[115.77455,-32.12894],[115.77611,-32.12834],[115.77579,-32.12371],[115.77714,-32.12033],[115.78302,-32.12029],[115.78275,-32.11667],[115.79068,-32.11663]]]},"properties":{"state":"WA","src":"WA-OpenStats","suburb":"Lake Coogee","crime_index":9.6,"violent_pct":5.11,"dwelling_pct":20.22,"motor_pct":3.6,"rate_per100k":9.6,"year":"FY 2022-23 & 2023-24 (avg)","crime_band":1}},{"type":"Feature","geometry":{"type":"Polygon","coordinates":[[[115.76761,-32.48383],[115.76585,-32.48719],[115.76123,-32.48229],[115.75835,-32.4768],[115.75746,-32.47669],[115.76167,-32.45562],[115.78445,-32.45561],[115.78491,-32.4605],[115.7878,-32.46491],[115.78818,-32.46724],[115.78474,-32.48238],[115.784,-32.48238],[115.78252,-32.47512],[115.77665,-32.47762],[115.76761,-32.48383]]]},"properties":{"state":"WA","src":"WA-OpenStats","suburb":"Lakelands (WA)","crime_index":54.3,"violent_pct":61.88,"dwelling_pct":42.72,"motor_pct":58.39,"rate_per100k":54.3,"year":"FY 2022-23 & 2023-24 (avg)","crime_band":4}},{"type":"Feature","geometry":{"type":"Polygon","coordinates":[[[115.86456,-31.7956],[115.87388,-31.79563],[115.87686,-31.81182],[115.87699,-31.82105],[115.85437,-31.82094],[115.85445,-31.81163],[115.85668,-31.80756],[115.85687,-31.80488],[115.83537,-31.8054],[115.83509,-31.80238],[115.83864,-31.8021],[115.84883,-31.79764],[115.85673,-31.79745],[115.8568,-31.79496],[115.8578,-31.79403],[115.86182,-31.79558],[115.86456,-31.7956]]]},"properties":{"state":"WA","src":"WA-OpenStats","suburb":"Landsdale","crime_index":22.5,"violent_pct":11.38,"dwelling_pct":27.12,"motor_pct":29.03,"rate_per100k":22.5,"year":"FY 2022-23 & 2023-24 (avg)","crime_band":2}},{"type":"Feature","geometry":{"type":"Polygon","coordinates":[[[115.93887,-32.05066],[115.93029,-32.05407],[115.9359,-32.03386],[115.94117,-32.02961],[115.94388,-32.0295],[115.94565,-32.03186],[115.94841,-32.03255],[115.95214,-32.03586],[115.95499,-32.03999],[115.93887,-32.05066]]]},"properties":{"state":"WA","src":"WA-OpenStats","suburb":"Langford","crime_index":91.0,"violent_pct":88.82,"dwelling_pct":93.95,"motor_pct":90.18,"rate_per100k":91.0,"year":"FY 2022-23 & 2023-24 (avg)","crime_band":6}},{"type":"Feature","geometry":{"type":"Polygon","coordinates":[[[115.91464,-31.96936],[115.90681,-31.97623],[115.90077,-31.96969],[115.89994,-31.96207],[115.90382,-31.95873],[115.9154,-31.96874],[115.91464,-31.96936]]]},"properties":{"state":"WA","src":"WA-OpenStats","suburb":"Lathlain","crime_index":64.2,"violent_pct":19.33,"dwelling_pct":91.43,"motor_pct":81.88,"rate_per100k":64.2,"year":"FY 2022-23 & 2023-24 (avg)","crime_band":4}},{"type":"Feature","geometry":{"type":"Polygon","coordinates":[[[115.81155,-32.26712],[115.81288,-32.27315],[115.81179,-32.27778],[115.81229,-32.28738],[115.79855,-32.28671],[115.79615,-32.28549],[115.79472,-32.28254],[115.78834,-32.27707],[115.78842,-32.26934],[115.78524,-32.26905],[115.78534,-32.24907],[115.79026,-32.24913],[115.79334,-32.25037],[115.8009,-32.2506],[115.81104,-32.25472],[115.8105,-32.25737],[115.81155,-32.26712]]]},"properties":{"state":"WA","src":"WA-OpenStats","suburb":"Leda","crime_index":74.3,"violent_pct":86.21,"dwelling_pct":73.07,"motor_pct":63.49,"rate_per100k":74.3,"year":"FY 2022-23 & 2023-24 (avg)","crime_band":5}},{"type":"Feature","geometry":{"type":"Polygon","coordinates":[[[115.84126,-31.92646],[115.84126,-31.92518],[115.84622,-31.92517],[115.84621,-31.93396],[115.84687,-31.93643],[115.844,-31.94141],[115.83956,-31.93778],[115.83561,-31.93126],[115.83119,-31.92699],[115.84126,-31.92646]]]},"properties":{"state":"WA","src":"WA-OpenStats","suburb":"Leederville","crime_index":73.0,"violent_pct":69.39,"dwelling_pct":73.18,"motor_pct":76.41,"rate_per100k":73.0,"year":"FY 2022-23 & 2023-24 (avg)","crime_band":4}},{"type":"Feature","geometry":{"type":"Polygon","coordinates":[[[115.86419,-32.06571],[115.87933,-32.06714],[115.88485,-32.06648],[115.8878,-32.0675],[115.88996,-32.06929],[115.88437,-32.07507],[115.89212,-32.08223],[115.87563,-32.08212],[115.86686,-32.08546],[115.86685,-32.08486],[115.86383,-32.085],[115.85926,-32.08698],[115.85789,-32.08838],[115.84914,-32.08847],[115.84904,-32.08083],[115.85074,-32.06574],[115.86419,-32.06571]]]},"properties":{"state":"WA","src":"WA-OpenStats","suburb":"Leeming","crime_index":22.2,"violent_pct":13.79,"dwelling_pct":44.05,"motor_pct":8.84,"rate_per100k":22.2,"year":"FY 2022-23 & 2023-24 (avg)","crime_band":2}},{"type":"Feature","geometry":{"type":"Polygon","coordinates":[[[116.0539,-32.01547],[116.05392,-32.02292],[116.05511,-32.02264],[116.05084,-32.0264],[116.05375,-32.02888],[116.05482,-32.02798],[116.05725,-32.0301],[116.0526,-32.03191],[116.04833,-32.03168],[116.04558,-32.0304],[116.04156,-32.03034],[116.03317,-32.02318],[116.02945,-32.02632],[116.02145,-32.01944],[116.02609,-32.01548],[116.02665,-32.01425],[116.02464,-32.01247],[116.02828,-32.00937],[116.02403,-32.00513],[116.02677,-32.00394],[116.02939,-32.00456],[116.03394,-32.00228],[116.03181,-32.00113],[116.03094,-31.99922],[116.03303,-31.99604],[116.03452,-31.99601],[116.03621,-31.99442],[116.03541,-31.99448],[116.03173,-31.99136],[116.03221,-31.98985],[116.03393,-31.98981],[116.03868,-31.98744],[116.04101,-31.98743],[116.04103,-31.98348],[116.04587,-31.98333],[116.04564,-31.98779],[116.04712,-31.98928],[116.05322,-31.98747],[116.06095,-31.98743],[116.06097,-31.99109],[116.06455,-31.99108],[116.06672,-31.99478],[116.06647,-31.99807],[116.06886,-32.00288],[116.06735,-32.00549],[116.06734,-32.0093],[116.05873,-32.00971],[116.05481,-32.01223],[116.0539,-32.01547]]]},"properties":{"state":"WA","src":"WA-OpenStats","suburb":"Lesmurdie","crime_index":31.9,"violent_pct":10.54,"dwelling_pct":58.24,"motor_pct":26.89,"rate_per100k":31.9,"year":"FY 2022-23 & 2023-24 (avg)","crime_band":3}},{"type":"Feature","geometry":{"type":"Polygon","coordinates":[[[115.94613,-31.87562],[115.95588,-31.87563],[115.95661,-31.88182],[115.95595,-31.88764],[115.94434,-31.88745],[115.94468,-31.87558],[115.94613,-31.87562]]]},"properties":{"state":"WA","src":"WA-OpenStats","suburb":"Lockridge","crime_index":93.0,"violent_pct":91.47,"dwelling_pct":97.54,"motor_pct":89.94,"rate_per100k":93.0,"year":"FY 2022-23 & 2023-24 (avg)","crime_band":6}},{"type":"Feature","geometry":{"type":"Polygon","coordinates":[[[116.13181,-31.59946],[116.10903,-31.59949],[116.10263,-31.59789],[116.1024,-31.59946],[116.0544,-31.60027],[116.0544,-31.5972],[116.03556,-31.59718],[116.03556,-31.60032],[116.02807,-31.60026],[116.02811,-31.59868],[116.02385,-31.5986],[116.02376,-31.60225],[116.01839,-31.6022],[116.01956,-31.59671],[116.01852,-31.59169],[116.02264,-31.58436],[116.02405,-31.58015],[116.02407,-31.57165],[116.02241,-31.56803],[116.0187,-31.56439],[116.01913,-31.56208],[116.01796,-31.55632],[116.02554,-31.53717],[116.02501,-31.52822],[116.02566,-31.52742],[116.07667,-31.52773],[116.07672,-31.51077],[116.10569,-31.51028],[116.10567,-31.512],[116.11043,-31.51204],[116.11039,-31.51785],[116.11461,-31.51787],[116.1146,-31.51968],[116.11898,-31.5197],[116.1193,-31.49468],[116.12206,-31.49471],[116.12209,-31.49154],[116.12332,-31.48962],[116.1287,-31.4885],[116.13287,-31.48924],[116.13299,-31.50405],[116.16573,-31.50402],[116.16582,-31.52765],[116.15075,-31.52758],[116.15078,-31.54632],[116.1526,-31.54635],[116.15249,-31.55179],[116.15078,-31.55176],[116.15074,-31.60017],[116.1318,-31.60028],[116.13181,-31.59946]]]},"properties":{"state":"WA","src":"WA-OpenStats","suburb":"Lower Chittering","crime_index":14.1,"violent_pct":11.53,"dwelling_pct":9.99,"motor_pct":20.74,"rate_per100k":14.1,"year":"FY 2022-23 & 2023-24 (avg)","crime_band":1}},{"type":"Feature","geometry":{"type":"Polygon","coordinates":[[[115.93502,-32.03173],[115.93749,-32.03241],[115.93581,-32.03409],[115.9316,-32.04927],[115.92665,-32.04788],[115.91916,-32.04135],[115.9304,-32.03194],[115.93502,-32.03173]]]},"properties":{"state":"WA","src":"WA-OpenStats","suburb":"Lynwood (WA)","crime_index":60.2,"violent_pct":72.93,"dwelling_pct":75.88,"motor_pct":31.77,"rate_per100k":60.2,"year":"FY 2022-23 & 2023-24 (avg)","crime_band":4}},{"type":"Feature","geometry":{"type":"Polygon","coordinates":[[[115.99898,-32.06355],[115.99782,-32.06567],[115.99626,-32.06347],[115.99469,-32.06266],[115.995,-32.06106],[115.99206,-32.06067],[115.98983,-32.06179],[115.98772,-32.06076],[115.98596,-32.06222],[115.98291,-32.06303],[115.98096,-32.05996],[115.97786,-32.06119],[115.97686,-32.05981],[115.97811,-32.05786],[115.97425,-32.05607],[115.97546,-32.0537],[115.97252,-32.05357],[115.97092,-32.05256],[115.97077,-32.0516],[115.97513,-32.04654],[115.98153,-32.04152],[115.98206,-32.03998],[115.98324,-32.04013],[115.98624,-32.03752],[115.98775,-32.0388],[115.99282,-32.03388],[115.99365,-32.03458],[115.99614,-32.03242],[115.99329,-32.03151],[116.00269,-32.02347],[116.00439,-32.02789],[116.00902,-32.0328],[116.0119,-32.0424],[116.01481,-32.04726],[116.01546,-32.05272],[116.01513,-32.05469],[116.00662,-32.06199],[115.99898,-32.06355]]]},"properties":{"state":"WA","src":"WA-OpenStats","suburb":"Maddington","crime_index":90.7,"violent_pct":81.79,"dwelling_pct":93.62,"motor_pct":96.63,"rate_per100k":90.7,"year":"FY 2022-23 & 2023-24 (avg)","crime_band":6}},{"type":"Feature","geometry":{"type":"Polygon","coordinates":[[[115.82453,-31.80242],[115.83509,-31.80238],[115.83627,-31.81322],[115.83103,-31.81321],[115.83103,-31.81538],[115.83227,-31.81629],[115.83726,-31.81628],[115.83718,-31.82092],[115.82742,-31.81975],[115.82086,-31.82009],[115.82003,-31.80666],[115.81753,-31.80115],[115.82007,-31.80021],[115.82453,-31.80242]]]},"properties":{"state":"WA","src":"WA-OpenStats","suburb":"Madeley","crime_index":37.0,"violent_pct":25.57,"dwelling_pct":35.3,"motor_pct":50.16,"rate_per100k":37.0,"year":"FY 2022-23 & 2023-24 (avg)","crime_band":3}},{"type":"Feature","geometry":{"type":"Polygon","coordinates":[[[115.75232,-32.48512],[115.7493,-32.48844],[115.74889,-32.48696],[115.7478,-32.4863],[115.74851,-32.48245],[115.74436,-32.48248],[115.74652,-32.47442],[115.74658,-32.4654],[115.74783,-32.45563],[115.76167,-32.45562],[115.75693,-32.47912],[115.7556,-32.48175],[115.75232,-32.48512]]]},"properties":{"state":"WA","src":"WA-OpenStats","suburb":"Madora Bay","crime_index":41.6,"violent_pct":33.57,"dwelling_pct":59.08,"motor_pct":32.17,"rate_per100k":41.6,"year":"FY 2022-23 & 2023-24 (avg)","crime_band":3}},{"type":"Feature","geometry":{"type":"Polygon","coordinates":[[[116.03062,-31.9443],[116.03062,-31.94967],[116.03287,-31.94967],[116.03294,-31.95196],[116.03628,-31.95523],[116.03248,-31.9573],[116.03177,-31.957],[116.03169,-31.96051],[116.02876,-31.96051],[116.02876,-31.96143],[116.031,-31.96159],[116.031,-31.96604],[116.03339,-31.96605],[116.03543,-31.96783],[116.03555,-31.97129],[116.03295,-31.97129],[116.03294,-31.97722],[116.02986,-31.97724],[116.02984,-31.97565],[116.01904,-31.97574],[116.00705,-31.96557],[116.00938,-31.96363],[116.01109,-31.96076],[116.01596,-31.94107],[116.01817,-31.93594],[116.01822,-31.93154],[116.03176,-31.93698],[116.03184,-31.94092],[116.0332,-31.94282],[116.03062,-31.9443]]]},"properties":{"state":"WA","src":"WA-OpenStats","suburb":"Maida Vale","crime_index":50.0,"violent_pct":19.06,"dwelling_pct":58.36,"motor_pct":72.56,"rate_per100k":50.0,"year":"FY 2022-23 & 2023-24 (avg)","crime_band":3}},{"type":"Feature","geometry":{"type":"Polygon","coordinates":[[[115.73649,-32.5126],[115.74146,-32.50467],[115.74106,-32.50744],[115.74181,-32.51025],[115.74699,-32.51601],[115.74863,-32.51932],[115.74491,-32.53736],[115.74185,-32.54362],[115.72634,-32.53507],[115.71915,-32.53543],[115.71831,-32.53326],[115.72075,-32.52661],[115.72002,-32.52786],[115.71806,-32.52812],[115.71681,-32.52966],[115.71266,-32.52646],[115.71146,-32.52424],[115.71185,-32.5211],[115.71825,-32.52011],[115.71844,-32.52133],[115.71981,-32.52126],[115.72364,-32.52004],[115.72691,-32.51721],[115.73073,-32.51996],[115.73649,-32.5126]]]},"properties":{"state":"WA","src":"WA-OpenStats","suburb":"Mandurah","crime_index":97.6,"violent_pct":97.23,"dwelling_pct":96.79,"motor_pct":98.8,"rate_per100k":97.6,"year":"FY 2022-23 & 2023-24 (avg)","crime_band":6}},{"type":"Feature","geometry":{"type":"Polygon","coordinates":[[[115.87074,-32.0199],[115.86279,-32.02013],[115.86265,-32.01706],[115.86409,-32.01705],[115.86416,-32.00571],[115.8749,-32.00586],[115.87486,-32.0084],[115.87336,-32.0084],[115.87332,-32.01173],[115.87646,-32.01207],[115.87678,-32.01974],[115.87074,-32.0199]]]},"properties":{"state":"WA","src":"WA-OpenStats","suburb":"Manning","crime_index":65.9,"violent_pct":55.03,"dwelling_pct":86.51,"motor_pct":56.02,"rate_per100k":65.9,"year":"FY 2022-23 & 2023-24 (avg)","crime_band":4}},{"type":"Feature","geometry":{"type":"Polygon","coordinates":[[[115.8467,-31.82093],[115.85437,-31.82094],[115.85417,-31.82501],[115.85229,-31.82922],[115.85462,-31.83589],[115.84566,-31.83585],[115.83687,-31.83418],[115.82164,-31.83401],[115.82086,-31.82009],[115.82742,-31.81975],[115.8344,-31.82084],[115.8467,-31.82093]]]},"properties":{"state":"WA","src":"WA-OpenStats","suburb":"Marangaroo","crime_index":48.2,"violent_pct":36.54,"dwelling_pct":58.44,"motor_pct":49.74,"rate_per100k":48.2,"year":"FY 2022-23 & 2023-24 (avg)","crime_band":3}},{"type":"Feature","geometry":{"type":"Polygon","coordinates":[[[115.755,-31.83818],[115.76134,-31.83819],[115.76142,-31.83472],[115.76397,-31.83478],[115.76216,-31.84329],[115.76212,-31.84728],[115.75944,-31.84612],[115.75102,-31.84619],[115.75027,-31.8398],[115.74915,-31.83779],[115.755,-31.83818]]]},"properties":{"state":"WA","src":"WA-OpenStats","suburb":"Marmion","crime_index":15.1,"violent_pct":6.35,"dwelling_pct":28.22,"motor_pct":10.76,"rate_per100k":15.1,"year":"FY 2022-23 & 2023-24 (avg)","crime_band":1}},{"type":"Feature","geometry":{"type":"Polygon","coordinates":[[[116.00797,-32.07243],[116.00672,-32.07198],[116.00697,-32.07075],[116.00619,-32.07006],[116.00473,-32.06961],[116.00332,-32.07046],[116.00201,-32.06942],[116.0019,-32.06724],[116.00261,-32.06662],[115.99926,-32.06351],[116.00658,-32.06202],[116.01901,-32.05135],[116.02023,-32.05237],[116.01923,-32.05322],[116.02271,-32.05615],[116.02505,-32.05421],[116.02658,-32.0555],[116.02849,-32.05386],[116.03638,-32.0605],[116.04008,-32.05735],[116.04308,-32.05977],[116.04909,-32.05459],[116.05244,-32.05459],[116.05244,-32.05057],[116.06525,-32.05054],[116.06528,-32.05925],[116.06868,-32.05925],[116.06855,-32.07275],[116.08958,-32.07274],[116.08959,-32.08708],[116.08213,-32.08694],[116.07793,-32.08876],[116.07449,-32.0882],[116.07456,-32.09817],[116.05006,-32.09821],[116.05005,-32.09551],[116.03301,-32.09473],[116.03301,-32.0932],[116.01581,-32.09331],[116.01805,-32.08989],[116.01771,-32.08665],[116.01532,-32.0842],[116.0151,-32.08187],[116.01371,-32.08128],[116.01406,-32.07975],[116.01306,-32.07675],[116.01199,-32.07606],[116.00949,-32.07613],[116.00937,-32.07435],[116.00797,-32.07243]]]},"properties":{"state":"WA","src":"WA-OpenStats","suburb":"Martin","crime_index":45.2,"violent_pct":19.09,"dwelling_pct":87.55,"motor_pct":28.85,"rate_per100k":45.2,"year":"FY 2022-23 & 2023-24 (avg)","crime_band":3}},{"type":"Feature","geometry":{"type":"Polygon","coordinates":[[[115.89843,-31.92363],[115.91024,-31.93367],[115.90819,-31.936],[115.90751,-31.93908],[115.9084,-31.94101],[115.91508,-31.94686],[115.91557,-31.94852],[115.91408,-31.95031],[115.91082,-31.9514],[115.9028,-31.95209],[115.89923,-31.95123],[115.89666,-31.94852],[115.89863,-31.9436],[115.89861,-31.94238],[115.89739,-31.94254],[115.89766,-31.94095],[115.89181,-31.93696],[115.88881,-31.93664],[115.88667,-31.93479],[115.8875,-31.93432],[115.88558,-31.9327],[115.88855,-31.93061],[115.88515,-31.92765],[115.8901,-31.92348],[115.89109,-31.92353],[115.89101,-31.92199],[115.89296,-31.91985],[115.89346,-31.9194],[115.89843,-31.92363]]]},"properties":{"state":"WA","src":"WA-OpenStats","suburb":"Maylands (WA)","crime_index":82.3,"violent_pct":67.57,"dwelling_pct":87.71,"motor_pct":91.68,"rate_per100k":82.3,"year":"FY 2022-23 & 2023-24 (avg)","crime_band":5}},{"type":"Feature","geometry":{"type":"Polygon","coordinates":[[[115.76149,-32.48214],[115.76402,-32.48543],[115.76486,-32.48847],[115.76406,-32.49576],[115.7616,-32.50027],[115.75697,-32.50479],[115.75525,-32.51066],[115.74222,-32.51094],[115.74116,-32.50614],[115.74455,-32.49616],[115.74966,-32.48793],[115.75581,-32.48145],[115.75746,-32.47669],[115.75835,-32.4768],[115.76149,-32.48214]]]},"properties":{"state":"WA","src":"WA-OpenStats","suburb":"Meadow Springs","crime_index":32.0,"violent_pct":33.21,"dwelling_pct":35.6,"motor_pct":27.12,"rate_per100k":32.0,"year":"FY 2022-23 & 2023-24 (avg)","crime_band":3}},{"type":"Feature","geometry":{"type":"Polygon","coordinates":[[[115.80275,-32.24145],[115.8005,-32.24176],[115.80027,-32.24083],[115.79445,-32.24083],[115.79294,-32.24166],[115.78716,-32.24108],[115.78627,-32.23136],[115.78756,-32.22599],[115.79153,-32.22563],[115.79611,-32.22792],[115.79993,-32.22799],[115.80452,-32.22668],[115.80932,-32.22694],[115.81218,-32.23181],[115.8125,-32.23997],[115.80275,-32.24145]]]},"properties":{"state":"WA","src":"WA-OpenStats","suburb":"Medina","crime_index":90.2,"violent_pct":92.62,"dwelling_pct":80.84,"motor_pct":97.01,"rate_per100k":90.2,"year":"FY 2022-23 & 2023-24 (avg)","crime_band":6}},{"type":"Feature","geometry":{"type":"Polygon","coordinates":[[[115.80868,-32.04307],[115.80929,-32.04565],[115.8087,-32.04566],[115.8087,-32.04699],[115.79375,-32.04897],[115.79362,-32.03414],[115.80014,-32.03254],[115.8086,-32.03217],[115.80868,-32.04307]]]},"properties":{"state":"WA","src":"WA-OpenStats","suburb":"Melville (WA)","crime_index":54.4,"violent_pct":64.14,"dwelling_pct":47.43,"motor_pct":51.71,"rate_per100k":54.4,"year":"FY 2022-23 & 2023-24 (avg)","crime_band":4}},{"type":"Feature","geometry":{"type":"Polygon","coordinates":[[[115.86266,-31.91216],[115.86708,-31.91216],[115.86671,-31.91799],[115.86519,-31.91978],[115.86766,-31.92188],[115.86475,-31.9251],[115.86396,-31.92505],[115.86399,-31.92747],[115.85569,-31.92034],[115.85648,-31.91961],[115.85554,-31.91878],[115.85672,-31.91864],[115.85617,-31.91758],[115.86002,-31.91491],[115.86012,-31.91216],[115.86266,-31.91216]]]},"properties":{"state":"WA","src":"WA-OpenStats","suburb":"Menora","crime_index":27.0,"violent_pct":2.12,"dwelling_pct":42.1,"motor_pct":36.78,"rate_per100k":27.0,"year":"FY 2022-23 & 2023-24 (avg)","crime_band":2}},{"type":"Feature","geometry":{"type":"Polygon","coordinates":[[[115.71217,-31.65512],[115.71365,-31.65436],[115.71648,-31.65844],[115.72138,-31.67131],[115.71192,-31.67638],[115.70671,-31.66597],[115.70447,-31.65705],[115.71217,-31.65512]]]},"properties":{"state":"WA","src":"WA-OpenStats","suburb":"Merriwa (WA)","crime_index":60.3,"violent_pct":65.45,"dwelling_pct":49.34,"motor_pct":66.14,"rate_per100k":60.3,"year":"FY 2022-23 & 2023-24 (avg)","crime_band":4}},{"type":"Feature","geometry":{"type":"Polygon","coordinates":[[[116.02831,-31.86715],[116.02705,-31.86779],[116.02836,-31.87052],[116.02844,-31.87977],[116.01682,-31.87952],[116.01646,-31.87794],[116.00933,-31.87811],[116.00912,-31.87966],[116.00319,-31.87955],[116.00257,-31.87793],[116.00096,-31.87751],[116.00034,-31.87606],[116.00084,-31.87382],[116.0024,-31.87243],[116.00176,-31.87108],[116.00078,-31.87141],[116.00074,-31.86987],[116.00139,-31.86868],[116.00491,-31.87012],[116.00777,-31.86984],[116.00892,-31.86808],[116.00935,-31.86501],[116.00839,-31.86369],[116.00226,-31.86126],[115.99785,-31.86044],[115.99553,-31.85642],[115.9954,-31.85237],[115.99648,-31.84909],[116.00129,-31.84426],[116.00464,-31.84426],[116.00475,-31.84343],[116.01545,-31.84345],[116.01531,-31.84514],[116.0499,-31.84534],[116.04987,-31.85437],[116.03998,-31.85827],[116.03348,-31.86465],[116.02831,-31.86715]]]},"properties":{"state":"WA","src":"WA-OpenStats","suburb":"Middle Swan","crime_index":73.2,"violent_pct":75.67,"dwelling_pct":52.26,"motor_pct":91.65,"rate_per100k":73.2,"year":"FY 2022-23 & 2023-24 (avg)","crime_band":4}},{"type":"Feature","geometry":{"type":"Polygon","coordinates":[[[116.01296,-31.89443],[116.01283,-31.89519],[116.01541,-31.89591],[116.01604,-31.89788],[116.01727,-31.89819],[116.01714,-31.90277],[116.01601,-31.90447],[116.01381,-31.90223],[116.00952,-31.90207],[116.00859,-31.89867],[116.00378,-31.89709],[116.00096,-31.89516],[116.00025,-31.89456],[116.00138,-31.89253],[115.99611,-31.89151],[115.99626,-31.88956],[116.0,-31.88629],[116.00001,-31.88517],[116.00119,-31.88518],[116.00451,-31.87963],[116.00912,-31.87966],[116.00933,-31.87811],[116.01626,-31.87794],[116.01694,-31.87798],[116.01682,-31.87952],[116.02324,-31.8797],[116.02325,-31.88596],[116.01862,-31.88606],[116.01862,-31.88808],[116.01929,-31.88812],[116.01876,-31.89504],[116.01296,-31.89443]]]},"properties":{"state":"WA","src":"WA-OpenStats","suburb":"Midland","crime_index":97.3,"violent_pct":97.96,"dwelling_pct":95.83,"motor_pct":98.07,"rate_per100k":97.3,"year":"FY 2022-23 & 2023-24 (avg)","crime_band":6}},{"type":"Feature","geometry":{"type":"Polygon","coordinates":[[[116.03599,-31.8829],[116.03614,-31.88593],[116.0384,-31.89207],[116.03791,-31.89443],[116.03609,-31.89642],[116.03305,-31.89522],[116.01927,-31.89282],[116.01862,-31.88606],[116.02325,-31.88596],[116.02324,-31.8797],[116.02844,-31.87977],[116.02846,-31.87564],[116.02967,-31.87538],[116.03111,-31.87267],[116.03365,-31.87276],[116.03448,-31.8744],[116.03599,-31.8829]]]},"properties":{"state":"WA","src":"WA-OpenStats","suburb":"Midvale","crime_index":95.7,"violent_pct":94.83,"dwelling_pct":93.09,"motor_pct":99.23,"rate_per100k":95.7,"year":"FY 2022-23 & 2023-24 (avg)","crime_band":6}},{"type":"Feature","geometry":{"type":"Polygon","coordinates":[[[115.71083,-31.67421],[115.7145,-31.68197],[115.71506,-31.69082],[115.72388,-31.71194],[115.70662,-31.71201],[115.7049,-31.70193],[115.70194,-31.69545],[115.69919,-31.69308],[115.69751,-31.68912],[115.69958,-31.6889],[115.69928,-31.68588],[115.69721,-31.68111],[115.69477,-31.67873],[115.69705,-31.67673],[115.70418,-31.67582],[115.70919,-31.67255],[115.70993,-31.67243],[115.71083,-31.67421]]]},"properties":{"state":"WA","src":"WA-OpenStats","suburb":"Mindarie (WA)","crime_index":29.7,"violent_pct":27.42,"dwelling_pct":28.7,"motor_pct":33.02,"rate_per100k":29.7,"year":"FY 2022-23 & 2023-24 (avg)","crime_band":2}},{"type":"Feature","geometry":{"type":"Polygon","coordinates":[[[115.86622,-31.86936],[115.86494,-31.87258],[115.86238,-31.8751],[115.85824,-31.87115],[115.85512,-31.87067],[115.85532,-31.84854],[115.86866,-31.84862],[115.87775,-31.85073],[115.87737,-31.85397],[115.87865,-31.85956],[115.87837,-31.86753],[115.8663,-31.86631],[115.86622,-31.86936]]]},"properties":{"state":"WA","src":"WA-OpenStats","suburb":"Mirrabooka (WA)","crime_index":89.9,"violent_pct":89.79,"dwelling_pct":84.8,"motor_pct":95.19,"rate_per100k":89.9,"year":"FY 2022-23 & 2023-24 (avg)","crime_band":6}},{"type":"Feature","geometry":{"type":"Polygon","coordinates":[[[115.92417,-31.89474],[115.91737,-31.89664],[115.91137,-31.89656],[115.90826,-31.89735],[115.90543,-31.89993],[115.90201,-31.9068],[115.90089,-31.90649],[115.8992,-31.90795],[115.88935,-31.89957],[115.89111,-31.89812],[115.88717,-31.89488],[115.8923,-31.89036],[115.88601,-31.88499],[115.8866,-31.88425],[115.88491,-31.88236],[115.88367,-31.88299],[115.8799,-31.87979],[115.91858,-31.87924],[115.9174,-31.87186],[115.9334,-31.87177],[115.93344,-31.88748],[115.93185,-31.88794],[115.93193,-31.89474],[115.92417,-31.89474]]]},"properties":{"state":"WA","src":"WA-OpenStats","suburb":"Morley","crime_index":65.2,"violent_pct":55.84,"dwelling_pct":59.49,"motor_pct":80.16,"rate_per100k":65.2,"year":"FY 2022-23 & 2023-24 (avg)","crime_band":4}},{"type":"Feature","geometry":{"type":"Polygon","coordinates":[[[115.76228,-32.00396],[115.76951,-32.00428],[115.76968,-32.00338],[115.77264,-32.00335],[115.77158,-32.00612],[115.77171,-32.00972],[115.78133,-32.01626],[115.77856,-32.02037],[115.77379,-32.02505],[115.76632,-32.02243],[115.76201,-32.02267],[115.75889,-32.02402],[115.75751,-32.02116],[115.75088,-32.02159],[115.75129,-32.01611],[115.75341,-32.0161],[115.75685,-32.00746],[115.75926,-32.00382],[115.76228,-32.00396]]]},"properties":{"state":"WA","src":"WA-OpenStats","suburb":"Mosman Park (WA)","crime_index":55.4,"violent_pct":41.74,"dwelling_pct":65.12,"motor_pct":59.29,"rate_per100k":55.4,"year":"FY 2022-23 & 2023-24 (avg)","crime_band":4}},{"type":"Feature","geometry":{"type":"Polygon","coordinates":[[[115.77862,-31.9692],[115.77185,-31.97026],[115.77191,-31.96268],[115.76338,-31.96264],[115.76165,-31.95312],[115.76354,-31.95521],[115.76863,-31.95767],[115.76915,-31.95654],[115.77098,-31.95587],[115.77106,-31.95838],[115.77372,-31.95947],[115.77589,-31.95705],[115.77588,-31.94976],[115.78768,-31.94976],[115.78768,-31.94824],[115.79178,-31.94823],[115.79105,-31.95405],[115.79191,-31.96015],[115.79169,-31.96618],[115.79645,-31.96789],[115.79485,-31.96904],[115.77862,-31.9692]]]},"properties":{"state":"WA","src":"WA-OpenStats","suburb":"Mount Claremont","crime_index":20.9,"violent_pct":16.29,"dwelling_pct":31.95,"motor_pct":14.55,"rate_per100k":20.9,"year":"FY 2022-23 & 2023-24 (avg)","crime_band":2}},{"type":"Feature","geometry":{"type":"Polygon","coordinates":[[[115.84473,-31.92518],[115.84126,-31.92518],[115.84126,-31.92646],[115.83119,-31.92699],[115.82544,-31.92156],[115.82319,-31.91525],[115.82536,-31.91512],[115.8255,-31.91422],[115.84429,-31.9141],[115.84423,-31.91842],[115.84642,-31.92419],[115.84622,-31.92517],[115.84473,-31.92518]]]},"properties":{"state":"WA","src":"WA-OpenStats","suburb":"Mount Hawthorn","crime_index":42.1,"violent_pct":19.03,"dwelling_pct":55.28,"motor_pct":51.9,"rate_per100k":42.1,"year":"FY 2022-23 & 2023-24 (avg)","crime_band":3}},{"type":"Feature","geometry":{"type":"Polygon","coordinates":[[[116.22265,-31.86824],[116.22271,-31.87559],[116.24369,-31.87002],[116.24312,-31.88368],[116.23778,-31.88401],[116.23777,-31.88985],[116.23242,-31.89],[116.22653,-31.89399],[116.22649,-31.88731],[116.21455,-31.88734],[116.21134,-31.88292],[116.20914,-31.88226],[116.20656,-31.88744],[116.18422,-31.88794],[116.1842,-31.87986],[116.1855,-31.87972],[116.18551,-31.87538],[116.18402,-31.8753],[116.18401,-31.86337],[116.18503,-31.86337],[116.18503,-31.86154],[116.18761,-31.86147],[116.18755,-31.85955],[116.18529,-31.85765],[116.18523,-31.8384],[116.19661,-31.83831],[116.19674,-31.82202],[116.21161,-31.82204],[116.2115,-31.82722],[116.23391,-31.82709],[116.23391,-31.83093],[116.22775,-31.83094],[116.22819,-31.83908],[116.22501,-31.83919],[116.225,-31.84518],[116.23149,-31.84525],[116.23207,-31.84652],[116.23433,-31.84654],[116.23436,-31.85319],[116.2312,-31.8569],[116.22622,-31.85693],[116.22623,-31.86271],[116.22275,-31.86679],[116.22265,-31.86824]]]},"properties":{"state":"WA","src":"WA-OpenStats","suburb":"Mount Helena","crime_index":25.1,"violent_pct":15.86,"dwelling_pct":32.07,"motor_pct":27.45,"rate_per100k":25.1,"year":"FY 2022-23 & 2023-24 (avg)","crime_band":2}},{"type":"Feature","geometry":{"type":"Polygon","coordinates":[[[115.88137,-31.92439],[115.88855,-31.93061],[115.88558,-31.9327],[115.8875,-31.93432],[115.88667,-31.93479],[115.88892,-31.93668],[115.88746,-31.93661],[115.88466,-31.93844],[115.88235,-31.94138],[115.8814,-31.94495],[115.88041,-31.94497],[115.88044,-31.94282],[115.87964,-31.94245],[115.88027,-31.94187],[115.87929,-31.93971],[115.87808,-31.93931],[115.87794,-31.94127],[115.86773,-31.93662],[115.86723,-31.93741],[115.8664,-31.93654],[115.86249,-31.93651],[115.86253,-31.92803],[115.86399,-31.92747],[115.86396,-31.92505],[115.86475,-31.9251],[115.86766,-31.92188],[115.86519,-31.91978],[115.86678,-31.91711],[115.87374,-31.91803],[115.88137,-31.92439]]]},"properties":{"state":"WA","src":"WA-OpenStats","suburb":"Mount Lawley","crime_index":57.4,"violent_pct":19.13,"dwelling_pct":77.26,"motor_pct":75.9,"rate_per100k":57.4,"year":"FY 2022-23 & 2023-24 (avg)","crime_band":4}},{"type":"Feature","geometry":{"type":"Polygon","coordinates":[[[116.02652,-32.14479],[116.0257,-32.14833],[116.02328,-32.14918],[116.02346,-32.14987],[116.02122,-32.14984],[116.01745,-32.14279],[116.01823,-32.12558],[116.02154,-32.12634],[116.02424,-32.13029],[116.03229,-32.13045],[116.03228,-32.13453],[116.03539,-32.1372],[116.03463,-32.13856],[116.03559,-32.13904],[116.0335,-32.14135],[116.03064,-32.14335],[116.02652,-32.14479]]]},"properties":{"state":"WA","src":"WA-OpenStats","suburb":"Mount Nasura","crime_index":61.7,"violent_pct":75.6,"dwelling_pct":61.43,"motor_pct":48.06,"rate_per100k":61.7,"year":"FY 2022-23 & 2023-24 (avg)","crime_band":4}},{"type":"Feature","geometry":{"type":"Polygon","coordinates":[[[115.8498,-32.04105],[115.84851,-32.04107],[115.84847,-32.0395],[115.84386,-32.0394],[115.84475,-32.03815],[115.84464,-32.02431],[115.83949,-32.01739],[115.84441,-32.01504],[115.84509,-32.01599],[115.84672,-32.01517],[115.84692,-32.01393],[115.85256,-32.01124],[115.85109,-32.01339],[115.85046,-32.01918],[115.85102,-32.02096],[115.85486,-32.02356],[115.85263,-32.0273],[115.85339,-32.03279],[115.8544,-32.03529],[115.85694,-32.03672],[115.85963,-32.04096],[115.8498,-32.04105]]]},"properties":{"state":"WA","src":"WA-OpenStats","suburb":"Mount Pleasant (WA)","crime_index":44.9,"violent_pct":12.64,"dwelling_pct":76.57,"motor_pct":45.62,"rate_per100k":44.9,"year":"FY 2022-23 & 2023-24 (avg)","crime_band":3}},{"type":"Feature","geometry":{"type":"Polygon","coordinates":[[[116.02197,-32.16572],[116.01812,-32.16907],[116.02422,-32.17416],[116.02395,-32.18036],[116.02075,-32.17928],[116.01533,-32.17513],[116.01517,-32.17041],[116.01874,-32.1529],[116.02175,-32.14986],[116.02241,-32.15113],[116.02604,-32.15085],[116.02658,-32.14984],[116.02764,-32.151],[116.02787,-32.1537],[116.0264,-32.15705],[116.02661,-32.16191],[116.02197,-32.16572]]]},"properties":{"state":"WA","src":"WA-OpenStats","suburb":"Mount Richon","crime_index":41.2,"violent_pct":29.5,"dwelling_pct":80.91,"motor_pct":13.32,"rate_per100k":41.2,"year":"FY 2022-23 & 2023-24 (avg)","crime_band":3}},{"type":"Feature","geometry":{"type":"Polygon","coordinates":[[[116.02409,-31.57859],[116.02264,-31.58436],[116.01852,-31.59169],[116.01956,-31.59671],[116.0186,-31.60023],[116.00934,-31.60022],[116.01093,-31.6025],[115.98494,-31.6028],[115.99316,-31.62418],[115.9852,-31.62419],[115.98519,-31.62763],[115.85958,-31.62716],[115.85984,-31.57361],[115.8552,-31.57366],[115.85579,-31.47431],[115.89973,-31.47375],[115.89975,-31.47139],[115.92379,-31.47139],[115.92379,-31.47199],[115.92517,-31.47199],[115.92516,-31.47605],[115.93582,-31.47605],[115.95347,-31.52719],[115.9706,-31.52721],[115.97061,-31.51269],[115.97908,-31.5127],[115.97908,-31.52721],[116.02566,-31.52742],[116.02501,-31.52822],[116.02554,-31.53717],[116.01795,-31.55662],[116.01913,-31.56208],[116.0187,-31.56439],[116.02241,-31.56803],[116.02397,-31.57082],[116.02409,-31.57859]]]},"properties":{"state":"WA","src":"WA-OpenStats","suburb":"Muchea","crime_index":39.0,"violent_pct":9.3,"dwelling_pct":11.53,"motor_pct":96.03,"rate_per100k":39.0,"year":"FY 2022-23 & 2023-24 (avg)","crime_band":3}},{"type":"Feature","geometry":{"type":"Polygon","coordinates":[[[115.75316,-31.77251],[115.75453,-31.7744],[115.75386,-31.77456],[115.75449,-31.78209],[115.74973,-31.78267],[115.74326,-31.7852],[115.73584,-31.78662],[115.73525,-31.78886],[115.73294,-31.78898],[115.73197,-31.77559],[115.73382,-31.77542],[115.7339,-31.77263],[115.73632,-31.76996],[115.74201,-31.772],[115.75133,-31.77016],[115.75316,-31.77251]]]},"properties":{"state":"WA","src":"WA-OpenStats","suburb":"Mullaloo","crime_index":14.6,"violent_pct":7.89,"dwelling_pct":25.89,"motor_pct":9.9,"rate_per100k":14.6,"year":"FY 2022-23 & 2023-24 (avg)","crime_band":1}},{"type":"Feature","geometry":{"type":"Polygon","coordinates":[[[116.18279,-31.93991],[116.18209,-31.94172],[116.18068,-31.94173],[116.18052,-31.94368],[116.17917,-31.94513],[116.17936,-31.94621],[116.1831,-31.94623],[116.18306,-31.95284],[116.1692,-31.95248],[116.16516,-31.95565],[116.16514,-31.95666],[116.16091,-31.95578],[116.1586,-31.95644],[116.15454,-31.95452],[116.1539,-31.95228],[116.15126,-31.95348],[116.14933,-31.95131],[116.14663,-31.95088],[116.14594,-31.94996],[116.14359,-31.94992],[116.1404,-31.94827],[116.13837,-31.94899],[116.13547,-31.94798],[116.13467,-31.947],[116.13584,-31.94445],[116.1377,-31.94285],[116.13521,-31.94249],[116.13052,-31.94021],[116.13095,-31.93773],[116.13476,-31.93636],[116.13749,-31.93178],[116.1374,-31.92943],[116.13459,-31.92479],[116.13464,-31.91812],[116.14918,-31.91017],[116.14805,-31.91017],[116.14805,-31.90922],[116.14608,-31.91029],[116.14125,-31.91074],[116.13973,-31.90768],[116.13742,-31.90817],[116.13875,-31.90595],[116.14033,-31.90499],[116.14305,-31.90535],[116.14311,-31.9013],[116.14387,-31.89989],[116.1431,-31.89964],[116.14318,-31.89555],[116.1596,-31.89556],[116.15944,-31.88705],[116.15714,-31.88418],[116.17258,-31.88418],[116.17557,-31.88573],[116.18054,-31.89012],[116.18049,-31.89266],[116.1775,-31.89266],[116.1775,-31.89411],[116.18179,-31.8941],[116.18306,-31.89552],[116.18177,-31.89565],[116.18201,-31.90254],[116.18249,-31.90356],[116.18444,-31.90379],[116.18336,-31.90839],[116.1803,-31.90795],[116.18256,-31.91753],[116.18421,-31.91754],[116.18421,-31.91935],[116.18633,-31.91936],[116.18633,-31.92299],[116.18739,-31.92299],[116.18738,-31.92536],[116.18916,-31.92536],[116.18915,-31.92645],[116.18509,-31.9259],[116.18508,-31.92681],[116.18849,-31.92792],[116.19184,-31.92773],[116.1951,-31.92894],[116.20377,-31.92898],[116.20376,-31.93472],[116.19687,-31.93471],[116.199,-31.9376],[116.19372,-31.94079],[116.18279,-31.93991]]]},"properties":{"state":"WA","src":"WA-OpenStats","suburb":"Mundaring","crime_index":26.8,"violent_pct":28.85,"dwelling_pct":14.17,"motor_pct":37.26,"rate_per100k":26.8,"year":"FY 2022-23 & 2023-24 (avg)","crime_band":2}},{"type":"Feature","geometry":{"type":"Polygon","coordinates":[[[115.98819,-32.29119],[115.98738,-32.29324],[115.98789,-32.29339],[115.99713,-32.29026],[116.00461,-32.2915],[116.01233,-32.29148],[116.01061,-32.29523],[116.00791,-32.30547],[116.00103,-32.30483],[115.99938,-32.30504],[115.99937,-32.30607],[115.99648,-32.30604],[115.99438,-32.30701],[115.98445,-32.30621],[115.98218,-32.30534],[115.98462,-32.29988],[115.98377,-32.29928],[115.95262,-32.296],[115.95194,-32.25407],[115.97339,-32.25384],[115.97358,-32.26861],[115.9875,-32.2685],[115.99047,-32.2703],[115.9918,-32.27324],[115.99082,-32.27805],[115.99083,-32.28373],[115.98819,-32.29119]]]},"properties":{"state":"WA","src":"WA-OpenStats","suburb":"Mundijong","crime_index":44.9,"violent_pct":31.66,"dwelling_pct":15.71,"motor_pct":87.2,"rate_per100k":44.9,"year":"FY 2022-23 & 2023-24 (avg)","crime_band":3}},{"type":"Feature","geometry":{"type":"Polygon","coordinates":[[[115.84231,-32.06527],[115.85074,-32.06574],[115.84948,-32.07864],[115.83514,-32.07967],[115.82805,-32.07468],[115.82412,-32.07387],[115.82398,-32.06852],[115.82922,-32.06581],[115.8269,-32.06227],[115.82901,-32.05839],[115.83242,-32.05955],[115.84179,-32.05894],[115.84285,-32.06185],[115.84231,-32.06527]]]},"properties":{"state":"WA","src":"WA-OpenStats","suburb":"Murdoch","crime_index":73.6,"violent_pct":65.07,"dwelling_pct":58.33,"motor_pct":97.52,"rate_per100k":73.6,"year":"FY 2022-23 & 2023-24 (avg)","crime_band":5}},{"type":"Feature","geometry":{"type":"Polygon","coordinates":[[[115.82232,-32.04346],[115.82233,-32.04603],[115.8087,-32.04699],[115.8087,-32.04566],[115.80929,-32.04565],[115.80865,-32.03762],[115.81069,-32.03761],[115.81066,-32.03636],[115.82227,-32.03626],[115.82232,-32.04346]]]},"properties":{"state":"WA","src":"WA-OpenStats","suburb":"Myaree","crime_index":37.1,"violent_pct":18.87,"dwelling_pct":26.53,"motor_pct":65.89,"rate_per100k":37.1,"year":"FY 2022-23 & 2023-24 (avg)","crime_band":3}},{"type":"Feature","geometry":{"type":"Polygon","coordinates":[[[115.80752,-31.96439],[115.81832,-31.9646],[115.81804,-31.97372],[115.81347,-31.97449],[115.8145,-31.97989],[115.81457,-31.98729],[115.81751,-31.99014],[115.81437,-31.99288],[115.80321,-31.9928],[115.80365,-31.99038],[115.80264,-31.98916],[115.78834,-31.98864],[115.79107,-31.98643],[115.79138,-31.97497],[115.79847,-31.97499],[115.79866,-31.97578],[115.80263,-31.9758],[115.80266,-31.97275],[115.80578,-31.97274],[115.80589,-31.9644],[115.80752,-31.96439]]]},"properties":{"state":"WA","src":"WA-OpenStats","suburb":"Nedlands","crime_index":43.0,"violent_pct":32.78,"dwelling_pct":36.37,"motor_pct":59.96,"rate_per100k":43.0,"year":"FY 2022-23 & 2023-24 (avg)","crime_band":3}},{"type":"Feature","geometry":{"type":"Polygon","coordinates":[[[115.68634,-32.67542],[115.68765,-32.66777],[115.68537,-32.66483],[115.68595,-32.65829],[115.68471,-32.65336],[115.68133,-32.65052],[115.68066,-32.64821],[115.6787,-32.64611],[115.67528,-32.64602],[115.67366,-32.64081],[115.66718,-32.63457],[115.66651,-32.63214],[115.66791,-32.63101],[115.6691,-32.6258],[115.66858,-32.62125],[115.66628,-32.61905],[115.66638,-32.61568],[115.66878,-32.61588],[115.67068,-32.6143],[115.67689,-32.61644],[115.67625,-32.61877],[115.67696,-32.62119],[115.67912,-32.62212],[115.67893,-32.62304],[115.67996,-32.62376],[115.68236,-32.62335],[115.6828,-32.62653],[115.68557,-32.62847],[115.68991,-32.6298],[115.69193,-32.63223],[115.6955,-32.63411],[115.69952,-32.63838],[115.70168,-32.64193],[115.7035,-32.64223],[115.70309,-32.6428],[115.70414,-32.64374],[115.71791,-32.64024],[115.72001,-32.63851],[115.71921,-32.63513],[115.72,-32.63254],[115.72423,-32.63187],[115.7288,-32.63414],[115.73417,-32.64023],[115.7448,-32.64656],[115.74781,-32.64591],[115.74874,-32.64367],[115.75063,-32.64405],[115.75166,-32.64306],[115.75617,-32.64389],[115.75839,-32.64273],[115.75769,-32.64143],[115.75874,-32.64036],[115.75992,-32.64234],[115.76243,-32.64229],[115.76699,-32.63892],[115.77026,-32.63855],[115.77085,-32.63736],[115.77202,-32.637],[115.77185,-32.636],[115.77364,-32.63601],[115.77322,-32.63368],[115.76731,-32.62764],[115.76774,-32.62616],[115.76967,-32.62444],[115.76987,-32.62559],[115.77078,-32.6253],[115.77005,-32.62491],[115.77211,-32.62492],[115.77348,-32.62529],[115.7724,-32.62586],[115.77299,-32.62601],[115.77546,-32.62443],[115.77199,-32.62446],[115.77286,-32.62356],[115.7708,-32.62071],[115.77067,-32.6176],[115.77319,-32.61523],[115.78203,-32.61519],[115.78206,-32.61981],[115.7885,-32.61978],[115.78851,-32.62132],[115.7827,-32.62144],[115.78271,-32.64235],[115.78563,-32.64322],[115.79505,-32.64315],[115.77759,-32.65657],[115.77926,-32.65932],[115.74812,-32.70485],[115.74799,-32.71494],[115.77118,-32.71497],[115.77121,-32.72814],[115.77276,-32.72899],[115.77276,-32.74463],[115.75751,-32.74541],[115.75137,-32.74377],[115.7488,-32.74388],[115.73709,-32.73994],[115.72591,-32.73991],[115.72633,-32.7285],[115.72513,-32.7236],[115.72338,-32.71998],[115.7181,-32.71608],[115.72077,-32.71343],[115.72212,-32.71011],[115.72188,-32.70727],[115.72026,-32.70425],[115.71674,-32.70021],[115.71698,-32.69669],[115.71587,-32.69517],[115.71014,-32.69508],[115.7102,-32.69226],[115.69687,-32.69205],[115.69736,-32.6906],[115.69156,-32.68386],[115.68991,-32.6831],[115.68622,-32.68316],[115.68631,-32.67975],[115.68479,-32.67791],[115.68634,-32.67542]]]},"properties":{"state":"WA","src":"WA-OpenStats","suburb":"Nirimba (WA)","crime_index":13.7,"violent_pct":19.68,"dwelling_pct":3.71,"motor_pct":17.83,"rate_per100k":13.7,"year":"FY 2022-23 & 2023-24 (avg)","crime_band":1}},{"type":"Feature","geometry":{"type":"Polygon","coordinates":[[[115.85513,-31.87211],[115.85445,-31.87602],[115.85172,-31.87808],[115.85424,-31.88127],[115.85554,-31.88123],[115.85913,-31.88449],[115.8532,-31.88937],[115.8376,-31.88886],[115.83172,-31.87371],[115.8392,-31.87393],[115.84217,-31.87145],[115.84571,-31.87067],[115.85512,-31.87067],[115.85513,-31.87211]]]},"properties":{"state":"WA","src":"WA-OpenStats","suburb":"Nollamara","crime_index":85.6,"violent_pct":74.73,"dwelling_pct":92.41,"motor_pct":89.63,"rate_per100k":85.6,"year":"FY 2022-23 & 2023-24 (avg)","crime_band":5}},{"type":"Feature","geometry":{"type":"Polygon","coordinates":[[[115.89211,-31.87948],[115.87947,-31.87947],[115.87943,-31.87177],[115.87762,-31.87177],[115.8783,-31.86785],[115.88987,-31.8683],[115.91282,-31.86538],[115.91476,-31.86569],[115.91643,-31.86727],[115.91858,-31.87924],[115.89211,-31.87948]]]},"properties":{"state":"WA","src":"WA-OpenStats","suburb":"Noranda","crime_index":38.6,"violent_pct":27.58,"dwelling_pct":50.6,"motor_pct":37.53,"rate_per100k":38.6,"year":"FY 2022-23 & 2023-24 (avg)","crime_band":3}},{"type":"Feature","geometry":{"type":"Polygon","coordinates":[[[115.7641,-31.86601],[115.76042,-31.86588],[115.75952,-31.86638],[115.75951,-31.86748],[115.75621,-31.86849],[115.75212,-31.86842],[115.75159,-31.8535],[115.75781,-31.85316],[115.75781,-31.85398],[115.75845,-31.85398],[115.75846,-31.85307],[115.76325,-31.85308],[115.76323,-31.85702],[115.76898,-31.85784],[115.7686,-31.862],[115.76539,-31.86656],[115.7641,-31.86601]]]},"properties":{"state":"WA","src":"WA-OpenStats","suburb":"North Beach (WA)","crime_index":40.8,"violent_pct":34.83,"dwelling_pct":38.52,"motor_pct":49.06,"rate_per100k":40.8,"year":"FY 2022-23 & 2023-24 (avg)","crime_band":3}},{"type":"Feature","geometry":{"type":"Polygon","coordinates":[[[115.76403,-32.09428],[115.76394,-32.09636],[115.76675,-32.09911],[115.76771,-32.10318],[115.76683,-32.10634],[115.76484,-32.10989],[115.76406,-32.10993],[115.7646,-32.11169],[115.76368,-32.11194],[115.76275,-32.11178],[115.76188,-32.10572],[115.75858,-32.10445],[115.75593,-32.10073],[115.75571,-32.09712],[115.75886,-32.09636],[115.75105,-32.0849],[115.75015,-32.08197],[115.75042,-32.07797],[115.75784,-32.07817],[115.75785,-32.08212],[115.76111,-32.08212],[115.76116,-32.0862],[115.76326,-32.08619],[115.76339,-32.09028],[115.76418,-32.09028],[115.76403,-32.09428]]]},"properties":{"state":"WA","src":"WA-OpenStats","suburb":"North Coogee","crime_index":53.7,"violent_pct":21.07,"dwelling_pct":62.19,"motor_pct":77.84,"rate_per100k":53.7,"year":"FY 2022-23 & 2023-24 (avg)","crime_band":4}},{"type":"Feature","geometry":{"type":"Polygon","coordinates":[[[115.7561,-32.03974],[115.75375,-32.04042],[115.75305,-32.03959],[115.74851,-32.04012],[115.73696,-32.05276],[115.72851,-32.05374],[115.72881,-32.05263],[115.73105,-32.0526],[115.73351,-32.04887],[115.73162,-32.04752],[115.72754,-32.05378],[115.72438,-32.05404],[115.72727,-32.05287],[115.73502,-32.04104],[115.74097,-32.04032],[115.74273,-32.03836],[115.74622,-32.03068],[115.74976,-32.02602],[115.75088,-32.02159],[115.75751,-32.02116],[115.75858,-32.02271],[115.75889,-32.02402],[115.75519,-32.02642],[115.75648,-32.02899],[115.75985,-32.03046],[115.76034,-32.03422],[115.7584,-32.03886],[115.7561,-32.03974]]]},"properties":{"state":"WA","src":"WA-OpenStats","suburb":"North Fremantle","crime_index":78.6,"violent_pct":52.33,"dwelling_pct":87.59,"motor_pct":95.88,"rate_per100k":78.6,"year":"FY 2022-23 & 2023-24 (avg)","crime_band":5}},{"type":"Feature","geometry":{"type":"Polygon","coordinates":[[[115.83661,-32.07971],[115.84922,-32.07865],[115.84911,-32.08689],[115.8281,-32.08296],[115.8228,-32.08353],[115.81767,-32.08576],[115.81712,-32.07728],[115.8197,-32.07642],[115.82279,-32.07409],[115.82765,-32.07449],[115.83362,-32.07908],[115.83661,-32.07971]]]},"properties":{"state":"WA","src":"WA-OpenStats","suburb":"North Lake","crime_index":13.4,"violent_pct":11.6,"dwelling_pct":19.3,"motor_pct":9.19,"rate_per100k":13.4,"year":"FY 2022-23 & 2023-24 (avg)","crime_band":1}},{"type":"Feature","geometry":{"type":"Polygon","coordinates":[[[115.84631,-31.91403],[115.84733,-31.91376],[115.84709,-31.91283],[115.85246,-31.91759],[115.85174,-31.91822],[115.85321,-31.91948],[115.85431,-31.91916],[115.86399,-31.92747],[115.86253,-31.92803],[115.86249,-31.93651],[115.84662,-31.93644],[115.84642,-31.92419],[115.84423,-31.91842],[115.84429,-31.9141],[115.84631,-31.91403]]]},"properties":{"state":"WA","src":"WA-OpenStats","suburb":"North Perth","crime_index":67.2,"violent_pct":33.41,"dwelling_pct":78.16,"motor_pct":90.04,"rate_per100k":67.2,"year":"FY 2022-23 & 2023-24 (avg)","crime_band":4}},{"type":"Feature","geometry":{"type":"Polygon","coordinates":[[[115.85302,-31.94258],[115.86108,-31.94627],[115.85876,-31.94996],[115.85063,-31.94665],[115.85191,-31.94204],[115.85302,-31.94258]]]},"properties":{"state":"WA","src":"WA-OpenStats","suburb":"Northbridge (WA)","crime_index":99.0,"violent_pct":99.89,"dwelling_pct":97.35,"motor_pct":99.68,"rate_per100k":99.0,"year":"FY 2022-23 & 2023-24 (avg)","crime_band":6}},{"type":"Feature","geometry":{"type":"Polygon","coordinates":[[[115.78402,-32.05487],[115.7936,-32.05488],[115.79363,-32.05663],[115.80322,-32.05642],[115.80328,-32.06603],[115.7911,-32.06323],[115.78416,-32.06323],[115.78407,-32.05939],[115.77969,-32.05945],[115.77959,-32.0549],[115.78402,-32.05487]]]},"properties":{"state":"WA","src":"WA-OpenStats","suburb":"O'Connor (WA)","crime_index":47.8,"violent_pct":28.54,"dwelling_pct":82.12,"motor_pct":32.72,"rate_per100k":47.8,"year":"FY 2022-23 & 2023-24 (avg)","crime_band":3}},{"type":"Feature","geometry":{"type":"Polygon","coordinates":[[[115.97309,-32.23099],[115.97315,-32.23571],[115.93013,-32.23609],[115.9243,-32.23734],[115.88449,-32.23649],[115.88419,-32.20878],[115.88282,-32.20477],[115.88535,-32.20394],[115.88965,-32.20525],[115.89293,-32.2051],[115.89714,-32.20207],[115.89869,-32.19412],[115.90075,-32.19309],[115.90069,-32.18201],[115.89856,-32.18023],[115.96391,-32.17967],[115.9639,-32.1888],[115.96282,-32.1888],[115.96283,-32.19685],[115.96797,-32.19686],[115.96797,-32.19485],[115.9726,-32.19479],[115.97309,-32.23099]]]},"properties":{"state":"WA","src":"WA-OpenStats","suburb":"Oakford","crime_index":59.9,"violent_pct":37.87,"dwelling_pct":69.55,"motor_pct":72.24,"rate_per100k":59.9,"year":"FY 2022-23 & 2023-24 (avg)","crime_band":4}},{"type":"Feature","geometry":{"type":"Polygon","coordinates":[[[115.73632,-31.76996],[115.7339,-31.77263],[115.73382,-31.77542],[115.73197,-31.77559],[115.72948,-31.76519],[115.72839,-31.76342],[115.72727,-31.76338],[115.72585,-31.76036],[115.72774,-31.76294],[115.72792,-31.76125],[115.72762,-31.76042],[115.72682,-31.76089],[115.72726,-31.75854],[115.72308,-31.7433],[115.72848,-31.74276],[115.73398,-31.74375],[115.73817,-31.74317],[115.74219,-31.75646],[115.74863,-31.76242],[115.7518,-31.77006],[115.74247,-31.772],[115.73905,-31.77144],[115.73632,-31.76996]]]},"properties":{"state":"WA","src":"WA-OpenStats","suburb":"Ocean Reef","crime_index":17.4,"violent_pct":7.69,"dwelling_pct":23.57,"motor_pct":20.85,"rate_per100k":17.4,"year":"FY 2022-23 & 2023-24 (avg)","crime_band":1}},{"type":"Feature","geometry":{"type":"Polygon","coordinates":[[[115.81991,-32.22786],[115.82545,-32.227],[115.83191,-32.22819],[115.83897,-32.23216],[115.8432,-32.23258],[115.83948,-32.23438],[115.83492,-32.23326],[115.83183,-32.23715],[115.82473,-32.24026],[115.8125,-32.23997],[115.81218,-32.23181],[115.80932,-32.22694],[115.81991,-32.22786]]]},"properties":{"state":"WA","src":"WA-OpenStats","suburb":"Orelia","crime_index":86.8,"violent_pct":80.77,"dwelling_pct":85.62,"motor_pct":93.91,"rate_per100k":86.8,"year":"FY 2022-23 & 2023-24 (avg)","crime_band":5}},{"type":"Feature","geometry":{"type":"Polygon","coordinates":[[[115.82319,-31.91525],[115.82052,-31.91502],[115.82012,-31.91709],[115.81381,-31.91711],[115.81224,-31.91395],[115.81009,-31.91217],[115.8039,-31.90905],[115.80031,-31.90908],[115.80215,-31.90388],[115.80015,-31.9033],[115.80305,-31.89932],[115.80415,-31.89992],[115.80743,-31.89581],[115.81604,-31.8979],[115.82067,-31.90175],[115.82365,-31.89938],[115.81993,-31.8956],[115.82297,-31.8944],[115.8238,-31.89193],[115.82292,-31.89034],[115.8283,-31.89034],[115.82828,-31.89656],[115.82961,-31.89657],[115.8296,-31.89756],[115.82894,-31.89756],[115.82888,-31.91424],[115.8255,-31.91422],[115.82536,-31.91512],[115.82319,-31.91525]]]},"properties":{"state":"WA","src":"WA-OpenStats","suburb":"Osborne Park","crime_index":87.3,"violent_pct":74.04,"dwelling_pct":88.39,"motor_pct":99.41,"rate_per100k":87.3,"year":"FY 2022-23 & 2023-24 (avg)","crime_band":6}},{"type":"Feature","geometry":{"type":"Polygon","coordinates":[[[115.77044,-31.79395],[115.77968,-31.79823],[115.78122,-31.79974],[115.7822,-31.80592],[115.78239,-31.81437],[115.78176,-31.8172],[115.77344,-31.81944],[115.76439,-31.81676],[115.76024,-31.8168],[115.75596,-31.81118],[115.75528,-31.80914],[115.75603,-31.80919],[115.75641,-31.80602],[115.75575,-31.8059],[115.75426,-31.79867],[115.75351,-31.79868],[115.75361,-31.79531],[115.75838,-31.7965],[115.76705,-31.79381],[115.77044,-31.79395]]]},"properties":{"state":"WA","src":"WA-OpenStats","suburb":"Padbury","crime_index":29.2,"violent_pct":24.84,"dwelling_pct":29.89,"motor_pct":32.87,"rate_per100k":29.2,"year":"FY 2022-23 & 2023-24 (avg)","crime_band":2}},{"type":"Feature","geometry":{"type":"Polygon","coordinates":[[[115.78859,-32.03531],[115.79362,-32.03414],[115.7936,-32.05488],[115.77959,-32.0549],[115.77954,-32.04709],[115.77627,-32.04703],[115.77615,-32.03829],[115.78859,-32.03531]]]},"properties":{"state":"WA","src":"WA-OpenStats","suburb":"Palmyra (WA)","crime_index":71.6,"violent_pct":72.81,"dwelling_pct":67.02,"motor_pct":74.87,"rate_per100k":71.6,"year":"FY 2022-23 & 2023-24 (avg)","crime_band":4}},{"type":"Feature","geometry":{"type":"Polygon","coordinates":[[[116.15949,-31.89205],[116.1596,-31.89556],[116.14318,-31.89555],[116.1431,-31.89964],[116.1396,-31.8989],[116.13062,-31.90065],[116.13064,-31.8813],[116.13174,-31.87909],[116.13084,-31.87742],[116.13112,-31.86327],[116.10397,-31.86322],[116.10396,-31.83844],[116.135,-31.83847],[116.14086,-31.85642],[116.13884,-31.86055],[116.13999,-31.86328],[116.16132,-31.86333],[116.16132,-31.86597],[116.16227,-31.86597],[116.16227,-31.87143],[116.15677,-31.87162],[116.15687,-31.87603],[116.15764,-31.87603],[116.15762,-31.88086],[116.15689,-31.88076],[116.15721,-31.8848],[116.15944,-31.88705],[116.15949,-31.89205]]]},"properties":{"state":"WA","src":"WA-OpenStats","suburb":"Parkerville","crime_index":27.0,"violent_pct":12.91,"dwelling_pct":25.4,"motor_pct":42.6,"rate_per100k":27.0,"year":"FY 2022-23 & 2023-24 (avg)","crime_band":2}},{"type":"Feature","geometry":{"type":"Polygon","coordinates":[[[115.91494,-32.05481],[115.90931,-32.05503],[115.90499,-32.05722],[115.90365,-32.03867],[115.91535,-32.03868],[115.92665,-32.04788],[115.9316,-32.04927],[115.93029,-32.05407],[115.92369,-32.05502],[115.91494,-32.05481]]]},"properties":{"state":"WA","src":"WA-OpenStats","suburb":"Parkwood (WA)","crime_index":53.5,"violent_pct":45.61,"dwelling_pct":73.67,"motor_pct":41.27,"rate_per100k":53.5,"year":"FY 2022-23 & 2023-24 (avg)","crime_band":4}},{"type":"Feature","geometry":{"type":"Polygon","coordinates":[[[115.83522,-32.24718],[115.83395,-32.25141],[115.82953,-32.2572],[115.82953,-32.25989],[115.82207,-32.25875],[115.81569,-32.25598],[115.8176,-32.25001],[115.81621,-32.23992],[115.82473,-32.24026],[115.83183,-32.23715],[115.83492,-32.23326],[115.83948,-32.23438],[115.84361,-32.2324],[115.84379,-32.23351],[115.84054,-32.23777],[115.83787,-32.24503],[115.83522,-32.24718]]]},"properties":{"state":"WA","src":"WA-OpenStats","suburb":"Parmelia","crime_index":83.2,"violent_pct":83.01,"dwelling_pct":81.29,"motor_pct":85.36,"rate_per100k":83.2,"year":"FY 2022-23 & 2023-24 (avg)","crime_band":5}},{"type":"Feature","geometry":{"type":"Polygon","coordinates":[[[115.81931,-31.77708],[115.82672,-31.7771],[115.82671,-31.78134],[115.82915,-31.78527],[115.82672,-31.78527],[115.82641,-31.78638],[115.81647,-31.78553],[115.80877,-31.78336],[115.80878,-31.7771],[115.81931,-31.77708]]]},"properties":{"state":"WA","src":"WA-OpenStats","suburb":"Pearsall","crime_index":11.0,"violent_pct":6.37,"dwelling_pct":8.02,"motor_pct":18.65,"rate_per100k":11.0,"year":"FY 2022-23 & 2023-24 (avg)","crime_band":1}},{"type":"Feature","geometry":{"type":"Polygon","coordinates":[[[115.76673,-31.99339],[115.7729,-31.99347],[115.77112,-32.00049],[115.77223,-32.00167],[115.77437,-32.00127],[115.77447,-32.00245],[115.77264,-32.00335],[115.76968,-32.00338],[115.76951,-32.00428],[115.75926,-32.00382],[115.76158,-31.99966],[115.76673,-31.99339]]]},"properties":{"state":"WA","src":"WA-OpenStats","suburb":"Peppermint Grove","crime_index":41.7,"violent_pct":7.56,"dwelling_pct":67.73,"motor_pct":49.79,"rate_per100k":41.7,"year":"FY 2022-23 & 2023-24 (avg)","crime_band":3}},{"type":"Feature","geometry":{"type":"Polygon","coordinates":[[[115.87481,-31.94177],[115.87589,-31.94018],[115.87794,-31.94127],[115.87535,-31.94722],[115.86829,-31.95102],[115.86762,-31.95437],[115.86972,-31.95506],[115.8664,-31.96251],[115.85393,-31.9587],[115.85188,-31.95913],[115.84827,-31.96228],[115.84533,-31.96253],[115.84621,-31.96093],[115.84577,-31.95974],[115.84461,-31.95945],[115.84469,-31.9586],[115.84565,-31.95628],[115.84619,-31.95643],[115.84589,-31.9558],[115.84917,-31.95459],[115.84854,-31.952],[115.85063,-31.94665],[115.85876,-31.94996],[115.86108,-31.94627],[115.85424,-31.94313],[115.85833,-31.93649],[115.8664,-31.93654],[115.86465,-31.93944],[115.87068,-31.94221],[115.87265,-31.94215],[115.87186,-31.9434],[115.87254,-31.94512],[115.87467,-31.94297],[115.87481,-31.94177]]]},"properties":{"state":"WA","src":"WA-OpenStats","suburb":"Perth (WA)","crime_index":97.2,"violent_pct":99.04,"dwelling_pct":93.53,"motor_pct":99.1,"rate_per100k":97.2,"year":"FY 2022-23 & 2023-24 (avg)","crime_band":6}},{"type":"Feature","geometry":{"type":"Polygon","coordinates":[[[115.93392,-32.14055],[115.93058,-32.14346],[115.93057,-32.14765],[115.92304,-32.14765],[115.89692,-32.13612],[115.89933,-32.13198],[115.90221,-32.12968],[115.90472,-32.12529],[115.91618,-32.11532],[115.92531,-32.12364],[115.92498,-32.13568],[115.92827,-32.13548],[115.9293,-32.1345],[115.93516,-32.13948],[115.93392,-32.14055]]]},"properties":{"state":"WA","src":"WA-OpenStats","suburb":"Piara Waters","crime_index":15.2,"violent_pct":16.93,"dwelling_pct":13.2,"motor_pct":15.57,"rate_per100k":15.2,"year":"FY 2022-23 & 2023-24 (avg)","crime_band":1}},{"type":"Feature","geometry":{"type":"Polygon","coordinates":[[[115.87092,-32.6423],[115.85632,-32.64236],[115.85621,-32.63325],[115.84713,-32.63335],[115.84697,-32.61342],[115.8462,-32.61342],[115.84617,-32.60905],[115.84689,-32.60898],[115.84294,-32.60609],[115.85042,-32.59489],[115.85301,-32.59379],[115.85547,-32.59398],[115.85597,-32.59551],[115.85459,-32.59865],[115.85585,-32.59983],[115.85788,-32.60004],[115.86017,-32.59806],[115.86179,-32.59368],[115.8653,-32.58938],[115.86637,-32.58955],[115.86497,-32.59229],[115.86618,-32.59366],[115.8666,-32.59659],[115.87062,-32.59623],[115.87394,-32.59956],[115.87553,-32.60006],[115.87643,-32.59955],[115.87685,-32.59773],[115.87948,-32.59907],[115.87907,-32.59462],[115.88801,-32.59239],[115.8927,-32.59342],[115.89508,-32.58977],[115.89734,-32.58994],[115.89471,-32.59395],[115.89668,-32.59488],[115.89621,-32.5956],[115.89778,-32.59589],[115.89922,-32.59864],[115.89879,-32.60531],[115.89766,-32.60659],[115.89641,-32.60584],[115.89601,-32.60697],[115.89672,-32.60857],[115.89841,-32.60975],[115.89767,-32.61002],[115.89579,-32.60781],[115.89258,-32.60725],[115.89202,-32.60551],[115.88732,-32.60524],[115.88211,-32.61356],[115.87955,-32.62282],[115.88029,-32.63108],[115.88653,-32.63019],[115.88831,-32.62798],[115.89122,-32.62965],[115.89115,-32.63117],[115.88827,-32.63438],[115.88688,-32.6398],[115.8892,-32.64226],[115.87092,-32.6423]]]},"properties":{"state":"WA","src":"WA-OpenStats","suburb":"Pinjarra","crime_index":52.9,"violent_pct":78.71,"dwelling_pct":23.77,"motor_pct":56.12,"rate_per100k":52.9,"year":"FY 2022-23 & 2023-24 (avg)","crime_band":4}},{"type":"Feature","geometry":{"type":"Polygon","coordinates":[[[115.77108,-32.35315],[115.77825,-32.37696],[115.77676,-32.38294],[115.77421,-32.38789],[115.77198,-32.39541],[115.73772,-32.39546],[115.72904,-32.38422],[115.71803,-32.3744],[115.71302,-32.37164],[115.71325,-32.36959],[115.72113,-32.36928],[115.72736,-32.36624],[115.73158,-32.36599],[115.73442,-32.36419],[115.74043,-32.35639],[115.74314,-32.34714],[115.76107,-32.34715],[115.76186,-32.35214],[115.77081,-32.35215],[115.77108,-32.35315]]]},"properties":{"state":"WA","src":"WA-OpenStats","suburb":"Port Kennedy","crime_index":57.5,"violent_pct":62.55,"dwelling_pct":45.69,"motor_pct":64.37,"rate_per100k":57.5,"year":"FY 2022-23 & 2023-24 (avg)","crime_band":4}},{"type":"Feature","geometry":{"type":"Polygon","coordinates":[[[115.9521,-32.00674],[115.94635,-32.01167],[115.94746,-32.01261],[115.94545,-32.01437],[115.93256,-32.00261],[115.94038,-31.99601],[115.96216,-31.99974],[115.95689,-32.00419],[115.95584,-32.00343],[115.9521,-32.00674]]]},"properties":{"state":"WA","src":"WA-OpenStats","suburb":"Queens Park (WA)","crime_index":85.4,"violent_pct":69.97,"dwelling_pct":93.92,"motor_pct":92.27,"rate_per100k":85.4,"year":"FY 2022-23 & 2023-24 (avg)","crime_band":5}},{"type":"Feature","geometry":{"type":"Polygon","coordinates":[[[115.69713,-31.67672],[115.69477,-31.67873],[115.6909,-31.67543],[115.68974,-31.66559],[115.6871,-31.65933],[115.686,-31.65442],[115.69598,-31.65378],[115.69878,-31.65179],[115.7049,-31.65779],[115.70641,-31.66518],[115.70993,-31.67243],[115.7073,-31.67332],[115.70418,-31.67582],[115.69713,-31.67672]]]},"properties":{"state":"WA","src":"WA-OpenStats","suburb":"Quinns Rocks","crime_index":27.6,"violent_pct":36.24,"dwelling_pct":34.68,"motor_pct":11.89,"rate_per100k":27.6,"year":"FY 2022-23 & 2023-24 (avg)","crime_band":2}},{"type":"Feature","geometry":{"type":"Polygon","coordinates":[[[115.81461,-32.5713],[115.80445,-32.56879],[115.80691,-32.56384],[115.80894,-32.56331],[115.80911,-32.56017],[115.81099,-32.55791],[115.80876,-32.55467],[115.80507,-32.55162],[115.80051,-32.55087],[115.80429,-32.54871],[115.83832,-32.54871],[115.83597,-32.54514],[115.89727,-32.54508],[115.89726,-32.54624],[115.91033,-32.54625],[115.91033,-32.55992],[115.92129,-32.55927],[115.90562,-32.57744],[115.89735,-32.58994],[115.89508,-32.58977],[115.8927,-32.59342],[115.88801,-32.59239],[115.87907,-32.59462],[115.87948,-32.59907],[115.87685,-32.59773],[115.87643,-32.59955],[115.87508,-32.6],[115.87062,-32.59623],[115.8666,-32.59659],[115.86618,-32.59366],[115.86497,-32.59229],[115.86637,-32.58955],[115.8653,-32.58938],[115.86179,-32.59368],[115.86017,-32.59806],[115.85788,-32.60004],[115.85585,-32.59983],[115.85459,-32.59865],[115.85597,-32.59551],[115.85547,-32.59398],[115.85301,-32.59379],[115.85042,-32.59489],[115.84294,-32.60609],[115.84587,-32.60816],[115.84498,-32.60878],[115.82425,-32.60905],[115.82428,-32.61384],[115.81463,-32.61386],[115.81461,-32.5713]]]},"properties":{"state":"WA","src":"WA-OpenStats","suburb":"Ravenswood (WA)","crime_index":68.5,"violent_pct":75.02,"dwelling_pct":37.28,"motor_pct":93.09,"rate_per100k":68.5,"year":"FY 2022-23 & 2023-24 (avg)","crime_band":4}},{"type":"Feature","geometry":{"type":"Polygon","coordinates":[[[116.08916,-31.82518],[116.08917,-31.83209],[116.0969,-31.83205],[116.10326,-31.82848],[116.1067,-31.82763],[116.10666,-31.83088],[116.10906,-31.83087],[116.10906,-31.83844],[116.07663,-31.83841],[116.07391,-31.84188],[116.06767,-31.84689],[116.06353,-31.85541],[116.05617,-31.85758],[116.04892,-31.85656],[116.04575,-31.85704],[116.04558,-31.85606],[116.05187,-31.85325],[116.05513,-31.84524],[116.05857,-31.84318],[116.05859,-31.83839],[116.05943,-31.83839],[116.05943,-31.83749],[116.05708,-31.83748],[116.05646,-31.83839],[116.05613,-31.82209],[116.05945,-31.81141],[116.06047,-31.81161],[116.06024,-31.8108],[116.06475,-31.81237],[116.06475,-31.80692],[116.07246,-31.80694],[116.07246,-31.80122],[116.0891,-31.80128],[116.08916,-31.82518]]]},"properties":{"state":"WA","src":"WA-OpenStats","suburb":"Red Hill (WA)","crime_index":30.7,"violent_pct":15.83,"dwelling_pct":21.88,"motor_pct":54.28,"rate_per100k":30.7,"year":"FY 2022-23 & 2023-24 (avg)","crime_band":2}},{"type":"Feature","geometry":{"type":"Polygon","coordinates":[[[115.94395,-31.93355],[115.94254,-31.93231],[115.94117,-31.93233],[115.94995,-31.92717],[115.95506,-31.92306],[115.95655,-31.92435],[115.95341,-31.92705],[115.95603,-31.92929],[115.94899,-31.93527],[115.94823,-31.93462],[115.94634,-31.93704],[115.94783,-31.93844],[115.94715,-31.93904],[115.95036,-31.94426],[115.95474,-31.94945],[115.95534,-31.95198],[115.95482,-31.95516],[115.93337,-31.93724],[115.94032,-31.9329],[115.94257,-31.9347],[115.94395,-31.93355]]]},"properties":{"state":"WA","src":"WA-OpenStats","suburb":"Redcliffe (WA)","crime_index":89.0,"violent_pct":79.7,"dwelling_pct":91.45,"motor_pct":95.79,"rate_per100k":89.0,"year":"FY 2022-23 & 2023-24 (avg)","crime_band":6}},{"type":"Feature","geometry":{"type":"Polygon","coordinates":[[[116.13363,-32.00122],[116.1333,-31.99932],[116.1312,-31.99834],[116.13226,-31.99387],[116.13062,-31.99109],[116.13043,-31.98887],[116.13791,-31.98545],[116.14022,-31.98209],[116.14412,-31.98456],[116.14636,-31.98375],[116.15013,-31.98062],[116.14973,-31.97801],[116.15331,-31.97739],[116.15487,-31.97483],[116.15471,-31.96766],[116.15586,-31.96676],[116.16341,-31.96567],[116.16574,-31.96402],[116.16678,-31.96065],[116.16538,-31.95841],[116.16418,-31.9583],[116.16317,-31.95959],[116.15953,-31.95769],[116.15869,-31.95644],[116.16091,-31.95578],[116.16514,-31.95666],[116.16511,-31.95775],[116.16713,-31.95958],[116.17115,-31.96166],[116.17097,-31.9638],[116.16976,-31.96455],[116.16946,-31.96731],[116.16877,-31.96752],[116.16973,-31.96761],[116.17012,-31.96942],[116.17155,-31.96595],[116.17633,-31.96514],[116.17812,-31.96764],[116.17724,-31.96969],[116.17792,-31.97003],[116.18248,-31.96806],[116.18531,-31.96931],[116.18686,-31.96856],[116.19117,-31.97142],[116.19093,-31.97233],[116.1899,-31.97192],[116.18919,-31.973],[116.19115,-31.97352],[116.19346,-31.9767],[116.19303,-31.97793],[116.19118,-31.97783],[116.19033,-31.97905],[116.19223,-31.97838],[116.19405,-31.979],[116.19387,-31.97796],[116.19705,-31.97707],[116.19832,-31.97788],[116.19769,-31.97916],[116.20209,-31.9796],[116.20351,-31.98236],[116.2069,-31.98176],[116.20718,-31.98238],[116.20619,-31.98333],[116.20783,-31.9851],[116.20724,-31.98589],[116.20931,-31.98725],[116.20923,-31.9889],[116.21027,-31.98836],[116.21237,-31.98913],[116.21177,-31.9935],[116.21325,-31.99386],[116.21366,-31.99518],[116.21636,-31.99469],[116.21768,-31.99638],[116.22121,-31.99599],[116.22098,-31.99723],[116.21955,-31.99799],[116.21885,-31.99893],[116.21865,-31.99958],[116.21969,-31.99839],[116.22304,-31.99841],[116.22622,-32.00343],[116.22781,-32.00407],[116.23057,-32.00747],[116.23166,-32.00807],[116.23316,-32.00757],[116.23556,-32.00965],[116.23559,-32.01407],[116.24447,-32.02055],[116.2436,-32.02328],[116.24099,-32.02341],[116.23909,-32.02569],[116.23653,-32.02602],[116.23591,-32.03378],[116.23254,-32.0294],[116.22878,-32.0277],[116.22535,-32.02733],[116.22205,-32.02546],[116.2208,-32.02182],[116.2186,-32.01912],[116.21016,-32.02019],[116.20371,-32.0165],[116.19843,-32.01555],[116.19223,-32.01577],[116.18964,-32.01321],[116.18977,-32.01385],[116.18316,-32.0138],[116.18018,-32.01488],[116.17869,-32.0138],[116.17362,-32.01379],[116.17105,-32.01499],[116.16952,-32.01374],[116.15961,-32.01382],[116.15554,-32.0148],[116.15266,-32.01386],[116.13831,-32.0133],[116.13849,-32.00989],[116.13657,-32.00798],[116.13607,-32.00478],[116.13363,-32.00122]]]},"properties":{"state":"WA","src":"WA-OpenStats","suburb":"Reservoir (WA)","crime_index":76.3,"violent_pct":72.31,"dwelling_pct":72.04,"motor_pct":84.61,"rate_per100k":76.3,"year":"FY 2022-23 & 2023-24 (avg)","crime_band":5}},{"type":"Feature","geometry":{"type":"Polygon","coordinates":[[[115.72685,-31.65958],[115.73139,-31.67057],[115.72788,-31.67016],[115.72138,-31.67131],[115.71705,-31.65957],[115.71365,-31.65436],[115.7198,-31.65126],[115.72163,-31.65126],[115.72384,-31.65341],[115.72685,-31.65958]]]},"properties":{"state":"WA","src":"WA-OpenStats","suburb":"Ridgewood (WA)","crime_index":43.5,"violent_pct":47.15,"dwelling_pct":55.34,"motor_pct":27.93,"rate_per100k":43.5,"year":"FY 2022-23 & 2023-24 (avg)","crime_band":3}},{"type":"Feature","geometry":{"type":"Polygon","coordinates":[[[115.88486,-32.03369],[115.88954,-32.03378],[115.88957,-32.03061],[115.89331,-32.03062],[115.89333,-32.02927],[115.8948,-32.02928],[115.8948,-32.02793],[115.90069,-32.02786],[115.90334,-32.03045],[115.90773,-32.03266],[115.91083,-32.03243],[115.91302,-32.0306],[115.91458,-32.03195],[115.9144,-32.03559],[115.91753,-32.03901],[115.91284,-32.03826],[115.87761,-32.03872],[115.88486,-32.03369]]]},"properties":{"state":"WA","src":"WA-OpenStats","suburb":"Riverton (WA)","crime_index":34.2,"violent_pct":14.92,"dwelling_pct":64.6,"motor_pct":23.19,"rate_per100k":34.2,"year":"FY 2022-23 & 2023-24 (avg)","crime_band":3}},{"type":"Feature","geometry":{"type":"Polygon","coordinates":[[[115.92127,-31.97091],[115.91957,-31.97237],[115.8969,-31.95268],[115.89993,-31.95386],[115.9047,-31.95386],[115.91581,-31.9506],[115.93043,-31.96312],[115.92127,-31.97091]]]},"properties":{"state":"WA","src":"WA-OpenStats","suburb":"Rivervale","crime_index":82.6,"violent_pct":66.26,"dwelling_pct":91.15,"motor_pct":90.49,"rate_per100k":82.6,"year":"FY 2022-23 & 2023-24 (avg)","crime_band":5}},{"type":"Feature","geometry":{"type":"Polygon","coordinates":[[[115.75789,-32.28757],[115.76204,-32.28814],[115.76086,-32.29077],[115.76157,-32.29261],[115.7557,-32.29155],[115.73899,-32.29854],[115.73292,-32.29875],[115.72747,-32.29778],[115.72108,-32.29473],[115.71149,-32.28707],[115.71146,-32.28623],[115.71052,-32.28631],[115.71093,-32.27522],[115.71603,-32.27531],[115.72186,-32.27691],[115.72581,-32.27632],[115.73641,-32.26989],[115.74599,-32.26094],[115.75029,-32.26415],[115.75103,-32.26648],[115.75561,-32.26816],[115.75911,-32.27355],[115.77686,-32.2736],[115.77298,-32.27693],[115.76048,-32.27698],[115.75789,-32.28496],[115.75789,-32.28757]]]},"properties":{"state":"WA","src":"WA-OpenStats","suburb":"Rockingham (WA)","crime_index":85.4,"violent_pct":81.7,"dwelling_pct":82.28,"motor_pct":92.14,"rate_per100k":85.4,"year":"FY 2022-23 & 2023-24 (avg)","crime_band":5}},{"type":"Feature","geometry":{"type":"Polygon","coordinates":[[[116.09308,-32.14626],[116.08834,-32.14624],[116.09154,-32.15003],[116.09197,-32.1532],[116.08845,-32.1532],[116.08844,-32.15412],[116.08475,-32.15524],[116.08281,-32.15752],[116.08005,-32.15588],[116.0765,-32.15994],[116.06589,-32.15535],[116.06583,-32.14719],[116.05873,-32.14576],[116.05872,-32.14061],[116.05444,-32.14062],[116.05444,-32.13988],[116.03992,-32.13336],[116.04349,-32.13034],[116.05015,-32.13033],[116.05014,-32.12689],[116.05169,-32.12808],[116.05342,-32.12809],[116.05014,-32.12526],[116.05013,-32.12127],[116.04783,-32.12089],[116.04209,-32.11712],[116.0421,-32.11615],[116.03096,-32.11627],[116.03137,-32.11478],[116.03532,-32.11494],[116.0367,-32.11259],[116.03864,-32.11199],[116.04011,-32.11042],[116.04849,-32.09551],[116.05005,-32.09551],[116.05006,-32.09821],[116.07456,-32.09817],[116.07449,-32.0882],[116.07793,-32.08876],[116.08213,-32.08694],[116.08671,-32.08708],[116.08671,-32.09276],[116.09593,-32.09275],[116.09629,-32.09511],[116.09507,-32.09747],[116.09568,-32.09778],[116.09021,-32.10348],[116.08953,-32.10589],[116.09439,-32.10549],[116.10011,-32.10673],[116.10154,-32.10871],[116.10316,-32.10812],[116.1036,-32.10939],[116.10269,-32.11138],[116.10091,-32.11138],[116.09988,-32.113],[116.10365,-32.11299],[116.10366,-32.11453],[116.11002,-32.11452],[116.10993,-32.1214],[116.12089,-32.12136],[116.12126,-32.11669],[116.12434,-32.11525],[116.1276,-32.11497],[116.12864,-32.1179],[116.12873,-32.1215],[116.13033,-32.12152],[116.13034,-32.12274],[116.12683,-32.12698],[116.12612,-32.12697],[116.12612,-32.13195],[116.12504,-32.13204],[116.12502,-32.13942],[116.12005,-32.13943],[116.12068,-32.14688],[116.10277,-32.14681],[116.10277,-32.13765],[116.09893,-32.13765],[116.09891,-32.14627],[116.09308,-32.14626]]]},"properties":{"state":"WA","src":"WA-OpenStats","suburb":"Roleystone","crime_index":19.3,"violent_pct":12.1,"dwelling_pct":29.78,"motor_pct":15.92,"rate_per100k":19.3,"year":"FY 2022-23 & 2023-24 (avg)","crime_band":2}},{"type":"Feature","geometry":{"type":"Polygon","coordinates":[[[115.86868,-32.04506],[115.86499,-32.04761],[115.86134,-32.04726],[115.86142,-32.04578],[115.86241,-32.0457],[115.86096,-32.04461],[115.8617,-32.04217],[115.86054,-32.03812],[115.86421,-32.03633],[115.86658,-32.03417],[115.86812,-32.03136],[115.87228,-32.03164],[115.87321,-32.03207],[115.87318,-32.03538],[115.8745,-32.03537],[115.87449,-32.03777],[115.87479,-32.03854],[115.87577,-32.03854],[115.87574,-32.03953],[115.87322,-32.03956],[115.87419,-32.04111],[115.87215,-32.04254],[115.87319,-32.04516],[115.86868,-32.04506]]]},"properties":{"state":"WA","src":"WA-OpenStats","suburb":"Rossmoyne","crime_index":34.2,"violent_pct":1.82,"dwelling_pct":69.91,"motor_pct":30.93,"rate_per100k":34.2,"year":"FY 2022-23 & 2023-24 (avg)","crime_band":3}},{"type":"Feature","geometry":{"type":"Polygon","coordinates":[[[115.7134,-32.29787],[115.72704,-32.29762],[115.73579,-32.29882],[115.73991,-32.29838],[115.7442,-32.29674],[115.74959,-32.30817],[115.743,-32.31259],[115.74236,-32.31205],[115.73837,-32.31421],[115.7392,-32.31508],[115.73745,-32.31602],[115.73911,-32.31737],[115.73975,-32.31937],[115.7391,-32.31978],[115.73513,-32.31417],[115.72946,-32.30959],[115.72594,-32.3084],[115.72255,-32.30843],[115.71361,-32.30494],[115.70506,-32.30562],[115.71,-32.30448],[115.70893,-32.29974],[115.71055,-32.2979],[115.7134,-32.29787]]]},"properties":{"state":"WA","src":"WA-OpenStats","suburb":"Safety Bay","crime_index":60.4,"violent_pct":54.52,"dwelling_pct":73.49,"motor_pct":53.15,"rate_per100k":60.4,"year":"FY 2022-23 & 2023-24 (avg)","crime_band":4}},{"type":"Feature","geometry":{"type":"Polygon","coordinates":[[[115.86824,-32.02703],[115.86573,-32.02645],[115.8634,-32.02767],[115.86235,-32.0299],[115.86304,-32.03171],[115.86147,-32.03345],[115.85726,-32.03117],[115.85733,-32.03023],[115.85923,-32.03017],[115.86029,-32.02877],[115.85982,-32.02609],[115.85593,-32.01929],[115.85672,-32.01695],[115.86265,-32.01706],[115.86279,-32.02013],[115.87678,-32.01974],[115.87803,-32.02097],[115.8765,-32.02207],[115.8749,-32.02546],[115.87367,-32.03105],[115.87089,-32.02804],[115.86824,-32.02703]]]},"properties":{"state":"WA","src":"WA-OpenStats","suburb":"Salter Point","crime_index":28.7,"violent_pct":6.39,"dwelling_pct":48.53,"motor_pct":31.2,"rate_per100k":28.7,"year":"FY 2022-23 & 2023-24 (avg)","crime_band":2}},{"type":"Feature","geometry":{"type":"Polygon","coordinates":[[[115.79734,-32.07466],[115.79195,-32.07471],[115.79206,-32.0709],[115.79385,-32.06386],[115.80328,-32.06603],[115.80321,-32.07468],[115.79734,-32.07466]]]},"properties":{"state":"WA","src":"WA-OpenStats","suburb":"Samson","crime_index":53.9,"violent_pct":29.44,"dwelling_pct":61.42,"motor_pct":70.73,"rate_per100k":53.9,"year":"FY 2022-23 & 2023-24 (avg)","crime_band":4}},{"type":"Feature","geometry":{"type":"Polygon","coordinates":[[[115.74687,-32.49228],[115.74424,-32.49696],[115.7398,-32.49695],[115.74436,-32.48248],[115.74851,-32.48245],[115.7478,-32.4863],[115.74889,-32.48696],[115.7493,-32.48844],[115.74687,-32.49228]]]},"properties":{"state":"WA","src":"WA-OpenStats","suburb":"San Remo (WA)","crime_index":28.5,"violent_pct":16.14,"dwelling_pct":68.15,"motor_pct":1.13,"rate_per100k":28.5,"year":"FY 2022-23 & 2023-24 (avg)","crime_band":2}},{"type":"Feature","geometry":{"type":"Polygon","coordinates":[[[116.20582,-31.88745],[116.20656,-31.88744],[116.20914,-31.88226],[116.21134,-31.88292],[116.21455,-31.88734],[116.22649,-31.88731],[116.22653,-31.89399],[116.23242,-31.89],[116.23777,-31.88985],[116.23778,-31.88401],[116.24257,-31.88404],[116.25115,-31.87836],[116.25639,-31.87614],[116.25404,-31.87244],[116.2589,-31.86887],[116.25844,-31.86571],[116.26561,-31.86358],[116.26574,-31.86433],[116.27024,-31.86642],[116.2751,-31.87503],[116.2751,-31.87972],[116.27699,-31.88002],[116.27601,-31.88273],[116.27814,-31.88544],[116.2786,-31.89177],[116.28077,-31.89845],[116.28098,-31.90555],[116.28409,-31.90853],[116.2854,-31.90859],[116.28499,-31.9097],[116.28635,-31.91307],[116.28987,-31.91689],[116.29158,-31.92061],[116.29636,-31.9228],[116.2952,-31.92514],[116.29822,-31.92555],[116.29972,-31.92761],[116.29912,-31.92984],[116.30265,-31.93313],[116.30348,-31.93495],[116.30096,-31.93785],[116.2995,-31.96316],[116.30337,-31.96331],[116.30257,-32.02319],[116.32375,-32.02343],[116.32347,-32.06255],[116.28889,-32.06214],[116.28593,-32.05834],[116.28161,-32.0581],[116.28042,-32.05592],[116.27749,-32.05384],[116.27675,-32.05142],[116.2737,-32.05048],[116.27454,-32.04641],[116.27222,-32.04203],[116.26772,-32.03883],[116.26603,-32.03671],[116.2625,-32.03535],[116.25708,-32.02957],[116.25586,-32.0277],[116.25669,-32.02449],[116.25418,-32.02082],[116.25042,-32.01963],[116.24934,-32.02099],[116.24582,-32.02176],[116.23755,-32.01573],[116.23549,-32.01392],[116.23556,-32.00965],[116.23316,-32.00757],[116.23166,-32.00807],[116.23057,-32.00747],[116.22781,-32.00407],[116.22622,-32.00343],[116.22304,-31.99841],[116.21969,-31.99839],[116.21865,-31.99958],[116.21955,-31.99799],[116.22098,-31.99723],[116.22121,-31.99599],[116.21768,-31.99638],[116.21636,-31.99469],[116.21366,-31.99518],[116.21325,-31.99386],[116.21177,-31.9935],[116.21237,-31.98913],[116.21027,-31.98836],[116.20923,-31.9889],[116.20931,-31.98725],[116.20724,-31.98589],[116.20783,-31.9851],[116.20619,-31.98333],[116.20718,-31.98238],[116.2069,-31.98176],[116.20351,-31.98236],[116.20209,-31.9796],[116.19769,-31.97916],[116.19832,-31.97788],[116.19705,-31.97707],[116.19387,-31.97796],[116.19405,-31.979],[116.19223,-31.97838],[116.19033,-31.97905],[116.19118,-31.97783],[116.19303,-31.97793],[116.19346,-31.9767],[116.19115,-31.97352],[116.18919,-31.973],[116.1899,-31.97192],[116.19093,-31.97233],[116.19117,-31.97142],[116.18686,-31.96856],[116.18531,-31.96931],[116.18248,-31.96806],[116.17792,-31.97003],[116.17724,-31.96969],[116.17812,-31.96764],[116.17656,-31.96514],[116.17155,-31.96595],[116.17012,-31.96942],[116.16973,-31.96761],[116.16877,-31.96752],[116.16946,-31.96731],[116.16976,-31.96455],[116.17097,-31.9638],[116.17146,-31.9622],[116.16511,-31.95775],[116.16516,-31.95565],[116.1692,-31.95248],[116.18306,-31.95284],[116.1831,-31.94623],[116.17936,-31.94621],[116.17921,-31.9455],[116.18052,-31.94368],[116.18068,-31.94173],[116.18209,-31.94172],[116.18279,-31.93991],[116.18351,-31.93983],[116.19328,-31.94098],[116.199,-31.9376],[116.19687,-31.93471],[116.20376,-31.93472],[116.20377,-31.92898],[116.1951,-31.92894],[116.19184,-31.92773],[116.18849,-31.92792],[116.18508,-31.92681],[116.18509,-31.9259],[116.18915,-31.92645],[116.18916,-31.92536],[116.18738,-31.92536],[116.18739,-31.92299],[116.18633,-31.92299],[116.18633,-31.91936],[116.18421,-31.91935],[116.18421,-31.91754],[116.18256,-31.91753],[116.1803,-31.90795],[116.18336,-31.90839],[116.18444,-31.90379],[116.18249,-31.90356],[116.18201,-31.90254],[116.18177,-31.89565],[116.18308,-31.89563],[116.18242,-31.89494],[116.18243,-31.88821],[116.20582,-31.88745]]]},"properties":{"state":"WA","src":"WA-OpenStats","suburb":"Sawyers Valley","crime_index":13.1,"violent_pct":17.92,"dwelling_pct":20.18,"motor_pct":1.13,"rate_per100k":13.1,"year":"FY 2022-23 & 2023-24 (avg)","crime_band":1}},{"type":"Feature","geometry":{"type":"Polygon","coordinates":[[[115.77595,-31.88784],[115.77686,-31.89981],[115.77685,-31.90087],[115.77602,-31.90088],[115.77604,-31.90721],[115.75506,-31.90817],[115.75525,-31.90209],[115.75372,-31.88725],[115.75648,-31.88729],[115.75729,-31.88826],[115.75869,-31.88697],[115.76056,-31.88737],[115.76006,-31.88598],[115.76096,-31.88482],[115.75998,-31.88349],[115.76082,-31.88348],[115.76461,-31.88509],[115.77596,-31.88522],[115.77595,-31.88784]]]},"properties":{"state":"WA","src":"WA-OpenStats","suburb":"Scarborough (WA)","crime_index":61.8,"violent_pct":59.51,"dwelling_pct":51.58,"motor_pct":74.22,"rate_per100k":61.8,"year":"FY 2022-23 & 2023-24 (avg)","crime_band":4}},{"type":"Feature","geometry":{"type":"Polygon","coordinates":[[[115.76789,-32.41693],[115.76342,-32.41753],[115.7633,-32.41693],[115.74673,-32.4169],[115.74616,-32.40947],[115.74415,-32.40399],[115.73772,-32.39546],[115.77198,-32.39541],[115.77182,-32.40051],[115.77476,-32.40822],[115.77374,-32.41325],[115.77425,-32.41694],[115.76789,-32.41693]]]},"properties":{"state":"WA","src":"WA-OpenStats","suburb":"Secret Harbour","crime_index":40.6,"violent_pct":34.89,"dwelling_pct":44.74,"motor_pct":42.1,"rate_per100k":40.6,"year":"FY 2022-23 & 2023-24 (avg)","crime_band":3}},{"type":"Feature","geometry":{"type":"Polygon","coordinates":[[[115.97496,-32.35142],[115.97937,-32.34309],[116.0006,-32.34307],[116.00032,-32.34734],[116.00716,-32.34649],[116.00937,-32.35057],[116.01619,-32.34854],[116.01883,-32.34854],[116.01881,-32.35201],[116.02227,-32.3548],[116.02399,-32.35844],[116.02421,-32.36094],[116.02897,-32.36099],[116.03645,-32.35921],[116.03907,-32.36077],[116.03928,-32.36409],[116.04004,-32.36464],[116.04135,-32.36381],[116.04302,-32.36082],[116.04643,-32.36023],[116.04716,-32.35875],[116.04879,-32.35996],[116.05053,-32.35873],[116.05505,-32.36193],[116.05703,-32.36656],[116.05675,-32.36787],[116.0579,-32.36911],[116.05202,-32.36909],[116.05201,-32.37159],[116.05556,-32.3716],[116.05556,-32.37495],[116.06059,-32.37495],[116.06084,-32.37315],[116.06312,-32.37391],[116.06988,-32.3829],[116.07644,-32.38609],[116.07775,-32.38786],[116.07624,-32.38926],[116.07616,-32.39032],[116.08323,-32.39749],[116.08462,-32.40135],[116.08655,-32.40075],[116.08821,-32.40143],[116.0906,-32.40304],[116.09228,-32.40628],[116.09529,-32.4031],[116.09792,-32.40243],[116.0985,-32.40152],[116.10092,-32.40274],[116.09766,-32.40535],[116.09746,-32.40679],[116.09813,-32.40832],[116.10416,-32.4145],[116.10332,-32.42332],[116.09975,-32.42919],[116.09735,-32.43088],[116.09114,-32.43278],[116.08476,-32.43247],[116.0744,-32.43826],[116.0584,-32.43977],[116.05271,-32.43634],[116.05238,-32.43197],[116.04794,-32.42959],[116.0441,-32.41815],[116.04263,-32.41654],[116.03431,-32.41507],[116.02684,-32.41052],[116.02291,-32.40981],[116.01997,-32.41192],[116.0159,-32.41338],[116.01202,-32.41343],[116.01009,-32.41265],[116.01009,-32.41345],[115.9999,-32.41285],[115.99767,-32.40586],[115.99386,-32.40444],[115.98999,-32.41124],[115.95337,-32.41113],[115.95304,-32.39334],[115.93593,-32.3847],[115.91848,-32.38507],[115.91495,-32.38354],[115.91845,-32.38163],[115.92561,-32.3743],[115.92175,-32.37433],[115.92102,-32.34923],[115.92691,-32.3492],[115.927,-32.33253],[115.92969,-32.33359],[115.92965,-32.33451],[115.93135,-32.3346],[115.93114,-32.33584],[115.93361,-32.33797],[115.93555,-32.33822],[115.93378,-32.33946],[115.93602,-32.34136],[115.94013,-32.34106],[115.94106,-32.33986],[115.94363,-32.33922],[115.9479,-32.34047],[115.95055,-32.33913],[115.95279,-32.33959],[115.95493,-32.33848],[115.95862,-32.33941],[115.96246,-32.34502],[115.96431,-32.34649],[115.96617,-32.3468],[115.96885,-32.34497],[115.97071,-32.34886],[115.97282,-32.3487],[115.97293,-32.35012],[115.97496,-32.35142]]]},"properties":{"state":"WA","src":"WA-OpenStats","suburb":"Serpentine (WA)","crime_index":39.4,"violent_pct":29.91,"dwelling_pct":55.04,"motor_pct":33.13,"rate_per100k":39.4,"year":"FY 2022-23 & 2023-24 (avg)","crime_band":3}},{"type":"Feature","geometry":{"type":"Polygon","coordinates":[[[115.99802,-32.14011],[115.99087,-32.14596],[115.9909,-32.14709],[115.97812,-32.14717],[115.97601,-32.14531],[115.97744,-32.14208],[115.97633,-32.14114],[115.97888,-32.13867],[115.98267,-32.13108],[115.98915,-32.12169],[115.9949,-32.12481],[116.00541,-32.13381],[115.99802,-32.14011]]]},"properties":{"state":"WA","src":"WA-OpenStats","suburb":"Seville Grove","crime_index":62.7,"violent_pct":71.25,"dwelling_pct":56.91,"motor_pct":59.92,"rate_per100k":62.7,"year":"FY 2022-23 & 2023-24 (avg)","crime_band":4}},{"type":"Feature","geometry":{"type":"Polygon","coordinates":[[[115.88665,-32.03377],[115.88531,-32.03338],[115.87419,-32.04111],[115.87339,-32.04023],[115.87322,-32.03956],[115.87574,-32.03953],[115.87577,-32.03854],[115.87479,-32.03854],[115.8745,-32.03537],[115.87318,-32.03538],[115.87321,-32.03207],[115.87646,-32.03224],[115.87812,-32.03162],[115.87909,-32.03012],[115.88119,-32.0296],[115.88317,-32.02705],[115.88206,-32.02554],[115.88336,-32.0242],[115.88554,-32.02482],[115.88878,-32.02405],[115.89198,-32.02267],[115.89357,-32.02034],[115.8984,-32.02333],[115.90108,-32.02309],[115.90074,-32.02784],[115.8948,-32.02793],[115.8948,-32.02928],[115.89333,-32.02927],[115.89331,-32.03062],[115.88957,-32.03061],[115.88954,-32.03378],[115.88665,-32.03377]]]},"properties":{"state":"WA","src":"WA-OpenStats","suburb":"Shelley (WA)","crime_index":23.0,"violent_pct":5.91,"dwelling_pct":57.19,"motor_pct":5.97,"rate_per100k":23.0,"year":"FY 2022-23 & 2023-24 (avg)","crime_band":2}},{"type":"Feature","geometry":{"type":"Polygon","coordinates":[[[115.80415,-31.94687],[115.80415,-31.95127],[115.80555,-31.95641],[115.82673,-31.95652],[115.81832,-31.9646],[115.8027,-31.96438],[115.79599,-31.96201],[115.7984,-31.95723],[115.79114,-31.95719],[115.79179,-31.9475],[115.80141,-31.94785],[115.80415,-31.94687]]]},"properties":{"state":"WA","src":"WA-OpenStats","suburb":"Shenton Park","crime_index":31.5,"violent_pct":16.38,"dwelling_pct":50.83,"motor_pct":27.23,"rate_per100k":31.5,"year":"FY 2022-23 & 2023-24 (avg)","crime_band":3}},{"type":"Feature","geometry":{"type":"MultiPolygon","coordinates":[[[[115.68948,-32.30376],[115.69028,-32.3018],[115.69102,-32.30455],[115.69469,-32.30538],[115.69197,-32.30612],[115.69079,-32.30729],[115.69126,-32.30848],[115.69003,-32.30906],[115.68948,-32.30376]]],[[[115.7254,-32.29687],[115.72704,-32.29762],[115.71055,-32.2979],[115.70893,-32.29974],[115.71,-32.30448],[115.70506,-32.30562],[115.70153,-32.3052],[115.70126,-32.30382],[115.70356,-32.29886],[115.70316,-32.2967],[115.70099,-32.29318],[115.70259,-32.28932],[115.70285,-32.28624],[115.71146,-32.28623],[115.71149,-32.28707],[115.71499,-32.29012],[115.72108,-32.29473],[115.7254,-32.29687]]],[[[115.69072,-32.29348],[115.6896,-32.29273],[115.69083,-32.29191],[115.69109,-32.29275],[115.69072,-32.29348]]]]},"properties":{"state":"WA","src":"WA-OpenStats","suburb":"Shoalwater (WA)","crime_index":62.0,"violent_pct":43.21,"dwelling_pct":75.97,"motor_pct":66.76,"rate_per100k":62.0,"year":"FY 2022-23 & 2023-24 (avg)","crime_band":4}},{"type":"Feature","geometry":{"type":"Polygon","coordinates":[[[115.73704,-32.51171],[115.73073,-32.51996],[115.72691,-32.51721],[115.73425,-32.5073],[115.73543,-32.50459],[115.7366,-32.50436],[115.7398,-32.49695],[115.74424,-32.49696],[115.74157,-32.50446],[115.73704,-32.51171]]]},"properties":{"state":"WA","src":"WA-OpenStats","suburb":"Silver Sands","crime_index":74.0,"violent_pct":55.4,"dwelling_pct":92.54,"motor_pct":74.05,"rate_per100k":74.0,"year":"FY 2022-23 & 2023-24 (avg)","crime_band":5}},{"type":"Feature","geometry":{"type":"Polygon","coordinates":[[[115.80877,-31.73354],[115.80875,-31.73733],[115.81394,-31.73705],[115.81384,-31.74849],[115.81091,-31.75031],[115.81091,-31.74616],[115.79976,-31.74615],[115.79628,-31.74042],[115.80089,-31.73811],[115.80389,-31.73354],[115.80877,-31.73354]]]},"properties":{"state":"WA","src":"WA-OpenStats","suburb":"Sinagra","crime_index":12.1,"violent_pct":10.27,"dwelling_pct":12.26,"motor_pct":13.79,"rate_per100k":12.1,"year":"FY 2022-23 & 2023-24 (avg)","crime_band":1}},{"type":"Feature","geometry":{"type":"Polygon","coordinates":[[[115.75435,-32.45563],[115.74783,-32.45563],[115.74888,-32.44427],[115.75019,-32.4398],[115.74982,-32.43376],[115.7704,-32.43376],[115.76847,-32.43615],[115.76395,-32.44549],[115.76181,-32.45562],[115.75435,-32.45563]]]},"properties":{"state":"WA","src":"WA-OpenStats","suburb":"Singleton (WA)","crime_index":40.7,"violent_pct":32.46,"dwelling_pct":40.31,"motor_pct":49.18,"rate_per100k":40.7,"year":"FY 2022-23 & 2023-24 (avg)","crime_band":3}},{"type":"Feature","geometry":{"type":"Polygon","coordinates":[[[115.76281,-31.83477],[115.76142,-31.83472],[115.76134,-31.83819],[115.74915,-31.83779],[115.74828,-31.83466],[115.7425,-31.82654],[115.74331,-31.82614],[115.74192,-31.82193],[115.75159,-31.81803],[115.76108,-31.81669],[115.76172,-31.82479],[115.76112,-31.82494],[115.76462,-31.83306],[115.76468,-31.83481],[115.76281,-31.83477]]]},"properties":{"state":"WA","src":"WA-OpenStats","suburb":"Sorrento (WA)","crime_index":20.8,"violent_pct":3.29,"dwelling_pct":30.24,"motor_pct":28.83,"rate_per100k":20.8,"year":"FY 2022-23 & 2023-24 (avg)","crime_band":2}},{"type":"Feature","geometry":{"type":"Polygon","coordinates":[[[115.75787,-32.07013],[115.75891,-32.07294],[115.76124,-32.07565],[115.76111,-32.08212],[115.75785,-32.08212],[115.75784,-32.07817],[115.75107,-32.07814],[115.75061,-32.07142],[115.74979,-32.07063],[115.74689,-32.0702],[115.74525,-32.06925],[115.74405,-32.06803],[115.74264,-32.0648],[115.74461,-32.06843],[115.7462,-32.06968],[115.74936,-32.07051],[115.74977,-32.06896],[115.74889,-32.06884],[115.74833,-32.06653],[115.74613,-32.06528],[115.74509,-32.06496],[115.74465,-32.06603],[115.74423,-32.06597],[115.74495,-32.06489],[115.74377,-32.06445],[115.74262,-32.06229],[115.74403,-32.06441],[115.74795,-32.06554],[115.74882,-32.06395],[115.75002,-32.06362],[115.75699,-32.06355],[115.75787,-32.07013]]]},"properties":{"state":"WA","src":"WA-OpenStats","suburb":"South Fremantle","crime_index":82.8,"violent_pct":66.07,"dwelling_pct":85.18,"motor_pct":97.18,"rate_per100k":82.8,"year":"FY 2022-23 & 2023-24 (avg)","crime_band":5}},{"type":"Feature","geometry":{"type":"Polygon","coordinates":[[[115.98958,-31.89744],[115.98925,-31.90812],[115.99194,-31.91762],[115.98518,-31.91758],[115.98166,-31.92192],[115.97562,-31.92073],[115.97412,-31.91946],[115.97601,-31.91789],[115.97357,-31.91576],[115.97166,-31.91586],[115.96406,-31.91911],[115.96455,-31.92032],[115.96293,-31.9217],[115.96146,-31.92043],[115.96062,-31.9207],[115.96042,-31.92204],[115.95809,-31.92403],[115.95666,-31.92442],[115.95506,-31.92306],[115.95601,-31.92223],[115.95378,-31.92035],[115.95585,-31.9169],[115.95944,-31.9146],[115.96394,-31.91001],[115.96409,-31.90738],[115.96319,-31.90732],[115.96344,-31.90993],[115.96279,-31.91067],[115.96213,-31.90824],[115.96356,-31.90443],[115.97025,-31.90665],[115.97413,-31.90416],[115.98529,-31.90114],[115.98626,-31.89951],[115.98586,-31.89721],[115.98742,-31.89721],[115.98741,-31.89446],[115.98893,-31.89537],[115.98958,-31.89744]]]},"properties":{"state":"WA","src":"WA-OpenStats","suburb":"South Guildford","crime_index":72.6,"violent_pct":69.82,"dwelling_pct":78.62,"motor_pct":69.26,"rate_per100k":72.6,"year":"FY 2022-23 & 2023-24 (avg)","crime_band":4}},{"type":"Feature","geometry":{"type":"Polygon","coordinates":[[[115.85055,-32.1081],[115.85062,-32.11007],[115.84615,-32.11068],[115.84609,-32.11722],[115.84399,-32.11923],[115.83503,-32.11449],[115.82591,-32.10645],[115.82922,-32.10425],[115.83708,-32.10145],[115.84865,-32.09519],[115.85055,-32.1081]]]},"properties":{"state":"WA","src":"WA-OpenStats","suburb":"South Lake","crime_index":68.8,"violent_pct":74.47,"dwelling_pct":62.79,"motor_pct":69.15,"rate_per100k":68.8,"year":"FY 2022-23 & 2023-24 (avg)","crime_band":4}},{"type":"Feature","geometry":{"type":"Polygon","coordinates":[[[115.87269,-31.97092],[115.87872,-31.97099],[115.88335,-31.97498],[115.88263,-31.97559],[115.882,-31.97506],[115.8709,-31.98857],[115.85306,-31.98849],[115.84756,-31.97949],[115.84731,-31.97316],[115.84485,-31.96583],[115.84622,-31.96435],[115.84838,-31.96462],[115.85221,-31.97044],[115.86306,-31.97456],[115.86733,-31.97403],[115.87269,-31.97092]]]},"properties":{"state":"WA","src":"WA-OpenStats","suburb":"South Perth","crime_index":66.8,"violent_pct":33.27,"dwelling_pct":82.85,"motor_pct":84.25,"rate_per100k":66.8,"year":"FY 2022-23 & 2023-24 (avg)","crime_band":4}},{"type":"Feature","geometry":{"type":"Polygon","coordinates":[[[115.77592,-32.60039],[115.77722,-32.59923],[115.77691,-32.59728],[115.77751,-32.59633],[115.77682,-32.59414],[115.76755,-32.59173],[115.76516,-32.5926],[115.7629,-32.59076],[115.76218,-32.5878],[115.76563,-32.58603],[115.76505,-32.58211],[115.76626,-32.58157],[115.76475,-32.58106],[115.764,-32.57961],[115.76053,-32.57876],[115.75994,-32.5747],[115.76243,-32.5736],[115.76332,-32.57528],[115.76637,-32.57612],[115.77289,-32.57371],[115.77793,-32.57669],[115.78116,-32.58096],[115.78571,-32.58164],[115.79603,-32.57864],[115.80942,-32.57702],[115.81329,-32.57208],[115.81461,-32.57197],[115.81463,-32.61386],[115.80392,-32.6152],[115.80399,-32.62652],[115.80643,-32.62651],[115.8066,-32.6336],[115.80197,-32.63367],[115.80211,-32.64295],[115.78563,-32.64322],[115.78271,-32.64235],[115.7827,-32.62144],[115.78851,-32.62132],[115.7885,-32.61978],[115.78206,-32.61981],[115.78203,-32.61519],[115.77319,-32.61523],[115.77436,-32.61018],[115.77427,-32.6015],[115.77592,-32.60039]]]},"properties":{"state":"WA","src":"WA-OpenStats","suburb":"South Yunderup","crime_index":30.8,"violent_pct":39.54,"dwelling_pct":19.58,"motor_pct":33.37,"rate_per100k":30.8,"year":"FY 2022-23 & 2023-24 (avg)","crime_band":3}},{"type":"Feature","geometry":{"type":"Polygon","coordinates":[[[115.95223,-32.08352],[115.95914,-32.09343],[115.95874,-32.09376],[115.96593,-32.09918],[115.97386,-32.09246],[115.98323,-32.09582],[115.98253,-32.09719],[115.98003,-32.09749],[115.97814,-32.0991],[115.98113,-32.10163],[115.97463,-32.10714],[115.98395,-32.11515],[115.97234,-32.12495],[115.96315,-32.13117],[115.95945,-32.12829],[115.96087,-32.12712],[115.96039,-32.12665],[115.9309,-32.1002],[115.95163,-32.08275],[115.95223,-32.08352]]]},"properties":{"state":"WA","src":"WA-OpenStats","suburb":"Southern River","crime_index":28.8,"violent_pct":17.09,"dwelling_pct":35.86,"motor_pct":33.59,"rate_per100k":28.8,"year":"FY 2022-23 & 2023-24 (avg)","crime_band":2}},{"type":"Feature","geometry":{"type":"Polygon","coordinates":[[[115.78393,-32.11667],[115.78275,-32.11667],[115.78302,-32.12029],[115.77716,-32.12033],[115.777,-32.11826],[115.77503,-32.11579],[115.77537,-32.10172],[115.76704,-32.10009],[115.76394,-32.09636],[115.76402,-32.09446],[115.76927,-32.09446],[115.76923,-32.09392],[115.77305,-32.09347],[115.79856,-32.09367],[115.79852,-32.10096],[115.79479,-32.10745],[115.79486,-32.11661],[115.78393,-32.11667]]]},"properties":{"state":"WA","src":"WA-OpenStats","suburb":"Spearwood","crime_index":72.2,"violent_pct":62.97,"dwelling_pct":73.8,"motor_pct":79.73,"rate_per100k":72.2,"year":"FY 2022-23 & 2023-24 (avg)","crime_band":4}},{"type":"Feature","geometry":{"type":"Polygon","coordinates":[[[115.91071,-31.99227],[115.9127,-31.99367],[115.91561,-31.99389],[115.9179,-31.99703],[115.92068,-31.99713],[115.91738,-31.99996],[115.91834,-32.00103],[115.9115,-32.00672],[115.91031,-32.00502],[115.90569,-32.00653],[115.90218,-32.00649],[115.90265,-32.00209],[115.90439,-31.9977],[115.91071,-31.99227]]]},"properties":{"state":"WA","src":"WA-OpenStats","suburb":"St James (WA)","crime_index":89.1,"violent_pct":79.32,"dwelling_pct":96.74,"motor_pct":91.34,"rate_per100k":89.1,"year":"FY 2022-23 & 2023-24 (avg)","crime_band":6}},{"type":"Feature","geometry":{"type":"Polygon","coordinates":[[[115.81926,-31.87897],[115.8176,-31.88083],[115.82287,-31.88084],[115.81991,-31.88579],[115.82016,-31.89025],[115.82286,-31.89012],[115.8238,-31.89193],[115.82288,-31.89454],[115.81992,-31.89536],[115.82365,-31.89938],[115.82067,-31.90175],[115.81683,-31.89827],[115.80698,-31.89563],[115.80281,-31.89206],[115.8011,-31.88589],[115.80049,-31.87987],[115.80119,-31.86797],[115.80743,-31.8666],[115.80445,-31.87362],[115.80997,-31.87365],[115.81006,-31.87637],[115.82078,-31.87641],[115.81926,-31.87897]]]},"properties":{"state":"WA","src":"WA-OpenStats","suburb":"Stirling (WA)","crime_index":37.7,"violent_pct":24.8,"dwelling_pct":51.64,"motor_pct":36.68,"rate_per100k":37.7,"year":"FY 2022-23 & 2023-24 (avg)","crime_band":3}},{"type":"Feature","geometry":{"type":"Polygon","coordinates":[[[116.1842,-31.87986],[116.18422,-31.88821],[116.18243,-31.88821],[116.18242,-31.89494],[116.18179,-31.8941],[116.1775,-31.89411],[116.1775,-31.89266],[116.18049,-31.89266],[116.18054,-31.89012],[116.17557,-31.88573],[116.17258,-31.88418],[116.15714,-31.88418],[116.15764,-31.87603],[116.15687,-31.87603],[116.15677,-31.87162],[116.16227,-31.87143],[116.16227,-31.86597],[116.16132,-31.86597],[116.16132,-31.86333],[116.13999,-31.86328],[116.13884,-31.86055],[116.14086,-31.85642],[116.13498,-31.83843],[116.18523,-31.8384],[116.18529,-31.85765],[116.18755,-31.85955],[116.18761,-31.86147],[116.18503,-31.86154],[116.18503,-31.86337],[116.18401,-31.86337],[116.18402,-31.8753],[116.18551,-31.87538],[116.1855,-31.87972],[116.1842,-31.87986]]]},"properties":{"state":"WA","src":"WA-OpenStats","suburb":"Stoneville","crime_index":12.2,"violent_pct":11.27,"dwelling_pct":4.77,"motor_pct":20.41,"rate_per100k":12.2,"year":"FY 2022-23 & 2023-24 (avg)","crime_band":1}},{"type":"Feature","geometry":{"type":"Polygon","coordinates":[[[116.038,-31.87316],[116.03111,-31.87267],[116.02967,-31.87538],[116.02846,-31.87564],[116.02836,-31.87052],[116.02705,-31.86779],[116.03302,-31.86496],[116.03639,-31.86142],[116.04576,-31.86179],[116.052,-31.86593],[116.05235,-31.87371],[116.038,-31.87316]]]},"properties":{"state":"WA","src":"WA-OpenStats","suburb":"Stratton","crime_index":82.9,"violent_pct":89.16,"dwelling_pct":68.03,"motor_pct":91.37,"rate_per100k":82.9,"year":"FY 2022-23 & 2023-24 (avg)","crime_band":5}},{"type":"Feature","geometry":{"type":"Polygon","coordinates":[[[115.82345,-31.9421],[115.82512,-31.94252],[115.82518,-31.94072],[115.82764,-31.94071],[115.82764,-31.94355],[115.836,-31.94256],[115.84164,-31.94348],[115.82673,-31.95652],[115.80755,-31.95626],[115.81958,-31.94708],[115.81479,-31.94711],[115.81425,-31.94412],[115.81274,-31.94409],[115.81275,-31.94201],[115.82345,-31.9421]]]},"properties":{"state":"WA","src":"WA-OpenStats","suburb":"Subiaco","crime_index":54.3,"violent_pct":43.69,"dwelling_pct":68.32,"motor_pct":50.79,"rate_per100k":54.3,"year":"FY 2022-23 & 2023-24 (avg)","crime_band":4}},{"type":"Feature","geometry":{"type":"Polygon","coordinates":[[[115.84977,-32.15854],[115.84645,-32.1594],[115.8464,-32.16],[115.84207,-32.16041],[115.84156,-32.14352],[115.84078,-32.142],[115.83655,-32.13857],[115.83735,-32.13667],[115.84168,-32.13259],[115.8421,-32.1298],[115.83854,-32.12992],[115.83855,-32.12745],[115.83696,-32.12645],[115.83695,-32.12508],[115.84859,-32.1292],[115.85941,-32.12764],[115.86008,-32.14725],[115.85738,-32.1574],[115.8525,-32.15682],[115.84977,-32.15854]]]},"properties":{"state":"WA","src":"WA-OpenStats","suburb":"Success","crime_index":50.1,"violent_pct":60.81,"dwelling_pct":47.06,"motor_pct":42.5,"rate_per100k":50.1,"year":"FY 2022-23 & 2023-24 (avg)","crime_band":3}},{"type":"Feature","geometry":{"type":"Polygon","coordinates":[[[116.05875,-31.8737],[116.05875,-31.86761],[116.07055,-31.86757],[116.07054,-31.87382],[116.06774,-31.87382],[116.06773,-31.87691],[116.06497,-31.87763],[116.0658,-31.87883],[116.06773,-31.87895],[116.06773,-31.88077],[116.06506,-31.88305],[116.06505,-31.88669],[116.06748,-31.88669],[116.06846,-31.88879],[116.06747,-31.8914],[116.06743,-31.89572],[116.06433,-31.89382],[116.06401,-31.89442],[116.05793,-31.89396],[116.0502,-31.89516],[116.04639,-31.89334],[116.04173,-31.89381],[116.03561,-31.89668],[116.03768,-31.89481],[116.0384,-31.89207],[116.03614,-31.88593],[116.03516,-31.87666],[116.03365,-31.87276],[116.04172,-31.8738],[116.05875,-31.8737]]]},"properties":{"state":"WA","src":"WA-OpenStats","suburb":"Swan View","crime_index":78.9,"violent_pct":74.11,"dwelling_pct":80.76,"motor_pct":81.86,"rate_per100k":78.9,"year":"FY 2022-23 & 2023-24 (avg)","crime_band":5}},{"type":"Feature","geometry":{"type":"Polygon","coordinates":[[[115.76841,-31.98352],[115.76684,-31.9846],[115.76685,-31.982],[115.75282,-31.98197],[115.75426,-31.97382],[115.75397,-31.9514],[115.76197,-31.95479],[115.76338,-31.96264],[115.77191,-31.96268],[115.77185,-31.97026],[115.77722,-31.96989],[115.77723,-31.97093],[115.77877,-31.97117],[115.7777,-31.97388],[115.77874,-31.97747],[115.7772,-31.97744],[115.77734,-31.98134],[115.77389,-31.98163],[115.76841,-31.98352]]]},"properties":{"state":"WA","src":"WA-OpenStats","suburb":"Swanbourne","crime_index":21.3,"violent_pct":10.3,"dwelling_pct":35.93,"motor_pct":17.61,"rate_per100k":21.3,"year":"FY 2022-23 & 2023-24 (avg)","crime_band":2}},{"type":"Feature","geometry":{"type":"Polygon","coordinates":[[[115.80237,-31.72786],[115.78852,-31.72778],[115.78461,-31.72016],[115.78055,-31.7165],[115.78927,-31.71284],[115.79673,-31.71217],[115.79931,-31.71081],[115.80201,-31.70802],[115.80463,-31.71088],[115.80589,-31.71528],[115.80549,-31.72786],[115.80237,-31.72786]]]},"properties":{"state":"WA","src":"WA-OpenStats","suburb":"Tapping","crime_index":15.4,"violent_pct":17.74,"dwelling_pct":23.96,"motor_pct":4.46,"rate_per100k":15.4,"year":"FY 2022-23 & 2023-24 (avg)","crime_band":1}},{"type":"Feature","geometry":{"type":"Polygon","coordinates":[[[116.01638,-31.75569],[116.01434,-31.7587],[116.01409,-31.7631],[116.01574,-31.76597],[116.01642,-31.76948],[116.01596,-31.77035],[116.017,-31.77309],[115.99293,-31.76884],[115.99278,-31.76404],[115.98631,-31.76393],[115.9871,-31.76136],[115.98719,-31.75548],[115.99328,-31.7557],[115.99418,-31.74989],[115.9929,-31.74972],[115.99862,-31.74661],[115.99932,-31.74646],[115.99954,-31.74832],[116.00058,-31.7482],[116.0011,-31.74944],[116.00312,-31.7487],[116.003,-31.74778],[116.007,-31.74795],[116.01076,-31.74692],[116.0112,-31.74806],[116.01627,-31.74709],[116.02374,-31.74707],[116.02473,-31.75197],[116.01833,-31.75196],[116.01832,-31.75568],[116.01638,-31.75569]]]},"properties":{"state":"WA","src":"WA-OpenStats","suburb":"The Vines","crime_index":35.7,"violent_pct":16.65,"dwelling_pct":42.35,"motor_pct":48.13,"rate_per100k":35.7,"year":"FY 2022-23 & 2023-24 (avg)","crime_band":3}},{"type":"Feature","geometry":{"type":"Polygon","coordinates":[[[115.96119,-32.07523],[115.95163,-32.08275],[115.94152,-32.07324],[115.94027,-32.07094],[115.93819,-32.06221],[115.93029,-32.05407],[115.93887,-32.05066],[115.95499,-32.03999],[115.95521,-32.04085],[115.95423,-32.0419],[115.95556,-32.0432],[115.95801,-32.04369],[115.96141,-32.04143],[115.96542,-32.04299],[115.96635,-32.04565],[115.96793,-32.0471],[115.97242,-32.04727],[115.97264,-32.0483],[115.97083,-32.05234],[115.97273,-32.05364],[115.97546,-32.0537],[115.97425,-32.05607],[115.97811,-32.05786],[115.97686,-32.05981],[115.97782,-32.06151],[115.97456,-32.06289],[115.97202,-32.06703],[115.97092,-32.06615],[115.96881,-32.0693],[115.96119,-32.07523]]]},"properties":{"state":"WA","src":"WA-OpenStats","suburb":"Thornlie","crime_index":76.4,"violent_pct":68.05,"dwelling_pct":79.13,"motor_pct":82.09,"rate_per100k":76.4,"year":"FY 2022-23 & 2023-24 (avg)","crime_band":5}},{"type":"Feature","geometry":{"type":"Polygon","coordinates":[[[115.87402,-32.11335],[115.87525,-32.11183],[115.8776,-32.11201],[115.88151,-32.11566],[115.88621,-32.11839],[115.88807,-32.11743],[115.90055,-32.10259],[115.91618,-32.11532],[115.90472,-32.12529],[115.90221,-32.12968],[115.89933,-32.13198],[115.89692,-32.13612],[115.89107,-32.13361],[115.88564,-32.1337],[115.87701,-32.13128],[115.86957,-32.12815],[115.87528,-32.12181],[115.86951,-32.1197],[115.87402,-32.11335]]]},"properties":{"state":"WA","src":"WA-OpenStats","suburb":"Treeby","crime_index":26.1,"violent_pct":12.01,"dwelling_pct":47.3,"motor_pct":19.13,"rate_per100k":26.1,"year":"FY 2022-23 & 2023-24 (avg)","crime_band":2}},{"type":"Feature","geometry":{"type":"Polygon","coordinates":[[[115.76006,-31.88619],[115.76056,-31.88737],[115.75869,-31.88697],[115.75729,-31.88826],[115.75648,-31.88729],[115.75372,-31.88725],[115.75093,-31.87593],[115.75207,-31.87284],[115.75212,-31.86842],[115.75644,-31.86844],[115.75951,-31.86748],[115.75952,-31.86638],[115.76193,-31.86569],[115.76203,-31.86629],[115.76539,-31.86656],[115.76562,-31.87338],[115.76472,-31.87518],[115.76249,-31.87626],[115.76401,-31.87746],[115.76481,-31.87989],[115.76032,-31.88259],[115.75998,-31.88349],[115.76096,-31.88482],[115.76006,-31.88619]]]},"properties":{"state":"WA","src":"WA-OpenStats","suburb":"Trigg","crime_index":44.9,"violent_pct":13.9,"dwelling_pct":44.3,"motor_pct":76.37,"rate_per100k":44.9,"year":"FY 2022-23 & 2023-24 (avg)","crime_band":3}},{"type":"Feature","geometry":{"type":"Polygon","coordinates":[[[115.84281,-31.90225],[115.84404,-31.90541],[115.84249,-31.90606],[115.83749,-31.90603],[115.83728,-31.90513],[115.83463,-31.90512],[115.83463,-31.90603],[115.82954,-31.90601],[115.82955,-31.90782],[115.82891,-31.90782],[115.82894,-31.89756],[115.8296,-31.89756],[115.82961,-31.89657],[115.82828,-31.89656],[115.82832,-31.88888],[115.8376,-31.88886],[115.84281,-31.90225]]]},"properties":{"state":"WA","src":"WA-OpenStats","suburb":"Tuart Hill","crime_index":74.0,"violent_pct":47.83,"dwelling_pct":83.91,"motor_pct":90.3,"rate_per100k":74.0,"year":"FY 2022-23 & 2023-24 (avg)","crime_band":5}},{"type":"Feature","geometry":{"type":"Polygon","coordinates":[[[115.60494,-31.51193],[115.59765,-31.50686],[115.59521,-31.5085],[115.6041,-31.51798],[115.6046,-31.52326],[115.60378,-31.52323],[115.60366,-31.51955],[115.60109,-31.51616],[115.58964,-31.50465],[115.58444,-31.50269],[115.58446,-31.49951],[115.58154,-31.4982],[115.57981,-31.49631],[115.57956,-31.49489],[115.58089,-31.49482],[115.58264,-31.49272],[115.58098,-31.48947],[115.58091,-31.48681],[115.57571,-31.47722],[115.56985,-31.46967],[115.56389,-31.46509],[115.56272,-31.45965],[115.56076,-31.45521],[115.65171,-31.45515],[115.6549,-31.46274],[115.65519,-31.51674],[115.64461,-31.51674],[115.64461,-31.52309],[115.64387,-31.52309],[115.64574,-31.5252],[115.64619,-31.52761],[115.63207,-31.52731],[115.62489,-31.52481],[115.62095,-31.52747],[115.6099,-31.51543],[115.60494,-31.51193]]]},"properties":{"state":"WA","src":"WA-OpenStats","suburb":"Two Rocks","crime_index":46.0,"violent_pct":57.29,"dwelling_pct":42.74,"motor_pct":37.96,"rate_per100k":46.0,"year":"FY 2022-23 & 2023-24 (avg)","crime_band":3}},{"type":"Feature","geometry":{"type":"Polygon","coordinates":[[[115.90188,-31.98014],[115.89569,-31.98561],[115.87872,-31.97099],[115.88276,-31.96958],[115.88666,-31.96709],[115.88997,-31.96928],[115.89368,-31.96993],[115.8973,-31.97202],[115.90046,-31.96899],[115.90681,-31.97623],[115.90188,-31.98014]]]},"properties":{"state":"WA","src":"WA-OpenStats","suburb":"Victoria Park","crime_index":78.9,"violent_pct":58.33,"dwelling_pct":79.97,"motor_pct":98.28,"rate_per100k":78.9,"year":"FY 2022-23 & 2023-24 (avg)","crime_band":5}},{"type":"Feature","geometry":{"type":"Polygon","coordinates":[[[115.99954,-31.88517],[115.99669,-31.88518],[115.99592,-31.88408],[115.99105,-31.88366],[115.99097,-31.88009],[115.99456,-31.87378],[115.99369,-31.87104],[115.99517,-31.86975],[115.99966,-31.86824],[116.00139,-31.86868],[116.00078,-31.87141],[116.00176,-31.87108],[116.0024,-31.87243],[116.00084,-31.87382],[116.00061,-31.87686],[116.00257,-31.87793],[116.00319,-31.87955],[116.00451,-31.87963],[116.00119,-31.88518],[115.99954,-31.88517]]]},"properties":{"state":"WA","src":"WA-OpenStats","suburb":"Viveash","crime_index":25.7,"violent_pct":22.36,"dwelling_pct":45.51,"motor_pct":9.27,"rate_per100k":25.7,"year":"FY 2022-23 & 2023-24 (avg)","crime_band":2}},{"type":"Feature","geometry":{"type":"Polygon","coordinates":[[[115.76224,-32.32581],[115.75228,-32.32629],[115.74921,-32.32556],[115.74708,-32.32803],[115.74397,-32.32904],[115.74312,-32.32697],[115.74228,-32.32745],[115.7391,-32.31978],[115.73975,-32.31937],[115.73905,-32.31726],[115.73745,-32.31602],[115.7392,-32.31508],[115.73857,-32.31408],[115.74236,-32.31205],[115.743,-32.31259],[115.74959,-32.30817],[115.74838,-32.30561],[115.75135,-32.30466],[115.75593,-32.30473],[115.75846,-32.30375],[115.75941,-32.3054],[115.76816,-32.30099],[115.76902,-32.30388],[115.76848,-32.30689],[115.77617,-32.30735],[115.79197,-32.31111],[115.79622,-32.30982],[115.79308,-32.31624],[115.79115,-32.32547],[115.78781,-32.32444],[115.76224,-32.32581]]]},"properties":{"state":"WA","src":"WA-OpenStats","suburb":"Waikiki","crime_index":71.0,"violent_pct":68.6,"dwelling_pct":71.91,"motor_pct":72.52,"rate_per100k":71.0,"year":"FY 2022-23 & 2023-24 (avg)","crime_band":4}},{"type":"Feature","geometry":{"type":"Polygon","coordinates":[[[116.08539,-32.00115],[116.08723,-32.00481],[116.08684,-32.00659],[116.08443,-32.00647],[116.07933,-32.0093],[116.07933,-32.01261],[116.06865,-32.01264],[116.06735,-32.0112],[116.06733,-32.00572],[116.06883,-32.00269],[116.06647,-31.99807],[116.06672,-31.99478],[116.06455,-31.99108],[116.07037,-31.99098],[116.07193,-31.99019],[116.073,-31.98772],[116.07585,-31.98774],[116.07838,-31.98638],[116.07971,-31.98883],[116.07976,-31.99137],[116.0805,-31.99137],[116.08054,-31.99699],[116.0842,-31.99612],[116.08421,-32.00035],[116.08539,-32.00115]]]},"properties":{"state":"WA","src":"WA-OpenStats","suburb":"Walliston","crime_index":16.7,"violent_pct":7.82,"dwelling_pct":27.81,"motor_pct":14.38,"rate_per100k":16.7,"year":"FY 2022-23 & 2023-24 (avg)","crime_band":1}},{"type":"Feature","geometry":{"type":"Polygon","coordinates":[[[115.86313,-32.20822],[115.85708,-32.21084],[115.84999,-32.20999],[115.85669,-32.19464],[115.85746,-32.18878],[115.85719,-32.18063],[115.89856,-32.18023],[115.90069,-32.18201],[115.90075,-32.19309],[115.89869,-32.19412],[115.89714,-32.20207],[115.89502,-32.2039],[115.89293,-32.2051],[115.88965,-32.20525],[115.88535,-32.20394],[115.8835,-32.20421],[115.88282,-32.20477],[115.88419,-32.20878],[115.86313,-32.20822]]]},"properties":{"state":"WA","src":"WA-OpenStats","suburb":"Wandi","crime_index":24.6,"violent_pct":9.45,"dwelling_pct":43.34,"motor_pct":20.87,"rate_per100k":24.6,"year":"FY 2022-23 & 2023-24 (avg)","crime_band":2}},{"type":"Feature","geometry":{"type":"Polygon","coordinates":[[[115.65251,-32.59274],[115.6493,-32.59639],[115.65863,-32.59655],[115.65862,-32.59844],[115.66384,-32.59845],[115.65786,-32.59952],[115.65451,-32.60106],[115.65353,-32.60562],[115.64947,-32.60915],[115.64921,-32.61029],[115.64072,-32.60477],[115.63221,-32.60128],[115.63083,-32.59972],[115.63169,-32.59923],[115.63055,-32.59858],[115.63169,-32.59899],[115.63213,-32.59845],[115.63259,-32.59562],[115.63334,-32.59516],[115.63284,-32.59429],[115.63591,-32.59255],[115.6373,-32.59287],[115.63908,-32.59177],[115.65329,-32.59177],[115.65251,-32.59274]]]},"properties":{"state":"WA","src":"WA-OpenStats","suburb":"Wannanup","crime_index":27.4,"violent_pct":24.72,"dwelling_pct":26.12,"motor_pct":31.31,"rate_per100k":27.4,"year":"FY 2022-23 & 2023-24 (avg)","crime_band":2}},{"type":"Feature","geometry":{"type":"Polygon","coordinates":[[[115.8057,-31.78282],[115.80003,-31.77834],[115.79613,-31.7767],[115.7991,-31.7704],[115.79566,-31.76238],[115.78972,-31.75655],[115.78778,-31.75187],[115.79226,-31.74297],[115.77431,-31.72299],[115.77376,-31.71724],[115.78055,-31.7165],[115.78461,-31.72016],[115.78553,-31.72278],[115.79976,-31.74615],[115.81091,-31.74616],[115.81091,-31.75031],[115.81384,-31.74849],[115.81394,-31.73705],[115.80875,-31.73733],[115.80877,-31.73354],[115.8293,-31.7335],[115.8294,-31.75559],[115.835,-31.7545],[115.84681,-31.75455],[115.84682,-31.75813],[115.84567,-31.7595],[115.84645,-31.78244],[115.84418,-31.78701],[115.8413,-31.78935],[115.83525,-31.78903],[115.82641,-31.78638],[115.82672,-31.78527],[115.82915,-31.78527],[115.82671,-31.78134],[115.82652,-31.76317],[115.80884,-31.7628],[115.81172,-31.76977],[115.80878,-31.77665],[115.80877,-31.78336],[115.8057,-31.78282]]]},"properties":{"state":"WA","src":"WA-OpenStats","suburb":"Wanneroo","crime_index":55.0,"violent_pct":53.75,"dwelling_pct":45.31,"motor_pct":66.05,"rate_per100k":55.0,"year":"FY 2022-23 & 2023-24 (avg)","crime_band":4}},{"type":"Feature","geometry":{"type":"Polygon","coordinates":[[[115.75781,-32.32604],[115.78781,-32.32444],[115.79115,-32.32547],[115.78795,-32.3479],[115.77898,-32.37643],[115.77825,-32.37696],[115.77081,-32.35215],[115.76186,-32.35214],[115.76107,-32.34715],[115.74314,-32.34714],[115.7437,-32.33714],[115.74228,-32.32745],[115.74312,-32.32697],[115.74397,-32.32904],[115.74708,-32.32803],[115.74921,-32.32556],[115.75198,-32.32628],[115.75781,-32.32604]]]},"properties":{"state":"WA","src":"WA-OpenStats","suburb":"Warnbro","crime_index":71.1,"violent_pct":80.25,"dwelling_pct":62.75,"motor_pct":70.37,"rate_per100k":71.1,"year":"FY 2022-23 & 2023-24 (avg)","crime_band":4}},{"type":"Feature","geometry":{"type":"Polygon","coordinates":[[[115.81321,-31.84515],[115.79625,-31.84586],[115.79458,-31.84177],[115.79587,-31.84152],[115.79465,-31.83821],[115.80304,-31.83379],[115.82164,-31.83401],[115.82337,-31.84245],[115.81321,-31.84515]]]},"properties":{"state":"WA","src":"WA-OpenStats","suburb":"Warwick (WA)","crime_index":63.8,"violent_pct":52.64,"dwelling_pct":51.35,"motor_pct":87.53,"rate_per100k":63.8,"year":"FY 2022-23 & 2023-24 (avg)","crime_band":4}},{"type":"Feature","geometry":{"type":"Polygon","coordinates":[[[115.89017,-32.01759],[115.88857,-32.01771],[115.88666,-32.01948],[115.87803,-32.02097],[115.87679,-32.02],[115.87646,-32.01207],[115.89404,-32.01322],[115.89638,-32.01105],[115.89904,-32.01329],[115.89963,-32.0167],[115.89759,-32.01842],[115.89611,-32.01749],[115.89017,-32.01759]]]},"properties":{"state":"WA","src":"WA-OpenStats","suburb":"Waterford (WA)","crime_index":34.7,"violent_pct":6.47,"dwelling_pct":87.92,"motor_pct":9.8,"rate_per100k":34.7,"year":"FY 2022-23 & 2023-24 (avg)","crime_band":3}},{"type":"Feature","geometry":{"type":"Polygon","coordinates":[[[115.75954,-31.84614],[115.76212,-31.84728],[115.76237,-31.84582],[115.76338,-31.84862],[115.76877,-31.8555],[115.76913,-31.858],[115.76323,-31.85702],[115.76325,-31.85308],[115.75846,-31.85307],[115.75845,-31.85398],[115.75781,-31.85398],[115.75781,-31.85316],[115.75137,-31.85327],[115.75081,-31.85048],[115.75168,-31.84833],[115.75102,-31.84619],[115.75954,-31.84614]]]},"properties":{"state":"WA","src":"WA-OpenStats","suburb":"Watermans Bay","crime_index":13.3,"violent_pct":7.94,"dwelling_pct":5.4,"motor_pct":26.46,"rate_per100k":13.3,"year":"FY 2022-23 & 2023-24 (avg)","crime_band":1}},{"type":"Feature","geometry":{"type":"Polygon","coordinates":[[[115.98405,-31.98889],[115.98531,-31.98727],[115.99592,-31.99819],[115.99745,-32.00084],[115.99781,-32.00429],[116.00112,-32.00711],[116.01009,-31.99944],[116.01612,-31.99983],[116.01767,-32.00084],[116.02114,-31.99894],[116.02288,-31.99883],[116.02574,-32.00194],[116.02478,-32.00276],[116.02631,-32.00407],[116.02403,-32.00513],[116.02828,-32.00937],[116.02464,-32.01247],[116.02665,-32.01425],[116.02609,-32.01548],[116.02145,-32.01944],[116.01441,-32.01348],[116.00254,-32.0236],[115.99643,-32.01107],[115.99603,-32.01142],[115.99466,-32.00944],[115.9894,-32.01394],[115.98433,-32.00913],[115.98358,-32.00976],[115.97724,-32.00443],[115.97737,-31.99784],[115.98405,-31.98889]]]},"properties":{"state":"WA","src":"WA-OpenStats","suburb":"Wattle Grove (WA)","crime_index":40.4,"violent_pct":17.34,"dwelling_pct":55.8,"motor_pct":48.16,"rate_per100k":40.4,"year":"FY 2022-23 & 2023-24 (avg)","crime_band":3}},{"type":"Feature","geometry":{"type":"Polygon","coordinates":[[[115.83612,-32.27529],[115.82413,-32.28062],[115.81217,-32.28731],[115.81179,-32.27778],[115.81288,-32.27315],[115.8105,-32.25737],[115.81104,-32.25472],[115.82207,-32.25875],[115.82953,-32.25989],[115.82953,-32.2572],[115.83205,-32.25331],[115.83529,-32.25156],[115.84049,-32.25186],[115.84576,-32.25533],[115.85862,-32.25531],[115.86315,-32.2561],[115.86781,-32.25529],[115.8871,-32.25525],[115.88699,-32.25918],[115.8857,-32.26138],[115.88373,-32.26178],[115.88575,-32.26589],[115.88449,-32.26716],[115.88112,-32.26768],[115.87964,-32.26966],[115.88185,-32.27538],[115.87753,-32.27979],[115.8559,-32.27337],[115.84953,-32.27218],[115.84245,-32.27241],[115.83612,-32.27529]]]},"properties":{"state":"WA","src":"WA-OpenStats","suburb":"Wellard","crime_index":63.6,"violent_pct":45.94,"dwelling_pct":72.8,"motor_pct":72.08,"rate_per100k":63.6,"year":"FY 2022-23 & 2023-24 (avg)","crime_band":4}},{"type":"Feature","geometry":{"type":"Polygon","coordinates":[[[115.8138,-31.92661],[115.81514,-31.92461],[115.81739,-31.92463],[115.81757,-31.92283],[115.82623,-31.92221],[115.83119,-31.92699],[115.83038,-31.92757],[115.83314,-31.93019],[115.83335,-31.93206],[115.83218,-31.93306],[115.82933,-31.93306],[115.82936,-31.93413],[115.82859,-31.93448],[115.82536,-31.93465],[115.82526,-31.93673],[115.82638,-31.93672],[115.82636,-31.94073],[115.82518,-31.94072],[115.82512,-31.94252],[115.80415,-31.94195],[115.80423,-31.92955],[115.80908,-31.92941],[115.8138,-31.92661]]]},"properties":{"state":"WA","src":"WA-OpenStats","suburb":"Wembley","crime_index":28.1,"violent_pct":19.3,"dwelling_pct":30.2,"motor_pct":34.8,"rate_per100k":28.1,"year":"FY 2022-23 & 2023-24 (avg)","crime_band":2}},{"type":"Feature","geometry":{"type":"Polygon","coordinates":[[[115.78453,-31.92197],[115.78415,-31.92278],[115.78574,-31.92509],[115.78877,-31.92683],[115.78895,-31.93295],[115.77222,-31.92841],[115.77258,-31.92607],[115.77127,-31.92423],[115.77127,-31.9218],[115.76607,-31.92178],[115.76619,-31.90716],[115.78138,-31.90725],[115.78155,-31.90824],[115.78571,-31.90825],[115.78577,-31.9202],[115.78453,-31.92197]]]},"properties":{"state":"WA","src":"WA-OpenStats","suburb":"Wembley Downs","crime_index":14.3,"violent_pct":2.59,"dwelling_pct":24.44,"motor_pct":15.97,"rate_per100k":14.3,"year":"FY 2022-23 & 2023-24 (avg)","crime_band":1}},{"type":"Feature","geometry":{"type":"Polygon","coordinates":[[[115.83996,-31.94305],[115.83497,-31.94259],[115.82764,-31.94355],[115.82764,-31.94071],[115.82636,-31.94073],[115.82638,-31.93672],[115.82526,-31.93673],[115.82536,-31.93465],[115.82859,-31.93448],[115.82936,-31.93413],[115.82933,-31.93306],[115.8332,-31.93249],[115.83327,-31.93041],[115.83038,-31.92757],[115.83119,-31.92699],[115.83561,-31.93126],[115.83956,-31.93778],[115.844,-31.94141],[115.84164,-31.94348],[115.83996,-31.94305]]]},"properties":{"state":"WA","src":"WA-OpenStats","suburb":"West Leederville","crime_index":45.5,"violent_pct":17.44,"dwelling_pct":63.92,"motor_pct":55.01,"rate_per100k":45.5,"year":"FY 2022-23 & 2023-24 (avg)","crime_band":3}},{"type":"Feature","geometry":{"type":"Polygon","coordinates":[[[115.85005,-31.94866],[115.84854,-31.952],[115.84917,-31.95459],[115.84589,-31.9558],[115.84619,-31.95643],[115.84536,-31.95707],[115.84452,-31.95683],[115.84554,-31.95503],[115.84494,-31.95391],[115.83351,-31.9506],[115.844,-31.94141],[115.84687,-31.93643],[115.85833,-31.93649],[115.85424,-31.94313],[115.85191,-31.94204],[115.85005,-31.94866]]]},"properties":{"state":"WA","src":"WA-OpenStats","suburb":"West Perth","crime_index":88.1,"violent_pct":72.19,"dwelling_pct":96.53,"motor_pct":95.5,"rate_per100k":88.1,"year":"FY 2022-23 & 2023-24 (avg)","crime_band":6}},{"type":"Feature","geometry":{"type":"Polygon","coordinates":[[[115.85191,-31.87068],[115.84312,-31.87116],[115.8392,-31.87393],[115.83172,-31.87371],[115.82619,-31.85936],[115.83325,-31.86107],[115.8418,-31.8649],[115.85517,-31.8657],[115.85512,-31.87067],[115.85191,-31.87068]]]},"properties":{"state":"WA","src":"WA-OpenStats","suburb":"Westminster","crime_index":83.6,"violent_pct":70.79,"dwelling_pct":92.65,"motor_pct":87.26,"rate_per100k":83.6,"year":"FY 2022-23 & 2023-24 (avg)","crime_band":5}},{"type":"Feature","geometry":{"type":"Polygon","coordinates":[[[115.99079,-32.27874],[116.00197,-32.24128],[116.00581,-32.24121],[116.00689,-32.24592],[116.01689,-32.24684],[116.01825,-32.24837],[116.02658,-32.25146],[116.02611,-32.26307],[116.03018,-32.26307],[116.03018,-32.26603],[116.03183,-32.26603],[116.03183,-32.27182],[116.03466,-32.27182],[116.03467,-32.28135],[116.02845,-32.28135],[116.02844,-32.28338],[116.02762,-32.28338],[116.02763,-32.28681],[116.0219,-32.28682],[116.02191,-32.3011],[116.01526,-32.3011],[116.01223,-32.29968],[116.00966,-32.29987],[116.01061,-32.29523],[116.01233,-32.29148],[116.00461,-32.2915],[115.99713,-32.29026],[115.98738,-32.29324],[115.99059,-32.28522],[115.99079,-32.27874]]]},"properties":{"state":"WA","src":"WA-OpenStats","suburb":"Whitby","crime_index":50.3,"violent_pct":6.64,"dwelling_pct":73.84,"motor_pct":70.39,"rate_per100k":50.3,"year":"FY 2022-23 & 2023-24 (avg)","crime_band":3}},{"type":"Feature","geometry":{"type":"Polygon","coordinates":[[[115.76825,-32.06339],[115.76158,-32.06348],[115.76115,-32.05763],[115.77966,-32.05712],[115.77974,-32.06325],[115.76825,-32.06339]]]},"properties":{"state":"WA","src":"WA-OpenStats","suburb":"White Gum Valley","crime_index":74.0,"violent_pct":50.76,"dwelling_pct":90.04,"motor_pct":81.05,"rate_per100k":74.0,"year":"FY 2022-23 & 2023-24 (avg)","crime_band":5}},{"type":"Feature","geometry":{"type":"Polygon","coordinates":[[[115.81597,-32.0532],[115.81603,-32.05651],[115.79363,-32.05663],[115.79358,-32.05051],[115.79423,-32.04888],[115.8158,-32.04614],[115.81597,-32.0532]]]},"properties":{"state":"WA","src":"WA-OpenStats","suburb":"Willagee","crime_index":72.4,"violent_pct":68.95,"dwelling_pct":81.7,"motor_pct":66.53,"rate_per100k":72.4,"year":"FY 2022-23 & 2023-24 (avg)","crime_band":4}},{"type":"Feature","geometry":{"type":"Polygon","coordinates":[[[115.89129,-32.03875],[115.90365,-32.03867],[115.90499,-32.05722],[115.88996,-32.06929],[115.88531,-32.06654],[115.87959,-32.06715],[115.87069,-32.06627],[115.87269,-32.05985],[115.87321,-32.04424],[115.87215,-32.04254],[115.87761,-32.03872],[115.89129,-32.03875]]]},"properties":{"state":"WA","src":"WA-OpenStats","suburb":"Willetton","crime_index":22.1,"violent_pct":12.53,"dwelling_pct":45.62,"motor_pct":8.13,"rate_per100k":22.1,"year":"FY 2022-23 & 2023-24 (avg)","crime_band":2}},{"type":"Feature","geometry":{"type":"Polygon","coordinates":[[[115.91924,-32.02125],[115.91587,-32.02269],[115.91632,-32.02472],[115.91348,-32.02726],[115.91391,-32.02814],[115.9124,-32.03153],[115.91029,-32.0326],[115.90773,-32.03266],[115.90076,-32.02822],[115.90308,-32.02646],[115.90378,-32.02483],[115.90159,-32.02152],[115.89766,-32.02036],[115.89759,-32.01842],[115.89963,-32.0167],[115.89908,-32.01344],[115.91746,-32.01224],[115.92299,-32.01294],[115.92855,-32.01963],[115.92621,-32.02078],[115.92595,-32.02183],[115.92712,-32.02358],[115.92523,-32.02538],[115.92189,-32.02452],[115.92188,-32.02209],[115.91924,-32.02125]]]},"properties":{"state":"WA","src":"WA-OpenStats","suburb":"Wilson","crime_index":76.8,"violent_pct":49.39,"dwelling_pct":90.67,"motor_pct":90.33,"rate_per100k":76.8,"year":"FY 2022-23 & 2023-24 (avg)","crime_band":5}},{"type":"Feature","geometry":{"type":"Polygon","coordinates":[[[115.82905,-32.04598],[115.84317,-32.04597],[115.84388,-32.05058],[115.8413,-32.05579],[115.84179,-32.05894],[115.83157,-32.05947],[115.82581,-32.05661],[115.82349,-32.05626],[115.81705,-32.05931],[115.81514,-32.05942],[115.81603,-32.05662],[115.8158,-32.04614],[115.82905,-32.04598]]]},"properties":{"state":"WA","src":"WA-OpenStats","suburb":"Winthrop","crime_index":31.9,"violent_pct":2.54,"dwelling_pct":74.11,"motor_pct":19.19,"rate_per100k":31.9,"year":"FY 2022-23 & 2023-24 (avg)","crime_band":3}},{"type":"Feature","geometry":{"type":"Polygon","coordinates":[[[115.99661,-31.88913],[115.99611,-31.89151],[115.99874,-31.89154],[116.00143,-31.89263],[115.99921,-31.89584],[115.99597,-31.89608],[115.99504,-31.89783],[115.99239,-31.89752],[115.98689,-31.89389],[115.98467,-31.8939],[115.98636,-31.89289],[115.98558,-31.89188],[115.98642,-31.89141],[115.98662,-31.88821],[115.99032,-31.88775],[115.99112,-31.88676],[115.99105,-31.88366],[115.99592,-31.88408],[115.99669,-31.88518],[116.00001,-31.88517],[116.0,-31.88629],[115.99661,-31.88913]]]},"properties":{"state":"WA","src":"WA-OpenStats","suburb":"Woodbridge (WA)","crime_index":87.6,"violent_pct":88.54,"dwelling_pct":91.64,"motor_pct":82.65,"rate_per100k":87.6,"year":"FY 2022-23 & 2023-24 (avg)","crime_band":6}},{"type":"Feature","geometry":{"type":"Polygon","coordinates":[[[115.78845,-31.89978],[115.7934,-31.90075],[115.79338,-31.90193],[115.79584,-31.90242],[115.79584,-31.90296],[115.79841,-31.90297],[115.7984,-31.90425],[115.80205,-31.90435],[115.79937,-31.91059],[115.79533,-31.91404],[115.79456,-31.91587],[115.78577,-31.91583],[115.78571,-31.90825],[115.78739,-31.90827],[115.7874,-31.90525],[115.78619,-31.90527],[115.7862,-31.90264],[115.78705,-31.90186],[115.78704,-31.89905],[115.78845,-31.89978]]]},"properties":{"state":"WA","src":"WA-OpenStats","suburb":"Woodlands (WA)","crime_index":16.4,"violent_pct":4.77,"dwelling_pct":37.92,"motor_pct":6.49,"rate_per100k":16.4,"year":"FY 2022-23 & 2023-24 (avg)","crime_band":1}},{"type":"Feature","geometry":{"type":"Polygon","coordinates":[[[115.7932,-31.77565],[115.79947,-31.778],[115.80482,-31.78249],[115.81028,-31.78355],[115.81028,-31.78416],[115.80937,-31.78415],[115.80957,-31.78536],[115.81683,-31.79971],[115.80582,-31.80299],[115.79797,-31.80027],[115.79244,-31.80016],[115.78734,-31.79802],[115.77968,-31.79823],[115.78138,-31.79594],[115.78109,-31.78941],[115.78236,-31.7894],[115.78077,-31.77573],[115.78139,-31.77488],[115.78744,-31.77416],[115.7932,-31.77565]]]},"properties":{"state":"WA","src":"WA-OpenStats","suburb":"Woodvale (WA)","crime_index":16.6,"violent_pct":20.35,"dwelling_pct":10.31,"motor_pct":19.07,"rate_per100k":16.6,"year":"FY 2022-23 & 2023-24 (avg)","crime_band":1}},{"type":"Feature","geometry":{"type":"Polygon","coordinates":[[[116.33783,-31.80561],[116.34542,-31.80718],[116.34963,-31.81107],[116.36077,-31.80733],[116.36076,-31.81492],[116.36552,-31.81492],[116.36552,-31.81334],[116.37099,-31.81334],[116.36148,-31.81946],[116.35829,-31.81947],[116.35832,-31.8386],[116.35776,-31.83958],[116.34105,-31.83958],[116.34105,-31.84672],[116.33403,-31.84672],[116.33403,-31.84826],[116.3273,-31.84826],[116.327,-31.83002],[116.32589,-31.83049],[116.32453,-31.83329],[116.31183,-31.84258],[116.3107,-31.84118],[116.30943,-31.83207],[116.30494,-31.8354],[116.30467,-31.8221],[116.30371,-31.8221],[116.30372,-31.82014],[116.2819,-31.81969],[116.28169,-31.77069],[116.31902,-31.77054],[116.31901,-31.76878],[116.32432,-31.76878],[116.32432,-31.77052],[116.33287,-31.77048],[116.33299,-31.77133],[116.335,-31.76924],[116.34587,-31.76919],[116.34588,-31.77227],[116.34682,-31.77227],[116.34683,-31.77431],[116.34522,-31.77431],[116.34523,-31.77998],[116.35373,-31.77997],[116.35374,-31.78361],[116.35621,-31.78361],[116.35156,-31.78706],[116.34782,-31.78777],[116.34782,-31.79091],[116.34978,-31.79092],[116.34705,-31.79621],[116.34289,-31.8022],[116.33783,-31.80561]]]},"properties":{"state":"WA","src":"WA-OpenStats","suburb":"Wooroloo","crime_index":31.3,"violent_pct":64.97,"dwelling_pct":9.97,"motor_pct":18.85,"rate_per100k":31.3,"year":"FY 2022-23 & 2023-24 (avg)","crime_band":3}},{"type":"Feature","geometry":{"type":"Polygon","coordinates":[[[116.39535,-31.72532],[116.39542,-31.74833],[116.40293,-31.74834],[116.40293,-31.74712],[116.41667,-31.74712],[116.41667,-31.74825],[116.41733,-31.74825],[116.41732,-31.75979],[116.42063,-31.7604],[116.42063,-31.762],[116.4237,-31.76784],[116.41714,-31.7699],[116.41432,-31.76968],[116.40806,-31.76668],[116.40478,-31.76691],[116.40195,-31.76827],[116.39969,-31.77376],[116.39804,-31.77567],[116.398,-31.7883],[116.39471,-31.7888],[116.38741,-31.79247],[116.38352,-31.79618],[116.37296,-31.80359],[116.34963,-31.81107],[116.34542,-31.80718],[116.33783,-31.80561],[116.34289,-31.8022],[116.34705,-31.79621],[116.34978,-31.79092],[116.34782,-31.79091],[116.34782,-31.78777],[116.35156,-31.78706],[116.35621,-31.78361],[116.35374,-31.78361],[116.35373,-31.77997],[116.34523,-31.77998],[116.34522,-31.77431],[116.34683,-31.77431],[116.34682,-31.77227],[116.34588,-31.77227],[116.34584,-31.76266],[116.33819,-31.76269],[116.33815,-31.75352],[116.34802,-31.74844],[116.34798,-31.70924],[116.37638,-31.70923],[116.3764,-31.70198],[116.39539,-31.70197],[116.39535,-31.72532]]]},"properties":{"state":"WA","src":"WA-OpenStats","suburb":"Wundowie","crime_index":61.8,"violent_pct":65.98,"dwelling_pct":61.12,"motor_pct":58.25,"rate_per100k":61.8,"year":"FY 2022-23 & 2023-24 (avg)","crime_band":4}},{"type":"Feature","geometry":{"type":"Polygon","coordinates":[[[115.63573,-31.56643],[115.63085,-31.5599],[115.62662,-31.55613],[115.62629,-31.55354],[115.62282,-31.54743],[115.6164,-31.54168],[115.61541,-31.53889],[115.61057,-31.53329],[115.60848,-31.53198],[115.60808,-31.53001],[115.60368,-31.52362],[115.6046,-31.52326],[115.6041,-31.51798],[115.59521,-31.5085],[115.59765,-31.50686],[115.60938,-31.51497],[115.62095,-31.52747],[115.62489,-31.52481],[115.63207,-31.52731],[115.64619,-31.52761],[115.64574,-31.5252],[115.64387,-31.52309],[115.64461,-31.52309],[115.64461,-31.51674],[115.65519,-31.51674],[115.6549,-31.46274],[115.65171,-31.45515],[115.67011,-31.45512],[115.67133,-31.45977],[115.67159,-31.46649],[115.6784,-31.47699],[115.78792,-31.47587],[115.85579,-31.47431],[115.8552,-31.54404],[115.78128,-31.54329],[115.78061,-31.61733],[115.77225,-31.61018],[115.76376,-31.60525],[115.76063,-31.605],[115.7326,-31.58884],[115.718,-31.57266],[115.70927,-31.56591],[115.70408,-31.56565],[115.69908,-31.56169],[115.69917,-31.58021],[115.69171,-31.58218],[115.69021,-31.58027],[115.68802,-31.58027],[115.68271,-31.57294],[115.68076,-31.5687],[115.63681,-31.56868],[115.63573,-31.56643]]]},"properties":{"state":"WA","src":"WA-OpenStats","suburb":"Yanchep","crime_index":45.6,"violent_pct":64.77,"dwelling_pct":37.99,"motor_pct":34.06,"rate_per100k":45.6,"year":"FY 2022-23 & 2023-24 (avg)","crime_band":3}},{"type":"Feature","geometry":{"type":"Polygon","coordinates":[[[115.83566,-32.12211],[115.83608,-32.1249],[115.82453,-32.12775],[115.81573,-32.12732],[115.80662,-32.12945],[115.79521,-32.12705],[115.78831,-32.12741],[115.78915,-32.12396],[115.79341,-32.1198],[115.79486,-32.11661],[115.79718,-32.1166],[115.79906,-32.119],[115.80191,-32.12017],[115.81072,-32.11851],[115.82591,-32.10645],[115.83073,-32.11008],[115.83435,-32.11398],[115.83772,-32.11581],[115.83644,-32.11803],[115.83566,-32.12211]]]},"properties":{"state":"WA","src":"WA-OpenStats","suburb":"Yangebup","crime_index":69.6,"violent_pct":61.39,"dwelling_pct":66.73,"motor_pct":80.71,"rate_per100k":69.6,"year":"FY 2022-23 & 2023-24 (avg)","crime_band":4}},{"type":"Feature","geometry":{"type":"Polygon","coordinates":[[[115.84941,-31.91036],[115.84684,-31.91261],[115.84541,-31.91022],[115.8376,-31.88886],[115.85067,-31.88892],[115.87258,-31.90755],[115.86792,-31.90752],[115.86708,-31.91216],[115.86002,-31.91216],[115.85788,-31.91052],[115.85612,-31.91203],[115.85189,-31.90827],[115.84941,-31.91036]]]},"properties":{"state":"WA","src":"WA-OpenStats","suburb":"Yokine","crime_index":51.3,"violent_pct":31.75,"dwelling_pct":64.76,"motor_pct":57.52,"rate_per100k":51.3,"year":"FY 2022-23 & 2023-24 (avg)","crime_band":4}}]}