{"type":"FeatureCollection","features":[{"type":"Feature","geometry":{"type":"MultiPolygon","coordinates":[[[[144.97487,-37.81529],[144.96825,-37.81922],[144.95599,-37.82305],[144.95415,-37.81907],[144.95144,-37.81317],[144.95645,-37.81175],[144.95599,-37.80588],[144.9595,-37.80629],[144.97136,-37.80773],[144.97487,-37.81529]]],[[[144.95733,-37.80155],[144.95756,-37.79972],[144.96103,-37.80011],[144.95847,-37.80404],[144.95733,-37.80155]]]]},"properties":{"postcode":"3000","state":"VIC","icsea_avg":976,"school_count":3,"icsea_band":1}},{"type":"Feature","geometry":{"type":"Polygon","coordinates":[[[144.97136,-37.80773],[144.97319,-37.80792],[144.98255,-37.80892],[144.99135,-37.80973],[144.99009,-37.81688],[144.98261,-37.8161],[144.97793,-37.81814],[144.97487,-37.81529],[144.97136,-37.80773]]]},"properties":{"postcode":"3002","state":"VIC","icsea_avg":null,"school_count":0,"icsea_band":0}},{"type":"Feature","geometry":{"type":"Polygon","coordinates":[[[144.91649,-37.79821],[144.92965,-37.80019],[144.9359,-37.80229],[144.94208,-37.80437],[144.95599,-37.80588],[144.95645,-37.81175],[144.95144,-37.81317],[144.94782,-37.81096],[144.94299,-37.8128],[144.93497,-37.80946],[144.9324,-37.81509],[144.91989,-37.81854],[144.92037,-37.82003],[144.90556,-37.82289],[144.90545,-37.81529],[144.90644,-37.80885],[144.90961,-37.80181],[144.91649,-37.79821]]]},"properties":{"postcode":"3003","state":"VIC","icsea_avg":1053,"school_count":1,"icsea_band":3}},{"type":"Feature","geometry":{"type":"Polygon","coordinates":[[[144.97109,-37.83513],[144.97041,-37.83016],[144.97093,-37.82507],[144.96825,-37.81922],[144.97487,-37.81529],[144.97793,-37.81814],[144.98261,-37.8161],[144.99009,-37.81688],[144.99001,-37.81755],[144.98972,-37.81938],[144.98793,-37.82962],[144.98368,-37.8343],[144.97742,-37.83716],[144.98031,-37.84506],[144.98502,-37.84569],[144.98257,-37.85553],[144.97905,-37.85276],[144.97324,-37.83654],[144.97109,-37.83513]]]},"properties":{"postcode":"3004","state":"VIC","icsea_avg":1178,"school_count":3,"icsea_band":6}},{"type":"Feature","geometry":{"type":"Polygon","coordinates":[[[144.95415,-37.81907],[144.95599,-37.82305],[144.94794,-37.82339],[144.95415,-37.81907]]]},"properties":{"postcode":"3005","state":"VIC","icsea_avg":null,"school_count":0,"icsea_band":0}},{"type":"Feature","geometry":{"type":"Polygon","coordinates":[[[144.97041,-37.83016],[144.96585,-37.83148],[144.96185,-37.82811],[144.95728,-37.82842],[144.94143,-37.82582],[144.93784,-37.82313],[144.94794,-37.82339],[144.95599,-37.82305],[144.96825,-37.81922],[144.97093,-37.82507],[144.97041,-37.83016]]]},"properties":{"postcode":"3006","state":"VIC","icsea_avg":1141,"school_count":1,"icsea_band":6}},{"type":"Feature","geometry":{"type":"Polygon","coordinates":[[[144.95144,-37.81317],[144.95415,-37.81907],[144.94794,-37.82339],[144.93784,-37.82313],[144.92037,-37.82003],[144.91989,-37.81854],[144.9324,-37.81509],[144.93497,-37.80946],[144.94299,-37.8128],[144.94782,-37.81096],[144.95144,-37.81317]]]},"properties":{"postcode":"3008","state":"VIC","icsea_avg":1133,"school_count":1,"icsea_band":5}},{"type":"Feature","geometry":{"type":"Polygon","coordinates":[[[144.96411,-37.79273],[144.96103,-37.80011],[144.95756,-37.79972],[144.95876,-37.78988],[144.96411,-37.79273]]]},"properties":{"postcode":"3010","state":"VIC","icsea_avg":null,"school_count":0,"icsea_band":0}},{"type":"Feature","geometry":{"type":"Polygon","coordinates":[[[144.88351,-37.78636],[144.90271,-37.78963],[144.91649,-37.79821],[144.90961,-37.80181],[144.90644,-37.80885],[144.90545,-37.81529],[144.89985,-37.81467],[144.89849,-37.81075],[144.88409,-37.80957],[144.88543,-37.80259],[144.88138,-37.79785],[144.88351,-37.78636]]]},"properties":{"postcode":"3011","state":"VIC","icsea_avg":1098,"school_count":6,"icsea_band":4}},{"type":"Feature","geometry":{"type":"Polygon","coordinates":[[[144.86395,-37.77424],[144.87188,-37.77266],[144.88551,-37.77556],[144.88351,-37.78636],[144.88138,-37.79785],[144.88543,-37.80259],[144.88409,-37.80957],[144.88347,-37.81282],[144.86923,-37.8112],[144.85983,-37.81383],[144.85779,-37.82445],[144.85762,-37.82455],[144.8389,-37.82554],[144.8221,-37.82574],[144.82741,-37.82283],[144.82676,-37.8169],[144.82835,-37.81188],[144.83476,-37.80598],[144.83297,-37.80293],[144.84348,-37.80284],[144.84251,-37.79731],[144.86205,-37.79954],[144.86594,-37.77793],[144.86395,-37.77424]]]},"properties":{"postcode":"3012","state":"VIC","icsea_avg":1064,"school_count":4,"icsea_band":4}},{"type":"Feature","geometry":{"type":"Polygon","coordinates":[[[144.85779,-37.82445],[144.85983,-37.81383],[144.86923,-37.8112],[144.88347,-37.81282],[144.88409,-37.80957],[144.89849,-37.81075],[144.89985,-37.81467],[144.90545,-37.81529],[144.90556,-37.82289],[144.89586,-37.8218],[144.89308,-37.82554],[144.88781,-37.82288],[144.88109,-37.8253],[144.87188,-37.82428],[144.85779,-37.82445]]]},"properties":{"postcode":"3013","state":"VIC","icsea_avg":1103,"school_count":5,"icsea_band":4}},{"type":"Feature","geometry":{"type":"Polygon","coordinates":[[[144.90556,-37.82289],[144.89888,-37.82888],[144.89715,-37.83263],[144.89836,-37.8412],[144.89986,-37.84689],[144.89847,-37.85121],[144.8884,-37.85026],[144.88898,-37.85782],[144.87471,-37.84914],[144.86305,-37.8485],[144.86745,-37.82567],[144.85762,-37.82455],[144.85779,-37.82445],[144.87188,-37.82428],[144.88109,-37.8253],[144.88781,-37.82288],[144.89308,-37.82554],[144.89586,-37.8218],[144.90556,-37.82289]]]},"properties":{"postcode":"3015","state":"VIC","icsea_avg":1105,"school_count":6,"icsea_band":4}},{"type":"Feature","geometry":{"type":"Polygon","coordinates":[[[144.86778,-37.85909],[144.8518,-37.85572],[144.85293,-37.8524],[144.85659,-37.84793],[144.86305,-37.8485],[144.87471,-37.84914],[144.88898,-37.85782],[144.8884,-37.85026],[144.89847,-37.85121],[144.90159,-37.85385],[144.90392,-37.86173],[144.91156,-37.86207],[144.91552,-37.86554],[144.90425,-37.87252],[144.89258,-37.86774],[144.87752,-37.86731],[144.87465,-37.86172],[144.86778,-37.85909]]]},"properties":{"postcode":"3016","state":"VIC","icsea_avg":1103,"school_count":6,"icsea_band":4}},{"type":"Feature","geometry":{"type":"Polygon","coordinates":[[[144.80832,-37.88196],[144.79875,-37.87928],[144.79759,-37.87568],[144.78806,-37.87391],[144.79158,-37.87036],[144.78951,-37.86],[144.77675,-37.86313],[144.78085,-37.84586],[144.78936,-37.84281],[144.78904,-37.84486],[144.83487,-37.85013],[144.84147,-37.84928],[144.85293,-37.8524],[144.8518,-37.85572],[144.86778,-37.85909],[144.85618,-37.86344],[144.85037,-37.86394],[144.84043,-37.87144],[144.82519,-37.87094],[144.81439,-37.87514],[144.80832,-37.88196]]]},"properties":{"postcode":"3018","state":"VIC","icsea_avg":1084,"school_count":5,"icsea_band":4}},{"type":"Feature","geometry":{"type":"Polygon","coordinates":[[[144.86395,-37.77424],[144.86594,-37.77793],[144.86205,-37.79954],[144.84251,-37.79731],[144.8448,-37.79356],[144.84821,-37.77311],[144.85136,-37.77023],[144.85838,-37.77598],[144.86395,-37.77424]]]},"properties":{"postcode":"3019","state":"VIC","icsea_avg":991,"school_count":6,"icsea_band":2}},{"type":"Feature","geometry":{"type":"Polygon","coordinates":[[[144.79168,-37.78165],[144.79227,-37.78171],[144.80861,-37.7812],[144.80584,-37.76731],[144.81384,-37.76715],[144.81865,-37.76333],[144.82215,-37.75774],[144.82911,-37.75235],[144.83929,-37.74663],[144.84521,-37.74667],[144.84768,-37.74976],[144.84961,-37.75472],[144.84829,-37.75974],[144.85385,-37.76243],[144.85136,-37.77023],[144.84821,-37.77311],[144.8448,-37.79356],[144.84251,-37.79731],[144.84348,-37.80284],[144.83297,-37.80293],[144.83476,-37.80598],[144.82835,-37.81188],[144.82676,-37.8169],[144.80715,-37.81525],[144.80698,-37.80626],[144.80183,-37.80127],[144.7892,-37.80021],[144.78783,-37.79449],[144.78909,-37.78656],[144.79168,-37.78165]]]},"properties":{"postcode":"3020","state":"VIC","icsea_avg":997,"school_count":18,"icsea_band":2}},{"type":"Feature","geometry":{"type":"Polygon","coordinates":[[[144.76404,-37.72556],[144.78201,-37.72757],[144.79298,-37.72795],[144.81525,-37.72967],[144.82653,-37.72466],[144.82916,-37.72457],[144.82971,-37.73242],[144.83498,-37.74162],[144.83929,-37.74663],[144.82911,-37.75235],[144.82215,-37.75774],[144.81865,-37.76333],[144.81384,-37.76715],[144.80584,-37.76731],[144.7977,-37.75945],[144.79246,-37.74801],[144.77872,-37.74663],[144.77807,-37.75035],[144.77113,-37.75187],[144.75709,-37.75017],[144.7624,-37.73811],[144.76404,-37.72556]]]},"properties":{"postcode":"3021","state":"VIC","icsea_avg":963,"school_count":18,"icsea_band":1}},{"type":"Feature","geometry":{"type":"Polygon","coordinates":[[[144.79227,-37.78171],[144.79435,-37.77895],[144.79403,-37.77017],[144.80057,-37.76697],[144.80584,-37.76731],[144.80861,-37.7812],[144.79227,-37.78171]]]},"properties":{"postcode":"3022","state":"VIC","icsea_avg":990,"school_count":2,"icsea_band":2}},{"type":"Feature","geometry":{"type":"MultiPolygon","coordinates":[[[[144.75478,-37.7814],[144.7572,-37.76345],[144.74417,-37.75769],[144.72371,-37.75075],[144.72413,-37.74439],[144.72912,-37.7212],[144.73178,-37.72133],[144.73257,-37.70624],[144.7326,-37.7033],[144.74184,-37.70442],[144.73837,-37.72245],[144.76404,-37.72556],[144.7624,-37.73811],[144.75709,-37.75017],[144.77113,-37.75187],[144.77807,-37.75035],[144.77872,-37.74663],[144.79246,-37.74801],[144.7977,-37.75945],[144.80584,-37.76731],[144.80057,-37.76697],[144.79403,-37.77017],[144.79435,-37.77895],[144.79227,-37.78171],[144.79168,-37.78165],[144.78406,-37.78099],[144.77367,-37.77815],[144.77302,-37.78297],[144.75478,-37.7814]]],[[[144.75478,-37.7814],[144.75284,-37.79605],[144.7347,-37.79444],[144.73685,-37.77976],[144.75478,-37.7814]]]]},"properties":{"postcode":"3023","state":"VIC","icsea_avg":1031,"school_count":14,"icsea_band":3}},{"type":"Feature","geometry":{"type":"Polygon","coordinates":[[[144.61328,-37.74619],[144.66309,-37.74427],[144.69276,-37.74789],[144.70377,-37.75302],[144.70471,-37.74751],[144.72371,-37.75075],[144.74417,-37.75769],[144.7572,-37.76345],[144.75478,-37.7814],[144.73685,-37.77976],[144.7347,-37.79444],[144.75284,-37.79605],[144.75097,-37.81046],[144.70889,-37.80686],[144.70494,-37.80605],[144.65945,-37.80095],[144.64856,-37.85922],[144.65684,-37.85998],[144.65344,-37.86901],[144.65086,-37.87036],[144.65192,-37.87735],[144.64491,-37.87892],[144.64039,-37.88322],[144.64255,-37.88791],[144.63357,-37.88691],[144.63145,-37.89271],[144.63112,-37.90007],[144.62781,-37.90166],[144.60504,-37.89896],[144.60675,-37.88693],[144.59728,-37.88258],[144.57146,-37.8804],[144.5532,-37.87816],[144.45374,-37.8672],[144.44734,-37.86768],[144.44405,-37.86413],[144.44898,-37.83706],[144.46684,-37.83909],[144.47768,-37.78101],[144.53268,-37.78727],[144.5488,-37.79714],[144.56758,-37.79889],[144.57756,-37.80414],[144.57819,-37.7994],[144.58476,-37.79472],[144.58823,-37.79431],[144.59072,-37.78851],[144.58907,-37.78153],[144.5844,-37.77935],[144.57814,-37.77],[144.57921,-37.7615],[144.58231,-37.75811],[144.5761,-37.75306],[144.57545,-37.74809],[144.61226,-37.75168],[144.61328,-37.74619]]]},"properties":{"postcode":"3024","state":"VIC","icsea_avg":1023,"school_count":7,"icsea_band":3}},{"type":"Feature","geometry":{"type":"Polygon","coordinates":[[[144.85762,-37.82455],[144.86745,-37.82567],[144.86305,-37.8485],[144.85659,-37.84793],[144.85293,-37.8524],[144.84147,-37.84928],[144.83487,-37.85013],[144.78904,-37.84486],[144.78936,-37.84281],[144.81147,-37.83247],[144.8221,-37.82574],[144.8389,-37.82554],[144.85762,-37.82455]]]},"properties":{"postcode":"3025","state":"VIC","icsea_avg":1063,"school_count":3,"icsea_band":4}},{"type":"Feature","geometry":{"type":"Polygon","coordinates":[[[144.80715,-37.81525],[144.82676,-37.8169],[144.82741,-37.82283],[144.8221,-37.82574],[144.81147,-37.83247],[144.78936,-37.84281],[144.78085,-37.84586],[144.77654,-37.84658],[144.76894,-37.8512],[144.7613,-37.85518],[144.74654,-37.85401],[144.76103,-37.84399],[144.76564,-37.83871],[144.76914,-37.81202],[144.80715,-37.81525]]]},"properties":{"postcode":"3026","state":"VIC","icsea_avg":1043,"school_count":1,"icsea_band":3}},{"type":"Feature","geometry":{"type":"Polygon","coordinates":[[[144.74654,-37.85401],[144.7613,-37.85518],[144.76894,-37.8512],[144.77062,-37.85539],[144.76703,-37.85778],[144.76619,-37.86476],[144.76892,-37.86813],[144.7548,-37.86957],[144.73691,-37.87346],[144.73179,-37.86304],[144.73127,-37.85272],[144.74654,-37.85401]]]},"properties":{"postcode":"3027","state":"VIC","icsea_avg":null,"school_count":0,"icsea_band":0}},{"type":"Feature","geometry":{"type":"Polygon","coordinates":[[[144.80832,-37.88196],[144.80759,-37.89138],[144.8045,-37.89435],[144.79978,-37.89882],[144.78646,-37.90003],[144.78039,-37.89882],[144.77332,-37.8853],[144.76332,-37.88359],[144.76238,-37.88867],[144.75171,-37.88666],[144.75143,-37.8824],[144.7548,-37.86957],[144.76892,-37.86813],[144.76619,-37.86476],[144.76703,-37.85778],[144.77062,-37.85539],[144.76894,-37.8512],[144.77654,-37.84658],[144.78085,-37.84586],[144.77675,-37.86313],[144.78951,-37.86],[144.79158,-37.87036],[144.78806,-37.87391],[144.79759,-37.87568],[144.79875,-37.87928],[144.80832,-37.88196]]]},"properties":{"postcode":"3028","state":"VIC","icsea_avg":1037,"school_count":8,"icsea_band":3}},{"type":"Feature","geometry":{"type":"Polygon","coordinates":[[[144.75097,-37.81046],[144.76914,-37.81202],[144.76564,-37.83871],[144.76103,-37.84399],[144.74654,-37.85401],[144.73127,-37.85272],[144.73179,-37.86304],[144.73691,-37.87346],[144.71228,-37.87947],[144.7004,-37.88351],[144.68053,-37.89156],[144.68289,-37.87759],[144.66445,-37.8756],[144.66279,-37.87106],[144.65086,-37.87036],[144.65344,-37.86901],[144.65684,-37.85998],[144.64856,-37.85922],[144.65945,-37.80095],[144.70494,-37.80605],[144.70889,-37.80686],[144.75097,-37.81046]]]},"properties":{"postcode":"3029","state":"VIC","icsea_avg":1040,"school_count":33,"icsea_band":3}},{"type":"Feature","geometry":{"type":"MultiPolygon","coordinates":[[[[144.59158,-38.00445],[144.57731,-38.0016],[144.57203,-37.99787],[144.57339,-37.99436],[144.56665,-37.98627],[144.55467,-37.9848],[144.54962,-37.97881],[144.54841,-37.97432],[144.5636,-37.96543],[144.6281,-37.92997],[144.65751,-37.91995],[144.65592,-37.91636],[144.64768,-37.9165],[144.64882,-37.90979],[144.64568,-37.907],[144.63834,-37.91633],[144.63244,-37.91622],[144.62566,-37.9134],[144.62781,-37.90166],[144.63112,-37.90007],[144.63145,-37.89271],[144.63357,-37.88691],[144.64255,-37.88791],[144.64039,-37.88322],[144.64491,-37.87892],[144.65192,-37.87735],[144.65086,-37.87036],[144.66279,-37.87106],[144.66445,-37.8756],[144.68289,-37.87759],[144.68053,-37.89156],[144.7004,-37.88351],[144.71228,-37.87947],[144.73691,-37.87346],[144.7548,-37.86957],[144.75143,-37.8824],[144.75171,-37.88666],[144.76238,-37.88867],[144.76332,-37.88359],[144.77332,-37.8853],[144.78039,-37.89882],[144.78646,-37.90003],[144.79978,-37.89882],[144.8045,-37.89435],[144.79805,-37.90513],[144.79671,-37.91299],[144.79919,-37.92285],[144.79159,-37.9276],[144.77818,-37.92805],[144.77015,-37.93085],[144.76103,-37.93735],[144.75254,-37.93925],[144.74404,-37.93927],[144.7338,-37.94428],[144.73196,-37.94681],[144.72335,-37.95144],[144.71857,-37.95734],[144.70792,-37.96507],[144.69924,-37.97311],[144.69172,-37.97474],[144.68834,-37.97364],[144.67859,-37.98155],[144.65901,-37.99488],[144.65018,-38.00202],[144.63991,-38.00206],[144.62307,-38.00014],[144.60266,-38.00239],[144.59158,-38.00445]]],[[[144.75284,-37.79605],[144.75478,-37.7814],[144.77302,-37.78297],[144.77367,-37.77815],[144.78406,-37.78099],[144.79168,-37.78165],[144.78909,-37.78656],[144.78783,-37.79449],[144.7892,-37.80021],[144.80183,-37.80127],[144.80698,-37.80626],[144.80715,-37.81525],[144.76914,-37.81202],[144.75097,-37.81046],[144.75284,-37.79605]]]]},"properties":{"postcode":"3030","state":"VIC","icsea_avg":1036,"school_count":30,"icsea_band":3}},{"type":"Feature","geometry":{"type":"Polygon","coordinates":[[[144.91649,-37.79821],[144.90271,-37.78963],[144.90823,-37.78253],[144.91359,-37.77939],[144.91761,-37.78361],[144.92259,-37.78036],[144.93233,-37.78091],[144.93993,-37.78702],[144.94036,-37.78762],[144.93735,-37.78945],[144.93569,-37.79507],[144.9359,-37.80229],[144.92965,-37.80019],[144.91649,-37.79821]]]},"properties":{"postcode":"3031","state":"VIC","icsea_avg":1059,"school_count":7,"icsea_band":3}},{"type":"Feature","geometry":{"type":"Polygon","coordinates":[[[144.87188,-37.77266],[144.87425,-37.7689],[144.87062,-37.76639],[144.87299,-37.76167],[144.88213,-37.75588],[144.8843,-37.76099],[144.88949,-37.7621],[144.89409,-37.7658],[144.90158,-37.7654],[144.90095,-37.77003],[144.93648,-37.77379],[144.93707,-37.77777],[144.93993,-37.78702],[144.93233,-37.78091],[144.92259,-37.78036],[144.91761,-37.78361],[144.91359,-37.77939],[144.90823,-37.78253],[144.90271,-37.78963],[144.88351,-37.78636],[144.88551,-37.77556],[144.87188,-37.77266]]]},"properties":{"postcode":"3032","state":"VIC","icsea_avg":1087,"school_count":6,"icsea_band":4}},{"type":"Feature","geometry":{"type":"Polygon","coordinates":[[[144.83929,-37.74663],[144.83498,-37.74162],[144.82971,-37.73242],[144.82916,-37.72457],[144.84652,-37.72527],[144.85989,-37.7275],[144.86415,-37.72788],[144.8725,-37.73054],[144.87637,-37.73705],[144.87968,-37.73786],[144.88232,-37.74319],[144.8815,-37.74788],[144.87971,-37.75285],[144.84768,-37.74976],[144.84521,-37.74667],[144.83929,-37.74663]]]},"properties":{"postcode":"3033","state":"VIC","icsea_avg":1078,"school_count":4,"icsea_band":4}},{"type":"Feature","geometry":{"type":"Polygon","coordinates":[[[144.87971,-37.75285],[144.88213,-37.75588],[144.87299,-37.76167],[144.87062,-37.76639],[144.87425,-37.7689],[144.87188,-37.77266],[144.86395,-37.77424],[144.85838,-37.77598],[144.85136,-37.77023],[144.85385,-37.76243],[144.84829,-37.75974],[144.84961,-37.75472],[144.84768,-37.74976],[144.87971,-37.75285]]]},"properties":{"postcode":"3034","state":"VIC","icsea_avg":1074,"school_count":2,"icsea_band":4}},{"type":"Feature","geometry":{"type":"Polygon","coordinates":[[[144.77514,-37.6791],[144.76267,-37.67086],[144.74651,-37.66306],[144.76357,-37.66437],[144.77363,-37.67031],[144.77639,-37.67672],[144.79,-37.67574],[144.80475,-37.66952],[144.80334,-37.67527],[144.807,-37.6832],[144.81001,-37.68151],[144.81983,-37.68283],[144.82023,-37.69255],[144.8123,-37.69515],[144.81058,-37.69876],[144.81785,-37.69946],[144.82488,-37.69838],[144.82524,-37.70346],[144.83085,-37.70559],[144.83536,-37.70343],[144.83811,-37.70933],[144.84156,-37.71317],[144.83747,-37.7175],[144.84652,-37.72527],[144.82916,-37.72457],[144.82653,-37.72466],[144.82116,-37.7209],[144.82123,-37.71535],[144.81093,-37.71419],[144.81144,-37.70892],[144.80662,-37.70436],[144.81001,-37.70111],[144.77514,-37.6791]]]},"properties":{"postcode":"3036","state":"VIC","icsea_avg":1080,"school_count":3,"icsea_band":4}},{"type":"Feature","geometry":{"type":"Polygon","coordinates":[[[144.73257,-37.70624],[144.72972,-37.70657],[144.72712,-37.69284],[144.72473,-37.69027],[144.72769,-37.67548],[144.75443,-37.67838],[144.75485,-37.67649],[144.74441,-37.66308],[144.74651,-37.66306],[144.76267,-37.67086],[144.77514,-37.6791],[144.76504,-37.68947],[144.78919,-37.72066],[144.79298,-37.72795],[144.78201,-37.72757],[144.76404,-37.72556],[144.73837,-37.72245],[144.74184,-37.70442],[144.7326,-37.7033],[144.73257,-37.70624]]]},"properties":{"postcode":"3037","state":"VIC","icsea_avg":1024,"school_count":9,"icsea_band":3}},{"type":"Feature","geometry":{"type":"Polygon","coordinates":[[[144.82653,-37.72466],[144.81525,-37.72967],[144.79298,-37.72795],[144.78919,-37.72066],[144.76504,-37.68947],[144.77514,-37.6791],[144.81001,-37.70111],[144.80662,-37.70436],[144.81144,-37.70892],[144.81093,-37.71419],[144.82123,-37.71535],[144.82116,-37.7209],[144.82653,-37.72466]]]},"properties":{"postcode":"3038","state":"VIC","icsea_avg":1021,"school_count":7,"icsea_band":3}},{"type":"Feature","geometry":{"type":"Polygon","coordinates":[[[144.93381,-37.7594],[144.93845,-37.76117],[144.93648,-37.77379],[144.90095,-37.77003],[144.90158,-37.7654],[144.90501,-37.7617],[144.91669,-37.76073],[144.91625,-37.75694],[144.93381,-37.7594]]]},"properties":{"postcode":"3039","state":"VIC","icsea_avg":1117,"school_count":4,"icsea_band":5}},{"type":"Feature","geometry":{"type":"Polygon","coordinates":[[[144.93384,-37.7445],[144.9292,-37.74545],[144.92694,-37.75107],[144.93502,-37.75326],[144.93381,-37.7594],[144.91625,-37.75694],[144.91669,-37.76073],[144.90501,-37.7617],[144.90158,-37.7654],[144.89409,-37.7658],[144.88949,-37.7621],[144.8843,-37.76099],[144.88213,-37.75588],[144.87971,-37.75285],[144.8815,-37.74788],[144.89043,-37.74889],[144.89252,-37.7374],[144.9082,-37.74132],[144.93384,-37.7445]]]},"properties":{"postcode":"3040","state":"VIC","icsea_avg":1112,"school_count":9,"icsea_band":5}},{"type":"Feature","geometry":{"type":"Polygon","coordinates":[[[144.89252,-37.7374],[144.88941,-37.73451],[144.89221,-37.71701],[144.88846,-37.71078],[144.89754,-37.70927],[144.90562,-37.71725],[144.91952,-37.72504],[144.92441,-37.72879],[144.92423,-37.73187],[144.93384,-37.7445],[144.9082,-37.74132],[144.89252,-37.7374]]]},"properties":{"postcode":"3041","state":"VIC","icsea_avg":1109,"school_count":5,"icsea_band":5}},{"type":"Feature","geometry":{"type":"MultiPolygon","coordinates":[[[[144.86415,-37.72788],[144.872,-37.72021],[144.88846,-37.71078],[144.89221,-37.71701],[144.88941,-37.73451],[144.89252,-37.7374],[144.89043,-37.74889],[144.8815,-37.74788],[144.88232,-37.74319],[144.87968,-37.73786],[144.87637,-37.73705],[144.8725,-37.73054],[144.86415,-37.72788]]],[[[144.83811,-37.70933],[144.84752,-37.71038],[144.85943,-37.71242],[144.86006,-37.71837],[144.86582,-37.72295],[144.85989,-37.7275],[144.84652,-37.72527],[144.83747,-37.7175],[144.84156,-37.71317],[144.83811,-37.70933]]]]},"properties":{"postcode":"3042","state":"VIC","icsea_avg":1062,"school_count":5,"icsea_band":4}},{"type":"Feature","geometry":{"type":"Polygon","coordinates":[[[144.84752,-37.71038],[144.84803,-37.70476],[144.85178,-37.70181],[144.86247,-37.70624],[144.86962,-37.70704],[144.87124,-37.69786],[144.87427,-37.69288],[144.86396,-37.68285],[144.86634,-37.67792],[144.88227,-37.68912],[144.88349,-37.68218],[144.88659,-37.68051],[144.90492,-37.68115],[144.90575,-37.68887],[144.90959,-37.69402],[144.90468,-37.69769],[144.90326,-37.70408],[144.89754,-37.70927],[144.88846,-37.71078],[144.872,-37.72021],[144.86415,-37.72788],[144.85989,-37.7275],[144.86582,-37.72295],[144.86006,-37.71837],[144.85943,-37.71242],[144.84752,-37.71038]]]},"properties":{"postcode":"3043","state":"VIC","icsea_avg":1009,"school_count":5,"icsea_band":2}},{"type":"Feature","geometry":{"type":"Polygon","coordinates":[[[144.91952,-37.72504],[144.92122,-37.72131],[144.92805,-37.72202],[144.92994,-37.71622],[144.9371,-37.7139],[144.95211,-37.71566],[144.95171,-37.71807],[144.94847,-37.73951],[144.94575,-37.75328],[144.92694,-37.75107],[144.9292,-37.74545],[144.93384,-37.7445],[144.92423,-37.73187],[144.92441,-37.72879],[144.91952,-37.72504]]]},"properties":{"postcode":"3044","state":"VIC","icsea_avg":1047,"school_count":7,"icsea_band":3}},{"type":"Feature","geometry":{"type":"Polygon","coordinates":[[[144.86051,-37.66577],[144.86281,-37.67048],[144.86758,-37.67104],[144.86634,-37.67792],[144.86396,-37.68285],[144.87427,-37.69288],[144.87124,-37.69786],[144.86962,-37.70704],[144.86247,-37.70624],[144.85178,-37.70181],[144.84803,-37.70476],[144.84752,-37.71038],[144.83811,-37.70933],[144.83536,-37.70343],[144.83085,-37.70559],[144.82524,-37.70346],[144.82488,-37.69838],[144.81785,-37.69946],[144.81058,-37.69876],[144.8123,-37.69515],[144.82023,-37.69255],[144.81983,-37.68283],[144.81001,-37.68151],[144.807,-37.6832],[144.80334,-37.67527],[144.80475,-37.66952],[144.80884,-37.66497],[144.79764,-37.65475],[144.80568,-37.65292],[144.81337,-37.65509],[144.81586,-37.64127],[144.83392,-37.64399],[144.843,-37.64504],[144.84622,-37.65141],[144.84544,-37.65478],[144.85182,-37.65899],[144.85556,-37.65906],[144.86051,-37.66577]]]},"properties":{"postcode":"3045","state":"VIC","icsea_avg":null,"school_count":0,"icsea_band":0}},{"type":"Feature","geometry":{"type":"Polygon","coordinates":[[[144.90959,-37.69402],[144.919,-37.69469],[144.94927,-37.69234],[144.95711,-37.6922],[144.96053,-37.70453],[144.96298,-37.71922],[144.95171,-37.71807],[144.95211,-37.71566],[144.9371,-37.7139],[144.92994,-37.71622],[144.92805,-37.72202],[144.92122,-37.72131],[144.91952,-37.72504],[144.90562,-37.71725],[144.89754,-37.70927],[144.90326,-37.70408],[144.90468,-37.69769],[144.90959,-37.69402]]]},"properties":{"postcode":"3046","state":"VIC","icsea_avg":1018,"school_count":10,"icsea_band":2}},{"type":"Feature","geometry":{"type":"Polygon","coordinates":[[[144.90492,-37.68115],[144.91381,-37.67553],[144.92198,-37.66526],[144.92543,-37.66417],[144.9469,-37.66646],[144.95133,-37.67763],[144.95853,-37.69218],[144.95711,-37.6922],[144.94927,-37.69234],[144.919,-37.69469],[144.90959,-37.69402],[144.90575,-37.68887],[144.90492,-37.68115]]]},"properties":{"postcode":"3047","state":"VIC","icsea_avg":962,"school_count":14,"icsea_band":1}},{"type":"Feature","geometry":{"type":"Polygon","coordinates":[[[144.93488,-37.6414],[144.94116,-37.65262],[144.9469,-37.66646],[144.92543,-37.66417],[144.92198,-37.66526],[144.90688,-37.66203],[144.91068,-37.63828],[144.93488,-37.6414]]]},"properties":{"postcode":"3048","state":"VIC","icsea_avg":947,"school_count":4,"icsea_band":1}},{"type":"Feature","geometry":{"type":"Polygon","coordinates":[[[144.86634,-37.67792],[144.86758,-37.67104],[144.86281,-37.67048],[144.86051,-37.66577],[144.86917,-37.66621],[144.87068,-37.65834],[144.88403,-37.66023],[144.90688,-37.66203],[144.92198,-37.66526],[144.91381,-37.67553],[144.90492,-37.68115],[144.88659,-37.68051],[144.88349,-37.68218],[144.88227,-37.68912],[144.86634,-37.67792]]]},"properties":{"postcode":"3049","state":"VIC","icsea_avg":992,"school_count":1,"icsea_band":2}},{"type":"Feature","geometry":{"type":"Polygon","coordinates":[[[144.95599,-37.80588],[144.94208,-37.80437],[144.9359,-37.80229],[144.93569,-37.79507],[144.93735,-37.78945],[144.94036,-37.78762],[144.95733,-37.80155],[144.95847,-37.80404],[144.9595,-37.80629],[144.95599,-37.80588]]]},"properties":{"postcode":"3051","state":"VIC","icsea_avg":1023,"school_count":5,"icsea_band":3}},{"type":"Feature","geometry":{"type":"Polygon","coordinates":[[[144.94036,-37.78762],[144.93993,-37.78702],[144.93707,-37.77777],[144.93877,-37.77545],[144.9494,-37.77674],[144.96023,-37.77804],[144.95876,-37.78988],[144.95756,-37.79972],[144.95733,-37.80155],[144.94036,-37.78762]]]},"properties":{"postcode":"3052","state":"VIC","icsea_avg":1117,"school_count":1,"icsea_band":5}},{"type":"Feature","geometry":{"type":"Polygon","coordinates":[[[144.96411,-37.79273],[144.97572,-37.79305],[144.97319,-37.80792],[144.97136,-37.80773],[144.9595,-37.80629],[144.95847,-37.80404],[144.96103,-37.80011],[144.96411,-37.79273]]]},"properties":{"postcode":"3053","state":"VIC","icsea_avg":1045,"school_count":2,"icsea_band":3}},{"type":"Feature","geometry":{"type":"Polygon","coordinates":[[[144.97572,-37.79305],[144.96411,-37.79273],[144.95876,-37.78988],[144.96023,-37.77804],[144.97053,-37.77929],[144.97811,-37.78021],[144.97572,-37.79305]]]},"properties":{"postcode":"3054","state":"VIC","icsea_avg":1149,"school_count":3,"icsea_band":6}},{"type":"Feature","geometry":{"type":"Polygon","coordinates":[[[144.92694,-37.75107],[144.94575,-37.75328],[144.95386,-37.75423],[144.95065,-37.75623],[144.94854,-37.76999],[144.9494,-37.77674],[144.93877,-37.77545],[144.93707,-37.77777],[144.93648,-37.77379],[144.93845,-37.76117],[144.93381,-37.7594],[144.93502,-37.75326],[144.92694,-37.75107]]]},"properties":{"postcode":"3055","state":"VIC","icsea_avg":1146,"school_count":4,"icsea_band":6}},{"type":"Feature","geometry":{"type":"Polygon","coordinates":[[[144.9494,-37.77674],[144.94854,-37.76999],[144.95065,-37.75623],[144.95386,-37.75423],[144.97698,-37.75692],[144.97397,-37.7587],[144.97053,-37.77929],[144.96023,-37.77804],[144.9494,-37.77674]]]},"properties":{"postcode":"3056","state":"VIC","icsea_avg":1086,"school_count":3,"icsea_band":4}},{"type":"Feature","geometry":{"type":"Polygon","coordinates":[[[144.97698,-37.75692],[144.98018,-37.7573],[144.98429,-37.76506],[144.98445,-37.77124],[144.98687,-37.77438],[144.9792,-37.7735],[144.97811,-37.78021],[144.97053,-37.77929],[144.97397,-37.7587],[144.97698,-37.75692]]]},"properties":{"postcode":"3057","state":"VIC","icsea_avg":1152,"school_count":3,"icsea_band":6}},{"type":"Feature","geometry":{"type":"Polygon","coordinates":[[[144.94575,-37.75328],[144.94847,-37.73951],[144.95171,-37.71807],[144.96298,-37.71922],[144.97271,-37.7202],[144.9787,-37.71925],[144.98527,-37.72137],[144.98421,-37.72792],[144.98297,-37.73578],[144.97979,-37.74276],[144.98084,-37.75027],[144.98018,-37.7573],[144.97698,-37.75692],[144.95386,-37.75423],[144.94575,-37.75328]]]},"properties":{"postcode":"3058","state":"VIC","icsea_avg":1088,"school_count":12,"icsea_band":4}},{"type":"Feature","geometry":{"type":"Polygon","coordinates":[[[144.83392,-37.64399],[144.83636,-37.6296],[144.87314,-37.63375],[144.89756,-37.63716],[144.91039,-37.63825],[144.91068,-37.63828],[144.90688,-37.66203],[144.88403,-37.66023],[144.87068,-37.65834],[144.86917,-37.66621],[144.86051,-37.66577],[144.85556,-37.65906],[144.85182,-37.65899],[144.84544,-37.65478],[144.84622,-37.65141],[144.843,-37.64504],[144.83392,-37.64399]]]},"properties":{"postcode":"3059","state":"VIC","icsea_avg":1039,"school_count":7,"icsea_band":3}},{"type":"Feature","geometry":{"type":"Polygon","coordinates":[[[144.9787,-37.71925],[144.97271,-37.7202],[144.96298,-37.71922],[144.96053,-37.70453],[144.95711,-37.6922],[144.95853,-37.69218],[144.97206,-37.691],[144.98252,-37.70296],[144.97867,-37.70528],[144.97719,-37.71037],[144.98052,-37.71434],[144.9787,-37.71925]]]},"properties":{"postcode":"3060","state":"VIC","icsea_avg":1014,"school_count":6,"icsea_band":2}},{"type":"Feature","geometry":{"type":"Polygon","coordinates":[[[144.97406,-37.66911],[144.97627,-37.67174],[144.97251,-37.67736],[144.9707,-37.6877],[144.97206,-37.691],[144.95853,-37.69218],[144.95133,-37.67763],[144.9469,-37.66646],[144.94116,-37.65262],[144.93488,-37.6414],[144.95142,-37.64407],[144.97402,-37.64654],[144.97476,-37.65925],[144.97235,-37.66372],[144.97406,-37.66911]]]},"properties":{"postcode":"3061","state":"VIC","icsea_avg":943,"school_count":1,"icsea_band":1}},{"type":"Feature","geometry":{"type":"Polygon","coordinates":[[[144.97402,-37.64654],[144.95142,-37.64407],[144.93488,-37.6414],[144.93901,-37.62093],[144.95363,-37.62258],[144.95903,-37.62847],[144.95855,-37.63442],[144.96551,-37.63589],[144.97402,-37.64654]]]},"properties":{"postcode":"3062","state":"VIC","icsea_avg":null,"school_count":0,"icsea_band":0}},{"type":"Feature","geometry":{"type":"Polygon","coordinates":[[[144.84943,-37.5513],[144.8525,-37.55802],[144.85773,-37.5617],[144.86716,-37.5609],[144.86633,-37.56556],[144.8758,-37.56665],[144.87657,-37.56196],[144.90417,-37.56535],[144.89941,-37.59227],[144.90391,-37.59556],[144.91258,-37.59899],[144.91122,-37.60992],[144.91332,-37.61403],[144.91598,-37.62298],[144.91161,-37.63131],[144.91039,-37.63825],[144.89756,-37.63716],[144.87314,-37.63375],[144.83636,-37.6296],[144.81838,-37.62762],[144.81973,-37.61998],[144.81172,-37.61349],[144.80429,-37.61367],[144.80206,-37.60918],[144.80367,-37.60942],[144.81769,-37.60118],[144.81357,-37.59768],[144.81136,-37.59056],[144.80723,-37.59042],[144.81268,-37.58168],[144.81885,-37.58172],[144.82204,-37.57881],[144.81903,-37.57278],[144.83024,-37.56523],[144.82845,-37.56123],[144.83187,-37.55603],[144.84265,-37.55618],[144.84943,-37.5513]]]},"properties":{"postcode":"3063","state":"VIC","icsea_avg":null,"school_count":0,"icsea_band":0}},{"type":"Feature","geometry":{"type":"Polygon","coordinates":[[[144.96395,-37.55734],[144.96554,-37.56024],[144.9633,-37.56699],[144.96534,-37.57225],[144.96241,-37.57747],[144.95755,-37.58156],[144.95579,-37.59138],[144.953,-37.59642],[144.95235,-37.60682],[144.94685,-37.60698],[144.95569,-37.61632],[144.95363,-37.62258],[144.93901,-37.62093],[144.93488,-37.6414],[144.91068,-37.63828],[144.91039,-37.63825],[144.91161,-37.63131],[144.91598,-37.62298],[144.91332,-37.61403],[144.91122,-37.60992],[144.91258,-37.59899],[144.90391,-37.59556],[144.89941,-37.59227],[144.90417,-37.56535],[144.87657,-37.56196],[144.8758,-37.56665],[144.86633,-37.56556],[144.86716,-37.5609],[144.85773,-37.5617],[144.8525,-37.55802],[144.84943,-37.5513],[144.85376,-37.54752],[144.85423,-37.54231],[144.85054,-37.53589],[144.85684,-37.52954],[144.86228,-37.52738],[144.87051,-37.51554],[144.86685,-37.50812],[144.87511,-37.50216],[144.87793,-37.50542],[144.88346,-37.50345],[144.89037,-37.50396],[144.94994,-37.51122],[144.97721,-37.51373],[144.97454,-37.51591],[144.97394,-37.52419],[144.97675,-37.52881],[144.97214,-37.53542],[144.96869,-37.53478],[144.95508,-37.54353],[144.9531,-37.54799],[144.96074,-37.5566],[144.96395,-37.55734]]]},"properties":{"postcode":"3064","state":"VIC","icsea_avg":991,"school_count":27,"icsea_band":2}},{"type":"Feature","geometry":{"type":"Polygon","coordinates":[[[144.97319,-37.80792],[144.97572,-37.79305],[144.9851,-37.79417],[144.98255,-37.80892],[144.97319,-37.80792]]]},"properties":{"postcode":"3065","state":"VIC","icsea_avg":1014,"school_count":3,"icsea_band":2}},{"type":"Feature","geometry":{"type":"Polygon","coordinates":[[[144.98255,-37.80892],[144.9851,-37.79417],[144.9936,-37.79605],[144.99135,-37.80973],[144.98255,-37.80892]]]},"properties":{"postcode":"3066","state":"VIC","icsea_avg":952,"school_count":3,"icsea_band":1}},{"type":"Feature","geometry":{"type":"Polygon","coordinates":[[[144.99135,-37.80973],[144.9936,-37.79605],[145.00129,-37.7956],[145.00195,-37.79666],[145.00002,-37.79829],[145.00764,-37.80331],[145.00953,-37.81048],[145.01541,-37.81214],[144.99135,-37.80973]]]},"properties":{"postcode":"3067","state":"VIC","icsea_avg":1142,"school_count":2,"icsea_band":6}},{"type":"Feature","geometry":{"type":"Polygon","coordinates":[[[144.98687,-37.77438],[144.99211,-37.78263],[144.99646,-37.78524],[145.00423,-37.78437],[145.00848,-37.78889],[145.00129,-37.7956],[144.9936,-37.79605],[144.9851,-37.79417],[144.97572,-37.79305],[144.97811,-37.78021],[144.9792,-37.7735],[144.98687,-37.77438]]]},"properties":{"postcode":"3068","state":"VIC","icsea_avg":1169,"school_count":7,"icsea_band":6}},{"type":"Feature","geometry":{"type":"Polygon","coordinates":[[[145.01704,-37.76513],[145.01431,-37.78383],[145.00423,-37.78437],[144.99646,-37.78524],[144.99211,-37.78263],[144.98687,-37.77438],[144.98445,-37.77124],[144.98429,-37.76506],[144.98738,-37.76144],[145.01704,-37.76513]]]},"properties":{"postcode":"3070","state":"VIC","icsea_avg":1125,"school_count":6,"icsea_band":5}},{"type":"Feature","geometry":{"type":"Polygon","coordinates":[[[144.98429,-37.76506],[144.98018,-37.7573],[144.98084,-37.75027],[145.03135,-37.75571],[145.02792,-37.76251],[145.0312,-37.76663],[145.01704,-37.76513],[144.98738,-37.76144],[144.98429,-37.76506]]]},"properties":{"postcode":"3071","state":"VIC","icsea_avg":1084,"school_count":7,"icsea_band":4}},{"type":"Feature","geometry":{"type":"Polygon","coordinates":[[[144.98421,-37.72792],[144.99155,-37.7294],[145.00538,-37.73009],[145.03827,-37.73377],[145.03199,-37.73776],[145.0361,-37.74686],[145.03147,-37.75084],[145.03128,-37.75563],[145.03135,-37.75571],[144.98084,-37.75027],[144.97979,-37.74276],[144.98297,-37.73578],[144.98421,-37.72792]]]},"properties":{"postcode":"3072","state":"VIC","icsea_avg":1086,"school_count":12,"icsea_band":4}},{"type":"Feature","geometry":{"type":"Polygon","coordinates":[[[145.03466,-37.72084],[145.0386,-37.72732],[145.03827,-37.73377],[145.00538,-37.73009],[144.99155,-37.7294],[144.98421,-37.72792],[144.98527,-37.72137],[144.9787,-37.71925],[144.98052,-37.71434],[144.97719,-37.71037],[144.97867,-37.70528],[144.98252,-37.70296],[144.97206,-37.691],[145.0114,-37.69485],[145.03246,-37.69734],[145.03474,-37.70214],[145.03402,-37.71204],[145.02691,-37.71178],[145.02346,-37.71453],[145.03165,-37.72197],[145.03466,-37.72084]]]},"properties":{"postcode":"3073","state":"VIC","icsea_avg":1021,"school_count":13,"icsea_band":3}},{"type":"Feature","geometry":{"type":"Polygon","coordinates":[[[144.97206,-37.691],[144.9707,-37.6877],[144.97251,-37.67736],[144.97627,-37.67174],[144.97406,-37.66911],[145.00046,-37.67213],[145.00972,-37.67234],[145.0152,-37.67482],[145.02982,-37.67646],[145.03079,-37.67497],[145.04224,-37.67647],[145.04186,-37.68528],[145.04859,-37.68428],[145.0518,-37.68648],[145.04307,-37.69098],[145.04078,-37.69531],[145.03246,-37.69734],[145.0114,-37.69485],[144.97206,-37.691]]]},"properties":{"postcode":"3074","state":"VIC","icsea_avg":990,"school_count":8,"icsea_band":2}},{"type":"Feature","geometry":{"type":"Polygon","coordinates":[[[144.97402,-37.64654],[144.99048,-37.64833],[145.00727,-37.65025],[145.01004,-37.65634],[145.00833,-37.65849],[145.03645,-37.66144],[145.03552,-37.66552],[145.04356,-37.67205],[145.04224,-37.67647],[145.03079,-37.67497],[145.02982,-37.67646],[145.0152,-37.67482],[145.00972,-37.67234],[145.00046,-37.67213],[144.97406,-37.66911],[144.97235,-37.66372],[144.97476,-37.65925],[144.97402,-37.64654]]]},"properties":{"postcode":"3075","state":"VIC","icsea_avg":998,"school_count":8,"icsea_band":2}},{"type":"Feature","geometry":{"type":"Polygon","coordinates":[[[145.06773,-37.64903],[145.0422,-37.65178],[145.03645,-37.66144],[145.00833,-37.65849],[145.01004,-37.65634],[145.00727,-37.65025],[144.99048,-37.64833],[144.99362,-37.63261],[144.99345,-37.62553],[144.99068,-37.61914],[145.04242,-37.62435],[145.06451,-37.62635],[145.06035,-37.63293],[145.06378,-37.63732],[145.06316,-37.64238],[145.06773,-37.64903]]]},"properties":{"postcode":"3076","state":"VIC","icsea_avg":1013,"school_count":11,"icsea_band":2}},{"type":"Feature","geometry":{"type":"Polygon","coordinates":[[[145.01704,-37.76513],[145.0312,-37.76663],[145.03658,-37.7705],[145.03471,-37.77857],[145.0402,-37.78422],[145.04043,-37.78977],[145.03211,-37.78996],[145.02854,-37.78706],[145.01537,-37.78574],[145.01938,-37.79286],[145.01742,-37.79534],[145.01933,-37.80366],[145.0114,-37.79901],[145.0077,-37.80082],[145.00195,-37.79666],[145.00129,-37.7956],[145.00848,-37.78889],[145.00423,-37.78437],[145.01431,-37.78383],[145.01704,-37.76513]]]},"properties":{"postcode":"3078","state":"VIC","icsea_avg":1158,"school_count":4,"icsea_band":6}},{"type":"Feature","geometry":{"type":"Polygon","coordinates":[[[145.07214,-37.76665],[145.06711,-37.78094],[145.06307,-37.78144],[145.05593,-37.7823],[145.0463,-37.7807],[145.0402,-37.78422],[145.03471,-37.77857],[145.03658,-37.7705],[145.0312,-37.76663],[145.02792,-37.76251],[145.03135,-37.75571],[145.03128,-37.75563],[145.05364,-37.75802],[145.05154,-37.76831],[145.0648,-37.76947],[145.0669,-37.7663],[145.07214,-37.76665]]]},"properties":{"postcode":"3079","state":"VIC","icsea_avg":1160,"school_count":6,"icsea_band":6}},{"type":"Feature","geometry":{"type":"Polygon","coordinates":[[[145.03827,-37.73377],[145.0386,-37.72732],[145.05561,-37.72883],[145.06085,-37.72972],[145.05628,-37.75541],[145.05364,-37.75802],[145.03128,-37.75563],[145.03147,-37.75084],[145.0361,-37.74686],[145.03199,-37.73776],[145.03827,-37.73377]]]},"properties":{"postcode":"3081","state":"VIC","icsea_avg":1010,"school_count":2,"icsea_band":2}},{"type":"Feature","geometry":{"type":"Polygon","coordinates":[[[145.04224,-37.67647],[145.04356,-37.67205],[145.03552,-37.66552],[145.03645,-37.66144],[145.0422,-37.65178],[145.06773,-37.64903],[145.08813,-37.65124],[145.08366,-37.65408],[145.09488,-37.66187],[145.08731,-37.66771],[145.08474,-37.67916],[145.06966,-37.67884],[145.04224,-37.67647]]]},"properties":{"postcode":"3082","state":"VIC","icsea_avg":1041,"school_count":6,"icsea_band":3}},{"type":"Feature","geometry":{"type":"Polygon","coordinates":[[[145.04224,-37.67647],[145.06966,-37.67884],[145.08474,-37.67916],[145.09136,-37.67939],[145.10354,-37.68294],[145.09964,-37.68947],[145.0789,-37.68813],[145.08101,-37.69307],[145.07945,-37.70206],[145.07645,-37.70176],[145.07495,-37.70879],[145.06958,-37.70821],[145.05835,-37.71058],[145.05519,-37.71442],[145.05098,-37.71562],[145.04498,-37.71373],[145.04238,-37.71768],[145.03466,-37.72084],[145.03165,-37.72197],[145.02346,-37.71453],[145.02691,-37.71178],[145.03402,-37.71204],[145.03474,-37.70214],[145.03246,-37.69734],[145.04078,-37.69531],[145.04307,-37.69098],[145.0518,-37.68648],[145.04859,-37.68428],[145.04186,-37.68528],[145.04224,-37.67647]]]},"properties":{"postcode":"3083","state":"VIC","icsea_avg":1051,"school_count":9,"icsea_band":3}},{"type":"Feature","geometry":{"type":"Polygon","coordinates":[[[145.05364,-37.75802],[145.05628,-37.75541],[145.06085,-37.72972],[145.07303,-37.73062],[145.07876,-37.73344],[145.09725,-37.72874],[145.10711,-37.73002],[145.10418,-37.73341],[145.10751,-37.73824],[145.10309,-37.74029],[145.10123,-37.74734],[145.09822,-37.74902],[145.09348,-37.75302],[145.09158,-37.75432],[145.08242,-37.75158],[145.07778,-37.75448],[145.07922,-37.76245],[145.07602,-37.76747],[145.07214,-37.76665],[145.0669,-37.7663],[145.0648,-37.76947],[145.05154,-37.76831],[145.05364,-37.75802]]]},"properties":{"postcode":"3084","state":"VIC","icsea_avg":1129,"school_count":9,"icsea_band":5}},{"type":"Feature","geometry":{"type":"Polygon","coordinates":[[[145.05519,-37.71442],[145.05835,-37.71058],[145.06958,-37.70821],[145.07495,-37.70879],[145.07451,-37.71621],[145.092,-37.71729],[145.09346,-37.71836],[145.11067,-37.72031],[145.11055,-37.72254],[145.10711,-37.73002],[145.09725,-37.72874],[145.07876,-37.73344],[145.07303,-37.73062],[145.06085,-37.72972],[145.05561,-37.72883],[145.05784,-37.72347],[145.05519,-37.71442]]]},"properties":{"postcode":"3085","state":"VIC","icsea_avg":1019,"school_count":3,"icsea_band":3}},{"type":"Feature","geometry":{"type":"Polygon","coordinates":[[[145.0386,-37.72732],[145.03466,-37.72084],[145.04238,-37.71768],[145.04498,-37.71373],[145.05098,-37.71562],[145.05519,-37.71442],[145.05784,-37.72347],[145.05561,-37.72883],[145.0386,-37.72732]]]},"properties":{"postcode":"3086","state":"VIC","icsea_avg":1082,"school_count":1,"icsea_band":4}},{"type":"Feature","geometry":{"type":"Polygon","coordinates":[[[145.07495,-37.70879],[145.07645,-37.70176],[145.07945,-37.70206],[145.08101,-37.69307],[145.0789,-37.68813],[145.08821,-37.69108],[145.09246,-37.69515],[145.08871,-37.70574],[145.08915,-37.71052],[145.09294,-37.71137],[145.092,-37.71729],[145.07451,-37.71621],[145.07495,-37.70879]]]},"properties":{"postcode":"3087","state":"VIC","icsea_avg":1054,"school_count":3,"icsea_band":3}},{"type":"Feature","geometry":{"type":"Polygon","coordinates":[[[145.13256,-37.7097],[145.12021,-37.70944],[145.11133,-37.71348],[145.11067,-37.72031],[145.09346,-37.71836],[145.092,-37.71729],[145.09294,-37.71137],[145.08915,-37.71052],[145.08871,-37.70574],[145.09246,-37.69515],[145.08821,-37.69108],[145.0789,-37.68813],[145.09964,-37.68947],[145.10354,-37.68294],[145.11238,-37.68233],[145.11677,-37.67953],[145.12205,-37.68071],[145.13346,-37.68472],[145.1437,-37.68262],[145.14294,-37.68677],[145.1366,-37.68618],[145.13215,-37.68961],[145.136,-37.69284],[145.1364,-37.69693],[145.12833,-37.70114],[145.1281,-37.70471],[145.13256,-37.7097]]]},"properties":{"postcode":"3088","state":"VIC","icsea_avg":1083,"school_count":11,"icsea_band":4}},{"type":"Feature","geometry":{"type":"Polygon","coordinates":[[[145.17965,-37.68608],[145.17861,-37.69118],[145.14294,-37.68677],[145.1437,-37.68262],[145.13346,-37.68472],[145.12205,-37.68071],[145.12609,-37.67406],[145.13072,-37.67457],[145.13383,-37.66208],[145.13844,-37.658],[145.13932,-37.65198],[145.15067,-37.65324],[145.15215,-37.6468],[145.15683,-37.64443],[145.1609,-37.63931],[145.16377,-37.63054],[145.1688,-37.63113],[145.16608,-37.63744],[145.1744,-37.63938],[145.17317,-37.64568],[145.17549,-37.6509],[145.18705,-37.65219],[145.18675,-37.65472],[145.1813,-37.65954],[145.18008,-37.66645],[145.17539,-37.6689],[145.18241,-37.67309],[145.17965,-37.68608]]]},"properties":{"postcode":"3089","state":"VIC","icsea_avg":1058,"school_count":4,"icsea_band":3}},{"type":"Feature","geometry":{"type":"Polygon","coordinates":[[[145.10762,-37.65337],[145.11756,-37.65437],[145.13213,-37.64925],[145.13324,-37.65388],[145.13844,-37.658],[145.13383,-37.66208],[145.13072,-37.67457],[145.12609,-37.67406],[145.12205,-37.68071],[145.11677,-37.67953],[145.11238,-37.68233],[145.10354,-37.68294],[145.09136,-37.67939],[145.08474,-37.67916],[145.08731,-37.66771],[145.09488,-37.66187],[145.10111,-37.66252],[145.10272,-37.65813],[145.10762,-37.65337]]]},"properties":{"postcode":"3090","state":"VIC","icsea_avg":null,"school_count":0,"icsea_band":0}},{"type":"Feature","geometry":{"type":"Polygon","coordinates":[[[145.12278,-37.62236],[145.12866,-37.61919],[145.13925,-37.6204],[145.15331,-37.62499],[145.16656,-37.62475],[145.1688,-37.63113],[145.16377,-37.63054],[145.1609,-37.63931],[145.15683,-37.64443],[145.15215,-37.6468],[145.15067,-37.65324],[145.13932,-37.65198],[145.13844,-37.658],[145.13324,-37.65388],[145.13213,-37.64925],[145.11756,-37.65437],[145.10762,-37.65337],[145.10664,-37.64778],[145.10344,-37.64408],[145.10778,-37.64009],[145.1097,-37.63203],[145.11363,-37.62788],[145.11911,-37.62784],[145.12278,-37.62236]]]},"properties":{"postcode":"3091","state":"VIC","icsea_avg":1052,"school_count":1,"icsea_band":3}},{"type":"Feature","geometry":{"type":"Polygon","coordinates":[[[145.10711,-37.73002],[145.11055,-37.72254],[145.11893,-37.72329],[145.12667,-37.72849],[145.13489,-37.7321],[145.13567,-37.74091],[145.13314,-37.74281],[145.1226,-37.74058],[145.12,-37.74462],[145.12114,-37.75231],[145.1129,-37.75525],[145.10718,-37.7549],[145.09822,-37.74902],[145.10123,-37.74734],[145.10309,-37.74029],[145.10751,-37.73824],[145.10418,-37.73341],[145.10711,-37.73002]]]},"properties":{"postcode":"3093","state":"VIC","icsea_avg":1093,"school_count":1,"icsea_band":4}},{"type":"Feature","geometry":{"type":"Polygon","coordinates":[[[145.11055,-37.72254],[145.11067,-37.72031],[145.11133,-37.71348],[145.12021,-37.70944],[145.13256,-37.7097],[145.13779,-37.71796],[145.13489,-37.7321],[145.12667,-37.72849],[145.11893,-37.72329],[145.11055,-37.72254]]]},"properties":{"postcode":"3094","state":"VIC","icsea_avg":1108,"school_count":4,"icsea_band":5}},{"type":"Feature","geometry":{"type":"Polygon","coordinates":[[[145.17965,-37.68608],[145.18326,-37.68968],[145.19174,-37.68951],[145.19902,-37.69263],[145.19751,-37.70072],[145.21359,-37.70253],[145.21176,-37.71165],[145.20211,-37.71093],[145.20089,-37.72253],[145.19431,-37.72469],[145.19424,-37.731],[145.18132,-37.72984],[145.17771,-37.73842],[145.17668,-37.73538],[145.16555,-37.73422],[145.16124,-37.73746],[145.15549,-37.73397],[145.14544,-37.7386],[145.13811,-37.73822],[145.13567,-37.74091],[145.13489,-37.7321],[145.13779,-37.71796],[145.13256,-37.7097],[145.1281,-37.70471],[145.12833,-37.70114],[145.1364,-37.69693],[145.136,-37.69284],[145.13215,-37.68961],[145.1366,-37.68618],[145.14294,-37.68677],[145.17861,-37.69118],[145.17965,-37.68608]]]},"properties":{"postcode":"3095","state":"VIC","icsea_avg":1111,"school_count":11,"icsea_band":5}},{"type":"Feature","geometry":{"type":"Polygon","coordinates":[[[145.18675,-37.65472],[145.19638,-37.65134],[145.21044,-37.65681],[145.20848,-37.66195],[145.20003,-37.66664],[145.19835,-37.67335],[145.19989,-37.67611],[145.1984,-37.68253],[145.19174,-37.68951],[145.18326,-37.68968],[145.17965,-37.68608],[145.18241,-37.67309],[145.17539,-37.6689],[145.18008,-37.66645],[145.1813,-37.65954],[145.18675,-37.65472]]]},"properties":{"postcode":"3096","state":"VIC","icsea_avg":1055,"school_count":1,"icsea_band":3}},{"type":"Feature","geometry":{"type":"Polygon","coordinates":[[[145.23575,-37.72017],[145.23262,-37.71588],[145.22703,-37.71647],[145.2226,-37.71383],[145.21176,-37.71165],[145.21359,-37.70253],[145.19751,-37.70072],[145.19902,-37.69263],[145.19174,-37.68951],[145.1984,-37.68253],[145.19989,-37.67611],[145.19835,-37.67335],[145.20003,-37.66664],[145.20848,-37.66195],[145.21044,-37.65681],[145.21941,-37.65792],[145.22005,-37.66654],[145.22489,-37.66343],[145.23651,-37.66543],[145.24329,-37.66262],[145.25142,-37.66496],[145.25124,-37.67007],[145.25601,-37.67027],[145.26525,-37.67845],[145.26482,-37.68895],[145.27494,-37.69127],[145.28178,-37.68594],[145.29053,-37.68802],[145.29466,-37.68595],[145.30286,-37.68749],[145.30377,-37.68213],[145.3114,-37.68441],[145.30987,-37.69226],[145.30232,-37.69054],[145.29022,-37.69411],[145.28766,-37.70025],[145.29677,-37.7038],[145.29328,-37.70954],[145.29231,-37.70244],[145.28699,-37.70318],[145.28273,-37.70857],[145.28497,-37.71167],[145.27273,-37.71605],[145.2757,-37.71042],[145.27266,-37.70795],[145.26063,-37.70795],[145.25391,-37.71708],[145.24093,-37.72502],[145.23575,-37.72017]]]},"properties":{"postcode":"3097","state":"VIC","icsea_avg":1085,"school_count":1,"icsea_band":4}},{"type":"Feature","geometry":{"type":"Polygon","coordinates":[[[145.16656,-37.62475],[145.17332,-37.61769],[145.17498,-37.60991],[145.17048,-37.60924],[145.17443,-37.5951],[145.17765,-37.59548],[145.18057,-37.58468],[145.18694,-37.58173],[145.17318,-37.58007],[145.17314,-37.57008],[145.16728,-37.57111],[145.14403,-37.57261],[145.14946,-37.5653],[145.16499,-37.55801],[145.16889,-37.55132],[145.16678,-37.54884],[145.17543,-37.54286],[145.17992,-37.53644],[145.21527,-37.5406],[145.2164,-37.53478],[145.22338,-37.5356],[145.2216,-37.54442],[145.22594,-37.54492],[145.22697,-37.53934],[145.23893,-37.53737],[145.24843,-37.53851],[145.25178,-37.53223],[145.25379,-37.52193],[145.25702,-37.52233],[145.25832,-37.51561],[145.26364,-37.51627],[145.2647,-37.51085],[145.2766,-37.51233],[145.27944,-37.50724],[145.28054,-37.50078],[145.28399,-37.49738],[145.29439,-37.49858],[145.29284,-37.50688],[145.298,-37.50833],[145.29706,-37.51369],[145.31383,-37.51556],[145.30908,-37.51975],[145.32057,-37.52817],[145.3285,-37.52913],[145.33381,-37.53261],[145.33267,-37.53918],[145.31651,-37.53736],[145.3197,-37.54168],[145.31851,-37.54845],[145.30951,-37.54744],[145.30626,-37.54466],[145.29353,-37.54877],[145.28759,-37.54889],[145.28765,-37.55245],[145.27651,-37.55267],[145.2714,-37.55464],[145.27066,-37.55894],[145.26304,-37.55803],[145.2619,-37.56417],[145.25615,-37.56518],[145.25704,-37.56895],[145.25493,-37.57551],[145.25839,-37.58146],[145.25507,-37.58533],[145.25102,-37.58399],[145.25119,-37.59211],[145.24495,-37.59793],[145.24612,-37.60435],[145.24286,-37.6083],[145.25123,-37.61422],[145.24589,-37.62033],[145.23606,-37.62336],[145.21845,-37.62271],[145.22609,-37.6285],[145.22312,-37.63636],[145.21993,-37.63686],[145.21768,-37.64504],[145.22216,-37.64927],[145.21941,-37.65792],[145.21044,-37.65681],[145.19638,-37.65134],[145.18675,-37.65472],[145.18705,-37.65219],[145.17549,-37.6509],[145.17317,-37.64568],[145.1744,-37.63938],[145.16608,-37.63744],[145.1688,-37.63113],[145.16656,-37.62475]]]},"properties":{"postcode":"3099","state":"VIC","icsea_avg":1030,"school_count":4,"icsea_band":3}},{"type":"Feature","geometry":{"type":"Polygon","coordinates":[[[145.04043,-37.78977],[145.04099,-37.79674],[145.05052,-37.79931],[145.06252,-37.80079],[145.05964,-37.81588],[145.05936,-37.81737],[145.0463,-37.81581],[145.01541,-37.81214],[145.00953,-37.81048],[145.00764,-37.80331],[145.00002,-37.79829],[145.00195,-37.79666],[145.0077,-37.80082],[145.0114,-37.79901],[145.01933,-37.80366],[145.01742,-37.79534],[145.01938,-37.79286],[145.01537,-37.78574],[145.02854,-37.78706],[145.03211,-37.78996],[145.04043,-37.78977]]]},"properties":{"postcode":"3101","state":"VIC","icsea_avg":1154,"school_count":12,"icsea_band":6}},{"type":"Feature","geometry":{"type":"Polygon","coordinates":[[[145.04043,-37.78977],[145.0402,-37.78422],[145.0463,-37.7807],[145.05593,-37.7823],[145.06307,-37.78144],[145.06504,-37.78751],[145.06252,-37.80079],[145.05052,-37.79931],[145.04099,-37.79674],[145.04043,-37.78977]]]},"properties":{"postcode":"3102","state":"VIC","icsea_avg":1148,"school_count":3,"icsea_band":6}},{"type":"Feature","geometry":{"type":"Polygon","coordinates":[[[145.10406,-37.80214],[145.10255,-37.80998],[145.09938,-37.81501],[145.08849,-37.8137],[145.08691,-37.81911],[145.05964,-37.81588],[145.06252,-37.80079],[145.09234,-37.8047],[145.10064,-37.80426],[145.10406,-37.80214]]]},"properties":{"postcode":"3103","state":"VIC","icsea_avg":1151,"school_count":5,"icsea_band":6}},{"type":"Feature","geometry":{"type":"Polygon","coordinates":[[[145.10851,-37.79294],[145.10406,-37.80214],[145.10064,-37.80426],[145.09234,-37.8047],[145.06252,-37.80079],[145.06504,-37.78751],[145.06307,-37.78144],[145.06711,-37.78094],[145.07463,-37.77958],[145.07885,-37.77699],[145.0832,-37.78012],[145.09566,-37.78011],[145.09869,-37.78214],[145.10551,-37.79186],[145.10851,-37.79294]]]},"properties":{"postcode":"3104","state":"VIC","icsea_avg":1138,"school_count":6,"icsea_band":5}},{"type":"Feature","geometry":{"type":"Polygon","coordinates":[[[145.06711,-37.78094],[145.07214,-37.76665],[145.07602,-37.76747],[145.07922,-37.76245],[145.07778,-37.75448],[145.08242,-37.75158],[145.09158,-37.75432],[145.09348,-37.75302],[145.09334,-37.75839],[145.10121,-37.76303],[145.1,-37.76939],[145.10475,-37.77242],[145.10321,-37.78216],[145.09869,-37.78214],[145.09566,-37.78011],[145.0832,-37.78012],[145.07885,-37.77699],[145.07463,-37.77958],[145.06711,-37.78094]]]},"properties":{"postcode":"3105","state":"VIC","icsea_avg":1098,"school_count":3,"icsea_band":4}},{"type":"Feature","geometry":{"type":"Polygon","coordinates":[[[145.13146,-37.76727],[145.12733,-37.7662],[145.12654,-37.76185],[145.12271,-37.75833],[145.12114,-37.75231],[145.12,-37.74462],[145.1226,-37.74058],[145.13314,-37.74281],[145.13567,-37.74091],[145.13811,-37.73822],[145.14544,-37.7386],[145.15549,-37.73397],[145.16124,-37.73746],[145.16555,-37.73422],[145.17668,-37.73538],[145.17771,-37.73842],[145.17553,-37.74998],[145.16911,-37.7492],[145.16444,-37.77523],[145.14619,-37.7731],[145.14512,-37.77858],[145.13545,-37.77328],[145.13617,-37.7701],[145.13146,-37.76727]]]},"properties":{"postcode":"3106","state":"VIC","icsea_avg":1140,"school_count":2,"icsea_band":6}},{"type":"Feature","geometry":{"type":"Polygon","coordinates":[[[145.09348,-37.75302],[145.09822,-37.74902],[145.10718,-37.7549],[145.1129,-37.75525],[145.12114,-37.75231],[145.12271,-37.75833],[145.12654,-37.76185],[145.12733,-37.7662],[145.13146,-37.76727],[145.12323,-37.7796],[145.11433,-37.7739],[145.10475,-37.77242],[145.1,-37.76939],[145.10121,-37.76303],[145.09334,-37.75839],[145.09348,-37.75302]]]},"properties":{"postcode":"3107","state":"VIC","icsea_avg":1105,"school_count":4,"icsea_band":4}},{"type":"Feature","geometry":{"type":"Polygon","coordinates":[[[145.09869,-37.78214],[145.10321,-37.78216],[145.10475,-37.77242],[145.11433,-37.7739],[145.12323,-37.7796],[145.13146,-37.76727],[145.13617,-37.7701],[145.13545,-37.77328],[145.14512,-37.77858],[145.14222,-37.79709],[145.13282,-37.79534],[145.12488,-37.79876],[145.10851,-37.79294],[145.10551,-37.79186],[145.09869,-37.78214]]]},"properties":{"postcode":"3108","state":"VIC","icsea_avg":1123,"school_count":4,"icsea_band":5}},{"type":"Feature","geometry":{"type":"Polygon","coordinates":[[[145.14512,-37.77858],[145.14619,-37.7731],[145.16444,-37.77523],[145.16911,-37.7492],[145.17553,-37.74998],[145.17966,-37.75167],[145.18284,-37.75861],[145.18413,-37.76538],[145.18323,-37.77435],[145.17638,-37.77368],[145.17428,-37.78644],[145.17075,-37.79168],[145.16776,-37.80249],[145.15184,-37.799],[145.14666,-37.79985],[145.14222,-37.79718],[145.14222,-37.79709],[145.14512,-37.77858]]]},"properties":{"postcode":"3109","state":"VIC","icsea_avg":1132,"school_count":6,"icsea_band":5}},{"type":"Feature","geometry":{"type":"Polygon","coordinates":[[[145.18737,-37.80263],[145.17373,-37.80404],[145.16958,-37.80297],[145.16776,-37.80249],[145.17075,-37.79168],[145.17428,-37.78644],[145.17638,-37.77368],[145.18323,-37.77435],[145.18413,-37.76538],[145.18632,-37.76101],[145.1987,-37.76587],[145.19894,-37.77168],[145.19029,-37.77599],[145.19382,-37.77934],[145.19506,-37.78534],[145.20208,-37.78994],[145.21313,-37.79116],[145.21651,-37.78907],[145.22116,-37.79245],[145.21721,-37.79088],[145.21353,-37.81177],[145.20536,-37.80559],[145.19029,-37.80556],[145.18737,-37.80263]]]},"properties":{"postcode":"3111","state":"VIC","icsea_avg":1098,"school_count":5,"icsea_band":4}},{"type":"Feature","geometry":{"type":"Polygon","coordinates":[[[145.17553,-37.74998],[145.17771,-37.73842],[145.18132,-37.72984],[145.19424,-37.731],[145.19431,-37.72469],[145.20089,-37.72253],[145.20211,-37.71093],[145.21176,-37.71165],[145.2226,-37.71383],[145.22703,-37.71647],[145.23262,-37.71588],[145.23575,-37.72017],[145.23676,-37.72713],[145.24232,-37.72832],[145.24468,-37.74162],[145.24235,-37.75442],[145.23407,-37.75358],[145.23186,-37.76368],[145.20439,-37.76084],[145.20175,-37.77251],[145.19894,-37.77168],[145.1987,-37.76587],[145.18632,-37.76101],[145.18413,-37.76538],[145.18284,-37.75861],[145.17966,-37.75167],[145.17553,-37.74998]]]},"properties":{"postcode":"3113","state":"VIC","icsea_avg":1086,"school_count":3,"icsea_band":4}},{"type":"Feature","geometry":{"type":"Polygon","coordinates":[[[145.23186,-37.76368],[145.22948,-37.77209],[145.23411,-37.78104],[145.23271,-37.7851],[145.23597,-37.79009],[145.22272,-37.78894],[145.22116,-37.79245],[145.21651,-37.78907],[145.21313,-37.79116],[145.20208,-37.78994],[145.19506,-37.78534],[145.19382,-37.77934],[145.19029,-37.77599],[145.19894,-37.77168],[145.20175,-37.77251],[145.20439,-37.76084],[145.23186,-37.76368]]]},"properties":{"postcode":"3114","state":"VIC","icsea_avg":1119,"school_count":2,"icsea_band":5}},{"type":"Feature","geometry":{"type":"Polygon","coordinates":[[[145.24468,-37.74162],[145.24232,-37.72832],[145.23676,-37.72713],[145.23575,-37.72017],[145.24093,-37.72502],[145.25391,-37.71708],[145.26063,-37.70795],[145.27266,-37.70795],[145.2757,-37.71042],[145.27273,-37.71605],[145.28497,-37.71167],[145.28273,-37.70857],[145.28699,-37.70318],[145.29231,-37.70244],[145.29328,-37.70954],[145.29359,-37.71223],[145.29237,-37.71925],[145.29393,-37.72289],[145.29074,-37.73172],[145.28694,-37.73531],[145.29008,-37.74682],[145.29597,-37.74929],[145.29234,-37.75541],[145.29697,-37.76036],[145.29643,-37.76345],[145.2782,-37.76184],[145.27192,-37.76311],[145.27194,-37.76854],[145.26596,-37.76784],[145.25846,-37.76497],[145.25686,-37.75507],[145.2537,-37.74962],[145.25458,-37.74574],[145.24569,-37.74484],[145.24468,-37.74162]]]},"properties":{"postcode":"3115","state":"VIC","icsea_avg":1080,"school_count":1,"icsea_band":4}},{"type":"Feature","geometry":{"type":"Polygon","coordinates":[[[145.29643,-37.76345],[145.29697,-37.76036],[145.29234,-37.75541],[145.29597,-37.74929],[145.29008,-37.74682],[145.28694,-37.73531],[145.29074,-37.73172],[145.29393,-37.72289],[145.29237,-37.71925],[145.29359,-37.71223],[145.29909,-37.71278],[145.30409,-37.71598],[145.31234,-37.71391],[145.34187,-37.71647],[145.34093,-37.72639],[145.33431,-37.76114],[145.31605,-37.75844],[145.31475,-37.76556],[145.30893,-37.76492],[145.30423,-37.77166],[145.29816,-37.77079],[145.29643,-37.76345]]]},"properties":{"postcode":"3116","state":"VIC","icsea_avg":1080,"school_count":2,"icsea_band":4}},{"type":"Feature","geometry":{"type":"Polygon","coordinates":[[[144.98972,-37.81938],[144.99001,-37.81755],[144.99009,-37.81688],[144.99135,-37.80973],[145.01541,-37.81214],[145.01438,-37.81553],[145.01612,-37.82446],[145.02133,-37.82519],[145.02832,-37.83101],[145.02439,-37.83445],[145.01292,-37.8305],[145.00644,-37.83158],[144.99669,-37.8343],[144.99092,-37.8329],[144.98793,-37.82962],[144.98972,-37.81938]]]},"properties":{"postcode":"3121","state":"VIC","icsea_avg":1050,"school_count":8,"icsea_band":3}},{"type":"Feature","geometry":{"type":"Polygon","coordinates":[[[145.02439,-37.83445],[145.02832,-37.83101],[145.02133,-37.82519],[145.01612,-37.82446],[145.01438,-37.81553],[145.01541,-37.81214],[145.0463,-37.81581],[145.0403,-37.84481],[145.03908,-37.83897],[145.03269,-37.83736],[145.02821,-37.83783],[145.02439,-37.83445]]]},"properties":{"postcode":"3122","state":"VIC","icsea_avg":1152,"school_count":8,"icsea_band":6}},{"type":"Feature","geometry":{"type":"Polygon","coordinates":[[[145.05936,-37.81737],[145.05859,-37.82139],[145.05411,-37.84499],[145.0403,-37.84481],[145.0463,-37.81581],[145.05936,-37.81737]]]},"properties":{"postcode":"3123","state":"VIC","icsea_avg":1149,"school_count":4,"icsea_band":6}},{"type":"Feature","geometry":{"type":"Polygon","coordinates":[[[145.05411,-37.84499],[145.05859,-37.82139],[145.06733,-37.82204],[145.07182,-37.82657],[145.07219,-37.83315],[145.08558,-37.83452],[145.09821,-37.83598],[145.09561,-37.85039],[145.05398,-37.8457],[145.05411,-37.84499]]]},"properties":{"postcode":"3124","state":"VIC","icsea_avg":1149,"school_count":5,"icsea_band":6}},{"type":"Feature","geometry":{"type":"Polygon","coordinates":[[[145.09821,-37.83598],[145.11111,-37.83766],[145.11017,-37.84308],[145.13348,-37.84584],[145.13317,-37.84753],[145.13144,-37.85756],[145.11399,-37.85551],[145.113,-37.86108],[145.09392,-37.85993],[145.09561,-37.85039],[145.09821,-37.83598]]]},"properties":{"postcode":"3125","state":"VIC","icsea_avg":1139,"school_count":4,"icsea_band":5}},{"type":"Feature","geometry":{"type":"Polygon","coordinates":[[[145.05859,-37.82139],[145.05936,-37.81737],[145.05964,-37.81588],[145.08691,-37.81911],[145.08764,-37.82531],[145.08558,-37.83452],[145.07219,-37.83315],[145.07182,-37.82657],[145.06733,-37.82204],[145.05859,-37.82139]]]},"properties":{"postcode":"3126","state":"VIC","icsea_avg":1160,"school_count":6,"icsea_band":6}},{"type":"Feature","geometry":{"type":"Polygon","coordinates":[[[145.08558,-37.83452],[145.08764,-37.82531],[145.08691,-37.81911],[145.08849,-37.8137],[145.09938,-37.81501],[145.10255,-37.80998],[145.1158,-37.81262],[145.11111,-37.83766],[145.09821,-37.83598],[145.08558,-37.83452]]]},"properties":{"postcode":"3127","state":"VIC","icsea_avg":1157,"school_count":5,"icsea_band":6}},{"type":"Feature","geometry":{"type":"Polygon","coordinates":[[[145.11111,-37.83766],[145.1158,-37.81262],[145.13945,-37.81542],[145.13348,-37.84584],[145.11017,-37.84308],[145.11111,-37.83766]]]},"properties":{"postcode":"3128","state":"VIC","icsea_avg":1124,"school_count":5,"icsea_band":5}},{"type":"Feature","geometry":{"type":"Polygon","coordinates":[[[145.10851,-37.79294],[145.12488,-37.79876],[145.13282,-37.79534],[145.14222,-37.79709],[145.14222,-37.79718],[145.13945,-37.81542],[145.1158,-37.81262],[145.10255,-37.80998],[145.10406,-37.80214],[145.10851,-37.79294]]]},"properties":{"postcode":"3129","state":"VIC","icsea_avg":1094,"school_count":5,"icsea_band":4}},{"type":"Feature","geometry":{"type":"Polygon","coordinates":[[[145.13317,-37.84753],[145.13348,-37.84584],[145.13945,-37.81542],[145.14222,-37.79718],[145.14666,-37.79985],[145.15184,-37.799],[145.16776,-37.80249],[145.16958,-37.80297],[145.16392,-37.82176],[145.1668,-37.82465],[145.16535,-37.83395],[145.16007,-37.83329],[145.1588,-37.84278],[145.15688,-37.84577],[145.15288,-37.84811],[145.13494,-37.84602],[145.13317,-37.84753]]]},"properties":{"postcode":"3130","state":"VIC","icsea_avg":1123,"school_count":11,"icsea_band":5}},{"type":"Feature","geometry":{"type":"Polygon","coordinates":[[[145.16958,-37.80297],[145.17373,-37.80404],[145.18737,-37.80263],[145.18447,-37.80952],[145.18618,-37.81743],[145.18552,-37.82643],[145.18879,-37.8309],[145.18428,-37.83217],[145.18226,-37.84584],[145.17082,-37.84536],[145.16927,-37.85484],[145.16296,-37.85414],[145.16438,-37.84681],[145.15688,-37.84577],[145.1588,-37.84278],[145.16007,-37.83329],[145.16535,-37.83395],[145.1668,-37.82465],[145.16392,-37.82176],[145.16958,-37.80297]]]},"properties":{"postcode":"3131","state":"VIC","icsea_avg":1099,"school_count":4,"icsea_band":4}},{"type":"Feature","geometry":{"type":"Polygon","coordinates":[[[145.21353,-37.81177],[145.21335,-37.83092],[145.18879,-37.8309],[145.18552,-37.82643],[145.18618,-37.81743],[145.18447,-37.80952],[145.18737,-37.80263],[145.19029,-37.80556],[145.20536,-37.80559],[145.21353,-37.81177]]]},"properties":{"postcode":"3132","state":"VIC","icsea_avg":1114,"school_count":5,"icsea_band":5}},{"type":"Feature","geometry":{"type":"Polygon","coordinates":[[[145.16923,-37.86202],[145.16927,-37.85484],[145.17082,-37.84536],[145.18226,-37.84584],[145.18428,-37.83217],[145.18879,-37.8309],[145.21335,-37.83092],[145.21672,-37.83239],[145.21661,-37.83819],[145.21013,-37.84603],[145.20954,-37.85143],[145.20482,-37.85733],[145.20072,-37.85865],[145.19571,-37.86517],[145.16923,-37.86202]]]},"properties":{"postcode":"3133","state":"VIC","icsea_avg":1113,"school_count":7,"icsea_band":5}},{"type":"Feature","geometry":{"type":"Polygon","coordinates":[[[145.21335,-37.83092],[145.21353,-37.81177],[145.21721,-37.79088],[145.22116,-37.79245],[145.22272,-37.78894],[145.23597,-37.79009],[145.23271,-37.7851],[145.23411,-37.78104],[145.22948,-37.77209],[145.23186,-37.76368],[145.23407,-37.75358],[145.24235,-37.75442],[145.24468,-37.74162],[145.24569,-37.74484],[145.25458,-37.74574],[145.2537,-37.74962],[145.25686,-37.75507],[145.25846,-37.76497],[145.26596,-37.76784],[145.26192,-37.77453],[145.25739,-37.77401],[145.25606,-37.78128],[145.26439,-37.78243],[145.25912,-37.78683],[145.25596,-37.79231],[145.25588,-37.79656],[145.23508,-37.81269],[145.24115,-37.81433],[145.24101,-37.82297],[145.23731,-37.82637],[145.22732,-37.82638],[145.22735,-37.83291],[145.23032,-37.83974],[145.22279,-37.83788],[145.21661,-37.83819],[145.21672,-37.83239],[145.21335,-37.83092]]]},"properties":{"postcode":"3134","state":"VIC","icsea_avg":1083,"school_count":12,"icsea_band":4}},{"type":"Feature","geometry":{"type":"Polygon","coordinates":[[[145.25588,-37.79656],[145.26064,-37.80077],[145.26402,-37.8078],[145.25828,-37.80969],[145.25839,-37.81439],[145.26698,-37.81757],[145.26468,-37.82914],[145.25704,-37.83587],[145.2505,-37.83769],[145.23829,-37.83869],[145.23032,-37.83974],[145.22735,-37.83291],[145.22732,-37.82638],[145.23731,-37.82637],[145.24101,-37.82297],[145.24115,-37.81433],[145.23508,-37.81269],[145.25588,-37.79656]]]},"properties":{"postcode":"3135","state":"VIC","icsea_avg":1080,"school_count":7,"icsea_band":4}},{"type":"Feature","geometry":{"type":"Polygon","coordinates":[[[145.28788,-37.81892],[145.27847,-37.81934],[145.26698,-37.81757],[145.25839,-37.81439],[145.25828,-37.80969],[145.26402,-37.8078],[145.26064,-37.80077],[145.25588,-37.79656],[145.25596,-37.79231],[145.25912,-37.78683],[145.26439,-37.78243],[145.25606,-37.78128],[145.25739,-37.77401],[145.26192,-37.77453],[145.26596,-37.76784],[145.27194,-37.76854],[145.27192,-37.76311],[145.2782,-37.76184],[145.29643,-37.76345],[145.29816,-37.77079],[145.30706,-37.77663],[145.30569,-37.78923],[145.30884,-37.794],[145.30512,-37.79446],[145.30202,-37.809],[145.30583,-37.81327],[145.28817,-37.81206],[145.28788,-37.81892]]]},"properties":{"postcode":"3136","state":"VIC","icsea_avg":1047,"school_count":13,"icsea_band":3}},{"type":"Feature","geometry":{"type":"Polygon","coordinates":[[[145.30884,-37.794],[145.31432,-37.79173],[145.32294,-37.79497],[145.32883,-37.80025],[145.33908,-37.80141],[145.33925,-37.80504],[145.33387,-37.80636],[145.32291,-37.81492],[145.32993,-37.83131],[145.33369,-37.83151],[145.32602,-37.84664],[145.31778,-37.84486],[145.30124,-37.83792],[145.30553,-37.81488],[145.30153,-37.81522],[145.29226,-37.81945],[145.28788,-37.81892],[145.28817,-37.81206],[145.30583,-37.81327],[145.30202,-37.809],[145.30512,-37.79446],[145.30884,-37.794]]]},"properties":{"postcode":"3137","state":"VIC","icsea_avg":1009,"school_count":4,"icsea_band":2}},{"type":"Feature","geometry":{"type":"Polygon","coordinates":[[[145.30884,-37.794],[145.30569,-37.78923],[145.30706,-37.77663],[145.29816,-37.77079],[145.30423,-37.77166],[145.30893,-37.76492],[145.31475,-37.76556],[145.31605,-37.75844],[145.33431,-37.76114],[145.33155,-37.77495],[145.3444,-37.77642],[145.3451,-37.78471],[145.3535,-37.78697],[145.34587,-37.79078],[145.34465,-37.80275],[145.33908,-37.80141],[145.32883,-37.80025],[145.32294,-37.79497],[145.31432,-37.79173],[145.30884,-37.794]]]},"properties":{"postcode":"3138","state":"VIC","icsea_avg":1007,"school_count":10,"icsea_band":2}},{"type":"Feature","geometry":{"type":"Polygon","coordinates":[[[145.41805,-37.80071],[145.41054,-37.7906],[145.40896,-37.7771],[145.40225,-37.77067],[145.40233,-37.76693],[145.40804,-37.7675],[145.4117,-37.74777],[145.42771,-37.74877],[145.42869,-37.75671],[145.42543,-37.76751],[145.49096,-37.76747],[145.49099,-37.75797],[145.49316,-37.75632],[145.51008,-37.75355],[145.51129,-37.74896],[145.50927,-37.74528],[145.51621,-37.74256],[145.51498,-37.7398],[145.5209,-37.73692],[145.52993,-37.73831],[145.53266,-37.73541],[145.55135,-37.73869],[145.56509,-37.73899],[145.57534,-37.74022],[145.57837,-37.73219],[145.57328,-37.73161],[145.57481,-37.72376],[145.57956,-37.72434],[145.58201,-37.71147],[145.57323,-37.71043],[145.57563,-37.70523],[145.57384,-37.70013],[145.58167,-37.70471],[145.58754,-37.71227],[145.59722,-37.71342],[145.59987,-37.70739],[145.61057,-37.70917],[145.60928,-37.71643],[145.60641,-37.71613],[145.6011,-37.74393],[145.61195,-37.74517],[145.60942,-37.7569],[145.59531,-37.76871],[145.59051,-37.77034],[145.58594,-37.7757],[145.59698,-37.7758],[145.59998,-37.77907],[145.59978,-37.78396],[145.60357,-37.79739],[145.61063,-37.80472],[145.60978,-37.80814],[145.62242,-37.81],[145.62138,-37.81427],[145.62283,-37.82116],[145.6178,-37.82172],[145.61109,-37.85133],[145.62413,-37.85505],[145.62564,-37.86031],[145.62912,-37.86276],[145.63359,-37.86969],[145.64924,-37.87173],[145.64643,-37.88537],[145.66025,-37.8895],[145.66612,-37.88975],[145.6721,-37.88739],[145.67298,-37.88314],[145.67999,-37.88397],[145.67572,-37.89344],[145.67168,-37.89345],[145.66907,-37.89954],[145.6707,-37.90714],[145.66223,-37.90881],[145.65796,-37.90799],[145.65057,-37.91269],[145.65261,-37.91644],[145.64209,-37.91836],[145.62511,-37.91698],[145.62792,-37.90403],[145.60373,-37.90111],[145.60433,-37.89802],[145.58994,-37.89628],[145.57854,-37.8977],[145.57523,-37.89934],[145.56754,-37.89701],[145.56883,-37.89331],[145.56266,-37.88568],[145.5623,-37.88197],[145.55404,-37.87739],[145.55342,-37.87371],[145.54137,-37.87175],[145.53576,-37.86658],[145.53053,-37.86639],[145.52883,-37.86224],[145.52255,-37.85791],[145.51954,-37.85825],[145.50692,-37.8552],[145.50318,-37.85968],[145.48144,-37.85694],[145.47551,-37.8517],[145.48054,-37.84876],[145.47834,-37.83573],[145.48142,-37.83411],[145.48329,-37.82755],[145.4772,-37.8285],[145.46522,-37.82522],[145.45197,-37.82924],[145.445,-37.82449],[145.43002,-37.80952],[145.42716,-37.81107],[145.41805,-37.80071]]]},"properties":{"postcode":"3139","state":"VIC","icsea_avg":998,"school_count":6,"icsea_band":2}},{"type":"Feature","geometry":{"type":"Polygon","coordinates":[[[145.34093,-37.72639],[145.36941,-37.73607],[145.37634,-37.73489],[145.4133,-37.73924],[145.4117,-37.74777],[145.40804,-37.7675],[145.40233,-37.76693],[145.37501,-37.7641],[145.37499,-37.77256],[145.36305,-37.77355],[145.36413,-37.77973],[145.35941,-37.79695],[145.3532,-37.79424],[145.3535,-37.78697],[145.3451,-37.78471],[145.3444,-37.77642],[145.33155,-37.77495],[145.33431,-37.76114],[145.34093,-37.72639]]]},"properties":{"postcode":"3140","state":"VIC","icsea_avg":1027,"school_count":8,"icsea_band":3}},{"type":"Feature","geometry":{"type":"Polygon","coordinates":[[[144.98793,-37.82962],[144.99092,-37.8329],[144.99669,-37.8343],[145.00644,-37.83158],[145.00319,-37.8481],[144.98502,-37.84569],[144.98031,-37.84506],[144.97742,-37.83716],[144.98368,-37.8343],[144.98793,-37.82962]]]},"properties":{"postcode":"3141","state":"VIC","icsea_avg":1152,"school_count":6,"icsea_band":6}},{"type":"Feature","geometry":{"type":"Polygon","coordinates":[[[145.01232,-37.84928],[145.00319,-37.8481],[145.00644,-37.83158],[145.01292,-37.8305],[145.02439,-37.83445],[145.02821,-37.83783],[145.03269,-37.83736],[145.03005,-37.85163],[145.01232,-37.84928]]]},"properties":{"postcode":"3142","state":"VIC","icsea_avg":1169,"school_count":4,"icsea_band":6}},{"type":"Feature","geometry":{"type":"Polygon","coordinates":[[[145.01052,-37.86023],[145.01232,-37.84928],[145.03005,-37.85163],[145.02768,-37.86632],[145.01514,-37.86084],[145.01052,-37.86023]]]},"properties":{"postcode":"3143","state":"VIC","icsea_avg":1173,"school_count":3,"icsea_band":6}},{"type":"Feature","geometry":{"type":"Polygon","coordinates":[[[145.04013,-37.86391],[145.03826,-37.87374],[145.03258,-37.86844],[145.02768,-37.86632],[145.03005,-37.85163],[145.03269,-37.83736],[145.03908,-37.83897],[145.0403,-37.84481],[145.04224,-37.85018],[145.04013,-37.86391]]]},"properties":{"postcode":"3144","state":"VIC","icsea_avg":1150,"school_count":3,"icsea_band":6}},{"type":"Feature","geometry":{"type":"Polygon","coordinates":[[[145.03816,-37.88628],[145.0346,-37.88139],[145.03826,-37.87374],[145.04013,-37.86391],[145.06532,-37.86751],[145.069,-37.87426],[145.07497,-37.87593],[145.08751,-37.87143],[145.09178,-37.87442],[145.08923,-37.88777],[145.0853,-37.89246],[145.07818,-37.88715],[145.07212,-37.88494],[145.05372,-37.88334],[145.04964,-37.88103],[145.04613,-37.88727],[145.03816,-37.88628]]]},"properties":{"postcode":"3145","state":"VIC","icsea_avg":1137,"school_count":6,"icsea_band":5}},{"type":"Feature","geometry":{"type":"Polygon","coordinates":[[[145.09561,-37.85039],[145.09392,-37.85993],[145.08212,-37.86018],[145.07609,-37.8581],[145.07471,-37.86653],[145.06532,-37.86751],[145.04013,-37.86391],[145.04224,-37.85018],[145.0403,-37.84481],[145.05411,-37.84499],[145.05398,-37.8457],[145.09561,-37.85039]]]},"properties":{"postcode":"3146","state":"VIC","icsea_avg":1175,"school_count":6,"icsea_band":6}},{"type":"Feature","geometry":{"type":"Polygon","coordinates":[[[145.09392,-37.85993],[145.113,-37.86108],[145.11069,-37.87348],[145.09178,-37.87442],[145.08751,-37.87143],[145.07497,-37.87593],[145.069,-37.87426],[145.06532,-37.86751],[145.07471,-37.86653],[145.07609,-37.8581],[145.08212,-37.86018],[145.09392,-37.85993]]]},"properties":{"postcode":"3147","state":"VIC","icsea_avg":1104,"school_count":7,"icsea_band":4}},{"type":"Feature","geometry":{"type":"Polygon","coordinates":[[[145.08923,-37.88777],[145.09178,-37.87442],[145.11069,-37.87348],[145.10689,-37.89315],[145.10405,-37.89105],[145.09414,-37.88993],[145.08923,-37.88777]]]},"properties":{"postcode":"3148","state":"VIC","icsea_avg":1093,"school_count":1,"icsea_band":4}},{"type":"Feature","geometry":{"type":"Polygon","coordinates":[[[145.10689,-37.89315],[145.11069,-37.87348],[145.113,-37.86108],[145.11399,-37.85551],[145.13144,-37.85756],[145.15075,-37.85977],[145.14293,-37.90126],[145.12448,-37.89915],[145.10615,-37.89701],[145.10689,-37.89315]]]},"properties":{"postcode":"3149","state":"VIC","icsea_avg":1145,"school_count":10,"icsea_band":6}},{"type":"Feature","geometry":{"type":"Polygon","coordinates":[[[145.16923,-37.86202],[145.19571,-37.86517],[145.19168,-37.87951],[145.1953,-37.88314],[145.19612,-37.88824],[145.20091,-37.89453],[145.20697,-37.89691],[145.20729,-37.90158],[145.20333,-37.90332],[145.20592,-37.91056],[145.20349,-37.91499],[145.20562,-37.9244],[145.17259,-37.92029],[145.16043,-37.90936],[145.1614,-37.90354],[145.15282,-37.90262],[145.14293,-37.90126],[145.15075,-37.85977],[145.16923,-37.86202]]]},"properties":{"postcode":"3150","state":"VIC","icsea_avg":1112,"school_count":21,"icsea_band":5}},{"type":"Feature","geometry":{"type":"Polygon","coordinates":[[[145.15075,-37.85977],[145.13144,-37.85756],[145.13317,-37.84753],[145.13494,-37.84602],[145.15288,-37.84811],[145.15688,-37.84577],[145.16438,-37.84681],[145.16296,-37.85414],[145.16927,-37.85484],[145.16923,-37.86202],[145.15075,-37.85977]]]},"properties":{"postcode":"3151","state":"VIC","icsea_avg":1079,"school_count":5,"icsea_band":4}},{"type":"Feature","geometry":{"type":"Polygon","coordinates":[[[145.19612,-37.88824],[145.1953,-37.88314],[145.19168,-37.87951],[145.19571,-37.86517],[145.20072,-37.85865],[145.20482,-37.85733],[145.20954,-37.85143],[145.21013,-37.84603],[145.21661,-37.83819],[145.22279,-37.83788],[145.23032,-37.83974],[145.23829,-37.83869],[145.23843,-37.84484],[145.24855,-37.84338],[145.24365,-37.85275],[145.2538,-37.85611],[145.25295,-37.86326],[145.25037,-37.86831],[145.24783,-37.8732],[145.24788,-37.88189],[145.23987,-37.88288],[145.23986,-37.87981],[145.23293,-37.87861],[145.233,-37.88904],[145.22863,-37.8886],[145.19612,-37.88824]]]},"properties":{"postcode":"3152","state":"VIC","icsea_avg":1094,"school_count":12,"icsea_band":4}},{"type":"Feature","geometry":{"type":"Polygon","coordinates":[[[145.23829,-37.83869],[145.2505,-37.83769],[145.25704,-37.83587],[145.26468,-37.82914],[145.26698,-37.81757],[145.27847,-37.81934],[145.28788,-37.81892],[145.29226,-37.81945],[145.30153,-37.81522],[145.30553,-37.81488],[145.30124,-37.83792],[145.29352,-37.83406],[145.28727,-37.83333],[145.28617,-37.85184],[145.27984,-37.85421],[145.26854,-37.85289],[145.26711,-37.86045],[145.2538,-37.85611],[145.24365,-37.85275],[145.24855,-37.84338],[145.23843,-37.84484],[145.23829,-37.83869]]]},"properties":{"postcode":"3153","state":"VIC","icsea_avg":1019,"school_count":6,"icsea_band":3}},{"type":"Feature","geometry":{"type":"Polygon","coordinates":[[[145.30608,-37.86311],[145.30744,-37.86137],[145.29902,-37.85305],[145.31778,-37.84486],[145.32602,-37.84664],[145.33283,-37.84743],[145.34124,-37.85378],[145.34577,-37.8592],[145.34346,-37.86233],[145.34113,-37.861],[145.33606,-37.86076],[145.32949,-37.86318],[145.32667,-37.86648],[145.30608,-37.86311]]]},"properties":{"postcode":"3154","state":"VIC","icsea_avg":1053,"school_count":3,"icsea_band":3}},{"type":"Feature","geometry":{"type":"Polygon","coordinates":[[[145.30617,-37.86912],[145.29855,-37.86993],[145.29317,-37.86809],[145.28932,-37.8715],[145.28228,-37.87304],[145.28008,-37.86962],[145.27332,-37.86759],[145.25857,-37.86876],[145.25037,-37.86831],[145.25295,-37.86326],[145.2538,-37.85611],[145.26711,-37.86045],[145.26854,-37.85289],[145.27984,-37.85421],[145.28617,-37.85184],[145.28727,-37.83333],[145.29352,-37.83406],[145.30124,-37.83792],[145.31778,-37.84486],[145.29902,-37.85305],[145.30744,-37.86137],[145.30608,-37.86311],[145.30617,-37.86912]]]},"properties":{"postcode":"3155","state":"VIC","icsea_avg":1015,"school_count":6,"icsea_band":2}},{"type":"Feature","geometry":{"type":"Polygon","coordinates":[[[145.2439,-37.94327],[145.26571,-37.94591],[145.27006,-37.92337],[145.27784,-37.91852],[145.27242,-37.9133],[145.28562,-37.90192],[145.27463,-37.8997],[145.26063,-37.90332],[145.25845,-37.89141],[145.25647,-37.8728],[145.25857,-37.86876],[145.27332,-37.86759],[145.28008,-37.86962],[145.28228,-37.87304],[145.28932,-37.8715],[145.29317,-37.86809],[145.29855,-37.86993],[145.30617,-37.86912],[145.3085,-37.87107],[145.30355,-37.88546],[145.31166,-37.89276],[145.31781,-37.89211],[145.32835,-37.89383],[145.32444,-37.89726],[145.31387,-37.90164],[145.30892,-37.90192],[145.30501,-37.90571],[145.32402,-37.91921],[145.32495,-37.92132],[145.31582,-37.92484],[145.31438,-37.93172],[145.29988,-37.93146],[145.29318,-37.96487],[145.2821,-37.96195],[145.27735,-37.95989],[145.26345,-37.95816],[145.25881,-37.95853],[145.24535,-37.94865],[145.2439,-37.94327]]]},"properties":{"postcode":"3156","state":"VIC","icsea_avg":1039,"school_count":12,"icsea_band":3}},{"type":"Feature","geometry":{"type":"Polygon","coordinates":[[[145.32835,-37.89383],[145.32782,-37.88948],[145.34295,-37.89021],[145.34371,-37.89493],[145.34142,-37.90276],[145.34049,-37.91364],[145.33544,-37.92033],[145.32402,-37.91921],[145.30501,-37.90571],[145.30892,-37.90192],[145.31387,-37.90164],[145.32444,-37.89726],[145.32835,-37.89383]]]},"properties":{"postcode":"3158","state":"VIC","icsea_avg":1080,"school_count":3,"icsea_band":4}},{"type":"Feature","geometry":{"type":"Polygon","coordinates":[[[145.42292,-37.91919],[145.41963,-37.92633],[145.40222,-37.93895],[145.39383,-37.93962],[145.39046,-37.93759],[145.38368,-37.9381],[145.38521,-37.93404],[145.37654,-37.93399],[145.36611,-37.92981],[145.36418,-37.92329],[145.3584,-37.92455],[145.35964,-37.91872],[145.37104,-37.91721],[145.37187,-37.91495],[145.364,-37.91141],[145.36462,-37.90868],[145.37698,-37.90645],[145.38132,-37.90782],[145.3863,-37.90423],[145.39517,-37.90489],[145.39801,-37.9035],[145.40804,-37.909],[145.40748,-37.91637],[145.42292,-37.91919]]]},"properties":{"postcode":"3159","state":"VIC","icsea_avg":1083,"school_count":2,"icsea_band":4}},{"type":"Feature","geometry":{"type":"Polygon","coordinates":[[[145.34295,-37.89021],[145.34551,-37.88977],[145.3471,-37.89414],[145.3522,-37.89876],[145.3634,-37.90126],[145.36462,-37.90868],[145.364,-37.91141],[145.37187,-37.91495],[145.37104,-37.91721],[145.35964,-37.91872],[145.3584,-37.92455],[145.36418,-37.92329],[145.36611,-37.92981],[145.37654,-37.93399],[145.38521,-37.93404],[145.38368,-37.9381],[145.38217,-37.94117],[145.38515,-37.95162],[145.37473,-37.95163],[145.3756,-37.95907],[145.36242,-37.96093],[145.36557,-37.95538],[145.3565,-37.95293],[145.35264,-37.95747],[145.34758,-37.95379],[145.33266,-37.94928],[145.32834,-37.94977],[145.32889,-37.93899],[145.33072,-37.93],[145.33852,-37.93091],[145.34144,-37.91911],[145.33544,-37.92033],[145.34049,-37.91364],[145.34142,-37.90276],[145.34371,-37.89493],[145.34295,-37.89021]]]},"properties":{"postcode":"3160","state":"VIC","icsea_avg":1081,"school_count":5,"icsea_band":4}},{"type":"Feature","geometry":{"type":"Polygon","coordinates":[[[145.02768,-37.86632],[145.03258,-37.86844],[145.03826,-37.87374],[145.0346,-37.88139],[145.01631,-37.87916],[145.00717,-37.87805],[145.01052,-37.86023],[145.01514,-37.86084],[145.02768,-37.86632]]]},"properties":{"postcode":"3161","state":"VIC","icsea_avg":1064,"school_count":2,"icsea_band":4}},{"type":"Feature","geometry":{"type":"Polygon","coordinates":[[[145.01222,-37.90052],[145.01631,-37.87916],[145.0346,-37.88139],[145.03816,-37.88628],[145.03614,-37.89681],[145.03489,-37.90329],[145.02599,-37.90217],[145.01222,-37.90052]]]},"properties":{"postcode":"3162","state":"VIC","icsea_avg":1131,"school_count":4,"icsea_band":5}},{"type":"Feature","geometry":{"type":"Polygon","coordinates":[[[145.05392,-37.90571],[145.05469,-37.90173],[145.04469,-37.90052],[145.04515,-37.8982],[145.03614,-37.89681],[145.03816,-37.88628],[145.04613,-37.88727],[145.04964,-37.88103],[145.05372,-37.88334],[145.07212,-37.88494],[145.07818,-37.88715],[145.07417,-37.90814],[145.05392,-37.90571]]]},"properties":{"postcode":"3163","state":"VIC","icsea_avg":1139,"school_count":5,"icsea_band":5}},{"type":"Feature","geometry":{"type":"Polygon","coordinates":[[[145.04832,-37.93469],[145.05392,-37.90571],[145.07417,-37.90814],[145.08523,-37.90951],[145.07953,-37.93875],[145.04832,-37.93469]]]},"properties":{"postcode":"3165","state":"VIC","icsea_avg":1107,"school_count":6,"icsea_band":5}},{"type":"Feature","geometry":{"type":"Polygon","coordinates":[[[145.08523,-37.90951],[145.07417,-37.90814],[145.07818,-37.88715],[145.0853,-37.89246],[145.08923,-37.88777],[145.09414,-37.88993],[145.10405,-37.89105],[145.10689,-37.89315],[145.10615,-37.89701],[145.12448,-37.89915],[145.12188,-37.91382],[145.11327,-37.91276],[145.08523,-37.90951]]]},"properties":{"postcode":"3166","state":"VIC","icsea_avg":1106,"school_count":7,"icsea_band":5}},{"type":"Feature","geometry":{"type":"Polygon","coordinates":[[[145.08523,-37.90951],[145.11327,-37.91276],[145.10921,-37.91898],[145.10752,-37.92713],[145.10071,-37.92629],[145.09717,-37.94446],[145.08712,-37.93965],[145.07953,-37.93875],[145.08523,-37.90951]]]},"properties":{"postcode":"3167","state":"VIC","icsea_avg":1112,"school_count":3,"icsea_band":5}},{"type":"Feature","geometry":{"type":"Polygon","coordinates":[[[145.12448,-37.89915],[145.14293,-37.90126],[145.15282,-37.90262],[145.15067,-37.90977],[145.14754,-37.92718],[145.14337,-37.92456],[145.14128,-37.93133],[145.10752,-37.92713],[145.10921,-37.91898],[145.11327,-37.91276],[145.12188,-37.91382],[145.12448,-37.89915]],[[145.12928,-37.90727],[145.12849,-37.91479],[145.14012,-37.91628],[145.14195,-37.90669],[145.12928,-37.90727]]]},"properties":{"postcode":"3168","state":"VIC","icsea_avg":1091,"school_count":3,"icsea_band":4}},{"type":"Feature","geometry":{"type":"Polygon","coordinates":[[[145.1123,-37.95747],[145.10314,-37.95634],[145.09717,-37.94446],[145.10071,-37.92629],[145.10752,-37.92713],[145.14128,-37.93133],[145.1401,-37.94214],[145.13658,-37.9605],[145.1123,-37.95747]]]},"properties":{"postcode":"3169","state":"VIC","icsea_avg":1051,"school_count":7,"icsea_band":3}},{"type":"Feature","geometry":{"type":"Polygon","coordinates":[[[145.21919,-37.94015],[145.19496,-37.93779],[145.18344,-37.9365],[145.15674,-37.93315],[145.14754,-37.92718],[145.15067,-37.90977],[145.15282,-37.90262],[145.1614,-37.90354],[145.16043,-37.90936],[145.17259,-37.92029],[145.20562,-37.9244],[145.2065,-37.93125],[145.21919,-37.94015]]]},"properties":{"postcode":"3170","state":"VIC","icsea_avg":1048,"school_count":5,"icsea_band":3}},{"type":"Feature","geometry":{"type":"Polygon","coordinates":[[[145.18344,-37.9365],[145.18723,-37.94135],[145.18598,-37.94547],[145.18155,-37.94644],[145.18072,-37.95098],[145.17161,-37.94842],[145.16996,-37.95719],[145.1637,-37.95727],[145.16098,-37.96349],[145.13658,-37.9605],[145.1401,-37.94214],[145.14128,-37.93133],[145.14337,-37.92456],[145.14754,-37.92718],[145.15674,-37.93315],[145.18344,-37.9365]]]},"properties":{"postcode":"3171","state":"VIC","icsea_avg":980,"school_count":7,"icsea_band":1}},{"type":"Feature","geometry":{"type":"Polygon","coordinates":[[[145.16098,-37.96349],[145.15859,-37.98117],[145.15547,-37.98364],[145.14624,-37.98211],[145.14083,-38.01074],[145.1359,-38.01112],[145.11518,-38.00862],[145.11398,-38.01487],[145.10344,-38.01204],[145.10747,-37.98948],[145.10925,-37.98661],[145.11169,-37.97227],[145.11057,-37.96631],[145.1123,-37.95747],[145.13658,-37.9605],[145.16098,-37.96349]]]},"properties":{"postcode":"3172","state":"VIC","icsea_avg":1013,"school_count":7,"icsea_band":2}},{"type":"Feature","geometry":{"type":"Polygon","coordinates":[[[145.19408,-37.98321],[145.1921,-37.99481],[145.19468,-37.99812],[145.1845,-38.03076],[145.17838,-38.0328],[145.13732,-38.02132],[145.14083,-38.01074],[145.14624,-37.98211],[145.15547,-37.98364],[145.15859,-37.98117],[145.16628,-37.98028],[145.17034,-37.9837],[145.18338,-37.98408],[145.18432,-37.98183],[145.19408,-37.98321]]]},"properties":{"postcode":"3173","state":"VIC","icsea_avg":1064,"school_count":6,"icsea_band":4}},{"type":"Feature","geometry":{"type":"Polygon","coordinates":[[[145.16098,-37.96349],[145.1637,-37.95727],[145.16996,-37.95719],[145.17161,-37.94842],[145.18072,-37.95098],[145.18155,-37.94644],[145.18598,-37.94547],[145.18723,-37.94135],[145.18344,-37.9365],[145.19496,-37.93779],[145.19871,-37.94097],[145.19631,-37.95521],[145.20263,-37.95599],[145.19499,-37.96788],[145.19318,-37.97798],[145.19408,-37.98321],[145.18432,-37.98183],[145.18338,-37.98408],[145.17034,-37.9837],[145.16628,-37.98028],[145.15859,-37.98117],[145.16098,-37.96349]]]},"properties":{"postcode":"3174","state":"VIC","icsea_avg":974,"school_count":10,"icsea_band":1}},{"type":"Feature","geometry":{"type":"Polygon","coordinates":[[[145.25185,-38.00364],[145.24899,-38.01701],[145.24683,-38.02533],[145.24688,-38.03612],[145.24646,-38.04225],[145.23958,-38.07768],[145.20309,-38.07319],[145.15625,-38.0674],[145.15027,-38.0673],[145.14483,-38.05151],[145.13776,-38.03235],[145.13352,-38.02538],[145.13732,-38.02132],[145.17838,-38.0328],[145.1845,-38.03076],[145.19468,-37.99812],[145.1921,-37.99481],[145.19408,-37.98321],[145.19318,-37.97798],[145.19499,-37.96788],[145.20263,-37.95599],[145.19631,-37.95521],[145.19871,-37.94097],[145.19496,-37.93779],[145.21919,-37.94015],[145.22964,-37.95234],[145.23402,-37.95651],[145.23329,-37.96608],[145.2357,-37.97425],[145.23186,-37.98099],[145.2319,-37.98552],[145.22769,-37.99026],[145.22733,-38.00074],[145.25185,-38.00364]]]},"properties":{"postcode":"3175","state":"VIC","icsea_avg":978,"school_count":15,"icsea_band":1}},{"type":"Feature","geometry":{"type":"Polygon","coordinates":[[[145.23329,-37.96608],[145.24119,-37.97843],[145.25442,-37.99098],[145.25382,-37.99335],[145.25185,-38.00364],[145.22733,-38.00074],[145.22769,-37.99026],[145.2319,-37.98552],[145.23186,-37.98099],[145.2357,-37.97425],[145.23329,-37.96608]]]},"properties":{"postcode":"3177","state":"VIC","icsea_avg":934,"school_count":2,"icsea_band":1}},{"type":"Feature","geometry":{"type":"Polygon","coordinates":[[[145.20562,-37.9244],[145.21331,-37.92553],[145.21644,-37.91851],[145.22771,-37.91166],[145.23,-37.90616],[145.23598,-37.90322],[145.24618,-37.90308],[145.25078,-37.90489],[145.26063,-37.90332],[145.27463,-37.8997],[145.28562,-37.90192],[145.27242,-37.9133],[145.27784,-37.91852],[145.27006,-37.92337],[145.26571,-37.94591],[145.2439,-37.94327],[145.23375,-37.94266],[145.22964,-37.95234],[145.21919,-37.94015],[145.2065,-37.93125],[145.20562,-37.9244]]]},"properties":{"postcode":"3178","state":"VIC","icsea_avg":1070,"school_count":6,"icsea_band":4}},{"type":"Feature","geometry":{"type":"Polygon","coordinates":[[[145.19612,-37.88824],[145.22863,-37.8886],[145.233,-37.88904],[145.23293,-37.87861],[145.23986,-37.87981],[145.23987,-37.88288],[145.23986,-37.89807],[145.23283,-37.89917],[145.23598,-37.90322],[145.23,-37.90616],[145.22771,-37.91166],[145.21644,-37.91851],[145.21331,-37.92553],[145.20562,-37.9244],[145.20349,-37.91499],[145.20592,-37.91056],[145.20333,-37.90332],[145.20729,-37.90158],[145.20697,-37.89691],[145.20091,-37.89453],[145.19612,-37.88824]]]},"properties":{"postcode":"3179","state":"VIC","icsea_avg":1033,"school_count":3,"icsea_band":3}},{"type":"Feature","geometry":{"type":"Polygon","coordinates":[[[145.25037,-37.86831],[145.25857,-37.86876],[145.25647,-37.8728],[145.25845,-37.89141],[145.26063,-37.90332],[145.25078,-37.90489],[145.24618,-37.90308],[145.23598,-37.90322],[145.23283,-37.89917],[145.23986,-37.89807],[145.23987,-37.88288],[145.24788,-37.88189],[145.24783,-37.8732],[145.25037,-37.86831]]]},"properties":{"postcode":"3180","state":"VIC","icsea_avg":1010,"school_count":3,"icsea_band":2}},{"type":"Feature","geometry":{"type":"Polygon","coordinates":[[[144.98502,-37.84569],[145.00319,-37.8481],[145.01232,-37.84928],[145.01052,-37.86023],[144.99328,-37.85791],[144.98257,-37.85553],[144.98502,-37.84569]]]},"properties":{"postcode":"3181","state":"VIC","icsea_avg":1090,"school_count":3,"icsea_band":4}},{"type":"Feature","geometry":{"type":"Polygon","coordinates":[[[144.96568,-37.85751],[144.9743,-37.85219],[144.97905,-37.85276],[144.98257,-37.85553],[144.99328,-37.85791],[144.99177,-37.86542],[144.98878,-37.87074],[144.9745,-37.87627],[144.97538,-37.86983],[144.96974,-37.86466],[144.97031,-37.86079],[144.96568,-37.85751]]]},"properties":{"postcode":"3182","state":"VIC","icsea_avg":1125,"school_count":4,"icsea_band":5}},{"type":"Feature","geometry":{"type":"Polygon","coordinates":[[[144.99115,-37.87452],[144.98878,-37.87074],[144.99177,-37.86542],[144.99328,-37.85791],[145.01052,-37.86023],[145.00717,-37.87805],[144.998,-37.87692],[144.99115,-37.87452]]]},"properties":{"postcode":"3183","state":"VIC","icsea_avg":1110,"school_count":6,"icsea_band":5}},{"type":"Feature","geometry":{"type":"Polygon","coordinates":[[[144.9745,-37.87627],[144.98878,-37.87074],[144.99115,-37.87452],[144.99701,-37.88381],[144.99226,-37.88327],[144.99067,-37.89174],[144.98499,-37.891],[144.97682,-37.88315],[144.9745,-37.87627]]]},"properties":{"postcode":"3184","state":"VIC","icsea_avg":1123,"school_count":4,"icsea_band":5}},{"type":"Feature","geometry":{"type":"Polygon","coordinates":[[[144.99701,-37.88381],[144.99115,-37.87452],[144.998,-37.87692],[145.00717,-37.87805],[145.01631,-37.87916],[145.01222,-37.90052],[145.00632,-37.89982],[145.00104,-37.88859],[144.99701,-37.88381]]]},"properties":{"postcode":"3185","state":"VIC","icsea_avg":1097,"school_count":4,"icsea_band":4}},{"type":"Feature","geometry":{"type":"Polygon","coordinates":[[[144.98499,-37.891],[144.99067,-37.89174],[144.99226,-37.88327],[144.99701,-37.88381],[145.00104,-37.88859],[145.00632,-37.89982],[145.00819,-37.90686],[145.00405,-37.92932],[144.99407,-37.92813],[144.99285,-37.93241],[144.98553,-37.92624],[144.98733,-37.92119],[144.98479,-37.91337],[144.98559,-37.90827],[144.98339,-37.90113],[144.98587,-37.89638],[144.98499,-37.891]]]},"properties":{"postcode":"3186","state":"VIC","icsea_avg":1147,"school_count":8,"icsea_band":6}},{"type":"Feature","geometry":{"type":"Polygon","coordinates":[[[145.00632,-37.89982],[145.01222,-37.90052],[145.02599,-37.90217],[145.02246,-37.92061],[145.03437,-37.93301],[145.00405,-37.92932],[145.00819,-37.90686],[145.00632,-37.89982]]]},"properties":{"postcode":"3187","state":"VIC","icsea_avg":1148,"school_count":4,"icsea_band":6}},{"type":"Feature","geometry":{"type":"Polygon","coordinates":[[[144.99486,-37.94504],[144.99228,-37.94],[144.99775,-37.93786],[144.99285,-37.93241],[144.99407,-37.92813],[145.00405,-37.92932],[145.03437,-37.93301],[145.0393,-37.94474],[145.02286,-37.94279],[145.02219,-37.9464],[145.00126,-37.94435],[144.99486,-37.94504]]]},"properties":{"postcode":"3188","state":"VIC","icsea_avg":1122,"school_count":4,"icsea_band":5}},{"type":"Feature","geometry":{"type":"Polygon","coordinates":[[[145.05902,-37.94763],[145.0393,-37.94474],[145.03437,-37.93301],[145.04832,-37.93469],[145.07953,-37.93875],[145.07735,-37.94984],[145.05902,-37.94763]]]},"properties":{"postcode":"3189","state":"VIC","icsea_avg":1100,"school_count":4,"icsea_band":4}},{"type":"Feature","geometry":{"type":"Polygon","coordinates":[[[145.02977,-37.95484],[145.0207,-37.9538],[145.02219,-37.9464],[145.02286,-37.94279],[145.0393,-37.94474],[145.05902,-37.94763],[145.05571,-37.95648],[145.05191,-37.95742],[145.02977,-37.95484]]]},"properties":{"postcode":"3190","state":"VIC","icsea_avg":1098,"school_count":1,"icsea_band":4}},{"type":"Feature","geometry":{"type":"Polygon","coordinates":[[[144.99486,-37.94504],[145.00126,-37.94435],[145.02219,-37.9464],[145.0207,-37.9538],[145.02977,-37.95484],[145.02805,-37.96319],[145.01032,-37.96138],[145.00264,-37.95209],[144.99486,-37.94504]]]},"properties":{"postcode":"3191","state":"VIC","icsea_avg":1134,"school_count":4,"icsea_band":5}},{"type":"Feature","geometry":{"type":"Polygon","coordinates":[[[145.05417,-37.97349],[145.03603,-37.97021],[145.03716,-37.96425],[145.02805,-37.96319],[145.02977,-37.95484],[145.05191,-37.95742],[145.05571,-37.95648],[145.05902,-37.94763],[145.07735,-37.94984],[145.07546,-37.96022],[145.08447,-37.96137],[145.08402,-37.96371],[145.09318,-37.96485],[145.09225,-37.96988],[145.08707,-37.96926],[145.08624,-37.97625],[145.06429,-37.9738],[145.05417,-37.97349]]]},"properties":{"postcode":"3192","state":"VIC","icsea_avg":1092,"school_count":6,"icsea_band":4}},{"type":"Feature","geometry":{"type":"Polygon","coordinates":[[[145.01032,-37.96138],[145.02805,-37.96319],[145.03716,-37.96425],[145.03603,-37.97021],[145.05417,-37.97349],[145.05169,-37.98682],[145.0441,-37.99084],[145.03839,-37.99632],[145.03068,-37.99351],[145.02775,-37.98921],[145.01742,-37.97976],[145.01056,-37.97041],[145.01032,-37.96138]]]},"properties":{"postcode":"3193","state":"VIC","icsea_avg":1135,"school_count":5,"icsea_band":5}},{"type":"Feature","geometry":{"type":"Polygon","coordinates":[[[145.05169,-37.98682],[145.05417,-37.97349],[145.06429,-37.9738],[145.08624,-37.97625],[145.08707,-37.96926],[145.09225,-37.96988],[145.11169,-37.97227],[145.10925,-37.98661],[145.07135,-37.98217],[145.0687,-37.99492],[145.06165,-37.99055],[145.05169,-37.98682]]]},"properties":{"postcode":"3194","state":"VIC","icsea_avg":1116,"school_count":8,"icsea_band":5}},{"type":"Feature","geometry":{"type":"Polygon","coordinates":[[[145.0687,-37.99492],[145.07135,-37.98217],[145.10925,-37.98661],[145.10747,-37.98948],[145.10344,-38.01204],[145.11398,-38.01487],[145.11518,-38.00862],[145.1359,-38.01112],[145.14083,-38.01074],[145.13732,-38.02132],[145.13352,-38.02538],[145.12311,-38.03379],[145.11843,-38.02955],[145.10415,-38.03496],[145.09582,-38.02137],[145.09061,-38.01495],[145.08485,-38.01102],[145.07709,-38.00175],[145.0687,-37.99492]]]},"properties":{"postcode":"3195","state":"VIC","icsea_avg":1089,"school_count":11,"icsea_band":4}},{"type":"Feature","geometry":{"type":"Polygon","coordinates":[[[145.10415,-38.03496],[145.11843,-38.02955],[145.12311,-38.03379],[145.13352,-38.02538],[145.13776,-38.03235],[145.14483,-38.05151],[145.13447,-38.05499],[145.13972,-38.06472],[145.13493,-38.0687],[145.12548,-38.07136],[145.11981,-38.07288],[145.11278,-38.05198],[145.10415,-38.03496]]]},"properties":{"postcode":"3196","state":"VIC","icsea_avg":1079,"school_count":5,"icsea_band":4}},{"type":"Feature","geometry":{"type":"Polygon","coordinates":[[[145.12548,-38.07136],[145.13493,-38.0687],[145.13972,-38.06472],[145.13447,-38.05499],[145.14483,-38.05151],[145.15027,-38.0673],[145.15625,-38.0674],[145.15463,-38.07566],[145.14982,-38.07505],[145.14866,-38.08341],[145.13627,-38.08246],[145.13136,-38.08371],[145.12384,-38.08216],[145.12279,-38.085],[145.11998,-38.07355],[145.12548,-38.07136]]]},"properties":{"postcode":"3197","state":"VIC","icsea_avg":1068,"school_count":2,"icsea_band":4}},{"type":"Feature","geometry":{"type":"Polygon","coordinates":[[[145.12279,-38.085],[145.12384,-38.08216],[145.13136,-38.08371],[145.13627,-38.08246],[145.14866,-38.08341],[145.14928,-38.08928],[145.15482,-38.09117],[145.15366,-38.09636],[145.16209,-38.10892],[145.15743,-38.11274],[145.13933,-38.12486],[145.13399,-38.12848],[145.12225,-38.12931],[145.12436,-38.11141],[145.12443,-38.09891],[145.12279,-38.085]]]},"properties":{"postcode":"3198","state":"VIC","icsea_avg":1027,"school_count":8,"icsea_band":3}},{"type":"Feature","geometry":{"type":"Polygon","coordinates":[[[145.12225,-38.12931],[145.13399,-38.12848],[145.13933,-38.12486],[145.1637,-38.12786],[145.16272,-38.13225],[145.17339,-38.13516],[145.17315,-38.1395],[145.17114,-38.15163],[145.16638,-38.15922],[145.16127,-38.1769],[145.15239,-38.19448],[145.14799,-38.19407],[145.13966,-38.19728],[145.13353,-38.19567],[145.12875,-38.20009],[145.10207,-38.16593],[145.0979,-38.1624],[145.10331,-38.15641],[145.11225,-38.15212],[145.11775,-38.14388],[145.12225,-38.12931]]]},"properties":{"postcode":"3199","state":"VIC","icsea_avg":1011,"school_count":19,"icsea_band":2}},{"type":"Feature","geometry":{"type":"Polygon","coordinates":[[[145.13933,-38.12486],[145.15743,-38.11274],[145.17525,-38.11488],[145.17384,-38.12194],[145.18195,-38.12676],[145.17822,-38.13171],[145.17692,-38.14052],[145.17315,-38.1395],[145.17339,-38.13516],[145.16272,-38.13225],[145.1637,-38.12786],[145.13933,-38.12486]]]},"properties":{"postcode":"3200","state":"VIC","icsea_avg":918,"school_count":3,"icsea_band":1}},{"type":"Feature","geometry":{"type":"Polygon","coordinates":[[[145.15743,-38.11274],[145.16209,-38.10892],[145.15366,-38.09636],[145.15482,-38.09117],[145.14928,-38.08928],[145.14866,-38.08341],[145.14982,-38.07505],[145.15463,-38.07566],[145.15625,-38.0674],[145.20309,-38.07319],[145.20127,-38.08176],[145.19378,-38.08082],[145.19255,-38.08713],[145.19996,-38.08799],[145.19403,-38.11717],[145.18823,-38.11647],[145.18752,-38.12361],[145.18195,-38.12676],[145.17384,-38.12194],[145.17525,-38.11488],[145.15743,-38.11274]]]},"properties":{"postcode":"3201","state":"VIC","icsea_avg":1003,"school_count":4,"icsea_band":2}},{"type":"Feature","geometry":{"type":"Polygon","coordinates":[[[145.07735,-37.94984],[145.07953,-37.93875],[145.08712,-37.93965],[145.09717,-37.94446],[145.10314,-37.95634],[145.1123,-37.95747],[145.11057,-37.96631],[145.11169,-37.97227],[145.09225,-37.96988],[145.09318,-37.96485],[145.08402,-37.96371],[145.08447,-37.96137],[145.07546,-37.96022],[145.07735,-37.94984]]]},"properties":{"postcode":"3202","state":"VIC","icsea_avg":null,"school_count":0,"icsea_band":0}},{"type":"Feature","geometry":{"type":"Polygon","coordinates":[[[145.03437,-37.93301],[145.02246,-37.92061],[145.02599,-37.90217],[145.03489,-37.90329],[145.03614,-37.89681],[145.04515,-37.8982],[145.04469,-37.90052],[145.05469,-37.90173],[145.05392,-37.90571],[145.04832,-37.93469],[145.03437,-37.93301]]]},"properties":{"postcode":"3204","state":"VIC","icsea_avg":1115,"school_count":9,"icsea_band":5}},{"type":"Feature","geometry":{"type":"Polygon","coordinates":[[[144.94653,-37.84101],[144.94976,-37.8341],[144.94143,-37.82582],[144.95728,-37.82842],[144.96185,-37.82811],[144.96585,-37.83148],[144.97041,-37.83016],[144.97109,-37.83513],[144.9592,-37.84217],[144.95691,-37.83724],[144.94653,-37.84101]]]},"properties":{"postcode":"3205","state":"VIC","icsea_avg":1078,"school_count":4,"icsea_band":4}},{"type":"Feature","geometry":{"type":"Polygon","coordinates":[[[144.9427,-37.8461],[144.94653,-37.84101],[144.95691,-37.83724],[144.9592,-37.84217],[144.97109,-37.83513],[144.97324,-37.83654],[144.97905,-37.85276],[144.9743,-37.85219],[144.96568,-37.85751],[144.96378,-37.85576],[144.9427,-37.8461]]]},"properties":{"postcode":"3206","state":"VIC","icsea_avg":1134,"school_count":4,"icsea_band":5}},{"type":"Feature","geometry":{"type":"Polygon","coordinates":[[[144.94653,-37.84101],[144.9427,-37.8461],[144.93559,-37.84255],[144.92691,-37.84003],[144.91852,-37.83969],[144.9134,-37.84197],[144.91258,-37.84584],[144.90329,-37.84161],[144.89836,-37.8412],[144.89715,-37.83263],[144.89888,-37.82888],[144.90556,-37.82289],[144.92037,-37.82003],[144.93784,-37.82313],[144.94143,-37.82582],[144.94976,-37.8341],[144.94653,-37.84101]]]},"properties":{"postcode":"3207","state":"VIC","icsea_avg":1106,"school_count":3,"icsea_band":5}},{"type":"Feature","geometry":{"type":"Polygon","coordinates":[[[144.45374,-37.8672],[144.5532,-37.87816],[144.57146,-37.8804],[144.59728,-37.88258],[144.60675,-37.88693],[144.60504,-37.89896],[144.62781,-37.90166],[144.62566,-37.9134],[144.63244,-37.91622],[144.63834,-37.91633],[144.64568,-37.907],[144.64882,-37.90979],[144.64768,-37.9165],[144.65592,-37.91636],[144.65751,-37.91995],[144.6281,-37.92997],[144.5636,-37.96543],[144.54841,-37.97432],[144.51364,-37.99215],[144.48711,-38.00429],[144.47941,-37.99655],[144.48347,-37.99392],[144.48433,-37.98891],[144.45899,-37.98605],[144.46148,-37.97155],[144.3514,-37.95905],[144.35203,-37.9561],[144.37134,-37.90271],[144.36711,-37.89282],[144.37669,-37.89212],[144.38623,-37.89611],[144.40067,-37.8984],[144.40481,-37.87638],[144.41708,-37.87778],[144.42057,-37.87351],[144.42955,-37.87153],[144.43392,-37.86617],[144.44027,-37.86923],[144.44432,-37.86899],[144.44844,-37.87349],[144.4557,-37.87038],[144.45374,-37.8672]]]},"properties":{"postcode":"3211","state":"VIC","icsea_avg":978,"school_count":1,"icsea_band":1}},{"type":"Feature","geometry":{"type":"Polygon","coordinates":[[[144.5371,-38.24998],[144.53963,-38.23712],[144.5488,-38.23827],[144.55626,-38.20087],[144.51029,-38.19534],[144.50126,-38.19239],[144.50318,-38.17967],[144.49464,-38.17864],[144.49778,-38.16111],[144.50538,-38.16194],[144.52072,-38.15949],[144.52691,-38.1603],[144.54986,-38.15537],[144.55437,-38.1559],[144.56459,-38.1516],[144.5859,-38.13475],[144.59682,-38.1465],[144.6492,-38.15261],[144.6409,-38.19633],[144.68128,-38.20119],[144.67385,-38.20694],[144.66615,-38.21006],[144.66217,-38.21727],[144.65301,-38.22598],[144.64444,-38.23637],[144.63671,-38.24245],[144.6338,-38.24729],[144.62709,-38.25301],[144.62609,-38.25752],[144.61664,-38.26896],[144.61303,-38.26733],[144.60642,-38.27538],[144.60276,-38.27785],[144.60074,-38.28784],[144.5768,-38.27951],[144.56548,-38.27639],[144.54669,-38.2726],[144.56358,-38.25265],[144.55534,-38.25161],[144.55586,-38.24904],[144.547,-38.2479],[144.54572,-38.25409],[144.54063,-38.25353],[144.5371,-38.24998]]]},"properties":{"postcode":"3222","state":"VIC","icsea_avg":1030,"school_count":6,"icsea_band":3}},{"type":"Feature","geometry":{"type":"Polygon","coordinates":[[[144.5859,-38.13475],[144.59458,-38.12898],[144.60272,-38.12542],[144.62632,-38.11209],[144.63182,-38.10734],[144.63825,-38.10852],[144.64991,-38.11276],[144.66182,-38.11178],[144.66896,-38.1127],[144.69292,-38.12041],[144.69985,-38.12785],[144.70633,-38.13017],[144.71461,-38.14297],[144.71967,-38.14612],[144.71635,-38.15312],[144.71621,-38.16321],[144.71963,-38.17326],[144.71599,-38.17902],[144.71241,-38.18849],[144.71061,-38.19784],[144.70637,-38.21022],[144.70123,-38.21924],[144.69451,-38.21636],[144.69964,-38.21348],[144.70349,-38.20261],[144.69743,-38.19635],[144.69307,-38.19443],[144.68128,-38.20119],[144.6409,-38.19633],[144.6492,-38.15261],[144.59682,-38.1465],[144.5859,-38.13475]]]},"properties":{"postcode":"3223","state":"VIC","icsea_avg":990,"school_count":2,"icsea_band":2}},{"type":"Feature","geometry":{"type":"Polygon","coordinates":[[[144.50126,-38.19239],[144.49854,-38.20557],[144.49507,-38.21234],[144.48812,-38.21145],[144.48692,-38.217],[144.47636,-38.21257],[144.46603,-38.2097],[144.45634,-38.21048],[144.45239,-38.219],[144.44753,-38.22506],[144.43612,-38.22506],[144.4283,-38.23408],[144.42326,-38.23112],[144.42688,-38.22051],[144.43514,-38.21748],[144.44105,-38.20423],[144.43825,-38.19735],[144.44448,-38.19585],[144.4467,-38.18494],[144.451,-38.18597],[144.45674,-38.15812],[144.46816,-38.1629],[144.48066,-38.16449],[144.48981,-38.16345],[144.49778,-38.16111],[144.49464,-38.17864],[144.50318,-38.17967],[144.50126,-38.19239]]]},"properties":{"postcode":"3224","state":"VIC","icsea_avg":993,"school_count":2,"icsea_band":2}},{"type":"Feature","geometry":{"type":"MultiPolygon","coordinates":[[[[144.60074,-38.28784],[144.60276,-38.27785],[144.60642,-38.27538],[144.61303,-38.26733],[144.61664,-38.26896],[144.62609,-38.25752],[144.63573,-38.26531],[144.63519,-38.27009],[144.64369,-38.26929],[144.65764,-38.26372],[144.66677,-38.26224],[144.65917,-38.27395],[144.64428,-38.27174],[144.62991,-38.27308],[144.61841,-38.27714],[144.61465,-38.28557],[144.61424,-38.29214],[144.60074,-38.28784]]],[[[144.68017,-38.24336],[144.67797,-38.24911],[144.68944,-38.24665],[144.68926,-38.24298],[144.69978,-38.24156],[144.70187,-38.24409],[144.69761,-38.24826],[144.68886,-38.25156],[144.67237,-38.25514],[144.66366,-38.25436],[144.67042,-38.24503],[144.67808,-38.23789],[144.68017,-38.24336]]]]},"properties":{"postcode":"3225","state":"VIC","icsea_avg":1105,"school_count":3,"icsea_band":4}},{"type":"Feature","geometry":{"type":"Polygon","coordinates":[[[144.54669,-38.2726],[144.52557,-38.27133],[144.51212,-38.27348],[144.49662,-38.28251],[144.49944,-38.27512],[144.50807,-38.26761],[144.50736,-38.26466],[144.50124,-38.26386],[144.50466,-38.26158],[144.50114,-38.25749],[144.50455,-38.24726],[144.53693,-38.25098],[144.5371,-38.24998],[144.54063,-38.25353],[144.54572,-38.25409],[144.547,-38.2479],[144.55586,-38.24904],[144.55534,-38.25161],[144.56358,-38.25265],[144.54669,-38.2726]]]},"properties":{"postcode":"3226","state":"VIC","icsea_avg":1091,"school_count":3,"icsea_band":4}},{"type":"Feature","geometry":{"type":"Polygon","coordinates":[[[144.65533,-37.63888],[144.6766,-37.6527],[144.68462,-37.65633],[144.74441,-37.66308],[144.75485,-37.67649],[144.75443,-37.67838],[144.72769,-37.67548],[144.72473,-37.69027],[144.72712,-37.69284],[144.72972,-37.70657],[144.73257,-37.70624],[144.73178,-37.72133],[144.72912,-37.7212],[144.72413,-37.74439],[144.72371,-37.75075],[144.70471,-37.74751],[144.70377,-37.75302],[144.69276,-37.74789],[144.66309,-37.74427],[144.61328,-37.74619],[144.621,-37.70241],[144.62448,-37.68227],[144.6349,-37.68334],[144.64375,-37.67689],[144.64285,-37.67255],[144.64784,-37.65924],[144.64357,-37.65437],[144.64226,-37.64938],[144.64702,-37.64708],[144.65533,-37.63888]]]},"properties":{"postcode":"3335","state":"VIC","icsea_avg":1023,"school_count":2,"icsea_band":3}},{"type":"Feature","geometry":{"type":"Polygon","coordinates":[[[144.65533,-37.63888],[144.64702,-37.64708],[144.64226,-37.64938],[144.64357,-37.65437],[144.64784,-37.65924],[144.64285,-37.67255],[144.64375,-37.67689],[144.6349,-37.68334],[144.62448,-37.68227],[144.621,-37.70241],[144.6147,-37.69768],[144.60381,-37.69534],[144.58998,-37.69498],[144.57723,-37.69148],[144.53193,-37.68661],[144.51769,-37.68752],[144.51487,-37.68567],[144.51274,-37.67529],[144.51861,-37.67029],[144.51918,-37.66622],[144.51849,-37.64751],[144.51969,-37.62745],[144.52729,-37.61833],[144.52395,-37.6094],[144.52329,-37.60322],[144.53174,-37.59506],[144.53862,-37.5836],[144.53817,-37.57573],[144.54228,-37.57392],[144.55088,-37.56177],[144.55623,-37.5589],[144.56118,-37.55242],[144.62675,-37.56001],[144.62621,-37.56291],[144.62434,-37.57065],[144.63157,-37.57933],[144.6306,-37.58673],[144.63415,-37.59136],[144.65694,-37.59391],[144.65497,-37.59661],[144.65646,-37.60627],[144.6541,-37.61164],[144.65803,-37.61619],[144.66109,-37.62699],[144.65905,-37.63238],[144.65547,-37.63361],[144.65533,-37.63888]]]},"properties":{"postcode":"3337","state":"VIC","icsea_avg":970,"school_count":15,"icsea_band":1}},{"type":"Feature","geometry":{"type":"Polygon","coordinates":[[[144.621,-37.70241],[144.61328,-37.74619],[144.61226,-37.75168],[144.57545,-37.74809],[144.5761,-37.75306],[144.58231,-37.75811],[144.57921,-37.7615],[144.57814,-37.77],[144.5844,-37.77935],[144.58907,-37.78153],[144.59072,-37.78851],[144.58823,-37.79431],[144.58476,-37.79472],[144.57819,-37.7994],[144.57756,-37.80414],[144.56758,-37.79889],[144.5488,-37.79714],[144.53268,-37.78727],[144.47768,-37.78101],[144.49058,-37.7057],[144.49422,-37.70428],[144.50207,-37.70852],[144.51905,-37.70673],[144.5173,-37.69944],[144.51784,-37.69221],[144.51487,-37.68567],[144.51769,-37.68752],[144.53193,-37.68661],[144.57723,-37.69148],[144.58998,-37.69498],[144.60381,-37.69534],[144.6147,-37.69768],[144.621,-37.70241]]]},"properties":{"postcode":"3338","state":"VIC","icsea_avg":999,"school_count":11,"icsea_band":2}},{"type":"Feature","geometry":{"type":"Polygon","coordinates":[[[144.62621,-37.56291],[144.67165,-37.56772],[144.68173,-37.57958],[144.69309,-37.59594],[144.70951,-37.61423],[144.74846,-37.61871],[144.75451,-37.62147],[144.7585,-37.61898],[144.76379,-37.62279],[144.77098,-37.62483],[144.77625,-37.62318],[144.76961,-37.63008],[144.76875,-37.63502],[144.76491,-37.63727],[144.76565,-37.64449],[144.76351,-37.64737],[144.7667,-37.65483],[144.76128,-37.65896],[144.76357,-37.66437],[144.74651,-37.66306],[144.74441,-37.66308],[144.68462,-37.65633],[144.6766,-37.6527],[144.65533,-37.63888],[144.65547,-37.63361],[144.65905,-37.63238],[144.66109,-37.62699],[144.65803,-37.61619],[144.6541,-37.61164],[144.65646,-37.60627],[144.65497,-37.59661],[144.65694,-37.59391],[144.63415,-37.59136],[144.6306,-37.58673],[144.63157,-37.57933],[144.62434,-37.57065],[144.62621,-37.56291]]]},"properties":{"postcode":"3427","state":"VIC","icsea_avg":1034,"school_count":1,"icsea_band":3}},{"type":"Feature","geometry":{"type":"Polygon","coordinates":[[[144.80206,-37.60918],[144.80429,-37.61367],[144.81172,-37.61349],[144.81973,-37.61998],[144.81838,-37.62762],[144.83636,-37.6296],[144.83392,-37.64399],[144.81586,-37.64127],[144.81337,-37.65509],[144.80568,-37.65292],[144.79764,-37.65475],[144.80884,-37.66497],[144.80475,-37.66952],[144.79,-37.67574],[144.77639,-37.67672],[144.77363,-37.67031],[144.76357,-37.66437],[144.76128,-37.65896],[144.7667,-37.65483],[144.76351,-37.64737],[144.76565,-37.64449],[144.76491,-37.63727],[144.76875,-37.63502],[144.76961,-37.63008],[144.77625,-37.62318],[144.7805,-37.61513],[144.75997,-37.59861],[144.76012,-37.58263],[144.76816,-37.58368],[144.7705,-37.59049],[144.77896,-37.58927],[144.78233,-37.59436],[144.78839,-37.59922],[144.78727,-37.60528],[144.78944,-37.60838],[144.80047,-37.61176],[144.80206,-37.60918]]]},"properties":{"postcode":"3428","state":"VIC","icsea_avg":null,"school_count":0,"icsea_band":0}},{"type":"Feature","geometry":{"type":"Polygon","coordinates":[[[144.80206,-37.60918],[144.80047,-37.61176],[144.78944,-37.60838],[144.78727,-37.60528],[144.78839,-37.59922],[144.78233,-37.59436],[144.77896,-37.58927],[144.7705,-37.59049],[144.76816,-37.58368],[144.76012,-37.58263],[144.75997,-37.59861],[144.7805,-37.61513],[144.77625,-37.62318],[144.77098,-37.62483],[144.76379,-37.62279],[144.7585,-37.61898],[144.75451,-37.62147],[144.74846,-37.61871],[144.70951,-37.61423],[144.69309,-37.59594],[144.68173,-37.57958],[144.67165,-37.56772],[144.66448,-37.55913],[144.65609,-37.55288],[144.64896,-37.5438],[144.64145,-37.53847],[144.63241,-37.53012],[144.63805,-37.4995],[144.64504,-37.49505],[144.65652,-37.50005],[144.66002,-37.4984],[144.67886,-37.49953],[144.68412,-37.49288],[144.69168,-37.48669],[144.70319,-37.48483],[144.71111,-37.48237],[144.71209,-37.48597],[144.71899,-37.48708],[144.72262,-37.48375],[144.73151,-37.48704],[144.73853,-37.49339],[144.74052,-37.48931],[144.75194,-37.49702],[144.75753,-37.49484],[144.75927,-37.49896],[144.76627,-37.50285],[144.77312,-37.50292],[144.79913,-37.50613],[144.83969,-37.51171],[144.87051,-37.51554],[144.86228,-37.52738],[144.85684,-37.52954],[144.85054,-37.53589],[144.85423,-37.54231],[144.85376,-37.54752],[144.84943,-37.5513],[144.84265,-37.55618],[144.83187,-37.55603],[144.82845,-37.56123],[144.83024,-37.56523],[144.81903,-37.57278],[144.82204,-37.57881],[144.81885,-37.58172],[144.81268,-37.58168],[144.80723,-37.59042],[144.81136,-37.59056],[144.81357,-37.59768],[144.81769,-37.60118],[144.80367,-37.60942],[144.80206,-37.60918]]]},"properties":{"postcode":"3429","state":"VIC","icsea_avg":1027,"school_count":14,"icsea_band":3}},{"type":"Feature","geometry":{"type":"Polygon","coordinates":[[[144.81842,-37.4267],[144.81163,-37.46133],[144.8208,-37.46244],[144.82898,-37.46723],[144.84723,-37.4694],[144.84614,-37.47546],[144.8544,-37.47604],[144.86398,-37.47858],[144.86531,-37.4714],[144.89684,-37.475],[144.89151,-37.48594],[144.89566,-37.48918],[144.89514,-37.49342],[144.88813,-37.49311],[144.88759,-37.49704],[144.88314,-37.49886],[144.88346,-37.50345],[144.87793,-37.50542],[144.87511,-37.50216],[144.86685,-37.50812],[144.87051,-37.51554],[144.83969,-37.51171],[144.79913,-37.50613],[144.77312,-37.50292],[144.76627,-37.50285],[144.75927,-37.49896],[144.75753,-37.49484],[144.75194,-37.49702],[144.74052,-37.48931],[144.73853,-37.49339],[144.73151,-37.48704],[144.72262,-37.48375],[144.72873,-37.47401],[144.70454,-37.46101],[144.72574,-37.45112],[144.72406,-37.44607],[144.7288,-37.42551],[144.73524,-37.42294],[144.73708,-37.42197],[144.75928,-37.42564],[144.76119,-37.41503],[144.78389,-37.41769],[144.79636,-37.42325],[144.80372,-37.42273],[144.81044,-37.42704],[144.81842,-37.4267]]]},"properties":{"postcode":"3430","state":"VIC","icsea_avg":null,"school_count":0,"icsea_band":0}},{"type":"Feature","geometry":{"type":"Polygon","coordinates":[[[144.63319,-37.4196],[144.63453,-37.41261],[144.63264,-37.40608],[144.62461,-37.40553],[144.6214,-37.39214],[144.61917,-37.39016],[144.6202,-37.37915],[144.63008,-37.38019],[144.63052,-37.37679],[144.64865,-37.37802],[144.64755,-37.38638],[144.6501,-37.39338],[144.66265,-37.39015],[144.66325,-37.3923],[144.6804,-37.40642],[144.69128,-37.39792],[144.69303,-37.40172],[144.70124,-37.40509],[144.7053,-37.3986],[144.70875,-37.4024],[144.7195,-37.39404],[144.72716,-37.40317],[144.73187,-37.40325],[144.73287,-37.4165],[144.73524,-37.42294],[144.7288,-37.42551],[144.72406,-37.44607],[144.72574,-37.45112],[144.70454,-37.46101],[144.72873,-37.47401],[144.72262,-37.48375],[144.71899,-37.48708],[144.71209,-37.48597],[144.71111,-37.48237],[144.70319,-37.48483],[144.69168,-37.48669],[144.68412,-37.49288],[144.67886,-37.49953],[144.66002,-37.4984],[144.65652,-37.50005],[144.64504,-37.49505],[144.65768,-37.48692],[144.64593,-37.48534],[144.65008,-37.47817],[144.65162,-37.46897],[144.64572,-37.4682],[144.64711,-37.46195],[144.64093,-37.45926],[144.63066,-37.44264],[144.63878,-37.44335],[144.64152,-37.4293],[144.6412,-37.42595],[144.63319,-37.4196]]]},"properties":{"postcode":"3431","state":"VIC","icsea_avg":1040,"school_count":1,"icsea_band":3}},{"type":"Feature","geometry":{"type":"Polygon","coordinates":[[[144.47242,-37.43156],[144.4782,-37.41423],[144.48667,-37.41639],[144.48736,-37.41221],[144.49597,-37.41062],[144.49694,-37.41626],[144.50085,-37.41763],[144.51423,-37.41389],[144.51444,-37.41804],[144.5202,-37.42329],[144.52279,-37.43033],[144.52147,-37.43792],[144.52601,-37.43845],[144.52805,-37.44387],[144.52889,-37.45331],[144.53308,-37.45545],[144.53295,-37.45971],[144.54793,-37.45958],[144.55878,-37.46487],[144.56006,-37.46056],[144.56784,-37.46073],[144.57653,-37.45544],[144.57913,-37.45979],[144.58119,-37.46497],[144.58667,-37.4698],[144.59469,-37.47392],[144.60426,-37.48218],[144.6196,-37.47398],[144.63682,-37.47613],[144.65162,-37.46897],[144.65008,-37.47817],[144.64593,-37.48534],[144.65768,-37.48692],[144.64504,-37.49505],[144.63805,-37.4995],[144.63241,-37.53012],[144.64145,-37.53847],[144.64896,-37.5438],[144.65609,-37.55288],[144.66448,-37.55913],[144.67165,-37.56772],[144.62621,-37.56291],[144.62675,-37.56001],[144.56118,-37.55242],[144.55623,-37.5589],[144.4837,-37.55082],[144.48396,-37.54946],[144.45928,-37.5464],[144.45803,-37.54227],[144.4647,-37.53709],[144.46315,-37.53325],[144.46826,-37.524],[144.46978,-37.50746],[144.45931,-37.4971],[144.46967,-37.43912],[144.47242,-37.43156]]]},"properties":{"postcode":"3437","state":"VIC","icsea_avg":1051,"school_count":4,"icsea_band":3}},{"type":"Feature","geometry":{"type":"Polygon","coordinates":[[[144.65162,-37.46897],[144.63682,-37.47613],[144.6196,-37.47398],[144.60426,-37.48218],[144.59469,-37.47392],[144.58667,-37.4698],[144.58119,-37.46497],[144.57913,-37.45979],[144.58287,-37.44482],[144.59172,-37.44512],[144.59287,-37.43947],[144.60482,-37.44272],[144.60811,-37.42249],[144.61704,-37.42365],[144.61913,-37.42027],[144.63319,-37.4196],[144.6412,-37.42595],[144.64152,-37.4293],[144.63878,-37.44335],[144.63066,-37.44264],[144.64093,-37.45926],[144.64711,-37.46195],[144.64572,-37.4682],[144.65162,-37.46897]]]},"properties":{"postcode":"3438","state":"VIC","icsea_avg":1062,"school_count":3,"icsea_band":4}},{"type":"Feature","geometry":{"type":"Polygon","coordinates":[[[144.51423,-37.41389],[144.51775,-37.4086],[144.52944,-37.39916],[144.53628,-37.39993],[144.53801,-37.39372],[144.54542,-37.3894],[144.5455,-37.38276],[144.55047,-37.38215],[144.55325,-37.39241],[144.55921,-37.39918],[144.56196,-37.40628],[144.57115,-37.40983],[144.57438,-37.42077],[144.58143,-37.42173],[144.59753,-37.42049],[144.60811,-37.42249],[144.60482,-37.44272],[144.59287,-37.43947],[144.59172,-37.44512],[144.58287,-37.44482],[144.57913,-37.45979],[144.57653,-37.45544],[144.56784,-37.46073],[144.56006,-37.46056],[144.55878,-37.46487],[144.54793,-37.45958],[144.53295,-37.45971],[144.53308,-37.45545],[144.52889,-37.45331],[144.52805,-37.44387],[144.52601,-37.43845],[144.52147,-37.43792],[144.52279,-37.43033],[144.5202,-37.42329],[144.51444,-37.41804],[144.51423,-37.41389]]]},"properties":{"postcode":"3440","state":"VIC","icsea_avg":1124,"school_count":2,"icsea_band":5}},{"type":"Feature","geometry":{"type":"Polygon","coordinates":[[[144.96395,-37.55734],[144.97942,-37.55851],[144.99778,-37.56133],[145.01565,-37.56262],[145.01518,-37.56501],[145.03244,-37.56691],[145.03243,-37.56423],[145.06099,-37.56736],[145.0585,-37.58176],[145.06132,-37.58215],[145.05922,-37.59408],[145.04703,-37.59513],[145.04487,-37.61001],[145.04242,-37.62435],[144.99068,-37.61914],[144.99345,-37.62553],[144.99362,-37.63261],[144.99048,-37.64833],[144.97402,-37.64654],[144.96551,-37.63589],[144.95855,-37.63442],[144.95903,-37.62847],[144.95363,-37.62258],[144.95569,-37.61632],[144.94685,-37.60698],[144.95235,-37.60682],[144.953,-37.59642],[144.95579,-37.59138],[144.95755,-37.58156],[144.96241,-37.57747],[144.96534,-37.57225],[144.9633,-37.56699],[144.96554,-37.56024],[144.96395,-37.55734]]]},"properties":{"postcode":"3750","state":"VIC","icsea_avg":1041,"school_count":8,"icsea_band":3}},{"type":"Feature","geometry":{"type":"Polygon","coordinates":[[[144.97721,-37.51373],[144.99193,-37.51539],[145.04199,-37.52084],[145.09555,-37.52703],[145.09435,-37.54146],[145.08862,-37.57023],[145.06099,-37.56736],[145.03243,-37.56423],[145.03244,-37.56691],[145.01518,-37.56501],[145.01565,-37.56262],[144.99778,-37.56133],[144.97942,-37.55851],[144.96395,-37.55734],[144.96074,-37.5566],[144.9531,-37.54799],[144.95508,-37.54353],[144.96869,-37.53478],[144.97214,-37.53542],[144.97675,-37.52881],[144.97394,-37.52419],[144.97454,-37.51591],[144.97721,-37.51373]]]},"properties":{"postcode":"3751","state":"VIC","icsea_avg":null,"school_count":0,"icsea_band":0}},{"type":"Feature","geometry":{"type":"Polygon","coordinates":[[[145.12278,-37.62236],[145.11911,-37.62784],[145.11363,-37.62788],[145.1097,-37.63203],[145.10778,-37.64009],[145.10344,-37.64408],[145.10664,-37.64778],[145.10762,-37.65337],[145.10272,-37.65813],[145.10111,-37.66252],[145.09488,-37.66187],[145.08366,-37.65408],[145.08813,-37.65124],[145.06773,-37.64903],[145.06316,-37.64238],[145.06378,-37.63732],[145.06035,-37.63293],[145.06451,-37.62635],[145.04242,-37.62435],[145.04487,-37.61001],[145.08306,-37.61383],[145.1085,-37.61712],[145.11259,-37.61614],[145.12278,-37.62236]]]},"properties":{"postcode":"3752","state":"VIC","icsea_avg":1028,"school_count":4,"icsea_band":3}},{"type":"Feature","geometry":{"type":"MultiPolygon","coordinates":[[[[145.05523,-37.44822],[145.04199,-37.52084],[144.99193,-37.51539],[145.00205,-37.50973],[145.00723,-37.50219],[144.98697,-37.49989],[144.99403,-37.48118],[145.00077,-37.44238],[145.05523,-37.44822]]],[[[144.93735,-37.47992],[144.93987,-37.46552],[144.98546,-37.47041],[144.98313,-37.48471],[144.93735,-37.47992]]]]},"properties":{"postcode":"3753","state":"VIC","icsea_avg":1003,"school_count":1,"icsea_band":2}},{"type":"Feature","geometry":{"type":"Polygon","coordinates":[[[145.16656,-37.62475],[145.15331,-37.62499],[145.13925,-37.6204],[145.12866,-37.61919],[145.12278,-37.62236],[145.11259,-37.61614],[145.1085,-37.61712],[145.08306,-37.61383],[145.04487,-37.61001],[145.04703,-37.59513],[145.05922,-37.59408],[145.06132,-37.58215],[145.0585,-37.58176],[145.06099,-37.56736],[145.08862,-37.57023],[145.12546,-37.57451],[145.12635,-37.57001],[145.13563,-37.56942],[145.14403,-37.57261],[145.16728,-37.57111],[145.17314,-37.57008],[145.17318,-37.58007],[145.18694,-37.58173],[145.18057,-37.58468],[145.17765,-37.59548],[145.17443,-37.5951],[145.17048,-37.60924],[145.17498,-37.60991],[145.17332,-37.61769],[145.16656,-37.62475]]]},"properties":{"postcode":"3754","state":"VIC","icsea_avg":1060,"school_count":11,"icsea_band":3}},{"type":"Feature","geometry":{"type":"Polygon","coordinates":[[[145.17543,-37.54286],[145.16678,-37.54884],[145.16889,-37.55132],[145.16499,-37.55801],[145.14946,-37.5653],[145.14403,-37.57261],[145.13563,-37.56942],[145.12635,-37.57001],[145.12546,-37.57451],[145.08862,-37.57023],[145.09435,-37.54146],[145.09555,-37.52703],[145.11448,-37.52896],[145.11611,-37.5193],[145.12692,-37.52069],[145.12803,-37.51558],[145.13654,-37.51651],[145.14134,-37.51377],[145.15179,-37.51278],[145.15418,-37.51584],[145.15084,-37.53308],[145.16698,-37.53578],[145.17543,-37.54286]]]},"properties":{"postcode":"3755","state":"VIC","icsea_avg":null,"school_count":0,"icsea_band":0}},{"type":"Feature","geometry":{"type":"Polygon","coordinates":[[[144.91525,-37.3613],[144.92089,-37.36324],[144.91891,-37.36994],[144.92664,-37.36969],[144.92837,-37.37597],[144.93668,-37.37678],[144.93743,-37.37249],[144.96286,-37.37562],[144.96753,-37.3735],[144.97185,-37.37664],[144.99278,-37.37932],[144.99717,-37.37772],[145.00476,-37.38132],[145.00285,-37.38796],[145.02579,-37.3906],[145.0223,-37.39759],[145.03821,-37.39948],[145.04602,-37.39865],[145.05022,-37.39473],[145.05503,-37.39343],[145.06184,-37.3874],[145.06478,-37.38765],[145.07186,-37.38449],[145.07488,-37.38107],[145.07915,-37.38212],[145.07623,-37.39116],[145.07539,-37.39983],[145.08414,-37.40378],[145.08091,-37.40933],[145.10117,-37.41429],[145.09512,-37.4195],[145.07928,-37.42635],[145.07893,-37.43243],[145.08238,-37.43543],[145.0808,-37.43985],[145.06777,-37.43862],[145.06788,-37.44606],[145.07289,-37.45056],[145.05523,-37.44822],[145.00077,-37.44238],[144.99403,-37.48118],[144.98697,-37.49989],[145.00723,-37.50219],[145.00205,-37.50973],[144.99193,-37.51539],[144.97721,-37.51373],[144.94994,-37.51122],[144.89037,-37.50396],[144.88346,-37.50345],[144.88314,-37.49886],[144.88759,-37.49704],[144.88813,-37.49311],[144.89514,-37.49342],[144.89566,-37.48918],[144.89151,-37.48594],[144.89684,-37.475],[144.86531,-37.4714],[144.86398,-37.47858],[144.8544,-37.47604],[144.84614,-37.47546],[144.84723,-37.4694],[144.82898,-37.46723],[144.8208,-37.46244],[144.81163,-37.46133],[144.81842,-37.4267],[144.82089,-37.42881],[144.83042,-37.42024],[144.83654,-37.41812],[144.84243,-37.42055],[144.84737,-37.41598],[144.85267,-37.41746],[144.85301,-37.39725],[144.85993,-37.39369],[144.86512,-37.38876],[144.86503,-37.37225],[144.85973,-37.37221],[144.85956,-37.368],[144.8616,-37.35814],[144.8998,-37.3626],[144.89916,-37.35957],[144.91525,-37.3613]],[[144.93735,-37.47992],[144.98313,-37.48471],[144.98546,-37.47041],[144.93987,-37.46552],[144.93735,-37.47992]]]},"properties":{"postcode":"3756","state":"VIC","icsea_avg":985,"school_count":5,"icsea_band":1}},{"type":"Feature","geometry":{"type":"Polygon","coordinates":[[[145.09555,-37.52703],[145.04199,-37.52084],[145.05523,-37.44822],[145.07289,-37.45056],[145.06788,-37.44606],[145.06777,-37.43862],[145.0808,-37.43985],[145.08238,-37.43543],[145.07893,-37.43243],[145.07928,-37.42635],[145.09512,-37.4195],[145.10117,-37.41429],[145.10768,-37.4083],[145.10504,-37.40587],[145.11287,-37.40223],[145.11528,-37.41021],[145.12497,-37.41026],[145.12976,-37.41899],[145.13676,-37.42555],[145.14162,-37.42831],[145.14632,-37.42817],[145.14693,-37.42215],[145.15058,-37.41455],[145.15372,-37.41306],[145.16093,-37.41477],[145.16593,-37.41318],[145.17326,-37.42014],[145.17916,-37.42374],[145.18727,-37.42324],[145.18847,-37.43765],[145.18638,-37.44433],[145.20196,-37.44591],[145.20957,-37.45944],[145.21653,-37.46452],[145.22236,-37.47241],[145.22476,-37.45816],[145.23414,-37.44685],[145.23484,-37.438],[145.24153,-37.43343],[145.25585,-37.42563],[145.26562,-37.41935],[145.26577,-37.4098],[145.27446,-37.40973],[145.2758,-37.41469],[145.27969,-37.41751],[145.29309,-37.41978],[145.29221,-37.41609],[145.29759,-37.41195],[145.31506,-37.40933],[145.31832,-37.41441],[145.33212,-37.4143],[145.33208,-37.42989],[145.38291,-37.42957],[145.38297,-37.43446],[145.40031,-37.43444],[145.40033,-37.44411],[145.4126,-37.44409],[145.41054,-37.45092],[145.40425,-37.45679],[145.39558,-37.45746],[145.38698,-37.45653],[145.39086,-37.46655],[145.39293,-37.4658],[145.41749,-37.46791],[145.4184,-37.46181],[145.4222,-37.46255],[145.41833,-37.47905],[145.41926,-37.48242],[145.4173,-37.4895],[145.41997,-37.49925],[145.41593,-37.50314],[145.40973,-37.50454],[145.39912,-37.51038],[145.3868,-37.51072],[145.38796,-37.50563],[145.37861,-37.50349],[145.37678,-37.49888],[145.37994,-37.49294],[145.36075,-37.48868],[145.35825,-37.49191],[145.36546,-37.49351],[145.36376,-37.50419],[145.34117,-37.50172],[145.33739,-37.52517],[145.33381,-37.53261],[145.3285,-37.52913],[145.32057,-37.52817],[145.30908,-37.51975],[145.31383,-37.51556],[145.29706,-37.51369],[145.298,-37.50833],[145.29284,-37.50688],[145.29439,-37.49858],[145.28399,-37.49738],[145.28054,-37.50078],[145.27944,-37.50724],[145.2766,-37.51233],[145.2647,-37.51085],[145.26364,-37.51627],[145.25832,-37.51561],[145.25702,-37.52233],[145.25379,-37.52193],[145.25178,-37.53223],[145.24843,-37.53851],[145.23893,-37.53737],[145.22697,-37.53934],[145.22594,-37.54492],[145.2216,-37.54442],[145.22338,-37.5356],[145.2164,-37.53478],[145.21527,-37.5406],[145.17992,-37.53644],[145.17543,-37.54286],[145.16698,-37.53578],[145.15084,-37.53308],[145.15418,-37.51584],[145.15179,-37.51278],[145.14134,-37.51377],[145.13654,-37.51651],[145.12803,-37.51558],[145.12692,-37.52069],[145.11611,-37.5193],[145.11448,-37.52896],[145.09555,-37.52703]]]},"properties":{"postcode":"3757","state":"VIC","icsea_avg":999,"school_count":5,"icsea_band":2}},{"type":"Feature","geometry":{"type":"Polygon","coordinates":[[[145.25123,-37.61422],[145.25598,-37.61679],[145.25408,-37.62215],[145.26886,-37.63121],[145.27544,-37.63194],[145.27287,-37.63663],[145.28039,-37.64711],[145.2861,-37.65063],[145.27589,-37.65511],[145.27148,-37.65861],[145.26931,-37.66345],[145.26363,-37.66454],[145.25601,-37.67027],[145.25124,-37.67007],[145.25142,-37.66496],[145.24329,-37.66262],[145.23651,-37.66543],[145.22489,-37.66343],[145.22005,-37.66654],[145.21941,-37.65792],[145.22216,-37.64927],[145.21768,-37.64504],[145.21993,-37.63686],[145.22312,-37.63636],[145.22609,-37.6285],[145.21845,-37.62271],[145.23606,-37.62336],[145.24589,-37.62033],[145.25123,-37.61422]]]},"properties":{"postcode":"3759","state":"VIC","icsea_avg":1070,"school_count":1,"icsea_band":4}},{"type":"Feature","geometry":{"type":"Polygon","coordinates":[[[145.25598,-37.61679],[145.2628,-37.62001],[145.26471,-37.61559],[145.27069,-37.61055],[145.29358,-37.61102],[145.29384,-37.61591],[145.30172,-37.6167],[145.30306,-37.62],[145.31142,-37.61503],[145.32165,-37.61202],[145.32312,-37.61759],[145.32044,-37.62194],[145.31203,-37.61822],[145.31082,-37.62467],[145.31426,-37.62508],[145.31135,-37.6324],[145.30782,-37.63201],[145.30508,-37.6421],[145.29393,-37.64614],[145.2905,-37.65072],[145.2861,-37.65063],[145.28039,-37.64711],[145.27287,-37.63663],[145.27544,-37.63194],[145.26886,-37.63121],[145.25408,-37.62215],[145.25598,-37.61679]]]},"properties":{"postcode":"3760","state":"VIC","icsea_avg":null,"school_count":0,"icsea_band":0}},{"type":"Feature","geometry":{"type":"Polygon","coordinates":[[[145.33267,-37.53918],[145.33084,-37.54943],[145.32561,-37.54886],[145.32324,-37.55417],[145.3101,-37.56299],[145.30975,-37.5744],[145.31452,-37.57497],[145.31281,-37.58397],[145.30544,-37.58682],[145.31867,-37.58944],[145.31892,-37.59314],[145.32474,-37.59316],[145.32165,-37.60762],[145.32644,-37.60912],[145.32165,-37.61202],[145.31142,-37.61503],[145.30306,-37.62],[145.30172,-37.6167],[145.29384,-37.61591],[145.29358,-37.61102],[145.27069,-37.61055],[145.26471,-37.61559],[145.2628,-37.62001],[145.25598,-37.61679],[145.25123,-37.61422],[145.24286,-37.6083],[145.24612,-37.60435],[145.24495,-37.59793],[145.25119,-37.59211],[145.25102,-37.58399],[145.25507,-37.58533],[145.25839,-37.58146],[145.25493,-37.57551],[145.25704,-37.56895],[145.25615,-37.56518],[145.2619,-37.56417],[145.26304,-37.55803],[145.27066,-37.55894],[145.2714,-37.55464],[145.27651,-37.55267],[145.28765,-37.55245],[145.28759,-37.54889],[145.29353,-37.54877],[145.30626,-37.54466],[145.30951,-37.54744],[145.31851,-37.54845],[145.3197,-37.54168],[145.31651,-37.53736],[145.33267,-37.53918]]]},"properties":{"postcode":"3761","state":"VIC","icsea_avg":1065,"school_count":1,"icsea_band":4}},{"type":"Feature","geometry":{"type":"Polygon","coordinates":[[[145.33267,-37.53918],[145.33381,-37.53261],[145.33739,-37.52517],[145.34117,-37.50172],[145.36376,-37.50419],[145.36546,-37.49351],[145.35825,-37.49191],[145.36075,-37.48868],[145.37994,-37.49294],[145.37678,-37.49888],[145.37861,-37.50349],[145.38796,-37.50563],[145.3868,-37.51072],[145.38296,-37.52268],[145.37472,-37.52181],[145.3738,-37.52699],[145.36643,-37.52625],[145.3641,-37.54488],[145.36641,-37.54513],[145.36441,-37.5628],[145.35582,-37.59959],[145.34667,-37.59969],[145.34273,-37.60937],[145.33363,-37.60794],[145.32644,-37.60912],[145.32165,-37.60762],[145.32474,-37.59316],[145.31892,-37.59314],[145.31867,-37.58944],[145.30544,-37.58682],[145.31281,-37.58397],[145.31452,-37.57497],[145.30975,-37.5744],[145.3101,-37.56299],[145.32324,-37.55417],[145.32561,-37.54886],[145.33084,-37.54943],[145.33267,-37.53918]]]},"properties":{"postcode":"3763","state":"VIC","icsea_avg":1007,"school_count":1,"icsea_band":2}},{"type":"Feature","geometry":{"type":"Polygon","coordinates":[[[145.33908,-37.80141],[145.34465,-37.80275],[145.34587,-37.79078],[145.3535,-37.78697],[145.3532,-37.79424],[145.35941,-37.79695],[145.36901,-37.79706],[145.37333,-37.80149],[145.37443,-37.80879],[145.37178,-37.81339],[145.36369,-37.81418],[145.35754,-37.81931],[145.34786,-37.81898],[145.34333,-37.82097],[145.34106,-37.82953],[145.33854,-37.83195],[145.33369,-37.83151],[145.32993,-37.83131],[145.32291,-37.81492],[145.33387,-37.80636],[145.33925,-37.80504],[145.33908,-37.80141]]]},"properties":{"postcode":"3765","state":"VIC","icsea_avg":1049,"school_count":2,"icsea_band":3}},{"type":"Feature","geometry":{"type":"Polygon","coordinates":[[[145.37443,-37.80879],[145.3819,-37.80612],[145.38041,-37.80981],[145.38629,-37.81432],[145.38254,-37.82156],[145.3764,-37.81954],[145.37809,-37.82704],[145.37348,-37.82792],[145.37,-37.83389],[145.36786,-37.83296],[145.3621,-37.82297],[145.35754,-37.81931],[145.36369,-37.81418],[145.37178,-37.81339],[145.37443,-37.80879]]]},"properties":{"postcode":"3766","state":"VIC","icsea_avg":null,"school_count":0,"icsea_band":0}},{"type":"Feature","geometry":{"type":"Polygon","coordinates":[[[145.35754,-37.81931],[145.3621,-37.82297],[145.36786,-37.83296],[145.37,-37.83389],[145.36754,-37.83507],[145.36812,-37.84164],[145.35796,-37.84734],[145.35291,-37.84624],[145.35077,-37.84127],[145.34599,-37.8387],[145.34434,-37.83256],[145.33854,-37.83195],[145.34106,-37.82953],[145.34333,-37.82097],[145.34786,-37.81898],[145.35754,-37.81931]]]},"properties":{"postcode":"3767","state":"VIC","icsea_avg":1078,"school_count":1,"icsea_band":4}},{"type":"Feature","geometry":{"type":"Polygon","coordinates":[[[145.4117,-37.74777],[145.4133,-37.73924],[145.37634,-37.73489],[145.36941,-37.73607],[145.34093,-37.72639],[145.34187,-37.71647],[145.31234,-37.71391],[145.31378,-37.70699],[145.32056,-37.70666],[145.31492,-37.69962],[145.31865,-37.69737],[145.31812,-37.6913],[145.33134,-37.6877],[145.34347,-37.67354],[145.34775,-37.6787],[145.35494,-37.67303],[145.36886,-37.66838],[145.37398,-37.66222],[145.37879,-37.65981],[145.39954,-37.66982],[145.4012,-37.67576],[145.40653,-37.67407],[145.40821,-37.66824],[145.41906,-37.66358],[145.42194,-37.65769],[145.43084,-37.66358],[145.43243,-37.66876],[145.43686,-37.67158],[145.44623,-37.67427],[145.45577,-37.67118],[145.46443,-37.67536],[145.4686,-37.67561],[145.47187,-37.6708],[145.4727,-37.66538],[145.48372,-37.66366],[145.49171,-37.67371],[145.4892,-37.6774],[145.49326,-37.68488],[145.49651,-37.68698],[145.49641,-37.69533],[145.50129,-37.69593],[145.50324,-37.70104],[145.50918,-37.70479],[145.50498,-37.71621],[145.50152,-37.71985],[145.49796,-37.7296],[145.50398,-37.73536],[145.51247,-37.73697],[145.51498,-37.7398],[145.51621,-37.74256],[145.50927,-37.74528],[145.51129,-37.74896],[145.51008,-37.75355],[145.49316,-37.75632],[145.49099,-37.75797],[145.49096,-37.76747],[145.42543,-37.76751],[145.42869,-37.75671],[145.42771,-37.74877],[145.4117,-37.74777]]]},"properties":{"postcode":"3770","state":"VIC","icsea_avg":1046,"school_count":3,"icsea_band":3}},{"type":"Feature","geometry":{"type":"Polygon","coordinates":[[[145.41906,-37.66358],[145.40821,-37.66824],[145.40653,-37.67407],[145.4012,-37.67576],[145.39954,-37.66982],[145.37879,-37.65981],[145.37398,-37.66222],[145.36886,-37.66838],[145.35494,-37.67303],[145.34775,-37.6787],[145.34347,-37.67354],[145.33134,-37.6877],[145.31812,-37.6913],[145.31865,-37.69737],[145.31492,-37.69962],[145.32056,-37.70666],[145.31378,-37.70699],[145.31234,-37.71391],[145.30409,-37.71598],[145.29909,-37.71278],[145.29359,-37.71223],[145.29328,-37.70954],[145.29677,-37.7038],[145.28766,-37.70025],[145.29022,-37.69411],[145.30232,-37.69054],[145.30987,-37.69226],[145.3114,-37.68441],[145.30377,-37.68213],[145.30286,-37.68749],[145.29466,-37.68595],[145.29053,-37.68802],[145.28178,-37.68594],[145.27494,-37.69127],[145.26482,-37.68895],[145.26525,-37.67845],[145.25601,-37.67027],[145.26363,-37.66454],[145.26931,-37.66345],[145.27148,-37.65861],[145.27589,-37.65511],[145.2861,-37.65063],[145.2905,-37.65072],[145.29393,-37.64614],[145.30508,-37.6421],[145.30782,-37.63201],[145.31135,-37.6324],[145.31426,-37.62508],[145.31082,-37.62467],[145.31203,-37.61822],[145.32044,-37.62194],[145.32312,-37.61759],[145.32165,-37.61202],[145.32644,-37.60912],[145.33363,-37.60794],[145.34273,-37.60937],[145.34667,-37.59969],[145.35582,-37.59959],[145.36441,-37.5628],[145.36641,-37.54513],[145.37582,-37.54054],[145.3799,-37.54287],[145.38647,-37.5434],[145.38953,-37.53974],[145.3939,-37.54089],[145.4024,-37.53634],[145.40278,-37.52801],[145.40504,-37.52655],[145.41874,-37.52656],[145.41852,-37.5315],[145.426,-37.535],[145.43269,-37.53081],[145.44053,-37.53343],[145.43781,-37.54588],[145.4426,-37.54656],[145.44263,-37.55217],[145.45275,-37.55329],[145.44846,-37.56203],[145.44405,-37.56594],[145.44557,-37.56996],[145.46149,-37.57133],[145.46064,-37.58563],[145.45679,-37.58994],[145.45879,-37.59315],[145.45944,-37.60465],[145.4588,-37.6132],[145.46109,-37.61654],[145.45682,-37.63584],[145.45265,-37.64252],[145.44524,-37.63831],[145.43524,-37.63705],[145.42393,-37.64017],[145.41897,-37.64344],[145.41628,-37.65608],[145.41906,-37.66358]]]},"properties":{"postcode":"3775","state":"VIC","icsea_avg":1028,"school_count":2,"icsea_band":3}},{"type":"Feature","geometry":{"type":"Polygon","coordinates":[[[145.41906,-37.66358],[145.41628,-37.65608],[145.41897,-37.64344],[145.42393,-37.64017],[145.43524,-37.63705],[145.44524,-37.63831],[145.45265,-37.64252],[145.45682,-37.63584],[145.46109,-37.61654],[145.4588,-37.6132],[145.45944,-37.60465],[145.45879,-37.59315],[145.45679,-37.58994],[145.46064,-37.58563],[145.46149,-37.57133],[145.44557,-37.56996],[145.44405,-37.56594],[145.44846,-37.56203],[145.45275,-37.55329],[145.44263,-37.55217],[145.4426,-37.54656],[145.43781,-37.54588],[145.44053,-37.53343],[145.43269,-37.53081],[145.426,-37.535],[145.41852,-37.5315],[145.41874,-37.52656],[145.40504,-37.52655],[145.40278,-37.52801],[145.4024,-37.53634],[145.3939,-37.54089],[145.38953,-37.53974],[145.38647,-37.5434],[145.3799,-37.54287],[145.37582,-37.54054],[145.36641,-37.54513],[145.3641,-37.54488],[145.36643,-37.52625],[145.3738,-37.52699],[145.37472,-37.52181],[145.38296,-37.52268],[145.3868,-37.51072],[145.39912,-37.51038],[145.40973,-37.50454],[145.41593,-37.50314],[145.41997,-37.49925],[145.4173,-37.4895],[145.41926,-37.48242],[145.41833,-37.47905],[145.4222,-37.46255],[145.42264,-37.4617],[145.48861,-37.46132],[145.49102,-37.45782],[145.49083,-37.45075],[145.49459,-37.43739],[145.51676,-37.43722],[145.51295,-37.45707],[145.56987,-37.46039],[145.56811,-37.46614],[145.56488,-37.46605],[145.56106,-37.51469],[145.56272,-37.52412],[145.5608,-37.53078],[145.56638,-37.53465],[145.57488,-37.54514],[145.56964,-37.54887],[145.56945,-37.55583],[145.57287,-37.55603],[145.57673,-37.562],[145.58004,-37.57122],[145.58614,-37.56733],[145.59361,-37.56589],[145.6019,-37.56736],[145.60252,-37.57595],[145.61801,-37.5723],[145.62081,-37.57708],[145.62733,-37.58082],[145.63262,-37.58756],[145.64067,-37.58924],[145.64689,-37.594],[145.65381,-37.60176],[145.65468,-37.60908],[145.65755,-37.61104],[145.65911,-37.61753],[145.66734,-37.62215],[145.67585,-37.6242],[145.58796,-37.67712],[145.5868,-37.68689],[145.5838,-37.68667],[145.58218,-37.69617],[145.57908,-37.69476],[145.57384,-37.70013],[145.57563,-37.70523],[145.57323,-37.71043],[145.58201,-37.71147],[145.57956,-37.72434],[145.57481,-37.72376],[145.57328,-37.73161],[145.57837,-37.73219],[145.57534,-37.74022],[145.56509,-37.73899],[145.55135,-37.73869],[145.53266,-37.73541],[145.52993,-37.73831],[145.5209,-37.73692],[145.51498,-37.7398],[145.51247,-37.73697],[145.50398,-37.73536],[145.49796,-37.7296],[145.50152,-37.71985],[145.50498,-37.71621],[145.50918,-37.70479],[145.50324,-37.70104],[145.50129,-37.69593],[145.49641,-37.69533],[145.49651,-37.68698],[145.49326,-37.68488],[145.4892,-37.6774],[145.49171,-37.67371],[145.48372,-37.66366],[145.4727,-37.66538],[145.47187,-37.6708],[145.4686,-37.67561],[145.46443,-37.67536],[145.45577,-37.67118],[145.44623,-37.67427],[145.43686,-37.67158],[145.43243,-37.66876],[145.43084,-37.66358],[145.42194,-37.65769],[145.41906,-37.66358]]]},"properties":{"postcode":"3777","state":"VIC","icsea_avg":953,"school_count":7,"icsea_band":1}},{"type":"Feature","geometry":{"type":"Polygon","coordinates":[[[145.48439,-37.96088],[145.47921,-37.95738],[145.47986,-37.95405],[145.47301,-37.9532],[145.47602,-37.93965],[145.47032,-37.939],[145.47139,-37.93374],[145.46831,-37.92837],[145.49162,-37.92613],[145.48999,-37.91916],[145.5003,-37.90806],[145.50382,-37.90716],[145.51045,-37.90105],[145.50771,-37.89984],[145.51761,-37.89234],[145.5224,-37.88708],[145.52551,-37.8874],[145.52887,-37.89025],[145.53499,-37.88762],[145.55051,-37.88966],[145.54759,-37.90159],[145.53683,-37.90529],[145.53515,-37.91621],[145.53032,-37.92206],[145.52914,-37.92651],[145.52235,-37.92569],[145.52166,-37.93263],[145.52388,-37.93988],[145.5356,-37.9433],[145.53847,-37.93642],[145.54732,-37.93645],[145.55626,-37.93449],[145.55528,-37.93995],[145.55111,-37.94426],[145.54987,-37.95077],[145.54322,-37.95361],[145.54235,-37.95819],[145.53165,-37.95624],[145.52094,-37.96285],[145.50068,-37.96026],[145.49603,-37.9623],[145.48439,-37.96088]]]},"properties":{"postcode":"3781","state":"VIC","icsea_avg":1009,"school_count":1,"icsea_band":2}},{"type":"Feature","geometry":{"type":"Polygon","coordinates":[[[145.45706,-37.857],[145.46796,-37.85323],[145.47042,-37.8574],[145.47551,-37.8517],[145.48144,-37.85694],[145.50318,-37.85968],[145.50692,-37.8552],[145.51954,-37.85825],[145.52459,-37.85996],[145.52848,-37.87181],[145.52551,-37.8874],[145.5224,-37.88708],[145.51761,-37.89234],[145.50771,-37.89984],[145.51045,-37.90105],[145.50382,-37.90716],[145.5003,-37.90806],[145.48999,-37.91916],[145.49162,-37.92613],[145.46831,-37.92837],[145.47139,-37.93374],[145.47032,-37.939],[145.47602,-37.93965],[145.47301,-37.9532],[145.47986,-37.95405],[145.47921,-37.95738],[145.48439,-37.96088],[145.48592,-37.96927],[145.47341,-37.96769],[145.47501,-37.95972],[145.47197,-37.95933],[145.46435,-37.96581],[145.46262,-37.97035],[145.46558,-37.97408],[145.46243,-37.97949],[145.45458,-37.97904],[145.449,-37.98193],[145.44147,-37.98298],[145.4335,-37.97871],[145.41822,-37.98065],[145.41409,-37.97764],[145.40792,-37.97892],[145.40393,-37.9762],[145.40003,-37.97912],[145.39361,-37.97914],[145.38813,-37.97543],[145.38803,-37.97098],[145.38812,-37.9573],[145.38515,-37.95162],[145.38217,-37.94117],[145.38368,-37.9381],[145.39046,-37.93759],[145.39383,-37.93962],[145.40222,-37.93895],[145.41963,-37.92633],[145.42292,-37.91919],[145.4285,-37.91349],[145.43871,-37.91458],[145.44322,-37.901],[145.44025,-37.8948],[145.445,-37.89181],[145.45041,-37.88203],[145.45755,-37.87914],[145.45832,-37.85706],[145.45706,-37.857]]]},"properties":{"postcode":"3782","state":"VIC","icsea_avg":1041,"school_count":4,"icsea_band":3}},{"type":"Feature","geometry":{"type":"Polygon","coordinates":[[[145.67572,-37.89344],[145.67967,-37.89355],[145.68631,-37.88882],[145.68492,-37.88372],[145.69389,-37.88601],[145.69948,-37.88512],[145.70594,-37.88719],[145.7161,-37.88375],[145.72154,-37.88524],[145.72713,-37.89952],[145.73039,-37.90343],[145.7379,-37.90201],[145.74788,-37.90745],[145.7508,-37.91714],[145.74749,-37.92286],[145.74241,-37.92614],[145.74162,-37.92962],[145.74706,-37.9378],[145.74212,-37.94306],[145.74179,-37.94737],[145.73478,-37.95029],[145.73682,-37.9534],[145.73104,-37.95867],[145.73824,-37.97031],[145.74733,-37.97543],[145.75601,-37.98255],[145.7567,-37.98596],[145.76254,-37.99072],[145.76126,-37.99928],[145.76447,-38.00882],[145.74344,-38.00885],[145.73809,-38.00409],[145.73133,-38.00412],[145.73124,-37.99525],[145.71687,-37.99667],[145.70732,-37.99207],[145.68718,-37.98668],[145.67363,-37.97986],[145.66159,-37.98137],[145.6601,-37.99333],[145.65485,-37.99415],[145.62151,-37.99051],[145.61644,-37.98746],[145.58694,-37.98454],[145.5836,-38.00486],[145.57686,-37.99296],[145.57138,-37.99233],[145.56247,-37.99846],[145.5559,-37.99899],[145.55283,-37.99323],[145.53989,-37.9918],[145.54121,-37.98529],[145.53398,-37.97731],[145.53093,-37.98228],[145.52248,-37.98051],[145.51852,-37.98219],[145.51766,-37.98676],[145.51237,-37.98609],[145.51138,-37.99118],[145.49507,-37.98917],[145.4933,-37.98701],[145.49442,-37.97723],[145.48285,-37.97583],[145.48164,-37.97202],[145.48592,-37.96927],[145.48439,-37.96088],[145.49603,-37.9623],[145.50068,-37.96026],[145.52094,-37.96285],[145.53165,-37.95624],[145.54235,-37.95819],[145.54322,-37.95361],[145.54987,-37.95077],[145.55111,-37.94426],[145.55528,-37.93995],[145.55626,-37.93449],[145.54732,-37.93645],[145.53847,-37.93642],[145.5356,-37.9433],[145.52388,-37.93988],[145.52166,-37.93263],[145.52235,-37.92569],[145.52914,-37.92651],[145.53032,-37.92206],[145.53515,-37.91621],[145.53683,-37.90529],[145.54759,-37.90159],[145.55051,-37.88966],[145.53499,-37.88762],[145.52887,-37.89025],[145.52551,-37.8874],[145.52848,-37.87181],[145.52459,-37.85996],[145.51954,-37.85825],[145.52255,-37.85791],[145.52883,-37.86224],[145.53053,-37.86639],[145.53576,-37.86658],[145.54137,-37.87175],[145.55342,-37.87371],[145.55404,-37.87739],[145.5623,-37.88197],[145.56266,-37.88568],[145.56883,-37.89331],[145.56754,-37.89701],[145.57523,-37.89934],[145.57854,-37.8977],[145.58994,-37.89628],[145.60433,-37.89802],[145.60373,-37.90111],[145.62792,-37.90403],[145.62511,-37.91698],[145.64209,-37.91836],[145.65261,-37.91644],[145.65057,-37.91269],[145.65796,-37.90799],[145.66223,-37.90881],[145.6707,-37.90714],[145.66907,-37.89954],[145.67168,-37.89345],[145.67572,-37.89344]]]},"properties":{"postcode":"3783","state":"VIC","icsea_avg":1030,"school_count":1,"icsea_band":3}},{"type":"Feature","geometry":{"type":"Polygon","coordinates":[[[145.30608,-37.86311],[145.32667,-37.86648],[145.32182,-37.87227],[145.32304,-37.87785],[145.32811,-37.88218],[145.32782,-37.88948],[145.32835,-37.89383],[145.31781,-37.89211],[145.31166,-37.89276],[145.30355,-37.88546],[145.3085,-37.87107],[145.30617,-37.86912],[145.30608,-37.86311]]]},"properties":{"postcode":"3785","state":"VIC","icsea_avg":null,"school_count":0,"icsea_band":0}},{"type":"Feature","geometry":{"type":"Polygon","coordinates":[[[145.34339,-37.87529],[145.34214,-37.87792],[145.34499,-37.88411],[145.34551,-37.88977],[145.34295,-37.89021],[145.32782,-37.88948],[145.32811,-37.88218],[145.32304,-37.87785],[145.32182,-37.87227],[145.32667,-37.86648],[145.32949,-37.86318],[145.33606,-37.86076],[145.34113,-37.861],[145.34332,-37.86498],[145.34339,-37.87529]]]},"properties":{"postcode":"3786","state":"VIC","icsea_avg":1111,"school_count":1,"icsea_band":5}},{"type":"Feature","geometry":{"type":"Polygon","coordinates":[[[145.34113,-37.861],[145.34346,-37.86233],[145.34968,-37.86313],[145.35287,-37.85934],[145.3587,-37.85709],[145.36326,-37.86352],[145.36959,-37.86608],[145.37172,-37.87675],[145.3704,-37.87631],[145.35709,-37.87219],[145.35058,-37.8753],[145.34339,-37.87529],[145.34332,-37.86498],[145.34113,-37.861]]]},"properties":{"postcode":"3787","state":"VIC","icsea_avg":1018,"school_count":2,"icsea_band":2}},{"type":"Feature","geometry":{"type":"Polygon","coordinates":[[[145.37,-37.83389],[145.37348,-37.82792],[145.37809,-37.82704],[145.3764,-37.81954],[145.38254,-37.82156],[145.38629,-37.81432],[145.38041,-37.80981],[145.3819,-37.80612],[145.38242,-37.80028],[145.38966,-37.80051],[145.39569,-37.81006],[145.40024,-37.81091],[145.40497,-37.80765],[145.40647,-37.8175],[145.41368,-37.82237],[145.4203,-37.8242],[145.42411,-37.82962],[145.42965,-37.83364],[145.42239,-37.84649],[145.42343,-37.85121],[145.41742,-37.85584],[145.41533,-37.86115],[145.40865,-37.86768],[145.40139,-37.86785],[145.39361,-37.87048],[145.39449,-37.87517],[145.39053,-37.87979],[145.38662,-37.88042],[145.37172,-37.87675],[145.36959,-37.86608],[145.36326,-37.86352],[145.3587,-37.85709],[145.35287,-37.85934],[145.34968,-37.86313],[145.34346,-37.86233],[145.34577,-37.8592],[145.34124,-37.85378],[145.33283,-37.84743],[145.32602,-37.84664],[145.33369,-37.83151],[145.33854,-37.83195],[145.34434,-37.83256],[145.34599,-37.8387],[145.35077,-37.84127],[145.35291,-37.84624],[145.35796,-37.84734],[145.36812,-37.84164],[145.36754,-37.83507],[145.37,-37.83389]]]},"properties":{"postcode":"3788","state":"VIC","icsea_avg":964,"school_count":1,"icsea_band":1}},{"type":"Feature","geometry":{"type":"Polygon","coordinates":[[[145.36462,-37.90868],[145.3634,-37.90126],[145.3522,-37.89876],[145.3471,-37.89414],[145.34551,-37.88977],[145.34499,-37.88411],[145.34214,-37.87792],[145.34339,-37.87529],[145.35058,-37.8753],[145.35709,-37.87219],[145.3704,-37.87631],[145.36686,-37.88208],[145.37366,-37.88697],[145.3778,-37.88668],[145.38088,-37.89089],[145.38542,-37.89256],[145.3897,-37.89708],[145.38414,-37.90154],[145.3863,-37.90423],[145.38132,-37.90782],[145.37698,-37.90645],[145.36462,-37.90868]]]},"properties":{"postcode":"3789","state":"VIC","icsea_avg":null,"school_count":0,"icsea_band":0}},{"type":"Feature","geometry":{"type":"Polygon","coordinates":[[[145.3863,-37.90423],[145.38414,-37.90154],[145.3897,-37.89708],[145.38542,-37.89256],[145.38088,-37.89089],[145.3778,-37.88668],[145.37366,-37.88697],[145.36686,-37.88208],[145.3704,-37.87631],[145.37172,-37.87675],[145.38662,-37.88042],[145.3867,-37.88345],[145.38836,-37.89091],[145.39403,-37.89382],[145.39374,-37.89887],[145.39928,-37.90129],[145.40827,-37.89927],[145.41145,-37.90125],[145.42165,-37.89916],[145.42493,-37.89608],[145.43211,-37.89285],[145.44025,-37.8948],[145.44322,-37.901],[145.43871,-37.91458],[145.4285,-37.91349],[145.42292,-37.91919],[145.40748,-37.91637],[145.40804,-37.909],[145.39801,-37.9035],[145.39517,-37.90489],[145.3863,-37.90423]]]},"properties":{"postcode":"3791","state":"VIC","icsea_avg":1118,"school_count":1,"icsea_band":5}},{"type":"Feature","geometry":{"type":"Polygon","coordinates":[[[145.3867,-37.88345],[145.39188,-37.88209],[145.4063,-37.8842],[145.40626,-37.8895],[145.4112,-37.88896],[145.41872,-37.89622],[145.42493,-37.89608],[145.42165,-37.89916],[145.41145,-37.90125],[145.40827,-37.89927],[145.39928,-37.90129],[145.39374,-37.89887],[145.39403,-37.89382],[145.38836,-37.89091],[145.3867,-37.88345]]]},"properties":{"postcode":"3792","state":"VIC","icsea_avg":1086,"school_count":1,"icsea_band":4}},{"type":"Feature","geometry":{"type":"Polygon","coordinates":[[[145.44025,-37.8948],[145.43211,-37.89285],[145.42493,-37.89608],[145.41872,-37.89622],[145.4112,-37.88896],[145.40626,-37.8895],[145.4063,-37.8842],[145.39188,-37.88209],[145.3867,-37.88345],[145.38662,-37.88042],[145.39053,-37.87979],[145.39449,-37.87517],[145.39361,-37.87048],[145.40139,-37.86785],[145.40865,-37.86768],[145.41533,-37.86115],[145.41742,-37.85584],[145.42343,-37.85121],[145.43014,-37.85522],[145.43708,-37.85441],[145.44346,-37.85744],[145.44817,-37.85325],[145.45706,-37.857],[145.45832,-37.85706],[145.45755,-37.87914],[145.45041,-37.88203],[145.445,-37.89181],[145.44025,-37.8948]]]},"properties":{"postcode":"3793","state":"VIC","icsea_avg":1041,"school_count":3,"icsea_band":3}},{"type":"Feature","geometry":{"type":"Polygon","coordinates":[[[145.40497,-37.80765],[145.41805,-37.80071],[145.42716,-37.81107],[145.43002,-37.80952],[145.445,-37.82449],[145.45197,-37.82924],[145.46522,-37.82522],[145.4772,-37.8285],[145.48329,-37.82755],[145.48142,-37.83411],[145.47834,-37.83573],[145.48054,-37.84876],[145.47551,-37.8517],[145.47042,-37.8574],[145.46796,-37.85323],[145.45706,-37.857],[145.44817,-37.85325],[145.44346,-37.85744],[145.43708,-37.85441],[145.43014,-37.85522],[145.42343,-37.85121],[145.42239,-37.84649],[145.42965,-37.83364],[145.42411,-37.82962],[145.4203,-37.8242],[145.41368,-37.82237],[145.40647,-37.8175],[145.40497,-37.80765]]]},"properties":{"postcode":"3795","state":"VIC","icsea_avg":1016,"school_count":1,"icsea_band":2}},{"type":"Feature","geometry":{"type":"Polygon","coordinates":[[[145.40233,-37.76693],[145.40225,-37.77067],[145.40896,-37.7771],[145.41054,-37.7906],[145.41805,-37.80071],[145.40497,-37.80765],[145.40024,-37.81091],[145.39569,-37.81006],[145.38966,-37.80051],[145.38242,-37.80028],[145.3819,-37.80612],[145.37443,-37.80879],[145.37333,-37.80149],[145.36901,-37.79706],[145.35941,-37.79695],[145.36413,-37.77973],[145.36305,-37.77355],[145.37499,-37.77256],[145.37501,-37.7641],[145.40233,-37.76693]]]},"properties":{"postcode":"3796","state":"VIC","icsea_avg":1028,"school_count":5,"icsea_band":3}},{"type":"Feature","geometry":{"type":"Polygon","coordinates":[[[145.12928,-37.90727],[145.14195,-37.90669],[145.14012,-37.91628],[145.12849,-37.91479],[145.12928,-37.90727]]]},"properties":{"postcode":"3800","state":"VIC","icsea_avg":null,"school_count":0,"icsea_band":0}},{"type":"Feature","geometry":{"type":"Polygon","coordinates":[[[145.22964,-37.95234],[145.23375,-37.94266],[145.2439,-37.94327],[145.24535,-37.94865],[145.25881,-37.95853],[145.26345,-37.95816],[145.27735,-37.95989],[145.2821,-37.96195],[145.27612,-37.99198],[145.26829,-37.99578],[145.25382,-37.99335],[145.25442,-37.99098],[145.24119,-37.97843],[145.23329,-37.96608],[145.23402,-37.95651],[145.22964,-37.95234]]]},"properties":{"postcode":"3802","state":"VIC","icsea_avg":1019,"school_count":10,"icsea_band":3}},{"type":"Feature","geometry":{"type":"Polygon","coordinates":[[[145.25382,-37.99335],[145.26829,-37.99578],[145.28638,-37.99898],[145.28953,-37.99941],[145.28689,-38.00943],[145.28355,-38.01156],[145.28405,-38.01927],[145.28675,-38.02163],[145.24899,-38.01701],[145.25185,-38.00364],[145.25382,-37.99335]]]},"properties":{"postcode":"3803","state":"VIC","icsea_avg":931,"school_count":2,"icsea_band":1}},{"type":"Feature","geometry":{"type":"Polygon","coordinates":[[[145.2821,-37.96195],[145.29318,-37.96487],[145.29988,-37.93146],[145.31438,-37.93172],[145.31582,-37.92484],[145.32495,-37.92132],[145.32402,-37.91921],[145.33544,-37.92033],[145.34144,-37.91911],[145.33852,-37.93091],[145.33072,-37.93],[145.32889,-37.93899],[145.32834,-37.94977],[145.33266,-37.94928],[145.34758,-37.95379],[145.35264,-37.95747],[145.3565,-37.95293],[145.36557,-37.95538],[145.36242,-37.96093],[145.3756,-37.95907],[145.37473,-37.95163],[145.38515,-37.95162],[145.38812,-37.9573],[145.38803,-37.97098],[145.38406,-37.97082],[145.37921,-37.97503],[145.36099,-37.97205],[145.36044,-37.97525],[145.35385,-37.98097],[145.35254,-37.98705],[145.33741,-37.99097],[145.3313,-37.99906],[145.32333,-37.99816],[145.30284,-37.99542],[145.2923,-37.99479],[145.28638,-37.99898],[145.26829,-37.99578],[145.27612,-37.99198],[145.2821,-37.96195]]]},"properties":{"postcode":"3804","state":"VIC","icsea_avg":1101,"school_count":5,"icsea_band":4}},{"type":"Feature","geometry":{"type":"Polygon","coordinates":[[[145.32196,-38.07279],[145.2982,-38.0699],[145.29405,-38.07108],[145.2891,-38.06843],[145.27981,-38.06736],[145.28854,-38.02485],[145.28675,-38.02163],[145.28405,-38.01927],[145.28355,-38.01156],[145.28689,-38.00943],[145.28953,-37.99941],[145.28638,-37.99898],[145.2923,-37.99479],[145.30284,-37.99542],[145.32333,-37.99816],[145.32647,-38.00252],[145.31956,-38.00856],[145.31823,-38.01735],[145.31297,-38.02173],[145.31891,-38.02782],[145.32299,-38.02963],[145.33161,-38.03892],[145.32288,-38.03868],[145.31818,-38.04858],[145.32263,-38.05801],[145.32968,-38.05901],[145.32787,-38.0678],[145.32196,-38.07279]]]},"properties":{"postcode":"3805","state":"VIC","icsea_avg":987,"school_count":14,"icsea_band":1}},{"type":"Feature","geometry":{"type":"Polygon","coordinates":[[[145.37487,-38.05937],[145.37593,-38.06439],[145.38005,-38.06769],[145.37654,-38.07511],[145.37646,-38.07959],[145.32196,-38.07279],[145.32787,-38.0678],[145.32968,-38.05901],[145.32263,-38.05801],[145.31818,-38.04858],[145.32288,-38.03868],[145.33161,-38.03892],[145.32299,-38.02963],[145.31891,-38.02782],[145.31297,-38.02173],[145.31823,-38.01735],[145.31956,-38.00856],[145.32647,-38.00252],[145.32333,-37.99816],[145.3313,-37.99906],[145.33741,-37.99097],[145.35254,-37.98705],[145.35385,-37.98097],[145.36044,-37.97525],[145.36099,-37.97205],[145.37921,-37.97503],[145.38245,-37.98463],[145.37585,-37.98961],[145.37982,-37.99695],[145.37786,-38.00128],[145.38171,-38.00445],[145.38392,-38.01423],[145.37872,-38.0176],[145.37762,-38.02558],[145.36592,-38.03885],[145.36479,-38.04441],[145.3592,-38.0524],[145.37024,-38.0608],[145.37487,-38.05937]]]},"properties":{"postcode":"3806","state":"VIC","icsea_avg":1071,"school_count":13,"icsea_band":4}},{"type":"Feature","geometry":{"type":"Polygon","coordinates":[[[145.38171,-38.00445],[145.39048,-38.00087],[145.39562,-38.00131],[145.4008,-38.00594],[145.40034,-38.01067],[145.41046,-38.01803],[145.40152,-38.02734],[145.40065,-38.03448],[145.39678,-38.03954],[145.39266,-38.04151],[145.38822,-38.06176],[145.37487,-38.05937],[145.37024,-38.0608],[145.3592,-38.0524],[145.36479,-38.04441],[145.36592,-38.03885],[145.37762,-38.02558],[145.37872,-38.0176],[145.38392,-38.01423],[145.38171,-38.00445]]]},"properties":{"postcode":"3807","state":"VIC","icsea_avg":1044,"school_count":2,"icsea_band":3}},{"type":"Feature","geometry":{"type":"Polygon","coordinates":[[[145.38803,-37.97098],[145.38813,-37.97543],[145.39361,-37.97914],[145.40003,-37.97912],[145.40393,-37.9762],[145.40792,-37.97892],[145.41409,-37.97764],[145.41822,-37.98065],[145.4335,-37.97871],[145.44147,-37.98298],[145.449,-37.98193],[145.45458,-37.97904],[145.46243,-37.97949],[145.46558,-37.97408],[145.46262,-37.97035],[145.46435,-37.96581],[145.47197,-37.95933],[145.47501,-37.95972],[145.47341,-37.96769],[145.48592,-37.96927],[145.48164,-37.97202],[145.48285,-37.97583],[145.47885,-37.98498],[145.47862,-37.9932],[145.47104,-37.99275],[145.47124,-38.00324],[145.46128,-38.01311],[145.46031,-38.01873],[145.4518,-38.01787],[145.44228,-38.02616],[145.43369,-38.02093],[145.42693,-38.0133],[145.42421,-38.0173],[145.4132,-38.01484],[145.41046,-38.01803],[145.40034,-38.01067],[145.4008,-38.00594],[145.39562,-38.00131],[145.39048,-38.00087],[145.38171,-38.00445],[145.37786,-38.00128],[145.37982,-37.99695],[145.37585,-37.98961],[145.38245,-37.98463],[145.37921,-37.97503],[145.38406,-37.97082],[145.38803,-37.97098]]]},"properties":{"postcode":"3808","state":"VIC","icsea_avg":1039,"school_count":1,"icsea_band":3}},{"type":"Feature","geometry":{"type":"Polygon","coordinates":[[[145.37646,-38.07959],[145.37654,-38.07511],[145.38005,-38.06769],[145.37593,-38.06439],[145.37487,-38.05937],[145.38822,-38.06176],[145.39266,-38.04151],[145.39678,-38.03954],[145.40065,-38.03448],[145.40152,-38.02734],[145.41046,-38.01803],[145.4132,-38.01484],[145.42421,-38.0173],[145.42693,-38.0133],[145.43369,-38.02093],[145.43258,-38.0256],[145.43462,-38.03156],[145.4308,-38.0331],[145.43408,-38.03872],[145.43081,-38.05808],[145.43807,-38.05479],[145.43739,-38.06338],[145.43314,-38.08326],[145.40453,-38.0832],[145.37876,-38.07996],[145.37646,-38.07959]]]},"properties":{"postcode":"3809","state":"VIC","icsea_avg":1031,"school_count":9,"icsea_band":3}},{"type":"Feature","geometry":{"type":"Polygon","coordinates":[[[145.48285,-37.97583],[145.49442,-37.97723],[145.4933,-37.98701],[145.49507,-37.98917],[145.51138,-37.99118],[145.51237,-37.98609],[145.51766,-37.98676],[145.51852,-37.98219],[145.52248,-37.98051],[145.53093,-37.98228],[145.53398,-37.97731],[145.54121,-37.98529],[145.53989,-37.9918],[145.54294,-37.99315],[145.54651,-38.0031],[145.5496,-38.00766],[145.54786,-38.01637],[145.53728,-38.01247],[145.53398,-38.00928],[145.53101,-38.01749],[145.5412,-38.01987],[145.53478,-38.02695],[145.53307,-38.03161],[145.53669,-38.03386],[145.53602,-38.03956],[145.52877,-38.03858],[145.5267,-38.04811],[145.53055,-38.04865],[145.52732,-38.06413],[145.52184,-38.06517],[145.52002,-38.0737],[145.53056,-38.07513],[145.52851,-38.08479],[145.53598,-38.08579],[145.53406,-38.09504],[145.54479,-38.09643],[145.53954,-38.12209],[145.53499,-38.12324],[145.52775,-38.15931],[145.48508,-38.1536],[145.44814,-38.14904],[145.45307,-38.12397],[145.45088,-38.1156],[145.45574,-38.11446],[145.45555,-38.10901],[145.45095,-38.10544],[145.44885,-38.09665],[145.45219,-38.08783],[145.43458,-38.08782],[145.43314,-38.08326],[145.43739,-38.06338],[145.43807,-38.05479],[145.43081,-38.05808],[145.43408,-38.03872],[145.4308,-38.0331],[145.43462,-38.03156],[145.43258,-38.0256],[145.43369,-38.02093],[145.44228,-38.02616],[145.4518,-38.01787],[145.46031,-38.01873],[145.46128,-38.01311],[145.47124,-38.00324],[145.47104,-37.99275],[145.47862,-37.9932],[145.47885,-37.98498],[145.48285,-37.97583]]]},"properties":{"postcode":"3810","state":"VIC","icsea_avg":1000,"school_count":12,"icsea_band":2}},{"type":"Feature","geometry":{"type":"Polygon","coordinates":[[[145.53989,-37.9918],[145.55283,-37.99323],[145.5559,-37.99899],[145.56247,-37.99846],[145.57138,-37.99233],[145.57686,-37.99296],[145.5836,-38.00486],[145.58191,-38.01333],[145.5914,-38.01448],[145.60128,-38.01347],[145.59918,-38.02652],[145.60941,-38.0276],[145.60938,-38.0247],[145.61795,-38.02462],[145.61803,-38.03313],[145.6095,-38.03321],[145.60967,-38.04398],[145.60395,-38.04402],[145.6031,-38.05132],[145.59944,-38.06794],[145.60714,-38.06766],[145.60839,-38.08379],[145.60028,-38.08331],[145.60489,-38.09688],[145.60415,-38.10304],[145.61104,-38.11703],[145.61064,-38.119],[145.59913,-38.11748],[145.59409,-38.14326],[145.58128,-38.14612],[145.57697,-38.15208],[145.52693,-38.16318],[145.52775,-38.15931],[145.53499,-38.12324],[145.53954,-38.12209],[145.54479,-38.09643],[145.53406,-38.09504],[145.53598,-38.08579],[145.52851,-38.08479],[145.53056,-38.07513],[145.52002,-38.0737],[145.52184,-38.06517],[145.52732,-38.06413],[145.53055,-38.04865],[145.5267,-38.04811],[145.52877,-38.03858],[145.53602,-38.03956],[145.53669,-38.03386],[145.53307,-38.03161],[145.53478,-38.02695],[145.5412,-38.01987],[145.53101,-38.01749],[145.53398,-38.00928],[145.53728,-38.01247],[145.54786,-38.01637],[145.5496,-38.00766],[145.54651,-38.0031],[145.54294,-37.99315],[145.53989,-37.9918]]]},"properties":{"postcode":"3812","state":"VIC","icsea_avg":1007,"school_count":2,"icsea_band":2}},{"type":"Feature","geometry":{"type":"Polygon","coordinates":[[[145.6601,-37.99333],[145.65774,-38.00929],[145.65508,-38.02588],[145.65768,-38.02637],[145.658,-38.0462],[145.66726,-38.0462],[145.66736,-38.05628],[145.66877,-38.06009],[145.66165,-38.07105],[145.6527,-38.07221],[145.6538,-38.08667],[145.66888,-38.08965],[145.67306,-38.09229],[145.67321,-38.10643],[145.66773,-38.10383],[145.66139,-38.11725],[145.64969,-38.11724],[145.63547,-38.12261],[145.63482,-38.12584],[145.6102,-38.12266],[145.61064,-38.119],[145.61104,-38.11703],[145.60415,-38.10304],[145.60489,-38.09688],[145.60028,-38.08331],[145.60839,-38.08379],[145.60714,-38.06766],[145.59944,-38.06794],[145.6031,-38.05132],[145.60395,-38.04402],[145.60967,-38.04398],[145.6095,-38.03321],[145.61803,-38.03313],[145.61795,-38.02462],[145.60938,-38.0247],[145.60941,-38.0276],[145.59918,-38.02652],[145.60128,-38.01347],[145.5914,-38.01448],[145.58191,-38.01333],[145.5836,-38.00486],[145.58694,-37.98454],[145.61644,-37.98746],[145.62151,-37.99051],[145.65485,-37.99415],[145.6601,-37.99333]]]},"properties":{"postcode":"3813","state":"VIC","icsea_avg":1030,"school_count":1,"icsea_band":3}},{"type":"Feature","geometry":{"type":"Polygon","coordinates":[[[145.16127,-38.1769],[145.16638,-38.15922],[145.17114,-38.15163],[145.17315,-38.1395],[145.17692,-38.14052],[145.17822,-38.13171],[145.18195,-38.12676],[145.18752,-38.12361],[145.21455,-38.127],[145.21347,-38.13269],[145.21978,-38.13346],[145.22116,-38.12626],[145.2297,-38.12696],[145.22174,-38.16898],[145.21874,-38.18493],[145.20417,-38.1822],[145.16127,-38.1769]]]},"properties":{"postcode":"3910","state":"VIC","icsea_avg":1030,"school_count":5,"icsea_band":3}},{"type":"Feature","geometry":{"type":"Polygon","coordinates":[[[145.16127,-38.1769],[145.20417,-38.1822],[145.21874,-38.18493],[145.21577,-38.20065],[145.19673,-38.19955],[145.19664,-38.21205],[145.18963,-38.21204],[145.17999,-38.20674],[145.1635,-38.20336],[145.1582,-38.20724],[145.14731,-38.21015],[145.14357,-38.20404],[145.12578,-38.21088],[145.10946,-38.21365],[145.11046,-38.21039],[145.11793,-38.2051],[145.12875,-38.20009],[145.13353,-38.19567],[145.13966,-38.19728],[145.14799,-38.19407],[145.15239,-38.19448],[145.16127,-38.1769]]]},"properties":{"postcode":"3911","state":"VIC","icsea_avg":1068,"school_count":3,"icsea_band":4}},{"type":"Feature","geometry":{"type":"Polygon","coordinates":[[[145.27153,-38.22294],[145.26792,-38.22466],[145.26097,-38.22287],[145.25376,-38.22468],[145.25505,-38.23743],[145.26149,-38.24107],[145.2605,-38.2434],[145.25103,-38.24668],[145.24933,-38.24891],[145.24383,-38.25167],[145.23372,-38.25259],[145.20465,-38.2527],[145.19653,-38.25165],[145.1965,-38.2386],[145.18083,-38.23852],[145.18078,-38.25061],[145.15591,-38.24724],[145.15289,-38.2596],[145.14559,-38.25855],[145.1582,-38.20724],[145.1635,-38.20336],[145.17999,-38.20674],[145.18963,-38.21204],[145.19664,-38.21205],[145.19673,-38.19955],[145.21577,-38.20065],[145.21874,-38.18493],[145.22174,-38.16898],[145.28668,-38.17672],[145.27945,-38.21159],[145.28688,-38.21252],[145.2855,-38.21912],[145.27882,-38.22387],[145.27153,-38.22294]]]},"properties":{"postcode":"3912","state":"VIC","icsea_avg":1006,"school_count":5,"icsea_band":2}},{"type":"Feature","geometry":{"type":"Polygon","coordinates":[[[145.24933,-38.24891],[145.24803,-38.2522],[145.23723,-38.26424],[145.22565,-38.27251],[145.18944,-38.27217],[145.18814,-38.28538],[145.18391,-38.28464],[145.14557,-38.28469],[145.14559,-38.25855],[145.15289,-38.2596],[145.15591,-38.24724],[145.18078,-38.25061],[145.18083,-38.23852],[145.1965,-38.2386],[145.19653,-38.25165],[145.20465,-38.2527],[145.23372,-38.25259],[145.24383,-38.25167],[145.24933,-38.24891]]]},"properties":{"postcode":"3913","state":"VIC","icsea_avg":1035,"school_count":3,"icsea_band":3}},{"type":"Feature","geometry":{"type":"Polygon","coordinates":[[[145.16702,-38.31879],[145.16304,-38.32002],[145.14559,-38.32002],[145.1456,-38.32409],[145.09195,-38.32409],[145.08491,-38.31108],[145.06467,-38.30872],[145.02663,-38.3042],[145.03479,-38.2995],[145.04681,-38.28815],[145.05317,-38.28404],[145.06117,-38.27509],[145.07077,-38.26985],[145.07115,-38.27184],[145.09838,-38.27582],[145.12717,-38.28469],[145.14557,-38.28469],[145.18391,-38.28464],[145.18814,-38.28538],[145.18944,-38.27217],[145.22565,-38.27251],[145.22185,-38.28062],[145.22184,-38.28997],[145.22596,-38.29343],[145.22346,-38.29982],[145.22312,-38.30631],[145.20612,-38.30374],[145.20339,-38.29735],[145.19763,-38.29708],[145.19391,-38.29982],[145.19647,-38.30639],[145.20051,-38.31171],[145.19501,-38.31526],[145.19804,-38.32122],[145.19162,-38.32062],[145.18296,-38.3158],[145.17355,-38.31662],[145.16702,-38.31879]]]},"properties":{"postcode":"3915","state":"VIC","icsea_avg":944,"school_count":4,"icsea_band":1}},{"type":"Feature","geometry":{"type":"Polygon","coordinates":[[[145.081,-38.41443],[145.07778,-38.41809],[145.07612,-38.42557],[145.06772,-38.42482],[145.05688,-38.42963],[145.05019,-38.43002],[145.04582,-38.43576],[145.04014,-38.43218],[145.04312,-38.42631],[145.04426,-38.41914],[145.05636,-38.41305],[145.06973,-38.40369],[145.081,-38.41443]]]},"properties":{"postcode":"3916","state":"VIC","icsea_avg":null,"school_count":0,"icsea_band":0}},{"type":"Feature","geometry":{"type":"Polygon","coordinates":[[[145.19162,-38.32062],[145.19715,-38.33224],[145.2047,-38.33746],[145.20394,-38.33867],[145.18759,-38.33876],[145.1909,-38.34597],[145.1812,-38.34622],[145.19069,-38.35504],[145.18661,-38.3535],[145.16586,-38.35352],[145.1691,-38.36061],[145.1457,-38.3604],[145.16708,-38.34511],[145.16702,-38.31879],[145.17355,-38.31662],[145.18296,-38.3158],[145.19162,-38.32062]]]},"properties":{"postcode":"3918","state":"VIC","icsea_avg":978,"school_count":1,"icsea_band":1}},{"type":"Feature","geometry":{"type":"Polygon","coordinates":[[[145.22171,-38.37538],[145.21348,-38.3699],[145.19959,-38.36448],[145.19069,-38.35504],[145.1812,-38.34622],[145.1909,-38.34597],[145.18759,-38.33876],[145.20394,-38.33867],[145.2047,-38.33746],[145.20645,-38.34079],[145.21477,-38.34238],[145.21823,-38.35002],[145.21318,-38.35841],[145.21479,-38.36876],[145.22171,-38.37538]]]},"properties":{"postcode":"3919","state":"VIC","icsea_avg":1008,"school_count":2,"icsea_band":2}},{"type":"Feature","geometry":{"type":"Polygon","coordinates":[[[145.19215,-38.40139],[145.19624,-38.39283],[145.18102,-38.38633],[145.1691,-38.36061],[145.16586,-38.35352],[145.18661,-38.3535],[145.19069,-38.35504],[145.19959,-38.36448],[145.21348,-38.3699],[145.22171,-38.37538],[145.22191,-38.37788],[145.21459,-38.37984],[145.20853,-38.37599],[145.20088,-38.37327],[145.19641,-38.36659],[145.19267,-38.36899],[145.1927,-38.37298],[145.18478,-38.37174],[145.18402,-38.37465],[145.20408,-38.37875],[145.21529,-38.38319],[145.21861,-38.38812],[145.21772,-38.39379],[145.22637,-38.39771],[145.23247,-38.40654],[145.23164,-38.40961],[145.22255,-38.4071],[145.21595,-38.40723],[145.20358,-38.40501],[145.19215,-38.40139]]]},"properties":{"postcode":"3920","state":"VIC","icsea_avg":null,"school_count":0,"icsea_band":0}},{"type":"Feature","geometry":{"type":"Polygon","coordinates":[[[145.27464,-38.38204],[145.27759,-38.37556],[145.27387,-38.36559],[145.27351,-38.35749],[145.2783,-38.34651],[145.28316,-38.32541],[145.28233,-38.32255],[145.28639,-38.31369],[145.28596,-38.30533],[145.28833,-38.28946],[145.29027,-38.28367],[145.29703,-38.28205],[145.30406,-38.28252],[145.31427,-38.28592],[145.31957,-38.29],[145.33036,-38.29237],[145.33784,-38.30387],[145.34754,-38.31022],[145.37447,-38.314],[145.38497,-38.31284],[145.39553,-38.30809],[145.41086,-38.30449],[145.42354,-38.30787],[145.44097,-38.30772],[145.44711,-38.30622],[145.45356,-38.30729],[145.45901,-38.31096],[145.46518,-38.31934],[145.46612,-38.32533],[145.47316,-38.33263],[145.48526,-38.339],[145.48986,-38.3391],[145.50261,-38.35303],[145.47984,-38.36278],[145.47591,-38.36646],[145.46057,-38.36598],[145.45012,-38.36832],[145.43261,-38.36976],[145.42646,-38.37167],[145.41979,-38.37012],[145.41085,-38.37078],[145.4026,-38.37508],[145.3927,-38.38272],[145.3894,-38.38843],[145.39238,-38.39647],[145.38494,-38.3991],[145.38594,-38.40672],[145.38084,-38.40688],[145.37684,-38.40986],[145.37109,-38.40377],[145.36403,-38.40559],[145.35434,-38.41414],[145.35255,-38.42005],[145.34889,-38.4199],[145.34258,-38.41445],[145.33371,-38.41186],[145.32573,-38.41124],[145.31976,-38.41285],[145.3184,-38.40842],[145.31106,-38.40191],[145.30536,-38.40149],[145.30031,-38.39852],[145.28713,-38.39565],[145.2781,-38.39667],[145.27997,-38.40308],[145.27242,-38.40969],[145.26973,-38.40334],[145.27428,-38.39822],[145.27666,-38.39174],[145.27464,-38.38204]]]},"properties":{"postcode":"3921","state":"VIC","icsea_avg":977,"school_count":1,"icsea_band":1}},{"type":"Feature","geometry":{"type":"MultiPolygon","coordinates":[[[[145.27909,-38.4571],[145.26286,-38.45843],[145.25788,-38.46045],[145.25764,-38.48234],[145.27107,-38.49589],[145.26153,-38.49704],[145.25791,-38.50495],[145.25547,-38.50387],[145.24095,-38.50664],[145.23542,-38.50952],[145.2337,-38.51549],[145.22978,-38.51802],[145.22725,-38.52382],[145.2217,-38.52812],[145.21649,-38.52431],[145.21072,-38.52526],[145.20708,-38.51957],[145.20094,-38.51661],[145.19774,-38.51847],[145.19182,-38.51469],[145.18538,-38.51336],[145.17368,-38.51343],[145.16754,-38.51074],[145.15695,-38.50943],[145.14958,-38.5112],[145.14908,-38.51469],[145.14206,-38.51492],[145.13513,-38.51771],[145.12118,-38.51812],[145.11656,-38.51688],[145.12552,-38.50933],[145.12862,-38.50528],[145.13266,-38.50846],[145.14388,-38.50573],[145.14896,-38.49846],[145.14828,-38.49231],[145.15114,-38.49051],[145.15192,-38.48398],[145.15739,-38.47478],[145.16685,-38.46616],[145.17408,-38.46504],[145.17797,-38.46257],[145.19381,-38.45648],[145.19768,-38.45269],[145.20625,-38.44987],[145.21453,-38.44883],[145.22968,-38.44972],[145.23636,-38.44721],[145.24341,-38.44688],[145.24731,-38.4487],[145.27698,-38.45114],[145.28991,-38.4501],[145.29197,-38.45306],[145.28004,-38.45505],[145.27909,-38.4571]]],[[[145.27037,-38.50493],[145.27658,-38.50402],[145.27758,-38.50088],[145.30007,-38.5122],[145.30791,-38.51434],[145.30642,-38.51797],[145.29856,-38.51557],[145.28714,-38.51033],[145.27407,-38.50826],[145.27037,-38.50493]]]]},"properties":{"postcode":"3922","state":"VIC","icsea_avg":1028,"school_count":3,"icsea_band":3}},{"type":"Feature","geometry":{"type":"MultiPolygon","coordinates":[[[[145.35246,-38.50908],[145.35317,-38.51845],[145.34735,-38.52076],[145.34071,-38.51973],[145.33407,-38.5212],[145.32184,-38.52892],[145.30642,-38.51797],[145.30791,-38.51434],[145.30007,-38.5122],[145.27758,-38.50088],[145.27658,-38.50402],[145.27037,-38.50493],[145.26323,-38.50777],[145.25791,-38.50495],[145.26153,-38.49704],[145.27107,-38.49589],[145.25764,-38.48234],[145.25788,-38.46045],[145.26286,-38.45843],[145.27909,-38.4571],[145.28483,-38.45587],[145.2928,-38.45826],[145.30152,-38.45818],[145.30973,-38.45966],[145.31021,-38.46537],[145.30055,-38.46857],[145.29696,-38.47616],[145.29081,-38.48025],[145.29124,-38.48711],[145.2955,-38.48917],[145.30118,-38.4882],[145.30694,-38.49436],[145.30424,-38.49734],[145.29725,-38.49976],[145.29793,-38.50709],[145.31004,-38.50816],[145.31555,-38.50984],[145.3329,-38.5048],[145.33898,-38.50948],[145.3468,-38.51033],[145.35246,-38.50908]]],[[[145.33579,-38.49513],[145.34216,-38.49928],[145.34017,-38.50231],[145.33296,-38.49949],[145.33579,-38.49513]]]]},"properties":{"postcode":"3923","state":"VIC","icsea_avg":1083,"school_count":1,"icsea_band":4}},{"type":"Feature","geometry":{"type":"MultiPolygon","coordinates":[[[[145.32184,-38.52892],[145.33407,-38.5212],[145.34071,-38.51973],[145.34735,-38.52076],[145.34419,-38.52437],[145.34127,-38.53325],[145.34145,-38.53731],[145.35712,-38.55039],[145.3635,-38.55132],[145.36163,-38.55814],[145.35863,-38.56171],[145.36108,-38.56583],[145.35156,-38.56725],[145.35014,-38.56331],[145.34485,-38.56235],[145.34633,-38.55326],[145.33859,-38.5431],[145.32184,-38.52892]]],[[[145.3956,-38.51773],[145.3905,-38.52366],[145.38782,-38.53621],[145.37201,-38.5363],[145.37037,-38.52742],[145.36399,-38.52419],[145.36389,-38.52074],[145.38925,-38.51957],[145.3956,-38.51773]]],[[[145.35246,-38.50908],[145.35765,-38.50849],[145.36371,-38.51535],[145.35317,-38.51845],[145.35246,-38.50908]]]]},"properties":{"postcode":"3925","state":"VIC","icsea_avg":1039,"school_count":2,"icsea_band":3}},{"type":"Feature","geometry":{"type":"Polygon","coordinates":[[[145.04042,-38.33574],[145.05923,-38.33762],[145.06467,-38.30872],[145.08491,-38.31108],[145.09195,-38.32409],[145.1456,-38.32409],[145.14559,-38.32002],[145.16304,-38.32002],[145.16702,-38.31879],[145.16708,-38.34511],[145.1457,-38.3604],[145.1691,-38.36061],[145.18102,-38.38633],[145.17502,-38.38449],[145.17245,-38.38967],[145.15563,-38.38916],[145.14706,-38.38634],[145.14185,-38.39121],[145.14886,-38.39286],[145.13444,-38.39024],[145.12994,-38.39045],[145.12364,-38.3939],[145.11633,-38.39508],[145.111,-38.40107],[145.1,-38.40189],[145.10397,-38.38451],[145.09696,-38.38719],[145.09696,-38.37399],[145.06198,-38.37402],[145.06211,-38.36342],[145.0552,-38.36342],[145.05444,-38.3552],[145.05018,-38.35041],[145.04505,-38.34797],[145.04481,-38.34025],[145.04042,-38.33574]]]},"properties":{"postcode":"3926","state":"VIC","icsea_avg":1084,"school_count":1,"icsea_band":4}},{"type":"Feature","geometry":{"type":"Polygon","coordinates":[[[145.14886,-38.39286],[145.14185,-38.39121],[145.14706,-38.38634],[145.15563,-38.38916],[145.17245,-38.38967],[145.17502,-38.38449],[145.18102,-38.38633],[145.19624,-38.39283],[145.19215,-38.40139],[145.18679,-38.39917],[145.17277,-38.3963],[145.16804,-38.39705],[145.14886,-38.39286]]]},"properties":{"postcode":"3927","state":"VIC","icsea_avg":1045,"school_count":1,"icsea_band":3}},{"type":"Feature","geometry":{"type":"Polygon","coordinates":[[[145.00018,-38.41646],[144.99588,-38.41934],[144.98894,-38.41365],[144.97729,-38.42754],[144.97231,-38.43108],[144.96232,-38.43006],[144.96003,-38.42832],[144.96068,-38.42096],[144.95279,-38.42615],[144.94264,-38.42336],[144.9362,-38.41377],[144.93676,-38.39195],[144.93149,-38.39182],[144.93215,-38.37818],[144.94234,-38.37629],[144.94248,-38.37317],[144.95723,-38.37356],[144.95837,-38.37937],[144.97598,-38.37976],[144.99263,-38.38014],[144.99272,-38.38571],[145.00896,-38.38565],[145.00512,-38.38949],[145.0095,-38.40071],[145.00488,-38.40429],[144.99684,-38.40085],[144.99179,-38.40717],[145.00018,-38.41646]]]},"properties":{"postcode":"3928","state":"VIC","icsea_avg":null,"school_count":0,"icsea_band":0}},{"type":"Feature","geometry":{"type":"Polygon","coordinates":[[[144.91352,-38.48978],[144.9208,-38.48822],[144.92462,-38.48335],[144.92798,-38.48369],[144.93281,-38.47155],[144.93107,-38.4691],[144.93234,-38.46271],[144.93716,-38.45994],[144.93811,-38.45189],[144.93143,-38.44728],[144.93251,-38.44216],[144.94166,-38.44235],[144.94194,-38.43459],[144.9547,-38.43478],[144.95279,-38.42615],[144.96068,-38.42096],[144.96003,-38.42832],[144.96232,-38.43006],[144.97231,-38.43108],[144.97729,-38.42754],[144.98894,-38.41365],[144.99588,-38.41934],[145.00018,-38.41646],[145.00452,-38.42193],[145.01686,-38.43111],[145.02086,-38.44134],[145.02875,-38.45176],[145.03442,-38.45391],[145.03206,-38.45776],[145.03177,-38.46533],[145.02676,-38.47036],[145.02568,-38.47967],[145.01892,-38.48336],[145.011,-38.47966],[144.99307,-38.48574],[144.98923,-38.48415],[144.97992,-38.48721],[144.9756,-38.49046],[144.96415,-38.48653],[144.95118,-38.48814],[144.9427,-38.49128],[144.94332,-38.49519],[144.93327,-38.49499],[144.9244,-38.4974],[144.91492,-38.49276],[144.91352,-38.48978]]]},"properties":{"postcode":"3929","state":"VIC","icsea_avg":null,"school_count":0,"icsea_band":0}},{"type":"Feature","geometry":{"type":"Polygon","coordinates":[[[145.0979,-38.1624],[145.10207,-38.16593],[145.12875,-38.20009],[145.11793,-38.2051],[145.11046,-38.21039],[145.10946,-38.21365],[145.09934,-38.22489],[145.09362,-38.21676],[145.07766,-38.21925],[145.06332,-38.21513],[145.06124,-38.20144],[145.06916,-38.19211],[145.07393,-38.18033],[145.07829,-38.17388],[145.08403,-38.17103],[145.08755,-38.16424],[145.0979,-38.1624]]]},"properties":{"postcode":"3930","state":"VIC","icsea_avg":1111,"school_count":7,"icsea_band":5}},{"type":"Feature","geometry":{"type":"Polygon","coordinates":[[[145.06124,-38.20144],[145.06332,-38.21513],[145.07766,-38.21925],[145.09362,-38.21676],[145.09934,-38.22489],[145.08709,-38.23641],[145.08323,-38.24706],[145.07892,-38.25466],[145.04622,-38.24631],[145.02741,-38.24281],[145.02855,-38.23935],[145.02551,-38.2297],[145.03178,-38.22327],[145.0341,-38.21468],[145.04495,-38.2134],[145.05185,-38.20739],[145.06124,-38.20144]]]},"properties":{"postcode":"3931","state":"VIC","icsea_avg":1024,"school_count":7,"icsea_band":3}},{"type":"Feature","geometry":{"type":"Polygon","coordinates":[[[145.1582,-38.20724],[145.14559,-38.25855],[145.14557,-38.28469],[145.12717,-38.28469],[145.09838,-38.27582],[145.07115,-38.27184],[145.07077,-38.26985],[145.07892,-38.25466],[145.08323,-38.24706],[145.08709,-38.23641],[145.09934,-38.22489],[145.10946,-38.21365],[145.12578,-38.21088],[145.14357,-38.20404],[145.14731,-38.21015],[145.1582,-38.20724]]]},"properties":{"postcode":"3933","state":"VIC","icsea_avg":1035,"school_count":1,"icsea_band":3}},{"type":"Feature","geometry":{"type":"Polygon","coordinates":[[[145.02741,-38.24281],[145.04622,-38.24631],[145.07892,-38.25466],[145.07077,-38.26985],[145.06117,-38.27509],[145.05317,-38.28404],[145.04681,-38.28815],[145.03479,-38.2995],[145.02663,-38.3042],[145.0088,-38.30208],[145.00273,-38.30452],[144.99433,-38.30475],[144.98297,-38.29618],[144.99382,-38.28265],[145.0,-38.27714],[145.00108,-38.27116],[145.00635,-38.27104],[145.0154,-38.26438],[145.02561,-38.25335],[145.02845,-38.24495],[145.02741,-38.24281]]]},"properties":{"postcode":"3934","state":"VIC","icsea_avg":1086,"school_count":3,"icsea_band":4}},{"type":"Feature","geometry":{"type":"Polygon","coordinates":[[[145.02663,-38.3042],[145.06467,-38.30872],[145.05923,-38.33762],[145.04042,-38.33574],[145.02792,-38.3343],[145.02553,-38.34605],[145.01375,-38.34456],[145.00679,-38.34536],[145.00725,-38.34837],[144.99915,-38.35101],[144.99531,-38.3593],[144.98477,-38.35806],[144.97558,-38.35835],[144.9785,-38.36933],[144.97598,-38.37976],[144.95837,-38.37937],[144.95723,-38.37356],[144.94248,-38.37317],[144.94456,-38.34734],[144.93788,-38.34358],[144.96169,-38.33363],[144.975,-38.32697],[144.98663,-38.31837],[144.99315,-38.31002],[144.99433,-38.30475],[145.00273,-38.30452],[145.0088,-38.30208],[145.02663,-38.3042]]]},"properties":{"postcode":"3936","state":"VIC","icsea_avg":1003,"school_count":3,"icsea_band":2}},{"type":"Feature","geometry":{"type":"Polygon","coordinates":[[[145.00018,-38.41646],[144.99179,-38.40717],[144.99684,-38.40085],[145.00488,-38.40429],[145.0095,-38.40071],[145.00512,-38.38949],[145.00896,-38.38565],[144.99272,-38.38571],[144.99263,-38.38014],[144.97598,-38.37976],[144.9785,-38.36933],[144.97558,-38.35835],[144.98477,-38.35806],[144.99531,-38.3593],[144.99915,-38.35101],[145.00725,-38.34837],[145.00679,-38.34536],[145.01375,-38.34456],[145.02553,-38.34605],[145.02792,-38.3343],[145.04042,-38.33574],[145.04481,-38.34025],[145.04505,-38.34797],[145.05018,-38.35041],[145.05444,-38.3552],[145.0552,-38.36342],[145.06211,-38.36342],[145.06198,-38.37402],[145.09696,-38.37399],[145.09696,-38.38719],[145.10397,-38.38451],[145.1,-38.40189],[145.09639,-38.40242],[145.081,-38.41443],[145.06973,-38.40369],[145.05636,-38.41305],[145.04426,-38.41914],[145.04312,-38.42631],[145.04014,-38.43218],[145.04582,-38.43576],[145.04084,-38.44261],[145.04057,-38.44694],[145.03442,-38.45391],[145.02875,-38.45176],[145.02086,-38.44134],[145.01686,-38.43111],[145.00452,-38.42193],[145.00018,-38.41646]]]},"properties":{"postcode":"3937","state":"VIC","icsea_avg":1085,"school_count":1,"icsea_band":4}},{"type":"Feature","geometry":{"type":"Polygon","coordinates":[[[144.92063,-38.35007],[144.93788,-38.34358],[144.94456,-38.34734],[144.94248,-38.37317],[144.94234,-38.37629],[144.93215,-38.37818],[144.9283,-38.36581],[144.91598,-38.3657],[144.92625,-38.35662],[144.92228,-38.35468],[144.92063,-38.35007]]]},"properties":{"postcode":"3938","state":"VIC","icsea_avg":null,"school_count":0,"icsea_band":0}},{"type":"Feature","geometry":{"type":"Polygon","coordinates":[[[144.92063,-38.35007],[144.92228,-38.35468],[144.92625,-38.35662],[144.91598,-38.3657],[144.9283,-38.36581],[144.93215,-38.37818],[144.93149,-38.39182],[144.93676,-38.39195],[144.9362,-38.41377],[144.94264,-38.42336],[144.95279,-38.42615],[144.9547,-38.43478],[144.94194,-38.43459],[144.94166,-38.44235],[144.93251,-38.44216],[144.93143,-38.44728],[144.93811,-38.45189],[144.93716,-38.45994],[144.93234,-38.46271],[144.93107,-38.4691],[144.93281,-38.47155],[144.92798,-38.48369],[144.92462,-38.48335],[144.9208,-38.48822],[144.91352,-38.48978],[144.90641,-38.49113],[144.89449,-38.49149],[144.88837,-38.49687],[144.88537,-38.49353],[144.88416,-38.48383],[144.88667,-38.47725],[144.87668,-38.46771],[144.87185,-38.45975],[144.84242,-38.43367],[144.85037,-38.43386],[144.84417,-38.42601],[144.83915,-38.42339],[144.83945,-38.41768],[144.83284,-38.41489],[144.83001,-38.41125],[144.81478,-38.40811],[144.81223,-38.40434],[144.81682,-38.39685],[144.81656,-38.38746],[144.83053,-38.38922],[144.84253,-38.38887],[144.85161,-38.38721],[144.85651,-38.3878],[144.85787,-38.38055],[144.86092,-38.38157],[144.87938,-38.3821],[144.87921,-38.38624],[144.88857,-38.38649],[144.88933,-38.36978],[144.88581,-38.36737],[144.88582,-38.35957],[144.90617,-38.35295],[144.92063,-38.35007]]]},"properties":{"postcode":"3939","state":"VIC","icsea_avg":990,"school_count":6,"icsea_band":2}},{"type":"Feature","geometry":{"type":"Polygon","coordinates":[[[144.85787,-38.38055],[144.86322,-38.36603],[144.88582,-38.35957],[144.88581,-38.36737],[144.88933,-38.36978],[144.88857,-38.38649],[144.87921,-38.38624],[144.87938,-38.3821],[144.86092,-38.38157],[144.85787,-38.38055]]]},"properties":{"postcode":"3940","state":"VIC","icsea_avg":null,"school_count":0,"icsea_band":0}},{"type":"Feature","geometry":{"type":"Polygon","coordinates":[[[144.78865,-38.36275],[144.81218,-38.36785],[144.82498,-38.36968],[144.83695,-38.3704],[144.85093,-38.36875],[144.86322,-38.36603],[144.85787,-38.38055],[144.85651,-38.3878],[144.85161,-38.38721],[144.84253,-38.38887],[144.83053,-38.38922],[144.81656,-38.38746],[144.81682,-38.39685],[144.81223,-38.40434],[144.81478,-38.40811],[144.83001,-38.41125],[144.83284,-38.41489],[144.83945,-38.41768],[144.83915,-38.42339],[144.84417,-38.42601],[144.85037,-38.43386],[144.84242,-38.43367],[144.81874,-38.41618],[144.81131,-38.40916],[144.79893,-38.40066],[144.79118,-38.39333],[144.78475,-38.38953],[144.78363,-38.38779],[144.78865,-38.36275]]]},"properties":{"postcode":"3941","state":"VIC","icsea_avg":990,"school_count":2,"icsea_band":2}},{"type":"Feature","geometry":{"type":"Polygon","coordinates":[[[144.75086,-38.363],[144.76316,-38.35349],[144.77455,-38.35947],[144.78865,-38.36275],[144.78363,-38.38779],[144.78475,-38.38953],[144.77714,-38.38318],[144.75512,-38.36773],[144.75086,-38.363]]]},"properties":{"postcode":"3942","state":"VIC","icsea_avg":null,"school_count":0,"icsea_band":0}},{"type":"Feature","geometry":{"type":"Polygon","coordinates":[[[144.73836,-38.32448],[144.74066,-38.33328],[144.74929,-38.34219],[144.76368,-38.3487],[144.76316,-38.35349],[144.75086,-38.363],[144.73825,-38.35322],[144.73312,-38.35156],[144.72744,-38.34601],[144.72455,-38.34616],[144.72677,-38.3337],[144.72404,-38.32968],[144.73018,-38.32865],[144.73836,-38.32448]]]},"properties":{"postcode":"3943","state":"VIC","icsea_avg":1056,"school_count":2,"icsea_band":3}},{"type":"Feature","geometry":{"type":"Polygon","coordinates":[[[144.73836,-38.32448],[144.73018,-38.32865],[144.72404,-38.32968],[144.72677,-38.3337],[144.72455,-38.34616],[144.72285,-38.34473],[144.69472,-38.33042],[144.68474,-38.32481],[144.67813,-38.31973],[144.67476,-38.3199],[144.66604,-38.31216],[144.66798,-38.30804],[144.68022,-38.30522],[144.68784,-38.30909],[144.70511,-38.31537],[144.70702,-38.31766],[144.71582,-38.31879],[144.73507,-38.32295],[144.73836,-38.32448]]]},"properties":{"postcode":"3944","state":"VIC","icsea_avg":null,"school_count":0,"icsea_band":0}},{"type":"Feature","geometry":{"type":"Polygon","coordinates":[[[145.24688,-38.03612],[145.25525,-38.04707],[145.26532,-38.04478],[145.26261,-38.05799],[145.26621,-38.06596],[145.26248,-38.07766],[145.26483,-38.08073],[145.23958,-38.07768],[145.24646,-38.04225],[145.24688,-38.03612]]]},"properties":{"postcode":"3975","state":"VIC","icsea_avg":1017,"school_count":3,"icsea_band":2}},{"type":"Feature","geometry":{"type":"Polygon","coordinates":[[[145.24688,-38.03612],[145.24683,-38.02533],[145.24899,-38.01701],[145.28675,-38.02163],[145.28854,-38.02485],[145.27981,-38.06736],[145.26621,-38.06596],[145.26261,-38.05799],[145.26532,-38.04478],[145.25525,-38.04707],[145.24688,-38.03612]]]},"properties":{"postcode":"3976","state":"VIC","icsea_avg":944,"school_count":6,"icsea_band":1}},{"type":"Feature","geometry":{"type":"Polygon","coordinates":[[[145.20309,-38.07319],[145.23958,-38.07768],[145.26483,-38.08073],[145.26248,-38.07766],[145.26621,-38.06596],[145.27981,-38.06736],[145.2891,-38.06843],[145.29405,-38.07108],[145.2982,-38.0699],[145.32196,-38.07279],[145.37646,-38.07959],[145.37876,-38.07996],[145.38082,-38.08746],[145.38517,-38.09359],[145.3907,-38.09468],[145.39901,-38.10174],[145.40059,-38.10771],[145.39899,-38.1132],[145.40172,-38.11917],[145.38846,-38.12054],[145.38313,-38.12566],[145.32716,-38.11874],[145.32427,-38.1335],[145.30977,-38.13164],[145.30767,-38.14171],[145.313,-38.14533],[145.31582,-38.15075],[145.31937,-38.1622],[145.32418,-38.16566],[145.34222,-38.184],[145.35127,-38.19316],[145.35281,-38.19939],[145.3562,-38.20291],[145.35338,-38.21472],[145.34417,-38.21445],[145.33958,-38.22309],[145.34288,-38.22608],[145.34134,-38.22957],[145.33239,-38.23619],[145.32648,-38.2363],[145.3216,-38.24229],[145.31061,-38.24763],[145.29831,-38.24849],[145.27987,-38.24681],[145.27413,-38.2441],[145.27565,-38.23785],[145.27863,-38.2344],[145.27451,-38.23051],[145.27153,-38.22294],[145.27882,-38.22387],[145.2855,-38.21912],[145.28688,-38.21252],[145.27945,-38.21159],[145.28668,-38.17672],[145.22174,-38.16898],[145.2297,-38.12696],[145.22116,-38.12626],[145.21978,-38.13346],[145.21347,-38.13269],[145.21455,-38.127],[145.18752,-38.12361],[145.18823,-38.11647],[145.19403,-38.11717],[145.19996,-38.08799],[145.19255,-38.08713],[145.19378,-38.08082],[145.20127,-38.08176],[145.20309,-38.07319]],[[145.30594,-38.22451],[145.31318,-38.22492],[145.31169,-38.21962],[145.30594,-38.22451]],[[145.34411,-38.21051],[145.33463,-38.21227],[145.33023,-38.21495],[145.3391,-38.21832],[145.34411,-38.21051]]]},"properties":{"postcode":"3977","state":"VIC","icsea_avg":1003,"school_count":27,"icsea_band":2}},{"type":"Feature","geometry":{"type":"Polygon","coordinates":[[[145.37876,-38.07996],[145.40453,-38.0832],[145.43314,-38.08326],[145.43458,-38.08782],[145.45219,-38.08783],[145.44885,-38.09665],[145.45095,-38.10544],[145.45555,-38.10901],[145.45574,-38.11446],[145.45088,-38.1156],[145.45307,-38.12397],[145.44814,-38.14904],[145.44502,-38.16387],[145.42611,-38.16144],[145.42306,-38.17585],[145.39318,-38.17195],[145.37355,-38.16939],[145.37135,-38.17997],[145.34384,-38.17636],[145.34222,-38.184],[145.32418,-38.16566],[145.31937,-38.1622],[145.31582,-38.15075],[145.313,-38.14533],[145.30767,-38.14171],[145.30977,-38.13164],[145.32427,-38.1335],[145.32716,-38.11874],[145.38313,-38.12566],[145.38846,-38.12054],[145.40172,-38.11917],[145.39899,-38.1132],[145.40059,-38.10771],[145.39901,-38.10174],[145.3907,-38.09468],[145.38517,-38.09359],[145.38082,-38.08746],[145.37876,-38.07996]]]},"properties":{"postcode":"3978","state":"VIC","icsea_avg":1039,"school_count":14,"icsea_band":3}},{"type":"Feature","geometry":{"type":"Polygon","coordinates":[[[145.55758,-38.47961],[145.56653,-38.47817],[145.56931,-38.46182],[145.54398,-38.45879],[145.54175,-38.45614],[145.54672,-38.44533],[145.55054,-38.44068],[145.56605,-38.43539],[145.57294,-38.42785],[145.57716,-38.42687],[145.57927,-38.41493],[145.61779,-38.41949],[145.61706,-38.42343],[145.6303,-38.42495],[145.63854,-38.4189],[145.64093,-38.41513],[145.68541,-38.42019],[145.6927,-38.42015],[145.68908,-38.43951],[145.68576,-38.45716],[145.68867,-38.45751],[145.68776,-38.46467],[145.6764,-38.46347],[145.67819,-38.46733],[145.67572,-38.48119],[145.67622,-38.48755],[145.68282,-38.49607],[145.68081,-38.50783],[145.68254,-38.50816],[145.68073,-38.51932],[145.68383,-38.51979],[145.68472,-38.52916],[145.66767,-38.52744],[145.66545,-38.53872],[145.66101,-38.54034],[145.63613,-38.53724],[145.63186,-38.53428],[145.60907,-38.53663],[145.60886,-38.53758],[145.59164,-38.53518],[145.58962,-38.539],[145.57236,-38.54623],[145.55353,-38.54396],[145.55371,-38.54168],[145.55111,-38.53392],[145.54213,-38.52137],[145.5418,-38.51697],[145.54602,-38.51218],[145.54281,-38.50559],[145.54675,-38.49897],[145.54654,-38.49116],[145.55256,-38.48748],[145.56195,-38.491],[145.56411,-38.48615],[145.55758,-38.47961]]]},"properties":{"postcode":"3979","state":"VIC","icsea_avg":null,"school_count":0,"icsea_band":0}},{"type":"Feature","geometry":{"type":"MultiPolygon","coordinates":[[[[145.35338,-38.21472],[145.3562,-38.20291],[145.35281,-38.19939],[145.35127,-38.19316],[145.34222,-38.184],[145.34384,-38.17636],[145.37135,-38.17997],[145.37355,-38.16939],[145.39318,-38.17195],[145.38886,-38.19252],[145.39523,-38.19549],[145.41832,-38.19849],[145.41666,-38.20384],[145.42232,-38.20999],[145.42704,-38.21123],[145.42997,-38.21517],[145.42343,-38.21647],[145.4161,-38.22592],[145.41213,-38.22792],[145.3982,-38.22614],[145.38437,-38.22097],[145.37036,-38.22279],[145.36486,-38.22188],[145.35338,-38.21472]]],[[[145.30594,-38.22451],[145.31169,-38.21962],[145.31318,-38.22492],[145.30594,-38.22451]]],[[[145.34411,-38.21051],[145.3391,-38.21832],[145.33023,-38.21495],[145.33463,-38.21227],[145.34411,-38.21051]]]]},"properties":{"postcode":"3980","state":"VIC","icsea_avg":992,"school_count":1,"icsea_band":2}},{"type":"Feature","geometry":{"type":"Polygon","coordinates":[[[145.42997,-38.21517],[145.42704,-38.21123],[145.42232,-38.20999],[145.41666,-38.20384],[145.41832,-38.19849],[145.39523,-38.19549],[145.38886,-38.19252],[145.39318,-38.17195],[145.42306,-38.17585],[145.42611,-38.16144],[145.44502,-38.16387],[145.44814,-38.14904],[145.48508,-38.1536],[145.52775,-38.15931],[145.52693,-38.16318],[145.57697,-38.15208],[145.57869,-38.15683],[145.58939,-38.16327],[145.59086,-38.16173],[145.64662,-38.16875],[145.68247,-38.17326],[145.67879,-38.19201],[145.70289,-38.19482],[145.7008,-38.20593],[145.71741,-38.20673],[145.7147,-38.2214],[145.71626,-38.22159],[145.71296,-38.23926],[145.71293,-38.25087],[145.72452,-38.24917],[145.73145,-38.25106],[145.73535,-38.25504],[145.73294,-38.2686],[145.73654,-38.26887],[145.73268,-38.28937],[145.7104,-38.28687],[145.69971,-38.28566],[145.69873,-38.29113],[145.68964,-38.29012],[145.69093,-38.28309],[145.68149,-38.28223],[145.68028,-38.2896],[145.63507,-38.28466],[145.62562,-38.28622],[145.6272,-38.27664],[145.63036,-38.27694],[145.63376,-38.25406],[145.62433,-38.25292],[145.62565,-38.24619],[145.6371,-38.24768],[145.63914,-38.2348],[145.62955,-38.23372],[145.62908,-38.23606],[145.61455,-38.23444],[145.61317,-38.242],[145.60133,-38.23481],[145.58323,-38.20745],[145.58841,-38.20511],[145.55473,-38.19243],[145.54576,-38.1923],[145.54119,-38.19454],[145.52943,-38.19454],[145.52758,-38.19922],[145.51677,-38.20435],[145.50777,-38.20367],[145.50737,-38.20783],[145.502,-38.21061],[145.50376,-38.21605],[145.49712,-38.22161],[145.49078,-38.22396],[145.48748,-38.23014],[145.48373,-38.2329],[145.46971,-38.22889],[145.45999,-38.22804],[145.45278,-38.22055],[145.44176,-38.21869],[145.44074,-38.21662],[145.42997,-38.21517]]]},"properties":{"postcode":"3981","state":"VIC","icsea_avg":987,"school_count":4,"icsea_band":1}},{"type":"Feature","geometry":{"type":"Polygon","coordinates":[[[145.62562,-38.28622],[145.62179,-38.28861],[145.61472,-38.28799],[145.61243,-38.28572],[145.60713,-38.31526],[145.60926,-38.31471],[145.60568,-38.33246],[145.61839,-38.33489],[145.61229,-38.36493],[145.63394,-38.36729],[145.62915,-38.37237],[145.6417,-38.38898],[145.64956,-38.38551],[145.6473,-38.39722],[145.64334,-38.40271],[145.64093,-38.41513],[145.63854,-38.4189],[145.6303,-38.42495],[145.61706,-38.42343],[145.61779,-38.41949],[145.57927,-38.41493],[145.57716,-38.42687],[145.57294,-38.42785],[145.56605,-38.43539],[145.55054,-38.44068],[145.54672,-38.44533],[145.54175,-38.45614],[145.54398,-38.45879],[145.56931,-38.46182],[145.56653,-38.47817],[145.55758,-38.47961],[145.51291,-38.47398],[145.51748,-38.46735],[145.52724,-38.4592],[145.48094,-38.45326],[145.48298,-38.44385],[145.45532,-38.44037],[145.45383,-38.44737],[145.44445,-38.44625],[145.44584,-38.43953],[145.43325,-38.43899],[145.43287,-38.42871],[145.42336,-38.41246],[145.44033,-38.40794],[145.45356,-38.41266],[145.45948,-38.40871],[145.48135,-38.40716],[145.48932,-38.41494],[145.50131,-38.4168],[145.51338,-38.4159],[145.51886,-38.41371],[145.53482,-38.39793],[145.5422,-38.38677],[145.54893,-38.37169],[145.55245,-38.35457],[145.55079,-38.34657],[145.54243,-38.33757],[145.53388,-38.33497],[145.52387,-38.33454],[145.51576,-38.33643],[145.51645,-38.31934],[145.5155,-38.31785],[145.52146,-38.30469],[145.52213,-38.29894],[145.5162,-38.28959],[145.5046,-38.28354],[145.49796,-38.27408],[145.49736,-38.26715],[145.49453,-38.25629],[145.49036,-38.25064],[145.49102,-38.24247],[145.48827,-38.23615],[145.48373,-38.2329],[145.48748,-38.23014],[145.49078,-38.22396],[145.49712,-38.22161],[145.50376,-38.21605],[145.502,-38.21061],[145.50737,-38.20783],[145.50777,-38.20367],[145.51677,-38.20435],[145.52758,-38.19922],[145.52943,-38.19454],[145.54119,-38.19454],[145.54576,-38.1923],[145.55473,-38.19243],[145.58841,-38.20511],[145.58323,-38.20745],[145.60133,-38.23481],[145.61317,-38.242],[145.61455,-38.23444],[145.62908,-38.23606],[145.62955,-38.23372],[145.63914,-38.2348],[145.6371,-38.24768],[145.62565,-38.24619],[145.62433,-38.25292],[145.63376,-38.25406],[145.63036,-38.27694],[145.6272,-38.27664],[145.62562,-38.28622]]]},"properties":{"postcode":"3984","state":"VIC","icsea_avg":967,"school_count":2,"icsea_band":1}},{"type":"Feature","geometry":{"type":"Polygon","coordinates":[[[145.38782,-38.53621],[145.3905,-38.52366],[145.3956,-38.51773],[145.41308,-38.51343],[145.41825,-38.51351],[145.42463,-38.50957],[145.42812,-38.50116],[145.43422,-38.49305],[145.43182,-38.48441],[145.43253,-38.48037],[145.42814,-38.47518],[145.42124,-38.47323],[145.42008,-38.47063],[145.4256,-38.46578],[145.42949,-38.45685],[145.42903,-38.44255],[145.43325,-38.43899],[145.44584,-38.43953],[145.44445,-38.44625],[145.45383,-38.44737],[145.45532,-38.44037],[145.48298,-38.44385],[145.48094,-38.45326],[145.52724,-38.4592],[145.51748,-38.46735],[145.51291,-38.47398],[145.50632,-38.48977],[145.49479,-38.48832],[145.49156,-38.50396],[145.46813,-38.51493],[145.46502,-38.53037],[145.46025,-38.5338],[145.45348,-38.53396],[145.45035,-38.54853],[145.44808,-38.54553],[145.43665,-38.54008],[145.42369,-38.53648],[145.41785,-38.53785],[145.40349,-38.53759],[145.39313,-38.53565],[145.38782,-38.53621]]]},"properties":{"postcode":"3991","state":"VIC","icsea_avg":null,"school_count":0,"icsea_band":0}},{"type":"Feature","geometry":{"type":"Polygon","coordinates":[[[115.86639,-31.96252],[115.85623,-31.95881],[115.84211,-31.96346],[115.8336,-31.97165],[115.82725,-31.97285],[115.82305,-31.97254],[115.81803,-31.97374],[115.81831,-31.96462],[115.8335,-31.95062],[115.84637,-31.9556],[115.85062,-31.94666],[115.85875,-31.94998],[115.86107,-31.94628],[115.85423,-31.94314],[115.85832,-31.93651],[115.86248,-31.93653],[115.86639,-31.93655],[115.86464,-31.93945],[115.87399,-31.94298],[115.87588,-31.9402],[115.87793,-31.94128],[115.87453,-31.948],[115.86828,-31.95104],[115.86971,-31.95507],[115.86639,-31.96252]]]},"properties":{"postcode":"6000","state":"WA","icsea_avg":1130,"school_count":2,"icsea_band":6}},{"type":"Feature","geometry":{"type":"MultiPolygon","coordinates":[[[[115.85423,-31.94314],[115.86107,-31.94628],[115.85875,-31.94998],[115.85062,-31.94666],[115.85423,-31.94314]]],[[[115.86639,-31.93655],[115.87588,-31.9402],[115.87399,-31.94298],[115.86464,-31.93945],[115.86639,-31.93655]]]]},"properties":{"postcode":"6003","state":"WA","icsea_avg":1117,"school_count":2,"icsea_band":5}},{"type":"Feature","geometry":{"type":"Polygon","coordinates":[[[115.87793,-31.94128],[115.88227,-31.94168],[115.88138,-31.94851],[115.88559,-31.9619],[115.88307,-31.96708],[115.86639,-31.96252],[115.86971,-31.95507],[115.86828,-31.95104],[115.87453,-31.948],[115.87793,-31.94128]]]},"properties":{"postcode":"6004","state":"WA","icsea_avg":1113,"school_count":1,"icsea_band":5}},{"type":"Feature","geometry":{"type":"Polygon","coordinates":[[[115.85832,-31.93651],[115.85423,-31.94314],[115.85062,-31.94666],[115.84637,-31.9556],[115.8335,-31.95062],[115.84163,-31.9435],[115.84686,-31.93645],[115.85832,-31.93651]]]},"properties":{"postcode":"6005","state":"WA","icsea_avg":null,"school_count":0,"icsea_band":0}},{"type":"Feature","geometry":{"type":"Polygon","coordinates":[[[115.84428,-31.91412],[115.84696,-31.91295],[115.86398,-31.92748],[115.86248,-31.93653],[115.85832,-31.93651],[115.84686,-31.93645],[115.84621,-31.92519],[115.84428,-31.91412]]]},"properties":{"postcode":"6006","state":"WA","icsea_avg":1134,"school_count":2,"icsea_band":6}},{"type":"Feature","geometry":{"type":"Polygon","coordinates":[[[115.83118,-31.927],[115.84621,-31.92519],[115.84686,-31.93645],[115.84163,-31.9435],[115.83678,-31.9426],[115.82716,-31.94372],[115.82511,-31.94254],[115.82528,-31.93506],[115.83698,-31.93333],[115.83118,-31.927]]]},"properties":{"postcode":"6007","state":"WA","icsea_avg":1071,"school_count":4,"icsea_band":4}},{"type":"Feature","geometry":{"type":"Polygon","coordinates":[[[115.80588,-31.96441],[115.79598,-31.96203],[115.79839,-31.95724],[115.79113,-31.9572],[115.79177,-31.94778],[115.80789,-31.94758],[115.81196,-31.95034],[115.81478,-31.94712],[115.81274,-31.94202],[115.82511,-31.94254],[115.82716,-31.94372],[115.83678,-31.9426],[115.84163,-31.9435],[115.8335,-31.95062],[115.81831,-31.96462],[115.80588,-31.96441]]]},"properties":{"postcode":"6008","state":"WA","icsea_avg":1142,"school_count":6,"icsea_band":6}},{"type":"Feature","geometry":{"type":"MultiPolygon","coordinates":[[[[115.78693,-31.99152],[115.79265,-31.99162],[115.79106,-31.98644],[115.79137,-31.97499],[115.80262,-31.97582],[115.80577,-31.97276],[115.80588,-31.96441],[115.81831,-31.96462],[115.81803,-31.97374],[115.81559,-31.97657],[115.81809,-31.98255],[115.8175,-31.99015],[115.81322,-31.994],[115.81022,-32.00059],[115.80414,-32.00292],[115.79202,-32.00501],[115.78735,-31.99684],[115.78693,-31.99152]]],[[[115.82305,-31.97254],[115.82725,-31.97285],[115.82505,-31.97399],[115.82305,-31.97254]]]]},"properties":{"postcode":"6009","state":"WA","icsea_avg":1179,"school_count":3,"icsea_band":6}},{"type":"Feature","geometry":{"type":"Polygon","coordinates":[[[115.75281,-31.98198],[115.75418,-31.97478],[115.75396,-31.95142],[115.77349,-31.95947],[115.77588,-31.95706],[115.77587,-31.94977],[115.78155,-31.9482],[115.79177,-31.94778],[115.79113,-31.9572],[115.79839,-31.95724],[115.79598,-31.96203],[115.80588,-31.96441],[115.80577,-31.97276],[115.80262,-31.97582],[115.79137,-31.97499],[115.79106,-31.98644],[115.79265,-31.99162],[115.78693,-31.99152],[115.78241,-31.98912],[115.77596,-31.98852],[115.77289,-31.99348],[115.76619,-31.9934],[115.7695,-31.98786],[115.76684,-31.98201],[115.75281,-31.98198]]]},"properties":{"postcode":"6010","state":"WA","icsea_avg":1164,"school_count":10,"icsea_band":6}},{"type":"Feature","geometry":{"type":"Polygon","coordinates":[[[115.75281,-31.98198],[115.76684,-31.98201],[115.7695,-31.98786],[115.76619,-31.9934],[115.77289,-31.99348],[115.77098,-31.99969],[115.77262,-32.00336],[115.75925,-32.00383],[115.75128,-32.01612],[115.75145,-31.99887],[115.75018,-31.99686],[115.75281,-31.98198]]]},"properties":{"postcode":"6011","state":"WA","icsea_avg":1159,"school_count":3,"icsea_band":6}},{"type":"Feature","geometry":{"type":"Polygon","coordinates":[[[115.77262,-32.00336],[115.7717,-32.00973],[115.78135,-32.01661],[115.77378,-32.02507],[115.76631,-32.02244],[115.75888,-32.02403],[115.7575,-32.02117],[115.75087,-32.0216],[115.75128,-32.01612],[115.75925,-32.00383],[115.77262,-32.00336]]]},"properties":{"postcode":"6012","state":"WA","icsea_avg":1121,"school_count":5,"icsea_band":5}},{"type":"Feature","geometry":{"type":"Polygon","coordinates":[[[115.78889,-31.92746],[115.79617,-31.92746],[115.80181,-31.93261],[115.80422,-31.92956],[115.80907,-31.92943],[115.81523,-31.92461],[115.81756,-31.92284],[115.82622,-31.92222],[115.83118,-31.927],[115.83698,-31.93333],[115.82528,-31.93506],[115.82511,-31.94254],[115.81274,-31.94202],[115.81478,-31.94712],[115.81196,-31.95034],[115.80789,-31.94758],[115.79177,-31.94778],[115.78155,-31.9482],[115.7791,-31.93743],[115.77907,-31.93077],[115.78894,-31.93296],[115.78889,-31.92746]]]},"properties":{"postcode":"6014","state":"WA","icsea_avg":1122,"school_count":8,"icsea_band":5}},{"type":"Feature","geometry":{"type":"Polygon","coordinates":[[[115.75505,-31.90818],[115.76615,-31.90809],[115.76606,-31.9218],[115.77126,-31.92181],[115.77191,-31.92792],[115.77907,-31.93077],[115.7791,-31.93743],[115.78155,-31.9482],[115.77587,-31.94977],[115.77588,-31.95706],[115.77349,-31.95947],[115.75396,-31.95142],[115.75462,-31.93828],[115.75505,-31.90818]]]},"properties":{"postcode":"6015","state":"WA","icsea_avg":1159,"school_count":5,"icsea_band":6}},{"type":"Feature","geometry":{"type":"Polygon","coordinates":[[[115.82887,-31.91426],[115.84428,-31.91412],[115.84621,-31.92519],[115.83118,-31.927],[115.82622,-31.92222],[115.81756,-31.92284],[115.81523,-31.92461],[115.8138,-31.91713],[115.82887,-31.91426]]]},"properties":{"postcode":"6016","state":"WA","icsea_avg":1119,"school_count":3,"icsea_band":5}},{"type":"Feature","geometry":{"type":"Polygon","coordinates":[[[115.80378,-31.89338],[115.81379,-31.89723],[115.82065,-31.90176],[115.82363,-31.8994],[115.82291,-31.89036],[115.82829,-31.89036],[115.82887,-31.91426],[115.8138,-31.91713],[115.81523,-31.92461],[115.80907,-31.92943],[115.80422,-31.92956],[115.79764,-31.92654],[115.79689,-31.92254],[115.79936,-31.9106],[115.80414,-31.89993],[115.80378,-31.89338]]]},"properties":{"postcode":"6017","state":"WA","icsea_avg":1057,"school_count":1,"icsea_band":4}},{"type":"Feature","geometry":{"type":"Polygon","coordinates":[[[115.80422,-31.92956],[115.80181,-31.93261],[115.79617,-31.92746],[115.78889,-31.92746],[115.78414,-31.9228],[115.78576,-31.92021],[115.7857,-31.90826],[115.77603,-31.90722],[115.77595,-31.88524],[115.76474,-31.88511],[115.75997,-31.8835],[115.76467,-31.88014],[115.76537,-31.86657],[115.76912,-31.85831],[115.77608,-31.85947],[115.8013,-31.85948],[115.80049,-31.87661],[115.80109,-31.8859],[115.80378,-31.89338],[115.80414,-31.89993],[115.79936,-31.9106],[115.79689,-31.92254],[115.79764,-31.92654],[115.80422,-31.92956]]]},"properties":{"postcode":"6018","state":"WA","icsea_avg":1110,"school_count":13,"icsea_band":5}},{"type":"Feature","geometry":{"type":"Polygon","coordinates":[[[115.75505,-31.90818],[115.75524,-31.90211],[115.75371,-31.88727],[115.76047,-31.88731],[115.75997,-31.8835],[115.76474,-31.88511],[115.77595,-31.88524],[115.77603,-31.90722],[115.7857,-31.90826],[115.78576,-31.92021],[115.78414,-31.9228],[115.78889,-31.92746],[115.78894,-31.93296],[115.77907,-31.93077],[115.77191,-31.92792],[115.77126,-31.92181],[115.76606,-31.9218],[115.76615,-31.90809],[115.75505,-31.90818]]]},"properties":{"postcode":"6019","state":"WA","icsea_avg":1124,"school_count":4,"icsea_band":6}},{"type":"Feature","geometry":{"type":"Polygon","coordinates":[[[115.74249,-31.82655],[115.74193,-31.82196],[115.7504,-31.81846],[115.76023,-31.81682],[115.76103,-31.82472],[115.76394,-31.83311],[115.76212,-31.84583],[115.76977,-31.84496],[115.77821,-31.84575],[115.79624,-31.84588],[115.79675,-31.84588],[115.80044,-31.85648],[115.8013,-31.85948],[115.77608,-31.85947],[115.76912,-31.85831],[115.76537,-31.86657],[115.76041,-31.86589],[115.75211,-31.86844],[115.75167,-31.84835],[115.74827,-31.83467],[115.74249,-31.82655]]]},"properties":{"postcode":"6020","state":"WA","icsea_avg":1110,"school_count":7,"icsea_band":5}},{"type":"Feature","geometry":{"type":"Polygon","coordinates":[[[115.8013,-31.85948],[115.80044,-31.85648],[115.80959,-31.85649],[115.82618,-31.85937],[115.83759,-31.88887],[115.82829,-31.89036],[115.82291,-31.89036],[115.82363,-31.8994],[115.82065,-31.90176],[115.81379,-31.89723],[115.80378,-31.89338],[115.80109,-31.8859],[115.80049,-31.87661],[115.8013,-31.85948]]]},"properties":{"postcode":"6021","state":"WA","icsea_avg":1059,"school_count":5,"icsea_band":4}},{"type":"Feature","geometry":{"type":"Polygon","coordinates":[[[115.82618,-31.85937],[115.80959,-31.85649],[115.80044,-31.85648],[115.79675,-31.84588],[115.81415,-31.84504],[115.82312,-31.8425],[115.82356,-31.8526],[115.82618,-31.85937]]]},"properties":{"postcode":"6022","state":"WA","icsea_avg":1058,"school_count":2,"icsea_band":4}},{"type":"Feature","geometry":{"type":"Polygon","coordinates":[[[115.76023,-31.81682],[115.77491,-31.81935],[115.78175,-31.81721],[115.78306,-31.82339],[115.79145,-31.83579],[115.79624,-31.84588],[115.77821,-31.84575],[115.76977,-31.84496],[115.76212,-31.84583],[115.76394,-31.83311],[115.76103,-31.82472],[115.76023,-31.81682]]]},"properties":{"postcode":"6023","state":"WA","icsea_avg":1110,"school_count":6,"icsea_band":5}},{"type":"Feature","geometry":{"type":"Polygon","coordinates":[[[115.78175,-31.81721],[115.7991,-31.82196],[115.80975,-31.81983],[115.82085,-31.8201],[115.82168,-31.83437],[115.82336,-31.84246],[115.82312,-31.8425],[115.81415,-31.84504],[115.79675,-31.84588],[115.79624,-31.84588],[115.79145,-31.83579],[115.78306,-31.82339],[115.78175,-31.81721]]]},"properties":{"postcode":"6024","state":"WA","icsea_avg":1040,"school_count":7,"icsea_band":4}},{"type":"Feature","geometry":{"type":"Polygon","coordinates":[[[115.73293,-31.78899],[115.73583,-31.78663],[115.74893,-31.7831],[115.75711,-31.78196],[115.77599,-31.77598],[115.78138,-31.7749],[115.78076,-31.77574],[115.7831,-31.79672],[115.78121,-31.79976],[115.78219,-31.80593],[115.78175,-31.81721],[115.77491,-31.81935],[115.76023,-31.81682],[115.7504,-31.81846],[115.74193,-31.82196],[115.74249,-31.82655],[115.73691,-31.82045],[115.72751,-31.80636],[115.73213,-31.79509],[115.73293,-31.78899]]]},"properties":{"postcode":"6025","state":"WA","icsea_avg":1058,"school_count":11,"icsea_band":4}},{"type":"Feature","geometry":{"type":"Polygon","coordinates":[[[115.78175,-31.81721],[115.78219,-31.80593],[115.78121,-31.79976],[115.7831,-31.79672],[115.78076,-31.77574],[115.78138,-31.7749],[115.79028,-31.77463],[115.79612,-31.77672],[115.80956,-31.78538],[115.81963,-31.80537],[115.82085,-31.8201],[115.80975,-31.81983],[115.7991,-31.82196],[115.78175,-31.81721]]]},"properties":{"postcode":"6026","state":"WA","icsea_avg":1074,"school_count":10,"icsea_band":4}},{"type":"Feature","geometry":{"type":"Polygon","coordinates":[[[115.79612,-31.77672],[115.79028,-31.77463],[115.78138,-31.7749],[115.77599,-31.77598],[115.75711,-31.78196],[115.74893,-31.7831],[115.73583,-31.78663],[115.73293,-31.78899],[115.73209,-31.77619],[115.72307,-31.74332],[115.73552,-31.74371],[115.74769,-31.74236],[115.75687,-31.74],[115.74975,-31.72236],[115.76864,-31.71748],[115.77375,-31.71725],[115.7743,-31.723],[115.78298,-31.73265],[115.78469,-31.7326],[115.79225,-31.74298],[115.78777,-31.75189],[115.78971,-31.75656],[115.79565,-31.76239],[115.79909,-31.77041],[115.79612,-31.77672]]]},"properties":{"postcode":"6027","state":"WA","icsea_avg":1044,"school_count":21,"icsea_band":4}},{"type":"Feature","geometry":{"type":"Polygon","coordinates":[[[115.70661,-31.71203],[115.74803,-31.71199],[115.74975,-31.72236],[115.75687,-31.74],[115.74769,-31.74236],[115.73552,-31.74371],[115.72307,-31.74332],[115.71788,-31.72915],[115.70925,-31.71821],[115.70661,-31.71203]]]},"properties":{"postcode":"6028","state":"WA","icsea_avg":1054,"school_count":5,"icsea_band":4}},{"type":"Feature","geometry":{"type":"Polygon","coordinates":[[[115.75211,-31.86844],[115.76041,-31.86589],[115.76537,-31.86657],[115.76467,-31.88014],[115.75997,-31.8835],[115.76047,-31.88731],[115.75371,-31.88727],[115.75173,-31.88014],[115.75211,-31.86844]]]},"properties":{"postcode":"6029","state":"WA","icsea_avg":null,"school_count":0,"icsea_band":0}},{"type":"Feature","geometry":{"type":"Polygon","coordinates":[[[115.68599,-31.65443],[115.69566,-31.65385],[115.69877,-31.6518],[115.70446,-31.65707],[115.71284,-31.65481],[115.71979,-31.65127],[115.72536,-31.65613],[115.73509,-31.67984],[115.7416,-31.70101],[115.74803,-31.71199],[115.70661,-31.71203],[115.7055,-31.70419],[115.70189,-31.69542],[115.69797,-31.68916],[115.69926,-31.68589],[115.69698,-31.68078],[115.69113,-31.67591],[115.68973,-31.6656],[115.68599,-31.65443]]]},"properties":{"postcode":"6030","state":"WA","icsea_avg":998,"school_count":14,"icsea_band":3}},{"type":"Feature","geometry":{"type":"Polygon","coordinates":[[[115.70852,-31.63124],[115.70871,-31.62449],[115.71708,-31.62457],[115.72295,-31.6342],[115.72735,-31.63716],[115.73037,-31.64374],[115.73996,-31.66075],[115.74555,-31.66224],[115.75938,-31.66114],[115.78435,-31.66105],[115.79284,-31.65991],[115.7963,-31.66287],[115.80268,-31.66289],[115.80815,-31.67125],[115.81764,-31.67508],[115.81964,-31.6839],[115.81581,-31.69562],[115.80588,-31.7153],[115.802,-31.70804],[115.79599,-31.71243],[115.78965,-31.71277],[115.78053,-31.71651],[115.77375,-31.71725],[115.76864,-31.71748],[115.74975,-31.72236],[115.74803,-31.71199],[115.7416,-31.70101],[115.73509,-31.67984],[115.72536,-31.65613],[115.71979,-31.65127],[115.71814,-31.64647],[115.70852,-31.63124]]]},"properties":{"postcode":"6031","state":"WA","icsea_avg":993,"school_count":5,"icsea_band":3}},{"type":"Feature","geometry":{"type":"Polygon","coordinates":[[[115.71708,-31.62457],[115.72537,-31.624],[115.73183,-31.61806],[115.75153,-31.61816],[115.75141,-31.59976],[115.76062,-31.60501],[115.76375,-31.60526],[115.77224,-31.61019],[115.78924,-31.62474],[115.79852,-31.63533],[115.80159,-31.66079],[115.80268,-31.66289],[115.7963,-31.66287],[115.79284,-31.65991],[115.78435,-31.66105],[115.75938,-31.66114],[115.74555,-31.66224],[115.73996,-31.66075],[115.73037,-31.64374],[115.72735,-31.63716],[115.72295,-31.6342],[115.71708,-31.62457]]]},"properties":{"postcode":"6032","state":"WA","icsea_avg":null,"school_count":0,"icsea_band":0}},{"type":"Feature","geometry":{"type":"Polygon","coordinates":[[[115.63572,-31.56645],[115.64232,-31.5633],[115.6392,-31.55793],[115.64055,-31.55416],[115.63663,-31.54715],[115.65129,-31.5478],[115.66694,-31.55062],[115.67663,-31.56107],[115.68012,-31.56872],[115.68801,-31.58028],[115.6917,-31.58219],[115.69918,-31.58006],[115.69907,-31.5617],[115.70407,-31.56567],[115.70926,-31.56593],[115.71986,-31.57424],[115.72172,-31.57734],[115.73259,-31.58885],[115.75141,-31.59976],[115.75153,-31.61816],[115.73183,-31.61806],[115.72537,-31.624],[115.71708,-31.62457],[115.70871,-31.62449],[115.70852,-31.63124],[115.66859,-31.63125],[115.66408,-31.62298],[115.66301,-31.61461],[115.65306,-31.60265],[115.64951,-31.59351],[115.64144,-31.57868],[115.63877,-31.57536],[115.63572,-31.56645]]]},"properties":{"postcode":"6033","state":"WA","icsea_avg":null,"school_count":0,"icsea_band":0}},{"type":"Feature","geometry":{"type":"Polygon","coordinates":[[[115.66694,-31.55062],[115.65129,-31.5478],[115.63663,-31.54715],[115.64055,-31.55416],[115.6392,-31.55793],[115.64232,-31.5633],[115.63572,-31.56645],[115.62637,-31.55576],[115.62281,-31.54744],[115.61639,-31.54169],[115.61435,-31.53784],[115.62449,-31.53524],[115.63035,-31.52705],[115.64618,-31.52762],[115.65651,-31.5243],[115.66296,-31.53663],[115.66694,-31.55062]]]},"properties":{"postcode":"6035","state":"WA","icsea_avg":970,"school_count":4,"icsea_band":2}},{"type":"Feature","geometry":{"type":"Polygon","coordinates":[[[115.68599,-31.65443],[115.68026,-31.64408],[115.66859,-31.63125],[115.70852,-31.63124],[115.71814,-31.64647],[115.71979,-31.65127],[115.71284,-31.65481],[115.70446,-31.65707],[115.69877,-31.6518],[115.69566,-31.65385],[115.68599,-31.65443]]]},"properties":{"postcode":"6036","state":"WA","icsea_avg":992,"school_count":6,"icsea_band":3}},{"type":"Feature","geometry":{"type":"Polygon","coordinates":[[[115.75141,-31.59976],[115.73259,-31.58885],[115.72172,-31.57734],[115.71986,-31.57424],[115.70926,-31.56593],[115.70407,-31.56567],[115.69907,-31.5617],[115.69918,-31.58006],[115.6917,-31.58219],[115.68801,-31.58028],[115.68012,-31.56872],[115.67663,-31.56107],[115.66694,-31.55062],[115.66296,-31.53663],[115.65651,-31.5243],[115.64618,-31.52762],[115.63035,-31.52705],[115.62449,-31.53524],[115.61435,-31.53784],[115.60847,-31.53199],[115.60497,-31.52583],[115.60365,-31.51957],[115.58963,-31.50466],[115.57953,-31.49558],[115.58263,-31.49273],[115.5809,-31.48683],[115.5757,-31.47723],[115.56984,-31.46969],[115.56388,-31.4651],[115.56074,-31.45522],[115.6701,-31.45513],[115.67158,-31.4665],[115.67839,-31.477],[115.76168,-31.47595],[115.78791,-31.47589],[115.85578,-31.47433],[115.85517,-31.50165],[115.85519,-31.57368],[115.85983,-31.57362],[115.85957,-31.62717],[115.88347,-31.62752],[115.88342,-31.64468],[115.88334,-31.68841],[115.87785,-31.69152],[115.86871,-31.69152],[115.86772,-31.69512],[115.85157,-31.6961],[115.84364,-31.69422],[115.833,-31.6965],[115.81581,-31.69562],[115.81964,-31.6839],[115.81764,-31.67508],[115.80815,-31.67125],[115.80268,-31.66289],[115.80159,-31.66079],[115.79852,-31.63533],[115.78924,-31.62474],[115.77224,-31.61019],[115.76375,-31.60526],[115.76062,-31.60501],[115.75141,-31.59976]]]},"properties":{"postcode":"6037","state":"WA","icsea_avg":969,"school_count":2,"icsea_band":2}},{"type":"Feature","geometry":{"type":"Polygon","coordinates":[[[115.87588,-31.9402],[115.86639,-31.93655],[115.86248,-31.93653],[115.86398,-31.92748],[115.84696,-31.91295],[115.85191,-31.90832],[115.85611,-31.91204],[115.86707,-31.91217],[115.86677,-31.91713],[115.87408,-31.91823],[115.88514,-31.92766],[115.88854,-31.93062],[115.88566,-31.93394],[115.88891,-31.93669],[115.88227,-31.94168],[115.87793,-31.94128],[115.87588,-31.9402]]]},"properties":{"postcode":"6050","state":"WA","icsea_avg":1118,"school_count":6,"icsea_band":5}},{"type":"Feature","geometry":{"type":"Polygon","coordinates":[[[115.88891,-31.93669],[115.88566,-31.93394],[115.88854,-31.93062],[115.88514,-31.92766],[115.89345,-31.91941],[115.91023,-31.93368],[115.90839,-31.94102],[115.91558,-31.94812],[115.91081,-31.95141],[115.90279,-31.95211],[115.89665,-31.94848],[115.89862,-31.94242],[115.88891,-31.93669]]]},"properties":{"postcode":"6051","state":"WA","icsea_avg":1086,"school_count":1,"icsea_band":4}},{"type":"Feature","geometry":{"type":"Polygon","coordinates":[[[115.86707,-31.91217],[115.86791,-31.90753],[115.87257,-31.90756],[115.87749,-31.91169],[115.88934,-31.89959],[115.89995,-31.90865],[115.90243,-31.91179],[115.89345,-31.91941],[115.88514,-31.92766],[115.87408,-31.91823],[115.86677,-31.91713],[115.86707,-31.91217]]]},"properties":{"postcode":"6052","state":"WA","icsea_avg":1104,"school_count":3,"icsea_band":5}},{"type":"Feature","geometry":{"type":"Polygon","coordinates":[[[115.91023,-31.93368],[115.89345,-31.91941],[115.90243,-31.91179],[115.89995,-31.90865],[115.90508,-31.9101],[115.91005,-31.90584],[115.91619,-31.90464],[115.9169,-31.89673],[115.92332,-31.89475],[115.93192,-31.89475],[115.93139,-31.90125],[115.9278,-31.90122],[115.929,-31.91362],[115.93657,-31.91981],[115.93873,-31.92446],[115.93706,-31.92954],[115.93281,-31.93083],[115.91738,-31.93117],[115.91023,-31.93368]]]},"properties":{"postcode":"6053","state":"WA","icsea_avg":1071,"school_count":4,"icsea_band":4}},{"type":"Feature","geometry":{"type":"Polygon","coordinates":[[[115.9334,-31.87551],[115.95587,-31.87564],[115.95601,-31.88768],[115.96432,-31.88769],[115.95952,-31.89435],[115.95807,-31.89791],[115.96263,-31.90341],[115.96165,-31.91133],[115.95523,-31.91663],[115.95077,-31.92236],[115.94414,-31.92031],[115.94103,-31.91982],[115.93988,-31.92075],[115.93873,-31.92446],[115.93657,-31.91981],[115.929,-31.91362],[115.9278,-31.90122],[115.93139,-31.90125],[115.93192,-31.89475],[115.93343,-31.8875],[115.9334,-31.87551]]]},"properties":{"postcode":"6054","state":"WA","icsea_avg":993,"school_count":11,"icsea_band":3}},{"type":"Feature","geometry":{"type":"Polygon","coordinates":[[[115.95799,-31.92396],[115.95377,-31.92037],[115.95617,-31.9165],[115.95937,-31.91467],[115.96268,-31.91003],[115.96336,-31.90405],[115.95834,-31.89743],[115.95952,-31.89435],[115.96432,-31.88769],[115.95601,-31.88768],[115.95587,-31.87564],[115.95582,-31.8699],[115.95207,-31.85568],[115.95435,-31.85567],[115.95328,-31.84624],[115.95716,-31.84784],[115.96502,-31.84783],[115.96916,-31.84626],[115.96916,-31.83962],[115.96279,-31.82819],[115.9635,-31.81338],[115.96274,-31.79566],[116.00491,-31.79561],[116.01065,-31.80112],[116.01198,-31.80456],[116.0098,-31.81012],[116.00469,-31.81375],[116.01074,-31.81853],[116.01088,-31.82419],[116.00237,-31.8296],[116.00109,-31.83699],[116.00267,-31.84267],[115.99551,-31.85162],[115.99598,-31.85798],[115.99859,-31.86093],[116.00838,-31.8637],[116.00724,-31.8701],[115.99965,-31.86826],[115.99422,-31.87044],[115.99455,-31.87379],[115.99132,-31.87889],[115.99111,-31.88677],[115.98661,-31.88822],[115.98676,-31.89386],[115.99277,-31.89767],[116.00024,-31.89458],[116.00775,-31.89835],[116.01005,-31.9023],[116.01594,-31.90482],[116.01695,-31.9119],[116.02999,-31.92074],[116.03547,-31.92916],[116.0409,-31.92901],[116.04319,-31.93296],[116.04347,-31.93688],[116.04031,-31.94006],[116.03182,-31.93709],[115.996,-31.92328],[115.99448,-31.92742],[115.98775,-31.92176],[115.97042,-31.916],[115.96406,-31.91913],[115.95799,-31.92396]]]},"properties":{"postcode":"6055","state":"WA","icsea_avg":1045,"school_count":10,"icsea_band":4}},{"type":"Feature","geometry":{"type":"Polygon","coordinates":[[[116.07479,-31.90161],[116.06511,-31.8993],[116.06705,-31.9043],[116.06678,-31.93507],[116.06167,-31.92661],[116.05307,-31.92979],[116.05177,-31.933],[116.04319,-31.93296],[116.0409,-31.92901],[116.03547,-31.92916],[116.02999,-31.92074],[116.01695,-31.9119],[116.01594,-31.90482],[116.01005,-31.9023],[116.00775,-31.89835],[116.00024,-31.89458],[115.99277,-31.89767],[115.98676,-31.89386],[115.98661,-31.88822],[115.99111,-31.88677],[115.99132,-31.87889],[115.99455,-31.87379],[115.99422,-31.87044],[115.99965,-31.86826],[116.00724,-31.8701],[116.00838,-31.8637],[115.99859,-31.86093],[115.99598,-31.85798],[115.99551,-31.85162],[116.00267,-31.84267],[116.00109,-31.83699],[116.00237,-31.8296],[116.01088,-31.82419],[116.01074,-31.81853],[116.00469,-31.81375],[116.0098,-31.81012],[116.01198,-31.80456],[116.01065,-31.80112],[116.00491,-31.79561],[116.00743,-31.79315],[116.07668,-31.79303],[116.07663,-31.80131],[116.08909,-31.80129],[116.08916,-31.8321],[116.0956,-31.83227],[116.10669,-31.82764],[116.10905,-31.83089],[116.10905,-31.83846],[116.10395,-31.83846],[116.07678,-31.83843],[116.07675,-31.8632],[116.07054,-31.8632],[116.07052,-31.87384],[116.06505,-31.88307],[116.06845,-31.88881],[116.06741,-31.89585],[116.07478,-31.89586],[116.07479,-31.90161]]]},"properties":{"postcode":"6056","state":"WA","icsea_avg":959,"school_count":17,"icsea_band":1}},{"type":"Feature","geometry":{"type":"Polygon","coordinates":[[[115.9906,-31.94217],[115.99448,-31.92742],[115.996,-31.92328],[116.03182,-31.93709],[116.03062,-31.95192],[116.03178,-31.96166],[116.03542,-31.96784],[116.03294,-31.97131],[116.03293,-31.97724],[116.02983,-31.97566],[116.01902,-31.97575],[116.00704,-31.96559],[116.00398,-31.96762],[115.99602,-31.96081],[115.9928,-31.96046],[115.99288,-31.95268],[115.9906,-31.94217]]]},"properties":{"postcode":"6057","state":"WA","icsea_avg":1005,"school_count":4,"icsea_band":3}},{"type":"Feature","geometry":{"type":"Polygon","coordinates":[[[116.02402,-32.00515],[116.01113,-32.00399],[116.01008,-31.99945],[116.00111,-32.00712],[115.9978,-32.0043],[115.99516,-31.99744],[115.9853,-31.98729],[115.97948,-31.98249],[115.98814,-31.94629],[115.9906,-31.94217],[115.99288,-31.95268],[115.9928,-31.96046],[115.99602,-31.96081],[116.00398,-31.96762],[116.00704,-31.96559],[116.01902,-31.97575],[116.02983,-31.97566],[116.03293,-31.97724],[116.03369,-31.98236],[116.04102,-31.9835],[116.03867,-31.98745],[116.0322,-31.98996],[116.03539,-31.9945],[116.03086,-31.99972],[116.02938,-32.00457],[116.02402,-32.00515]]]},"properties":{"postcode":"6058","state":"WA","icsea_avg":990,"school_count":6,"icsea_band":3}},{"type":"Feature","geometry":{"type":"Polygon","coordinates":[[[115.85066,-31.88894],[115.85319,-31.88938],[115.85928,-31.88433],[115.85171,-31.8781],[115.8586,-31.87142],[115.86237,-31.87511],[115.86608,-31.87001],[115.86629,-31.86632],[115.87836,-31.86754],[115.87829,-31.86786],[115.87946,-31.87949],[115.89229,-31.89038],[115.88716,-31.89489],[115.88934,-31.89959],[115.87749,-31.91169],[115.87257,-31.90756],[115.85066,-31.88894]]]},"properties":{"postcode":"6059","state":"WA","icsea_avg":1046,"school_count":13,"icsea_band":4}},{"type":"Feature","geometry":{"type":"Polygon","coordinates":[[[115.82829,-31.89036],[115.83759,-31.88887],[115.85066,-31.88894],[115.87257,-31.90756],[115.86791,-31.90753],[115.86707,-31.91217],[115.85611,-31.91204],[115.85191,-31.90832],[115.84696,-31.91295],[115.84428,-31.91412],[115.82887,-31.91426],[115.82829,-31.89036]]]},"properties":{"postcode":"6060","state":"WA","icsea_avg":1077,"school_count":5,"icsea_band":4}},{"type":"Feature","geometry":{"type":"Polygon","coordinates":[[[115.85066,-31.88894],[115.83759,-31.88887],[115.82618,-31.85937],[115.82356,-31.8526],[115.82312,-31.8425],[115.82336,-31.84246],[115.82604,-31.84228],[115.83827,-31.84842],[115.86865,-31.84863],[115.87774,-31.85074],[115.87836,-31.86754],[115.86629,-31.86632],[115.86608,-31.87001],[115.86237,-31.87511],[115.8586,-31.87142],[115.85171,-31.8781],[115.85928,-31.88433],[115.85319,-31.88938],[115.85066,-31.88894]]]},"properties":{"postcode":"6061","state":"WA","icsea_avg":975,"school_count":16,"icsea_band":2}},{"type":"Feature","geometry":{"type":"Polygon","coordinates":[[[115.93192,-31.89475],[115.92332,-31.89475],[115.9169,-31.89673],[115.91619,-31.90464],[115.91005,-31.90584],[115.90508,-31.9101],[115.89995,-31.90865],[115.88934,-31.89959],[115.88716,-31.89489],[115.89229,-31.89038],[115.87946,-31.87949],[115.87829,-31.86786],[115.88572,-31.86854],[115.90315,-31.86699],[115.91281,-31.86539],[115.91642,-31.86728],[115.91738,-31.87187],[115.93339,-31.87178],[115.9334,-31.87551],[115.93343,-31.8875],[115.93192,-31.89475]]]},"properties":{"postcode":"6062","state":"WA","icsea_avg":1019,"school_count":10,"icsea_band":3}},{"type":"Feature","geometry":{"type":"Polygon","coordinates":[[[115.91698,-31.85556],[115.92482,-31.85564],[115.95207,-31.85568],[115.95582,-31.8699],[115.95587,-31.87564],[115.9334,-31.87551],[115.93339,-31.87178],[115.91738,-31.87187],[115.91642,-31.86728],[115.91698,-31.85556]]]},"properties":{"postcode":"6063","state":"WA","icsea_avg":953,"school_count":4,"icsea_band":1}},{"type":"Feature","geometry":{"type":"Polygon","coordinates":[[[115.82336,-31.84246],[115.82168,-31.83437],[115.82085,-31.8201],[115.83438,-31.82086],[115.87714,-31.82106],[115.87714,-31.82108],[115.8769,-31.8404],[115.8777,-31.84596],[115.87774,-31.85074],[115.86865,-31.84863],[115.83827,-31.84842],[115.82604,-31.84228],[115.82336,-31.84246]]]},"properties":{"postcode":"6064","state":"WA","icsea_avg":942,"school_count":13,"icsea_band":1}},{"type":"Feature","geometry":{"type":"Polygon","coordinates":[[[115.79612,-31.77672],[115.79909,-31.77041],[115.79565,-31.76239],[115.78971,-31.75656],[115.78777,-31.75189],[115.79225,-31.74298],[115.78469,-31.7326],[115.78298,-31.73265],[115.7743,-31.723],[115.77375,-31.71725],[115.78053,-31.71651],[115.78965,-31.71277],[115.79599,-31.71243],[115.802,-31.70804],[115.80588,-31.7153],[115.80545,-31.73075],[115.80388,-31.73355],[115.82929,-31.73351],[115.82939,-31.7556],[115.83499,-31.75451],[115.84667,-31.75447],[115.84566,-31.75951],[115.84644,-31.78245],[115.84395,-31.78725],[115.86181,-31.79559],[115.88283,-31.79565],[115.88272,-31.82077],[115.87714,-31.82106],[115.83438,-31.82086],[115.82085,-31.8201],[115.81963,-31.80537],[115.80956,-31.78538],[115.79612,-31.77672]]]},"properties":{"postcode":"6065","state":"WA","icsea_avg":1035,"school_count":17,"icsea_band":3}},{"type":"Feature","geometry":{"type":"Polygon","coordinates":[[[115.8777,-31.84596],[115.8769,-31.8404],[115.87714,-31.82108],[115.88365,-31.82251],[115.89413,-31.83053],[115.90847,-31.83847],[115.91603,-31.84141],[115.91728,-31.84368],[115.91698,-31.85553],[115.89995,-31.85535],[115.89444,-31.85061],[115.89377,-31.84598],[115.8777,-31.84596]]]},"properties":{"postcode":"6066","state":"WA","icsea_avg":986,"school_count":6,"icsea_band":2}},{"type":"Feature","geometry":{"type":"Polygon","coordinates":[[[115.87714,-31.82108],[115.87714,-31.82106],[115.88272,-31.82077],[115.88283,-31.79565],[115.8999,-31.79566],[115.91799,-31.79569],[115.91796,-31.81337],[115.92001,-31.82906],[115.92019,-31.84227],[115.92535,-31.84938],[115.92482,-31.85564],[115.91698,-31.85556],[115.91698,-31.85553],[115.91728,-31.84368],[115.91603,-31.84141],[115.90847,-31.83847],[115.89413,-31.83053],[115.88365,-31.82251],[115.87714,-31.82108]]]},"properties":{"postcode":"6067","state":"WA","icsea_avg":null,"school_count":0,"icsea_band":0}},{"type":"Feature","geometry":{"type":"Polygon","coordinates":[[[115.95207,-31.85568],[115.92482,-31.85564],[115.92535,-31.84938],[115.92019,-31.84227],[115.92001,-31.82906],[115.91796,-31.81337],[115.91799,-31.79569],[115.95725,-31.79566],[115.96274,-31.79566],[115.9635,-31.81338],[115.96279,-31.82819],[115.96916,-31.83962],[115.96916,-31.84626],[115.96502,-31.84783],[115.95716,-31.84784],[115.95328,-31.84624],[115.95435,-31.85567],[115.95207,-31.85568]]]},"properties":{"postcode":"6068","state":"WA","icsea_avg":null,"school_count":0,"icsea_band":0}},{"type":"Feature","geometry":{"type":"Polygon","coordinates":[[[115.9571,-31.74181],[116.02073,-31.742],[116.02421,-31.74835],[116.03268,-31.74836],[116.0327,-31.74213],[116.09423,-31.74228],[116.09439,-31.78619],[116.09104,-31.79273],[116.07668,-31.79303],[116.00743,-31.79315],[116.00491,-31.79561],[115.96274,-31.79566],[115.95725,-31.79566],[115.95465,-31.76622],[115.95702,-31.76233],[115.9571,-31.74181]]]},"properties":{"postcode":"6069","state":"WA","icsea_avg":1001,"school_count":14,"icsea_band":3}},{"type":"Feature","geometry":{"type":"Polygon","coordinates":[[[116.06678,-31.93507],[116.06705,-31.9043],[116.06511,-31.8993],[116.07479,-31.90161],[116.08753,-31.90087],[116.08735,-31.91487],[116.0917,-31.91454],[116.09254,-31.92118],[116.0924,-31.93593],[116.09692,-31.93596],[116.10438,-31.94446],[116.08152,-31.94942],[116.07796,-31.94767],[116.07552,-31.93894],[116.06678,-31.93507]]]},"properties":{"postcode":"6070","state":"WA","icsea_avg":1100,"school_count":2,"icsea_band":4}},{"type":"Feature","geometry":{"type":"Polygon","coordinates":[[[116.07479,-31.90161],[116.07478,-31.89586],[116.06741,-31.89585],[116.06845,-31.88881],[116.06505,-31.88307],[116.07052,-31.87384],[116.07054,-31.8632],[116.07675,-31.8632],[116.07678,-31.83843],[116.10395,-31.83846],[116.10396,-31.86324],[116.1311,-31.86328],[116.13061,-31.9005],[116.12324,-31.89928],[116.12303,-31.91242],[116.12426,-31.91594],[116.12423,-31.93746],[116.11759,-31.93612],[116.10833,-31.93785],[116.10438,-31.94446],[116.09692,-31.93596],[116.0924,-31.93593],[116.09254,-31.92118],[116.0917,-31.91454],[116.08735,-31.91487],[116.08753,-31.90087],[116.07479,-31.90161]]]},"properties":{"postcode":"6071","state":"WA","icsea_avg":1080,"school_count":2,"icsea_band":4}},{"type":"Feature","geometry":{"type":"Polygon","coordinates":[[[116.12426,-31.91594],[116.12303,-31.91242],[116.12324,-31.89928],[116.13061,-31.9005],[116.14312,-31.89978],[116.14304,-31.90537],[116.13734,-31.90792],[116.14104,-31.91455],[116.13473,-31.91599],[116.12426,-31.91594]]]},"properties":{"postcode":"6072","state":"WA","icsea_avg":null,"school_count":0,"icsea_band":0}},{"type":"Feature","geometry":{"type":"Polygon","coordinates":[[[116.18176,-31.89566],[116.18202,-31.90268],[116.18404,-31.90546],[116.19986,-31.90426],[116.20235,-31.90852],[116.2099,-31.90982],[116.20747,-31.91324],[116.21172,-31.9177],[116.20737,-31.92469],[116.20394,-31.92585],[116.20375,-31.93473],[116.19385,-31.94073],[116.18278,-31.93993],[116.17922,-31.94479],[116.18309,-31.94624],[116.18304,-31.95286],[116.16919,-31.9525],[116.16515,-31.95567],[116.15868,-31.95646],[116.14932,-31.95133],[116.13976,-31.94823],[116.13755,-31.94352],[116.12423,-31.93746],[116.12426,-31.91594],[116.13473,-31.91599],[116.14104,-31.91455],[116.13734,-31.90792],[116.14304,-31.90537],[116.14312,-31.89978],[116.14317,-31.89557],[116.15959,-31.8956],[116.15948,-31.88713],[116.15715,-31.8842],[116.17256,-31.8842],[116.17717,-31.88823],[116.17717,-31.89557],[116.18176,-31.89566]]]},"properties":{"postcode":"6073","state":"WA","icsea_avg":1040,"school_count":3,"icsea_band":4}},{"type":"Feature","geometry":{"type":"Polygon","coordinates":[[[116.15868,-31.95646],[116.16515,-31.95567],[116.16919,-31.9525],[116.18304,-31.95286],[116.18309,-31.94624],[116.17922,-31.94479],[116.18278,-31.93993],[116.19385,-31.94073],[116.20375,-31.93473],[116.20394,-31.92585],[116.20737,-31.92469],[116.21172,-31.9177],[116.20747,-31.91324],[116.2099,-31.90982],[116.20235,-31.90852],[116.19986,-31.90426],[116.18404,-31.90546],[116.18202,-31.90268],[116.18176,-31.89566],[116.18421,-31.88795],[116.20655,-31.88746],[116.20913,-31.88228],[116.21439,-31.88725],[116.22648,-31.88732],[116.22639,-31.89368],[116.23206,-31.89015],[116.23776,-31.88986],[116.2427,-31.88836],[116.25628,-31.88824],[116.25991,-31.88651],[116.26428,-31.88056],[116.27021,-31.87877],[116.28084,-31.88093],[116.294,-31.8854],[116.30971,-31.88481],[116.31944,-31.88769],[116.32569,-31.89231],[116.32297,-31.89581],[116.32296,-31.9009],[116.33337,-31.90061],[116.33325,-31.91126],[116.34618,-31.91132],[116.34617,-31.90679],[116.41513,-31.90933],[116.41184,-31.96785],[116.40975,-31.9678],[116.40907,-32.01232],[116.36726,-32.01192],[116.36725,-32.00549],[116.3028,-32.00503],[116.30256,-32.0232],[116.32374,-32.02344],[116.32346,-32.06256],[116.28888,-32.06215],[116.28592,-32.05835],[116.28096,-32.05665],[116.27365,-32.0504],[116.27412,-32.04509],[116.27116,-32.04101],[116.26035,-32.03347],[116.25627,-32.02755],[116.25587,-32.02298],[116.2501,-32.01975],[116.24098,-32.02343],[116.23253,-32.02942],[116.22175,-32.02512],[116.21774,-32.01915],[116.21015,-32.0202],[116.20467,-32.01695],[116.19137,-32.01546],[116.18827,-32.01368],[116.13982,-32.01376],[116.13606,-32.00479],[116.13119,-31.99835],[116.13225,-31.99388],[116.13042,-31.98888],[116.1379,-31.98547],[116.14411,-31.98457],[116.1533,-31.9774],[116.15585,-31.96678],[116.1634,-31.96568],[116.16695,-31.96144],[116.15868,-31.95646]]]},"properties":{"postcode":"6074","state":"WA","icsea_avg":1017,"school_count":1,"icsea_band":3}},{"type":"Feature","geometry":{"type":"Polygon","coordinates":[[[116.10438,-31.94446],[116.10833,-31.93785],[116.11759,-31.93612],[116.12423,-31.93746],[116.13755,-31.94352],[116.13976,-31.94823],[116.14932,-31.95133],[116.15868,-31.95646],[116.16695,-31.96144],[116.1634,-31.96568],[116.15585,-31.96678],[116.1533,-31.9774],[116.14411,-31.98457],[116.1379,-31.98547],[116.13042,-31.98888],[116.13225,-31.99388],[116.13119,-31.99835],[116.13606,-32.00479],[116.13982,-32.01376],[116.18827,-32.01368],[116.19137,-32.01546],[116.20467,-32.01695],[116.21015,-32.0202],[116.21774,-32.01915],[116.22175,-32.02512],[116.23253,-32.02942],[116.24098,-32.02343],[116.2501,-32.01975],[116.25587,-32.02298],[116.25627,-32.02755],[116.26035,-32.03347],[116.27116,-32.04101],[116.27412,-32.04509],[116.27365,-32.0504],[116.28096,-32.05665],[116.28592,-32.05835],[116.28888,-32.06215],[116.28499,-32.06211],[116.28492,-32.08295],[116.19085,-32.08294],[116.19234,-32.07931],[116.19233,-32.07024],[116.18807,-32.07024],[116.18808,-32.07931],[116.18019,-32.07931],[116.1802,-32.08548],[116.14252,-32.08523],[116.14166,-32.07703],[116.13471,-32.06824],[116.12829,-32.0625],[116.13154,-32.05126],[116.12304,-32.04483],[116.11757,-32.04456],[116.11144,-32.04164],[116.10433,-32.04145],[116.10426,-32.03583],[116.08293,-32.03584],[116.08194,-32.02993],[116.07433,-32.02994],[116.07371,-32.02742],[116.06515,-32.02917],[116.05886,-32.02876],[116.05259,-32.03192],[116.04155,-32.03036],[116.03316,-32.02319],[116.02944,-32.02633],[116.02144,-32.01945],[116.02608,-32.0155],[116.02827,-32.00939],[116.02402,-32.00515],[116.02938,-32.00457],[116.03086,-31.99972],[116.03539,-31.9945],[116.0322,-31.98996],[116.03867,-31.98745],[116.04102,-31.9835],[116.03369,-31.98236],[116.03293,-31.97724],[116.03294,-31.97131],[116.03542,-31.96784],[116.03178,-31.96166],[116.03062,-31.95192],[116.03182,-31.93709],[116.04031,-31.94006],[116.04347,-31.93688],[116.04319,-31.93296],[116.05177,-31.933],[116.05307,-31.92979],[116.06167,-31.92661],[116.06678,-31.93507],[116.07552,-31.93894],[116.07796,-31.94767],[116.08152,-31.94942],[116.10438,-31.94446]]]},"properties":{"postcode":"6076","state":"WA","icsea_avg":1048,"school_count":16,"icsea_band":4}},{"type":"Feature","geometry":{"type":"Polygon","coordinates":[[[115.82929,-31.73351],[115.82928,-31.72983],[115.83709,-31.72397],[115.85074,-31.72394],[115.85072,-31.7206],[115.88327,-31.72046],[115.8802,-31.72493],[115.88017,-31.73224],[115.88311,-31.73222],[115.88285,-31.79184],[115.8999,-31.79184],[115.8999,-31.79566],[115.88283,-31.79565],[115.86181,-31.79559],[115.84395,-31.78725],[115.84644,-31.78245],[115.84566,-31.75951],[115.84667,-31.75447],[115.83499,-31.75451],[115.82939,-31.7556],[115.82929,-31.73351]]]},"properties":{"postcode":"6077","state":"WA","icsea_avg":null,"school_count":0,"icsea_band":0}},{"type":"Feature","geometry":{"type":"Polygon","coordinates":[[[115.80588,-31.7153],[115.81581,-31.69562],[115.833,-31.6965],[115.84364,-31.69422],[115.85157,-31.6961],[115.86772,-31.69512],[115.86871,-31.69152],[115.87785,-31.69152],[115.88334,-31.68841],[115.88327,-31.72046],[115.85072,-31.7206],[115.85074,-31.72394],[115.83709,-31.72397],[115.82928,-31.72983],[115.82929,-31.73351],[115.80388,-31.73355],[115.80545,-31.73075],[115.80588,-31.7153]]]},"properties":{"postcode":"6078","state":"WA","icsea_avg":null,"school_count":0,"icsea_band":0}},{"type":"Feature","geometry":{"type":"Polygon","coordinates":[[[115.88327,-31.72046],[115.88334,-31.68841],[115.88342,-31.64468],[115.88856,-31.64516],[115.88861,-31.65271],[115.90507,-31.6526],[115.90508,-31.66076],[115.91199,-31.66288],[115.91937,-31.66072],[115.9252,-31.66103],[115.92519,-31.66811],[115.93368,-31.66811],[115.93753,-31.67321],[115.93753,-31.68296],[115.95525,-31.68299],[115.95525,-31.69606],[115.95731,-31.7017],[115.96431,-31.70165],[115.96424,-31.70791],[115.95363,-31.70959],[115.95356,-31.7174],[115.94856,-31.7174],[115.94849,-31.72203],[115.95408,-31.72204],[115.95409,-31.73176],[115.95714,-31.73177],[115.9571,-31.74181],[115.95702,-31.76233],[115.95465,-31.76622],[115.95725,-31.79566],[115.91799,-31.79569],[115.8999,-31.79566],[115.8999,-31.79184],[115.88285,-31.79184],[115.88311,-31.73222],[115.88017,-31.73224],[115.8802,-31.72493],[115.88327,-31.72046]]]},"properties":{"postcode":"6079","state":"WA","icsea_avg":null,"school_count":0,"icsea_band":0}},{"type":"Feature","geometry":{"type":"Polygon","coordinates":[[[116.18421,-31.88795],[116.18176,-31.89566],[116.17717,-31.89557],[116.17717,-31.88823],[116.17256,-31.8842],[116.15715,-31.8842],[116.15948,-31.88713],[116.15959,-31.8956],[116.14317,-31.89557],[116.14312,-31.89978],[116.13061,-31.9005],[116.1311,-31.86328],[116.10396,-31.86324],[116.10395,-31.83846],[116.10905,-31.83846],[116.18521,-31.83842],[116.1853,-31.85778],[116.184,-31.86339],[116.18421,-31.88795]]]},"properties":{"postcode":"6081","state":"WA","icsea_avg":986,"school_count":2,"icsea_band":2}},{"type":"Feature","geometry":{"type":"Polygon","coordinates":[[[116.18521,-31.83842],[116.19667,-31.83811],[116.19673,-31.82203],[116.2116,-31.82205],[116.21149,-31.82723],[116.2339,-31.8271],[116.2339,-31.83094],[116.22774,-31.83095],[116.22817,-31.83909],[116.22499,-31.84519],[116.23432,-31.84656],[116.23435,-31.85321],[116.23118,-31.85691],[116.22621,-31.85695],[116.22622,-31.86273],[116.22274,-31.8668],[116.22266,-31.87533],[116.24371,-31.86974],[116.24322,-31.88231],[116.23777,-31.88402],[116.23776,-31.88986],[116.23206,-31.89015],[116.22639,-31.89368],[116.22648,-31.88732],[116.21439,-31.88725],[116.20913,-31.88228],[116.20655,-31.88746],[116.18421,-31.88795],[116.184,-31.86339],[116.1853,-31.85778],[116.18521,-31.83842]]]},"properties":{"postcode":"6082","state":"WA","icsea_avg":984,"school_count":2,"icsea_band":2}},{"type":"Feature","geometry":{"type":"Polygon","coordinates":[[[116.49134,-31.61421],[116.49808,-31.62395],[116.50147,-31.62666],[116.51169,-31.64024],[116.48862,-31.65016],[116.49777,-31.6592],[116.50236,-31.66113],[116.51719,-31.68599],[116.49541,-31.68603],[116.47607,-31.69623],[116.47097,-31.69486],[116.46292,-31.67832],[116.44331,-31.68683],[116.43659,-31.6755],[116.43063,-31.67809],[116.42695,-31.67189],[116.41792,-31.67581],[116.42324,-31.68485],[116.42322,-31.70197],[116.39538,-31.70199],[116.37639,-31.70199],[116.37637,-31.70925],[116.34797,-31.70925],[116.34723,-31.70658],[116.29984,-31.7066],[116.29518,-31.70753],[116.29168,-31.71188],[116.28319,-31.71415],[116.27898,-31.7214],[116.27262,-31.72126],[116.27255,-31.7275],[116.27716,-31.72802],[116.27405,-31.73959],[116.26829,-31.74257],[116.26725,-31.74877],[116.26305,-31.75335],[116.26297,-31.76147],[116.27998,-31.76155],[116.28162,-31.75509],[116.28189,-31.8197],[116.26289,-31.81976],[116.26285,-31.82704],[116.2339,-31.8271],[116.21149,-31.82723],[116.2116,-31.82205],[116.19673,-31.82203],[116.19667,-31.83811],[116.18521,-31.83842],[116.10905,-31.83846],[116.10905,-31.83089],[116.10669,-31.82764],[116.0956,-31.83227],[116.08916,-31.8321],[116.08909,-31.80129],[116.07663,-31.80131],[116.07668,-31.79303],[116.09104,-31.79273],[116.09439,-31.78619],[116.09423,-31.74228],[116.09436,-31.72073],[116.09558,-31.71205],[116.10781,-31.71206],[116.11117,-31.70974],[116.11089,-31.70576],[116.10597,-31.70597],[116.10201,-31.7026],[116.09903,-31.69584],[116.1088,-31.69326],[116.11821,-31.68391],[116.13476,-31.67732],[116.14084,-31.673],[116.1406,-31.68043],[116.14664,-31.67975],[116.1493,-31.68207],[116.16893,-31.67538],[116.17902,-31.67863],[116.18339,-31.67295],[116.20544,-31.67291],[116.20545,-31.67047],[116.2383,-31.67073],[116.23832,-31.61118],[116.25556,-31.59636],[116.28257,-31.58495],[116.27535,-31.57233],[116.27871,-31.56836],[116.2878,-31.57057],[116.29945,-31.56737],[116.30051,-31.56266],[116.31041,-31.55744],[116.3162,-31.55656],[116.32363,-31.56099],[116.32852,-31.56048],[116.33354,-31.56832],[116.34361,-31.57463],[116.3613,-31.57348],[116.36647,-31.57909],[116.36449,-31.58208],[116.36398,-31.59136],[116.36792,-31.59355],[116.37714,-31.59455],[116.38225,-31.60176],[116.3904,-31.60453],[116.39205,-31.60734],[116.4017,-31.61126],[116.40566,-31.61443],[116.40697,-31.62085],[116.41944,-31.61483],[116.42821,-31.6141],[116.43882,-31.60886],[116.44683,-31.61054],[116.45758,-31.60747],[116.46522,-31.60753],[116.47314,-31.60234],[116.4765,-31.59671],[116.47609,-31.58644],[116.47942,-31.58247],[116.48346,-31.58908],[116.48931,-31.59115],[116.48841,-31.59999],[116.49134,-31.61421]]]},"properties":{"postcode":"6083","state":"WA","icsea_avg":1006,"school_count":1,"icsea_band":3}},{"type":"Feature","geometry":{"type":"Polygon","coordinates":[[[116.04594,-31.44306],[116.04594,-31.43014],[116.05817,-31.43011],[116.05833,-31.41603],[116.0658,-31.41237],[116.08269,-31.40953],[116.09501,-31.41482],[116.0916,-31.42266],[116.08583,-31.4262],[116.09248,-31.42829],[116.09244,-31.4318],[116.0993,-31.43125],[116.1233,-31.43133],[116.12539,-31.43827],[116.1254,-31.44661],[116.13284,-31.4466],[116.13279,-31.45294],[116.16551,-31.4528],[116.16581,-31.52767],[116.15074,-31.52759],[116.15073,-31.60018],[116.23832,-31.60002],[116.23832,-31.61118],[116.2383,-31.67073],[116.20545,-31.67047],[116.20544,-31.67291],[116.18339,-31.67295],[116.17902,-31.67863],[116.16893,-31.67538],[116.1493,-31.68207],[116.14664,-31.67975],[116.1406,-31.68043],[116.14084,-31.673],[116.13476,-31.67732],[116.11821,-31.68391],[116.1088,-31.69326],[116.09903,-31.69584],[116.10201,-31.7026],[116.10597,-31.70597],[116.11089,-31.70576],[116.11117,-31.70974],[116.10781,-31.71206],[116.09558,-31.71205],[116.09436,-31.72073],[116.09423,-31.74228],[116.0327,-31.74213],[116.03268,-31.74836],[116.02421,-31.74835],[116.02073,-31.742],[115.9571,-31.74181],[115.95714,-31.73177],[115.95409,-31.73176],[115.95408,-31.72204],[115.94849,-31.72203],[115.94856,-31.7174],[115.95356,-31.7174],[115.95363,-31.70959],[115.96424,-31.70791],[115.96431,-31.70165],[115.95731,-31.7017],[115.95525,-31.69606],[115.95525,-31.68299],[115.93753,-31.68296],[115.93753,-31.67321],[115.93368,-31.66811],[115.92519,-31.66811],[115.9252,-31.66103],[115.91937,-31.66072],[115.91199,-31.66288],[115.90508,-31.66076],[115.90507,-31.6526],[115.88861,-31.65271],[115.88856,-31.64516],[115.88342,-31.64468],[115.88347,-31.62752],[115.90486,-31.62774],[115.98518,-31.62765],[115.98519,-31.6242],[115.99315,-31.6242],[115.98493,-31.60282],[116.01092,-31.60251],[116.01859,-31.60024],[116.0185,-31.5917],[116.02404,-31.58017],[116.02399,-31.57071],[116.01855,-31.56421],[116.0179,-31.55623],[116.02564,-31.53707],[116.02527,-31.52792],[116.03235,-31.52074],[116.052,-31.51447],[116.05188,-31.51025],[116.05566,-31.49972],[116.05494,-31.49415],[116.05652,-31.47921],[116.06304,-31.4704],[116.0625,-31.4583],[116.06848,-31.44834],[116.06994,-31.44305],[116.04594,-31.44306]]]},"properties":{"postcode":"6084","state":"WA","icsea_avg":976,"school_count":2,"icsea_band":2}},{"type":"Feature","geometry":{"type":"Polygon","coordinates":[[[115.91698,-31.85553],[115.91698,-31.85556],[115.91642,-31.86728],[115.91281,-31.86539],[115.90315,-31.86699],[115.88572,-31.86854],[115.87829,-31.86786],[115.87836,-31.86754],[115.87774,-31.85074],[115.8777,-31.84596],[115.89377,-31.84598],[115.89444,-31.85061],[115.89995,-31.85535],[115.91698,-31.85553]]]},"properties":{"postcode":"6090","state":"WA","icsea_avg":null,"school_count":0,"icsea_band":0}},{"type":"Feature","geometry":{"type":"Polygon","coordinates":[[[115.87871,-31.971],[115.88833,-31.96607],[115.89112,-31.96077],[115.88493,-31.95033],[115.88525,-31.94128],[115.89183,-31.9403],[115.89494,-31.94398],[115.89699,-31.95265],[115.91533,-31.96879],[115.89568,-31.98563],[115.87871,-31.971]]]},"properties":{"postcode":"6100","state":"WA","icsea_avg":1087,"school_count":7,"icsea_band":4}},{"type":"Feature","geometry":{"type":"Polygon","coordinates":[[[115.91965,-31.97228],[115.92996,-31.98121],[115.915,-31.99389],[115.91069,-31.99229],[115.89996,-32.00117],[115.88889,-31.99139],[115.89568,-31.98563],[115.91533,-31.96879],[115.91965,-31.97228]]]},"properties":{"postcode":"6101","state":"WA","icsea_avg":1053,"school_count":4,"icsea_band":4}},{"type":"Feature","geometry":{"type":"Polygon","coordinates":[[[115.915,-31.99389],[115.9179,-31.99706],[115.92341,-31.99483],[115.93277,-32.00242],[115.92152,-32.01274],[115.91745,-32.01225],[115.89912,-32.01345],[115.88668,-32.0124],[115.88829,-32.00734],[115.88664,-31.99814],[115.88889,-31.99139],[115.89996,-32.00117],[115.91069,-31.99229],[115.915,-31.99389]]]},"properties":{"postcode":"6102","state":"WA","icsea_avg":1044,"school_count":4,"icsea_band":4}},{"type":"Feature","geometry":{"type":"Polygon","coordinates":[[[115.89699,-31.95265],[115.90327,-31.954],[115.91579,-31.95061],[115.93011,-31.96287],[115.91965,-31.97228],[115.91533,-31.96879],[115.89699,-31.95265]]]},"properties":{"postcode":"6103","state":"WA","icsea_avg":1064,"school_count":2,"icsea_band":4}},{"type":"Feature","geometry":{"type":"Polygon","coordinates":[[[115.95377,-31.92037],[115.95799,-31.92396],[115.95602,-31.9293],[115.94633,-31.93705],[115.95422,-31.9485],[115.95414,-31.955],[115.94701,-31.94893],[115.93011,-31.96287],[115.91579,-31.95061],[115.91818,-31.94837],[115.90915,-31.9404],[115.91044,-31.93573],[115.91554,-31.93337],[115.93561,-31.93132],[115.93904,-31.92891],[115.9403,-31.92142],[115.94195,-31.92042],[115.94674,-31.92279],[115.95029,-31.9234],[115.95377,-31.92037]]]},"properties":{"postcode":"6104","state":"WA","icsea_avg":1005,"school_count":4,"icsea_band":3}},{"type":"Feature","geometry":{"type":"Polygon","coordinates":[[[115.95799,-31.92396],[115.96406,-31.91913],[115.97042,-31.916],[115.98775,-31.92176],[115.99448,-31.92742],[115.9906,-31.94217],[115.98814,-31.94629],[115.97948,-31.98249],[115.9853,-31.98729],[115.97737,-31.9978],[115.97835,-31.98827],[115.94097,-31.98432],[115.93723,-31.98748],[115.92996,-31.98121],[115.91965,-31.97228],[115.93011,-31.96287],[115.94701,-31.94893],[115.95414,-31.955],[115.95422,-31.9485],[115.94633,-31.93705],[115.95602,-31.9293],[115.95799,-31.92396]]]},"properties":{"postcode":"6105","state":"WA","icsea_avg":1007,"school_count":8,"icsea_band":3}},{"type":"Feature","geometry":{"type":"Polygon","coordinates":[[[115.915,-31.99389],[115.92996,-31.98121],[115.93723,-31.98748],[115.94097,-31.98432],[115.97835,-31.98827],[115.97737,-31.9978],[115.97723,-32.00443],[115.959,-31.99875],[115.94041,-31.99599],[115.93277,-32.00242],[115.92341,-31.99483],[115.9179,-31.99706],[115.915,-31.99389]]]},"properties":{"postcode":"6106","state":"WA","icsea_avg":null,"school_count":0,"icsea_band":0}},{"type":"Feature","geometry":{"type":"Polygon","coordinates":[[[115.94116,-32.02962],[115.93079,-32.02099],[115.92691,-32.02421],[115.92198,-32.02456],[115.91865,-32.0211],[115.91347,-32.02727],[115.91239,-32.03154],[115.9077,-32.03267],[115.90073,-32.02785],[115.90362,-32.02467],[115.89759,-32.01843],[115.89912,-32.01345],[115.91745,-32.01225],[115.92152,-32.01274],[115.93277,-32.00242],[115.94041,-31.99599],[115.959,-31.99875],[115.97723,-32.00443],[115.97737,-31.9978],[115.9853,-31.98729],[115.99516,-31.99744],[115.9978,-32.0043],[116.00111,-32.00712],[116.01008,-31.99945],[116.01113,-32.00399],[116.02402,-32.00515],[116.02827,-32.00939],[116.02608,-32.0155],[116.02144,-32.01945],[116.0144,-32.01349],[115.9719,-32.04972],[115.96484,-32.04253],[115.95721,-32.04376],[115.95496,-32.03999],[115.95229,-32.03603],[115.94364,-32.02947],[115.94116,-32.02962]]]},"properties":{"postcode":"6107","state":"WA","icsea_avg":1007,"school_count":14,"icsea_band":3}},{"type":"Feature","geometry":{"type":"Polygon","coordinates":[[[115.93024,-32.05427],[115.9413,-32.0491],[115.95496,-32.03999],[115.95721,-32.04376],[115.96484,-32.04253],[115.9719,-32.04972],[115.97076,-32.05161],[115.97788,-32.06122],[115.97196,-32.06663],[115.95162,-32.08277],[115.94172,-32.07354],[115.93818,-32.06222],[115.93024,-32.05427]]]},"properties":{"postcode":"6108","state":"WA","icsea_avg":994,"school_count":7,"icsea_band":3}},{"type":"Feature","geometry":{"type":"Polygon","coordinates":[[[115.9719,-32.04972],[116.0144,-32.01349],[116.02144,-32.01945],[116.02944,-32.02633],[116.03316,-32.02319],[116.04155,-32.03036],[116.04026,-32.03144],[116.04944,-32.03929],[116.05614,-32.04045],[116.05627,-32.05057],[116.05243,-32.05058],[116.04307,-32.05979],[116.03637,-32.06051],[116.02848,-32.05387],[116.0227,-32.05617],[116.019,-32.05136],[116.00661,-32.062],[115.99897,-32.06356],[115.99505,-32.06109],[115.9827,-32.06294],[115.97788,-32.06122],[115.97076,-32.05161],[115.9719,-32.04972]]]},"properties":{"postcode":"6109","state":"WA","icsea_avg":959,"school_count":7,"icsea_band":1}},{"type":"Feature","geometry":{"type":"Polygon","coordinates":[[[115.93089,-32.10021],[115.95162,-32.08277],[115.97196,-32.06663],[115.97788,-32.06122],[115.9827,-32.06294],[115.99505,-32.06109],[115.99897,-32.06356],[116.00661,-32.062],[116.019,-32.05136],[116.0227,-32.05617],[116.02848,-32.05387],[116.03637,-32.06051],[116.04307,-32.05979],[116.05243,-32.05058],[116.05627,-32.05057],[116.06524,-32.05055],[116.06527,-32.05927],[116.06867,-32.05926],[116.06854,-32.07276],[116.08957,-32.07276],[116.08957,-32.08709],[116.07448,-32.08821],[116.07455,-32.09818],[116.05005,-32.09823],[116.05004,-32.09553],[116.03299,-32.09474],[116.033,-32.09321],[116.0157,-32.09333],[116.01226,-32.09048],[115.99788,-32.10217],[115.9748,-32.12281],[115.963,-32.13107],[115.96086,-32.12713],[115.93089,-32.10021]]]},"properties":{"postcode":"6110","state":"WA","icsea_avg":985,"school_count":13,"icsea_band":2}},{"type":"Feature","geometry":{"type":"Polygon","coordinates":[[[116.05627,-32.05057],[116.05614,-32.04045],[116.04944,-32.03929],[116.04026,-32.03144],[116.04155,-32.03036],[116.05259,-32.03192],[116.05886,-32.02876],[116.06515,-32.02917],[116.07371,-32.02742],[116.07433,-32.02994],[116.08194,-32.02993],[116.08293,-32.03584],[116.10426,-32.03583],[116.10433,-32.04145],[116.11144,-32.04164],[116.11757,-32.04456],[116.12304,-32.04483],[116.13154,-32.05126],[116.12829,-32.0625],[116.13471,-32.06824],[116.14166,-32.07703],[116.14252,-32.08523],[116.1802,-32.08548],[116.18019,-32.07931],[116.18808,-32.07931],[116.18807,-32.07024],[116.19233,-32.07024],[116.19234,-32.07931],[116.19085,-32.08294],[116.28492,-32.08295],[116.28497,-32.11315],[116.28504,-32.16185],[116.28008,-32.16525],[116.28556,-32.17312],[116.29327,-32.17433],[116.29561,-32.17057],[116.30386,-32.16774],[116.30522,-32.17162],[116.31244,-32.17109],[116.31613,-32.18918],[116.32802,-32.19454],[116.32998,-32.20591],[116.3286,-32.20878],[116.33375,-32.21417],[116.33537,-32.21944],[116.34131,-32.22399],[116.3438,-32.23177],[116.35121,-32.23122],[116.35808,-32.23635],[116.2249,-32.23589],[116.18955,-32.28743],[116.11221,-32.28751],[116.11222,-32.28607],[116.11225,-32.23155],[116.10955,-32.23158],[116.10974,-32.21236],[116.11432,-32.19802],[116.12106,-32.19646],[116.1211,-32.2011],[116.13388,-32.20106],[116.13386,-32.1953],[116.12996,-32.19532],[116.12993,-32.19018],[116.12269,-32.19019],[116.12269,-32.18567],[116.11415,-32.18569],[116.11413,-32.18027],[116.10938,-32.18028],[116.10582,-32.17575],[116.10186,-32.17574],[116.09993,-32.16996],[116.09518,-32.16405],[116.09515,-32.15975],[116.09196,-32.15322],[116.08004,-32.15589],[116.07649,-32.15995],[116.06588,-32.15536],[116.06582,-32.14721],[116.05872,-32.14578],[116.05871,-32.14063],[116.05443,-32.14063],[116.03991,-32.13337],[116.03537,-32.1372],[116.03228,-32.13046],[116.02423,-32.1303],[116.01822,-32.1256],[116.01609,-32.13117],[116.01083,-32.13198],[116.00786,-32.13591],[115.99489,-32.12482],[115.98922,-32.12156],[115.98265,-32.1311],[115.97888,-32.13886],[115.97564,-32.14174],[115.963,-32.13107],[115.9748,-32.12281],[115.99788,-32.10217],[116.01226,-32.09048],[116.0157,-32.09333],[116.033,-32.09321],[116.03299,-32.09474],[116.05004,-32.09553],[116.05005,-32.09823],[116.07455,-32.09818],[116.07448,-32.08821],[116.08957,-32.08709],[116.08957,-32.07276],[116.06854,-32.07276],[116.06867,-32.05926],[116.06527,-32.05927],[116.06524,-32.05055],[116.05627,-32.05057]]]},"properties":{"postcode":"6111","state":"WA","icsea_avg":988,"school_count":10,"icsea_band":2}},{"type":"Feature","geometry":{"type":"Polygon","coordinates":[[[116.10974,-32.21236],[116.06747,-32.21262],[116.06682,-32.20684],[116.06234,-32.20405],[116.0539,-32.20468],[116.05388,-32.20753],[116.04001,-32.20747],[116.04003,-32.20515],[116.02378,-32.20507],[116.02378,-32.19658],[116.01591,-32.19229],[116.01582,-32.18656],[115.99566,-32.18591],[115.9901,-32.18162],[115.97842,-32.18166],[115.97242,-32.17961],[115.97259,-32.1948],[115.96282,-32.19687],[115.9639,-32.17968],[115.89863,-32.18024],[115.89784,-32.17715],[115.89738,-32.13635],[115.90482,-32.12519],[115.91617,-32.11534],[115.92764,-32.10538],[115.93089,-32.10021],[115.96086,-32.12713],[115.963,-32.13107],[115.97564,-32.14174],[115.97888,-32.13886],[115.98265,-32.1311],[115.98922,-32.12156],[115.99489,-32.12482],[116.00786,-32.13591],[116.01083,-32.13198],[116.01609,-32.13117],[116.01822,-32.1256],[116.02423,-32.1303],[116.03228,-32.13046],[116.03537,-32.1372],[116.03991,-32.13337],[116.05443,-32.14063],[116.05871,-32.14063],[116.05872,-32.14578],[116.06582,-32.14721],[116.06588,-32.15536],[116.07649,-32.15995],[116.08004,-32.15589],[116.09196,-32.15322],[116.09515,-32.15975],[116.09518,-32.16405],[116.09993,-32.16996],[116.10186,-32.17574],[116.10582,-32.17575],[116.10938,-32.18028],[116.11413,-32.18027],[116.11415,-32.18569],[116.12269,-32.18567],[116.12269,-32.19019],[116.12993,-32.19018],[116.12996,-32.19532],[116.13386,-32.1953],[116.13388,-32.20106],[116.1211,-32.2011],[116.12106,-32.19646],[116.11432,-32.19802],[116.10974,-32.21236]]]},"properties":{"postcode":"6112","state":"WA","icsea_avg":1011,"school_count":28,"icsea_band":3}},{"type":"Feature","geometry":{"type":"Polygon","coordinates":[[[115.87233,-32.27804],[115.87752,-32.2798],[115.88177,-32.27555],[115.87954,-32.27042],[115.88574,-32.26513],[115.88709,-32.25526],[115.88707,-32.24459],[115.88452,-32.24067],[115.88418,-32.20879],[115.88533,-32.20396],[115.89292,-32.20512],[115.89698,-32.20224],[115.89868,-32.19413],[115.90074,-32.19311],[115.90068,-32.18202],[115.89855,-32.18024],[115.89863,-32.18024],[115.9639,-32.17968],[115.96282,-32.19687],[115.97259,-32.1948],[115.97314,-32.23572],[115.95321,-32.23591],[115.95193,-32.25408],[115.95261,-32.29602],[115.92129,-32.29344],[115.90333,-32.29345],[115.88958,-32.29211],[115.88452,-32.29075],[115.87233,-32.27804]]]},"properties":{"postcode":"6121","state":"WA","icsea_avg":null,"school_count":0,"icsea_band":0}},{"type":"Feature","geometry":{"type":"Polygon","coordinates":[[[115.95193,-32.25408],[115.95321,-32.23591],[115.97314,-32.23572],[115.97259,-32.1948],[115.97242,-32.17961],[115.97842,-32.18166],[115.9901,-32.18162],[115.99566,-32.18591],[116.01582,-32.18656],[116.01591,-32.19229],[116.02378,-32.19658],[116.02378,-32.20507],[116.04003,-32.20515],[116.04001,-32.20747],[116.05388,-32.20753],[116.0539,-32.20468],[116.06234,-32.20405],[116.06682,-32.20684],[116.06747,-32.21262],[116.10974,-32.21236],[116.10955,-32.23158],[116.11225,-32.23155],[116.11222,-32.28607],[116.10528,-32.29183],[116.09587,-32.29544],[116.08628,-32.29665],[116.08256,-32.30112],[116.07711,-32.3011],[116.07071,-32.30354],[116.05666,-32.29967],[116.05042,-32.30326],[116.04644,-32.30303],[116.04167,-32.30904],[116.03446,-32.31419],[116.0271,-32.31592],[116.01221,-32.31276],[116.00654,-32.30846],[115.99434,-32.3106],[115.99437,-32.30702],[115.99937,-32.30505],[116.0079,-32.30548],[116.01304,-32.28967],[116.00212,-32.28646],[115.99078,-32.27875],[115.99178,-32.27415],[115.98748,-32.26851],[115.97357,-32.26863],[115.97338,-32.25385],[115.95193,-32.25408]]]},"properties":{"postcode":"6122","state":"WA","icsea_avg":990,"school_count":8,"icsea_band":3}},{"type":"Feature","geometry":{"type":"Polygon","coordinates":[[[115.99437,-32.30702],[115.9884,-32.30651],[115.98465,-32.31072],[115.98042,-32.31065],[115.98376,-32.29929],[115.95261,-32.29602],[115.95193,-32.25408],[115.97338,-32.25385],[115.97357,-32.26863],[115.98748,-32.26851],[115.99178,-32.27415],[115.99078,-32.27875],[116.00212,-32.28646],[116.01304,-32.28967],[116.0079,-32.30548],[115.99937,-32.30505],[115.99437,-32.30702]]]},"properties":{"postcode":"6123","state":"WA","icsea_avg":988,"school_count":2,"icsea_band":2}},{"type":"Feature","geometry":{"type":"Polygon","coordinates":[[[116.09955,-32.40388],[116.09055,-32.40318],[116.08635,-32.40089],[116.07559,-32.39017],[116.07761,-32.38783],[116.06983,-32.3831],[116.06276,-32.3743],[116.05584,-32.37488],[116.05792,-32.36915],[116.05491,-32.36181],[116.05056,-32.35873],[116.03933,-32.36142],[116.03644,-32.35922],[116.0242,-32.36095],[116.01879,-32.34852],[116.00903,-32.35038],[116.00715,-32.3465],[116.00033,-32.34735],[116.00191,-32.32865],[116.00654,-32.30846],[116.01221,-32.31276],[116.0271,-32.31592],[116.03446,-32.31419],[116.04167,-32.30904],[116.04644,-32.30303],[116.05042,-32.30326],[116.05666,-32.29967],[116.07071,-32.30354],[116.07711,-32.3011],[116.08256,-32.30112],[116.08628,-32.29665],[116.09587,-32.29544],[116.10528,-32.29183],[116.11222,-32.28607],[116.11221,-32.28751],[116.18955,-32.28743],[116.1959,-32.29487],[116.20823,-32.31607],[116.21281,-32.32155],[116.22524,-32.3425],[116.22686,-32.3491],[116.231,-32.35613],[116.24884,-32.37671],[116.25759,-32.38789],[116.26326,-32.39255],[116.26356,-32.45844],[116.14796,-32.45867],[116.13719,-32.45169],[116.13915,-32.44636],[116.13686,-32.44445],[116.13043,-32.44553],[116.12735,-32.43865],[116.1206,-32.43792],[116.12215,-32.43024],[116.11448,-32.4153],[116.10746,-32.4097],[116.09999,-32.40679],[116.09955,-32.40388]]]},"properties":{"postcode":"6124","state":"WA","icsea_avg":988,"school_count":1,"icsea_band":2}},{"type":"Feature","geometry":{"type":"Polygon","coordinates":[[[116.09955,-32.40388],[116.09812,-32.40834],[116.10346,-32.4133],[116.10381,-32.42188],[116.10016,-32.42859],[116.09197,-32.43266],[116.08412,-32.43277],[116.07439,-32.43828],[116.05892,-32.43984],[116.05305,-32.43667],[116.05276,-32.43282],[116.04764,-32.42891],[116.04409,-32.41817],[116.03367,-32.41478],[116.0229,-32.40983],[116.01565,-32.41342],[115.99935,-32.41247],[115.99836,-32.4074],[115.99385,-32.40445],[115.98998,-32.41125],[115.95336,-32.41115],[115.95336,-32.40431],[115.85765,-32.40623],[115.82659,-32.40638],[115.83065,-32.40435],[115.83111,-32.40027],[115.83491,-32.39534],[115.83494,-32.38664],[115.83495,-32.37879],[115.84057,-32.37413],[115.84645,-32.37233],[115.85191,-32.36764],[115.85272,-32.36275],[115.85196,-32.35146],[115.85585,-32.34545],[115.86365,-32.34084],[115.87507,-32.33235],[115.88958,-32.29211],[115.90333,-32.29345],[115.92129,-32.29344],[115.95261,-32.29602],[115.98376,-32.29929],[115.98042,-32.31065],[115.98465,-32.31072],[115.9884,-32.30651],[115.99437,-32.30702],[115.99434,-32.3106],[116.00654,-32.30846],[116.00191,-32.32865],[116.00033,-32.34735],[116.00715,-32.3465],[116.00903,-32.35038],[116.01879,-32.34852],[116.0242,-32.36095],[116.03644,-32.35922],[116.03933,-32.36142],[116.05056,-32.35873],[116.05491,-32.36181],[116.05792,-32.36915],[116.05584,-32.37488],[116.06276,-32.3743],[116.06983,-32.3831],[116.07761,-32.38783],[116.07559,-32.39017],[116.08635,-32.40089],[116.09055,-32.40318],[116.09955,-32.40388]]]},"properties":{"postcode":"6125","state":"WA","icsea_avg":1004,"school_count":2,"icsea_band":3}},{"type":"Feature","geometry":{"type":"Polygon","coordinates":[[[116.14796,-32.45867],[116.06515,-32.45881],[116.02636,-32.45863],[116.02635,-32.46612],[116.02248,-32.46793],[116.02249,-32.47742],[116.01819,-32.47648],[116.01649,-32.47395],[116.00756,-32.47236],[116.00447,-32.46555],[115.9971,-32.45935],[115.99712,-32.45453],[115.9907,-32.45451],[115.99069,-32.45956],[115.97603,-32.4608],[115.97617,-32.46947],[115.91046,-32.46943],[115.91047,-32.45491],[115.85775,-32.45488],[115.85772,-32.44458],[115.85765,-32.40623],[115.95336,-32.40431],[115.95336,-32.41115],[115.98998,-32.41125],[115.99385,-32.40445],[115.99836,-32.4074],[115.99935,-32.41247],[116.01565,-32.41342],[116.0229,-32.40983],[116.03367,-32.41478],[116.04409,-32.41817],[116.04764,-32.42891],[116.05276,-32.43282],[116.05305,-32.43667],[116.05892,-32.43984],[116.07439,-32.43828],[116.08412,-32.43277],[116.09197,-32.43266],[116.10016,-32.42859],[116.10381,-32.42188],[116.10346,-32.4133],[116.09812,-32.40834],[116.09955,-32.40388],[116.09999,-32.40679],[116.10746,-32.4097],[116.11448,-32.4153],[116.12215,-32.43024],[116.1206,-32.43792],[116.12735,-32.43865],[116.13043,-32.44553],[116.13686,-32.44445],[116.13915,-32.44636],[116.13719,-32.45169],[116.14796,-32.45867]]]},"properties":{"postcode":"6126","state":"WA","icsea_avg":null,"school_count":0,"icsea_band":0}},{"type":"Feature","geometry":{"type":"Polygon","coordinates":[[[115.94116,-32.02962],[115.94364,-32.02947],[115.95229,-32.03603],[115.95496,-32.03999],[115.9413,-32.0491],[115.93024,-32.05427],[115.9112,-32.05481],[115.90463,-32.05627],[115.90364,-32.03869],[115.91534,-32.03869],[115.91915,-32.04136],[115.93039,-32.03195],[115.93752,-32.03239],[115.94116,-32.02962]]]},"properties":{"postcode":"6147","state":"WA","icsea_avg":1028,"school_count":6,"icsea_band":3}},{"type":"Feature","geometry":{"type":"Polygon","coordinates":[[[115.94116,-32.02962],[115.93752,-32.03239],[115.93039,-32.03195],[115.91915,-32.04136],[115.91534,-32.03869],[115.90364,-32.03869],[115.8776,-32.03874],[115.87214,-32.04255],[115.87306,-32.04508],[115.86133,-32.04728],[115.86141,-32.04579],[115.86055,-32.03862],[115.86829,-32.03129],[115.87645,-32.03225],[115.88567,-32.02483],[115.89197,-32.02268],[115.8987,-32.02346],[115.90073,-32.02785],[115.9077,-32.03267],[115.91239,-32.03154],[115.91347,-32.02727],[115.91865,-32.0211],[115.92198,-32.02456],[115.92691,-32.02421],[115.93079,-32.02099],[115.94116,-32.02962]]]},"properties":{"postcode":"6148","state":"WA","icsea_avg":1107,"school_count":7,"icsea_band":5}},{"type":"Feature","geometry":{"type":"Polygon","coordinates":[[[115.84923,-32.07865],[115.85187,-32.05474],[115.85443,-32.04638],[115.86133,-32.04728],[115.87306,-32.04508],[115.87264,-32.05885],[115.87124,-32.06575],[115.87957,-32.06737],[115.88762,-32.06741],[115.89043,-32.06973],[115.88428,-32.07504],[115.87522,-32.08239],[115.8582,-32.08732],[115.84908,-32.08566],[115.84923,-32.07865]]]},"properties":{"postcode":"6149","state":"WA","icsea_avg":1116,"school_count":8,"icsea_band":5}},{"type":"Feature","geometry":{"type":"Polygon","coordinates":[[[115.81579,-32.04615],[115.84574,-32.04601],[115.85443,-32.04638],[115.85187,-32.05474],[115.84923,-32.07865],[115.83513,-32.07968],[115.82783,-32.07458],[115.82411,-32.07388],[115.82397,-32.06854],[115.82921,-32.06582],[115.82558,-32.05655],[115.81602,-32.05653],[115.81579,-32.04615]]]},"properties":{"postcode":"6150","state":"WA","icsea_avg":1124,"school_count":4,"icsea_band":6}},{"type":"Feature","geometry":{"type":"Polygon","coordinates":[[[115.87871,-31.971],[115.89568,-31.98563],[115.88889,-31.99139],[115.88664,-31.99814],[115.88181,-31.99466],[115.88116,-31.98874],[115.85304,-31.98851],[115.84755,-31.97951],[115.84684,-31.97101],[115.84482,-31.96683],[115.84734,-31.96417],[115.85168,-31.96995],[115.86404,-31.97466],[115.87212,-31.97093],[115.87871,-31.971]]]},"properties":{"postcode":"6151","state":"WA","icsea_avg":1094,"school_count":7,"icsea_band":4}},{"type":"Feature","geometry":{"type":"Polygon","coordinates":[[[115.85304,-31.98851],[115.88116,-31.98874],[115.88181,-31.99466],[115.88664,-31.99814],[115.88829,-32.00734],[115.88668,-32.0124],[115.89912,-32.01345],[115.89759,-32.01843],[115.88864,-32.01769],[115.87649,-32.02209],[115.87336,-32.03079],[115.86572,-32.02647],[115.86295,-32.03192],[115.85909,-32.03166],[115.85981,-32.0261],[115.85625,-32.02035],[115.85615,-32.01222],[115.85397,-32.01115],[115.85271,-32.00416],[115.8548,-31.99486],[115.85304,-31.98851]]]},"properties":{"postcode":"6152","state":"WA","icsea_avg":1057,"school_count":9,"icsea_band":4}},{"type":"Feature","geometry":{"type":"Polygon","coordinates":[[[115.82136,-32.02969],[115.82038,-32.02622],[115.82466,-32.024],[115.82818,-32.01831],[115.82864,-32.00674],[115.83598,-32.00675],[115.84418,-32.0026],[115.84738,-32.00495],[115.851,-32.01369],[115.85075,-32.02056],[115.85468,-32.02328],[115.8527,-32.02681],[115.85457,-32.03549],[115.85693,-32.03673],[115.86141,-32.04579],[115.86133,-32.04728],[115.85443,-32.04638],[115.84574,-32.04601],[115.84459,-32.04259],[115.84486,-32.03287],[115.83348,-32.03184],[115.82427,-32.03351],[115.82136,-32.02969]]]},"properties":{"postcode":"6153","state":"WA","icsea_avg":1140,"school_count":6,"icsea_band":6}},{"type":"Feature","geometry":{"type":"Polygon","coordinates":[[[115.84574,-32.04601],[115.81579,-32.04615],[115.80869,-32.047],[115.80859,-32.03218],[115.82136,-32.02969],[115.82427,-32.03351],[115.83348,-32.03184],[115.84486,-32.03287],[115.84459,-32.04259],[115.84574,-32.04601]]]},"properties":{"postcode":"6154","state":"WA","icsea_avg":1121,"school_count":1,"icsea_band":5}},{"type":"Feature","geometry":{"type":"Polygon","coordinates":[[[115.88428,-32.07504],[115.89043,-32.06973],[115.88762,-32.06741],[115.87957,-32.06737],[115.87124,-32.06575],[115.87264,-32.05885],[115.87306,-32.04508],[115.87214,-32.04255],[115.8776,-32.03874],[115.90364,-32.03869],[115.90463,-32.05627],[115.9112,-32.05481],[115.93024,-32.05427],[115.93818,-32.06222],[115.94172,-32.07354],[115.95162,-32.08277],[115.93089,-32.10021],[115.92764,-32.10538],[115.91617,-32.11534],[115.89999,-32.10209],[115.89614,-32.09654],[115.89062,-32.09209],[115.89202,-32.08177],[115.88428,-32.07504]]]},"properties":{"postcode":"6155","state":"WA","icsea_avg":1088,"school_count":15,"icsea_band":4}},{"type":"Feature","geometry":{"type":"Polygon","coordinates":[[[115.79336,-32.01416],[115.79793,-32.01685],[115.80757,-32.01932],[115.82038,-32.02622],[115.82136,-32.02969],[115.80859,-32.03218],[115.80869,-32.047],[115.81579,-32.04615],[115.81602,-32.05653],[115.79362,-32.05664],[115.79359,-32.0549],[115.79336,-32.01416]]]},"properties":{"postcode":"6156","state":"WA","icsea_avg":1085,"school_count":7,"icsea_band":4}},{"type":"Feature","geometry":{"type":"Polygon","coordinates":[[[115.77616,-32.02883],[115.78566,-32.01821],[115.78604,-32.01178],[115.79336,-32.01416],[115.79359,-32.0549],[115.77958,-32.05491],[115.77948,-32.047],[115.77626,-32.04705],[115.77616,-32.02883]]]},"properties":{"postcode":"6157","state":"WA","icsea_avg":1114,"school_count":3,"icsea_band":5}},{"type":"Feature","geometry":{"type":"Polygon","coordinates":[[[115.77626,-32.04705],[115.75813,-32.04729],[115.75799,-32.04123],[115.76084,-32.03998],[115.764,-32.03217],[115.76177,-32.0268],[115.76585,-32.0258],[115.77233,-32.029],[115.77616,-32.02883],[115.77626,-32.04705]]]},"properties":{"postcode":"6158","state":"WA","icsea_avg":1156,"school_count":1,"icsea_band":6}},{"type":"Feature","geometry":{"type":"Polygon","coordinates":[[[115.75888,-32.02403],[115.75545,-32.02781],[115.76046,-32.03302],[115.75839,-32.03888],[115.7485,-32.04014],[115.73695,-32.05278],[115.7335,-32.04888],[115.73797,-32.04518],[115.74308,-32.03789],[115.75087,-32.0216],[115.7575,-32.02117],[115.75888,-32.02403]]]},"properties":{"postcode":"6159","state":"WA","icsea_avg":1112,"school_count":1,"icsea_band":5}},{"type":"Feature","geometry":{"type":"Polygon","coordinates":[[[115.75799,-32.04123],[115.75813,-32.04729],[115.77626,-32.04705],[115.77948,-32.047],[115.77958,-32.05491],[115.77965,-32.05713],[115.76249,-32.05733],[115.76157,-32.0635],[115.7488,-32.06396],[115.7379,-32.05464],[115.74267,-32.05202],[115.75248,-32.0423],[115.75799,-32.04123]]]},"properties":{"postcode":"6160","state":"WA","icsea_avg":1121,"school_count":6,"icsea_band":5}},{"type":"Feature","geometry":{"type":"Polygon","coordinates":[[[115.5272,-31.98982],[115.53965,-31.98818],[115.54321,-31.99045],[115.54105,-31.99404],[115.54509,-32.00075],[115.55749,-32.00276],[115.55117,-32.01247],[115.53165,-32.01495],[115.53153,-32.0198],[115.5262,-32.02704],[115.5198,-32.0232],[115.51745,-32.01606],[115.50759,-32.01296],[115.49953,-32.01514],[115.49638,-32.01865],[115.48862,-32.01945],[115.48011,-32.01556],[115.47352,-32.01684],[115.47024,-32.02225],[115.46044,-32.02274],[115.45648,-32.02592],[115.45002,-32.02203],[115.45689,-32.01573],[115.46341,-32.01572],[115.46897,-32.01382],[115.47724,-32.01376],[115.47953,-32.01039],[115.48516,-32.00815],[115.48736,-32.00114],[115.49343,-31.99599],[115.50098,-31.99354],[115.51134,-31.98761],[115.5215,-31.99172],[115.5272,-31.98982]]]},"properties":{"postcode":"6161","state":"WA","icsea_avg":null,"school_count":0,"icsea_band":0}},{"type":"Feature","geometry":{"type":"Polygon","coordinates":[[[115.7488,-32.06396],[115.76157,-32.0635],[115.76249,-32.05733],[115.77965,-32.05713],[115.77984,-32.07467],[115.76563,-32.07456],[115.76571,-32.07827],[115.75106,-32.07816],[115.7488,-32.06396]]]},"properties":{"postcode":"6162","state":"WA","icsea_avg":1068,"school_count":5,"icsea_band":4}},{"type":"Feature","geometry":{"type":"Polygon","coordinates":[[[115.77965,-32.05713],[115.77958,-32.05491],[115.79359,-32.0549],[115.79362,-32.05664],[115.81602,-32.05653],[115.82558,-32.05655],[115.82921,-32.06582],[115.82397,-32.06854],[115.82411,-32.07388],[115.82783,-32.07458],[115.83513,-32.07968],[115.84923,-32.07865],[115.84908,-32.08566],[115.84926,-32.09494],[115.83707,-32.10146],[115.82662,-32.10587],[115.81071,-32.11852],[115.80371,-32.12014],[115.79484,-32.11662],[115.78274,-32.11669],[115.78301,-32.1203],[115.77715,-32.12034],[115.77502,-32.1158],[115.77503,-32.10635],[115.76704,-32.10635],[115.76274,-32.11179],[115.76187,-32.10573],[115.75592,-32.10075],[115.75885,-32.09638],[115.75104,-32.08491],[115.75106,-32.07816],[115.76571,-32.07827],[115.76563,-32.07456],[115.77984,-32.07467],[115.77965,-32.05713]]]},"properties":{"postcode":"6163","state":"WA","icsea_avg":1021,"school_count":20,"icsea_band":3}},{"type":"Feature","geometry":{"type":"Polygon","coordinates":[[[115.79484,-32.11662],[115.80371,-32.12014],[115.81071,-32.11852],[115.82662,-32.10587],[115.83707,-32.10146],[115.84926,-32.09494],[115.84908,-32.08566],[115.8582,-32.08732],[115.87522,-32.08239],[115.88428,-32.07504],[115.89202,-32.08177],[115.89062,-32.09209],[115.89614,-32.09654],[115.89999,-32.10209],[115.91617,-32.11534],[115.90482,-32.12519],[115.89738,-32.13635],[115.89784,-32.17715],[115.89863,-32.18024],[115.89855,-32.18024],[115.84761,-32.18053],[115.84758,-32.17341],[115.84225,-32.17341],[115.84202,-32.14548],[115.83684,-32.13745],[115.84188,-32.1321],[115.84222,-32.12704],[115.83627,-32.12492],[115.82436,-32.12778],[115.82435,-32.13615],[115.82124,-32.13782],[115.81128,-32.13881],[115.78987,-32.1388],[115.78845,-32.12552],[115.79484,-32.11662]]]},"properties":{"postcode":"6164","state":"WA","icsea_avg":1036,"school_count":20,"icsea_band":3}},{"type":"Feature","geometry":{"type":"Polygon","coordinates":[[[115.77492,-32.18139],[115.79425,-32.18079],[115.82494,-32.18079],[115.82467,-32.18491],[115.83246,-32.19134],[115.83948,-32.19939],[115.8299,-32.21119],[115.82623,-32.22402],[115.82644,-32.22713],[115.81901,-32.22803],[115.8135,-32.22699],[115.7948,-32.22763],[115.78755,-32.226],[115.78626,-32.23137],[115.78731,-32.24908],[115.78533,-32.24908],[115.78224,-32.25002],[115.75727,-32.25007],[115.7549,-32.25143],[115.75848,-32.24481],[115.75989,-32.23655],[115.7557,-32.22367],[115.76865,-32.20777],[115.77285,-32.1998],[115.77515,-32.18876],[115.77492,-32.18139]]]},"properties":{"postcode":"6165","state":"WA","icsea_avg":null,"school_count":0,"icsea_band":0}},{"type":"Feature","geometry":{"type":"Polygon","coordinates":[[[115.79484,-32.11662],[115.78845,-32.12552],[115.78987,-32.1388],[115.81128,-32.13881],[115.82124,-32.13782],[115.82435,-32.13615],[115.82436,-32.12778],[115.83627,-32.12492],[115.84222,-32.12704],[115.84188,-32.1321],[115.83684,-32.13745],[115.84202,-32.14548],[115.84225,-32.17341],[115.84758,-32.17341],[115.84761,-32.18053],[115.82494,-32.18079],[115.79425,-32.18079],[115.77492,-32.18139],[115.77044,-32.1671],[115.76344,-32.16383],[115.76647,-32.15236],[115.76608,-32.14359],[115.76451,-32.13918],[115.75803,-32.13614],[115.74777,-32.13475],[115.75595,-32.12955],[115.75996,-32.12314],[115.76274,-32.11179],[115.76704,-32.10635],[115.77503,-32.10635],[115.77502,-32.1158],[115.77715,-32.12034],[115.78301,-32.1203],[115.78274,-32.11669],[115.79484,-32.11662]]]},"properties":{"postcode":"6166","state":"WA","icsea_avg":1058,"school_count":2,"icsea_band":4}},{"type":"Feature","geometry":{"type":"Polygon","coordinates":[[[115.88709,-32.25526],[115.84575,-32.25534],[115.84048,-32.25187],[115.83357,-32.252],[115.82827,-32.25942],[115.82512,-32.25956],[115.80194,-32.25091],[115.78731,-32.24908],[115.78626,-32.23137],[115.78755,-32.226],[115.7948,-32.22763],[115.8135,-32.22699],[115.81901,-32.22803],[115.82644,-32.22713],[115.82623,-32.22402],[115.8299,-32.21119],[115.83948,-32.19939],[115.83246,-32.19134],[115.82467,-32.18491],[115.82494,-32.18079],[115.84761,-32.18053],[115.89855,-32.18024],[115.90068,-32.18202],[115.90074,-32.19311],[115.89868,-32.19413],[115.89698,-32.20224],[115.89292,-32.20512],[115.88533,-32.20396],[115.88418,-32.20879],[115.88452,-32.24067],[115.88707,-32.24459],[115.88709,-32.25526]]]},"properties":{"postcode":"6167","state":"WA","icsea_avg":957,"school_count":8,"icsea_band":1}},{"type":"Feature","geometry":{"type":"MultiPolygon","coordinates":[[[[115.70284,-32.28625],[115.69882,-32.27782],[115.69384,-32.27495],[115.68939,-32.26776],[115.69788,-32.26986],[115.69943,-32.27386],[115.70697,-32.27591],[115.71602,-32.27532],[115.7258,-32.27634],[115.73232,-32.27296],[115.74058,-32.26643],[115.7549,-32.25143],[115.75727,-32.25007],[115.78224,-32.25002],[115.78533,-32.24908],[115.78523,-32.26906],[115.78841,-32.26935],[115.78835,-32.27706],[115.79614,-32.2855],[115.79732,-32.29747],[115.79615,-32.31001],[115.79318,-32.31597],[115.79124,-32.32435],[115.78802,-32.34755],[115.77897,-32.37645],[115.7781,-32.37693],[115.7708,-32.35216],[115.767,-32.33691],[115.76699,-32.32564],[115.7685,-32.32415],[115.76574,-32.3157],[115.76847,-32.3069],[115.76815,-32.30101],[115.7594,-32.30542],[115.74837,-32.30562],[115.74419,-32.29676],[115.73452,-32.29884],[115.72746,-32.2978],[115.72107,-32.29475],[115.71051,-32.28632],[115.70284,-32.28625]]],[[[115.66079,-32.16753],[115.66041,-32.15645],[115.66755,-32.15554],[115.66954,-32.16043],[115.67473,-32.16567],[115.67718,-32.17224],[115.67476,-32.18331],[115.68231,-32.19743],[115.6837,-32.20658],[115.6901,-32.21712],[115.69562,-32.22025],[115.69907,-32.22588],[115.69253,-32.22602],[115.6872,-32.23024],[115.68722,-32.23402],[115.69436,-32.24202],[115.6881,-32.24566],[115.68081,-32.24416],[115.67711,-32.22579],[115.67051,-32.2098],[115.6693,-32.20381],[115.67016,-32.19759],[115.66524,-32.18936],[115.66295,-32.17717],[115.66028,-32.17291],[115.66079,-32.16753]]]]},"properties":{"postcode":"6168","state":"WA","icsea_avg":969,"school_count":12,"icsea_band":2}},{"type":"Feature","geometry":{"type":"Polygon","coordinates":[[[115.70284,-32.28625],[115.71051,-32.28632],[115.72107,-32.29475],[115.72746,-32.2978],[115.73452,-32.29884],[115.74419,-32.29676],[115.74837,-32.30562],[115.7594,-32.30542],[115.76815,-32.30101],[115.76847,-32.3069],[115.76574,-32.3157],[115.7685,-32.32415],[115.76699,-32.32564],[115.767,-32.33691],[115.7708,-32.35216],[115.76185,-32.35216],[115.76106,-32.34717],[115.74313,-32.34716],[115.74291,-32.33023],[115.73985,-32.32116],[115.73536,-32.31444],[115.73068,-32.31027],[115.72254,-32.30844],[115.7136,-32.30495],[115.7018,-32.30549],[115.70348,-32.29792],[115.70098,-32.29319],[115.70284,-32.28625]]]},"properties":{"postcode":"6169","state":"WA","icsea_avg":970,"school_count":12,"icsea_band":2}},{"type":"Feature","geometry":{"type":"Polygon","coordinates":[[[115.88709,-32.25526],[115.88574,-32.26513],[115.87954,-32.27042],[115.88177,-32.27555],[115.87752,-32.2798],[115.87233,-32.27804],[115.85588,-32.27338],[115.84244,-32.27242],[115.82445,-32.28047],[115.81385,-32.28677],[115.79873,-32.28673],[115.79614,-32.2855],[115.78835,-32.27706],[115.78841,-32.26935],[115.78523,-32.26906],[115.78533,-32.24908],[115.78731,-32.24908],[115.80194,-32.25091],[115.82512,-32.25956],[115.82827,-32.25942],[115.83357,-32.252],[115.84048,-32.25187],[115.84575,-32.25534],[115.88709,-32.25526]]]},"properties":{"postcode":"6170","state":"WA","icsea_avg":996,"school_count":6,"icsea_band":3}},{"type":"Feature","geometry":{"type":"Polygon","coordinates":[[[115.79614,-32.2855],[115.79873,-32.28673],[115.81385,-32.28677],[115.82445,-32.28047],[115.84244,-32.27242],[115.85588,-32.27338],[115.87233,-32.27804],[115.88452,-32.29075],[115.88958,-32.29211],[115.87507,-32.33235],[115.86365,-32.34084],[115.85585,-32.34545],[115.85196,-32.35146],[115.85272,-32.36275],[115.85191,-32.36764],[115.84645,-32.37233],[115.84057,-32.37413],[115.83495,-32.37879],[115.83494,-32.38664],[115.81835,-32.38591],[115.80838,-32.39003],[115.80101,-32.38999],[115.78588,-32.38643],[115.78319,-32.38272],[115.77663,-32.38298],[115.7781,-32.37693],[115.77897,-32.37645],[115.78802,-32.34755],[115.79124,-32.32435],[115.79318,-32.31597],[115.79615,-32.31001],[115.79732,-32.29747],[115.79614,-32.2855]]]},"properties":{"postcode":"6171","state":"WA","icsea_avg":999,"school_count":13,"icsea_band":3}},{"type":"Feature","geometry":{"type":"Polygon","coordinates":[[[115.7708,-32.35216],[115.7781,-32.37693],[115.77663,-32.38298],[115.77167,-32.39548],[115.73771,-32.39547],[115.73018,-32.38537],[115.71711,-32.37378],[115.71351,-32.36955],[115.72281,-32.36871],[115.73441,-32.36421],[115.73908,-32.35878],[115.74313,-32.34716],[115.76106,-32.34717],[115.76185,-32.35216],[115.7708,-32.35216]]]},"properties":{"postcode":"6172","state":"WA","icsea_avg":954,"school_count":6,"icsea_band":1}},{"type":"Feature","geometry":{"type":"Polygon","coordinates":[[[115.73771,-32.39547],[115.77167,-32.39548],[115.7716,-32.4007],[115.77465,-32.40883],[115.77424,-32.41695],[115.74672,-32.41692],[115.74596,-32.40868],[115.74271,-32.40143],[115.73771,-32.39547]]]},"properties":{"postcode":"6173","state":"WA","icsea_avg":1009,"school_count":3,"icsea_band":3}},{"type":"Feature","geometry":{"type":"Polygon","coordinates":[[[115.74672,-32.41692],[115.77424,-32.41695],[115.77409,-32.42777],[115.77039,-32.43378],[115.7498,-32.43377],[115.74672,-32.41692]]]},"properties":{"postcode":"6174","state":"WA","icsea_avg":961,"school_count":1,"icsea_band":1}},{"type":"Feature","geometry":{"type":"Polygon","coordinates":[[[115.74782,-32.45564],[115.7498,-32.43377],[115.77039,-32.43378],[115.76394,-32.4455],[115.7618,-32.45563],[115.76166,-32.45564],[115.74782,-32.45564]]]},"properties":{"postcode":"6175","state":"WA","icsea_avg":994,"school_count":1,"icsea_band":3}},{"type":"Feature","geometry":{"type":"Polygon","coordinates":[[[115.82659,-32.40638],[115.82187,-32.40638],[115.8117,-32.41805],[115.81025,-32.4209],[115.80142,-32.45258],[115.80143,-32.45562],[115.78444,-32.45563],[115.7618,-32.45563],[115.76394,-32.4455],[115.77039,-32.43378],[115.77409,-32.42777],[115.77424,-32.41695],[115.77465,-32.40883],[115.7716,-32.4007],[115.77167,-32.39548],[115.77663,-32.38298],[115.78319,-32.38272],[115.78588,-32.38643],[115.80101,-32.38999],[115.80838,-32.39003],[115.81835,-32.38591],[115.83494,-32.38664],[115.83491,-32.39534],[115.83111,-32.40027],[115.83065,-32.40435],[115.82659,-32.40638]]]},"properties":{"postcode":"6176","state":"WA","icsea_avg":null,"school_count":0,"icsea_band":0}},{"type":"Feature","geometry":{"type":"Polygon","coordinates":[[[115.76166,-32.45564],[115.7618,-32.45563],[115.78444,-32.45563],[115.78477,-32.45996],[115.78815,-32.46805],[115.78554,-32.47795],[115.78261,-32.49648],[115.78496,-32.50869],[115.78218,-32.51142],[115.77835,-32.50763],[115.77047,-32.50764],[115.76103,-32.51078],[115.7553,-32.51092],[115.75621,-32.50627],[115.76405,-32.49577],[115.76495,-32.4893],[115.76122,-32.48231],[115.75701,-32.47882],[115.76166,-32.45564]]]},"properties":{"postcode":"6180","state":"WA","icsea_avg":998,"school_count":3,"icsea_band":3}},{"type":"Feature","geometry":{"type":"Polygon","coordinates":[[[115.78513,-32.50872],[115.78496,-32.50869],[115.78261,-32.49648],[115.78554,-32.47795],[115.78815,-32.46805],[115.78477,-32.45996],[115.78444,-32.45563],[115.80143,-32.45562],[115.80142,-32.45258],[115.80452,-32.45324],[115.80764,-32.45953],[115.80872,-32.46817],[115.80626,-32.47472],[115.7995,-32.47376],[115.79686,-32.47913],[115.79892,-32.48416],[115.80424,-32.48988],[115.79868,-32.49309],[115.79029,-32.50695],[115.78513,-32.50872]]]},"properties":{"postcode":"6181","state":"WA","icsea_avg":null,"school_count":0,"icsea_band":0}},{"type":"Feature","geometry":{"type":"Polygon","coordinates":[[[115.80452,-32.45324],[115.80142,-32.45258],[115.81025,-32.4209],[115.8117,-32.41805],[115.82187,-32.40638],[115.82659,-32.40638],[115.85765,-32.40623],[115.85772,-32.44458],[115.83151,-32.44458],[115.82748,-32.45815],[115.80452,-32.45324]]]},"properties":{"postcode":"6182","state":"WA","icsea_avg":null,"school_count":0,"icsea_band":0}},{"type":"Feature","geometry":{"type":"Polygon","coordinates":[[[115.78513,-32.50872],[115.79029,-32.50695],[115.79868,-32.49309],[115.80424,-32.48988],[115.79892,-32.48416],[115.79686,-32.47913],[115.7995,-32.47376],[115.80626,-32.47472],[115.80872,-32.46817],[115.80764,-32.45953],[115.80452,-32.45324],[115.82748,-32.45815],[115.83151,-32.44458],[115.85772,-32.44458],[115.85775,-32.45488],[115.91047,-32.45491],[115.91046,-32.46943],[115.97617,-32.46947],[115.97603,-32.4608],[115.99069,-32.45956],[115.9907,-32.45451],[115.99712,-32.45453],[115.9971,-32.45935],[116.00447,-32.46555],[116.00756,-32.47236],[116.01649,-32.47395],[116.01819,-32.47648],[116.01818,-32.48207],[116.03152,-32.48204],[116.03154,-32.48508],[116.0228,-32.48841],[116.0154,-32.48867],[116.01165,-32.48569],[116.0023,-32.48568],[116.00231,-32.49199],[116.00902,-32.49379],[116.009,-32.50106],[116.0145,-32.50107],[116.01439,-32.51195],[116.00109,-32.51188],[116.00108,-32.51731],[115.99862,-32.52268],[116.00507,-32.52438],[116.01532,-32.51844],[116.01536,-32.52422],[116.0051,-32.53039],[115.99405,-32.53517],[115.99165,-32.54061],[115.99734,-32.54496],[115.99521,-32.54971],[115.99505,-32.55618],[115.97754,-32.55536],[115.92128,-32.55928],[115.90561,-32.57745],[115.89734,-32.58995],[115.89268,-32.59344],[115.888,-32.5924],[115.87919,-32.59466],[115.87393,-32.59957],[115.86178,-32.59369],[115.85787,-32.60006],[115.85458,-32.59866],[115.85464,-32.59375],[115.84436,-32.59452],[115.83681,-32.58426],[115.84109,-32.58119],[115.8423,-32.57724],[115.8044,-32.56885],[115.81098,-32.55792],[115.80506,-32.55164],[115.80068,-32.55091],[115.80003,-32.54436],[115.80141,-32.53694],[115.80572,-32.53538],[115.81064,-32.5242],[115.81021,-32.51906],[115.8032,-32.51861],[115.79598,-32.51284],[115.78513,-32.50872]]]},"properties":{"postcode":"6207","state":"WA","icsea_avg":985,"school_count":1,"icsea_band":2}},{"type":"Feature","geometry":{"type":"Polygon","coordinates":[[[115.75993,-32.57472],[115.76214,-32.57412],[115.76619,-32.57598],[115.77215,-32.57061],[115.79849,-32.56758],[115.8044,-32.56885],[115.8423,-32.57724],[115.84109,-32.58119],[115.83681,-32.58426],[115.84436,-32.59452],[115.85464,-32.59375],[115.85458,-32.59866],[115.85787,-32.60006],[115.86178,-32.59369],[115.87393,-32.59957],[115.87919,-32.59466],[115.888,-32.5924],[115.89268,-32.59344],[115.89734,-32.58995],[115.90561,-32.57745],[115.92128,-32.55928],[115.97754,-32.55536],[115.99505,-32.55618],[116.00264,-32.5562],[116.00262,-32.56147],[115.99862,-32.56277],[115.99104,-32.55875],[115.98456,-32.56684],[115.98524,-32.57129],[115.9886,-32.57432],[115.98677,-32.58439],[115.99021,-32.58961],[115.9876,-32.59229],[115.98767,-32.61769],[115.99584,-32.61921],[115.99583,-32.62433],[115.97834,-32.62345],[115.97858,-32.64162],[115.96787,-32.64179],[115.96808,-32.66785],[115.98376,-32.66777],[115.98376,-32.67139],[115.97303,-32.67149],[115.97307,-32.67577],[115.96817,-32.6758],[115.96822,-32.68107],[115.97504,-32.68104],[115.97508,-32.68678],[115.9801,-32.68675],[115.98013,-32.69291],[115.98885,-32.69287],[115.99147,-32.70198],[115.98433,-32.7046],[115.9843,-32.71846],[115.97504,-32.72029],[115.97498,-32.72917],[115.98089,-32.72916],[115.98306,-32.73642],[115.97506,-32.73639],[115.97507,-32.75513],[115.98139,-32.75512],[115.98141,-32.76658],[115.98645,-32.77023],[115.99174,-32.7702],[115.99394,-32.76657],[116.0003,-32.76655],[115.99824,-32.77041],[116.00113,-32.77936],[115.99382,-32.7792],[115.98065,-32.77383],[115.97437,-32.76848],[115.97256,-32.76141],[115.96804,-32.76285],[115.96964,-32.77218],[115.96202,-32.77733],[115.95902,-32.78225],[115.9489,-32.7838],[115.94895,-32.79139],[115.93271,-32.79153],[115.93263,-32.78431],[115.92824,-32.78479],[115.92178,-32.78147],[115.91808,-32.77693],[115.9138,-32.77851],[115.90684,-32.77779],[115.90566,-32.76836],[115.90319,-32.76546],[115.90619,-32.7619],[115.90162,-32.74997],[115.8939,-32.74152],[115.89984,-32.7354],[115.89701,-32.73255],[115.89911,-32.72775],[115.89606,-32.72265],[115.89881,-32.71724],[115.89715,-32.71448],[115.83225,-32.7148],[115.83282,-32.77591],[115.83584,-32.78446],[115.83502,-32.79126],[115.83805,-32.79825],[115.82867,-32.79734],[115.81474,-32.7979],[115.81474,-32.79403],[115.80573,-32.78686],[115.79856,-32.78883],[115.79548,-32.79269],[115.78897,-32.79291],[115.78098,-32.79651],[115.76103,-32.7991],[115.7526,-32.80169],[115.75261,-32.79728],[115.75952,-32.79073],[115.74616,-32.7916],[115.73144,-32.79163],[115.72569,-32.79424],[115.71502,-32.79392],[115.71601,-32.78635],[115.71283,-32.77326],[115.71578,-32.77446],[115.7173,-32.77991],[115.72309,-32.78287],[115.72558,-32.77732],[115.72732,-32.76736],[115.72725,-32.75491],[115.72262,-32.74648],[115.71619,-32.74176],[115.71091,-32.74014],[115.71385,-32.7331],[115.71337,-32.72775],[115.70689,-32.71663],[115.7023,-32.71211],[115.69972,-32.69769],[115.69735,-32.69062],[115.6899,-32.68312],[115.68621,-32.68317],[115.68478,-32.67808],[115.68764,-32.66778],[115.68532,-32.66459],[115.6847,-32.65338],[115.67868,-32.64612],[115.67527,-32.64603],[115.67365,-32.64082],[115.66717,-32.63458],[115.6691,-32.62664],[115.66635,-32.61573],[115.67067,-32.61431],[115.67688,-32.61645],[115.67636,-32.61995],[115.68279,-32.62655],[115.69549,-32.63412],[115.70341,-32.64337],[115.70734,-32.64342],[115.7179,-32.64025],[115.72008,-32.63243],[115.72422,-32.63188],[115.72938,-32.63466],[115.73416,-32.64024],[115.74479,-32.64657],[115.75139,-32.64315],[115.76084,-32.64279],[115.7739,-32.63509],[115.7674,-32.62793],[115.76999,-32.62496],[115.77066,-32.61761],[115.77366,-32.61465],[115.77464,-32.60097],[115.77649,-32.59403],[115.76694,-32.59169],[115.76425,-32.57939],[115.75993,-32.57472]]]},"properties":{"postcode":"6208","state":"WA","icsea_avg":954,"school_count":6,"icsea_band":1}},{"type":"Feature","geometry":{"type":"Polygon","coordinates":[[[115.78218,-32.51142],[115.78496,-32.50869],[115.78513,-32.50872],[115.79598,-32.51284],[115.8032,-32.51861],[115.81021,-32.51906],[115.81064,-32.5242],[115.80572,-32.53538],[115.80141,-32.53694],[115.80003,-32.54436],[115.80068,-32.55091],[115.80506,-32.55164],[115.81098,-32.55792],[115.8044,-32.56885],[115.79849,-32.56758],[115.77215,-32.57061],[115.76619,-32.57598],[115.76214,-32.57412],[115.76656,-32.57042],[115.7657,-32.56672],[115.76051,-32.5623],[115.75407,-32.5594],[115.75622,-32.55398],[115.7651,-32.54839],[115.76532,-32.54255],[115.76911,-32.54174],[115.77399,-32.54444],[115.77594,-32.53438],[115.77399,-32.53102],[115.78218,-32.51142]]]},"properties":{"postcode":"6209","state":"WA","icsea_avg":null,"school_count":0,"icsea_band":0}},{"type":"Feature","geometry":{"type":"MultiPolygon","coordinates":[[[[115.74782,-32.45564],[115.76166,-32.45564],[115.75701,-32.47882],[115.76122,-32.48231],[115.76495,-32.4893],[115.76405,-32.49577],[115.75621,-32.50627],[115.7553,-32.51092],[115.76103,-32.51078],[115.77047,-32.50764],[115.77835,-32.50763],[115.78218,-32.51142],[115.77399,-32.53102],[115.77594,-32.53438],[115.77399,-32.54444],[115.76911,-32.54174],[115.76532,-32.54255],[115.7651,-32.54839],[115.75622,-32.55398],[115.75407,-32.5594],[115.76051,-32.5623],[115.7657,-32.56672],[115.76656,-32.57042],[115.76214,-32.57412],[115.75993,-32.57472],[115.76197,-32.57189],[115.75847,-32.56695],[115.74746,-32.56288],[115.73931,-32.56349],[115.73326,-32.56635],[115.72325,-32.56788],[115.71858,-32.56457],[115.72179,-32.55866],[115.71891,-32.55401],[115.7197,-32.54463],[115.7222,-32.53957],[115.71635,-32.52925],[115.71265,-32.52647],[115.71191,-32.52131],[115.72386,-32.51992],[115.72792,-32.5165],[115.73937,-32.49873],[115.74632,-32.47556],[115.74782,-32.45564]]],[[[115.64516,-32.6082],[115.64071,-32.60478],[115.63194,-32.60112],[115.63288,-32.59491],[115.64016,-32.59152],[115.64265,-32.58698],[115.64983,-32.57967],[115.6555,-32.57873],[115.67202,-32.56135],[115.68697,-32.54135],[115.6953,-32.52615],[115.70199,-32.51954],[115.70751,-32.52154],[115.71028,-32.52761],[115.71582,-32.53245],[115.7174,-32.53889],[115.71422,-32.55635],[115.70695,-32.56321],[115.69821,-32.56349],[115.69039,-32.57013],[115.68585,-32.57171],[115.6742,-32.573],[115.66959,-32.57677],[115.66599,-32.58643],[115.67129,-32.59456],[115.66761,-32.59755],[115.6545,-32.60107],[115.65377,-32.60501],[115.6492,-32.6103],[115.64516,-32.6082]]]]},"properties":{"postcode":"6210","state":"WA","icsea_avg":977,"school_count":24,"icsea_band":2}},{"type":"Feature","geometry":{"type":"Polygon","coordinates":[[[116.0003,-32.76655],[115.99394,-32.76657],[115.99174,-32.7702],[115.98645,-32.77023],[115.98141,-32.76658],[115.98139,-32.75512],[115.97507,-32.75513],[115.97506,-32.73639],[115.98306,-32.73642],[115.98089,-32.72916],[115.97498,-32.72917],[115.97504,-32.72029],[115.9843,-32.71846],[115.98433,-32.7046],[115.99147,-32.70198],[115.98885,-32.69287],[115.98013,-32.69291],[115.9801,-32.68675],[115.97508,-32.68678],[115.97504,-32.68104],[115.96822,-32.68107],[115.96817,-32.6758],[115.97307,-32.67577],[115.97303,-32.67149],[115.98376,-32.67139],[115.98376,-32.66777],[115.96808,-32.66785],[115.96787,-32.64179],[115.97858,-32.64162],[115.97834,-32.62345],[115.99583,-32.62433],[115.99584,-32.61921],[115.98767,-32.61769],[115.9876,-32.59229],[115.99021,-32.58961],[115.98677,-32.58439],[115.9886,-32.57432],[115.98524,-32.57129],[115.98456,-32.56684],[115.99104,-32.55875],[115.99862,-32.56277],[116.00262,-32.56147],[116.00264,-32.5562],[115.99505,-32.55618],[115.99521,-32.54971],[115.99734,-32.54496],[115.99165,-32.54061],[115.99405,-32.53517],[116.0051,-32.53039],[116.01536,-32.52422],[116.01532,-32.51844],[116.00507,-32.52438],[115.99862,-32.52268],[116.00108,-32.51731],[116.00109,-32.51188],[116.01439,-32.51195],[116.0145,-32.50107],[116.009,-32.50106],[116.00902,-32.49379],[116.00231,-32.49199],[116.0023,-32.48568],[116.01165,-32.48569],[116.0154,-32.48867],[116.0228,-32.48841],[116.03154,-32.48508],[116.03152,-32.48204],[116.01818,-32.48207],[116.01819,-32.47648],[116.02249,-32.47742],[116.02248,-32.46793],[116.02635,-32.46612],[116.02636,-32.45863],[116.06515,-32.45881],[116.14796,-32.45867],[116.26356,-32.45844],[116.26373,-32.49808],[116.26423,-32.61241],[116.26451,-32.67508],[116.20635,-32.6752],[116.20638,-32.75583],[116.22598,-32.7559],[116.22584,-32.79188],[116.19613,-32.78316],[116.18758,-32.78174],[116.18752,-32.80321],[116.17822,-32.80324],[116.17802,-32.7894],[116.11387,-32.78933],[116.10539,-32.78281],[116.11068,-32.77557],[116.10259,-32.77404],[116.09824,-32.76908],[116.09178,-32.77247],[116.0829,-32.77268],[116.07947,-32.76989],[116.07964,-32.76264],[116.07229,-32.76146],[116.07198,-32.756],[116.06125,-32.75971],[116.05128,-32.75797],[116.04403,-32.76233],[116.03555,-32.76162],[116.02491,-32.75851],[116.02283,-32.75616],[116.01451,-32.75533],[116.00819,-32.76028],[115.99955,-32.76006],[116.0003,-32.76655]]]},"properties":{"postcode":"6213","state":"WA","icsea_avg":1015,"school_count":1,"icsea_band":3}},{"type":"Feature","geometry":{"type":"Polygon","coordinates":[[[115.85578,-31.47433],[115.89972,-31.47376],[115.89974,-31.4714],[115.92378,-31.47141],[115.92515,-31.47606],[115.93586,-31.47607],[115.93508,-31.47377],[115.97177,-31.47372],[115.99891,-31.47461],[115.99891,-31.44304],[116.04594,-31.44306],[116.06994,-31.44305],[116.06848,-31.44834],[116.0625,-31.4583],[116.06304,-31.4704],[116.05652,-31.47921],[116.05494,-31.49415],[116.05566,-31.49972],[116.05188,-31.51025],[116.052,-31.51447],[116.03235,-31.52074],[116.02527,-31.52792],[116.02564,-31.53707],[116.0179,-31.55623],[116.01855,-31.56421],[116.02399,-31.57071],[116.02404,-31.58017],[116.0185,-31.5917],[116.01859,-31.60024],[116.01092,-31.60251],[115.98493,-31.60282],[115.99315,-31.6242],[115.98519,-31.6242],[115.98518,-31.62765],[115.90486,-31.62774],[115.88347,-31.62752],[115.85957,-31.62717],[115.85983,-31.57362],[115.85519,-31.57368],[115.85517,-31.50165],[115.85578,-31.47433]]]},"properties":{"postcode":"6501","state":"WA","icsea_avg":null,"school_count":0,"icsea_band":0}},{"type":"Feature","geometry":{"type":"Polygon","coordinates":[[[116.23776,-31.88986],[116.23777,-31.88402],[116.24322,-31.88231],[116.24371,-31.86974],[116.22266,-31.87533],[116.22274,-31.8668],[116.22622,-31.86273],[116.22621,-31.85695],[116.23118,-31.85691],[116.23435,-31.85321],[116.23432,-31.84656],[116.22499,-31.84519],[116.22817,-31.83909],[116.22774,-31.83095],[116.2339,-31.83094],[116.2339,-31.8271],[116.26285,-31.82704],[116.26289,-31.81976],[116.28189,-31.8197],[116.30371,-31.82016],[116.30467,-31.83464],[116.30942,-31.83208],[116.31182,-31.84259],[116.32452,-31.8333],[116.32736,-31.83011],[116.32729,-31.84828],[116.34104,-31.84674],[116.34104,-31.83959],[116.35775,-31.83959],[116.34824,-31.85647],[116.34611,-31.85645],[116.34617,-31.90679],[116.34618,-31.91132],[116.33325,-31.91126],[116.33337,-31.90061],[116.32296,-31.9009],[116.32297,-31.89581],[116.32569,-31.89231],[116.31944,-31.88769],[116.30971,-31.88481],[116.294,-31.8854],[116.28084,-31.88093],[116.27021,-31.87877],[116.26428,-31.88056],[116.25991,-31.88651],[116.25628,-31.88824],[116.2427,-31.88836],[116.23776,-31.88986]]]},"properties":{"postcode":"6556","state":"WA","icsea_avg":968,"school_count":1,"icsea_band":1}},{"type":"Feature","geometry":{"type":"Polygon","coordinates":[[[116.34797,-31.70925],[116.34801,-31.74845],[116.33814,-31.75353],[116.33818,-31.7627],[116.34583,-31.76268],[116.34522,-31.77999],[116.35372,-31.77998],[116.35241,-31.78653],[116.34288,-31.80222],[116.33782,-31.80562],[116.34575,-31.80736],[116.34962,-31.81108],[116.36076,-31.80744],[116.36147,-31.81947],[116.35828,-31.81948],[116.35775,-31.83959],[116.34104,-31.83959],[116.34104,-31.84674],[116.32729,-31.84828],[116.32736,-31.83011],[116.32452,-31.8333],[116.31182,-31.84259],[116.30942,-31.83208],[116.30467,-31.83464],[116.30371,-31.82016],[116.28189,-31.8197],[116.28162,-31.75509],[116.27998,-31.76155],[116.26297,-31.76147],[116.26305,-31.75335],[116.26725,-31.74877],[116.26829,-31.74257],[116.27405,-31.73959],[116.27716,-31.72802],[116.27255,-31.7275],[116.27262,-31.72126],[116.27898,-31.7214],[116.28319,-31.71415],[116.29168,-31.71188],[116.29518,-31.70753],[116.29984,-31.7066],[116.34723,-31.70658],[116.34797,-31.70925]]]},"properties":{"postcode":"6558","state":"WA","icsea_avg":972,"school_count":1,"icsea_band":2}},{"type":"Feature","geometry":{"type":"Polygon","coordinates":[[[116.34797,-31.70925],[116.37637,-31.70925],[116.37639,-31.70199],[116.39538,-31.70199],[116.39541,-31.74835],[116.40292,-31.74713],[116.41666,-31.74713],[116.41731,-31.7598],[116.42062,-31.76201],[116.42369,-31.76785],[116.41431,-31.76969],[116.40805,-31.76669],[116.40128,-31.76912],[116.39803,-31.77569],[116.39799,-31.78832],[116.3874,-31.79276],[116.37506,-31.80243],[116.36076,-31.80744],[116.34962,-31.81108],[116.34575,-31.80736],[116.33782,-31.80562],[116.34288,-31.80222],[116.35241,-31.78653],[116.35372,-31.77998],[116.34522,-31.77999],[116.34583,-31.76268],[116.33818,-31.7627],[116.33814,-31.75353],[116.34801,-31.74845],[116.34797,-31.70925]]]},"properties":{"postcode":"6560","state":"WA","icsea_avg":898,"school_count":1,"icsea_band":1}},{"type":"Feature","geometry":{"type":"Polygon","coordinates":[[[116.23832,-31.61118],[116.23832,-31.60002],[116.15073,-31.60018],[116.15074,-31.52759],[116.16581,-31.52767],[116.16551,-31.4528],[116.16518,-31.35433],[116.24557,-31.35411],[116.24552,-31.34363],[116.26015,-31.34437],[116.26765,-31.34998],[116.27044,-31.35871],[116.27754,-31.37046],[116.31152,-31.3706],[116.31143,-31.39728],[116.32745,-31.39809],[116.33401,-31.39608],[116.34226,-31.39597],[116.34225,-31.41369],[116.35454,-31.4144],[116.36306,-31.42894],[116.34824,-31.43536],[116.34588,-31.43145],[116.34591,-31.42566],[116.32886,-31.42564],[116.32886,-31.41895],[116.319,-31.41895],[116.31896,-31.44227],[116.32886,-31.44227],[116.32886,-31.43662],[116.34881,-31.43658],[116.36208,-31.45969],[116.36574,-31.46113],[116.34791,-31.46836],[116.35764,-31.48545],[116.3606,-31.48893],[116.35544,-31.49103],[116.35846,-31.49649],[116.35251,-31.4989],[116.35401,-31.50163],[116.34147,-31.50675],[116.3456,-31.50995],[116.3684,-31.5477],[116.34308,-31.55065],[116.3335,-31.5502],[116.32879,-31.55229],[116.33236,-31.55872],[116.32852,-31.56048],[116.32363,-31.56099],[116.3162,-31.55656],[116.31041,-31.55744],[116.30051,-31.56266],[116.29945,-31.56737],[116.2878,-31.57057],[116.27871,-31.56836],[116.27535,-31.57233],[116.28257,-31.58495],[116.25556,-31.59636],[116.23832,-31.61118]]]},"properties":{"postcode":"6567","state":"WA","icsea_avg":null,"school_count":0,"icsea_band":0}},{"type":"Feature","geometry":{"type":"Polygon","coordinates":[[[115.8175,-31.99015],[115.81809,-31.98255],[115.81559,-31.97657],[115.81803,-31.97374],[115.82305,-31.97254],[115.82505,-31.97399],[115.82202,-31.97681],[115.82077,-31.98688],[115.8175,-31.99015]]]},"properties":{"postcode":"6907","state":"WA","icsea_avg":null,"school_count":0,"icsea_band":0}},{"type":"Feature","geometry":{"type":"Polygon","coordinates":[[[153.01652,-27.45804],[153.02175,-27.45722],[153.0269,-27.45411],[153.03064,-27.45699],[153.03119,-27.4618],[153.03461,-27.46248],[153.03057,-27.46885],[153.03179,-27.47662],[153.02723,-27.4786],[153.02255,-27.47192],[153.01739,-27.46776],[153.01135,-27.46884],[153.01198,-27.45959],[153.01652,-27.45804]]]},"properties":{"postcode":"4000","state":"QLD","icsea_avg":1133,"school_count":8,"icsea_band":6}},{"type":"Feature","geometry":{"type":"Polygon","coordinates":[[[153.03759,-27.4629],[153.04201,-27.45839],[153.05087,-27.46238],[153.05474,-27.46885],[153.04907,-27.47413],[153.04226,-27.47434],[153.03759,-27.4629]]]},"properties":{"postcode":"4005","state":"QLD","icsea_avg":1125,"school_count":2,"icsea_band":6}},{"type":"Feature","geometry":{"type":"Polygon","coordinates":[[[153.01652,-27.45804],[153.0187,-27.44852],[153.01507,-27.44177],[153.02183,-27.44231],[153.02782,-27.44446],[153.0375,-27.4385],[153.03983,-27.43358],[153.04292,-27.434],[153.0417,-27.44103],[153.04724,-27.4418],[153.04661,-27.44778],[153.05056,-27.45505],[153.05087,-27.46238],[153.04201,-27.45839],[153.03759,-27.4629],[153.03461,-27.46248],[153.03119,-27.4618],[153.03064,-27.45699],[153.0269,-27.45411],[153.02175,-27.45722],[153.01652,-27.45804]]]},"properties":{"postcode":"4006","state":"QLD","icsea_avg":1086,"school_count":4,"icsea_band":5}},{"type":"Feature","geometry":{"type":"Polygon","coordinates":[[[153.04822,-27.42808],[153.05803,-27.43024],[153.05925,-27.42308],[153.07262,-27.42607],[153.07973,-27.42455],[153.07802,-27.43173],[153.07822,-27.43455],[153.07087,-27.43743],[153.06999,-27.4416],[153.05649,-27.43922],[153.04816,-27.4412],[153.04923,-27.43726],[153.04822,-27.42808]]]},"properties":{"postcode":"4007","state":"QLD","icsea_avg":1115,"school_count":3,"icsea_band":5}},{"type":"Feature","geometry":{"type":"Polygon","coordinates":[[[153.10882,-27.43947],[153.10468,-27.4387],[153.1009,-27.43428],[153.10226,-27.42863],[153.08865,-27.42889],[153.07802,-27.43173],[153.07973,-27.42455],[153.07689,-27.41737],[153.07721,-27.41044],[153.07475,-27.40696],[153.07844,-27.39969],[153.08735,-27.39411],[153.09257,-27.39189],[153.09915,-27.38259],[153.10597,-27.378],[153.10045,-27.37118],[153.10265,-27.35751],[153.10465,-27.35424],[153.10502,-27.34783],[153.10933,-27.349],[153.11449,-27.34943],[153.12244,-27.3524],[153.13862,-27.36115],[153.15231,-27.36136],[153.15634,-27.36369],[153.15734,-27.37512],[153.15905,-27.37946],[153.1528,-27.38457],[153.14624,-27.38793],[153.15042,-27.39457],[153.14696,-27.39875],[153.1463,-27.40555],[153.14152,-27.4159],[153.13354,-27.42175],[153.11842,-27.42955],[153.10882,-27.43947]]]},"properties":{"postcode":"4008","state":"QLD","icsea_avg":null,"school_count":0,"icsea_band":0}},{"type":"Feature","geometry":{"type":"Polygon","coordinates":[[[153.10882,-27.43947],[153.0948,-27.4448],[153.08277,-27.44506],[153.06999,-27.4416],[153.07087,-27.43743],[153.07822,-27.43455],[153.07802,-27.43173],[153.08865,-27.42889],[153.10226,-27.42863],[153.1009,-27.43428],[153.10468,-27.4387],[153.10882,-27.43947]]]},"properties":{"postcode":"4009","state":"QLD","icsea_avg":null,"school_count":0,"icsea_band":0}},{"type":"Feature","geometry":{"type":"Polygon","coordinates":[[[153.04525,-27.42548],[153.04822,-27.42808],[153.04923,-27.43726],[153.04816,-27.4412],[153.04724,-27.4418],[153.0417,-27.44103],[153.04292,-27.434],[153.03983,-27.43358],[153.03695,-27.4293],[153.03767,-27.42517],[153.04525,-27.42548]]]},"properties":{"postcode":"4010","state":"QLD","icsea_avg":null,"school_count":0,"icsea_band":0}},{"type":"Feature","geometry":{"type":"Polygon","coordinates":[[[153.04525,-27.42548],[153.04838,-27.41462],[153.05065,-27.41493],[153.05212,-27.40579],[153.05751,-27.40967],[153.06639,-27.41119],[153.07475,-27.40696],[153.07721,-27.41044],[153.07689,-27.41737],[153.07973,-27.42455],[153.07262,-27.42607],[153.05925,-27.42308],[153.05803,-27.43024],[153.04822,-27.42808],[153.04525,-27.42548]]]},"properties":{"postcode":"4011","state":"QLD","icsea_avg":1116,"school_count":7,"icsea_band":6}},{"type":"Feature","geometry":{"type":"Polygon","coordinates":[[[153.03541,-27.39407],[153.0377,-27.39001],[153.0421,-27.39133],[153.04443,-27.3879],[153.04595,-27.37957],[153.05513,-27.38167],[153.05384,-27.38848],[153.05948,-27.38889],[153.06633,-27.39674],[153.07844,-27.39969],[153.07475,-27.40696],[153.06639,-27.41119],[153.05751,-27.40967],[153.05212,-27.40579],[153.04724,-27.40682],[153.04779,-27.40318],[153.042,-27.4015],[153.03612,-27.40211],[153.03541,-27.39407]]]},"properties":{"postcode":"4012","state":"QLD","icsea_avg":1065,"school_count":7,"icsea_band":4}},{"type":"Feature","geometry":{"type":"Polygon","coordinates":[[[153.05948,-27.38889],[153.06478,-27.38373],[153.07003,-27.38894],[153.07524,-27.38372],[153.0816,-27.39127],[153.08735,-27.39411],[153.07844,-27.39969],[153.06633,-27.39674],[153.05948,-27.38889]]]},"properties":{"postcode":"4013","state":"QLD","icsea_avg":null,"school_count":0,"icsea_band":0}},{"type":"Feature","geometry":{"type":"Polygon","coordinates":[[[153.05948,-27.38889],[153.05384,-27.38848],[153.05513,-27.38167],[153.06013,-27.38124],[153.05535,-27.37488],[153.05764,-27.36234],[153.07093,-27.36817],[153.07506,-27.36727],[153.08615,-27.35857],[153.08661,-27.35464],[153.08259,-27.35251],[153.08454,-27.34871],[153.09083,-27.35117],[153.09125,-27.34645],[153.0845,-27.34273],[153.0855,-27.33737],[153.08181,-27.33434],[153.0826,-27.33382],[153.09385,-27.33912],[153.09431,-27.34303],[153.10026,-27.34286],[153.10933,-27.349],[153.10502,-27.34783],[153.10465,-27.35424],[153.10265,-27.35751],[153.10045,-27.37118],[153.10597,-27.378],[153.09915,-27.38259],[153.09257,-27.39189],[153.08735,-27.39411],[153.0816,-27.39127],[153.07524,-27.38372],[153.07003,-27.38894],[153.06478,-27.38373],[153.05948,-27.38889]]]},"properties":{"postcode":"4014","state":"QLD","icsea_avg":1063,"school_count":3,"icsea_band":4}},{"type":"Feature","geometry":{"type":"Polygon","coordinates":[[[153.01715,-27.32976],[153.01383,-27.32331],[153.01829,-27.32259],[153.01751,-27.31588],[153.02005,-27.31163],[153.03144,-27.30564],[153.03372,-27.30909],[153.04237,-27.30287],[153.04837,-27.29373],[153.04742,-27.28384],[153.04958,-27.27867],[153.06621,-27.28128],[153.06493,-27.28559],[153.06518,-27.30251],[153.06971,-27.31412],[153.07535,-27.32061],[153.0826,-27.32188],[153.08679,-27.32533],[153.08754,-27.32943],[153.0826,-27.33382],[153.08181,-27.33434],[153.07092,-27.32794],[153.06584,-27.33453],[153.05522,-27.33627],[153.04653,-27.3305],[153.03699,-27.33283],[153.01715,-27.32976]]]},"properties":{"postcode":"4017","state":"QLD","icsea_avg":1050,"school_count":13,"icsea_band":4}},{"type":"Feature","geometry":{"type":"Polygon","coordinates":[[[153.02264,-27.33821],[153.01715,-27.32976],[153.03699,-27.33283],[153.04653,-27.3305],[153.05522,-27.33627],[153.05263,-27.35218],[153.03508,-27.34954],[153.02995,-27.35064],[153.02782,-27.34501],[153.02264,-27.33821]]]},"properties":{"postcode":"4018","state":"QLD","icsea_avg":1020,"school_count":2,"icsea_band":3}},{"type":"Feature","geometry":{"type":"Polygon","coordinates":[[[153.09694,-27.23595],[153.11414,-27.23852],[153.11112,-27.24668],[153.11064,-27.25472],[153.10786,-27.26171],[153.1035,-27.26327],[153.10052,-27.25875],[153.0931,-27.25594],[153.08322,-27.25876],[153.07946,-27.26324],[153.07144,-27.25661],[153.06908,-27.247],[153.0704,-27.24128],[153.07644,-27.23289],[153.09694,-27.23595]]]},"properties":{"postcode":"4019","state":"QLD","icsea_avg":993,"school_count":5,"icsea_band":3}},{"type":"Feature","geometry":{"type":"Polygon","coordinates":[[[153.11414,-27.23852],[153.09694,-27.23595],[153.09706,-27.23016],[153.09932,-27.21742],[153.0879,-27.21569],[153.08743,-27.21893],[153.0803,-27.21601],[153.072,-27.21485],[153.07401,-27.20158],[153.08187,-27.20264],[153.08566,-27.20555],[153.09109,-27.2046],[153.10291,-27.19984],[153.10354,-27.19398],[153.10635,-27.19087],[153.11486,-27.19177],[153.11663,-27.19826],[153.11635,-27.20926],[153.11899,-27.21213],[153.11658,-27.21619],[153.11521,-27.2274],[153.11782,-27.23178],[153.11414,-27.23852]]]},"properties":{"postcode":"4020","state":"QLD","icsea_avg":988,"school_count":6,"icsea_band":3}},{"type":"Feature","geometry":{"type":"Polygon","coordinates":[[[153.09694,-27.23595],[153.07644,-27.23289],[153.07572,-27.22799],[153.06986,-27.22626],[153.06534,-27.22887],[153.06832,-27.21456],[153.072,-27.21485],[153.0803,-27.21601],[153.08743,-27.21893],[153.0879,-27.21569],[153.09932,-27.21742],[153.09706,-27.23016],[153.09694,-27.23595]]]},"properties":{"postcode":"4021","state":"QLD","icsea_avg":925,"school_count":2,"icsea_band":1}},{"type":"Feature","geometry":{"type":"Polygon","coordinates":[[[153.03187,-27.20734],[153.04266,-27.20811],[153.04448,-27.19568],[153.0504,-27.19486],[153.05991,-27.19805],[153.07401,-27.20158],[153.072,-27.21485],[153.06832,-27.21456],[153.06534,-27.22887],[153.05858,-27.22873],[153.05965,-27.22204],[153.05147,-27.22345],[153.05247,-27.22801],[153.04482,-27.22738],[153.04229,-27.22261],[153.03476,-27.21707],[153.03417,-27.20855],[153.03187,-27.20734]]]},"properties":{"postcode":"4022","state":"QLD","icsea_avg":1079,"school_count":2,"icsea_band":4}},{"type":"Feature","geometry":{"type":"MultiPolygon","coordinates":[[[[153.41516,-27.31978],[153.40522,-27.30014],[153.40566,-27.29491],[153.39768,-27.2729],[153.38965,-27.26083],[153.38191,-27.24622],[153.37722,-27.23568],[153.37525,-27.21991],[153.37194,-27.21199],[153.3655,-27.20124],[153.36664,-27.19324],[153.37223,-27.18088],[153.37326,-27.17628],[153.37224,-27.16885],[153.36567,-27.14611],[153.36172,-27.13433],[153.36949,-27.11009],[153.36972,-27.09048],[153.3672,-27.07422],[153.3614,-27.06104],[153.37026,-27.05431],[153.37724,-27.05029],[153.38571,-27.04727],[153.38941,-27.04287],[153.39468,-27.04283],[153.40171,-27.04005],[153.40327,-27.04317],[153.41217,-27.03971],[153.42771,-27.03572],[153.42727,-27.03324],[153.43776,-27.03197],[153.44751,-27.028],[153.45474,-27.02371],[153.45898,-27.02713],[153.46849,-27.02848],[153.46768,-27.03465],[153.46417,-27.03859],[153.45877,-27.05094],[153.44517,-27.09214],[153.43769,-27.12046],[153.43404,-27.13123],[153.43169,-27.1428],[153.42752,-27.15673],[153.42422,-27.17233],[153.42099,-27.19326],[153.41817,-27.21657],[153.41685,-27.23731],[153.41658,-27.25664],[153.41758,-27.27442],[153.42376,-27.30312],[153.43445,-27.31788],[153.43638,-27.32611],[153.43722,-27.34178],[153.43096,-27.35867],[153.42636,-27.36028],[153.41864,-27.35502],[153.4198,-27.34742],[153.42246,-27.3435],[153.42188,-27.33308],[153.41516,-27.31978]]],[[[153.23542,-27.33431],[153.23736,-27.32597],[153.24682,-27.32075],[153.25176,-27.32269],[153.25624,-27.3282],[153.26698,-27.33168],[153.26996,-27.33922],[153.26537,-27.33998],[153.26114,-27.34581],[153.25387,-27.35064],[153.24774,-27.35033],[153.2405,-27.34715],[153.23652,-27.34327],[153.23542,-27.33431]]],[[[153.22242,-27.39013],[153.22814,-27.37853],[153.23481,-27.37137],[153.23904,-27.37346],[153.24402,-27.39271],[153.23958,-27.40109],[153.23629,-27.40309],[153.23013,-27.39785],[153.22337,-27.39399],[153.22242,-27.39013]]],[[[153.23212,-27.42091],[153.23642,-27.42263],[153.23707,-27.42718],[153.23347,-27.43001],[153.2292,-27.42299],[153.23212,-27.42091]]]]},"properties":{"postcode":"4025","state":"QLD","icsea_avg":null,"school_count":0,"icsea_band":0}},{"type":"Feature","geometry":{"type":"Polygon","coordinates":[[[153.03983,-27.43358],[153.0375,-27.4385],[153.02782,-27.44446],[153.02183,-27.44231],[153.02428,-27.4285],[153.02415,-27.4223],[153.03112,-27.42104],[153.03182,-27.41778],[153.04252,-27.40792],[153.04724,-27.40682],[153.05212,-27.40579],[153.05065,-27.41493],[153.04838,-27.41462],[153.04525,-27.42548],[153.03767,-27.42517],[153.03695,-27.4293],[153.03983,-27.43358]]]},"properties":{"postcode":"4030","state":"QLD","icsea_avg":1124,"school_count":4,"icsea_band":6}},{"type":"Feature","geometry":{"type":"Polygon","coordinates":[[[153.03541,-27.39407],[153.03612,-27.40211],[153.042,-27.4015],[153.04779,-27.40318],[153.04724,-27.40682],[153.04252,-27.40792],[153.03182,-27.41778],[153.03112,-27.42104],[153.02415,-27.4223],[153.02178,-27.41658],[153.0234,-27.40826],[153.02233,-27.40095],[153.01891,-27.40042],[153.02047,-27.39258],[153.03541,-27.39407]]]},"properties":{"postcode":"4031","state":"QLD","icsea_avg":1113,"school_count":5,"icsea_band":5}},{"type":"Feature","geometry":{"type":"Polygon","coordinates":[[[153.00076,-27.37918],[153.00524,-27.37471],[153.01408,-27.37636],[153.01693,-27.37499],[153.02724,-27.37634],[153.0302,-27.37919],[153.03984,-27.3803],[153.04595,-27.37957],[153.04443,-27.3879],[153.0421,-27.39133],[153.0377,-27.39001],[153.03541,-27.39407],[153.02047,-27.39258],[153.00197,-27.38973],[153.00353,-27.38178],[153.00076,-27.37918]]]},"properties":{"postcode":"4032","state":"QLD","icsea_avg":1070,"school_count":2,"icsea_band":4}},{"type":"Feature","geometry":{"type":"Polygon","coordinates":[[[153.00076,-27.37918],[153.00178,-27.37392],[153.00428,-27.36065],[152.9957,-27.35293],[152.99742,-27.34382],[153.00132,-27.34571],[153.00353,-27.3518],[153.00747,-27.33584],[153.00929,-27.33602],[153.02264,-27.33821],[153.02782,-27.34501],[153.02995,-27.35064],[153.03508,-27.34954],[153.05263,-27.35218],[153.05522,-27.33627],[153.06584,-27.33453],[153.07092,-27.32794],[153.08181,-27.33434],[153.0855,-27.33737],[153.0845,-27.34273],[153.09125,-27.34645],[153.09083,-27.35117],[153.08454,-27.34871],[153.08259,-27.35251],[153.08661,-27.35464],[153.08615,-27.35857],[153.07506,-27.36727],[153.07093,-27.36817],[153.05764,-27.36234],[153.05535,-27.37488],[153.06013,-27.38124],[153.05513,-27.38167],[153.04595,-27.37957],[153.03984,-27.3803],[153.0302,-27.37919],[153.02724,-27.37634],[153.01693,-27.37499],[153.01408,-27.37636],[153.00524,-27.37471],[153.00076,-27.37918]]]},"properties":{"postcode":"4034","state":"QLD","icsea_avg":1034,"school_count":13,"icsea_band":4}},{"type":"Feature","geometry":{"type":"Polygon","coordinates":[[[152.94828,-27.354],[152.95217,-27.35215],[152.95446,-27.34702],[152.9611,-27.34179],[152.97584,-27.33658],[152.98644,-27.33796],[152.99281,-27.33548],[152.99502,-27.33006],[153.00825,-27.331],[153.00929,-27.33602],[153.00747,-27.33584],[153.00353,-27.3518],[153.00132,-27.34571],[152.99742,-27.34382],[152.9957,-27.35293],[153.00428,-27.36065],[153.00178,-27.37392],[152.98762,-27.37176],[152.98037,-27.37265],[152.9673,-27.37082],[152.96942,-27.36695],[152.96009,-27.36551],[152.95354,-27.36756],[152.95485,-27.36028],[152.94631,-27.35906],[152.94828,-27.354]]]},"properties":{"postcode":"4035","state":"QLD","icsea_avg":1062,"school_count":5,"icsea_band":4}},{"type":"Feature","geometry":{"type":"Polygon","coordinates":[[[153.01376,-27.29185],[153.0158,-27.2875],[153.01893,-27.29098],[153.03093,-27.29838],[153.03549,-27.29715],[153.03657,-27.29296],[153.03508,-27.28667],[153.0408,-27.27953],[153.04958,-27.27867],[153.04742,-27.28384],[153.04837,-27.29373],[153.04237,-27.30287],[153.03372,-27.30909],[153.03144,-27.30564],[153.02005,-27.31163],[153.01751,-27.31588],[153.01829,-27.32259],[153.01383,-27.32331],[153.01715,-27.32976],[153.02264,-27.33821],[153.00929,-27.33602],[153.00825,-27.331],[152.99502,-27.33006],[152.9974,-27.32389],[152.99995,-27.32305],[153.00254,-27.31682],[152.99671,-27.30921],[152.99698,-27.30255],[153.00716,-27.30116],[153.01239,-27.29616],[153.01376,-27.29185]]]},"properties":{"postcode":"4036","state":"QLD","icsea_avg":1092,"school_count":2,"icsea_band":5}},{"type":"Feature","geometry":{"type":"Polygon","coordinates":[[[152.91167,-27.33946],[152.91724,-27.33305],[152.9217,-27.33041],[152.92785,-27.33124],[152.93371,-27.32804],[152.93844,-27.32973],[152.94601,-27.32918],[152.9519,-27.33075],[152.96063,-27.33714],[152.9611,-27.34179],[152.95446,-27.34702],[152.95217,-27.35215],[152.94828,-27.354],[152.94807,-27.35117],[152.94044,-27.34748],[152.93596,-27.35026],[152.92629,-27.35095],[152.92224,-27.34818],[152.91099,-27.34352],[152.91167,-27.33946]]]},"properties":{"postcode":"4037","state":"QLD","icsea_avg":1060,"school_count":1,"icsea_band":4}},{"type":"Feature","geometry":{"type":"Polygon","coordinates":[[[152.96336,-27.44097],[152.95205,-27.4394],[152.94894,-27.43024],[152.95792,-27.42828],[152.95404,-27.42544],[152.95731,-27.42227],[152.96693,-27.42393],[152.97298,-27.42292],[152.98022,-27.41644],[152.98325,-27.40941],[152.99101,-27.41414],[152.99584,-27.41101],[153.00302,-27.41584],[153.00979,-27.41475],[153.01541,-27.41905],[153.02178,-27.41658],[153.02415,-27.4223],[153.02428,-27.4285],[153.02183,-27.44231],[153.01507,-27.44177],[153.01006,-27.44034],[153.00201,-27.44504],[153.00627,-27.43921],[153.00577,-27.43623],[152.99409,-27.43649],[152.99265,-27.43206],[152.98386,-27.43093],[152.98261,-27.43788],[152.97613,-27.43708],[152.97157,-27.44215],[152.96336,-27.44097]]]},"properties":{"postcode":"4051","state":"QLD","icsea_avg":1147,"school_count":7,"icsea_band":6}},{"type":"Feature","geometry":{"type":"Polygon","coordinates":[[[153.02047,-27.39258],[153.01891,-27.40042],[153.02233,-27.40095],[153.0234,-27.40826],[153.02178,-27.41658],[153.01541,-27.41905],[153.00979,-27.41475],[153.00302,-27.41584],[152.99584,-27.41101],[152.99101,-27.41414],[152.98325,-27.40941],[152.98022,-27.41644],[152.97298,-27.42292],[152.96693,-27.42393],[152.95731,-27.42227],[152.95869,-27.41466],[152.96579,-27.40984],[152.96517,-27.39642],[152.95852,-27.39442],[152.96283,-27.38891],[152.96365,-27.38201],[152.97316,-27.37945],[152.98136,-27.38071],[152.98037,-27.37265],[152.98762,-27.37176],[153.00178,-27.37392],[153.00076,-27.37918],[153.00353,-27.38178],[153.00197,-27.38973],[153.02047,-27.39258]]]},"properties":{"postcode":"4053","state":"QLD","icsea_avg":1060,"school_count":14,"icsea_band":4}},{"type":"Feature","geometry":{"type":"Polygon","coordinates":[[[152.94042,-27.42728],[152.94154,-27.42085],[152.93688,-27.42011],[152.94264,-27.41302],[152.9397,-27.40466],[152.9478,-27.40653],[152.95207,-27.39636],[152.94498,-27.39526],[152.94459,-27.38666],[152.94784,-27.38158],[152.95147,-27.38035],[152.96365,-27.38201],[152.96283,-27.38891],[152.95852,-27.39442],[152.96517,-27.39642],[152.96579,-27.40984],[152.95869,-27.41466],[152.95731,-27.42227],[152.95404,-27.42544],[152.95792,-27.42828],[152.94894,-27.43024],[152.94533,-27.42732],[152.94042,-27.42728]]]},"properties":{"postcode":"4054","state":"QLD","icsea_avg":1064,"school_count":3,"icsea_band":4}},{"type":"Feature","geometry":{"type":"Polygon","coordinates":[[[152.92629,-27.35095],[152.93596,-27.35026],[152.94044,-27.34748],[152.94807,-27.35117],[152.94828,-27.354],[152.94631,-27.35906],[152.95485,-27.36028],[152.95354,-27.36756],[152.96009,-27.36551],[152.96942,-27.36695],[152.9673,-27.37082],[152.98037,-27.37265],[152.98136,-27.38071],[152.97316,-27.37945],[152.96365,-27.38201],[152.95147,-27.38035],[152.94784,-27.38158],[152.94459,-27.38666],[152.94498,-27.39526],[152.95207,-27.39636],[152.9478,-27.40653],[152.9397,-27.40466],[152.94264,-27.41302],[152.93688,-27.42011],[152.94154,-27.42085],[152.94042,-27.42728],[152.92498,-27.42465],[152.92343,-27.4342],[152.90444,-27.43193],[152.90528,-27.42649],[152.90346,-27.42135],[152.89759,-27.41509],[152.90037,-27.40373],[152.90417,-27.38217],[152.9101,-27.37255],[152.91973,-27.3649],[152.92754,-27.36227],[152.92629,-27.35095]]]},"properties":{"postcode":"4055","state":"QLD","icsea_avg":1079,"school_count":5,"icsea_band":4}},{"type":"Feature","geometry":{"type":"Polygon","coordinates":[[[153.00201,-27.44504],[153.01006,-27.44034],[153.01507,-27.44177],[153.0187,-27.44852],[153.01652,-27.45804],[153.01198,-27.45959],[152.99508,-27.45378],[152.99075,-27.4536],[152.99176,-27.44892],[153.00002,-27.44914],[153.00201,-27.44504]]]},"properties":{"postcode":"4059","state":"QLD","icsea_avg":1128,"school_count":4,"icsea_band":6}},{"type":"Feature","geometry":{"type":"Polygon","coordinates":[[[153.00201,-27.44504],[153.00002,-27.44914],[152.99176,-27.44892],[152.98717,-27.44864],[152.97268,-27.45264],[152.96654,-27.45909],[152.95833,-27.45803],[152.95904,-27.45456],[152.96561,-27.44826],[152.96231,-27.44642],[152.96336,-27.44097],[152.97157,-27.44215],[152.97613,-27.43708],[152.98261,-27.43788],[152.98386,-27.43093],[152.99265,-27.43206],[152.99409,-27.43649],[153.00577,-27.43623],[153.00627,-27.43921],[153.00201,-27.44504]]]},"properties":{"postcode":"4060","state":"QLD","icsea_avg":1157,"school_count":6,"icsea_band":6}},{"type":"Feature","geometry":{"type":"Polygon","coordinates":[[[152.92343,-27.4342],[152.92498,-27.42465],[152.94042,-27.42728],[152.94533,-27.42732],[152.94894,-27.43024],[152.95205,-27.4394],[152.96336,-27.44097],[152.96231,-27.44642],[152.96561,-27.44826],[152.95904,-27.45456],[152.95833,-27.45803],[152.95778,-27.46076],[152.94492,-27.45901],[152.94403,-27.46383],[152.93586,-27.46257],[152.92946,-27.46533],[152.91969,-27.46283],[152.92024,-27.45994],[152.9263,-27.45859],[152.9258,-27.45286],[152.93106,-27.44585],[152.9271,-27.443],[152.92343,-27.4342]]]},"properties":{"postcode":"4061","state":"QLD","icsea_avg":1132,"school_count":5,"icsea_band":6}},{"type":"Feature","geometry":{"type":"Polygon","coordinates":[[[152.99075,-27.4536],[152.99508,-27.45378],[153.01198,-27.45959],[153.01135,-27.46884],[153.00314,-27.47542],[152.99816,-27.46891],[152.99321,-27.46824],[152.98865,-27.46501],[152.98847,-27.45917],[152.99075,-27.4536]]]},"properties":{"postcode":"4064","state":"QLD","icsea_avg":1092,"school_count":4,"icsea_band":5}},{"type":"Feature","geometry":{"type":"Polygon","coordinates":[[[152.96654,-27.45909],[152.97268,-27.45264],[152.98717,-27.44864],[152.99176,-27.44892],[152.99075,-27.4536],[152.98847,-27.45917],[152.98865,-27.46501],[152.99321,-27.46824],[152.98182,-27.4722],[152.97462,-27.47016],[152.96584,-27.46512],[152.96654,-27.45909]]]},"properties":{"postcode":"4065","state":"QLD","icsea_avg":1173,"school_count":4,"icsea_band":6}},{"type":"Feature","geometry":{"type":"Polygon","coordinates":[[[152.99463,-27.48987],[152.99211,-27.49498],[152.98939,-27.49137],[152.98292,-27.48841],[152.97199,-27.48873],[152.96813,-27.49093],[152.96083,-27.49004],[152.96016,-27.49367],[152.95489,-27.49017],[152.94848,-27.48927],[152.94753,-27.49438],[152.94362,-27.49382],[152.94479,-27.48698],[152.94367,-27.48269],[152.92325,-27.48003],[152.9185,-27.48085],[152.91978,-27.47145],[152.91539,-27.4708],[152.91969,-27.46283],[152.92946,-27.46533],[152.93586,-27.46257],[152.94403,-27.46383],[152.94492,-27.45901],[152.95778,-27.46076],[152.95833,-27.45803],[152.96654,-27.45909],[152.96584,-27.46512],[152.97462,-27.47016],[152.98182,-27.4722],[152.99321,-27.46824],[152.99816,-27.46891],[153.00314,-27.47542],[152.99508,-27.48524],[152.99463,-27.48987]]]},"properties":{"postcode":"4066","state":"QLD","icsea_avg":1162,"school_count":6,"icsea_band":6}},{"type":"Feature","geometry":{"type":"Polygon","coordinates":[[[152.99211,-27.49498],[152.99463,-27.48987],[153.00264,-27.49271],[153.01212,-27.49157],[153.00659,-27.49819],[153.00646,-27.50389],[153.00123,-27.50617],[152.99694,-27.50323],[152.99098,-27.50199],[152.99211,-27.49498]]]},"properties":{"postcode":"4067","state":"QLD","icsea_avg":1178,"school_count":1,"icsea_band":6}},{"type":"Feature","geometry":{"type":"MultiPolygon","coordinates":[[[[152.99211,-27.49498],[152.99098,-27.50199],[152.99694,-27.50323],[153.00123,-27.50617],[152.99778,-27.51475],[153.00182,-27.517],[153.00757,-27.51716],[153.0079,-27.52125],[152.99796,-27.52204],[152.99031,-27.51796],[152.98652,-27.51261],[152.97695,-27.50596],[152.97022,-27.50474],[152.96575,-27.51429],[152.96218,-27.51691],[152.95576,-27.51607],[152.95781,-27.5075],[152.96236,-27.50364],[152.96016,-27.49367],[152.96083,-27.49004],[152.96813,-27.49093],[152.97199,-27.48873],[152.98292,-27.48841],[152.98939,-27.49137],[152.99211,-27.49498]]],[[[152.98666,-27.51772],[152.97796,-27.51736],[152.96931,-27.51935],[152.96779,-27.51238],[152.9702,-27.5075],[152.9749,-27.50704],[152.98666,-27.51772]]]]},"properties":{"postcode":"4068","state":"QLD","icsea_avg":1115,"school_count":7,"icsea_band":5}},{"type":"Feature","geometry":{"type":"Polygon","coordinates":[[[152.84348,-27.50956],[152.84452,-27.50198],[152.84226,-27.49553],[152.8379,-27.49214],[152.82898,-27.49079],[152.82204,-27.48632],[152.81173,-27.47602],[152.81085,-27.46112],[152.82148,-27.45788],[152.8223,-27.45138],[152.82748,-27.44272],[152.84382,-27.44785],[152.84948,-27.44849],[152.85227,-27.44638],[152.86002,-27.44741],[152.86366,-27.44406],[152.87522,-27.44888],[152.88026,-27.45496],[152.88531,-27.45167],[152.88927,-27.4565],[152.89636,-27.45704],[152.90242,-27.4599],[152.90896,-27.45626],[152.91733,-27.45707],[152.92024,-27.45994],[152.91969,-27.46283],[152.91539,-27.4708],[152.91978,-27.47145],[152.9185,-27.48085],[152.92325,-27.48003],[152.94367,-27.48269],[152.94479,-27.48698],[152.94362,-27.49382],[152.94753,-27.49438],[152.94848,-27.48927],[152.95489,-27.49017],[152.96016,-27.49367],[152.96236,-27.50364],[152.95781,-27.5075],[152.95576,-27.51607],[152.96218,-27.51691],[152.96575,-27.51429],[152.9667,-27.51913],[152.971,-27.52615],[152.96987,-27.53507],[152.97353,-27.54067],[152.96663,-27.54352],[152.9591,-27.53249],[152.95002,-27.52727],[152.93837,-27.52539],[152.92866,-27.5278],[152.92596,-27.53198],[152.92474,-27.54092],[152.90513,-27.54325],[152.90192,-27.547],[152.90304,-27.55076],[152.90154,-27.55418],[152.8948,-27.55295],[152.8866,-27.54803],[152.88917,-27.54059],[152.88753,-27.53818],[152.86351,-27.53495],[152.86799,-27.51319],[152.84348,-27.50956]]]},"properties":{"postcode":"4069","state":"QLD","icsea_avg":1137,"school_count":12,"icsea_band":6}},{"type":"Feature","geometry":{"type":"Polygon","coordinates":[[[152.84348,-27.50956],[152.86799,-27.51319],[152.86351,-27.53495],[152.88753,-27.53818],[152.88917,-27.54059],[152.8866,-27.54803],[152.8948,-27.55295],[152.90154,-27.55418],[152.90304,-27.55076],[152.90437,-27.55613],[152.89456,-27.55993],[152.89468,-27.56296],[152.90088,-27.56739],[152.89336,-27.5762],[152.89403,-27.58217],[152.89683,-27.58772],[152.90172,-27.59211],[152.90558,-27.60051],[152.89882,-27.60214],[152.89614,-27.60076],[152.88892,-27.58933],[152.87451,-27.57867],[152.86858,-27.58171],[152.86207,-27.59689],[152.85694,-27.59477],[152.85613,-27.58234],[152.85379,-27.57439],[152.84969,-27.56584],[152.84964,-27.55685],[152.85279,-27.54862],[152.853,-27.54171],[152.84576,-27.52949],[152.84931,-27.52585],[152.84118,-27.5157],[152.84348,-27.50956]]]},"properties":{"postcode":"4070","state":"QLD","icsea_avg":1099,"school_count":1,"icsea_band":5}},{"type":"Feature","geometry":{"type":"Polygon","coordinates":[[[153.00646,-27.50389],[153.00659,-27.49819],[153.01212,-27.49157],[153.01879,-27.49591],[153.01965,-27.5015],[153.00646,-27.50389]]]},"properties":{"postcode":"4072","state":"QLD","icsea_avg":null,"school_count":0,"icsea_band":0}},{"type":"Feature","geometry":{"type":"Polygon","coordinates":[[[152.94972,-27.52917],[152.96021,-27.53691],[152.96521,-27.54463],[152.96206,-27.55522],[152.95269,-27.55826],[152.94175,-27.55873],[152.93991,-27.55768],[152.9426,-27.54396],[152.94819,-27.53646],[152.94972,-27.52917]]]},"properties":{"postcode":"4073","state":"QLD","icsea_avg":null,"school_count":0,"icsea_band":0}},{"type":"Feature","geometry":{"type":"Polygon","coordinates":[[[152.90184,-27.56869],[152.90241,-27.56636],[152.89605,-27.56172],[152.89739,-27.55974],[152.9067,-27.5566],[152.90668,-27.55305],[152.90321,-27.54672],[152.9067,-27.54395],[152.92454,-27.54254],[152.92733,-27.53888],[152.92805,-27.53048],[152.93228,-27.52838],[152.94972,-27.52917],[152.94819,-27.53646],[152.9426,-27.54396],[152.93991,-27.55768],[152.94413,-27.56992],[152.93166,-27.57054],[152.92897,-27.56842],[152.92197,-27.56795],[152.91591,-27.56568],[152.90929,-27.56577],[152.90184,-27.56869]]]},"properties":{"postcode":"4074","state":"QLD","icsea_avg":1090,"school_count":6,"icsea_band":5}},{"type":"Feature","geometry":{"type":"Polygon","coordinates":[[[152.96931,-27.51935],[152.97796,-27.51736],[152.98666,-27.51772],[152.99538,-27.52464],[152.99052,-27.52667],[152.99422,-27.53224],[152.98899,-27.53762],[152.99476,-27.54562],[152.99606,-27.55016],[152.98581,-27.55276],[152.9833,-27.55889],[152.98659,-27.564],[152.99078,-27.5666],[152.98822,-27.57028],[152.9884,-27.57523],[152.97399,-27.57822],[152.97275,-27.57263],[152.96654,-27.57384],[152.96206,-27.55522],[152.96521,-27.54463],[152.97426,-27.54456],[152.97513,-27.53969],[152.97138,-27.53273],[152.9729,-27.52634],[152.96931,-27.51935]]]},"properties":{"postcode":"4075","state":"QLD","icsea_avg":1117,"school_count":8,"icsea_band":6}},{"type":"Feature","geometry":{"type":"Polygon","coordinates":[[[152.90184,-27.56869],[152.90929,-27.56577],[152.91591,-27.56568],[152.92197,-27.56795],[152.92897,-27.56842],[152.93166,-27.57054],[152.94413,-27.56992],[152.93991,-27.55768],[152.94175,-27.55873],[152.95269,-27.55826],[152.96206,-27.55522],[152.96654,-27.57384],[152.94907,-27.58082],[152.93691,-27.58714],[152.9358,-27.58911],[152.94506,-27.59324],[152.94312,-27.60748],[152.94274,-27.60947],[152.91604,-27.60547],[152.91064,-27.60641],[152.90307,-27.60557],[152.90099,-27.60325],[152.9067,-27.60135],[152.90599,-27.59642],[152.90165,-27.58937],[152.89685,-27.58568],[152.89477,-27.57656],[152.90184,-27.56869]]]},"properties":{"postcode":"4076","state":"QLD","icsea_avg":943,"school_count":4,"icsea_band":1}},{"type":"Feature","geometry":{"type":"Polygon","coordinates":[[[152.94312,-27.60748],[152.94506,-27.59324],[152.9358,-27.58911],[152.93691,-27.58714],[152.94907,-27.58082],[152.96654,-27.57384],[152.97275,-27.57263],[152.97399,-27.57822],[152.9884,-27.57523],[152.99202,-27.58771],[152.9953,-27.58896],[152.9976,-27.597],[152.99189,-27.60557],[152.99838,-27.61321],[152.99342,-27.62009],[152.98501,-27.62133],[152.97505,-27.62301],[152.97756,-27.60983],[152.97176,-27.60717],[152.96159,-27.6092],[152.95986,-27.59912],[152.95002,-27.60095],[152.95042,-27.60519],[152.94312,-27.60748]]]},"properties":{"postcode":"4077","state":"QLD","icsea_avg":925,"school_count":9,"icsea_band":1}},{"type":"Feature","geometry":{"type":"Polygon","coordinates":[[[152.94073,-27.62866],[152.94073,-27.62245],[152.94274,-27.60947],[152.94312,-27.60748],[152.95042,-27.60519],[152.95002,-27.60095],[152.95986,-27.59912],[152.96159,-27.6092],[152.97176,-27.60717],[152.97756,-27.60983],[152.97505,-27.62301],[152.98501,-27.62133],[152.97946,-27.62462],[152.9774,-27.63307],[152.98673,-27.63438],[152.98552,-27.64099],[152.97381,-27.6362],[152.96926,-27.63653],[152.94986,-27.63303],[152.94073,-27.62866]]]},"properties":{"postcode":"4078","state":"QLD","icsea_avg":1034,"school_count":4,"icsea_band":4}},{"type":"Feature","geometry":{"type":"Polygon","coordinates":[[[153.0302,-27.48214],[153.03123,-27.48385],[153.02722,-27.49002],[153.01956,-27.49366],[153.01321,-27.48998],[152.99718,-27.48941],[152.99769,-27.48551],[153.00525,-27.47617],[153.01586,-27.46948],[153.01751,-27.46993],[153.02562,-27.48079],[153.0302,-27.48214]]]},"properties":{"postcode":"4101","state":"QLD","icsea_avg":1146,"school_count":4,"icsea_band":6}},{"type":"Feature","geometry":{"type":"Polygon","coordinates":[[[153.04598,-27.49192],[153.04809,-27.4948],[153.04184,-27.49795],[153.03956,-27.50175],[153.02685,-27.49983],[153.02327,-27.50033],[153.01956,-27.49366],[153.02722,-27.49002],[153.03123,-27.48385],[153.04017,-27.48518],[153.03919,-27.49005],[153.04598,-27.49192]]]},"properties":{"postcode":"4102","state":"QLD","icsea_avg":1107,"school_count":5,"icsea_band":5}},{"type":"Feature","geometry":{"type":"Polygon","coordinates":[[[153.02561,-27.52215],[153.02445,-27.5129],[153.01666,-27.51172],[153.01791,-27.50518],[153.02327,-27.50033],[153.02685,-27.49983],[153.03956,-27.50175],[153.03868,-27.509],[153.04243,-27.51423],[153.03892,-27.51371],[153.03518,-27.52343],[153.0324,-27.52503],[153.02561,-27.52215]]]},"properties":{"postcode":"4103","state":"QLD","icsea_avg":1064,"school_count":3,"icsea_band":4}},{"type":"Feature","geometry":{"type":"Polygon","coordinates":[[[153.01791,-27.50518],[153.01666,-27.51172],[153.02445,-27.5129],[153.02561,-27.52215],[153.01521,-27.52056],[153.00984,-27.52289],[153.01167,-27.51859],[153.00894,-27.51595],[152.99975,-27.51401],[153.0044,-27.5064],[153.01791,-27.50518]]]},"properties":{"postcode":"4104","state":"QLD","icsea_avg":1083,"school_count":3,"icsea_band":5}},{"type":"Feature","geometry":{"type":"Polygon","coordinates":[[[152.99422,-27.53224],[152.99052,-27.52667],[152.99538,-27.52464],[153.00984,-27.52289],[153.01521,-27.52056],[153.02561,-27.52215],[153.0324,-27.52503],[153.03067,-27.52922],[153.03971,-27.53083],[153.039,-27.5351],[153.03562,-27.53456],[153.0342,-27.54174],[153.02449,-27.54033],[153.02389,-27.5439],[153.0195,-27.54642],[153.01509,-27.54467],[153.00448,-27.53326],[152.998,-27.52968],[152.99422,-27.53224]]]},"properties":{"postcode":"4105","state":"QLD","icsea_avg":1044,"school_count":2,"icsea_band":4}},{"type":"Feature","geometry":{"type":"Polygon","coordinates":[[[152.98822,-27.57028],[152.99078,-27.5666],[152.98659,-27.564],[152.9833,-27.55889],[152.98581,-27.55276],[152.99606,-27.55016],[152.99476,-27.54562],[152.98899,-27.53762],[152.99422,-27.53224],[152.998,-27.52968],[153.00448,-27.53326],[153.01509,-27.54467],[153.0195,-27.54642],[153.01939,-27.54842],[153.02502,-27.5574],[153.01641,-27.56019],[153.01431,-27.57138],[153.01149,-27.58557],[152.99583,-27.58028],[152.99733,-27.57549],[152.98822,-27.57028]]]},"properties":{"postcode":"4106","state":"QLD","icsea_avg":963,"school_count":1,"icsea_band":2}},{"type":"Feature","geometry":{"type":"Polygon","coordinates":[[[153.0195,-27.54642],[153.02389,-27.5439],[153.02449,-27.54033],[153.0342,-27.54174],[153.03973,-27.54226],[153.03889,-27.54631],[153.04151,-27.55269],[153.04806,-27.55359],[153.04724,-27.55832],[153.04064,-27.55726],[153.03953,-27.56323],[153.03234,-27.56218],[153.02502,-27.5574],[153.01939,-27.54842],[153.0195,-27.54642]]]},"properties":{"postcode":"4107","state":"QLD","icsea_avg":1087,"school_count":3,"icsea_band":5}},{"type":"Feature","geometry":{"type":"Polygon","coordinates":[[[153.05069,-27.55879],[153.04784,-27.57413],[153.03762,-27.57428],[153.01431,-27.57138],[153.01641,-27.56019],[153.02502,-27.5574],[153.03234,-27.56218],[153.03953,-27.56323],[153.04064,-27.55726],[153.04724,-27.55832],[153.05069,-27.55879]]]},"properties":{"postcode":"4108","state":"QLD","icsea_avg":972,"school_count":1,"icsea_band":2}},{"type":"Feature","geometry":{"type":"Polygon","coordinates":[[[153.04297,-27.60413],[153.03982,-27.5991],[153.04108,-27.5929],[153.04513,-27.59217],[153.04619,-27.58648],[153.03814,-27.58535],[153.03992,-27.57542],[153.03762,-27.57428],[153.04784,-27.57413],[153.05069,-27.55879],[153.06611,-27.56107],[153.068,-27.55135],[153.0784,-27.56253],[153.08753,-27.56838],[153.07602,-27.57274],[153.07324,-27.58209],[153.06963,-27.58222],[153.06855,-27.58706],[153.06488,-27.59009],[153.0653,-27.59373],[153.06198,-27.61146],[153.05113,-27.61124],[153.04297,-27.60413]]]},"properties":{"postcode":"4109","state":"QLD","icsea_avg":1047,"school_count":12,"icsea_band":4}},{"type":"Feature","geometry":{"type":"Polygon","coordinates":[[[152.9884,-27.57523],[152.98822,-27.57028],[152.99733,-27.57549],[152.99583,-27.58028],[153.01149,-27.58557],[153.01431,-27.57138],[153.03762,-27.57428],[153.03992,-27.57542],[153.03814,-27.58535],[153.04619,-27.58648],[153.04513,-27.59217],[153.04108,-27.5929],[153.03982,-27.5991],[153.02832,-27.59745],[153.03268,-27.60354],[153.0243,-27.61484],[153.02205,-27.62839],[153.01554,-27.6397],[153.0151,-27.64413],[153.01944,-27.65265],[153.01935,-27.65739],[153.00742,-27.65652],[152.9972,-27.65436],[152.98408,-27.6487],[152.97579,-27.64371],[152.97337,-27.63905],[152.96926,-27.63653],[152.97381,-27.6362],[152.98552,-27.64099],[152.98673,-27.63438],[152.9774,-27.63307],[152.97946,-27.62462],[152.98501,-27.62133],[152.99342,-27.62009],[152.99838,-27.61321],[152.99189,-27.60557],[152.9976,-27.597],[152.9953,-27.58896],[152.99202,-27.58771],[152.9884,-27.57523]]]},"properties":{"postcode":"4110","state":"QLD","icsea_avg":915,"school_count":6,"icsea_band":1}},{"type":"Feature","geometry":{"type":"Polygon","coordinates":[[[153.0342,-27.54174],[153.03562,-27.53456],[153.039,-27.5351],[153.04811,-27.53867],[153.05288,-27.53713],[153.05885,-27.53818],[153.06074,-27.54282],[153.068,-27.55135],[153.06611,-27.56107],[153.05069,-27.55879],[153.04724,-27.55832],[153.04806,-27.55359],[153.04151,-27.55269],[153.03889,-27.54631],[153.03973,-27.54226],[153.0342,-27.54174]]]},"properties":{"postcode":"4111","state":"QLD","icsea_avg":null,"school_count":0,"icsea_band":0}},{"type":"Feature","geometry":{"type":"Polygon","coordinates":[[[153.10584,-27.59318],[153.10105,-27.61823],[153.09472,-27.61745],[153.08415,-27.61624],[153.07873,-27.6136],[153.07818,-27.61333],[153.07979,-27.60589],[153.09063,-27.60043],[153.09511,-27.60009],[153.09599,-27.5918],[153.10584,-27.59318]]]},"properties":{"postcode":"4112","state":"QLD","icsea_avg":1003,"school_count":2,"icsea_band":3}},{"type":"Feature","geometry":{"type":"Polygon","coordinates":[[[153.08753,-27.56838],[153.0924,-27.56472],[153.10428,-27.56415],[153.107,-27.5701],[153.10429,-27.57748],[153.10006,-27.57679],[153.11115,-27.59394],[153.10584,-27.59318],[153.09599,-27.5918],[153.09511,-27.60009],[153.09063,-27.60043],[153.07979,-27.60589],[153.07818,-27.61333],[153.0663,-27.6111],[153.06198,-27.61146],[153.0653,-27.59373],[153.06488,-27.59009],[153.06855,-27.58706],[153.06963,-27.58222],[153.07324,-27.58209],[153.07602,-27.57274],[153.08753,-27.56838]]]},"properties":{"postcode":"4113","state":"QLD","icsea_avg":1027,"school_count":4,"icsea_band":3}},{"type":"Feature","geometry":{"type":"Polygon","coordinates":[[[153.09472,-27.61745],[153.10105,-27.61823],[153.11581,-27.62039],[153.11852,-27.62851],[153.11854,-27.64425],[153.12583,-27.64529],[153.12699,-27.63969],[153.13729,-27.64083],[153.13511,-27.65254],[153.14532,-27.65505],[153.14324,-27.65666],[153.13296,-27.65763],[153.13104,-27.65329],[153.12703,-27.65488],[153.12424,-27.66172],[153.11869,-27.66631],[153.11922,-27.67247],[153.12155,-27.67713],[153.11693,-27.67973],[153.11057,-27.66903],[153.10582,-27.66587],[153.10225,-27.66679],[153.09172,-27.65965],[153.08609,-27.65818],[153.09834,-27.65343],[153.09995,-27.64337],[153.09457,-27.63934],[153.09461,-27.63177],[153.09748,-27.62291],[153.09472,-27.61745]]]},"properties":{"postcode":"4114","state":"QLD","icsea_avg":904,"school_count":11,"icsea_band":1}},{"type":"Feature","geometry":{"type":"Polygon","coordinates":[[[153.03982,-27.5991],[153.04297,-27.60413],[153.04245,-27.60988],[153.03528,-27.61652],[153.03228,-27.62767],[153.03838,-27.63262],[153.0442,-27.632],[153.04276,-27.63815],[153.04448,-27.64037],[153.04084,-27.64954],[153.04048,-27.6541],[153.03773,-27.66039],[153.01935,-27.65739],[153.01944,-27.65265],[153.0151,-27.64413],[153.01554,-27.6397],[153.02205,-27.62839],[153.0243,-27.61484],[153.03268,-27.60354],[153.02832,-27.59745],[153.03982,-27.5991]]]},"properties":{"postcode":"4115","state":"QLD","icsea_avg":1059,"school_count":2,"icsea_band":4}},{"type":"Feature","geometry":{"type":"Polygon","coordinates":[[[153.07818,-27.61333],[153.07873,-27.6136],[153.07672,-27.61967],[153.06828,-27.62245],[153.06556,-27.62655],[153.06107,-27.64077],[153.07005,-27.64223],[153.06857,-27.65036],[153.05929,-27.65646],[153.04048,-27.6541],[153.04084,-27.64954],[153.04448,-27.64037],[153.04276,-27.63815],[153.0442,-27.632],[153.03838,-27.63262],[153.03228,-27.62767],[153.03528,-27.61652],[153.04245,-27.60988],[153.04297,-27.60413],[153.05113,-27.61124],[153.06198,-27.61146],[153.0663,-27.6111],[153.07818,-27.61333]]]},"properties":{"postcode":"4116","state":"QLD","icsea_avg":1034,"school_count":4,"icsea_band":4}},{"type":"Feature","geometry":{"type":"Polygon","coordinates":[[[153.05929,-27.65646],[153.06857,-27.65036],[153.07005,-27.64223],[153.06107,-27.64077],[153.06556,-27.62655],[153.06828,-27.62245],[153.07672,-27.61967],[153.07873,-27.6136],[153.08415,-27.61624],[153.09472,-27.61745],[153.09748,-27.62291],[153.09461,-27.63177],[153.09457,-27.63934],[153.09995,-27.64337],[153.09834,-27.65343],[153.08609,-27.65818],[153.08401,-27.65921],[153.0821,-27.66974],[153.08093,-27.67606],[153.07977,-27.67764],[153.07098,-27.66936],[153.06251,-27.66387],[153.06281,-27.65789],[153.05929,-27.65646]]]},"properties":{"postcode":"4117","state":"QLD","icsea_avg":966,"school_count":2,"icsea_band":2}},{"type":"Feature","geometry":{"type":"Polygon","coordinates":[[[153.03166,-27.6866],[153.0313,-27.68048],[153.00773,-27.67758],[153.00898,-27.67059],[152.99219,-27.66757],[152.99133,-27.66043],[152.98217,-27.65909],[152.98408,-27.6487],[152.9972,-27.65436],[153.00742,-27.65652],[153.01935,-27.65739],[153.03773,-27.66039],[153.04048,-27.6541],[153.05929,-27.65646],[153.06281,-27.65789],[153.06251,-27.66387],[153.07098,-27.66936],[153.06686,-27.69246],[153.06814,-27.69265],[153.06711,-27.69804],[153.05569,-27.69542],[153.05675,-27.69028],[153.03166,-27.6866]]]},"properties":{"postcode":"4118","state":"QLD","icsea_avg":965,"school_count":6,"icsea_band":2}},{"type":"Feature","geometry":{"type":"Polygon","coordinates":[[[153.11581,-27.62039],[153.10105,-27.61823],[153.10584,-27.59318],[153.11115,-27.59394],[153.12169,-27.61024],[153.12304,-27.61269],[153.11912,-27.61977],[153.11581,-27.62039]]]},"properties":{"postcode":"4119","state":"QLD","icsea_avg":null,"school_count":0,"icsea_band":0}},{"type":"Feature","geometry":{"type":"Polygon","coordinates":[[[153.05952,-27.50913],[153.0535,-27.51294],[153.05298,-27.51622],[153.04665,-27.51629],[153.04243,-27.51423],[153.03868,-27.509],[153.03956,-27.50175],[153.04184,-27.49795],[153.04809,-27.4948],[153.05119,-27.49885],[153.05021,-27.50344],[153.05837,-27.50561],[153.05952,-27.50913]]]},"properties":{"postcode":"4120","state":"QLD","icsea_avg":1108,"school_count":1,"icsea_band":5}},{"type":"Feature","geometry":{"type":"Polygon","coordinates":[[[153.04243,-27.51423],[153.04665,-27.51629],[153.05298,-27.51622],[153.0535,-27.51294],[153.05952,-27.50913],[153.0744,-27.51395],[153.0847,-27.5169],[153.08374,-27.52175],[153.06283,-27.53487],[153.05885,-27.53818],[153.05288,-27.53713],[153.04811,-27.53867],[153.039,-27.5351],[153.03971,-27.53083],[153.03067,-27.52922],[153.0324,-27.52503],[153.03518,-27.52343],[153.03892,-27.51371],[153.04243,-27.51423]]]},"properties":{"postcode":"4121","state":"QLD","icsea_avg":1094,"school_count":9,"icsea_band":5}},{"type":"Feature","geometry":{"type":"Polygon","coordinates":[[[153.068,-27.55135],[153.06074,-27.54282],[153.05885,-27.53818],[153.06283,-27.53487],[153.08374,-27.52175],[153.0847,-27.5169],[153.08857,-27.51591],[153.10432,-27.51868],[153.10165,-27.52532],[153.10574,-27.52889],[153.11309,-27.52649],[153.11863,-27.53223],[153.12031,-27.53645],[153.11741,-27.54511],[153.11678,-27.54887],[153.10894,-27.56147],[153.10428,-27.56415],[153.0924,-27.56472],[153.08753,-27.56838],[153.0784,-27.56253],[153.068,-27.55135]]]},"properties":{"postcode":"4122","state":"QLD","icsea_avg":1085,"school_count":14,"icsea_band":5}},{"type":"Feature","geometry":{"type":"Polygon","coordinates":[[[153.12169,-27.61024],[153.11115,-27.59394],[153.10006,-27.57679],[153.10429,-27.57748],[153.107,-27.5701],[153.10428,-27.56415],[153.10894,-27.56147],[153.11678,-27.54887],[153.11741,-27.54511],[153.12656,-27.54716],[153.13607,-27.54804],[153.13795,-27.55043],[153.13681,-27.55666],[153.14295,-27.56255],[153.14593,-27.57095],[153.1383,-27.57369],[153.13585,-27.58412],[153.14089,-27.58744],[153.14274,-27.59122],[153.1465,-27.596],[153.15138,-27.5967],[153.14999,-27.60424],[153.14629,-27.602],[153.1448,-27.61055],[153.13041,-27.60808],[153.12169,-27.61024]]]},"properties":{"postcode":"4123","state":"QLD","icsea_avg":1068,"school_count":6,"icsea_band":4}},{"type":"Feature","geometry":{"type":"Polygon","coordinates":[[[152.87205,-27.67863],[152.8706,-27.67309],[152.88699,-27.6704],[152.8923,-27.67458],[152.89214,-27.67805],[152.89658,-27.68018],[152.90268,-27.68594],[152.89848,-27.68761],[152.90649,-27.69682],[152.92094,-27.69803],[152.91898,-27.69448],[152.92309,-27.68646],[152.92775,-27.68533],[152.93156,-27.66615],[152.92472,-27.65773],[152.93583,-27.6454],[152.93859,-27.64018],[152.94073,-27.62866],[152.94986,-27.63303],[152.96926,-27.63653],[152.97337,-27.63905],[152.97579,-27.64371],[152.98408,-27.6487],[152.98217,-27.65909],[152.99133,-27.66043],[152.99219,-27.66757],[153.00898,-27.67059],[153.00773,-27.67758],[153.0313,-27.68048],[153.03166,-27.6866],[153.02952,-27.69628],[153.03192,-27.70195],[153.03843,-27.70297],[153.0378,-27.7105],[153.034,-27.71452],[153.03072,-27.7251],[153.01845,-27.72341],[153.01258,-27.7243],[153.00601,-27.72332],[153.00434,-27.73236],[153.01087,-27.73334],[153.00742,-27.75188],[153.01167,-27.75602],[152.99515,-27.75282],[152.98861,-27.74461],[152.98116,-27.74834],[152.96969,-27.74695],[152.96897,-27.7567],[152.96394,-27.77078],[152.96198,-27.78155],[152.94901,-27.80357],[152.94779,-27.81022],[152.94146,-27.82335],[152.93602,-27.82708],[152.92592,-27.83804],[152.92492,-27.8419],[152.92184,-27.84606],[152.915,-27.84981],[152.90001,-27.85312],[152.89538,-27.85665],[152.89282,-27.85053],[152.88068,-27.84871],[152.87411,-27.8558],[152.87085,-27.85457],[152.85908,-27.85776],[152.85289,-27.86595],[152.847,-27.86819],[152.83959,-27.86721],[152.83576,-27.86913],[152.83065,-27.86501],[152.82043,-27.86576],[152.81966,-27.8589],[152.81378,-27.85489],[152.81527,-27.85205],[152.81219,-27.84729],[152.8007,-27.8442],[152.80056,-27.83156],[152.80405,-27.82486],[152.81406,-27.82621],[152.81636,-27.81363],[152.82641,-27.81505],[152.82646,-27.80751],[152.82443,-27.79377],[152.81834,-27.78495],[152.81143,-27.78681],[152.8033,-27.78559],[152.80803,-27.75866],[152.81139,-27.75491],[152.82226,-27.75639],[152.82302,-27.75204],[152.82824,-27.75273],[152.82926,-27.74679],[152.83458,-27.74758],[152.83394,-27.75267],[152.836,-27.75574],[152.84344,-27.7553],[152.85679,-27.75727],[152.85794,-27.75112],[152.87332,-27.75345],[152.87465,-27.74629],[152.88279,-27.74736],[152.89065,-27.70359],[152.89436,-27.70411],[152.89584,-27.69523],[152.87735,-27.69323],[152.87328,-27.68946],[152.87642,-27.68586],[152.87205,-27.67863]]]},"properties":{"postcode":"4124","state":"QLD","icsea_avg":974,"school_count":3,"icsea_band":2}},{"type":"Feature","geometry":{"type":"Polygon","coordinates":[[[153.06814,-27.69265],[153.07767,-27.69406],[153.07716,-27.69688],[153.0993,-27.70017],[153.09389,-27.70718],[153.09056,-27.72191],[153.06493,-27.71874],[153.06457,-27.72529],[153.06236,-27.73237],[153.06021,-27.74487],[153.05124,-27.74358],[153.04889,-27.7567],[153.04494,-27.75983],[153.03323,-27.75815],[153.03331,-27.76192],[153.02517,-27.76105],[153.02277,-27.75759],[153.01167,-27.75602],[153.00742,-27.75188],[153.01087,-27.73334],[153.00434,-27.73236],[153.00601,-27.72332],[153.01258,-27.7243],[153.01845,-27.72341],[153.03072,-27.7251],[153.034,-27.71452],[153.0378,-27.7105],[153.03843,-27.70297],[153.03192,-27.70195],[153.02952,-27.69628],[153.03166,-27.6866],[153.05675,-27.69028],[153.05569,-27.69542],[153.06711,-27.69804],[153.06814,-27.69265]]]},"properties":{"postcode":"4125","state":"QLD","icsea_avg":1009,"school_count":5,"icsea_band":3}},{"type":"Feature","geometry":{"type":"Polygon","coordinates":[[[153.11581,-27.62039],[153.11912,-27.61977],[153.12304,-27.61269],[153.12169,-27.61024],[153.13041,-27.60808],[153.1448,-27.61055],[153.14629,-27.602],[153.14999,-27.60424],[153.15138,-27.5967],[153.1465,-27.596],[153.14274,-27.59122],[153.14737,-27.59055],[153.1562,-27.59181],[153.15985,-27.59591],[153.17571,-27.60662],[153.18075,-27.60932],[153.18356,-27.61283],[153.1815,-27.62422],[153.17572,-27.62348],[153.17382,-27.63443],[153.17308,-27.63868],[153.16601,-27.63769],[153.16321,-27.63979],[153.16344,-27.64637],[153.1574,-27.64958],[153.16354,-27.65484],[153.16175,-27.65889],[153.15937,-27.66062],[153.15479,-27.65502],[153.14532,-27.65505],[153.13511,-27.65254],[153.13729,-27.64083],[153.12699,-27.63969],[153.12583,-27.64529],[153.11854,-27.64425],[153.11852,-27.62851],[153.11581,-27.62039]]]},"properties":{"postcode":"4127","state":"QLD","icsea_avg":1002,"school_count":10,"icsea_band":3}},{"type":"Feature","geometry":{"type":"Polygon","coordinates":[[[153.18907,-27.66736],[153.18295,-27.66374],[153.17092,-27.66251],[153.18177,-27.67335],[153.17955,-27.68467],[153.16681,-27.68342],[153.16322,-27.67149],[153.16044,-27.67147],[153.1595,-27.66934],[153.16175,-27.65889],[153.16354,-27.65484],[153.1574,-27.64958],[153.16344,-27.64637],[153.16321,-27.63979],[153.16601,-27.63769],[153.17308,-27.63868],[153.17382,-27.63443],[153.18225,-27.63424],[153.1831,-27.6384],[153.19357,-27.64158],[153.18907,-27.66736]]]},"properties":{"postcode":"4128","state":"QLD","icsea_avg":1009,"school_count":3,"icsea_band":3}},{"type":"Feature","geometry":{"type":"Polygon","coordinates":[[[153.2053,-27.68078],[153.20354,-27.68774],[153.19755,-27.69514],[153.18909,-27.69699],[153.1924,-27.69992],[153.19224,-27.7039],[153.18277,-27.69944],[153.17678,-27.69846],[153.16905,-27.6947],[153.16935,-27.68741],[153.16681,-27.68342],[153.17955,-27.68467],[153.18177,-27.67335],[153.17092,-27.66251],[153.18295,-27.66374],[153.18907,-27.66736],[153.19392,-27.67077],[153.19892,-27.67064],[153.19976,-27.67603],[153.2053,-27.68078]]]},"properties":{"postcode":"4129","state":"QLD","icsea_avg":967,"school_count":1,"icsea_band":2}},{"type":"Feature","geometry":{"type":"Polygon","coordinates":[[[153.28684,-27.69399],[153.27346,-27.698],[153.26623,-27.69275],[153.25651,-27.69189],[153.25243,-27.69746],[153.24328,-27.69832],[153.24485,-27.69235],[153.24263,-27.68771],[153.22281,-27.67859],[153.21764,-27.68032],[153.2053,-27.68078],[153.19976,-27.67603],[153.19892,-27.67064],[153.19392,-27.67077],[153.18907,-27.66736],[153.19357,-27.64158],[153.19394,-27.63946],[153.207,-27.64122],[153.20854,-27.64526],[153.23894,-27.64933],[153.2389,-27.64735],[153.25495,-27.64958],[153.25442,-27.65285],[153.26223,-27.65399],[153.26292,-27.65607],[153.27993,-27.65846],[153.28266,-27.6741],[153.28098,-27.68318],[153.28749,-27.68873],[153.28684,-27.69399]]]},"properties":{"postcode":"4130","state":"QLD","icsea_avg":1024,"school_count":5,"icsea_band":3}},{"type":"Feature","geometry":{"type":"Polygon","coordinates":[[[153.14532,-27.65505],[153.15479,-27.65502],[153.15937,-27.66062],[153.16175,-27.65889],[153.1595,-27.66934],[153.16044,-27.67147],[153.15075,-27.67868],[153.14737,-27.6796],[153.1413,-27.67672],[153.14133,-27.68222],[153.14958,-27.68808],[153.14204,-27.68821],[153.12271,-27.68645],[153.12155,-27.67713],[153.11922,-27.67247],[153.11869,-27.66631],[153.12424,-27.66172],[153.12703,-27.65488],[153.13104,-27.65329],[153.13296,-27.65763],[153.14324,-27.65666],[153.14532,-27.65505]]]},"properties":{"postcode":"4131","state":"QLD","icsea_avg":947,"school_count":2,"icsea_band":2}},{"type":"Feature","geometry":{"type":"Polygon","coordinates":[[[153.11693,-27.67973],[153.1076,-27.68554],[153.10283,-27.69132],[153.0993,-27.70017],[153.07716,-27.69688],[153.07767,-27.69406],[153.06814,-27.69265],[153.06686,-27.69246],[153.07098,-27.66936],[153.07977,-27.67764],[153.08093,-27.67606],[153.0821,-27.66974],[153.08401,-27.65921],[153.08609,-27.65818],[153.09172,-27.65965],[153.10225,-27.66679],[153.10582,-27.66587],[153.11057,-27.66903],[153.11693,-27.67973]]]},"properties":{"postcode":"4132","state":"QLD","icsea_avg":942,"school_count":4,"icsea_band":1}},{"type":"Feature","geometry":{"type":"Polygon","coordinates":[[[153.0993,-27.70017],[153.10283,-27.69132],[153.1076,-27.68554],[153.11693,-27.67973],[153.12155,-27.67713],[153.12271,-27.68645],[153.14204,-27.68821],[153.14958,-27.68808],[153.15084,-27.69162],[153.14892,-27.70027],[153.15534,-27.69906],[153.15444,-27.70421],[153.15998,-27.70506],[153.16081,-27.70916],[153.15792,-27.71692],[153.15919,-27.72068],[153.1224,-27.71506],[153.12339,-27.72154],[153.10904,-27.73199],[153.1194,-27.73756],[153.12041,-27.74329],[153.1121,-27.75006],[153.10358,-27.75497],[153.10144,-27.75758],[153.10281,-27.76862],[153.0971,-27.77179],[153.09227,-27.7656],[153.08928,-27.76753],[153.08352,-27.76993],[153.07565,-27.76672],[153.06442,-27.75864],[153.0646,-27.7507],[153.05784,-27.75295],[153.05191,-27.76806],[153.04379,-27.77447],[153.03546,-27.76178],[153.03331,-27.76192],[153.03323,-27.75815],[153.04494,-27.75983],[153.04889,-27.7567],[153.05124,-27.74358],[153.06021,-27.74487],[153.06236,-27.73237],[153.06457,-27.72529],[153.06493,-27.71874],[153.09056,-27.72191],[153.09389,-27.70718],[153.0993,-27.70017]]]},"properties":{"postcode":"4133","state":"QLD","icsea_avg":972,"school_count":5,"icsea_band":2}},{"type":"Feature","geometry":{"type":"Polygon","coordinates":[[[153.04809,-27.4948],[153.04598,-27.49192],[153.05226,-27.49097],[153.05106,-27.48581],[153.05716,-27.48069],[153.06082,-27.4863],[153.0635,-27.48671],[153.06815,-27.49869],[153.0758,-27.49999],[153.0744,-27.51395],[153.05952,-27.50913],[153.05837,-27.50561],[153.05021,-27.50344],[153.05119,-27.49885],[153.04809,-27.4948]]]},"properties":{"postcode":"4151","state":"QLD","icsea_avg":1088,"school_count":8,"icsea_band":5}},{"type":"Feature","geometry":{"type":"Polygon","coordinates":[[[153.11271,-27.48727],[153.12158,-27.48664],[153.12616,-27.49695],[153.12458,-27.50535],[153.12592,-27.51091],[153.12525,-27.52044],[153.12298,-27.53201],[153.12031,-27.53645],[153.11863,-27.53223],[153.11309,-27.52649],[153.10574,-27.52889],[153.10165,-27.52532],[153.10432,-27.51868],[153.08857,-27.51591],[153.0847,-27.5169],[153.0744,-27.51395],[153.0758,-27.49999],[153.06815,-27.49869],[153.0635,-27.48671],[153.07141,-27.48807],[153.07834,-27.48741],[153.08151,-27.48262],[153.08766,-27.48149],[153.08888,-27.47488],[153.09526,-27.475],[153.09881,-27.4834],[153.10386,-27.48596],[153.11271,-27.48727]]]},"properties":{"postcode":"4152","state":"QLD","icsea_avg":1100,"school_count":9,"icsea_band":5}},{"type":"Feature","geometry":{"type":"Polygon","coordinates":[[[153.12158,-27.48664],[153.11872,-27.48171],[153.12258,-27.47997],[153.12651,-27.48477],[153.13665,-27.48632],[153.14088,-27.48903],[153.13947,-27.49639],[153.15189,-27.49831],[153.15091,-27.50203],[153.14952,-27.50958],[153.14487,-27.51246],[153.14198,-27.52794],[153.14081,-27.53453],[153.12298,-27.53201],[153.12525,-27.52044],[153.12592,-27.51091],[153.12458,-27.50535],[153.12616,-27.49695],[153.12158,-27.48664]]]},"properties":{"postcode":"4153","state":"QLD","icsea_avg":null,"school_count":0,"icsea_band":0}},{"type":"Feature","geometry":{"type":"Polygon","coordinates":[[[153.14519,-27.47476],[153.15304,-27.476],[153.15878,-27.47486],[153.16894,-27.47748],[153.17841,-27.4767],[153.18478,-27.47318],[153.18906,-27.47496],[153.19637,-27.47939],[153.18757,-27.4841],[153.18621,-27.48705],[153.18989,-27.49414],[153.18455,-27.50153],[153.17815,-27.50054],[153.17743,-27.50614],[153.15091,-27.50203],[153.15189,-27.49831],[153.13947,-27.49639],[153.14088,-27.48903],[153.13936,-27.48347],[153.14081,-27.47591],[153.14519,-27.47476]]]},"properties":{"postcode":"4154","state":"QLD","icsea_avg":1022,"school_count":2,"icsea_band":3}},{"type":"Feature","geometry":{"type":"Polygon","coordinates":[[[153.14198,-27.52794],[153.14487,-27.51246],[153.14952,-27.50958],[153.15091,-27.50203],[153.17743,-27.50614],[153.17961,-27.51329],[153.1708,-27.51043],[153.17169,-27.51511],[153.16955,-27.52616],[153.17642,-27.53282],[153.14198,-27.52794]]]},"properties":{"postcode":"4155","state":"QLD","icsea_avg":null,"school_count":0,"icsea_band":0}},{"type":"Feature","geometry":{"type":"Polygon","coordinates":[[[153.17571,-27.60662],[153.15985,-27.59591],[153.1562,-27.59181],[153.14737,-27.59055],[153.14274,-27.59122],[153.14089,-27.58744],[153.13585,-27.58412],[153.1383,-27.57369],[153.14593,-27.57095],[153.14295,-27.56255],[153.13681,-27.55666],[153.13795,-27.55043],[153.13607,-27.54804],[153.12656,-27.54716],[153.11741,-27.54511],[153.12031,-27.53645],[153.12298,-27.53201],[153.14081,-27.53453],[153.14198,-27.52794],[153.17642,-27.53282],[153.17182,-27.53672],[153.17502,-27.54255],[153.18334,-27.54473],[153.18292,-27.55031],[153.18872,-27.55172],[153.19132,-27.56089],[153.18191,-27.56233],[153.17979,-27.57017],[153.18255,-27.57366],[153.17763,-27.57856],[153.17762,-27.58671],[153.17185,-27.59109],[153.17416,-27.5955],[153.17155,-27.59945],[153.17606,-27.60166],[153.17571,-27.60662]]]},"properties":{"postcode":"4156","state":"QLD","icsea_avg":1083,"school_count":3,"icsea_band":5}},{"type":"Feature","geometry":{"type":"Polygon","coordinates":[[[153.17642,-27.53282],[153.16955,-27.52616],[153.17169,-27.51511],[153.1708,-27.51043],[153.17961,-27.51329],[153.17743,-27.50614],[153.17815,-27.50054],[153.18455,-27.50153],[153.19724,-27.50976],[153.2013,-27.51404],[153.21043,-27.51388],[153.21071,-27.52134],[153.20851,-27.53579],[153.22215,-27.54782],[153.22706,-27.54917],[153.2315,-27.55283],[153.23422,-27.56302],[153.23548,-27.56622],[153.23026,-27.58682],[153.22318,-27.5844],[153.21916,-27.58838],[153.21671,-27.59491],[153.21033,-27.59939],[153.20351,-27.61111],[153.18447,-27.60847],[153.18075,-27.60932],[153.17571,-27.60662],[153.17606,-27.60166],[153.17155,-27.59945],[153.17416,-27.5955],[153.17185,-27.59109],[153.17762,-27.58671],[153.17763,-27.57856],[153.18255,-27.57366],[153.17979,-27.57017],[153.18191,-27.56233],[153.19132,-27.56089],[153.18872,-27.55172],[153.18292,-27.55031],[153.18334,-27.54473],[153.17502,-27.54255],[153.17182,-27.53672],[153.17642,-27.53282]]]},"properties":{"postcode":"4157","state":"QLD","icsea_avg":1038,"school_count":4,"icsea_band":4}},{"type":"Feature","geometry":{"type":"Polygon","coordinates":[[[153.20966,-27.48231],[153.21246,-27.48989],[153.20886,-27.49261],[153.20069,-27.49118],[153.19672,-27.48899],[153.18716,-27.48756],[153.18828,-27.48432],[153.19689,-27.48163],[153.19846,-27.47385],[153.20281,-27.47329],[153.20398,-27.47861],[153.20966,-27.48231]]]},"properties":{"postcode":"4158","state":"QLD","icsea_avg":1037,"school_count":1,"icsea_band":4}},{"type":"Feature","geometry":{"type":"Polygon","coordinates":[[[153.18455,-27.50153],[153.18989,-27.49414],[153.18716,-27.48756],[153.19672,-27.48899],[153.20069,-27.49118],[153.20886,-27.49261],[153.21246,-27.48989],[153.20966,-27.48231],[153.21798,-27.48134],[153.22687,-27.48286],[153.22955,-27.49378],[153.22866,-27.49908],[153.22381,-27.50735],[153.23043,-27.50836],[153.22951,-27.51367],[153.22777,-27.51541],[153.21288,-27.51268],[153.21043,-27.51388],[153.2013,-27.51404],[153.19724,-27.50976],[153.18455,-27.50153]]]},"properties":{"postcode":"4159","state":"QLD","icsea_avg":1022,"school_count":3,"icsea_band":3}},{"type":"Feature","geometry":{"type":"Polygon","coordinates":[[[153.2646,-27.51603],[153.26413,-27.52461],[153.24617,-27.52374],[153.24445,-27.51709],[153.22951,-27.51367],[153.23043,-27.50836],[153.22381,-27.50735],[153.22866,-27.49908],[153.22955,-27.49378],[153.22687,-27.48286],[153.2351,-27.47989],[153.23888,-27.47246],[153.24227,-27.47528],[153.24169,-27.48076],[153.25371,-27.48289],[153.25994,-27.48293],[153.26138,-27.48689],[153.25761,-27.49162],[153.26431,-27.49984],[153.26103,-27.51087],[153.2646,-27.51603]]]},"properties":{"postcode":"4160","state":"QLD","icsea_avg":1065,"school_count":5,"icsea_band":4}},{"type":"Feature","geometry":{"type":"Polygon","coordinates":[[[153.24617,-27.52374],[153.24983,-27.52903],[153.24544,-27.54068],[153.24205,-27.54687],[153.23789,-27.55115],[153.23765,-27.55963],[153.23422,-27.56302],[153.2315,-27.55283],[153.22706,-27.54917],[153.22215,-27.54782],[153.20851,-27.53579],[153.21071,-27.52134],[153.21043,-27.51388],[153.21288,-27.51268],[153.22777,-27.51541],[153.22951,-27.51367],[153.24445,-27.51709],[153.24617,-27.52374]]]},"properties":{"postcode":"4161","state":"QLD","icsea_avg":1006,"school_count":6,"icsea_band":3}},{"type":"Feature","geometry":{"type":"Polygon","coordinates":[[[153.24205,-27.54687],[153.24544,-27.54068],[153.24983,-27.52903],[153.24617,-27.52374],[153.26413,-27.52461],[153.2646,-27.51603],[153.27375,-27.5163],[153.2892,-27.51407],[153.28673,-27.52365],[153.28362,-27.5296],[153.28484,-27.53485],[153.2779,-27.54052],[153.28374,-27.54629],[153.28116,-27.54913],[153.24205,-27.54687]]]},"properties":{"postcode":"4163","state":"QLD","icsea_avg":1034,"school_count":4,"icsea_band":4}},{"type":"Feature","geometry":{"type":"Polygon","coordinates":[[[153.29073,-27.56497],[153.28978,-27.57138],[153.29428,-27.57271],[153.29436,-27.57836],[153.29045,-27.5801],[153.28238,-27.5791],[153.27765,-27.58433],[153.2718,-27.5857],[153.26118,-27.58343],[153.25254,-27.58833],[153.24541,-27.58541],[153.24352,-27.58809],[153.23536,-27.58638],[153.23026,-27.58682],[153.23548,-27.56622],[153.23422,-27.56302],[153.23765,-27.55963],[153.23789,-27.55115],[153.24205,-27.54687],[153.28116,-27.54913],[153.28486,-27.55521],[153.29032,-27.55945],[153.29073,-27.56497]]]},"properties":{"postcode":"4164","state":"QLD","icsea_avg":1025,"school_count":4,"icsea_band":3}},{"type":"Feature","geometry":{"type":"Polygon","coordinates":[[[153.19357,-27.64158],[153.1831,-27.6384],[153.18225,-27.63424],[153.17382,-27.63443],[153.17572,-27.62348],[153.1815,-27.62422],[153.18356,-27.61283],[153.18075,-27.60932],[153.18447,-27.60847],[153.20351,-27.61111],[153.21033,-27.59939],[153.21671,-27.59491],[153.21916,-27.58838],[153.22318,-27.5844],[153.23026,-27.58682],[153.23536,-27.58638],[153.24352,-27.58809],[153.24541,-27.58541],[153.25254,-27.58833],[153.26118,-27.58343],[153.2718,-27.5857],[153.27765,-27.58433],[153.28238,-27.5791],[153.29045,-27.5801],[153.29436,-27.57836],[153.29428,-27.57271],[153.28978,-27.57138],[153.29073,-27.56497],[153.29962,-27.5632],[153.30784,-27.565],[153.30866,-27.56888],[153.30491,-27.574],[153.30883,-27.58039],[153.31224,-27.5817],[153.31229,-27.58977],[153.30707,-27.59037],[153.30223,-27.59563],[153.30172,-27.60332],[153.30322,-27.60952],[153.31086,-27.61813],[153.31045,-27.62691],[153.31289,-27.64269],[153.30859,-27.64873],[153.31025,-27.6526],[153.3083,-27.65689],[153.31133,-27.66342],[153.31998,-27.67273],[153.31621,-27.68222],[153.32107,-27.69256],[153.32285,-27.69919],[153.31358,-27.70543],[153.30752,-27.70722],[153.30102,-27.70657],[153.29505,-27.69948],[153.29267,-27.69242],[153.28684,-27.69399],[153.28749,-27.68873],[153.28098,-27.68318],[153.28266,-27.6741],[153.27993,-27.65846],[153.26292,-27.65607],[153.26223,-27.65399],[153.25442,-27.65285],[153.25495,-27.64958],[153.2389,-27.64735],[153.23894,-27.64933],[153.20854,-27.64526],[153.207,-27.64122],[153.19394,-27.63946],[153.19357,-27.64158]]]},"properties":{"postcode":"4165","state":"QLD","icsea_avg":1011,"school_count":7,"icsea_band":3}},{"type":"Feature","geometry":{"type":"Polygon","coordinates":[[[153.05014,-27.476],[153.05716,-27.48069],[153.05106,-27.48581],[153.05226,-27.49097],[153.04598,-27.49192],[153.03919,-27.49005],[153.04017,-27.48518],[153.03123,-27.48385],[153.0302,-27.48214],[153.03435,-27.47657],[153.0339,-27.46776],[153.03753,-27.46715],[153.03958,-27.47444],[153.04521,-27.47796],[153.05014,-27.476]]]},"properties":{"postcode":"4169","state":"QLD","icsea_avg":1125,"school_count":3,"icsea_band":6}},{"type":"Feature","geometry":{"type":"Polygon","coordinates":[[[153.05014,-27.476],[153.05741,-27.46979],[153.06351,-27.47187],[153.0644,-27.46599],[153.06775,-27.46045],[153.07165,-27.46107],[153.07318,-27.45488],[153.06925,-27.45024],[153.0701,-27.44553],[153.08454,-27.45006],[153.08963,-27.44974],[153.08791,-27.45738],[153.08974,-27.46363],[153.09668,-27.46668],[153.09625,-27.46958],[153.1072,-27.47127],[153.10587,-27.47526],[153.11042,-27.47634],[153.10901,-27.48278],[153.11271,-27.48727],[153.10386,-27.48596],[153.09881,-27.4834],[153.09526,-27.475],[153.08888,-27.47488],[153.08766,-27.48149],[153.08151,-27.48262],[153.07834,-27.48741],[153.07141,-27.48807],[153.0635,-27.48671],[153.06082,-27.4863],[153.05716,-27.48069],[153.05014,-27.476]]]},"properties":{"postcode":"4170","state":"QLD","icsea_avg":1109,"school_count":6,"icsea_band":5}},{"type":"Feature","geometry":{"type":"Polygon","coordinates":[[[153.0701,-27.44553],[153.06925,-27.45024],[153.07318,-27.45488],[153.07165,-27.46107],[153.06775,-27.46045],[153.0644,-27.46599],[153.06351,-27.47187],[153.05741,-27.46979],[153.05371,-27.4616],[153.05337,-27.45469],[153.0507,-27.44488],[153.0536,-27.44224],[153.06705,-27.44416],[153.0701,-27.44553]]]},"properties":{"postcode":"4171","state":"QLD","icsea_avg":1112,"school_count":4,"icsea_band":5}},{"type":"Feature","geometry":{"type":"Polygon","coordinates":[[[153.12677,-27.462],[153.12221,-27.46163],[153.11094,-27.46354],[153.1072,-27.47127],[153.09625,-27.46958],[153.09668,-27.46668],[153.08974,-27.46363],[153.08791,-27.45738],[153.08963,-27.44974],[153.09887,-27.44824],[153.11361,-27.44129],[153.12118,-27.43334],[153.12952,-27.42853],[153.12933,-27.43327],[153.12575,-27.43935],[153.11395,-27.44337],[153.11606,-27.44799],[153.12075,-27.44776],[153.11938,-27.4557],[153.12632,-27.45675],[153.12677,-27.462]]]},"properties":{"postcode":"4172","state":"QLD","icsea_avg":956,"school_count":1,"icsea_band":2}},{"type":"Feature","geometry":{"type":"Polygon","coordinates":[[[153.12677,-27.462],[153.14342,-27.4646],[153.15492,-27.46624],[153.14519,-27.47476],[153.14081,-27.47591],[153.13936,-27.48347],[153.14088,-27.48903],[153.13665,-27.48632],[153.12651,-27.48477],[153.12258,-27.47997],[153.11872,-27.48171],[153.12158,-27.48664],[153.11271,-27.48727],[153.10901,-27.48278],[153.11042,-27.47634],[153.10587,-27.47526],[153.1072,-27.47127],[153.11094,-27.46354],[153.12221,-27.46163],[153.12677,-27.462]]]},"properties":{"postcode":"4173","state":"QLD","icsea_avg":1079,"school_count":1,"icsea_band":4}},{"type":"Feature","geometry":{"type":"Polygon","coordinates":[[[153.14342,-27.4646],[153.12677,-27.462],[153.12632,-27.45675],[153.11938,-27.4557],[153.12075,-27.44776],[153.11606,-27.44799],[153.11395,-27.44337],[153.12575,-27.43935],[153.12933,-27.43327],[153.12952,-27.42853],[153.1358,-27.42579],[153.13595,-27.4309],[153.13977,-27.43365],[153.13606,-27.43869],[153.14253,-27.44307],[153.14272,-27.46084],[153.14342,-27.4646]]]},"properties":{"postcode":"4174","state":"QLD","icsea_avg":903,"school_count":1,"icsea_band":1}},{"type":"Feature","geometry":{"type":"MultiPolygon","coordinates":[[[[153.1358,-27.42579],[153.14316,-27.42085],[153.15264,-27.40613],[153.15825,-27.39939],[153.15649,-27.39245],[153.16081,-27.38316],[153.16778,-27.37623],[153.18884,-27.34546],[153.20219,-27.35289],[153.17925,-27.38572],[153.18348,-27.39328],[153.17765,-27.39641],[153.16768,-27.39387],[153.16581,-27.40122],[153.17017,-27.40148],[153.17351,-27.40479],[153.1737,-27.41588],[153.17014,-27.41709],[153.17151,-27.43187],[153.17543,-27.44038],[153.17901,-27.44397],[153.18447,-27.44596],[153.17964,-27.4532],[153.16732,-27.45432],[153.15953,-27.46378],[153.15492,-27.46624],[153.14342,-27.4646],[153.14272,-27.46084],[153.14253,-27.44307],[153.13606,-27.43869],[153.13977,-27.43365],[153.13595,-27.4309],[153.1358,-27.42579]]],[[[153.18854,-27.40104],[153.17852,-27.39606],[153.18361,-27.39343],[153.18854,-27.40104]]]]},"properties":{"postcode":"4178","state":"QLD","icsea_avg":1027,"school_count":6,"icsea_band":3}},{"type":"Feature","geometry":{"type":"Polygon","coordinates":[[[153.18906,-27.47496],[153.18478,-27.47318],[153.17841,-27.4767],[153.16894,-27.47748],[153.15878,-27.47486],[153.15304,-27.476],[153.14519,-27.47476],[153.15492,-27.46624],[153.15953,-27.46378],[153.16732,-27.45432],[153.17964,-27.4532],[153.18447,-27.44596],[153.18652,-27.45117],[153.19454,-27.45901],[153.19008,-27.46196],[153.19419,-27.47246],[153.18906,-27.47496]]]},"properties":{"postcode":"4179","state":"QLD","icsea_avg":1072,"school_count":8,"icsea_band":4}},{"type":"Feature","geometry":{"type":"MultiPolygon","coordinates":[[[[153.44588,-27.71684],[153.43683,-27.71804],[153.43214,-27.7283],[153.43701,-27.73385],[153.42523,-27.74044],[153.41815,-27.74063],[153.41159,-27.7384],[153.40577,-27.73207],[153.40531,-27.72198],[153.39312,-27.70668],[153.40017,-27.70245],[153.40215,-27.69235],[153.39676,-27.68208],[153.4014,-27.66894],[153.39879,-27.66487],[153.3999,-27.66144],[153.40896,-27.65645],[153.41189,-27.65289],[153.4184,-27.64893],[153.42166,-27.64205],[153.4162,-27.63197],[153.41243,-27.6227],[153.40886,-27.61976],[153.40738,-27.60883],[153.41046,-27.60614],[153.41374,-27.59429],[153.41172,-27.587],[153.41339,-27.57886],[153.41031,-27.57683],[153.41256,-27.57208],[153.41033,-27.56776],[153.41193,-27.54878],[153.40925,-27.53786],[153.4104,-27.5311],[153.40994,-27.524],[153.41272,-27.51682],[153.41254,-27.51164],[153.40998,-27.50656],[153.40256,-27.50287],[153.39845,-27.49674],[153.40661,-27.48973],[153.40855,-27.48425],[153.40913,-27.47601],[153.41773,-27.47472],[153.42303,-27.47012],[153.42405,-27.4648],[153.42922,-27.45256],[153.42876,-27.44977],[153.43605,-27.42799],[153.43938,-27.41321],[153.43654,-27.40383],[153.43882,-27.39418],[153.44093,-27.39233],[153.45392,-27.38791],[153.4603,-27.39193],[153.47353,-27.40859],[153.48317,-27.41556],[153.49285,-27.4184],[153.50919,-27.4213],[153.51618,-27.42099],[153.52134,-27.42409],[153.52853,-27.42597],[153.53544,-27.42395],[153.54333,-27.42535],[153.54268,-27.43062],[153.54671,-27.43483],[153.54225,-27.43697],[153.53277,-27.45125],[153.52719,-27.46159],[153.51278,-27.49558],[153.50176,-27.52308],[153.48426,-27.57084],[153.47377,-27.60397],[153.4706,-27.61584],[153.46155,-27.65573],[153.45688,-27.68092],[153.45379,-27.70372],[153.4531,-27.71447],[153.45405,-27.72848],[153.45112,-27.73029],[153.43906,-27.73331],[153.43572,-27.73024],[153.43796,-27.7271],[153.44418,-27.72708],[153.44588,-27.71684]]],[[[153.33868,-27.496],[153.34504,-27.49308],[153.3517,-27.49323],[153.35774,-27.49041],[153.35928,-27.48576],[153.36383,-27.48911],[153.3708,-27.48951],[153.37388,-27.4931],[153.37463,-27.49843],[153.3639,-27.50032],[153.35194,-27.50626],[153.34455,-27.51396],[153.34153,-27.50345],[153.33807,-27.49904],[153.33868,-27.496]]]]},"properties":{"postcode":"4183","state":"QLD","icsea_avg":893,"school_count":1,"icsea_band":1}},{"type":"Feature","geometry":{"type":"MultiPolygon","coordinates":[[[[153.39493,-27.64501],[153.40136,-27.64468],[153.39587,-27.65364],[153.39023,-27.65543],[153.38832,-27.65858],[153.39232,-27.66624],[153.39361,-27.67371],[153.39313,-27.68503],[153.39506,-27.6918],[153.39035,-27.70437],[153.38492,-27.70933],[153.37419,-27.70654],[153.36904,-27.70308],[153.36537,-27.69607],[153.36915,-27.68864],[153.37362,-27.68578],[153.37327,-27.6815],[153.37797,-27.67701],[153.3771,-27.67096],[153.37279,-27.66843],[153.3695,-27.67164],[153.36581,-27.66989],[153.365,-27.65273],[153.37095,-27.64606],[153.38977,-27.64599],[153.39493,-27.64501]]],[[[153.36715,-27.6095],[153.37078,-27.61053],[153.37599,-27.61922],[153.37302,-27.62443],[153.36658,-27.6313],[153.3619,-27.63238],[153.35977,-27.62809],[153.35313,-27.62513],[153.34876,-27.62104],[153.349,-27.60221],[153.35161,-27.60055],[153.35764,-27.58851],[153.35721,-27.58352],[153.36067,-27.58043],[153.36434,-27.5845],[153.36183,-27.59792],[153.36239,-27.60179],[153.35896,-27.60714],[153.36036,-27.61432],[153.36601,-27.61676],[153.36865,-27.61313],[153.36715,-27.6095]]],[[[153.32853,-27.66669],[153.32764,-27.65986],[153.32294,-27.65196],[153.32546,-27.64842],[153.32869,-27.63501],[153.33585,-27.63943],[153.34114,-27.64659],[153.33924,-27.65607],[153.3331,-27.66544],[153.32853,-27.66669]]],[[[153.31944,-27.68111],[153.32649,-27.6774],[153.33491,-27.68311],[153.33991,-27.69062],[153.33911,-27.69517],[153.32745,-27.69484],[153.32138,-27.69027],[153.31944,-27.68111]]],[[[153.35136,-27.65744],[153.35609,-27.65268],[153.35562,-27.66662],[153.36177,-27.68396],[153.35592,-27.68718],[153.35029,-27.68418],[153.34952,-27.67918],[153.35339,-27.66721],[153.35136,-27.65744]]],[[[153.32215,-27.57021],[153.32654,-27.57033],[153.32678,-27.5651],[153.33197,-27.56276],[153.33877,-27.56676],[153.33745,-27.57344],[153.32352,-27.57477],[153.32215,-27.57021]]],[[[153.3348,-27.62254],[153.33944,-27.62047],[153.34229,-27.62714],[153.34999,-27.63024],[153.35171,-27.63517],[153.34739,-27.63873],[153.33601,-27.6268],[153.3348,-27.62254]]],[[[153.38313,-27.61713],[153.38919,-27.62087],[153.38536,-27.62613],[153.37826,-27.6319],[153.37244,-27.63075],[153.375,-27.62114],[153.38315,-27.62078],[153.38313,-27.61713]]],[[[153.3692,-27.63557],[153.37981,-27.639],[153.37738,-27.64259],[153.36501,-27.63952],[153.3692,-27.63557]]],[[[153.34139,-27.60589],[153.34082,-27.61726],[153.33719,-27.62093],[153.33355,-27.6156],[153.33605,-27.60758],[153.34139,-27.60589]]]]},"properties":{"postcode":"4184","state":"QLD","icsea_avg":934,"school_count":2,"icsea_band":1}},{"type":"Feature","geometry":{"type":"Polygon","coordinates":[[[153.14958,-27.68808],[153.14133,-27.68222],[153.1413,-27.67672],[153.14737,-27.6796],[153.15075,-27.67868],[153.16044,-27.67147],[153.16322,-27.67149],[153.16681,-27.68342],[153.16935,-27.68741],[153.16905,-27.6947],[153.16464,-27.69416],[153.15998,-27.70506],[153.15444,-27.70421],[153.15534,-27.69906],[153.14892,-27.70027],[153.15084,-27.69162],[153.14958,-27.68808]]]},"properties":{"postcode":"4205","state":"QLD","icsea_avg":1043,"school_count":1,"icsea_band":4}},{"type":"Feature","geometry":{"type":"Polygon","coordinates":[[[153.08649,-27.82842],[153.08634,-27.82186],[153.07313,-27.81999],[153.07616,-27.80403],[153.0714,-27.80443],[153.0702,-27.79295],[153.07428,-27.78667],[153.08675,-27.78369],[153.08969,-27.77703],[153.09127,-27.76898],[153.08928,-27.76753],[153.09227,-27.7656],[153.0971,-27.77179],[153.10281,-27.76862],[153.10144,-27.75758],[153.10358,-27.75497],[153.1121,-27.75006],[153.12041,-27.74329],[153.1194,-27.73756],[153.10904,-27.73199],[153.12339,-27.72154],[153.1224,-27.71506],[153.15919,-27.72068],[153.15792,-27.71692],[153.16081,-27.70916],[153.15998,-27.70506],[153.16464,-27.69416],[153.16905,-27.6947],[153.17678,-27.69846],[153.18277,-27.69944],[153.19224,-27.7039],[153.1924,-27.69992],[153.18909,-27.69699],[153.19755,-27.69514],[153.20354,-27.68774],[153.2053,-27.68078],[153.21764,-27.68032],[153.22281,-27.67859],[153.24263,-27.68771],[153.24485,-27.69235],[153.24328,-27.69832],[153.25243,-27.69746],[153.25651,-27.69189],[153.26623,-27.69275],[153.27346,-27.698],[153.28684,-27.69399],[153.29267,-27.69242],[153.29226,-27.69816],[153.29837,-27.70986],[153.30366,-27.71447],[153.30945,-27.71399],[153.32124,-27.71024],[153.32805,-27.697],[153.33219,-27.69624],[153.33874,-27.69827],[153.34849,-27.69539],[153.35337,-27.69979],[153.35545,-27.70998],[153.35898,-27.71096],[153.35754,-27.72447],[153.36122,-27.73471],[153.35835,-27.742],[153.35404,-27.74696],[153.35433,-27.75474],[153.36178,-27.76354],[153.35394,-27.76412],[153.35085,-27.76079],[153.34128,-27.76034],[153.33984,-27.76385],[153.3265,-27.76664],[153.31697,-27.76591],[153.30188,-27.76258],[153.30264,-27.75821],[153.30017,-27.75036],[153.29161,-27.74931],[153.29115,-27.74505],[153.28635,-27.7396],[153.28238,-27.73051],[153.28181,-27.72277],[153.27008,-27.72111],[153.26812,-27.72456],[153.26512,-27.7401],[153.25691,-27.75017],[153.24429,-27.75114],[153.23935,-27.75607],[153.24276,-27.76215],[153.23392,-27.76304],[153.23163,-27.76829],[153.2285,-27.76925],[153.22826,-27.77859],[153.2316,-27.78868],[153.24618,-27.79101],[153.24507,-27.79582],[153.26116,-27.79841],[153.25391,-27.80463],[153.2509,-27.8094],[153.24506,-27.80456],[153.23585,-27.80524],[153.23453,-27.80987],[153.22766,-27.81311],[153.22099,-27.80906],[153.21566,-27.80372],[153.20953,-27.80066],[153.20815,-27.8063],[153.2119,-27.81264],[153.21198,-27.82287],[153.21423,-27.82551],[153.21568,-27.83891],[153.21335,-27.84194],[153.20892,-27.85715],[153.21626,-27.85832],[153.21433,-27.86861],[153.21484,-27.87699],[153.20896,-27.87609],[153.20724,-27.885],[153.20486,-27.88464],[153.20315,-27.89382],[153.1959,-27.89283],[153.19504,-27.89718],[153.18068,-27.89508],[153.18334,-27.89136],[153.18627,-27.88124],[153.18542,-27.87376],[153.18894,-27.8551],[153.18107,-27.85393],[153.18202,-27.84855],[153.18051,-27.84087],[153.17569,-27.83943],[153.17315,-27.83477],[153.16902,-27.83832],[153.16892,-27.84206],[153.16078,-27.84347],[153.15813,-27.84698],[153.15107,-27.85067],[153.15705,-27.8541],[153.15795,-27.85876],[153.15251,-27.85869],[153.14777,-27.85586],[153.13741,-27.85235],[153.1324,-27.85568],[153.13483,-27.86191],[153.12221,-27.86259],[153.12071,-27.85763],[153.12203,-27.85171],[153.11894,-27.84478],[153.11823,-27.83884],[153.10966,-27.83753],[153.10731,-27.83457],[153.10442,-27.82593],[153.09916,-27.81902],[153.08966,-27.81773],[153.08649,-27.82842]]]},"properties":{"postcode":"4207","state":"QLD","icsea_avg":970,"school_count":20,"icsea_band":2}},{"type":"Feature","geometry":{"type":"MultiPolygon","coordinates":[[[[153.36178,-27.76354],[153.36044,-27.7696],[153.36152,-27.7738],[153.37928,-27.78592],[153.38204,-27.78643],[153.38965,-27.79128],[153.39155,-27.79396],[153.38063,-27.80131],[153.36639,-27.79618],[153.35635,-27.79767],[153.35137,-27.80178],[153.34131,-27.80504],[153.33833,-27.80227],[153.33069,-27.80542],[153.32518,-27.80474],[153.32028,-27.80634],[153.31509,-27.80212],[153.31644,-27.79264],[153.3158,-27.78817],[153.30926,-27.78585],[153.30586,-27.78931],[153.29974,-27.79067],[153.29339,-27.78802],[153.29166,-27.79133],[153.28695,-27.79043],[153.28539,-27.78488],[153.29064,-27.78584],[153.29018,-27.78082],[153.28114,-27.78577],[153.27082,-27.78639],[153.26984,-27.79668],[153.26171,-27.80113],[153.26031,-27.80812],[153.26635,-27.80906],[153.2634,-27.82362],[153.25584,-27.82242],[153.25526,-27.82778],[153.24847,-27.83111],[153.24206,-27.83738],[153.2337,-27.83783],[153.23395,-27.85084],[153.23214,-27.85441],[153.22257,-27.85302],[153.21626,-27.85832],[153.20892,-27.85715],[153.21335,-27.84194],[153.21568,-27.83891],[153.21423,-27.82551],[153.21198,-27.82287],[153.2119,-27.81264],[153.20815,-27.8063],[153.20953,-27.80066],[153.21566,-27.80372],[153.22099,-27.80906],[153.22766,-27.81311],[153.23453,-27.80987],[153.23585,-27.80524],[153.24506,-27.80456],[153.2509,-27.8094],[153.25391,-27.80463],[153.26116,-27.79841],[153.24507,-27.79582],[153.24618,-27.79101],[153.2316,-27.78868],[153.22826,-27.77859],[153.2285,-27.76925],[153.23163,-27.76829],[153.23392,-27.76304],[153.24276,-27.76215],[153.23935,-27.75607],[153.24429,-27.75114],[153.25691,-27.75017],[153.26512,-27.7401],[153.26812,-27.72456],[153.27008,-27.72111],[153.28181,-27.72277],[153.28238,-27.73051],[153.28635,-27.7396],[153.29115,-27.74505],[153.29161,-27.74931],[153.30017,-27.75036],[153.30264,-27.75821],[153.30188,-27.76258],[153.31697,-27.76591],[153.3265,-27.76664],[153.33984,-27.76385],[153.34128,-27.76034],[153.35085,-27.76079],[153.35394,-27.76412],[153.36178,-27.76354]]],[[[153.3765,-27.80126],[153.37685,-27.80544],[153.37254,-27.80676],[153.37039,-27.80155],[153.3765,-27.80126]]]]},"properties":{"postcode":"4208","state":"QLD","icsea_avg":1006,"school_count":5,"icsea_band":3}},{"type":"Feature","geometry":{"type":"Polygon","coordinates":[[[153.23395,-27.85084],[153.2337,-27.83783],[153.24206,-27.83738],[153.24847,-27.83111],[153.25526,-27.82778],[153.25584,-27.82242],[153.2634,-27.82362],[153.26635,-27.80906],[153.26031,-27.80812],[153.26171,-27.80113],[153.26984,-27.79668],[153.27082,-27.78639],[153.28114,-27.78577],[153.29018,-27.78082],[153.29064,-27.78584],[153.28539,-27.78488],[153.28695,-27.79043],[153.29166,-27.79133],[153.29339,-27.78802],[153.29974,-27.79067],[153.30586,-27.78931],[153.30926,-27.78585],[153.3158,-27.78817],[153.31644,-27.79264],[153.31509,-27.80212],[153.32028,-27.80634],[153.32518,-27.80474],[153.33069,-27.80542],[153.33833,-27.80227],[153.34131,-27.80504],[153.35137,-27.80178],[153.36178,-27.80041],[153.3647,-27.79839],[153.36874,-27.80175],[153.37104,-27.80765],[153.36978,-27.81169],[153.3736,-27.81945],[153.3804,-27.82135],[153.38538,-27.82956],[153.38054,-27.83279],[153.38166,-27.84044],[153.37536,-27.84245],[153.37416,-27.84956],[153.36064,-27.84789],[153.35316,-27.848],[153.34888,-27.85752],[153.34124,-27.8587],[153.335,-27.87396],[153.33195,-27.87652],[153.32252,-27.87595],[153.31462,-27.87693],[153.30932,-27.87844],[153.30387,-27.88258],[153.296,-27.88574],[153.2936,-27.89225],[153.28562,-27.89662],[153.29036,-27.90042],[153.29557,-27.90139],[153.28968,-27.90638],[153.28412,-27.90249],[153.27846,-27.90432],[153.27689,-27.90725],[153.28087,-27.91353],[153.27752,-27.91683],[153.27117,-27.916],[153.26779,-27.91912],[153.25892,-27.91681],[153.25412,-27.91224],[153.25532,-27.90202],[153.26497,-27.8995],[153.26272,-27.89406],[153.2649,-27.88355],[153.2654,-27.87507],[153.25797,-27.87387],[153.25491,-27.86403],[153.2434,-27.85889],[153.23395,-27.85084]]]},"properties":{"postcode":"4209","state":"QLD","icsea_avg":1015,"school_count":18,"icsea_band":3}},{"type":"Feature","geometry":{"type":"Polygon","coordinates":[[[153.20537,-27.89906],[153.19504,-27.89718],[153.1959,-27.89283],[153.20315,-27.89382],[153.20486,-27.88464],[153.20724,-27.885],[153.20896,-27.87609],[153.21484,-27.87699],[153.21433,-27.86861],[153.21626,-27.85832],[153.22257,-27.85302],[153.23214,-27.85441],[153.23395,-27.85084],[153.2434,-27.85889],[153.25491,-27.86403],[153.25797,-27.87387],[153.2654,-27.87507],[153.2649,-27.88355],[153.26272,-27.89406],[153.26497,-27.8995],[153.25532,-27.90202],[153.25412,-27.91224],[153.25892,-27.91681],[153.26779,-27.91912],[153.27117,-27.916],[153.27752,-27.91683],[153.28087,-27.91353],[153.27689,-27.90725],[153.27846,-27.90432],[153.28412,-27.90249],[153.28968,-27.90638],[153.29557,-27.90139],[153.29036,-27.90042],[153.28562,-27.89662],[153.2936,-27.89225],[153.296,-27.88574],[153.30387,-27.88258],[153.30932,-27.87844],[153.31462,-27.87693],[153.31565,-27.88354],[153.31466,-27.89699],[153.32045,-27.91552],[153.32981,-27.92625],[153.31386,-27.92396],[153.30396,-27.92623],[153.30179,-27.93428],[153.2959,-27.94342],[153.28076,-27.94262],[153.28167,-27.94955],[153.27949,-27.96113],[153.28245,-27.96158],[153.27812,-27.97367],[153.27428,-27.96298],[153.27217,-27.95301],[153.26863,-27.95245],[153.26489,-27.95766],[153.25829,-27.9617],[153.24874,-27.95743],[153.23866,-27.96146],[153.23232,-27.95805],[153.22407,-27.9568],[153.22244,-27.95138],[153.20659,-27.94925],[153.20823,-27.94115],[153.21058,-27.94149],[153.21223,-27.93345],[153.21571,-27.92198],[153.21262,-27.91791],[153.21546,-27.90276],[153.21209,-27.90012],[153.20537,-27.89906]]]},"properties":{"postcode":"4210","state":"QLD","icsea_avg":990,"school_count":2,"icsea_band":3}},{"type":"Feature","geometry":{"type":"Polygon","coordinates":[[[153.20132,-27.9827],[153.20352,-27.97837],[153.22512,-27.98165],[153.22593,-27.97719],[153.22015,-27.97625],[153.22404,-27.96286],[153.22407,-27.9568],[153.23232,-27.95805],[153.23866,-27.96146],[153.24874,-27.95743],[153.25829,-27.9617],[153.26489,-27.95766],[153.26863,-27.95245],[153.27217,-27.95301],[153.27428,-27.96298],[153.27812,-27.97367],[153.28245,-27.96158],[153.27949,-27.96113],[153.28167,-27.94955],[153.28076,-27.94262],[153.2959,-27.94342],[153.30179,-27.93428],[153.30396,-27.92623],[153.31386,-27.92396],[153.32981,-27.92625],[153.33479,-27.93356],[153.33803,-27.94175],[153.34414,-27.95475],[153.34706,-27.9691],[153.34599,-27.97491],[153.34217,-27.98073],[153.34235,-27.98616],[153.3506,-27.9861],[153.35241,-27.98881],[153.36401,-27.9975],[153.36786,-28.00209],[153.37135,-28.00921],[153.3831,-28.0127],[153.38775,-28.01707],[153.38878,-28.02468],[153.39095,-28.02738],[153.39578,-28.03099],[153.38509,-28.03265],[153.37936,-28.03527],[153.37006,-28.0454],[153.3632,-28.04268],[153.36241,-28.03732],[153.35349,-28.0428],[153.34942,-28.01794],[153.34359,-28.01967],[153.33585,-28.01837],[153.33134,-28.02144],[153.32395,-28.02223],[153.32253,-28.02973],[153.32,-28.03386],[153.32062,-28.03881],[153.31833,-28.04129],[153.31057,-28.04015],[153.31055,-28.04314],[153.29675,-28.04105],[153.29425,-28.04969],[153.29963,-28.0505],[153.29871,-28.05533],[153.30947,-28.05874],[153.31857,-28.07732],[153.31424,-28.09144],[153.30854,-28.10119],[153.30682,-28.1113],[153.30896,-28.11779],[153.30045,-28.12255],[153.29616,-28.12083],[153.28966,-28.12603],[153.29189,-28.13662],[153.2849,-28.13588],[153.28246,-28.14006],[153.27783,-28.14211],[153.26463,-28.14063],[153.2579,-28.14181],[153.25723,-28.14812],[153.24786,-28.14679],[153.24909,-28.15287],[153.24659,-28.15711],[153.24897,-28.16075],[153.24831,-28.16846],[153.23762,-28.16766],[153.24631,-28.1783],[153.24643,-28.18696],[153.2539,-28.19869],[153.25083,-28.20388],[153.25012,-28.20886],[153.25332,-28.21073],[153.25362,-28.21715],[153.25664,-28.21875],[153.25434,-28.22563],[153.25911,-28.23069],[153.26007,-28.23871],[153.26578,-28.24145],[153.26414,-28.24355],[153.25432,-28.2455],[153.24962,-28.24766],[153.24388,-28.24751],[153.23558,-28.25669],[153.23279,-28.26514],[153.21912,-28.26297],[153.21389,-28.25994],[153.20719,-28.25334],[153.20857,-28.24944],[153.19894,-28.23639],[153.19757,-28.22576],[153.19474,-28.21472],[153.18901,-28.20402],[153.18881,-28.19971],[153.19269,-28.19654],[153.19346,-28.19163],[153.18405,-28.19297],[153.18817,-28.17909],[153.18217,-28.17474],[153.18404,-28.15983],[153.17517,-28.15861],[153.17597,-28.15405],[153.17276,-28.14732],[153.16785,-28.14204],[153.16322,-28.13976],[153.15952,-28.13202],[153.15407,-28.12582],[153.16216,-28.12169],[153.16103,-28.11334],[153.17739,-28.11595],[153.17565,-28.12247],[153.17827,-28.12491],[153.18373,-28.11584],[153.18513,-28.10931],[153.1819,-28.09628],[153.18413,-28.08834],[153.19413,-28.08991],[153.19773,-28.0795],[153.20375,-28.07154],[153.21473,-28.07322],[153.21619,-28.06568],[153.21897,-28.0613],[153.22512,-28.06121],[153.22875,-28.05512],[153.23076,-28.04435],[153.23009,-28.03965],[153.23257,-28.02567],[153.23628,-28.02596],[153.23888,-28.01117],[153.21863,-28.00834],[153.22089,-27.9997],[153.22053,-27.99438],[153.21066,-27.99297],[153.21127,-27.98989],[153.20793,-27.98578],[153.20132,-27.9827]]]},"properties":{"postcode":"4211","state":"QLD","icsea_avg":1029,"school_count":14,"icsea_band":3}},{"type":"Feature","geometry":{"type":"MultiPolygon","coordinates":[[[[153.38204,-27.78643],[153.37928,-27.78592],[153.36152,-27.7738],[153.36044,-27.7696],[153.36178,-27.76354],[153.35433,-27.75474],[153.35404,-27.74696],[153.35835,-27.742],[153.36122,-27.73471],[153.35754,-27.72447],[153.35898,-27.71096],[153.36293,-27.70979],[153.3694,-27.71126],[153.37194,-27.70728],[153.38308,-27.70976],[153.38787,-27.70908],[153.39127,-27.70701],[153.40204,-27.71989],[153.40462,-27.72606],[153.40578,-27.73441],[153.40964,-27.73926],[153.41514,-27.7418],[153.42639,-27.74189],[153.43928,-27.73576],[153.43624,-27.74433],[153.43521,-27.75318],[153.43563,-27.76286],[153.42896,-27.77545],[153.42487,-27.77961],[153.40953,-27.78269],[153.40762,-27.78206],[153.38427,-27.78438],[153.38204,-27.78643]]],[[[153.33803,-27.94175],[153.33479,-27.93356],[153.32981,-27.92625],[153.32045,-27.91552],[153.31466,-27.89699],[153.31565,-27.88354],[153.31462,-27.87693],[153.32252,-27.87595],[153.33195,-27.87652],[153.335,-27.87396],[153.34124,-27.8587],[153.34888,-27.85752],[153.35316,-27.848],[153.36064,-27.84789],[153.36819,-27.85368],[153.37606,-27.85499],[153.38125,-27.85931],[153.38136,-27.86711],[153.3785,-27.87176],[153.37719,-27.87835],[153.38089,-27.88277],[153.38024,-27.88852],[153.37174,-27.89366],[153.35676,-27.891],[153.35216,-27.90207],[153.3463,-27.90359],[153.34318,-27.91007],[153.34773,-27.9187],[153.34361,-27.91895],[153.34652,-27.93283],[153.34869,-27.93666],[153.33803,-27.94175]]],[[[153.38173,-27.80323],[153.38773,-27.79742],[153.3912,-27.79556],[153.3925,-27.79294],[153.38563,-27.78559],[153.40645,-27.78297],[153.40582,-27.78554],[153.41163,-27.79094],[153.40745,-27.80465],[153.40289,-27.81166],[153.39455,-27.81878],[153.38921,-27.81843],[153.38401,-27.8204],[153.37695,-27.81794],[153.37367,-27.81402],[153.37365,-27.80934],[153.38173,-27.80323]]],[[[153.38263,-27.83973],[153.38556,-27.84065],[153.39303,-27.83904],[153.39572,-27.84531],[153.3964,-27.85655],[153.40175,-27.86277],[153.40018,-27.86608],[153.39475,-27.86803],[153.39348,-27.87436],[153.38525,-27.87421],[153.38253,-27.87249],[153.38242,-27.85977],[153.37896,-27.85474],[153.36938,-27.85283],[153.37708,-27.8486],[153.3758,-27.8447],[153.38178,-27.84252],[153.38263,-27.83973]]],[[[153.38614,-27.82538],[153.38493,-27.82242],[153.38955,-27.81988],[153.39764,-27.8231],[153.397,-27.82865],[153.39094,-27.82981],[153.38614,-27.82538]]],[[[153.38487,-27.8398],[153.38254,-27.83812],[153.38378,-27.8318],[153.39016,-27.83611],[153.39626,-27.83453],[153.39613,-27.83971],[153.39228,-27.83884],[153.38487,-27.8398]]],[[[153.41591,-27.79478],[153.41612,-27.78842],[153.42204,-27.78448],[153.42431,-27.78694],[153.41591,-27.79478]]]]},"properties":{"postcode":"4212","state":"QLD","icsea_avg":1016,"school_count":2,"icsea_band":3}},{"type":"Feature","geometry":{"type":"Polygon","coordinates":[[[153.35349,-28.0428],[153.36549,-28.07622],[153.36908,-28.07976],[153.38588,-28.086],[153.3932,-28.09401],[153.39145,-28.09995],[153.38455,-28.10323],[153.38221,-28.11534],[153.38818,-28.11631],[153.3883,-28.12604],[153.39228,-28.12847],[153.39748,-28.12799],[153.39784,-28.13141],[153.38665,-28.13209],[153.38663,-28.13983],[153.39201,-28.14317],[153.38718,-28.1485],[153.38016,-28.14744],[153.37758,-28.1609],[153.36867,-28.15958],[153.3641,-28.16231],[153.3608,-28.15849],[153.34852,-28.16056],[153.34802,-28.16821],[153.34059,-28.17337],[153.33739,-28.17331],[153.32957,-28.18098],[153.32653,-28.18558],[153.31966,-28.18767],[153.31954,-28.19736],[153.3153,-28.19988],[153.31315,-28.20405],[153.31729,-28.20701],[153.31184,-28.21135],[153.30141,-28.22259],[153.29647,-28.21915],[153.29426,-28.23049],[153.29686,-28.23423],[153.28777,-28.23515],[153.2806,-28.23361],[153.27409,-28.23816],[153.26906,-28.23862],[153.26578,-28.24145],[153.26007,-28.23871],[153.25911,-28.23069],[153.25434,-28.22563],[153.25664,-28.21875],[153.25362,-28.21715],[153.25332,-28.21073],[153.25012,-28.20886],[153.25083,-28.20388],[153.2539,-28.19869],[153.24643,-28.18696],[153.24631,-28.1783],[153.23762,-28.16766],[153.24831,-28.16846],[153.24897,-28.16075],[153.24659,-28.15711],[153.24909,-28.15287],[153.24786,-28.14679],[153.25723,-28.14812],[153.2579,-28.14181],[153.26463,-28.14063],[153.27783,-28.14211],[153.28246,-28.14006],[153.2849,-28.13588],[153.29189,-28.13662],[153.28966,-28.12603],[153.29616,-28.12083],[153.30045,-28.12255],[153.30896,-28.11779],[153.30682,-28.1113],[153.30854,-28.10119],[153.31424,-28.09144],[153.31857,-28.07732],[153.30947,-28.05874],[153.29871,-28.05533],[153.29963,-28.0505],[153.29425,-28.04969],[153.29675,-28.04105],[153.31055,-28.04314],[153.31057,-28.04015],[153.31833,-28.04129],[153.32062,-28.03881],[153.32,-28.03386],[153.32253,-28.02973],[153.32395,-28.02223],[153.33134,-28.02144],[153.33585,-28.01837],[153.34359,-28.01967],[153.34942,-28.01794],[153.35349,-28.0428]]]},"properties":{"postcode":"4213","state":"QLD","icsea_avg":1054,"school_count":7,"icsea_band":4}},{"type":"Feature","geometry":{"type":"Polygon","coordinates":[[[153.36401,-27.9975],[153.35241,-27.98881],[153.3506,-27.9861],[153.34235,-27.98616],[153.34217,-27.98073],[153.34599,-27.97491],[153.34706,-27.9691],[153.34414,-27.95475],[153.33803,-27.94175],[153.34869,-27.93666],[153.34652,-27.93283],[153.34361,-27.91895],[153.34889,-27.92237],[153.35568,-27.92362],[153.35973,-27.92644],[153.37444,-27.93149],[153.39056,-27.93455],[153.38756,-27.93855],[153.3853,-27.95026],[153.38329,-27.95503],[153.37756,-27.96085],[153.37682,-27.97161],[153.38166,-27.97668],[153.39101,-27.9761],[153.3924,-27.98644],[153.39471,-27.99292],[153.40112,-27.99684],[153.38924,-27.99605],[153.3827,-28.00017],[153.37394,-27.99782],[153.36942,-27.99276],[153.36401,-27.9975]]]},"properties":{"postcode":"4214","state":"QLD","icsea_avg":1068,"school_count":7,"icsea_band":4}},{"type":"Feature","geometry":{"type":"Polygon","coordinates":[[[153.41492,-27.99903],[153.40112,-27.99684],[153.39471,-27.99292],[153.3924,-27.98644],[153.39101,-27.9761],[153.38166,-27.97668],[153.37682,-27.97161],[153.37756,-27.96085],[153.38329,-27.95503],[153.3853,-27.95026],[153.38756,-27.93855],[153.39056,-27.93455],[153.40297,-27.93594],[153.40762,-27.93819],[153.41053,-27.94277],[153.4103,-27.95496],[153.41314,-27.96079],[153.4172,-27.96399],[153.42113,-27.97451],[153.4162,-27.98223],[153.41754,-27.98816],[153.41492,-27.99903]]]},"properties":{"postcode":"4215","state":"QLD","icsea_avg":1032,"school_count":11,"icsea_band":3}},{"type":"Feature","geometry":{"type":"MultiPolygon","coordinates":[[[[153.40762,-27.93819],[153.40297,-27.93594],[153.39056,-27.93455],[153.37444,-27.93149],[153.35973,-27.92644],[153.35568,-27.92362],[153.34889,-27.92237],[153.34361,-27.91895],[153.34773,-27.9187],[153.35713,-27.91321],[153.35831,-27.90684],[153.35645,-27.90048],[153.35845,-27.89334],[153.36829,-27.89688],[153.38132,-27.89178],[153.38344,-27.88902],[153.38372,-27.88248],[153.37908,-27.87894],[153.37997,-27.87382],[153.38538,-27.87706],[153.39249,-27.8772],[153.39847,-27.87182],[153.40036,-27.87479],[153.3963,-27.88406],[153.39674,-27.88728],[153.40308,-27.89667],[153.40702,-27.90576],[153.40828,-27.91184],[153.40598,-27.93061],[153.40762,-27.93819]]],[[[153.42064,-27.88484],[153.4234,-27.87877],[153.4235,-27.87356],[153.41973,-27.86677],[153.41104,-27.85757],[153.40898,-27.85209],[153.40644,-27.83503],[153.40848,-27.83221],[153.40921,-27.82271],[153.41659,-27.81819],[153.42539,-27.80903],[153.4325,-27.79038],[153.43318,-27.78363],[153.43797,-27.77777],[153.43948,-27.77222],[153.43716,-27.76452],[153.43947,-27.75942],[153.43975,-27.75109],[153.44525,-27.75632],[153.44436,-27.76374],[153.44129,-27.77643],[153.4328,-27.82601],[153.42719,-27.86839],[153.42497,-27.89914],[153.42553,-27.92392],[153.42852,-27.92547],[153.42862,-27.93118],[153.42251,-27.93203],[153.41894,-27.92114],[153.4216,-27.90448],[153.42142,-27.89479],[153.41924,-27.88925],[153.42064,-27.88484]]],[[[153.40005,-27.86927],[153.40893,-27.8676],[153.41043,-27.87236],[153.40502,-27.88199],[153.40006,-27.88055],[153.40345,-27.87234],[153.40005,-27.86927]]],[[[153.44008,-27.74007],[153.44574,-27.73435],[153.44882,-27.73787],[153.44591,-27.74212],[153.44008,-27.74007]]]]},"properties":{"postcode":"4216","state":"QLD","icsea_avg":1023,"school_count":4,"icsea_band":3}},{"type":"Feature","geometry":{"type":"Polygon","coordinates":[[[153.43374,-28.01901],[153.42727,-28.01885],[153.42542,-28.01615],[153.41266,-28.01608],[153.4087,-28.01717],[153.40409,-28.02211],[153.40651,-28.02732],[153.40338,-28.02917],[153.39742,-28.02449],[153.39476,-28.02835],[153.39095,-28.02738],[153.38878,-28.02468],[153.38775,-28.01707],[153.3831,-28.0127],[153.37135,-28.00921],[153.36786,-28.00209],[153.36401,-27.9975],[153.36942,-27.99276],[153.37394,-27.99782],[153.3827,-28.00017],[153.38924,-27.99605],[153.40112,-27.99684],[153.41492,-27.99903],[153.41911,-27.99126],[153.41858,-27.98231],[153.42441,-27.97453],[153.42394,-27.952],[153.42529,-27.9502],[153.42436,-27.93669],[153.42938,-27.93479],[153.42937,-27.97455],[153.4315,-28.00292],[153.43374,-28.01901]]]},"properties":{"postcode":"4217","state":"QLD","icsea_avg":1065,"school_count":4,"icsea_band":4}},{"type":"Feature","geometry":{"type":"Polygon","coordinates":[[[153.44274,-28.0609],[153.42697,-28.05998],[153.42543,-28.068],[153.42,-28.06939],[153.41726,-28.06132],[153.40923,-28.05324],[153.40694,-28.04741],[153.4088,-28.03519],[153.40315,-28.03217],[153.39578,-28.03099],[153.39095,-28.02738],[153.39476,-28.02835],[153.39742,-28.02449],[153.40338,-28.02917],[153.40651,-28.02732],[153.40409,-28.02211],[153.4087,-28.01717],[153.41266,-28.01608],[153.42542,-28.01615],[153.42727,-28.01885],[153.43374,-28.01901],[153.43773,-28.04037],[153.44274,-28.0609]]]},"properties":{"postcode":"4218","state":"QLD","icsea_avg":1055,"school_count":3,"icsea_band":4}},{"type":"Feature","geometry":{"type":"Polygon","coordinates":[[[153.44735,-28.10628],[153.44248,-28.11449],[153.43837,-28.11344],[153.44735,-28.10628]]]},"properties":{"postcode":"4219","state":"QLD","icsea_avg":null,"school_count":0,"icsea_band":0}},{"type":"Feature","geometry":{"type":"Polygon","coordinates":[[[153.46041,-28.09534],[153.45475,-28.10088],[153.44876,-28.10251],[153.44735,-28.10628],[153.43837,-28.11344],[153.43396,-28.11981],[153.42963,-28.11919],[153.42607,-28.12434],[153.42128,-28.12302],[153.41799,-28.11885],[153.41188,-28.1169],[153.40385,-28.10202],[153.4192,-28.10076],[153.42156,-28.08872],[153.42565,-28.08592],[153.42157,-28.07417],[153.42,-28.06939],[153.42543,-28.068],[153.42697,-28.05998],[153.44274,-28.0609],[153.45036,-28.08361],[153.45439,-28.08903],[153.45987,-28.09064],[153.46041,-28.09534]]]},"properties":{"postcode":"4220","state":"QLD","icsea_avg":1056,"school_count":5,"icsea_band":4}},{"type":"Feature","geometry":{"type":"Polygon","coordinates":[[[153.44248,-28.11449],[153.44735,-28.10628],[153.44876,-28.10251],[153.45475,-28.10088],[153.46041,-28.09534],[153.47256,-28.11872],[153.47793,-28.12557],[153.48301,-28.12752],[153.47584,-28.1364],[153.4713,-28.13533],[153.46355,-28.13891],[153.45495,-28.13736],[153.4499,-28.14472],[153.44962,-28.15176],[153.44426,-28.16038],[153.4372,-28.16168],[153.43733,-28.15311],[153.4409,-28.14463],[153.43284,-28.14341],[153.43342,-28.13199],[153.44651,-28.12842],[153.4445,-28.12331],[153.4497,-28.12081],[153.44248,-28.11449]]]},"properties":{"postcode":"4221","state":"QLD","icsea_avg":1041,"school_count":4,"icsea_band":4}},{"type":"Feature","geometry":{"type":"Polygon","coordinates":[[[153.49352,-28.1374],[153.48673,-28.13705],[153.4863,-28.14339],[153.47965,-28.14543],[153.47983,-28.14945],[153.48912,-28.15098],[153.48591,-28.15706],[153.47693,-28.15702],[153.47247,-28.16195],[153.4685,-28.16251],[153.45868,-28.17516],[153.45713,-28.18054],[153.43685,-28.18665],[153.42887,-28.19428],[153.4192,-28.19968],[153.41393,-28.20833],[153.40661,-28.21042],[153.39493,-28.22252],[153.38966,-28.23003],[153.38953,-28.23494],[153.38286,-28.23721],[153.36967,-28.24523],[153.36347,-28.24757],[153.35681,-28.24962],[153.34622,-28.24817],[153.33958,-28.25031],[153.33636,-28.24877],[153.33835,-28.23875],[153.34196,-28.22889],[153.35168,-28.22509],[153.35965,-28.21667],[153.36956,-28.21212],[153.38556,-28.19811],[153.39171,-28.19567],[153.40158,-28.18678],[153.40451,-28.18927],[153.41263,-28.17636],[153.41708,-28.17705],[153.42135,-28.17394],[153.42871,-28.16523],[153.4372,-28.16168],[153.44426,-28.16038],[153.44962,-28.15176],[153.4499,-28.14472],[153.45495,-28.13736],[153.46355,-28.13891],[153.4713,-28.13533],[153.47584,-28.1364],[153.48301,-28.12752],[153.48668,-28.12753],[153.49352,-28.1374]]]},"properties":{"postcode":"4223","state":"QLD","icsea_avg":1046,"school_count":4,"icsea_band":4}},{"type":"Feature","geometry":{"type":"Polygon","coordinates":[[[153.49352,-28.1374],[153.50197,-28.14913],[153.49403,-28.15588],[153.49552,-28.16091],[153.48591,-28.15706],[153.48912,-28.15098],[153.47983,-28.14945],[153.47965,-28.14543],[153.4863,-28.14339],[153.48673,-28.13705],[153.49352,-28.1374]]]},"properties":{"postcode":"4224","state":"QLD","icsea_avg":null,"school_count":0,"icsea_band":0}},{"type":"Feature","geometry":{"type":"Polygon","coordinates":[[[153.50154,-28.16331],[153.49552,-28.16091],[153.49403,-28.15588],[153.50197,-28.14913],[153.51461,-28.16122],[153.52328,-28.16612],[153.53012,-28.16729],[153.53659,-28.16505],[153.54102,-28.16716],[153.55006,-28.16214],[153.55217,-28.16441],[153.54149,-28.16897],[153.53406,-28.17693],[153.53117,-28.17525],[153.50154,-28.16331]]]},"properties":{"postcode":"4225","state":"QLD","icsea_avg":1018,"school_count":2,"icsea_band":3}},{"type":"Feature","geometry":{"type":"Polygon","coordinates":[[[153.35349,-28.0428],[153.36241,-28.03732],[153.3632,-28.04268],[153.37006,-28.0454],[153.37936,-28.03527],[153.38509,-28.03265],[153.39578,-28.03099],[153.40315,-28.03217],[153.4088,-28.03519],[153.40694,-28.04741],[153.40923,-28.05324],[153.41726,-28.06132],[153.42,-28.06939],[153.42157,-28.07417],[153.41813,-28.07599],[153.41367,-28.07368],[153.40829,-28.07809],[153.40253,-28.079],[153.39899,-28.08267],[153.40434,-28.08711],[153.39907,-28.09193],[153.3932,-28.09401],[153.38588,-28.086],[153.36908,-28.07976],[153.36549,-28.07622],[153.35349,-28.0428]],[[153.37904,-28.07593],[153.38183,-28.08056],[153.38726,-28.08166],[153.38892,-28.07674],[153.38764,-28.06905],[153.38031,-28.07004],[153.37904,-28.07593]]]},"properties":{"postcode":"4226","state":"QLD","icsea_avg":1050,"school_count":9,"icsea_band":4}},{"type":"Feature","geometry":{"type":"Polygon","coordinates":[[[153.3932,-28.09401],[153.39907,-28.09193],[153.40434,-28.08711],[153.39899,-28.08267],[153.40253,-28.079],[153.40829,-28.07809],[153.41219,-28.08123],[153.41797,-28.07866],[153.41813,-28.07599],[153.42157,-28.07417],[153.42565,-28.08592],[153.42156,-28.08872],[153.4192,-28.10076],[153.40385,-28.10202],[153.41188,-28.1169],[153.40414,-28.1237],[153.39748,-28.12799],[153.39228,-28.12847],[153.3883,-28.12604],[153.38818,-28.11631],[153.38221,-28.11534],[153.38455,-28.10323],[153.39145,-28.09995],[153.3932,-28.09401]]]},"properties":{"postcode":"4227","state":"QLD","icsea_avg":1077,"school_count":4,"icsea_band":4}},{"type":"Feature","geometry":{"type":"Polygon","coordinates":[[[153.4372,-28.16168],[153.42871,-28.16523],[153.42135,-28.17394],[153.41708,-28.17705],[153.41263,-28.17636],[153.40451,-28.18927],[153.40158,-28.18678],[153.39171,-28.19567],[153.38556,-28.19811],[153.36956,-28.21212],[153.35965,-28.21667],[153.35168,-28.22509],[153.34196,-28.22889],[153.33835,-28.23875],[153.33636,-28.24877],[153.3317,-28.24541],[153.33021,-28.23706],[153.32419,-28.23648],[153.31648,-28.23865],[153.31431,-28.23736],[153.30499,-28.23968],[153.30082,-28.23835],[153.29686,-28.23423],[153.29426,-28.23049],[153.29647,-28.21915],[153.30141,-28.22259],[153.31184,-28.21135],[153.31729,-28.20701],[153.31315,-28.20405],[153.3153,-28.19988],[153.31954,-28.19736],[153.31966,-28.18767],[153.32653,-28.18558],[153.32957,-28.18098],[153.33739,-28.17331],[153.34059,-28.17337],[153.34802,-28.16821],[153.34852,-28.16056],[153.3608,-28.15849],[153.3641,-28.16231],[153.36867,-28.15958],[153.37758,-28.1609],[153.38016,-28.14744],[153.38718,-28.1485],[153.39201,-28.14317],[153.38663,-28.13983],[153.38665,-28.13209],[153.39784,-28.13141],[153.39748,-28.12799],[153.40414,-28.1237],[153.41188,-28.1169],[153.41799,-28.11885],[153.42128,-28.12302],[153.42607,-28.12434],[153.42963,-28.11919],[153.43396,-28.11981],[153.43837,-28.11344],[153.44248,-28.11449],[153.4497,-28.12081],[153.4445,-28.12331],[153.44651,-28.12842],[153.43342,-28.13199],[153.43284,-28.14341],[153.4409,-28.14463],[153.43733,-28.15311],[153.4372,-28.16168]]]},"properties":{"postcode":"4228","state":"QLD","icsea_avg":1081,"school_count":3,"icsea_band":5}},{"type":"Feature","geometry":{"type":"Polygon","coordinates":[[[153.40829,-28.07809],[153.41367,-28.07368],[153.41813,-28.07599],[153.41797,-28.07866],[153.41219,-28.08123],[153.40829,-28.07809]]]},"properties":{"postcode":"4229","state":"QLD","icsea_avg":null,"school_count":0,"icsea_band":0}},{"type":"Feature","geometry":{"type":"Polygon","coordinates":[[[153.37904,-28.07593],[153.38031,-28.07004],[153.38764,-28.06905],[153.38892,-28.07674],[153.38726,-28.08166],[153.38183,-28.08056],[153.37904,-28.07593]]]},"properties":{"postcode":"4230","state":"QLD","icsea_avg":null,"school_count":0,"icsea_band":0}},{"type":"Feature","geometry":{"type":"Polygon","coordinates":[[[153.18068,-27.89508],[153.16652,-27.89361],[153.16057,-27.89465],[153.1595,-27.89967],[153.16259,-27.90309],[153.16008,-27.91641],[153.15677,-27.92324],[153.15042,-27.92235],[153.15016,-27.91922],[153.14545,-27.91641],[153.14511,-27.90763],[153.12575,-27.90521],[153.12386,-27.91575],[153.11779,-27.91729],[153.10641,-27.91125],[153.10111,-27.90655],[153.1031,-27.9038],[153.09825,-27.90097],[153.0985,-27.89267],[153.10333,-27.8902],[153.10407,-27.88126],[153.10073,-27.87218],[153.0941,-27.87118],[153.09613,-27.86082],[153.07983,-27.85721],[153.07452,-27.84984],[153.07316,-27.84656],[153.07439,-27.84012],[153.07795,-27.84063],[153.08028,-27.83428],[153.08649,-27.82842],[153.08966,-27.81773],[153.09916,-27.81902],[153.10442,-27.82593],[153.10731,-27.83457],[153.10966,-27.83753],[153.11823,-27.83884],[153.11894,-27.84478],[153.12203,-27.85171],[153.12071,-27.85763],[153.12221,-27.86259],[153.13483,-27.86191],[153.1324,-27.85568],[153.13741,-27.85235],[153.14777,-27.85586],[153.15251,-27.85869],[153.15795,-27.85876],[153.15705,-27.8541],[153.15107,-27.85067],[153.15813,-27.84698],[153.16078,-27.84347],[153.16892,-27.84206],[153.16902,-27.83832],[153.17315,-27.83477],[153.17569,-27.83943],[153.18051,-27.84087],[153.18202,-27.84855],[153.18107,-27.85393],[153.18894,-27.8551],[153.18542,-27.87376],[153.18627,-27.88124],[153.18334,-27.89136],[153.18068,-27.89508]]]},"properties":{"postcode":"4270","state":"QLD","icsea_avg":null,"school_count":0,"icsea_band":0}},{"type":"Feature","geometry":{"type":"Polygon","coordinates":[[[153.20537,-27.89906],[153.21209,-27.90012],[153.21546,-27.90276],[153.21262,-27.91791],[153.21571,-27.92198],[153.21223,-27.93345],[153.18974,-27.92922],[153.19504,-27.92297],[153.19486,-27.9182],[153.19898,-27.9013],[153.20537,-27.89906]]]},"properties":{"postcode":"4271","state":"QLD","icsea_avg":null,"school_count":0,"icsea_band":0}},{"type":"Feature","geometry":{"type":"Polygon","coordinates":[[[153.22407,-27.9568],[153.22404,-27.96286],[153.22015,-27.97625],[153.22593,-27.97719],[153.22512,-27.98165],[153.20352,-27.97837],[153.20132,-27.9827],[153.20294,-27.98681],[153.2016,-27.99455],[153.18771,-27.99261],[153.18841,-27.99718],[153.18237,-28.00026],[153.17878,-27.99971],[153.17786,-27.99327],[153.18183,-27.98583],[153.18363,-27.97565],[153.18153,-27.97177],[153.1798,-27.96229],[153.17599,-27.95447],[153.18138,-27.94524],[153.17996,-27.9398],[153.16447,-27.93762],[153.16575,-27.93015],[153.15677,-27.92324],[153.16008,-27.91641],[153.16259,-27.90309],[153.1595,-27.89967],[153.16057,-27.89465],[153.16652,-27.89361],[153.18068,-27.89508],[153.19504,-27.89718],[153.20537,-27.89906],[153.19898,-27.9013],[153.19486,-27.9182],[153.19504,-27.92297],[153.18974,-27.92922],[153.21223,-27.93345],[153.21058,-27.94149],[153.20823,-27.94115],[153.20659,-27.94925],[153.22244,-27.95138],[153.22407,-27.9568]]]},"properties":{"postcode":"4272","state":"QLD","icsea_avg":1051,"school_count":4,"icsea_band":4}},{"type":"Feature","geometry":{"type":"Polygon","coordinates":[[[153.10641,-27.91125],[153.11779,-27.91729],[153.12386,-27.91575],[153.12575,-27.90521],[153.14511,-27.90763],[153.14545,-27.91641],[153.15016,-27.91922],[153.15042,-27.92235],[153.15677,-27.92324],[153.16575,-27.93015],[153.16447,-27.93762],[153.17996,-27.9398],[153.18138,-27.94524],[153.17599,-27.95447],[153.1798,-27.96229],[153.18153,-27.97177],[153.18363,-27.97565],[153.18183,-27.98583],[153.17786,-27.99327],[153.17878,-27.99971],[153.18237,-28.00026],[153.18841,-27.99718],[153.18771,-27.99261],[153.2016,-27.99455],[153.20294,-27.98681],[153.20132,-27.9827],[153.20793,-27.98578],[153.21127,-27.98989],[153.21066,-27.99297],[153.22053,-27.99438],[153.22089,-27.9997],[153.21863,-28.00834],[153.23888,-28.01117],[153.23628,-28.02596],[153.23257,-28.02567],[153.23009,-28.03965],[153.23076,-28.04435],[153.22875,-28.05512],[153.22512,-28.06121],[153.21897,-28.0613],[153.21619,-28.06568],[153.21473,-28.07322],[153.20375,-28.07154],[153.19773,-28.0795],[153.19413,-28.08991],[153.18413,-28.08834],[153.1819,-28.09628],[153.18513,-28.10931],[153.18373,-28.11584],[153.17827,-28.12491],[153.17565,-28.12247],[153.17739,-28.11595],[153.16103,-28.11334],[153.16216,-28.12169],[153.15407,-28.12582],[153.15952,-28.13202],[153.16322,-28.13976],[153.16785,-28.14204],[153.17276,-28.14732],[153.17597,-28.15405],[153.17517,-28.15861],[153.18404,-28.15983],[153.18217,-28.17474],[153.18817,-28.17909],[153.18405,-28.19297],[153.19346,-28.19163],[153.19269,-28.19654],[153.18881,-28.19971],[153.18901,-28.20402],[153.19474,-28.21472],[153.19757,-28.22576],[153.19894,-28.23639],[153.20857,-28.24944],[153.20719,-28.25334],[153.20229,-28.25593],[153.19715,-28.25583],[153.19107,-28.24974],[153.18443,-28.24621],[153.17821,-28.24739],[153.17173,-28.26026],[153.17453,-28.26875],[153.17491,-28.27478],[153.16964,-28.27591],[153.16106,-28.2801],[153.16576,-28.28497],[153.16577,-28.28951],[153.16888,-28.2929],[153.16582,-28.29696],[153.1545,-28.29589],[153.15171,-28.30215],[153.14327,-28.30471],[153.14351,-28.31149],[153.13522,-28.31209],[153.13264,-28.31716],[153.12416,-28.31934],[153.12415,-28.32267],[153.12974,-28.32928],[153.1236,-28.34018],[153.11693,-28.34303],[153.11272,-28.35409],[153.1094,-28.35744],[153.10072,-28.35766],[153.09126,-28.35399],[153.08084,-28.35421],[153.07425,-28.35203],[153.06528,-28.34423],[153.04902,-28.34205],[153.04606,-28.33945],[153.03911,-28.34294],[153.02992,-28.34002],[153.01825,-28.33903],[153.0104,-28.34161],[153.00899,-28.33571],[153.02051,-28.33712],[153.0251,-28.33118],[153.03654,-28.33321],[153.03887,-28.32279],[153.03003,-28.32051],[153.03179,-28.31258],[153.02576,-28.31049],[153.05203,-28.29956],[153.06296,-28.30243],[153.06907,-28.30207],[153.06994,-28.29688],[153.07886,-28.29865],[153.07828,-28.30201],[153.08966,-28.30366],[153.09145,-28.29399],[153.10062,-28.29259],[153.09589,-28.28162],[153.09714,-28.27453],[153.10017,-28.26889],[153.10457,-28.26972],[153.10598,-28.26191],[153.10953,-28.2626],[153.11073,-28.25628],[153.09799,-28.25236],[153.09647,-28.24469],[153.09806,-28.23698],[153.09278,-28.23166],[153.09506,-28.21957],[153.08935,-28.21875],[153.08751,-28.22866],[153.08259,-28.22506],[153.0878,-28.19825],[153.06988,-28.1954],[153.06589,-28.19109],[153.0671,-28.18504],[153.07859,-28.18672],[153.08157,-28.18392],[153.09245,-28.18574],[153.09091,-28.19438],[153.09349,-28.19879],[153.10654,-28.2007],[153.10456,-28.19657],[153.10595,-28.18909],[153.09849,-28.188],[153.10088,-28.17661],[153.10383,-28.18012],[153.10868,-28.18137],[153.1143,-28.18761],[153.12245,-28.18536],[153.11766,-28.17879],[153.11646,-28.1732],[153.12268,-28.16679],[153.12497,-28.15909],[153.12083,-28.15381],[153.11786,-28.15325],[153.11297,-28.14602],[153.11465,-28.14356],[153.11083,-28.13805],[153.11041,-28.13293],[153.10622,-28.1284],[153.10476,-28.11676],[153.10615,-28.11228],[153.10224,-28.10288],[153.10377,-28.09504],[153.09804,-28.09215],[153.10015,-28.08078],[153.09617,-28.07529],[153.09588,-28.0693],[153.09764,-28.06089],[153.10471,-28.05288],[153.11005,-28.04923],[153.11534,-28.04281],[153.11964,-28.03993],[153.12606,-28.03037],[153.13284,-28.02787],[153.13905,-28.02066],[153.13854,-28.01031],[153.13967,-28.00405],[153.13761,-27.99614],[153.13985,-27.98659],[153.14223,-27.98325],[153.14215,-27.97478],[153.13833,-27.96756],[153.11487,-27.95531],[153.10766,-27.95355],[153.10735,-27.95773],[153.10338,-27.96669],[153.09934,-27.96594],[153.08824,-27.95716],[153.09333,-27.95519],[153.09316,-27.95029],[153.08664,-27.94863],[153.09069,-27.93586],[153.08869,-27.93066],[153.09026,-27.92598],[153.09496,-27.92422],[153.09403,-27.91809],[153.10034,-27.91805],[153.10173,-27.91432],[153.10641,-27.91125]]]},"properties":{"postcode":"4275","state":"QLD","icsea_avg":1012,"school_count":1,"icsea_band":3}},{"type":"Feature","geometry":{"type":"Polygon","coordinates":[[[152.94613,-27.84352],[152.93864,-27.84055],[152.92492,-27.8419],[152.92592,-27.83804],[152.93602,-27.82708],[152.94146,-27.82335],[152.94779,-27.81022],[152.94901,-27.80357],[152.96198,-27.78155],[152.96394,-27.77078],[152.96897,-27.7567],[152.96969,-27.74695],[152.98116,-27.74834],[152.98861,-27.74461],[152.99515,-27.75282],[153.01167,-27.75602],[153.02277,-27.75759],[153.02517,-27.76105],[153.03331,-27.76192],[153.03546,-27.76178],[153.04379,-27.77447],[153.05191,-27.76806],[153.05784,-27.75295],[153.0646,-27.7507],[153.06442,-27.75864],[153.07565,-27.76672],[153.08352,-27.76993],[153.08928,-27.76753],[153.09127,-27.76898],[153.08969,-27.77703],[153.08675,-27.78369],[153.07428,-27.78667],[153.0702,-27.79295],[153.0714,-27.80443],[153.07616,-27.80403],[153.07313,-27.81999],[153.08634,-27.82186],[153.08649,-27.82842],[153.08028,-27.83428],[153.07795,-27.84063],[153.07439,-27.84012],[153.07316,-27.84656],[153.07452,-27.84984],[153.07145,-27.85715],[153.06748,-27.86079],[153.06869,-27.86427],[153.06076,-27.87047],[153.06074,-27.8759],[153.05812,-27.87896],[153.0504,-27.88061],[153.04683,-27.88677],[153.04257,-27.88759],[153.0389,-27.88356],[153.03576,-27.87325],[153.03266,-27.87315],[153.02563,-27.86873],[153.02174,-27.86074],[153.01471,-27.85737],[153.01014,-27.85845],[153.00526,-27.85555],[153.00069,-27.84726],[152.99333,-27.84573],[152.99314,-27.84172],[152.98852,-27.84009],[152.98328,-27.84492],[152.98562,-27.84981],[152.98208,-27.85155],[152.97319,-27.84576],[152.96787,-27.84087],[152.95899,-27.83804],[152.95534,-27.84433],[152.94613,-27.84352]]]},"properties":{"postcode":"4280","state":"QLD","icsea_avg":977,"school_count":6,"icsea_band":2}},{"type":"Feature","geometry":{"type":"Polygon","coordinates":[[[153.07452,-27.84984],[153.07983,-27.85721],[153.09613,-27.86082],[153.0941,-27.87118],[153.10073,-27.87218],[153.10407,-27.88126],[153.10333,-27.8902],[153.0985,-27.89267],[153.09825,-27.90097],[153.1031,-27.9038],[153.10111,-27.90655],[153.10641,-27.91125],[153.10173,-27.91432],[153.10034,-27.91805],[153.09403,-27.91809],[153.09496,-27.92422],[153.09026,-27.92598],[153.08869,-27.93066],[153.09069,-27.93586],[153.08664,-27.94863],[153.09316,-27.95029],[153.09333,-27.95519],[153.08824,-27.95716],[153.09934,-27.96594],[153.10338,-27.96669],[153.10735,-27.95773],[153.10766,-27.95355],[153.11487,-27.95531],[153.13833,-27.96756],[153.14215,-27.97478],[153.14223,-27.98325],[153.13985,-27.98659],[153.13761,-27.99614],[153.13967,-28.00405],[153.13854,-28.01031],[153.13905,-28.02066],[153.13284,-28.02787],[153.12606,-28.03037],[153.11964,-28.03993],[153.11534,-28.04281],[153.11005,-28.04923],[153.10471,-28.05288],[153.09764,-28.06089],[153.09588,-28.0693],[153.09617,-28.07529],[153.10015,-28.08078],[153.09804,-28.09215],[153.10377,-28.09504],[153.10224,-28.10288],[153.10615,-28.11228],[153.10476,-28.11676],[153.10622,-28.1284],[153.11041,-28.13293],[153.11083,-28.13805],[153.11465,-28.14356],[153.11297,-28.14602],[153.11786,-28.15325],[153.12083,-28.15381],[153.12497,-28.15909],[153.12268,-28.16679],[153.11646,-28.1732],[153.11766,-28.17879],[153.12245,-28.18536],[153.1143,-28.18761],[153.10868,-28.18137],[153.10383,-28.18012],[153.10088,-28.17661],[153.09849,-28.188],[153.10595,-28.18909],[153.10456,-28.19657],[153.10654,-28.2007],[153.09349,-28.19879],[153.09091,-28.19438],[153.09245,-28.18574],[153.08157,-28.18392],[153.07859,-28.18672],[153.0671,-28.18504],[153.06589,-28.19109],[153.06988,-28.1954],[153.0878,-28.19825],[153.08259,-28.22506],[153.08751,-28.22866],[153.08935,-28.21875],[153.09506,-28.21957],[153.09278,-28.23166],[153.09806,-28.23698],[153.09647,-28.24469],[153.09799,-28.25236],[153.11073,-28.25628],[153.10953,-28.2626],[153.10598,-28.26191],[153.10457,-28.26972],[153.10017,-28.26889],[153.09714,-28.27453],[153.09589,-28.28162],[153.10062,-28.29259],[153.09145,-28.29399],[153.08966,-28.30366],[153.07828,-28.30201],[153.07886,-28.29865],[153.06994,-28.29688],[153.06907,-28.30207],[153.06296,-28.30243],[153.05203,-28.29956],[153.02576,-28.31049],[153.03179,-28.31258],[153.03003,-28.32051],[153.03887,-28.32279],[153.03654,-28.33321],[153.0251,-28.33118],[153.02051,-28.33712],[153.00899,-28.33571],[153.0104,-28.34161],[152.99623,-28.33996],[152.98917,-28.33668],[152.98326,-28.33789],[152.97366,-28.33207],[152.95116,-28.33379],[152.94521,-28.33565],[152.94157,-28.33451],[152.93347,-28.33818],[152.92374,-28.33181],[152.91483,-28.33003],[152.90921,-28.32667],[152.9003,-28.32557],[152.88873,-28.315],[152.87991,-28.30961],[152.87528,-28.3123],[152.86554,-28.31305],[152.85785,-28.31132],[152.8487,-28.31234],[152.84758,-28.31579],[152.84184,-28.32095],[152.838,-28.32187],[152.84087,-28.3061],[152.82885,-28.3044],[152.82978,-28.29648],[152.83281,-28.29295],[152.84382,-28.28723],[152.84724,-28.28145],[152.85583,-28.27356],[152.85413,-28.26677],[152.85668,-28.26075],[152.85671,-28.2557],[152.86376,-28.25077],[152.86862,-28.24315],[152.87105,-28.23405],[152.87465,-28.23342],[152.88006,-28.22374],[152.87213,-28.21755],[152.87384,-28.21317],[152.88018,-28.21026],[152.8822,-28.20502],[152.88107,-28.1995],[152.88224,-28.19271],[152.88058,-28.19042],[152.86624,-28.1884],[152.86556,-28.19209],[152.84652,-28.18934],[152.84151,-28.19317],[152.83189,-28.18951],[152.82706,-28.18342],[152.82282,-28.18269],[152.82106,-28.17885],[152.81259,-28.17281],[152.80296,-28.1718],[152.79641,-28.16677],[152.79813,-28.15903],[152.80977,-28.16071],[152.81176,-28.14967],[152.82885,-28.15064],[152.83372,-28.14793],[152.83715,-28.15182],[152.84376,-28.15281],[152.8444,-28.14947],[152.85061,-28.15152],[152.85585,-28.14898],[152.87209,-28.15133],[152.87264,-28.14836],[152.88784,-28.15042],[152.89414,-28.11733],[152.89362,-28.11398],[152.79603,-28.09945],[152.74933,-28.0918],[152.7474,-28.09148],[152.75412,-28.06149],[152.77031,-28.06423],[152.7764,-28.06111],[152.7673,-28.04997],[152.78052,-28.04142],[152.78412,-28.04585],[152.81633,-28.02529],[152.79771,-28.00243],[152.79484,-28.00259],[152.78028,-27.98437],[152.78747,-27.98252],[152.79175,-27.97523],[152.79668,-27.97103],[152.79849,-27.96543],[152.80471,-27.96462],[152.81338,-27.96122],[152.81804,-27.95611],[152.82789,-27.95224],[152.84136,-27.95022],[152.85056,-27.95075],[152.86511,-27.93947],[152.87283,-27.93688],[152.87773,-27.93322],[152.87949,-27.92892],[152.87877,-27.9224],[152.88212,-27.91665],[152.87685,-27.91246],[152.88308,-27.90848],[152.88717,-27.90876],[152.89772,-27.90302],[152.89533,-27.90002],[152.89696,-27.89523],[152.90759,-27.88364],[152.92866,-27.88692],[152.92351,-27.86303],[152.93065,-27.86609],[152.94372,-27.86846],[152.94269,-27.86148],[152.95166,-27.85689],[152.94488,-27.84954],[152.94613,-27.84352],[152.95534,-27.84433],[152.95899,-27.83804],[152.96787,-27.84087],[152.97319,-27.84576],[152.98208,-27.85155],[152.98562,-27.84981],[152.98328,-27.84492],[152.98852,-27.84009],[152.99314,-27.84172],[152.99333,-27.84573],[153.00069,-27.84726],[153.00526,-27.85555],[153.01014,-27.85845],[153.01471,-27.85737],[153.02174,-27.86074],[153.02563,-27.86873],[153.03266,-27.87315],[153.03576,-27.87325],[153.0389,-27.88356],[153.04257,-27.88759],[153.04683,-27.88677],[153.0504,-27.88061],[153.05812,-27.87896],[153.06074,-27.8759],[153.06076,-27.87047],[153.06869,-27.86427],[153.06748,-27.86079],[153.07145,-27.85715],[153.07452,-27.84984]]]},"properties":{"postcode":"4285","state":"QLD","icsea_avg":979,"school_count":11,"icsea_band":3}},{"type":"Feature","geometry":{"type":"Polygon","coordinates":[[[152.88795,-27.5902],[152.89585,-27.60192],[152.90099,-27.60325],[152.90307,-27.60557],[152.91064,-27.60641],[152.91604,-27.60547],[152.94274,-27.60947],[152.94073,-27.62245],[152.94073,-27.62866],[152.93859,-27.64018],[152.93583,-27.6454],[152.92472,-27.65773],[152.93156,-27.66615],[152.92775,-27.68533],[152.92309,-27.68646],[152.91898,-27.69448],[152.92094,-27.69803],[152.90649,-27.69682],[152.89848,-27.68761],[152.90268,-27.68594],[152.89658,-27.68018],[152.89214,-27.67805],[152.8923,-27.67458],[152.88699,-27.6704],[152.8706,-27.67309],[152.86721,-27.67255],[152.87512,-27.62641],[152.88529,-27.62176],[152.87859,-27.60792],[152.88226,-27.60095],[152.8829,-27.59218],[152.88795,-27.5902]]]},"properties":{"postcode":"4300","state":"QLD","icsea_avg":1005,"school_count":21,"icsea_band":3}},{"type":"Feature","geometry":{"type":"Polygon","coordinates":[[[152.8706,-27.67309],[152.87205,-27.67863],[152.85023,-27.67547],[152.836,-27.67187],[152.83564,-27.66776],[152.83762,-27.65692],[152.83289,-27.65448],[152.82564,-27.65375],[152.82339,-27.65166],[152.82452,-27.6433],[152.82364,-27.63654],[152.81986,-27.63659],[152.82176,-27.63129],[152.83369,-27.62796],[152.84296,-27.62961],[152.84242,-27.624],[152.84803,-27.60733],[152.8555,-27.60835],[152.86026,-27.60641],[152.85813,-27.60272],[152.86043,-27.5988],[152.86363,-27.59653],[152.87002,-27.58203],[152.87606,-27.58029],[152.88795,-27.5902],[152.8829,-27.59218],[152.88226,-27.60095],[152.87859,-27.60792],[152.88529,-27.62176],[152.87512,-27.62641],[152.86721,-27.67255],[152.8706,-27.67309]]]},"properties":{"postcode":"4301","state":"QLD","icsea_avg":961,"school_count":10,"icsea_band":2}},{"type":"Feature","geometry":{"type":"Polygon","coordinates":[[[152.81422,-27.58278],[152.8157,-27.57943],[152.822,-27.58017],[152.82802,-27.57875],[152.84238,-27.5802],[152.84889,-27.5826],[152.85613,-27.58234],[152.85694,-27.59477],[152.86043,-27.5988],[152.85813,-27.60272],[152.86026,-27.60641],[152.8555,-27.60835],[152.84803,-27.60733],[152.84242,-27.624],[152.84296,-27.62961],[152.83369,-27.62796],[152.82176,-27.63129],[152.81986,-27.63659],[152.81381,-27.6318],[152.81891,-27.62572],[152.82786,-27.61112],[152.8315,-27.60285],[152.82632,-27.59989],[152.828,-27.59019],[152.82298,-27.5885],[152.81422,-27.58278]]]},"properties":{"postcode":"4303","state":"QLD","icsea_avg":928,"school_count":2,"icsea_band":1}},{"type":"Feature","geometry":{"type":"Polygon","coordinates":[[[152.7974,-27.58256],[152.80686,-27.58249],[152.81219,-27.58661],[152.81422,-27.58278],[152.82298,-27.5885],[152.828,-27.59019],[152.82632,-27.59989],[152.8315,-27.60285],[152.82786,-27.61112],[152.81891,-27.62572],[152.81381,-27.6318],[152.80982,-27.63457],[152.79755,-27.63892],[152.7938,-27.64192],[152.79072,-27.63837],[152.79193,-27.63208],[152.78426,-27.62873],[152.78495,-27.62477],[152.77879,-27.62393],[152.78013,-27.61646],[152.78291,-27.61682],[152.78349,-27.60389],[152.78817,-27.60309],[152.78866,-27.59777],[152.78193,-27.59809],[152.77982,-27.59348],[152.78597,-27.58634],[152.7974,-27.58256]]]},"properties":{"postcode":"4304","state":"QLD","icsea_avg":933,"school_count":6,"icsea_band":1}},{"type":"Feature","geometry":{"type":"Polygon","coordinates":[[[152.7974,-27.58256],[152.78597,-27.58634],[152.77982,-27.59348],[152.78193,-27.59809],[152.78866,-27.59777],[152.78817,-27.60309],[152.78349,-27.60389],[152.78291,-27.61682],[152.78013,-27.61646],[152.77879,-27.62393],[152.78495,-27.62477],[152.78426,-27.62873],[152.79193,-27.63208],[152.79072,-27.63837],[152.7938,-27.64192],[152.79888,-27.64384],[152.79929,-27.64751],[152.80455,-27.65224],[152.80124,-27.65633],[152.77945,-27.65335],[152.76442,-27.66144],[152.75261,-27.66465],[152.74633,-27.66494],[152.72045,-27.66091],[152.72398,-27.65454],[152.73082,-27.65033],[152.72952,-27.63712],[152.72672,-27.62836],[152.72037,-27.62866],[152.71817,-27.6265],[152.71569,-27.61851],[152.71278,-27.61606],[152.7211,-27.61055],[152.72792,-27.60296],[152.72498,-27.59654],[152.72085,-27.59506],[152.71442,-27.5836],[152.71454,-27.579],[152.73031,-27.58059],[152.73873,-27.57918],[152.75164,-27.58053],[152.75485,-27.57719],[152.7649,-27.57508],[152.77929,-27.57732],[152.79313,-27.57373],[152.79878,-27.57479],[152.7974,-27.58256]]]},"properties":{"postcode":"4305","state":"QLD","icsea_avg":973,"school_count":26,"icsea_band":2}},{"type":"Feature","geometry":{"type":"Polygon","coordinates":[[[152.68628,-27.75051],[152.68559,-27.75478],[152.68984,-27.75564],[152.69136,-27.76156],[152.68429,-27.76715],[152.68339,-27.77069],[152.6862,-27.77607],[152.69454,-27.77734],[152.69235,-27.78911],[152.69649,-27.78975],[152.69377,-27.80415],[152.7027,-27.80539],[152.70215,-27.80807],[152.70733,-27.8112],[152.71315,-27.8121],[152.70989,-27.83041],[152.68527,-27.82685],[152.68318,-27.83785],[152.68103,-27.84143],[152.66227,-27.85746],[152.65864,-27.86423],[152.63721,-27.86095],[152.62446,-27.8604],[152.61876,-27.85613],[152.61424,-27.85804],[152.59786,-27.85563],[152.59846,-27.86168],[152.59502,-27.86382],[152.58637,-27.86096],[152.5808,-27.86397],[152.58142,-27.86064],[152.56905,-27.85885],[152.57383,-27.83333],[152.57733,-27.83388],[152.57946,-27.82227],[152.583,-27.82102],[152.58428,-27.81392],[152.58703,-27.81062],[152.59564,-27.80646],[152.5974,-27.79719],[152.60858,-27.79881],[152.60891,-27.79697],[152.62714,-27.79877],[152.62966,-27.79421],[152.63425,-27.76872],[152.62345,-27.76699],[152.62664,-27.74976],[152.63646,-27.7511],[152.63913,-27.73656],[152.65597,-27.73831],[152.65537,-27.74137],[152.66342,-27.74242],[152.66346,-27.74938],[152.68432,-27.75249],[152.68628,-27.75051]]]},"properties":{"postcode":"4307","state":"QLD","icsea_avg":972,"school_count":3,"icsea_band":2}},{"type":"Feature","geometry":{"type":"Polygon","coordinates":[[[152.48762,-28.25391],[152.48699,-28.24798],[152.49229,-28.24347],[152.48798,-28.23474],[152.48235,-28.22951],[152.4763,-28.22823],[152.4754,-28.23365],[152.46943,-28.2319],[152.46992,-28.22887],[152.45886,-28.22677],[152.45824,-28.221],[152.4656,-28.21675],[152.47323,-28.20436],[152.47086,-28.20055],[152.47086,-28.19496],[152.49365,-28.1946],[152.49318,-28.18498],[152.49962,-28.17582],[152.51582,-28.17677],[152.51464,-28.18402],[152.52646,-28.1855],[152.52747,-28.17833],[152.53128,-28.17725],[152.53259,-28.16894],[152.52985,-28.16859],[152.53113,-28.15996],[152.53744,-28.15769],[152.53892,-28.14768],[152.54849,-28.14898],[152.54972,-28.1414],[152.54357,-28.14067],[152.54732,-28.11333],[152.54778,-28.10194],[152.55312,-28.09548],[152.5601,-28.07731],[152.56803,-28.07847],[152.56902,-28.07323],[152.56745,-28.06079],[152.57268,-28.05828],[152.57454,-28.04935],[152.57737,-28.0458],[152.57834,-28.04012],[152.56694,-28.03877],[152.56353,-28.03124],[152.56402,-28.02518],[152.55683,-28.02411],[152.55819,-28.01702],[152.5508,-28.01629],[152.55184,-28.01224],[152.54992,-28.00786],[152.55028,-28.00032],[152.57363,-27.97736],[152.55695,-27.97505],[152.56321,-27.97156],[152.57495,-27.96864],[152.57835,-27.96254],[152.58173,-27.96085],[152.5968,-27.96301],[152.59867,-27.95693],[152.62012,-27.95925],[152.61925,-27.9639],[152.62754,-27.96486],[152.6286,-27.95912],[152.63674,-27.96033],[152.63659,-27.95138],[152.65468,-27.9541],[152.65541,-27.94297],[152.64846,-27.94196],[152.65187,-27.92758],[152.64248,-27.92616],[152.63734,-27.92281],[152.63731,-27.91761],[152.64027,-27.90232],[152.66661,-27.90609],[152.66729,-27.90233],[152.67352,-27.90324],[152.67242,-27.90931],[152.67855,-27.91129],[152.69442,-27.91372],[152.69785,-27.89508],[152.70573,-27.89803],[152.7122,-27.89827],[152.71517,-27.88276],[152.7089,-27.88173],[152.71144,-27.86724],[152.68395,-27.86316],[152.67773,-27.8684],[152.67507,-27.86595],[152.65864,-27.86423],[152.66227,-27.85746],[152.68103,-27.84143],[152.68318,-27.83785],[152.68527,-27.82685],[152.70989,-27.83041],[152.71315,-27.8121],[152.75439,-27.81833],[152.75748,-27.81919],[152.76008,-27.82441],[152.76368,-27.81996],[152.78832,-27.82381],[152.78722,-27.82955],[152.80056,-27.83156],[152.8007,-27.8442],[152.81219,-27.84729],[152.81527,-27.85205],[152.81378,-27.85489],[152.81966,-27.8589],[152.82043,-27.86576],[152.83065,-27.86501],[152.83576,-27.86913],[152.83959,-27.86721],[152.847,-27.86819],[152.85289,-27.86595],[152.85908,-27.85776],[152.87085,-27.85457],[152.87411,-27.8558],[152.88068,-27.84871],[152.89282,-27.85053],[152.89538,-27.85665],[152.90001,-27.85312],[152.915,-27.84981],[152.92184,-27.84606],[152.92492,-27.8419],[152.93864,-27.84055],[152.94613,-27.84352],[152.94488,-27.84954],[152.95166,-27.85689],[152.94269,-27.86148],[152.94372,-27.86846],[152.93065,-27.86609],[152.92351,-27.86303],[152.92866,-27.88692],[152.90759,-27.88364],[152.89696,-27.89523],[152.89533,-27.90002],[152.89772,-27.90302],[152.88717,-27.90876],[152.88308,-27.90848],[152.87685,-27.91246],[152.88212,-27.91665],[152.87877,-27.9224],[152.87949,-27.92892],[152.87773,-27.93322],[152.87283,-27.93688],[152.86511,-27.93947],[152.85056,-27.95075],[152.84136,-27.95022],[152.82789,-27.95224],[152.81804,-27.95611],[152.81338,-27.96122],[152.80471,-27.96462],[152.79849,-27.96543],[152.79668,-27.97103],[152.79175,-27.97523],[152.78747,-27.98252],[152.78028,-27.98437],[152.79484,-28.00259],[152.79771,-28.00243],[152.81633,-28.02529],[152.78412,-28.04585],[152.78052,-28.04142],[152.7673,-28.04997],[152.7764,-28.06111],[152.77031,-28.06423],[152.75412,-28.06149],[152.7474,-28.09148],[152.74933,-28.0918],[152.74684,-28.10387],[152.71841,-28.12264],[152.73269,-28.1245],[152.72771,-28.12784],[152.73564,-28.13668],[152.74142,-28.13716],[152.74638,-28.14051],[152.7376,-28.14633],[152.732,-28.14397],[152.72673,-28.1462],[152.74589,-28.16973],[152.74451,-28.17717],[152.74748,-28.17963],[152.7456,-28.1896],[152.74249,-28.19728],[152.73671,-28.20101],[152.72515,-28.19934],[152.72003,-28.21739],[152.71715,-28.23175],[152.7222,-28.23253],[152.72136,-28.23703],[152.71644,-28.23863],[152.71468,-28.24376],[152.70828,-28.24305],[152.70081,-28.24665],[152.6969,-28.25474],[152.69194,-28.2612],[152.67933,-28.25768],[152.6782,-28.26308],[152.66464,-28.26453],[152.6549,-28.26823],[152.65205,-28.27248],[152.64828,-28.28427],[152.64961,-28.29136],[152.65326,-28.29923],[152.66194,-28.30181],[152.66588,-28.30704],[152.66657,-28.3116],[152.65613,-28.3097],[152.65052,-28.31283],[152.6439,-28.31278],[152.63829,-28.311],[152.63436,-28.30618],[152.62786,-28.30303],[152.6228,-28.29404],[152.6237,-28.29031],[152.61767,-28.27831],[152.61438,-28.2698],[152.611,-28.27431],[152.6003,-28.28384],[152.598,-28.29109],[152.59838,-28.29593],[152.6017,-28.30672],[152.59784,-28.31479],[152.59265,-28.32361],[152.58506,-28.3292],[152.58301,-28.33462],[152.57871,-28.33877],[152.57205,-28.32569],[152.56863,-28.32358],[152.55651,-28.32339],[152.55527,-28.31913],[152.54876,-28.32108],[152.54419,-28.31898],[152.54125,-28.31305],[152.53294,-28.31002],[152.52504,-28.30396],[152.52879,-28.29943],[152.52947,-28.28521],[152.53319,-28.27931],[152.53303,-28.27204],[152.53675,-28.26569],[152.52916,-28.26184],[152.52183,-28.26082],[152.51566,-28.25182],[152.50779,-28.24943],[152.50185,-28.25253],[152.49305,-28.25427],[152.48762,-28.25391]]]},"properties":{"postcode":"4310","state":"QLD","icsea_avg":981,"school_count":6,"icsea_band":3}},{"type":"Feature","geometry":{"type":"Polygon","coordinates":[[[152.59781,-27.55966],[152.59685,-27.56331],[152.6093,-27.56658],[152.6129,-27.57254],[152.59988,-27.57875],[152.59801,-27.58045],[152.59086,-27.57939],[152.59252,-27.5701],[152.58396,-27.56885],[152.58808,-27.56319],[152.58897,-27.55841],[152.59781,-27.55966]]]},"properties":{"postcode":"4346","state":"QLD","icsea_avg":916,"school_count":1,"icsea_band":1}},{"type":"Feature","geometry":{"type":"Polygon","coordinates":[[[152.95644,-27.26697],[152.96061,-27.27665],[152.96498,-27.27761],[152.96437,-27.28068],[152.95751,-27.28166],[152.95565,-27.27836],[152.95094,-27.27681],[152.95055,-27.28307],[152.98276,-27.2879],[152.98546,-27.29716],[152.9902,-27.29164],[152.99125,-27.28637],[152.99895,-27.288],[153.00632,-27.2955],[153.00783,-27.28988],[153.01376,-27.29185],[153.01239,-27.29616],[153.00716,-27.30116],[152.99698,-27.30255],[152.99671,-27.30921],[153.00254,-27.31682],[152.99995,-27.32305],[152.9974,-27.32389],[152.99502,-27.33006],[152.99281,-27.33548],[152.98644,-27.33796],[152.97584,-27.33658],[152.9611,-27.34179],[152.96063,-27.33714],[152.9519,-27.33075],[152.94601,-27.32918],[152.93844,-27.32973],[152.93371,-27.32804],[152.92785,-27.33124],[152.9217,-27.33041],[152.91724,-27.33305],[152.91167,-27.33946],[152.90254,-27.33809],[152.9002,-27.33525],[152.88904,-27.33728],[152.89033,-27.32971],[152.88515,-27.32879],[152.87735,-27.32326],[152.87765,-27.31728],[152.86846,-27.31442],[152.86885,-27.31019],[152.8646,-27.30675],[152.86784,-27.28969],[152.86649,-27.28468],[152.87392,-27.27555],[152.87691,-27.27384],[152.8873,-27.25858],[152.89136,-27.2598],[152.89097,-27.27332],[152.88884,-27.27775],[152.89061,-27.28255],[152.895,-27.27844],[152.90092,-27.27621],[152.90564,-27.27015],[152.91254,-27.26989],[152.9118,-27.27509],[152.91456,-27.28055],[152.91032,-27.28377],[152.92094,-27.28524],[152.92855,-27.28301],[152.92504,-27.27547],[152.93064,-27.27284],[152.9339,-27.27703],[152.93856,-27.27514],[152.93995,-27.26665],[152.94619,-27.25675],[152.95345,-27.26551],[152.95644,-27.26697]]]},"properties":{"postcode":"4500","state":"QLD","icsea_avg":999,"school_count":7,"icsea_band":3}},{"type":"Feature","geometry":{"type":"Polygon","coordinates":[[[152.96498,-27.27761],[152.96643,-27.2709],[152.97681,-27.27484],[152.98942,-27.27425],[152.99353,-27.26804],[152.99564,-27.27062],[153.00161,-27.27066],[153.00256,-27.27745],[153.01347,-27.2846],[153.0158,-27.2875],[153.01376,-27.29185],[153.00783,-27.28988],[153.00632,-27.2955],[152.99895,-27.288],[152.99125,-27.28637],[152.9902,-27.29164],[152.98546,-27.29716],[152.98276,-27.2879],[152.95055,-27.28307],[152.95094,-27.27681],[152.95565,-27.27836],[152.95751,-27.28166],[152.96437,-27.28068],[152.96498,-27.27761]]]},"properties":{"postcode":"4501","state":"QLD","icsea_avg":964,"school_count":3,"icsea_band":2}},{"type":"Feature","geometry":{"type":"Polygon","coordinates":[[[152.95644,-27.26697],[152.95582,-27.26245],[152.96234,-27.25681],[152.96048,-27.25248],[152.97164,-27.24764],[152.97631,-27.25068],[152.97533,-27.25691],[152.97701,-27.26184],[152.99353,-27.26804],[152.98942,-27.27425],[152.97681,-27.27484],[152.96643,-27.2709],[152.96498,-27.27761],[152.96061,-27.27665],[152.95644,-27.26697]]]},"properties":{"postcode":"4502","state":"QLD","icsea_avg":1004,"school_count":4,"icsea_band":3}},{"type":"Feature","geometry":{"type":"Polygon","coordinates":[[[152.87392,-27.27555],[152.87652,-27.26855],[152.88091,-27.26614],[152.88109,-27.26264],[152.88528,-27.26069],[152.88505,-27.25572],[152.8963,-27.26115],[152.90738,-27.25997],[152.89644,-27.25296],[152.89576,-27.24271],[152.89775,-27.23646],[152.89193,-27.2368],[152.88667,-27.229],[152.88579,-27.223],[152.89101,-27.21948],[152.88809,-27.21536],[152.88956,-27.20646],[152.88298,-27.20553],[152.88008,-27.20119],[152.87362,-27.19936],[152.87258,-27.19382],[152.86193,-27.19238],[152.86238,-27.18942],[152.88656,-27.19333],[152.88735,-27.18918],[152.9023,-27.19126],[152.90588,-27.19375],[152.91721,-27.19532],[152.91766,-27.19365],[152.94577,-27.19765],[152.94464,-27.20415],[152.95524,-27.20552],[152.96262,-27.20472],[152.96709,-27.21516],[152.9747,-27.21516],[152.97923,-27.21253],[152.99196,-27.21178],[152.99723,-27.21984],[153.00729,-27.23893],[153.01619,-27.24595],[153.01802,-27.2487],[153.02888,-27.25222],[153.02883,-27.25551],[153.03407,-27.25736],[153.04211,-27.25491],[153.04273,-27.2512],[153.04769,-27.24986],[153.04911,-27.25729],[153.05293,-27.26332],[153.06403,-27.26595],[153.07788,-27.26436],[153.06621,-27.28128],[153.04958,-27.27867],[153.0408,-27.27953],[153.03508,-27.28667],[153.03657,-27.29296],[153.03549,-27.29715],[153.03093,-27.29838],[153.01893,-27.29098],[153.0158,-27.2875],[153.01347,-27.2846],[153.00256,-27.27745],[153.00161,-27.27066],[152.99564,-27.27062],[152.99353,-27.26804],[152.97701,-27.26184],[152.97533,-27.25691],[152.97631,-27.25068],[152.97164,-27.24764],[152.96048,-27.25248],[152.96234,-27.25681],[152.95582,-27.26245],[152.95644,-27.26697],[152.95345,-27.26551],[152.94619,-27.25675],[152.93995,-27.26665],[152.93856,-27.27514],[152.9339,-27.27703],[152.93064,-27.27284],[152.92504,-27.27547],[152.92855,-27.28301],[152.92094,-27.28524],[152.91032,-27.28377],[152.91456,-27.28055],[152.9118,-27.27509],[152.91254,-27.26989],[152.90564,-27.27015],[152.90092,-27.27621],[152.895,-27.27844],[152.89061,-27.28255],[152.88884,-27.27775],[152.89097,-27.27332],[152.89136,-27.2598],[152.8873,-27.25858],[152.87691,-27.27384],[152.87392,-27.27555]]]},"properties":{"postcode":"4503","state":"QLD","icsea_avg":1005,"school_count":9,"icsea_band":3}},{"type":"Feature","geometry":{"type":"Polygon","coordinates":[[[152.98365,-27.1787],[152.9868,-27.1907],[152.99524,-27.19029],[152.99623,-27.18472],[153.00716,-27.18869],[153.00635,-27.19314],[153.01267,-27.1995],[153.01195,-27.20325],[153.00226,-27.20285],[152.99791,-27.20865],[152.99196,-27.21178],[152.97923,-27.21253],[152.9747,-27.21516],[152.96709,-27.21516],[152.96262,-27.20472],[152.95524,-27.20552],[152.94464,-27.20415],[152.94577,-27.19765],[152.91766,-27.19365],[152.91721,-27.19532],[152.90588,-27.19375],[152.9023,-27.19126],[152.88735,-27.18918],[152.88656,-27.19333],[152.86238,-27.18942],[152.86348,-27.18245],[152.8537,-27.18028],[152.85308,-27.18395],[152.84454,-27.18281],[152.84712,-27.16664],[152.85509,-27.16999],[152.86238,-27.17166],[152.86737,-27.16871],[152.87227,-27.16818],[152.87447,-27.16413],[152.88304,-27.16608],[152.88249,-27.16916],[152.89179,-27.17048],[152.89392,-27.15857],[152.89968,-27.16527],[152.90297,-27.17131],[152.90821,-27.17376],[152.9134,-27.17388],[152.91775,-27.17757],[152.92202,-27.17535],[152.92843,-27.17219],[152.93529,-27.16475],[152.94237,-27.16388],[152.95078,-27.16755],[152.9552,-27.16706],[152.95264,-27.1803],[152.95487,-27.184],[152.96502,-27.18366],[152.98342,-27.18633],[152.98365,-27.1787]]]},"properties":{"postcode":"4504","state":"QLD","icsea_avg":998,"school_count":4,"icsea_band":3}},{"type":"Feature","geometry":{"type":"Polygon","coordinates":[[[152.97542,-27.09003],[152.97937,-27.09484],[152.98314,-27.09577],[152.98653,-27.10006],[152.99105,-27.09832],[152.99457,-27.10064],[152.99509,-27.10475],[153.00143,-27.1029],[153.00842,-27.10804],[153.00276,-27.11303],[153.00823,-27.11557],[153.01767,-27.10926],[153.02029,-27.12123],[153.02202,-27.1241],[153.02523,-27.12691],[153.03521,-27.13148],[153.0344,-27.14114],[153.03154,-27.14313],[153.03084,-27.14947],[153.03313,-27.154],[153.04058,-27.15421],[153.04268,-27.15896],[153.03588,-27.16103],[153.03173,-27.15986],[153.03161,-27.15549],[153.02687,-27.16141],[153.01904,-27.16374],[153.01652,-27.16212],[153.00523,-27.16061],[153.00454,-27.16424],[152.99926,-27.16678],[152.99849,-27.17144],[152.99445,-27.17332],[152.9817,-27.17184],[152.98365,-27.1787],[152.98342,-27.18633],[152.96502,-27.18366],[152.95487,-27.184],[152.95264,-27.1803],[152.9552,-27.16706],[152.95078,-27.16755],[152.94237,-27.16388],[152.93529,-27.16475],[152.92843,-27.17219],[152.92202,-27.17535],[152.91768,-27.16951],[152.92463,-27.15437],[152.93174,-27.15331],[152.93571,-27.15096],[152.94287,-27.15251],[152.94509,-27.14066],[152.95963,-27.14276],[152.9603,-27.1327],[152.95919,-27.12467],[152.97728,-27.12702],[152.97542,-27.09003]]]},"properties":{"postcode":"4505","state":"QLD","icsea_avg":974,"school_count":5,"icsea_band":2}},{"type":"Feature","geometry":{"type":"Polygon","coordinates":[[[152.97542,-27.09003],[152.97728,-27.12702],[152.95919,-27.12467],[152.9603,-27.1327],[152.95963,-27.14276],[152.94509,-27.14066],[152.94287,-27.15251],[152.93571,-27.15096],[152.93174,-27.15331],[152.92463,-27.15437],[152.91768,-27.16951],[152.92202,-27.17535],[152.91775,-27.17757],[152.9134,-27.17388],[152.90821,-27.17376],[152.90297,-27.17131],[152.89968,-27.16527],[152.89392,-27.15857],[152.89179,-27.17048],[152.88249,-27.16916],[152.88304,-27.16608],[152.87447,-27.16413],[152.87227,-27.16818],[152.86737,-27.16871],[152.86238,-27.17166],[152.85509,-27.16999],[152.85763,-27.15443],[152.84832,-27.15447],[152.8511,-27.13966],[152.85299,-27.13782],[152.85928,-27.13925],[152.85846,-27.14383],[152.86385,-27.14503],[152.86692,-27.14134],[152.86695,-27.13494],[152.86498,-27.13096],[152.86522,-27.12546],[152.88438,-27.12635],[152.88989,-27.13406],[152.89169,-27.13966],[152.89854,-27.13721],[152.90291,-27.13785],[152.90599,-27.13441],[152.90646,-27.12689],[152.9177,-27.12056],[152.92018,-27.11736],[152.92717,-27.11902],[152.93059,-27.11389],[152.92233,-27.11273],[152.92033,-27.10881],[152.92337,-27.10298],[152.92835,-27.10373],[152.93089,-27.09967],[152.9353,-27.09905],[152.9484,-27.10159],[152.95256,-27.09777],[152.95604,-27.08994],[152.95536,-27.08651],[152.96777,-27.09111],[152.97099,-27.0949],[152.97542,-27.09003]]]},"properties":{"postcode":"4506","state":"QLD","icsea_avg":953,"school_count":5,"icsea_band":2}},{"type":"Feature","geometry":{"type":"Polygon","coordinates":[[[153.15158,-27.06997],[153.14641,-27.06726],[153.14408,-27.06256],[153.13917,-27.06008],[153.13454,-27.05185],[153.13165,-27.03592],[153.12505,-27.03446],[153.11923,-27.02713],[153.10905,-27.02163],[153.09907,-27.01378],[153.09579,-26.99589],[153.09312,-26.99182],[153.09371,-26.98646],[153.09096,-26.97867],[153.08326,-26.97966],[153.08168,-26.97286],[153.08406,-26.96673],[153.08335,-26.9584],[153.08921,-26.95759],[153.08726,-26.95084],[153.09044,-26.94757],[153.09046,-26.94328],[153.08551,-26.94106],[153.0833,-26.9369],[153.08528,-26.93408],[153.08261,-26.92758],[153.07864,-26.9253],[153.07519,-26.91965],[153.07722,-26.91015],[153.07921,-26.90748],[153.08871,-26.90249],[153.10251,-26.89748],[153.11331,-26.88911],[153.11749,-26.88303],[153.12361,-26.88114],[153.12432,-26.87754],[153.13003,-26.87392],[153.12778,-26.87004],[153.12736,-26.86177],[153.13052,-26.86017],[153.13049,-26.87182],[153.13219,-26.88236],[153.14153,-26.91836],[153.14955,-26.94503],[153.1574,-26.97298],[153.16138,-26.98512],[153.16808,-27.00175],[153.18015,-27.02761],[153.19165,-27.04663],[153.19965,-27.05744],[153.20426,-27.06676],[153.20663,-27.07399],[153.20756,-27.08168],[153.20646,-27.08491],[153.2008,-27.08836],[153.19775,-27.09628],[153.17614,-27.09991],[153.16697,-27.09994],[153.16021,-27.09019],[153.15813,-27.08035],[153.15515,-27.0726],[153.15158,-27.06997]]]},"properties":{"postcode":"4507","state":"QLD","icsea_avg":969,"school_count":3,"icsea_band":2}},{"type":"Feature","geometry":{"type":"Polygon","coordinates":[[[153.03161,-27.15549],[153.03169,-27.16118],[153.03658,-27.16544],[153.02944,-27.17895],[153.03304,-27.19091],[153.03748,-27.19664],[153.04448,-27.19568],[153.04266,-27.20811],[153.03187,-27.20734],[153.0301,-27.21011],[153.01592,-27.20806],[153.01195,-27.20325],[153.01267,-27.1995],[153.00635,-27.19314],[153.00716,-27.18869],[152.99623,-27.18472],[152.99524,-27.19029],[152.9868,-27.1907],[152.98365,-27.1787],[152.9817,-27.17184],[152.99445,-27.17332],[152.99849,-27.17144],[152.99926,-27.16678],[153.00454,-27.16424],[153.00523,-27.16061],[153.01652,-27.16212],[153.01904,-27.16374],[153.02687,-27.16141],[153.03161,-27.15549]]]},"properties":{"postcode":"4508","state":"QLD","icsea_avg":924,"school_count":8,"icsea_band":1}},{"type":"Feature","geometry":{"type":"Polygon","coordinates":[[[152.99196,-27.21178],[152.99791,-27.20865],[153.00226,-27.20285],[153.01195,-27.20325],[153.01592,-27.20806],[153.0301,-27.21011],[153.03187,-27.20734],[153.03417,-27.20855],[153.03476,-27.21707],[153.04229,-27.22261],[153.04482,-27.22738],[153.05247,-27.22801],[153.05147,-27.22345],[153.05965,-27.22204],[153.05858,-27.22873],[153.05443,-27.22973],[153.05594,-27.23472],[153.06157,-27.23715],[153.06675,-27.24683],[153.06929,-27.25677],[153.07449,-27.26303],[153.07788,-27.26436],[153.06403,-27.26595],[153.05293,-27.26332],[153.04911,-27.25729],[153.04769,-27.24986],[153.04273,-27.2512],[153.04211,-27.25491],[153.03407,-27.25736],[153.02883,-27.25551],[153.02888,-27.25222],[153.01802,-27.2487],[153.01619,-27.24595],[153.00729,-27.23893],[152.99723,-27.21984],[152.99196,-27.21178]]]},"properties":{"postcode":"4509","state":"QLD","icsea_avg":1040,"school_count":8,"icsea_band":4}},{"type":"Feature","geometry":{"type":"MultiPolygon","coordinates":[[[[152.97542,-27.09003],[152.97099,-27.0949],[152.96777,-27.09111],[152.95536,-27.08651],[152.95604,-27.08994],[152.95256,-27.09777],[152.9484,-27.10159],[152.9353,-27.09905],[152.93089,-27.09967],[152.92835,-27.10373],[152.92337,-27.10298],[152.92033,-27.10881],[152.92233,-27.11273],[152.93059,-27.11389],[152.92717,-27.11902],[152.92018,-27.11736],[152.9177,-27.12056],[152.90646,-27.12689],[152.90599,-27.13441],[152.90291,-27.13785],[152.89854,-27.13721],[152.89169,-27.13966],[152.88989,-27.13406],[152.88438,-27.12635],[152.86522,-27.12546],[152.86498,-27.13096],[152.86695,-27.13494],[152.86692,-27.14134],[152.86385,-27.14503],[152.85846,-27.14383],[152.85928,-27.13925],[152.85299,-27.13782],[152.8511,-27.13966],[152.84278,-27.13585],[152.83969,-27.13654],[152.83598,-27.13267],[152.82864,-27.13075],[152.83034,-27.12164],[152.82893,-27.11586],[152.81944,-27.11397],[152.82021,-27.11009],[152.80729,-27.1081],[152.80863,-27.09951],[152.81227,-27.09657],[152.81684,-27.09726],[152.81924,-27.0865],[152.82675,-27.08309],[152.83608,-27.08797],[152.84518,-27.08914],[152.84674,-27.07973],[152.85832,-27.0791],[152.85915,-27.07418],[152.8712,-27.07973],[152.87899,-27.08142],[152.8811,-27.07296],[152.88811,-27.0708],[152.8908,-27.0552],[152.89695,-27.05382],[152.90349,-27.0458],[152.90196,-27.04166],[152.8975,-27.03993],[152.89991,-27.03545],[152.90163,-27.02612],[152.93008,-27.0302],[152.9334,-27.04134],[152.96123,-27.04542],[152.96163,-27.0424],[152.96961,-27.04336],[152.97671,-27.04038],[152.98941,-27.0398],[152.99836,-27.04123],[153.003,-27.04021],[153.0236,-27.02788],[153.02554,-27.01713],[153.02914,-27.01513],[153.03118,-27.00416],[153.03296,-27.00129],[153.03483,-26.99051],[153.05105,-26.9904],[153.05974,-26.98852],[153.05998,-26.99297],[153.06698,-26.99902],[153.07135,-27.00029],[153.07269,-27.00984],[153.07789,-27.01413],[153.08328,-27.01498],[153.08587,-27.0205],[153.08108,-27.02529],[153.08321,-27.02842],[153.08887,-27.02585],[153.09373,-27.02752],[153.10265,-27.03506],[153.10511,-27.04333],[153.11261,-27.05287],[153.11114,-27.0568],[153.10648,-27.05793],[153.09509,-27.05515],[153.08292,-27.05737],[153.07896,-27.05458],[153.07275,-27.05413],[153.06354,-27.04808],[153.06034,-27.05532],[153.05666,-27.05553],[153.05306,-27.05058],[153.04558,-27.05049],[153.0461,-27.0458],[153.03979,-27.04478],[153.03664,-27.06297],[153.02802,-27.06183],[153.02891,-27.06819],[153.02663,-27.07259],[153.02538,-27.08064],[153.02825,-27.08285],[153.03548,-27.08369],[153.03608,-27.09053],[153.05024,-27.09344],[153.05234,-27.08056],[153.06836,-27.08157],[153.08584,-27.08358],[153.08484,-27.0914],[153.0858,-27.09528],[153.09241,-27.09605],[153.07799,-27.10358],[153.069,-27.10931],[153.06365,-27.11416],[153.0556,-27.12819],[153.04843,-27.14457],[153.04335,-27.14938],[153.0363,-27.15029],[153.03536,-27.14768],[153.04023,-27.13788],[153.03847,-27.12873],[153.03546,-27.12621],[153.02595,-27.12557],[153.02202,-27.1241],[153.02029,-27.12123],[153.01767,-27.10926],[153.00823,-27.11557],[153.00276,-27.11303],[153.00842,-27.10804],[153.00143,-27.1029],[152.99509,-27.10475],[152.99457,-27.10064],[152.99105,-27.09832],[152.98653,-27.10006],[152.98314,-27.09577],[152.97937,-27.09484],[152.97542,-27.09003]]],[[[153.08553,-27.0076],[153.08281,-27.011],[153.07733,-27.00924],[153.07751,-27.00436],[153.08054,-27.00135],[153.08553,-27.0076]]],[[[153.0593,-26.98658],[153.05633,-26.98242],[153.06019,-26.98077],[153.06349,-26.98345],[153.0593,-26.98658]]]]},"properties":{"postcode":"4510","state":"QLD","icsea_avg":972,"school_count":19,"icsea_band":2}},{"type":"Feature","geometry":{"type":"Polygon","coordinates":[[[153.09509,-27.05515],[153.10111,-27.06053],[153.10911,-27.06082],[153.10898,-27.06614],[153.11941,-27.06285],[153.12629,-27.06288],[153.13396,-27.06737],[153.14407,-27.07585],[153.14285,-27.08049],[153.13018,-27.08693],[153.12045,-27.08494],[153.1083,-27.08755],[153.10726,-27.08928],[153.09241,-27.09605],[153.0858,-27.09528],[153.08484,-27.0914],[153.08584,-27.08358],[153.06836,-27.08157],[153.05234,-27.08056],[153.05024,-27.09344],[153.03608,-27.09053],[153.03548,-27.08369],[153.02825,-27.08285],[153.02538,-27.08064],[153.02663,-27.07259],[153.02891,-27.06819],[153.02802,-27.06183],[153.03664,-27.06297],[153.03979,-27.04478],[153.0461,-27.0458],[153.04558,-27.05049],[153.05306,-27.05058],[153.05666,-27.05553],[153.06034,-27.05532],[153.06354,-27.04808],[153.07275,-27.05413],[153.07896,-27.05458],[153.08292,-27.05737],[153.09509,-27.05515]]]},"properties":{"postcode":"4511","state":"QLD","icsea_avg":null,"school_count":0,"icsea_band":0}},{"type":"Feature","geometry":{"type":"Polygon","coordinates":[[[152.81284,-27.00985],[152.80919,-26.99762],[152.80131,-26.99619],[152.79969,-26.99184],[152.80272,-26.98897],[152.80846,-26.98867],[152.80952,-26.98146],[152.81982,-26.98268],[152.82014,-26.98053],[152.80383,-26.9787],[152.80449,-26.97423],[152.79353,-26.97294],[152.78978,-26.9672],[152.79089,-26.95982],[152.79701,-26.96053],[152.79463,-26.95466],[152.79572,-26.94737],[152.78786,-26.94642],[152.79123,-26.93699],[152.79825,-26.93077],[152.80226,-26.93124],[152.80296,-26.92656],[152.80896,-26.92739],[152.81081,-26.91673],[152.83298,-26.9172],[152.83524,-26.90439],[152.84182,-26.90656],[152.8445,-26.88893],[152.85182,-26.88551],[152.85546,-26.88739],[152.85424,-26.8946],[152.8553,-26.90188],[152.86114,-26.90274],[152.85946,-26.9113],[152.87545,-26.91352],[152.8725,-26.93051],[152.8612,-26.9363],[152.85801,-26.95622],[152.874,-26.95834],[152.87364,-26.96356],[152.87557,-26.96802],[152.88666,-26.97325],[152.89466,-26.98272],[152.89404,-26.98729],[152.90796,-26.98923],[152.90781,-26.99289],[152.90163,-27.02612],[152.89991,-27.03545],[152.8975,-27.03993],[152.90196,-27.04166],[152.90349,-27.0458],[152.89695,-27.05382],[152.8908,-27.0552],[152.88811,-27.0708],[152.8811,-27.07296],[152.87899,-27.08142],[152.8712,-27.07973],[152.85915,-27.07418],[152.85832,-27.0791],[152.84674,-27.07973],[152.84518,-27.08914],[152.83608,-27.08797],[152.82675,-27.08309],[152.82772,-27.07909],[152.81865,-27.07044],[152.82412,-27.06569],[152.82402,-27.06302],[152.83701,-27.05552],[152.84647,-27.05299],[152.8486,-27.05061],[152.83908,-27.03888],[152.83206,-27.04173],[152.82495,-27.03952],[152.81773,-27.02983],[152.80818,-27.02852],[152.81314,-27.01648],[152.81284,-27.00985]]]},"properties":{"postcode":"4512","state":"QLD","icsea_avg":979,"school_count":1,"icsea_band":3}},{"type":"Feature","geometry":{"type":"Polygon","coordinates":[[[152.86679,-26.88892],[152.85546,-26.88739],[152.85182,-26.88551],[152.8445,-26.88893],[152.84182,-26.90656],[152.83524,-26.90439],[152.83298,-26.9172],[152.81081,-26.91673],[152.80896,-26.92739],[152.80296,-26.92656],[152.80226,-26.93124],[152.79825,-26.93077],[152.79123,-26.93699],[152.78786,-26.94642],[152.79572,-26.94737],[152.79463,-26.95466],[152.79701,-26.96053],[152.79089,-26.95982],[152.78978,-26.9672],[152.79353,-26.97294],[152.80449,-26.97423],[152.80383,-26.9787],[152.82014,-26.98053],[152.81982,-26.98268],[152.80952,-26.98146],[152.80846,-26.98867],[152.80272,-26.98897],[152.79969,-26.99184],[152.80131,-26.99619],[152.80919,-26.99762],[152.81284,-27.00985],[152.79978,-27.00829],[152.79722,-27.00534],[152.78808,-27.00322],[152.78784,-27.00806],[152.79504,-27.00892],[152.79566,-27.01458],[152.78747,-27.01549],[152.77887,-27.01436],[152.77857,-27.00818],[152.78514,-27.00218],[152.79216,-27.00098],[152.79488,-26.99148],[152.79731,-26.98759],[152.79008,-26.9753],[152.78347,-26.97451],[152.78413,-26.98174],[152.77344,-26.98046],[152.7723,-26.98796],[152.76661,-26.98725],[152.76365,-26.98476],[152.75139,-26.98343],[152.75295,-26.98618],[152.74991,-26.99118],[152.7396,-26.99012],[152.73574,-26.991],[152.73445,-26.99885],[152.72915,-26.99804],[152.72695,-27.00324],[152.73807,-27.00615],[152.73441,-27.01494],[152.73088,-27.01539],[152.71989,-27.04076],[152.7088,-27.037],[152.70314,-27.04156],[152.69677,-27.04077],[152.69295,-27.04611],[152.68915,-27.04828],[152.69474,-27.05859],[152.67709,-27.05574],[152.67212,-27.05554],[152.6693,-27.05825],[152.65929,-27.05367],[152.65823,-27.05894],[152.65101,-27.05786],[152.64905,-27.06868],[152.6219,-27.06398],[152.61814,-27.05976],[152.61008,-27.06027],[152.60032,-27.05903],[152.59757,-27.0663],[152.59395,-27.06455],[152.58369,-27.0685],[152.58342,-27.05674],[152.5761,-27.04375],[152.57162,-27.04607],[152.56783,-27.04304],[152.5695,-27.03934],[152.56932,-27.03269],[152.56698,-27.02116],[152.56377,-27.01876],[152.56926,-27.0133],[152.56526,-27.00934],[152.56832,-27.00348],[152.56296,-26.99923],[152.56555,-26.99319],[152.57,-26.99109],[152.56595,-26.98714],[152.56188,-26.98979],[152.55555,-26.98695],[152.55901,-26.97826],[152.55421,-26.97293],[152.55617,-26.96773],[152.56299,-26.96633],[152.56171,-26.96098],[152.56806,-26.9559],[152.56369,-26.95283],[152.56944,-26.94986],[152.56831,-26.94271],[152.57233,-26.93466],[152.5648,-26.92813],[152.56857,-26.92065],[152.57583,-26.91901],[152.58139,-26.9196],[152.58446,-26.91279],[152.59106,-26.91368],[152.58942,-26.92334],[152.59888,-26.92458],[152.59687,-26.92882],[152.60105,-26.93057],[152.6065,-26.92968],[152.61427,-26.93116],[152.61514,-26.93647],[152.62704,-26.93815],[152.63146,-26.93752],[152.63587,-26.94206],[152.64415,-26.94331],[152.64574,-26.95075],[152.64844,-26.95386],[152.6558,-26.94777],[152.66307,-26.94817],[152.66536,-26.94283],[152.67004,-26.93713],[152.66958,-26.92816],[152.67298,-26.92261],[152.67644,-26.92236],[152.68219,-26.91516],[152.68743,-26.91363],[152.66081,-26.90992],[152.66668,-26.90626],[152.6674,-26.89624],[152.67859,-26.89779],[152.67897,-26.8956],[152.68843,-26.8969],[152.68884,-26.88834],[152.68718,-26.88644],[152.68664,-26.87757],[152.68021,-26.86938],[152.67762,-26.86359],[152.67001,-26.85481],[152.67095,-26.84494],[152.66665,-26.8403],[152.66721,-26.83603],[152.67271,-26.83429],[152.67847,-26.83036],[152.67197,-26.81893],[152.67902,-26.81643],[152.68132,-26.80994],[152.67877,-26.80878],[152.6792,-26.79996],[152.6989,-26.80312],[152.6966,-26.80924],[152.70897,-26.81128],[152.72086,-26.80861],[152.72649,-26.81153],[152.72892,-26.81669],[152.73281,-26.81502],[152.73901,-26.80804],[152.74958,-26.81572],[152.75312,-26.79735],[152.75921,-26.80306],[152.76109,-26.79236],[152.77103,-26.79593],[152.77948,-26.79717],[152.77726,-26.8094],[152.78867,-26.81302],[152.78681,-26.82227],[152.79202,-26.82708],[152.80099,-26.82633],[152.81268,-26.82874],[152.81717,-26.83601],[152.81825,-26.84022],[152.82449,-26.84944],[152.82912,-26.85028],[152.83228,-26.85618],[152.83901,-26.85537],[152.84801,-26.85813],[152.85314,-26.85623],[152.85163,-26.86529],[152.85823,-26.86613],[152.85739,-26.87128],[152.86948,-26.87287],[152.86679,-26.88892]]]},"properties":{"postcode":"4514","state":"QLD","icsea_avg":976,"school_count":2,"icsea_band":2}},{"type":"Feature","geometry":{"type":"Polygon","coordinates":[[[152.90163,-27.02612],[152.90781,-26.99289],[152.90796,-26.98923],[152.89404,-26.98729],[152.89466,-26.98272],[152.88666,-26.97325],[152.87557,-26.96802],[152.87364,-26.96356],[152.874,-26.95834],[152.88551,-26.95595],[152.89116,-26.96075],[152.89843,-26.95803],[152.90371,-26.9539],[152.91726,-26.95471],[152.92702,-26.96142],[152.94556,-26.96652],[152.95011,-26.96581],[152.95273,-26.96794],[152.96141,-26.97257],[152.96664,-26.97879],[152.97501,-26.97438],[152.97811,-26.98027],[152.98518,-26.98468],[152.98896,-26.9839],[153.00306,-26.98484],[153.0116,-26.97906],[153.01794,-26.97833],[153.01845,-26.9664],[153.04306,-26.96946],[153.04553,-26.97597],[153.04439,-26.9818],[153.04607,-26.98464],[153.0369,-26.98712],[153.03483,-26.99051],[153.03296,-27.00129],[153.03118,-27.00416],[153.02914,-27.01513],[153.02554,-27.01713],[153.0236,-27.02788],[153.003,-27.04021],[152.99836,-27.04123],[152.98941,-27.0398],[152.97671,-27.04038],[152.96961,-27.04336],[152.96163,-27.0424],[152.96123,-27.04542],[152.9334,-27.04134],[152.93008,-27.0302],[152.90163,-27.02612]]]},"properties":{"postcode":"4516","state":"QLD","icsea_avg":988,"school_count":1,"icsea_band":3}},{"type":"Feature","geometry":{"type":"MultiPolygon","coordinates":[[[[152.96304,-26.91709],[152.96337,-26.92515],[152.96043,-26.92988],[152.96028,-26.9422],[152.965,-26.9418],[152.96697,-26.94593],[152.96294,-26.94763],[152.95737,-26.94664],[152.95141,-26.9467],[152.95006,-26.94288],[152.94206,-26.94158],[152.94358,-26.93614],[152.94742,-26.93441],[152.95082,-26.92912],[152.95726,-26.92369],[152.95803,-26.91639],[152.96304,-26.91709]]],[[[152.95273,-26.96794],[152.95011,-26.96581],[152.95435,-26.96134],[152.95745,-26.95483],[152.95958,-26.95867],[152.95787,-26.964],[152.95273,-26.96794]]]]},"properties":{"postcode":"4517","state":"QLD","icsea_avg":945,"school_count":1,"icsea_band":1}},{"type":"Feature","geometry":{"type":"Polygon","coordinates":[[[152.96304,-26.91709],[152.95803,-26.91639],[152.95726,-26.92369],[152.95082,-26.92912],[152.94742,-26.93441],[152.94358,-26.93614],[152.94206,-26.94158],[152.95006,-26.94288],[152.95141,-26.9467],[152.95737,-26.94664],[152.95745,-26.95483],[152.95435,-26.96134],[152.95011,-26.96581],[152.94556,-26.96652],[152.92702,-26.96142],[152.91726,-26.95471],[152.90371,-26.9539],[152.89843,-26.95803],[152.89116,-26.96075],[152.88551,-26.95595],[152.874,-26.95834],[152.85801,-26.95622],[152.8612,-26.9363],[152.8725,-26.93051],[152.87545,-26.91352],[152.85946,-26.9113],[152.86114,-26.90274],[152.8553,-26.90188],[152.85424,-26.8946],[152.85546,-26.88739],[152.86679,-26.88892],[152.87843,-26.89054],[152.89102,-26.89021],[152.90452,-26.89223],[152.90498,-26.88909],[152.91536,-26.88816],[152.91685,-26.88405],[152.92736,-26.88551],[152.92826,-26.87969],[152.931,-26.87677],[152.93989,-26.87531],[152.94471,-26.86915],[152.95513,-26.86726],[152.96032,-26.87523],[152.97257,-26.87697],[152.9875,-26.88371],[152.98481,-26.88641],[152.97779,-26.88784],[152.97824,-26.89384],[152.97104,-26.89466],[152.96902,-26.89785],[152.97596,-26.90189],[152.98261,-26.8976],[152.98686,-26.9008],[152.98373,-26.90399],[152.99876,-26.90648],[152.99433,-26.92159],[152.99145,-26.91864],[152.98537,-26.91739],[152.98659,-26.91272],[152.97878,-26.91139],[152.97694,-26.91587],[152.96654,-26.91878],[152.96304,-26.91709]]]},"properties":{"postcode":"4518","state":"QLD","icsea_avg":998,"school_count":1,"icsea_band":3}},{"type":"Feature","geometry":{"type":"Polygon","coordinates":[[[152.7536,-27.29501],[152.75983,-27.28063],[152.75885,-27.27213],[152.74943,-27.25997],[152.74861,-27.25042],[152.74575,-27.24947],[152.74829,-27.23522],[152.74538,-27.23261],[152.75075,-27.22281],[152.75285,-27.21069],[152.76033,-27.21174],[152.76096,-27.20823],[152.77074,-27.19536],[152.77707,-27.19584],[152.78055,-27.19882],[152.78868,-27.19462],[152.79297,-27.18937],[152.80427,-27.19434],[152.80237,-27.19986],[152.80666,-27.20233],[152.80818,-27.20799],[152.81308,-27.2103],[152.81553,-27.21544],[152.81986,-27.21367],[152.82663,-27.21916],[152.83007,-27.21579],[152.838,-27.21768],[152.84091,-27.22281],[152.84684,-27.22406],[152.85241,-27.21704],[152.85591,-27.22042],[152.8647,-27.21987],[152.86859,-27.22602],[152.87549,-27.22664],[152.87992,-27.22448],[152.88667,-27.229],[152.89193,-27.2368],[152.89775,-27.23646],[152.89576,-27.24271],[152.89644,-27.25296],[152.90738,-27.25997],[152.8963,-27.26115],[152.88505,-27.25572],[152.88528,-27.26069],[152.88109,-27.26264],[152.88091,-27.26614],[152.87652,-27.26855],[152.87392,-27.27555],[152.86649,-27.28468],[152.86784,-27.28969],[152.8646,-27.30675],[152.86885,-27.31019],[152.86846,-27.31442],[152.87765,-27.31728],[152.87735,-27.32326],[152.88515,-27.32879],[152.89033,-27.32971],[152.88904,-27.33728],[152.9002,-27.33525],[152.90254,-27.33809],[152.91167,-27.33946],[152.91099,-27.34352],[152.92224,-27.34818],[152.92629,-27.35095],[152.92754,-27.36227],[152.91973,-27.3649],[152.9101,-27.37255],[152.90417,-27.38217],[152.90037,-27.40373],[152.89759,-27.41509],[152.90346,-27.42135],[152.90528,-27.42649],[152.90444,-27.43193],[152.92343,-27.4342],[152.9271,-27.443],[152.93106,-27.44585],[152.9258,-27.45286],[152.9263,-27.45859],[152.92024,-27.45994],[152.91733,-27.45707],[152.90896,-27.45626],[152.90242,-27.4599],[152.89636,-27.45704],[152.88927,-27.4565],[152.88531,-27.45167],[152.88026,-27.45496],[152.87522,-27.44888],[152.86366,-27.44406],[152.86002,-27.44741],[152.85227,-27.44638],[152.84948,-27.44849],[152.84382,-27.44785],[152.82748,-27.44272],[152.82526,-27.43839],[152.82846,-27.43266],[152.82409,-27.42408],[152.8171,-27.41959],[152.81347,-27.41963],[152.80829,-27.41468],[152.80603,-27.41674],[152.79865,-27.40511],[152.77562,-27.40169],[152.77465,-27.39321],[152.77564,-27.38911],[152.76958,-27.37886],[152.76232,-27.37176],[152.76152,-27.36183],[152.7629,-27.35461],[152.77176,-27.35005],[152.77188,-27.34319],[152.76759,-27.33499],[152.76449,-27.33551],[152.75948,-27.33027],[152.75467,-27.33314],[152.74884,-27.3323],[152.75052,-27.32041],[152.7485,-27.31875],[152.74912,-27.31322],[152.75596,-27.30979],[152.75684,-27.30066],[152.7536,-27.29501]]]},"properties":{"postcode":"4520","state":"QLD","icsea_avg":1080,"school_count":4,"icsea_band":5}},{"type":"Feature","geometry":{"type":"Polygon","coordinates":[[[152.67709,-27.05574],[152.69474,-27.05859],[152.68915,-27.04828],[152.69295,-27.04611],[152.69677,-27.04077],[152.70314,-27.04156],[152.7088,-27.037],[152.71989,-27.04076],[152.73088,-27.01539],[152.73441,-27.01494],[152.73807,-27.00615],[152.72695,-27.00324],[152.72915,-26.99804],[152.73445,-26.99885],[152.73574,-26.991],[152.7396,-26.99012],[152.74991,-26.99118],[152.75295,-26.98618],[152.75139,-26.98343],[152.76365,-26.98476],[152.76661,-26.98725],[152.7723,-26.98796],[152.77344,-26.98046],[152.78413,-26.98174],[152.78347,-26.97451],[152.79008,-26.9753],[152.79731,-26.98759],[152.79488,-26.99148],[152.79216,-27.00098],[152.78514,-27.00218],[152.77857,-27.00818],[152.77887,-27.01436],[152.78747,-27.01549],[152.79566,-27.01458],[152.79504,-27.00892],[152.78784,-27.00806],[152.78808,-27.00322],[152.79722,-27.00534],[152.79978,-27.00829],[152.81284,-27.00985],[152.81314,-27.01648],[152.80818,-27.02852],[152.81773,-27.02983],[152.82495,-27.03952],[152.83206,-27.04173],[152.83908,-27.03888],[152.8486,-27.05061],[152.84647,-27.05299],[152.83701,-27.05552],[152.82402,-27.06302],[152.82412,-27.06569],[152.81865,-27.07044],[152.82772,-27.07909],[152.82675,-27.08309],[152.81924,-27.0865],[152.81684,-27.09726],[152.81227,-27.09657],[152.80863,-27.09951],[152.80729,-27.1081],[152.82021,-27.11009],[152.81944,-27.11397],[152.82893,-27.11586],[152.83034,-27.12164],[152.82864,-27.13075],[152.83598,-27.13267],[152.83969,-27.13654],[152.84278,-27.13585],[152.8511,-27.13966],[152.84832,-27.15447],[152.85763,-27.15443],[152.85509,-27.16999],[152.84712,-27.16664],[152.84454,-27.18281],[152.85308,-27.18395],[152.8537,-27.18028],[152.86348,-27.18245],[152.86238,-27.18942],[152.86193,-27.19238],[152.87258,-27.19382],[152.87362,-27.19936],[152.88008,-27.20119],[152.88298,-27.20553],[152.88956,-27.20646],[152.88809,-27.21536],[152.89101,-27.21948],[152.88579,-27.223],[152.88667,-27.229],[152.87992,-27.22448],[152.87549,-27.22664],[152.86859,-27.22602],[152.8647,-27.21987],[152.85591,-27.22042],[152.85241,-27.21704],[152.84684,-27.22406],[152.84091,-27.22281],[152.838,-27.21768],[152.83007,-27.21579],[152.82663,-27.21916],[152.81986,-27.21367],[152.81553,-27.21544],[152.81308,-27.2103],[152.80818,-27.20799],[152.80666,-27.20233],[152.80237,-27.19986],[152.80427,-27.19434],[152.79297,-27.18937],[152.78868,-27.19462],[152.78055,-27.19882],[152.77707,-27.19584],[152.77074,-27.19536],[152.76096,-27.20823],[152.76033,-27.21174],[152.75285,-27.21069],[152.75075,-27.22281],[152.74538,-27.23261],[152.74829,-27.23522],[152.74575,-27.24947],[152.74861,-27.25042],[152.74943,-27.25997],[152.75885,-27.27213],[152.75983,-27.28063],[152.7536,-27.29501],[152.7456,-27.29338],[152.73927,-27.29371],[152.73507,-27.29699],[152.71756,-27.29275],[152.71308,-27.28959],[152.70717,-27.29223],[152.70375,-27.29041],[152.70556,-27.28608],[152.70461,-27.27697],[152.69051,-27.27445],[152.68357,-27.27161],[152.68155,-27.26379],[152.68175,-27.25403],[152.68741,-27.24899],[152.69273,-27.24037],[152.69087,-27.23595],[152.70022,-27.23023],[152.70222,-27.22635],[152.70046,-27.2198],[152.70416,-27.2088],[152.70173,-27.20433],[152.70354,-27.1992],[152.71227,-27.18874],[152.7186,-27.18275],[152.72297,-27.18047],[152.72901,-27.17326],[152.7334,-27.17066],[152.72906,-27.16377],[152.73933,-27.15093],[152.73507,-27.14279],[152.73053,-27.12587],[152.7281,-27.12194],[152.7301,-27.11846],[152.73032,-27.10875],[152.73351,-27.10743],[152.73446,-27.10235],[152.72621,-27.10322],[152.71806,-27.10222],[152.70796,-27.09628],[152.69581,-27.09488],[152.68975,-27.09279],[152.68333,-27.09515],[152.67931,-27.09477],[152.67614,-27.08902],[152.68629,-27.08322],[152.68696,-27.08077],[152.68325,-27.06265],[152.67709,-27.05574]]]},"properties":{"postcode":"4521","state":"QLD","icsea_avg":1018,"school_count":2,"icsea_band":3}},{"type":"Feature","geometry":{"type":"Polygon","coordinates":[[[138.6043,-34.914],[138.6107,-34.91277],[138.61283,-34.9095],[138.61509,-34.9196],[138.61572,-34.92259],[138.62356,-34.92827],[138.624,-34.93396],[138.62451,-34.94024],[138.60675,-34.94099],[138.60027,-34.94134],[138.58288,-34.94238],[138.57699,-34.90917],[138.58108,-34.91484],[138.5871,-34.91791],[138.59609,-34.91905],[138.59894,-34.91633],[138.59941,-34.92156],[138.61036,-34.921],[138.6043,-34.914]]]},"properties":{"postcode":"5000","state":"SA","icsea_avg":1086,"school_count":11,"icsea_band":5}},{"type":"Feature","geometry":{"type":"Polygon","coordinates":[[[138.6043,-34.914],[138.61036,-34.921],[138.59941,-34.92156],[138.59894,-34.91633],[138.6043,-34.914]]]},"properties":{"postcode":"5005","state":"SA","icsea_avg":1092,"school_count":1,"icsea_band":5}},{"type":"Feature","geometry":{"type":"Polygon","coordinates":[[[138.58214,-34.90424],[138.58792,-34.8992],[138.59733,-34.89862],[138.60994,-34.90217],[138.61283,-34.9095],[138.6107,-34.91277],[138.6043,-34.914],[138.59894,-34.91633],[138.59609,-34.91905],[138.5871,-34.91791],[138.58108,-34.91484],[138.57699,-34.90917],[138.58214,-34.90424]]]},"properties":{"postcode":"5006","state":"SA","icsea_avg":1112,"school_count":2,"icsea_band":5}},{"type":"Feature","geometry":{"type":"Polygon","coordinates":[[[138.58424,-34.89696],[138.58214,-34.90424],[138.57699,-34.90917],[138.5592,-34.91219],[138.55745,-34.91104],[138.5566,-34.8947],[138.56636,-34.90179],[138.57337,-34.89509],[138.57471,-34.89119],[138.58424,-34.89696]]]},"properties":{"postcode":"5007","state":"SA","icsea_avg":1025,"school_count":3,"icsea_band":3}},{"type":"Feature","geometry":{"type":"Polygon","coordinates":[[[138.55746,-34.87575],[138.58161,-34.87468],[138.58281,-34.87828],[138.58424,-34.89696],[138.57471,-34.89119],[138.57337,-34.89509],[138.56636,-34.90179],[138.5566,-34.8947],[138.54914,-34.88975],[138.55782,-34.88093],[138.55746,-34.87575]]]},"properties":{"postcode":"5008","state":"SA","icsea_avg":1014,"school_count":5,"icsea_band":3}},{"type":"Feature","geometry":{"type":"Polygon","coordinates":[[[138.54839,-34.87523],[138.5482,-34.87239],[138.55712,-34.87196],[138.55746,-34.87575],[138.55782,-34.88093],[138.54914,-34.88975],[138.5566,-34.8947],[138.55745,-34.91104],[138.55397,-34.91247],[138.55332,-34.90441],[138.54773,-34.90471],[138.5416,-34.8992],[138.54058,-34.88406],[138.54826,-34.88916],[138.55077,-34.87667],[138.54839,-34.87523]]]},"properties":{"postcode":"5009","state":"SA","icsea_avg":1022,"school_count":2,"icsea_band":3}},{"type":"Feature","geometry":{"type":"Polygon","coordinates":[[[138.55642,-34.85014],[138.57933,-34.84956],[138.57814,-34.85688],[138.58079,-34.87093],[138.58161,-34.87468],[138.55746,-34.87575],[138.55712,-34.87196],[138.55642,-34.85014]]]},"properties":{"postcode":"5010","state":"SA","icsea_avg":null,"school_count":0,"icsea_band":0}},{"type":"Feature","geometry":{"type":"Polygon","coordinates":[[[138.52084,-34.88418],[138.52814,-34.8761],[138.52308,-34.87272],[138.5294,-34.86368],[138.53344,-34.86614],[138.54839,-34.87523],[138.55077,-34.87667],[138.54826,-34.88916],[138.54058,-34.88406],[138.5416,-34.8992],[138.53154,-34.89101],[138.52255,-34.89144],[138.52084,-34.88418]]]},"properties":{"postcode":"5011","state":"SA","icsea_avg":1015,"school_count":4,"icsea_band":3}},{"type":"Feature","geometry":{"type":"Polygon","coordinates":[[[138.55642,-34.85014],[138.55712,-34.87196],[138.5482,-34.87239],[138.54839,-34.87523],[138.53344,-34.86614],[138.5344,-34.86006],[138.5385,-34.85986],[138.53788,-34.85101],[138.55642,-34.85014]]]},"properties":{"postcode":"5012","state":"SA","icsea_avg":965,"school_count":3,"icsea_band":1}},{"type":"Feature","geometry":{"type":"Polygon","coordinates":[[[138.53264,-34.83419],[138.58794,-34.8315],[138.58701,-34.83276],[138.58234,-34.84091],[138.57938,-34.8494],[138.57933,-34.84956],[138.55642,-34.85014],[138.53788,-34.85101],[138.5385,-34.85986],[138.5344,-34.86006],[138.53344,-34.86614],[138.5294,-34.86368],[138.51662,-34.85588],[138.51366,-34.85211],[138.51667,-34.84794],[138.53605,-34.84238],[138.53836,-34.83825],[138.53264,-34.83419]]]},"properties":{"postcode":"5013","state":"SA","icsea_avg":977,"school_count":3,"icsea_band":2}},{"type":"Feature","geometry":{"type":"Polygon","coordinates":[[[138.51366,-34.85211],[138.51662,-34.85588],[138.5294,-34.86368],[138.52308,-34.87272],[138.52814,-34.8761],[138.52084,-34.88418],[138.51407,-34.8795],[138.5037,-34.87985],[138.50217,-34.8616],[138.50295,-34.8592],[138.50933,-34.85371],[138.51366,-34.85211]]]},"properties":{"postcode":"5014","state":"SA","icsea_avg":1003,"school_count":3,"icsea_band":3}},{"type":"Feature","geometry":{"type":"Polygon","coordinates":[[[138.53185,-34.81473],[138.53033,-34.81942],[138.52544,-34.82544],[138.53264,-34.83419],[138.53836,-34.83825],[138.53605,-34.84238],[138.51667,-34.84794],[138.51366,-34.85211],[138.50933,-34.85371],[138.50295,-34.8592],[138.50216,-34.85254],[138.49838,-34.85228],[138.48445,-34.85092],[138.48822,-34.84182],[138.4935,-34.83983],[138.49187,-34.83419],[138.50167,-34.8328],[138.50462,-34.83866],[138.49716,-34.84159],[138.49787,-34.84491],[138.50676,-34.84126],[138.50957,-34.82807],[138.51583,-34.81601],[138.51599,-34.81098],[138.53185,-34.81473]]]},"properties":{"postcode":"5015","state":"SA","icsea_avg":984,"school_count":2,"icsea_band":2}},{"type":"Feature","geometry":{"type":"Polygon","coordinates":[[[138.49022,-34.81231],[138.50141,-34.81222],[138.50713,-34.81077],[138.51194,-34.8113],[138.51146,-34.81833],[138.50633,-34.82632],[138.50462,-34.83866],[138.50167,-34.8328],[138.49187,-34.83419],[138.48235,-34.8322],[138.4889,-34.81884],[138.49022,-34.81231]]]},"properties":{"postcode":"5016","state":"SA","icsea_avg":1018,"school_count":1,"icsea_band":3}},{"type":"Feature","geometry":{"type":"Polygon","coordinates":[[[138.49022,-34.81231],[138.48829,-34.79686],[138.50135,-34.79631],[138.50504,-34.8028],[138.50713,-34.81077],[138.50141,-34.81222],[138.49022,-34.81231]]]},"properties":{"postcode":"5017","state":"SA","icsea_avg":978,"school_count":3,"icsea_band":2}},{"type":"Feature","geometry":{"type":"Polygon","coordinates":[[[138.51194,-34.8113],[138.50713,-34.81077],[138.50504,-34.8028],[138.50135,-34.79631],[138.48829,-34.79686],[138.48171,-34.79564],[138.48546,-34.79062],[138.478,-34.78294],[138.48762,-34.77059],[138.49639,-34.765],[138.50484,-34.76306],[138.51375,-34.76663],[138.51575,-34.77157],[138.51075,-34.79126],[138.51006,-34.80049],[138.51194,-34.8113]]]},"properties":{"postcode":"5018","state":"SA","icsea_avg":985,"school_count":1,"icsea_band":2}},{"type":"Feature","geometry":{"type":"Polygon","coordinates":[[[138.48235,-34.8322],[138.49187,-34.83419],[138.4935,-34.83983],[138.48822,-34.84182],[138.48445,-34.85092],[138.49838,-34.85228],[138.49712,-34.85806],[138.48363,-34.85653],[138.48297,-34.86278],[138.47783,-34.86468],[138.47606,-34.85677],[138.47625,-34.84547],[138.47971,-34.83589],[138.48235,-34.8322]]]},"properties":{"postcode":"5019","state":"SA","icsea_avg":1008,"school_count":3,"icsea_band":3}},{"type":"Feature","geometry":{"type":"Polygon","coordinates":[[[138.49712,-34.85806],[138.49085,-34.86069],[138.48653,-34.86885],[138.48539,-34.87534],[138.48171,-34.87734],[138.47783,-34.86468],[138.48297,-34.86278],[138.48363,-34.85653],[138.49712,-34.85806]]]},"properties":{"postcode":"5020","state":"SA","icsea_avg":1060,"school_count":1,"icsea_band":4}},{"type":"Feature","geometry":{"type":"Polygon","coordinates":[[[138.49838,-34.85228],[138.50216,-34.85254],[138.50295,-34.8592],[138.50217,-34.8616],[138.5037,-34.87985],[138.49764,-34.87969],[138.49212,-34.88427],[138.49495,-34.89377],[138.489,-34.8932],[138.48539,-34.87534],[138.48653,-34.86885],[138.49085,-34.86069],[138.49712,-34.85806],[138.49838,-34.85228]]]},"properties":{"postcode":"5021","state":"SA","icsea_avg":null,"school_count":0,"icsea_band":0}},{"type":"Feature","geometry":{"type":"Polygon","coordinates":[[[138.48539,-34.87534],[138.489,-34.8932],[138.49495,-34.89377],[138.50458,-34.89202],[138.50562,-34.90681],[138.50651,-34.926],[138.50802,-34.93339],[138.49787,-34.93497],[138.49698,-34.93349],[138.48171,-34.87734],[138.48539,-34.87534]]]},"properties":{"postcode":"5022","state":"SA","icsea_avg":1076,"school_count":7,"icsea_band":4}},{"type":"Feature","geometry":{"type":"Polygon","coordinates":[[[138.5416,-34.8992],[138.54773,-34.90471],[138.51997,-34.90613],[138.50562,-34.90681],[138.50458,-34.89202],[138.49495,-34.89377],[138.49212,-34.88427],[138.49764,-34.87969],[138.5037,-34.87985],[138.51407,-34.8795],[138.52084,-34.88418],[138.52255,-34.89144],[138.53154,-34.89101],[138.5416,-34.8992]]]},"properties":{"postcode":"5023","state":"SA","icsea_avg":993,"school_count":3,"icsea_band":3}},{"type":"Feature","geometry":{"type":"Polygon","coordinates":[[[138.49787,-34.93497],[138.50802,-34.93339],[138.50651,-34.926],[138.50562,-34.90681],[138.51997,-34.90613],[138.52099,-34.92046],[138.52185,-34.92794],[138.51726,-34.93436],[138.51831,-34.95238],[138.51402,-34.95856],[138.51586,-34.9609],[138.50858,-34.96439],[138.50019,-34.94461],[138.49787,-34.93497]]]},"properties":{"postcode":"5024","state":"SA","icsea_avg":1089,"school_count":1,"icsea_band":5}},{"type":"Feature","geometry":{"type":"Polygon","coordinates":[[[138.51997,-34.90613],[138.54773,-34.90471],[138.55332,-34.90441],[138.55397,-34.91247],[138.55349,-34.91389],[138.54764,-34.91377],[138.53503,-34.91856],[138.52513,-34.91774],[138.52099,-34.92046],[138.51997,-34.90613]]]},"properties":{"postcode":"5025","state":"SA","icsea_avg":1051,"school_count":4,"icsea_band":4}},{"type":"Feature","geometry":{"type":"Polygon","coordinates":[[[138.55231,-34.92984],[138.55424,-34.9245],[138.55349,-34.91389],[138.55397,-34.91247],[138.55745,-34.91104],[138.5592,-34.91219],[138.57699,-34.90917],[138.58288,-34.94238],[138.57107,-34.94212],[138.57018,-34.9299],[138.55231,-34.92984]]]},"properties":{"postcode":"5031","state":"SA","icsea_avg":978,"school_count":5,"icsea_band":2}},{"type":"Feature","geometry":{"type":"Polygon","coordinates":[[[138.51726,-34.93436],[138.52185,-34.92794],[138.52099,-34.92046],[138.52513,-34.91774],[138.53503,-34.91856],[138.54764,-34.91377],[138.55349,-34.91389],[138.55424,-34.9245],[138.55231,-34.92984],[138.55274,-34.93567],[138.5475,-34.93593],[138.54365,-34.93249],[138.51726,-34.93436]]]},"properties":{"postcode":"5032","state":"SA","icsea_avg":1053,"school_count":5,"icsea_band":4}},{"type":"Feature","geometry":{"type":"Polygon","coordinates":[[[138.54877,-34.94322],[138.5475,-34.93593],[138.55274,-34.93567],[138.55231,-34.92984],[138.57018,-34.9299],[138.57107,-34.94212],[138.5714,-34.94633],[138.56274,-34.9487],[138.55372,-34.94915],[138.55348,-34.94588],[138.54877,-34.94322]]]},"properties":{"postcode":"5033","state":"SA","icsea_avg":1068,"school_count":2,"icsea_band":4}},{"type":"Feature","geometry":{"type":"Polygon","coordinates":[[[138.60027,-34.94134],[138.59993,-34.9531],[138.59771,-34.95986],[138.59173,-34.96015],[138.59729,-34.96602],[138.58177,-34.96682],[138.57298,-34.96727],[138.58137,-34.96068],[138.58092,-34.95461],[138.58504,-34.95189],[138.58288,-34.94238],[138.60027,-34.94134]]]},"properties":{"postcode":"5034","state":"SA","icsea_avg":1142,"school_count":3,"icsea_band":6}},{"type":"Feature","geometry":{"type":"Polygon","coordinates":[[[138.58288,-34.94238],[138.58504,-34.95189],[138.58092,-34.95461],[138.58137,-34.96068],[138.57298,-34.96727],[138.5714,-34.94633],[138.57107,-34.94212],[138.58288,-34.94238]]]},"properties":{"postcode":"5035","state":"SA","icsea_avg":1103,"school_count":3,"icsea_band":5}},{"type":"Feature","geometry":{"type":"Polygon","coordinates":[[[138.54877,-34.94322],[138.55348,-34.94588],[138.55372,-34.94915],[138.56274,-34.9487],[138.5714,-34.94633],[138.57298,-34.96727],[138.56392,-34.96772],[138.5628,-34.95097],[138.55453,-34.95973],[138.54565,-34.96017],[138.54299,-34.95486],[138.54367,-34.94926],[138.54912,-34.94836],[138.54877,-34.94322]]]},"properties":{"postcode":"5037","state":"SA","icsea_avg":null,"school_count":0,"icsea_band":0}},{"type":"Feature","geometry":{"type":"Polygon","coordinates":[[[138.53778,-34.97594],[138.5377,-34.97496],[138.53648,-34.95802],[138.54299,-34.95486],[138.54565,-34.96017],[138.55453,-34.95973],[138.5628,-34.95097],[138.56392,-34.96772],[138.56507,-34.98238],[138.54783,-34.98281],[138.54651,-34.97152],[138.53778,-34.97594]]]},"properties":{"postcode":"5038","state":"SA","icsea_avg":1061,"school_count":6,"icsea_band":4}},{"type":"Feature","geometry":{"type":"Polygon","coordinates":[[[138.56392,-34.96772],[138.57298,-34.96727],[138.58177,-34.96682],[138.58372,-34.99239],[138.56596,-34.99326],[138.56507,-34.98238],[138.56392,-34.96772]]]},"properties":{"postcode":"5039","state":"SA","icsea_avg":1094,"school_count":2,"icsea_band":5}},{"type":"Feature","geometry":{"type":"Polygon","coordinates":[[[138.52334,-34.96107],[138.52754,-34.95849],[138.53648,-34.95802],[138.5377,-34.97496],[138.52867,-34.97415],[138.52795,-34.96472],[138.52334,-34.96107]]]},"properties":{"postcode":"5040","state":"SA","icsea_avg":1118,"school_count":2,"icsea_band":6}},{"type":"Feature","geometry":{"type":"Polygon","coordinates":[[[138.58177,-34.96682],[138.59729,-34.96602],[138.59953,-34.96838],[138.60236,-34.99892],[138.60078,-35.00165],[138.60098,-35.01045],[138.59425,-35.01284],[138.5927,-34.99197],[138.58372,-34.99239],[138.58177,-34.96682]]]},"properties":{"postcode":"5041","state":"SA","icsea_avg":1099,"school_count":4,"icsea_band":5}},{"type":"Feature","geometry":{"type":"Polygon","coordinates":[[[138.59425,-35.01284],[138.59431,-35.01398],[138.57654,-35.01493],[138.57779,-35.03322],[138.57016,-35.03362],[138.56366,-35.02918],[138.55945,-35.02603],[138.55886,-35.01714],[138.56509,-35.01685],[138.56746,-35.01168],[138.56596,-34.99326],[138.58372,-34.99239],[138.5927,-34.99197],[138.59425,-35.01284]]]},"properties":{"postcode":"5042","state":"SA","icsea_avg":1061,"school_count":4,"icsea_band":4}},{"type":"Feature","geometry":{"type":"Polygon","coordinates":[[[138.53934,-34.99607],[138.53778,-34.97594],[138.54651,-34.97152],[138.54783,-34.98281],[138.56507,-34.98238],[138.56596,-34.99326],[138.56746,-35.01168],[138.56509,-35.01685],[138.55886,-35.01714],[138.54977,-35.01758],[138.54835,-34.99542],[138.53934,-34.99607]]]},"properties":{"postcode":"5043","state":"SA","icsea_avg":1058,"school_count":9,"icsea_band":4}},{"type":"Feature","geometry":{"type":"Polygon","coordinates":[[[138.50967,-34.99216],[138.526,-34.99042],[138.52965,-34.98694],[138.52909,-34.97942],[138.53778,-34.97594],[138.53934,-34.99607],[138.53002,-34.99673],[138.53038,-35.0017],[138.5112,-35.0025],[138.50967,-34.99216]]]},"properties":{"postcode":"5044","state":"SA","icsea_avg":1079,"school_count":2,"icsea_band":5}},{"type":"Feature","geometry":{"type":"Polygon","coordinates":[[[138.50858,-34.96439],[138.51586,-34.9609],[138.52334,-34.96107],[138.52795,-34.96472],[138.52867,-34.97415],[138.5377,-34.97496],[138.53778,-34.97594],[138.52909,-34.97942],[138.52965,-34.98694],[138.526,-34.99042],[138.50967,-34.99216],[138.51078,-34.97484],[138.50858,-34.96439]]]},"properties":{"postcode":"5045","state":"SA","icsea_avg":1099,"school_count":4,"icsea_band":5}},{"type":"Feature","geometry":{"type":"Polygon","coordinates":[[[138.53038,-35.0017],[138.53002,-34.99673],[138.53934,-34.99607],[138.54835,-34.99542],[138.54977,-35.01758],[138.54097,-35.01826],[138.53204,-35.01872],[138.53038,-35.0017]]]},"properties":{"postcode":"5046","state":"SA","icsea_avg":1056,"school_count":2,"icsea_band":4}},{"type":"Feature","geometry":{"type":"Polygon","coordinates":[[[138.54182,-35.02923],[138.54097,-35.01826],[138.54977,-35.01758],[138.55886,-35.01714],[138.55945,-35.02603],[138.56366,-35.02918],[138.5607,-35.03076],[138.55968,-35.03896],[138.54263,-35.0399],[138.54182,-35.02923]]]},"properties":{"postcode":"5047","state":"SA","icsea_avg":1029,"school_count":3,"icsea_band":3}},{"type":"Feature","geometry":{"type":"Polygon","coordinates":[[[138.5112,-35.0025],[138.53038,-35.0017],[138.53204,-35.01872],[138.54097,-35.01826],[138.54182,-35.02923],[138.52397,-35.03026],[138.52371,-35.02686],[138.51729,-35.02719],[138.51142,-35.00605],[138.5112,-35.0025]]]},"properties":{"postcode":"5048","state":"SA","icsea_avg":1087,"school_count":4,"icsea_band":5}},{"type":"Feature","geometry":{"type":"Polygon","coordinates":[[[138.51729,-35.02719],[138.52371,-35.02686],[138.52397,-35.03026],[138.54182,-35.02923],[138.54263,-35.0399],[138.54292,-35.04372],[138.53207,-35.04667],[138.53496,-35.05507],[138.52601,-35.05552],[138.52623,-35.05816],[138.50789,-35.05929],[138.50369,-35.05654],[138.50846,-35.04407],[138.51533,-35.03834],[138.51752,-35.0329],[138.51729,-35.02719]]]},"properties":{"postcode":"5049","state":"SA","icsea_avg":1072,"school_count":2,"icsea_band":4}},{"type":"Feature","geometry":{"type":"Polygon","coordinates":[[[138.59425,-35.01284],[138.60098,-35.01045],[138.60204,-35.01068],[138.60249,-35.01577],[138.60886,-35.01828],[138.60944,-35.02607],[138.60756,-35.0289],[138.60147,-35.03015],[138.59103,-35.0345],[138.58631,-35.03795],[138.57869,-35.03676],[138.57111,-35.03791],[138.57016,-35.03362],[138.57779,-35.03322],[138.57654,-35.01493],[138.59431,-35.01398],[138.59425,-35.01284]]]},"properties":{"postcode":"5050","state":"SA","icsea_avg":1090,"school_count":4,"icsea_band":5}},{"type":"Feature","geometry":{"type":"Polygon","coordinates":[[[138.58631,-35.03795],[138.59103,-35.0345],[138.60147,-35.03015],[138.60756,-35.0289],[138.60944,-35.02607],[138.60886,-35.01828],[138.60249,-35.01577],[138.60204,-35.01068],[138.60403,-35.01352],[138.61964,-35.00657],[138.62439,-35.00635],[138.62045,-35.01709],[138.64266,-35.01534],[138.63364,-35.0339],[138.62987,-35.03831],[138.63128,-35.05083],[138.62775,-35.05764],[138.62135,-35.05804],[138.62167,-35.06194],[138.61508,-35.05827],[138.60833,-35.04929],[138.59898,-35.04934],[138.59676,-35.04582],[138.58631,-35.03795]]]},"properties":{"postcode":"5051","state":"SA","icsea_avg":1108,"school_count":3,"icsea_band":5}},{"type":"Feature","geometry":{"type":"Polygon","coordinates":[[[138.60204,-35.01068],[138.60098,-35.01045],[138.60078,-35.00165],[138.60236,-34.99892],[138.61094,-34.99834],[138.61592,-34.99229],[138.62487,-34.99179],[138.62803,-34.99341],[138.63665,-34.99366],[138.6375,-34.9912],[138.65226,-34.99044],[138.65273,-34.99674],[138.65764,-34.99694],[138.66521,-35.00002],[138.66837,-35.00524],[138.67707,-35.00732],[138.68132,-35.0076],[138.67627,-35.01468],[138.67171,-35.0258],[138.66782,-35.02397],[138.65484,-35.02261],[138.64865,-35.01574],[138.64266,-35.01534],[138.62045,-35.01709],[138.62439,-35.00635],[138.61964,-35.00657],[138.60403,-35.01352],[138.60204,-35.01068]]]},"properties":{"postcode":"5052","state":"SA","icsea_avg":1129,"school_count":2,"icsea_band":6}},{"type":"Feature","geometry":{"type":"Polygon","coordinates":[[[138.60027,-34.94134],[138.60675,-34.94099],[138.60722,-34.94711],[138.61604,-34.94676],[138.61762,-34.96501],[138.59729,-34.96602],[138.59173,-34.96015],[138.59771,-34.95986],[138.59993,-34.9531],[138.60027,-34.94134]]]},"properties":{"postcode":"5061","state":"SA","icsea_avg":1132,"school_count":3,"icsea_band":6}},{"type":"Feature","geometry":{"type":"Polygon","coordinates":[[[138.60236,-34.99892],[138.59953,-34.96838],[138.59729,-34.96602],[138.61762,-34.96501],[138.62644,-34.96456],[138.62693,-34.97081],[138.63596,-34.97037],[138.63623,-34.97399],[138.65564,-34.97247],[138.66616,-34.96728],[138.67534,-34.97449],[138.66517,-34.98166],[138.67122,-34.98949],[138.67524,-34.99067],[138.6776,-34.999],[138.68002,-35.00042],[138.67707,-35.00732],[138.66837,-35.00524],[138.66521,-35.00002],[138.65764,-34.99694],[138.65273,-34.99674],[138.65226,-34.99044],[138.6375,-34.9912],[138.63665,-34.99366],[138.62803,-34.99341],[138.62487,-34.99179],[138.61592,-34.99229],[138.61094,-34.99834],[138.60236,-34.99892]]]},"properties":{"postcode":"5062","state":"SA","icsea_avg":1109,"school_count":8,"icsea_band":5}},{"type":"Feature","geometry":{"type":"Polygon","coordinates":[[[138.60675,-34.94099],[138.62451,-34.94024],[138.62505,-34.94626],[138.63401,-34.94582],[138.63451,-34.95189],[138.63814,-34.95625],[138.62585,-34.95688],[138.62644,-34.96456],[138.61762,-34.96501],[138.61604,-34.94676],[138.60722,-34.94711],[138.60675,-34.94099]]]},"properties":{"postcode":"5063","state":"SA","icsea_avg":1119,"school_count":5,"icsea_band":6}},{"type":"Feature","geometry":{"type":"Polygon","coordinates":[[[138.67249,-34.95122],[138.6742,-34.95315],[138.67669,-34.96079],[138.68594,-34.97463],[138.67534,-34.97449],[138.66616,-34.96728],[138.65564,-34.97247],[138.63623,-34.97399],[138.63596,-34.97037],[138.62693,-34.97081],[138.62644,-34.96456],[138.62585,-34.95688],[138.63814,-34.95625],[138.63451,-34.95189],[138.63401,-34.94582],[138.64291,-34.94536],[138.64311,-34.94837],[138.65204,-34.94796],[138.65269,-34.95572],[138.66517,-34.95466],[138.6675,-34.94814],[138.67249,-34.95122]]]},"properties":{"postcode":"5064","state":"SA","icsea_avg":1149,"school_count":3,"icsea_band":6}},{"type":"Feature","geometry":{"type":"Polygon","coordinates":[[[138.64147,-34.92698],[138.64193,-34.93299],[138.65162,-34.93365],[138.65204,-34.94796],[138.64311,-34.94837],[138.64291,-34.94536],[138.63401,-34.94582],[138.62505,-34.94626],[138.62451,-34.94024],[138.624,-34.93396],[138.63308,-34.933],[138.63257,-34.92745],[138.64147,-34.92698]]]},"properties":{"postcode":"5065","state":"SA","icsea_avg":1138,"school_count":2,"icsea_band":6}},{"type":"Feature","geometry":{"type":"Polygon","coordinates":[[[138.65204,-34.94796],[138.65162,-34.93365],[138.65976,-34.933],[138.65923,-34.92601],[138.66804,-34.92547],[138.68448,-34.92379],[138.68467,-34.93091],[138.68523,-34.9381],[138.6774,-34.9386],[138.67187,-34.94208],[138.67249,-34.95122],[138.6675,-34.94814],[138.66517,-34.95466],[138.65269,-34.95572],[138.65204,-34.94796]]]},"properties":{"postcode":"5066","state":"SA","icsea_avg":1168,"school_count":2,"icsea_band":6}},{"type":"Feature","geometry":{"type":"Polygon","coordinates":[[[138.64052,-34.9148],[138.64944,-34.91434],[138.64991,-34.92054],[138.64101,-34.92102],[138.64147,-34.92698],[138.63257,-34.92745],[138.63308,-34.933],[138.624,-34.93396],[138.62356,-34.92827],[138.61572,-34.92259],[138.61509,-34.9196],[138.62265,-34.91572],[138.64052,-34.9148]]]},"properties":{"postcode":"5067","state":"SA","icsea_avg":1140,"school_count":4,"icsea_band":6}},{"type":"Feature","geometry":{"type":"Polygon","coordinates":[[[138.64052,-34.9148],[138.63998,-34.90742],[138.64361,-34.90854],[138.65789,-34.90826],[138.65829,-34.91391],[138.66715,-34.91348],[138.66804,-34.92547],[138.65923,-34.92601],[138.65976,-34.933],[138.65162,-34.93365],[138.64193,-34.93299],[138.64147,-34.92698],[138.64101,-34.92102],[138.64991,-34.92054],[138.64944,-34.91434],[138.64052,-34.9148]]]},"properties":{"postcode":"5068","state":"SA","icsea_avg":1116,"school_count":6,"icsea_band":6}},{"type":"Feature","geometry":{"type":"Polygon","coordinates":[[[138.61798,-34.89633],[138.63198,-34.90471],[138.63966,-34.90288],[138.63998,-34.90742],[138.64052,-34.9148],[138.62265,-34.91572],[138.61509,-34.9196],[138.61283,-34.9095],[138.61525,-34.90486],[138.6139,-34.89969],[138.61798,-34.89633]]]},"properties":{"postcode":"5069","state":"SA","icsea_avg":1140,"school_count":2,"icsea_band":6}},{"type":"Feature","geometry":{"type":"Polygon","coordinates":[[[138.6478,-34.88302],[138.65654,-34.88948],[138.65789,-34.90826],[138.64361,-34.90854],[138.63998,-34.90742],[138.63966,-34.90288],[138.63198,-34.90471],[138.61798,-34.89633],[138.62785,-34.89041],[138.63519,-34.88737],[138.63949,-34.88806],[138.6478,-34.88302]]]},"properties":{"postcode":"5070","state":"SA","icsea_avg":1041,"school_count":4,"icsea_band":4}},{"type":"Feature","geometry":{"type":"Polygon","coordinates":[[[138.66804,-34.92547],[138.66715,-34.91348],[138.66595,-34.89707],[138.67485,-34.89663],[138.6753,-34.90273],[138.68429,-34.90227],[138.69101,-34.90011],[138.69521,-34.90328],[138.70953,-34.91102],[138.71821,-34.91692],[138.71598,-34.92171],[138.69872,-34.92172],[138.69758,-34.93191],[138.69349,-34.92924],[138.68467,-34.93091],[138.68448,-34.92379],[138.66804,-34.92547]]]},"properties":{"postcode":"5072","state":"SA","icsea_avg":1042,"school_count":4,"icsea_band":4}},{"type":"Feature","geometry":{"type":"Polygon","coordinates":[[[138.66715,-34.91348],[138.65829,-34.91391],[138.65789,-34.90826],[138.65654,-34.88948],[138.68849,-34.88788],[138.69195,-34.8865],[138.70734,-34.88675],[138.70745,-34.89817],[138.70019,-34.90055],[138.69075,-34.89527],[138.69101,-34.90011],[138.68429,-34.90227],[138.6753,-34.90273],[138.67485,-34.89663],[138.66595,-34.89707],[138.66715,-34.91348]]]},"properties":{"postcode":"5073","state":"SA","icsea_avg":1087,"school_count":5,"icsea_band":5}},{"type":"Feature","geometry":{"type":"Polygon","coordinates":[[[138.69114,-34.87548],[138.69195,-34.8865],[138.68849,-34.88788],[138.65654,-34.88948],[138.6478,-34.88302],[138.64831,-34.87441],[138.65544,-34.8717],[138.66547,-34.87605],[138.69114,-34.87548]]]},"properties":{"postcode":"5074","state":"SA","icsea_avg":1077,"school_count":3,"icsea_band":4}},{"type":"Feature","geometry":{"type":"Polygon","coordinates":[[[138.66762,-34.85737],[138.67881,-34.85679],[138.69061,-34.85758],[138.68353,-34.86526],[138.69022,-34.86606],[138.69261,-34.86258],[138.69562,-34.87525],[138.69114,-34.87548],[138.66547,-34.87605],[138.65544,-34.8717],[138.65612,-34.86668],[138.66047,-34.86475],[138.66427,-34.86693],[138.66796,-34.86147],[138.66762,-34.85737]]]},"properties":{"postcode":"5075","state":"SA","icsea_avg":1046,"school_count":4,"icsea_band":4}},{"type":"Feature","geometry":{"type":"Polygon","coordinates":[[[138.69261,-34.86258],[138.69531,-34.86037],[138.70487,-34.85929],[138.70972,-34.85699],[138.71717,-34.86305],[138.72269,-34.8592],[138.72383,-34.86432],[138.71897,-34.87012],[138.71979,-34.87398],[138.71276,-34.87434],[138.71325,-34.88159],[138.70697,-34.88187],[138.70734,-34.88675],[138.69195,-34.8865],[138.69114,-34.87548],[138.69562,-34.87525],[138.69261,-34.86258]]]},"properties":{"postcode":"5076","state":"SA","icsea_avg":1107,"school_count":3,"icsea_band":5}},{"type":"Feature","geometry":{"type":"Polygon","coordinates":[[[138.59733,-34.89862],[138.60338,-34.89357],[138.60321,-34.89103],[138.60868,-34.89077],[138.60827,-34.88395],[138.61997,-34.88415],[138.62644,-34.87935],[138.63519,-34.88737],[138.62785,-34.89041],[138.61798,-34.89633],[138.6139,-34.89969],[138.61525,-34.90486],[138.61283,-34.9095],[138.60994,-34.90217],[138.59733,-34.89862]]]},"properties":{"postcode":"5081","state":"SA","icsea_avg":1141,"school_count":5,"icsea_band":6}},{"type":"Feature","geometry":{"type":"Polygon","coordinates":[[[138.58214,-34.90424],[138.58424,-34.89696],[138.58281,-34.87828],[138.58161,-34.87468],[138.58079,-34.87093],[138.60171,-34.86994],[138.60196,-34.87366],[138.60321,-34.89103],[138.60338,-34.89357],[138.59733,-34.89862],[138.58792,-34.8992],[138.58214,-34.90424]]]},"properties":{"postcode":"5082","state":"SA","icsea_avg":1060,"school_count":5,"icsea_band":4}},{"type":"Feature","geometry":{"type":"Polygon","coordinates":[[[138.61878,-34.86704],[138.61997,-34.88415],[138.60827,-34.88395],[138.60868,-34.89077],[138.60321,-34.89103],[138.60196,-34.87366],[138.6106,-34.87324],[138.60962,-34.86748],[138.61878,-34.86704]]]},"properties":{"postcode":"5083","state":"SA","icsea_avg":1106,"school_count":1,"icsea_band":5}},{"type":"Feature","geometry":{"type":"Polygon","coordinates":[[[138.60016,-34.84809],[138.60171,-34.86994],[138.58079,-34.87093],[138.57814,-34.85688],[138.57933,-34.84956],[138.57938,-34.8494],[138.60016,-34.84809]]]},"properties":{"postcode":"5084","state":"SA","icsea_avg":982,"school_count":3,"icsea_band":2}},{"type":"Feature","geometry":{"type":"Polygon","coordinates":[[[138.64545,-34.84632],[138.63534,-34.84685],[138.6367,-34.86506],[138.6187,-34.86588],[138.61878,-34.86704],[138.60962,-34.86748],[138.6106,-34.87324],[138.60196,-34.87366],[138.60171,-34.86994],[138.60016,-34.84809],[138.61739,-34.84728],[138.62382,-34.83836],[138.6324,-34.84438],[138.64318,-34.8432],[138.64545,-34.84632]]]},"properties":{"postcode":"5085","state":"SA","icsea_avg":1008,"school_count":5,"icsea_band":3}},{"type":"Feature","geometry":{"type":"Polygon","coordinates":[[[138.64545,-34.84632],[138.64946,-34.84611],[138.67116,-34.84491],[138.66596,-34.85236],[138.65548,-34.85724],[138.62644,-34.87935],[138.61997,-34.88415],[138.61878,-34.86704],[138.6187,-34.86588],[138.6367,-34.86506],[138.63534,-34.84685],[138.64545,-34.84632]]]},"properties":{"postcode":"5086","state":"SA","icsea_avg":1042,"school_count":6,"icsea_band":4}},{"type":"Feature","geometry":{"type":"Polygon","coordinates":[[[138.65548,-34.85724],[138.66762,-34.85737],[138.66796,-34.86147],[138.66427,-34.86693],[138.66047,-34.86475],[138.65612,-34.86668],[138.65544,-34.8717],[138.64831,-34.87441],[138.6478,-34.88302],[138.63949,-34.88806],[138.63519,-34.88737],[138.62644,-34.87935],[138.65548,-34.85724]]]},"properties":{"postcode":"5087","state":"SA","icsea_avg":1023,"school_count":3,"icsea_band":3}},{"type":"Feature","geometry":{"type":"Polygon","coordinates":[[[138.67881,-34.85679],[138.66762,-34.85737],[138.65548,-34.85724],[138.66596,-34.85236],[138.67116,-34.84491],[138.67759,-34.84458],[138.68498,-34.84417],[138.68537,-34.8479],[138.6781,-34.84828],[138.67881,-34.85679]]]},"properties":{"postcode":"5088","state":"SA","icsea_avg":1051,"school_count":1,"icsea_band":4}},{"type":"Feature","geometry":{"type":"Polygon","coordinates":[[[138.69261,-34.86258],[138.69022,-34.86606],[138.68353,-34.86526],[138.69061,-34.85758],[138.6946,-34.85571],[138.69403,-34.84895],[138.71466,-34.84775],[138.71427,-34.84253],[138.72165,-34.83984],[138.72651,-34.83738],[138.7298,-34.83742],[138.73379,-34.84273],[138.73841,-34.8402],[138.74703,-34.84067],[138.74494,-34.84958],[138.74772,-34.8556],[138.75147,-34.85803],[138.75652,-34.86555],[138.74873,-34.86533],[138.7413,-34.86022],[138.72269,-34.8592],[138.71717,-34.86305],[138.70972,-34.85699],[138.70487,-34.85929],[138.69531,-34.86037],[138.69261,-34.86258]]]},"properties":{"postcode":"5089","state":"SA","icsea_avg":null,"school_count":0,"icsea_band":0}},{"type":"Feature","geometry":{"type":"Polygon","coordinates":[[[138.72005,-34.83696],[138.72165,-34.83984],[138.71427,-34.84253],[138.71466,-34.84775],[138.69403,-34.84895],[138.6946,-34.85571],[138.69061,-34.85758],[138.67881,-34.85679],[138.6781,-34.84828],[138.68537,-34.8479],[138.68498,-34.84417],[138.67759,-34.84458],[138.68205,-34.83896],[138.70035,-34.8377],[138.72005,-34.83696]]]},"properties":{"postcode":"5090","state":"SA","icsea_avg":1037,"school_count":4,"icsea_band":4}},{"type":"Feature","geometry":{"type":"Polygon","coordinates":[[[138.72651,-34.83738],[138.72165,-34.83984],[138.72005,-34.83696],[138.71756,-34.80563],[138.74442,-34.80431],[138.74574,-34.80097],[138.75501,-34.80347],[138.75085,-34.80698],[138.74902,-34.81446],[138.74019,-34.815],[138.73535,-34.81749],[138.73353,-34.82221],[138.72694,-34.82565],[138.72651,-34.83738]]]},"properties":{"postcode":"5091","state":"SA","icsea_avg":1046,"school_count":4,"icsea_band":4}},{"type":"Feature","geometry":{"type":"Polygon","coordinates":[[[138.66726,-34.81873],[138.674,-34.81838],[138.6733,-34.80947],[138.68844,-34.80413],[138.69945,-34.80709],[138.69402,-34.81389],[138.69531,-34.82029],[138.69376,-34.8278],[138.70021,-34.82743],[138.70035,-34.8377],[138.68205,-34.83896],[138.67759,-34.84458],[138.67116,-34.84491],[138.6758,-34.83979],[138.67528,-34.83422],[138.6686,-34.83458],[138.66726,-34.81873]]]},"properties":{"postcode":"5092","state":"SA","icsea_avg":1028,"school_count":4,"icsea_band":3}},{"type":"Feature","geometry":{"type":"Polygon","coordinates":[[[138.67116,-34.84491],[138.64946,-34.84611],[138.64535,-34.83573],[138.65433,-34.83532],[138.65396,-34.83058],[138.66183,-34.82965],[138.66101,-34.8191],[138.66726,-34.81873],[138.6686,-34.83458],[138.67528,-34.83422],[138.6758,-34.83979],[138.67116,-34.84491]]]},"properties":{"postcode":"5093","state":"SA","icsea_avg":1021,"school_count":4,"icsea_band":3}},{"type":"Feature","geometry":{"type":"MultiPolygon","coordinates":[[[[138.53392,-34.74584],[138.54429,-34.73861],[138.55252,-34.74858],[138.56084,-34.74664],[138.55562,-34.74247],[138.54986,-34.73174],[138.55579,-34.73045],[138.58431,-34.74788],[138.58564,-34.75374],[138.57783,-34.76319],[138.58727,-34.76899],[138.59423,-34.76735],[138.59457,-34.77055],[138.5918,-34.77295],[138.58962,-34.7812],[138.58412,-34.78205],[138.57757,-34.78928],[138.59634,-34.80157],[138.59793,-34.81951],[138.58794,-34.8315],[138.53264,-34.83419],[138.52544,-34.82544],[138.53033,-34.81942],[138.53185,-34.81473],[138.54033,-34.81544],[138.54398,-34.8107],[138.54762,-34.8115],[138.55243,-34.81908],[138.5568,-34.8192],[138.54756,-34.80964],[138.54951,-34.80144],[138.55387,-34.79783],[138.55116,-34.79315],[138.55322,-34.7896],[138.54929,-34.78553],[138.54344,-34.77452],[138.54683,-34.76983],[138.54645,-34.7652],[138.54059,-34.75164],[138.53392,-34.74584]]],[[[138.62382,-34.83836],[138.61739,-34.84728],[138.60016,-34.84809],[138.57938,-34.8494],[138.58234,-34.84091],[138.58701,-34.83276],[138.59711,-34.83354],[138.62382,-34.83836]]]]},"properties":{"postcode":"5094","state":"SA","icsea_avg":993,"school_count":2,"icsea_band":3}},{"type":"Feature","geometry":{"type":"Polygon","coordinates":[[[138.59634,-34.80157],[138.59663,-34.79441],[138.6071,-34.80073],[138.61109,-34.79635],[138.61609,-34.79945],[138.61911,-34.80505],[138.62952,-34.81143],[138.63162,-34.80908],[138.64166,-34.81529],[138.64011,-34.81941],[138.62382,-34.83836],[138.59711,-34.83354],[138.58701,-34.83276],[138.58794,-34.8315],[138.59793,-34.81951],[138.59634,-34.80157]]]},"properties":{"postcode":"5095","state":"SA","icsea_avg":1032,"school_count":3,"icsea_band":4}},{"type":"Feature","geometry":{"type":"Polygon","coordinates":[[[138.68448,-34.78606],[138.6847,-34.78903],[138.68489,-34.7915],[138.67184,-34.79215],[138.6733,-34.80947],[138.674,-34.81838],[138.66726,-34.81873],[138.66101,-34.8191],[138.6519,-34.82142],[138.64166,-34.81529],[138.63162,-34.80908],[138.64704,-34.7918],[138.65714,-34.79791],[138.67229,-34.78106],[138.67926,-34.78634],[138.68448,-34.78606]]]},"properties":{"postcode":"5096","state":"SA","icsea_avg":979,"school_count":5,"icsea_band":2}},{"type":"Feature","geometry":{"type":"Polygon","coordinates":[[[138.70035,-34.8377],[138.70021,-34.82743],[138.69376,-34.8278],[138.69531,-34.82029],[138.69402,-34.81389],[138.69945,-34.80709],[138.7002,-34.80647],[138.71756,-34.80563],[138.72005,-34.83696],[138.70035,-34.8377]]]},"properties":{"postcode":"5097","state":"SA","icsea_avg":1024,"school_count":4,"icsea_band":3}},{"type":"Feature","geometry":{"type":"Polygon","coordinates":[[[138.64946,-34.84611],[138.64545,-34.84632],[138.64318,-34.8432],[138.6324,-34.84438],[138.62382,-34.83836],[138.64011,-34.81941],[138.64166,-34.81529],[138.6519,-34.82142],[138.66101,-34.8191],[138.66183,-34.82965],[138.65396,-34.83058],[138.65433,-34.83532],[138.64535,-34.83573],[138.64946,-34.84611]]]},"properties":{"postcode":"5098","state":"SA","icsea_avg":982,"school_count":3,"icsea_band":2}},{"type":"Feature","geometry":{"type":"Polygon","coordinates":[[[138.61609,-34.79945],[138.6314,-34.78228],[138.63888,-34.7738],[138.64422,-34.77703],[138.65376,-34.78401],[138.64704,-34.7918],[138.63162,-34.80908],[138.62952,-34.81143],[138.61911,-34.80505],[138.61609,-34.79945]]]},"properties":{"postcode":"5106","state":"SA","icsea_avg":null,"school_count":0,"icsea_band":0}},{"type":"Feature","geometry":{"type":"Polygon","coordinates":[[[138.59459,-34.77069],[138.60741,-34.76772],[138.6314,-34.78228],[138.61609,-34.79945],[138.61109,-34.79635],[138.6071,-34.80073],[138.59663,-34.79441],[138.59459,-34.77069]]]},"properties":{"postcode":"5107","state":"SA","icsea_avg":974,"school_count":6,"icsea_band":2}},{"type":"Feature","geometry":{"type":"Polygon","coordinates":[[[138.59459,-34.77069],[138.59457,-34.77055],[138.59423,-34.76735],[138.58869,-34.75046],[138.59285,-34.74584],[138.60314,-34.75204],[138.6183,-34.73519],[138.62122,-34.72943],[138.63608,-34.74596],[138.64408,-34.75077],[138.65606,-34.75809],[138.65931,-34.76008],[138.64422,-34.77703],[138.63888,-34.7738],[138.6314,-34.78228],[138.60741,-34.76772],[138.59459,-34.77069]]]},"properties":{"postcode":"5108","state":"SA","icsea_avg":938,"school_count":11,"icsea_band":1}},{"type":"Feature","geometry":{"type":"Polygon","coordinates":[[[138.70042,-34.7561],[138.70439,-34.76485],[138.70158,-34.77169],[138.69613,-34.77501],[138.69704,-34.78557],[138.68448,-34.78606],[138.67926,-34.78634],[138.67229,-34.78106],[138.65714,-34.79791],[138.64704,-34.7918],[138.65376,-34.78401],[138.64422,-34.77703],[138.65931,-34.76008],[138.65606,-34.75809],[138.66714,-34.75452],[138.66832,-34.75244],[138.68163,-34.75566],[138.68749,-34.75464],[138.69858,-34.75452],[138.70042,-34.7561]]]},"properties":{"postcode":"5109","state":"SA","icsea_avg":952,"school_count":7,"icsea_band":1}},{"type":"Feature","geometry":{"type":"MultiPolygon","coordinates":[[[[138.53392,-34.74584],[138.53489,-34.74055],[138.52969,-34.73491],[138.52514,-34.73741],[138.5088,-34.72706],[138.49279,-34.72123],[138.49362,-34.71899],[138.48479,-34.7127],[138.481,-34.70566],[138.47612,-34.70384],[138.47595,-34.69856],[138.47197,-34.69638],[138.46556,-34.69742],[138.46104,-34.69147],[138.45588,-34.68832],[138.45606,-34.68434],[138.45111,-34.68338],[138.4392,-34.676],[138.43619,-34.67221],[138.43875,-34.66977],[138.44465,-34.67049],[138.45146,-34.67611],[138.46677,-34.672],[138.47405,-34.66366],[138.48869,-34.6584],[138.49197,-34.64742],[138.49985,-34.64728],[138.50762,-34.64433],[138.51133,-34.64099],[138.5187,-34.63959],[138.52435,-34.63667],[138.53142,-34.63945],[138.5338,-34.64403],[138.54319,-34.65465],[138.55099,-34.67918],[138.55332,-34.68256],[138.56722,-34.69181],[138.57234,-34.69679],[138.58197,-34.70102],[138.5876,-34.69207],[138.60441,-34.71072],[138.62122,-34.72943],[138.6183,-34.73519],[138.60314,-34.75204],[138.59285,-34.74584],[138.58869,-34.75046],[138.59423,-34.76735],[138.58727,-34.76899],[138.57783,-34.76319],[138.58564,-34.75374],[138.58431,-34.74788],[138.55579,-34.73045],[138.54986,-34.73174],[138.55562,-34.74247],[138.56084,-34.74664],[138.55252,-34.74858],[138.54429,-34.73861],[138.53392,-34.74584]]],[[[138.59634,-34.80157],[138.57757,-34.78928],[138.58412,-34.78205],[138.58962,-34.7812],[138.5918,-34.77295],[138.59457,-34.77055],[138.59459,-34.77069],[138.59663,-34.79441],[138.59634,-34.80157]]]]},"properties":{"postcode":"5110","state":"SA","icsea_avg":946,"school_count":1,"icsea_band":1}},{"type":"Feature","geometry":{"type":"Polygon","coordinates":[[[138.64408,-34.75077],[138.63608,-34.74596],[138.62122,-34.72943],[138.60441,-34.71072],[138.61609,-34.69216],[138.65011,-34.70658],[138.66682,-34.7139],[138.64408,-34.75077]]]},"properties":{"postcode":"5111","state":"SA","icsea_avg":null,"school_count":0,"icsea_band":0}},{"type":"Feature","geometry":{"type":"Polygon","coordinates":[[[138.69544,-34.71453],[138.70418,-34.71833],[138.69815,-34.72158],[138.68806,-34.7376],[138.68295,-34.74138],[138.68716,-34.74522],[138.68749,-34.75464],[138.68163,-34.75566],[138.66832,-34.75244],[138.66714,-34.75452],[138.65606,-34.75809],[138.64408,-34.75077],[138.66682,-34.7139],[138.66942,-34.7085],[138.67627,-34.71085],[138.67326,-34.7197],[138.6798,-34.71731],[138.68579,-34.71811],[138.69544,-34.71453]]]},"properties":{"postcode":"5112","state":"SA","icsea_avg":907,"school_count":12,"icsea_band":1}},{"type":"Feature","geometry":{"type":"Polygon","coordinates":[[[138.69544,-34.71453],[138.68579,-34.71811],[138.6798,-34.71731],[138.67326,-34.7197],[138.67627,-34.71085],[138.66942,-34.7085],[138.66682,-34.7139],[138.65011,-34.70658],[138.66176,-34.68811],[138.66773,-34.67863],[138.679,-34.68351],[138.68039,-34.68738],[138.67744,-34.69131],[138.6862,-34.69509],[138.69042,-34.68866],[138.70713,-34.69585],[138.69544,-34.71453]]]},"properties":{"postcode":"5113","state":"SA","icsea_avg":920,"school_count":8,"icsea_band":1}},{"type":"Feature","geometry":{"type":"Polygon","coordinates":[[[138.66176,-34.68811],[138.65046,-34.68325],[138.66229,-34.6646],[138.69645,-34.67892],[138.70633,-34.66144],[138.71009,-34.6568],[138.72655,-34.66624],[138.74213,-34.64225],[138.74634,-34.64875],[138.76042,-34.65311],[138.76196,-34.6611],[138.77059,-34.66156],[138.77384,-34.65113],[138.78396,-34.64807],[138.79142,-34.64343],[138.79221,-34.63713],[138.79793,-34.63995],[138.79426,-34.64493],[138.79372,-34.65002],[138.78908,-34.65025],[138.78663,-34.65516],[138.79029,-34.66112],[138.7991,-34.66549],[138.80266,-34.66363],[138.82597,-34.67096],[138.82896,-34.66834],[138.83671,-34.67343],[138.84202,-34.67411],[138.84109,-34.67934],[138.84769,-34.68443],[138.85131,-34.68522],[138.85492,-34.69173],[138.86194,-34.69491],[138.85988,-34.7029],[138.86369,-34.70397],[138.86214,-34.71972],[138.85802,-34.72796],[138.86515,-34.72593],[138.86826,-34.73322],[138.8609,-34.73534],[138.85837,-34.74021],[138.8525,-34.74611],[138.84859,-34.74279],[138.83891,-34.74496],[138.83185,-34.74365],[138.82511,-34.75137],[138.8175,-34.75493],[138.81378,-34.75944],[138.81458,-34.7634],[138.81156,-34.77262],[138.81444,-34.77491],[138.80575,-34.7741],[138.79936,-34.77051],[138.7958,-34.7711],[138.78845,-34.76825],[138.78019,-34.76703],[138.77875,-34.76445],[138.76902,-34.75678],[138.76847,-34.75348],[138.77136,-34.74587],[138.7714,-34.73425],[138.76598,-34.74347],[138.75564,-34.74486],[138.74413,-34.74144],[138.73909,-34.74224],[138.73636,-34.73568],[138.73082,-34.73681],[138.72231,-34.74627],[138.72253,-34.75169],[138.72013,-34.7554],[138.70042,-34.7561],[138.69858,-34.75452],[138.68749,-34.75464],[138.68716,-34.74522],[138.68295,-34.74138],[138.68806,-34.7376],[138.69815,-34.72158],[138.70418,-34.71833],[138.69544,-34.71453],[138.70713,-34.69585],[138.69042,-34.68866],[138.6862,-34.69509],[138.67744,-34.69131],[138.68039,-34.68738],[138.679,-34.68351],[138.66773,-34.67863],[138.66176,-34.68811]]]},"properties":{"postcode":"5114","state":"SA","icsea_avg":956,"school_count":11,"icsea_band":1}},{"type":"Feature","geometry":{"type":"Polygon","coordinates":[[[138.66229,-34.6646],[138.66933,-34.65256],[138.65782,-34.64808],[138.66341,-34.63824],[138.67123,-34.63705],[138.70388,-34.62937],[138.70449,-34.62507],[138.7225,-34.61969],[138.72133,-34.62483],[138.72672,-34.62792],[138.72998,-34.63225],[138.72816,-34.63514],[138.73401,-34.63849],[138.73762,-34.63416],[138.74579,-34.63884],[138.74213,-34.64225],[138.72655,-34.66624],[138.71009,-34.6568],[138.70633,-34.66144],[138.69645,-34.67892],[138.66229,-34.6646]]]},"properties":{"postcode":"5115","state":"SA","icsea_avg":937,"school_count":3,"icsea_band":1}},{"type":"Feature","geometry":{"type":"Polygon","coordinates":[[[138.6302,-34.62874],[138.63838,-34.63205],[138.64628,-34.63057],[138.65168,-34.62507],[138.66205,-34.62032],[138.6667,-34.62007],[138.67535,-34.61396],[138.68356,-34.61538],[138.68812,-34.61768],[138.70237,-34.6175],[138.71165,-34.61473],[138.71658,-34.60964],[138.72272,-34.61219],[138.72676,-34.6082],[138.73727,-34.60767],[138.73908,-34.61183],[138.74326,-34.61171],[138.7434,-34.61673],[138.75156,-34.61649],[138.7574,-34.62803],[138.74579,-34.63884],[138.73762,-34.63416],[138.73401,-34.63849],[138.72816,-34.63514],[138.72998,-34.63225],[138.72672,-34.62792],[138.72133,-34.62483],[138.7225,-34.61969],[138.70449,-34.62507],[138.70388,-34.62937],[138.67123,-34.63705],[138.66341,-34.63824],[138.65782,-34.64808],[138.65102,-34.65974],[138.62278,-34.64749],[138.62184,-34.63075],[138.62577,-34.62738],[138.6302,-34.62874]],[[138.63151,-34.64357],[138.64914,-34.65103],[138.65526,-34.64027],[138.65529,-34.63276],[138.64651,-34.63725],[138.63132,-34.63772],[138.63151,-34.64357]]]},"properties":{"postcode":"5116","state":"SA","icsea_avg":996,"school_count":5,"icsea_band":3}},{"type":"Feature","geometry":{"type":"Polygon","coordinates":[[[138.63151,-34.64357],[138.63132,-34.63772],[138.64651,-34.63725],[138.65529,-34.63276],[138.65526,-34.64027],[138.64914,-34.65103],[138.63151,-34.64357]]]},"properties":{"postcode":"5117","state":"SA","icsea_avg":983,"school_count":3,"icsea_band":2}},{"type":"Feature","geometry":{"type":"Polygon","coordinates":[[[138.6302,-34.62874],[138.62926,-34.59543],[138.62991,-34.57956],[138.62988,-34.55309],[138.65522,-34.55214],[138.67318,-34.56203],[138.7219,-34.56681],[138.72355,-34.55594],[138.74759,-34.55826],[138.74605,-34.56809],[138.76175,-34.57175],[138.77036,-34.56727],[138.77282,-34.56087],[138.77587,-34.56006],[138.79009,-34.56292],[138.79236,-34.55742],[138.79859,-34.55101],[138.80421,-34.55138],[138.8072,-34.56033],[138.81289,-34.55785],[138.81349,-34.56268],[138.81942,-34.56077],[138.82123,-34.56382],[138.82441,-34.58233],[138.82479,-34.59096],[138.81857,-34.59534],[138.81542,-34.60087],[138.80044,-34.60191],[138.80167,-34.60962],[138.81611,-34.63904],[138.80973,-34.64944],[138.79577,-34.65384],[138.78663,-34.65516],[138.78908,-34.65025],[138.79372,-34.65002],[138.79426,-34.64493],[138.79793,-34.63995],[138.79221,-34.63713],[138.79142,-34.64343],[138.78396,-34.64807],[138.77384,-34.65113],[138.77059,-34.66156],[138.76196,-34.6611],[138.76042,-34.65311],[138.74634,-34.64875],[138.74213,-34.64225],[138.74579,-34.63884],[138.7574,-34.62803],[138.75156,-34.61649],[138.7434,-34.61673],[138.74326,-34.61171],[138.73908,-34.61183],[138.73727,-34.60767],[138.72676,-34.6082],[138.72272,-34.61219],[138.71658,-34.60964],[138.71165,-34.61473],[138.70237,-34.6175],[138.68812,-34.61768],[138.68356,-34.61538],[138.67535,-34.61396],[138.6667,-34.62007],[138.66205,-34.62032],[138.65168,-34.62507],[138.64628,-34.63057],[138.63838,-34.63205],[138.6302,-34.62874]]]},"properties":{"postcode":"5118","state":"SA","icsea_avg":997,"school_count":5,"icsea_band":3}},{"type":"Feature","geometry":{"type":"Polygon","coordinates":[[[138.59663,-34.6354],[138.59712,-34.6482],[138.6001,-34.64959],[138.59413,-34.65893],[138.60548,-34.66381],[138.5876,-34.69207],[138.58197,-34.70102],[138.57234,-34.69679],[138.56722,-34.69181],[138.55332,-34.68256],[138.55099,-34.67918],[138.54319,-34.65465],[138.5338,-34.64403],[138.53142,-34.63945],[138.5379,-34.63528],[138.54087,-34.63979],[138.54908,-34.63535],[138.55849,-34.63876],[138.56894,-34.63526],[138.57613,-34.63603],[138.58212,-34.63908],[138.59052,-34.639],[138.59663,-34.6354]]]},"properties":{"postcode":"5120","state":"SA","icsea_avg":992,"school_count":1,"icsea_band":3}},{"type":"Feature","geometry":{"type":"Polygon","coordinates":[[[138.59663,-34.6354],[138.61592,-34.63305],[138.62184,-34.63075],[138.62278,-34.64749],[138.65102,-34.65974],[138.65782,-34.64808],[138.66933,-34.65256],[138.66229,-34.6646],[138.65046,-34.68325],[138.66176,-34.68811],[138.65011,-34.70658],[138.61609,-34.69216],[138.60441,-34.71072],[138.5876,-34.69207],[138.60548,-34.66381],[138.59413,-34.65893],[138.6001,-34.64959],[138.59712,-34.6482],[138.59663,-34.6354]]]},"properties":{"postcode":"5121","state":"SA","icsea_avg":null,"school_count":0,"icsea_band":0}},{"type":"Feature","geometry":{"type":"Polygon","coordinates":[[[138.70042,-34.7561],[138.72013,-34.7554],[138.72253,-34.75169],[138.72231,-34.74627],[138.73082,-34.73681],[138.73636,-34.73568],[138.73909,-34.74224],[138.74413,-34.74144],[138.75564,-34.74486],[138.76598,-34.74347],[138.7714,-34.73425],[138.77136,-34.74587],[138.76847,-34.75348],[138.76902,-34.75678],[138.77875,-34.76445],[138.78019,-34.76703],[138.77473,-34.76907],[138.76802,-34.78035],[138.76353,-34.77857],[138.75377,-34.78423],[138.74665,-34.78516],[138.73476,-34.79328],[138.72878,-34.79233],[138.71671,-34.79406],[138.71612,-34.78702],[138.70875,-34.79549],[138.69272,-34.79628],[138.69033,-34.79139],[138.6847,-34.78903],[138.68448,-34.78606],[138.69704,-34.78557],[138.69613,-34.77501],[138.70158,-34.77169],[138.70439,-34.76485],[138.70042,-34.7561]]]},"properties":{"postcode":"5125","state":"SA","icsea_avg":1041,"school_count":6,"icsea_band":4}},{"type":"Feature","geometry":{"type":"Polygon","coordinates":[[[138.75377,-34.78423],[138.75865,-34.78565],[138.76181,-34.7932],[138.75836,-34.80102],[138.75501,-34.80347],[138.74574,-34.80097],[138.74442,-34.80431],[138.71756,-34.80563],[138.7002,-34.80647],[138.70462,-34.80248],[138.70875,-34.79549],[138.71612,-34.78702],[138.71671,-34.79406],[138.72878,-34.79233],[138.73476,-34.79328],[138.74665,-34.78516],[138.75377,-34.78423]]]},"properties":{"postcode":"5126","state":"SA","icsea_avg":1006,"school_count":2,"icsea_band":3}},{"type":"Feature","geometry":{"type":"Polygon","coordinates":[[[138.6847,-34.78903],[138.69033,-34.79139],[138.69272,-34.79628],[138.70875,-34.79549],[138.70462,-34.80248],[138.7002,-34.80647],[138.69945,-34.80709],[138.68844,-34.80413],[138.6733,-34.80947],[138.67184,-34.79215],[138.68489,-34.7915],[138.6847,-34.78903]]]},"properties":{"postcode":"5127","state":"SA","icsea_avg":1049,"school_count":5,"icsea_band":4}},{"type":"Feature","geometry":{"type":"Polygon","coordinates":[[[138.75501,-34.80347],[138.75836,-34.80102],[138.76181,-34.7932],[138.75865,-34.78565],[138.75377,-34.78423],[138.76353,-34.77857],[138.76802,-34.78035],[138.77473,-34.76907],[138.78019,-34.76703],[138.78845,-34.76825],[138.78911,-34.77569],[138.79986,-34.7757],[138.80006,-34.78392],[138.78689,-34.78402],[138.78384,-34.79494],[138.78556,-34.80262],[138.78086,-34.80341],[138.78011,-34.80915],[138.77487,-34.80807],[138.77257,-34.81527],[138.76827,-34.81442],[138.76541,-34.82156],[138.76996,-34.82514],[138.76414,-34.83456],[138.76171,-34.83967],[138.75303,-34.8361],[138.74703,-34.84067],[138.73841,-34.8402],[138.73379,-34.84273],[138.7298,-34.83742],[138.72651,-34.83738],[138.72694,-34.82565],[138.73353,-34.82221],[138.73535,-34.81749],[138.74019,-34.815],[138.74902,-34.81446],[138.75085,-34.80698],[138.75501,-34.80347]]]},"properties":{"postcode":"5131","state":"SA","icsea_avg":null,"school_count":0,"icsea_band":0}},{"type":"Feature","geometry":{"type":"Polygon","coordinates":[[[138.75652,-34.86555],[138.75147,-34.85803],[138.74772,-34.8556],[138.74494,-34.84958],[138.74703,-34.84067],[138.75303,-34.8361],[138.76171,-34.83967],[138.76414,-34.83456],[138.77527,-34.83607],[138.77822,-34.83183],[138.78345,-34.8319],[138.78045,-34.82543],[138.78979,-34.8206],[138.79471,-34.82494],[138.79243,-34.83538],[138.78993,-34.83993],[138.78454,-34.84189],[138.78783,-34.8471],[138.79909,-34.84866],[138.79106,-34.85085],[138.79,-34.85772],[138.78024,-34.86767],[138.77355,-34.86519],[138.75652,-34.86555]]]},"properties":{"postcode":"5132","state":"SA","icsea_avg":1088,"school_count":1,"icsea_band":5}},{"type":"Feature","geometry":{"type":"Polygon","coordinates":[[[138.8217,-34.83685],[138.81834,-34.84009],[138.80319,-34.84045],[138.79602,-34.84307],[138.79909,-34.84866],[138.78783,-34.8471],[138.78454,-34.84189],[138.78993,-34.83993],[138.79243,-34.83538],[138.79471,-34.82494],[138.78979,-34.8206],[138.78045,-34.82543],[138.78345,-34.8319],[138.77822,-34.83183],[138.77527,-34.83607],[138.76414,-34.83456],[138.76996,-34.82514],[138.76541,-34.82156],[138.76827,-34.81442],[138.77257,-34.81527],[138.77487,-34.80807],[138.78011,-34.80915],[138.78086,-34.80341],[138.78556,-34.80262],[138.78384,-34.79494],[138.78689,-34.78402],[138.80006,-34.78392],[138.79986,-34.7757],[138.78911,-34.77569],[138.78845,-34.76825],[138.7958,-34.7711],[138.79936,-34.77051],[138.80575,-34.7741],[138.81444,-34.77491],[138.81264,-34.78716],[138.8183,-34.80065],[138.82429,-34.80124],[138.82118,-34.80664],[138.82075,-34.81369],[138.82595,-34.81453],[138.82449,-34.83141],[138.8217,-34.83685]]]},"properties":{"postcode":"5133","state":"SA","icsea_avg":null,"school_count":0,"icsea_band":0}},{"type":"Feature","geometry":{"type":"Polygon","coordinates":[[[138.70734,-34.88675],[138.70697,-34.88187],[138.71325,-34.88159],[138.71276,-34.87434],[138.71979,-34.87398],[138.71897,-34.87012],[138.72383,-34.86432],[138.72269,-34.8592],[138.7413,-34.86022],[138.74873,-34.86533],[138.75652,-34.86555],[138.77355,-34.86519],[138.77896,-34.86932],[138.78426,-34.86754],[138.78633,-34.8718],[138.79595,-34.87819],[138.82109,-34.89078],[138.82276,-34.89588],[138.81772,-34.90093],[138.80811,-34.90087],[138.80733,-34.90314],[138.79874,-34.90412],[138.79473,-34.92024],[138.78213,-34.9177],[138.7794,-34.91903],[138.7561,-34.91651],[138.75651,-34.91269],[138.74968,-34.90974],[138.74562,-34.9047],[138.73722,-34.90672],[138.7289,-34.90421],[138.73033,-34.90975],[138.72521,-34.91374],[138.70953,-34.91102],[138.69521,-34.90328],[138.69101,-34.90011],[138.69075,-34.89527],[138.70019,-34.90055],[138.70745,-34.89817],[138.70734,-34.88675]]]},"properties":{"postcode":"5134","state":"SA","icsea_avg":null,"school_count":0,"icsea_band":0}},{"type":"Feature","geometry":{"type":"Polygon","coordinates":[[[138.70953,-34.91102],[138.72521,-34.91374],[138.73033,-34.90975],[138.7289,-34.90421],[138.73722,-34.90672],[138.74562,-34.9047],[138.74968,-34.90974],[138.75651,-34.91269],[138.7561,-34.91651],[138.75401,-34.92189],[138.74745,-34.92604],[138.74622,-34.92971],[138.73649,-34.92791],[138.73248,-34.93375],[138.7185,-34.92878],[138.71598,-34.92171],[138.71821,-34.91692],[138.70953,-34.91102]]]},"properties":{"postcode":"5136","state":"SA","icsea_avg":1098,"school_count":1,"icsea_band":5}},{"type":"Feature","geometry":{"type":"Polygon","coordinates":[[[138.71021,-34.94892],[138.71036,-34.94749],[138.71108,-34.94026],[138.72464,-34.94123],[138.72556,-34.9333],[138.73248,-34.93375],[138.73649,-34.92791],[138.74622,-34.92971],[138.75279,-34.93065],[138.7525,-34.95],[138.74224,-34.94959],[138.73765,-34.95324],[138.73764,-34.94932],[138.72262,-34.94857],[138.71021,-34.94892]]]},"properties":{"postcode":"5137","state":"SA","icsea_avg":null,"school_count":0,"icsea_band":0}},{"type":"Feature","geometry":{"type":"Polygon","coordinates":[[[138.78659,-34.94844],[138.77701,-34.948],[138.77756,-34.95198],[138.76863,-34.95437],[138.756,-34.95502],[138.7525,-34.95],[138.75279,-34.93065],[138.74622,-34.92971],[138.74745,-34.92604],[138.75401,-34.92189],[138.7561,-34.91651],[138.7794,-34.91903],[138.78213,-34.9177],[138.79473,-34.92024],[138.79732,-34.92498],[138.79262,-34.9288],[138.78919,-34.94606],[138.78659,-34.94844]]]},"properties":{"postcode":"5138","state":"SA","icsea_avg":1058,"school_count":1,"icsea_band":4}},{"type":"Feature","geometry":{"type":"Polygon","coordinates":[[[138.79473,-34.92024],[138.79874,-34.90412],[138.80733,-34.90314],[138.81189,-34.90434],[138.81295,-34.91056],[138.82206,-34.92156],[138.82083,-34.92573],[138.80764,-34.92691],[138.80216,-34.93943],[138.80565,-34.94018],[138.79621,-34.95481],[138.7916,-34.96195],[138.78051,-34.95715],[138.78017,-34.95418],[138.78659,-34.94844],[138.78919,-34.94606],[138.79262,-34.9288],[138.79732,-34.92498],[138.79473,-34.92024]]]},"properties":{"postcode":"5139","state":"SA","icsea_avg":null,"school_count":0,"icsea_band":0}},{"type":"Feature","geometry":{"type":"Polygon","coordinates":[[[138.6774,-34.9386],[138.67788,-34.94357],[138.68577,-34.94511],[138.69678,-34.94455],[138.69704,-34.94817],[138.71036,-34.94749],[138.71021,-34.94892],[138.70952,-34.95535],[138.71798,-34.9558],[138.71399,-34.95982],[138.70996,-34.95967],[138.69272,-34.95044],[138.68275,-34.95206],[138.6795,-34.9551],[138.6742,-34.95315],[138.67249,-34.95122],[138.67187,-34.94208],[138.6774,-34.9386]]]},"properties":{"postcode":"5140","state":"SA","icsea_avg":null,"school_count":0,"icsea_band":0}},{"type":"Feature","geometry":{"type":"MultiPolygon","coordinates":[[[[138.6774,-34.9386],[138.68523,-34.9381],[138.68467,-34.93091],[138.69349,-34.92924],[138.69758,-34.93191],[138.69872,-34.92172],[138.71598,-34.92171],[138.7185,-34.92878],[138.73248,-34.93375],[138.72556,-34.9333],[138.72464,-34.94123],[138.71108,-34.94026],[138.71036,-34.94749],[138.69704,-34.94817],[138.69678,-34.94455],[138.68577,-34.94511],[138.67788,-34.94357],[138.6774,-34.9386]]],[[[138.71021,-34.94892],[138.72262,-34.94857],[138.73764,-34.94932],[138.73765,-34.95324],[138.73682,-34.95867],[138.73946,-34.96188],[138.73371,-34.96665],[138.73294,-34.97201],[138.7181,-34.97054],[138.71418,-34.96442],[138.71399,-34.95982],[138.71798,-34.9558],[138.70952,-34.95535],[138.71021,-34.94892]]]]},"properties":{"postcode":"5141","state":"SA","icsea_avg":null,"school_count":0,"icsea_band":0}},{"type":"Feature","geometry":{"type":"Polygon","coordinates":[[[138.73765,-34.95324],[138.74224,-34.94959],[138.7525,-34.95],[138.756,-34.95502],[138.75443,-34.96342],[138.74803,-34.96453],[138.74771,-34.96915],[138.74522,-34.97351],[138.73915,-34.97116],[138.73294,-34.97201],[138.73371,-34.96665],[138.73946,-34.96188],[138.73682,-34.95867],[138.73765,-34.95324]]]},"properties":{"postcode":"5142","state":"SA","icsea_avg":1118,"school_count":1,"icsea_band":6}},{"type":"Feature","geometry":{"type":"Polygon","coordinates":[[[138.74894,-34.97678],[138.75283,-34.97062],[138.74771,-34.96915],[138.74803,-34.96453],[138.75443,-34.96342],[138.756,-34.95502],[138.76863,-34.95437],[138.77756,-34.95198],[138.77701,-34.948],[138.78659,-34.94844],[138.78017,-34.95418],[138.78051,-34.95715],[138.7916,-34.96195],[138.78628,-34.9704],[138.78442,-34.98224],[138.78085,-34.98282],[138.77199,-34.9791],[138.76639,-34.98236],[138.74895,-34.97908],[138.74894,-34.97678]]]},"properties":{"postcode":"5144","state":"SA","icsea_avg":null,"school_count":0,"icsea_band":0}},{"type":"Feature","geometry":{"type":"Polygon","coordinates":[[[138.7181,-34.97054],[138.73294,-34.97201],[138.73915,-34.97116],[138.74522,-34.97351],[138.74771,-34.96915],[138.75283,-34.97062],[138.74894,-34.97678],[138.7423,-34.98362],[138.74307,-34.98556],[138.74025,-34.98921],[138.73114,-34.98561],[138.72665,-34.98569],[138.71719,-34.97893],[138.7181,-34.97054]]]},"properties":{"postcode":"5151","state":"SA","icsea_avg":null,"school_count":0,"icsea_band":0}},{"type":"Feature","geometry":{"type":"Polygon","coordinates":[[[138.70478,-35.01887],[138.7,-35.01963],[138.69774,-35.01351],[138.68144,-35.01287],[138.67627,-35.01468],[138.68132,-35.0076],[138.67707,-35.00732],[138.68002,-35.00042],[138.6776,-34.999],[138.67524,-34.99067],[138.67122,-34.98949],[138.66517,-34.98166],[138.67534,-34.97449],[138.68594,-34.97463],[138.67669,-34.96079],[138.6742,-34.95315],[138.6795,-34.9551],[138.68275,-34.95206],[138.69272,-34.95044],[138.70996,-34.95967],[138.71399,-34.95982],[138.71418,-34.96442],[138.7181,-34.97054],[138.71719,-34.97893],[138.72665,-34.98569],[138.73114,-34.98561],[138.74025,-34.98921],[138.74307,-34.98556],[138.74764,-34.99324],[138.74463,-34.99699],[138.73304,-35.00483],[138.73034,-35.00503],[138.72586,-35.01124],[138.72169,-35.01038],[138.71477,-35.01993],[138.71076,-35.01653],[138.70478,-35.01887]]]},"properties":{"postcode":"5152","state":"SA","icsea_avg":1127,"school_count":3,"icsea_band":6}},{"type":"Feature","geometry":{"type":"Polygon","coordinates":[[[138.70478,-35.01887],[138.71076,-35.01653],[138.71477,-35.01993],[138.71785,-35.02112],[138.72493,-35.0171],[138.72827,-35.02246],[138.73352,-35.02575],[138.73567,-35.03112],[138.75467,-35.03014],[138.75508,-35.02585],[138.7631,-35.02672],[138.76719,-35.02273],[138.7764,-35.02442],[138.77889,-35.02695],[138.77948,-35.03023],[138.77572,-35.03578],[138.77794,-35.04027],[138.78632,-35.04609],[138.78481,-35.05386],[138.78193,-35.05529],[138.78153,-35.06196],[138.79265,-35.06248],[138.80484,-35.05724],[138.80567,-35.06244],[138.81496,-35.06245],[138.82025,-35.07029],[138.82483,-35.0698],[138.82626,-35.08257],[138.82624,-35.09284],[138.82895,-35.0981],[138.82875,-35.1058],[138.8312,-35.10704],[138.82935,-35.11411],[138.82947,-35.12115],[138.83362,-35.12601],[138.844,-35.13091],[138.84876,-35.1365],[138.84536,-35.14853],[138.85244,-35.14668],[138.87202,-35.1493],[138.87912,-35.15163],[138.87588,-35.15788],[138.8835,-35.15858],[138.88306,-35.16226],[138.88803,-35.16407],[138.88367,-35.17011],[138.87735,-35.18377],[138.87405,-35.18563],[138.85826,-35.18455],[138.85666,-35.19642],[138.83373,-35.19535],[138.82872,-35.20559],[138.81988,-35.20251],[138.81514,-35.19783],[138.79828,-35.19588],[138.79894,-35.19087],[138.79099,-35.19015],[138.79229,-35.18055],[138.78913,-35.17525],[138.7846,-35.17421],[138.78626,-35.15384],[138.78958,-35.14747],[138.78738,-35.14391],[138.79353,-35.13352],[138.78068,-35.13423],[138.77757,-35.13254],[138.76369,-35.14702],[138.76111,-35.14535],[138.73988,-35.14522],[138.73476,-35.14247],[138.71889,-35.16838],[138.71875,-35.17582],[138.71409,-35.17359],[138.71135,-35.16922],[138.7016,-35.17272],[138.71336,-35.15381],[138.70421,-35.15203],[138.6947,-35.12067],[138.68482,-35.11781],[138.6823,-35.08516],[138.68543,-35.07961],[138.68349,-35.05248],[138.67716,-35.04957],[138.66949,-35.04882],[138.66736,-35.03407],[138.67123,-35.03076],[138.6822,-35.03267],[138.68847,-35.03091],[138.69945,-35.0329],[138.70503,-35.03059],[138.70478,-35.01887]]]},"properties":{"postcode":"5153","state":"SA","icsea_avg":1045,"school_count":6,"icsea_band":4}},{"type":"Feature","geometry":{"type":"Polygon","coordinates":[[[138.74463,-34.99699],[138.75355,-35.00216],[138.74953,-35.01046],[138.75033,-35.01938],[138.75381,-35.0212],[138.75508,-35.02585],[138.75467,-35.03014],[138.73567,-35.03112],[138.73352,-35.02575],[138.72827,-35.02246],[138.72493,-35.0171],[138.71785,-35.02112],[138.71477,-35.01993],[138.72169,-35.01038],[138.72586,-35.01124],[138.73034,-35.00503],[138.73304,-35.00483],[138.74463,-34.99699]]]},"properties":{"postcode":"5154","state":"SA","icsea_avg":1098,"school_count":2,"icsea_band":5}},{"type":"Feature","geometry":{"type":"Polygon","coordinates":[[[138.74463,-34.99699],[138.74764,-34.99324],[138.74307,-34.98556],[138.7423,-34.98362],[138.74894,-34.97678],[138.74895,-34.97908],[138.76639,-34.98236],[138.77199,-34.9791],[138.78085,-34.98282],[138.78442,-34.98224],[138.78178,-34.98375],[138.78137,-34.98952],[138.78424,-34.99334],[138.78362,-34.99981],[138.7756,-35.00632],[138.78088,-35.00896],[138.7878,-35.01889],[138.78877,-35.02474],[138.78344,-35.02355],[138.77889,-35.02695],[138.7764,-35.02442],[138.76719,-35.02273],[138.7631,-35.02672],[138.75508,-35.02585],[138.75381,-35.0212],[138.75033,-35.01938],[138.74953,-35.01046],[138.75355,-35.00216],[138.74463,-34.99699]]]},"properties":{"postcode":"5155","state":"SA","icsea_avg":1076,"school_count":1,"icsea_band":4}},{"type":"Feature","geometry":{"type":"Polygon","coordinates":[[[138.66736,-35.03407],[138.66009,-35.03774],[138.64695,-35.03668],[138.63364,-35.0339],[138.64266,-35.01534],[138.64865,-35.01574],[138.65484,-35.02261],[138.66782,-35.02397],[138.67171,-35.0258],[138.67627,-35.01468],[138.68144,-35.01287],[138.69774,-35.01351],[138.7,-35.01963],[138.70478,-35.01887],[138.70503,-35.03059],[138.69945,-35.0329],[138.68847,-35.03091],[138.6822,-35.03267],[138.67123,-35.03076],[138.66736,-35.03407]]]},"properties":{"postcode":"5156","state":"SA","icsea_avg":1094,"school_count":1,"icsea_band":5}},{"type":"Feature","geometry":{"type":"MultiPolygon","coordinates":[[[[138.59547,-35.14274],[138.59466,-35.13386],[138.58562,-35.13236],[138.58758,-35.12128],[138.59327,-35.11581],[138.59534,-35.10864],[138.60216,-35.10301],[138.60978,-35.1007],[138.61075,-35.09806],[138.62124,-35.09748],[138.63512,-35.09528],[138.64503,-35.08937],[138.63578,-35.08269],[138.63447,-35.07654],[138.62237,-35.0664],[138.62167,-35.06194],[138.62135,-35.05804],[138.62775,-35.05764],[138.63128,-35.05083],[138.62987,-35.03831],[138.63364,-35.0339],[138.64695,-35.03668],[138.66009,-35.03774],[138.66736,-35.03407],[138.66949,-35.04882],[138.67716,-35.04957],[138.68349,-35.05248],[138.68543,-35.07961],[138.6823,-35.08516],[138.68482,-35.11781],[138.6947,-35.12067],[138.70421,-35.15203],[138.71336,-35.15381],[138.7016,-35.17272],[138.69726,-35.17946],[138.69812,-35.18345],[138.69876,-35.20502],[138.69629,-35.21056],[138.68885,-35.20855],[138.66389,-35.20672],[138.65291,-35.20482],[138.65033,-35.20018],[138.65666,-35.19199],[138.65668,-35.18261],[138.64714,-35.1769],[138.63827,-35.17507],[138.63423,-35.18317],[138.62434,-35.18366],[138.61774,-35.17945],[138.61751,-35.17626],[138.62642,-35.17028],[138.62954,-35.16489],[138.62345,-35.15852],[138.61821,-35.15768],[138.61149,-35.15008],[138.60517,-35.14814],[138.60244,-35.14991],[138.59569,-35.14522],[138.59547,-35.14274]]],[[[138.67154,-35.30168],[138.67798,-35.2952],[138.68806,-35.29512],[138.69355,-35.29096],[138.7006,-35.28812],[138.70829,-35.29491],[138.71666,-35.29153],[138.71694,-35.28314],[138.72179,-35.28529],[138.72678,-35.28339],[138.74425,-35.28502],[138.74542,-35.27668],[138.75415,-35.27947],[138.75533,-35.27627],[138.75311,-35.26857],[138.75387,-35.26211],[138.76017,-35.26376],[138.76494,-35.25002],[138.76936,-35.25042],[138.77266,-35.2471],[138.78167,-35.24799],[138.78364,-35.25044],[138.79104,-35.25236],[138.78927,-35.26389],[138.79539,-35.26232],[138.79496,-35.26838],[138.8042,-35.28132],[138.8116,-35.2927],[138.81146,-35.30058],[138.81577,-35.3046],[138.80428,-35.31615],[138.79852,-35.31751],[138.801,-35.32232],[138.78819,-35.32892],[138.77354,-35.3279],[138.77325,-35.33166],[138.76617,-35.33935],[138.76705,-35.34712],[138.76733,-35.36888],[138.74804,-35.3692],[138.74568,-35.36411],[138.7454,-35.35521],[138.74017,-35.35674],[138.73518,-35.35026],[138.71974,-35.33874],[138.70956,-35.33734],[138.6949,-35.32975],[138.68484,-35.33085],[138.67683,-35.33392],[138.66994,-35.33241],[138.67333,-35.32847],[138.66699,-35.32537],[138.67082,-35.31781],[138.6693,-35.31469],[138.67272,-35.30976],[138.66504,-35.30823],[138.67154,-35.30168]]]]},"properties":{"postcode":"5157","state":"SA","icsea_avg":1030,"school_count":2,"icsea_band":4}},{"type":"Feature","geometry":{"type":"Polygon","coordinates":[[[138.54576,-35.08241],[138.53862,-35.08887],[138.51649,-35.08992],[138.51172,-35.08764],[138.50804,-35.09033],[138.49559,-35.09094],[138.49283,-35.09332],[138.48569,-35.09089],[138.49368,-35.08439],[138.49526,-35.07477],[138.50255,-35.06065],[138.50369,-35.05654],[138.50789,-35.05929],[138.52623,-35.05816],[138.52601,-35.05552],[138.53496,-35.05507],[138.53207,-35.04667],[138.54292,-35.04372],[138.54263,-35.0399],[138.55968,-35.03896],[138.56084,-35.04273],[138.55942,-35.05024],[138.55948,-35.06063],[138.5624,-35.06412],[138.5633,-35.07486],[138.55061,-35.07553],[138.54576,-35.08241]]]},"properties":{"postcode":"5158","state":"SA","icsea_avg":1034,"school_count":7,"icsea_band":4}},{"type":"Feature","geometry":{"type":"Polygon","coordinates":[[[138.62167,-35.06194],[138.62237,-35.0664],[138.63447,-35.07654],[138.63578,-35.08269],[138.64503,-35.08937],[138.63512,-35.09528],[138.62124,-35.09748],[138.61075,-35.09806],[138.60978,-35.1007],[138.60216,-35.10301],[138.59534,-35.10864],[138.58557,-35.09982],[138.58493,-35.09153],[138.55946,-35.09297],[138.55867,-35.08256],[138.54576,-35.08241],[138.55061,-35.07553],[138.5633,-35.07486],[138.5624,-35.06412],[138.55948,-35.06063],[138.55942,-35.05024],[138.56084,-35.04273],[138.55968,-35.03896],[138.5607,-35.03076],[138.56366,-35.02918],[138.57016,-35.03362],[138.57111,-35.03791],[138.57869,-35.03676],[138.58631,-35.03795],[138.59676,-35.04582],[138.59898,-35.04934],[138.60833,-35.04929],[138.61508,-35.05827],[138.62167,-35.06194]]]},"properties":{"postcode":"5159","state":"SA","icsea_avg":1049,"school_count":11,"icsea_band":4}},{"type":"Feature","geometry":{"type":"Polygon","coordinates":[[[138.48569,-35.09089],[138.49283,-35.09332],[138.49559,-35.09094],[138.50804,-35.09033],[138.50936,-35.10592],[138.51015,-35.11643],[138.50793,-35.12126],[138.50228,-35.12023],[138.49001,-35.12464],[138.48678,-35.12418],[138.48516,-35.12439],[138.48447,-35.11495],[138.47025,-35.11563],[138.47098,-35.11004],[138.48099,-35.09471],[138.48569,-35.09089]]]},"properties":{"postcode":"5160","state":"SA","icsea_avg":null,"school_count":0,"icsea_band":0}},{"type":"Feature","geometry":{"type":"Polygon","coordinates":[[[138.54576,-35.08241],[138.55867,-35.08256],[138.55946,-35.09297],[138.54671,-35.09361],[138.54753,-35.10407],[138.50936,-35.10592],[138.50804,-35.09033],[138.51172,-35.08764],[138.51649,-35.08992],[138.53862,-35.08887],[138.54576,-35.08241]]]},"properties":{"postcode":"5161","state":"SA","icsea_avg":986,"school_count":3,"icsea_band":2}},{"type":"Feature","geometry":{"type":"Polygon","coordinates":[[[138.50793,-35.12126],[138.51015,-35.11643],[138.50936,-35.10592],[138.54753,-35.10407],[138.54671,-35.09361],[138.55946,-35.09297],[138.58493,-35.09153],[138.58557,-35.09982],[138.58576,-35.10205],[138.57308,-35.10275],[138.5735,-35.1081],[138.5652,-35.1085],[138.55872,-35.11408],[138.55562,-35.11939],[138.5568,-35.12484],[138.54907,-35.12523],[138.54935,-35.12902],[138.54085,-35.13509],[138.53714,-35.13607],[138.50598,-35.13759],[138.50504,-35.13159],[138.50793,-35.12126]]]},"properties":{"postcode":"5162","state":"SA","icsea_avg":989,"school_count":14,"icsea_band":2}},{"type":"Feature","geometry":{"type":"Polygon","coordinates":[[[138.58557,-35.09982],[138.59534,-35.10864],[138.59327,-35.11581],[138.58758,-35.12128],[138.58562,-35.13236],[138.59466,-35.13386],[138.59547,-35.14274],[138.59036,-35.14625],[138.58741,-35.15197],[138.58356,-35.15189],[138.5797,-35.15605],[138.57977,-35.16016],[138.57242,-35.15745],[138.56604,-35.15847],[138.56418,-35.16186],[138.55121,-35.1593],[138.54814,-35.16406],[138.53884,-35.16114],[138.52971,-35.16524],[138.52997,-35.1683],[138.52002,-35.16887],[138.52064,-35.17265],[138.51466,-35.1748],[138.50183,-35.17472],[138.5016,-35.17189],[138.50841,-35.16607],[138.50655,-35.15823],[138.50555,-35.14378],[138.50598,-35.13759],[138.53714,-35.13607],[138.54085,-35.13509],[138.54935,-35.12902],[138.54907,-35.12523],[138.5568,-35.12484],[138.55562,-35.11939],[138.55872,-35.11408],[138.5652,-35.1085],[138.5735,-35.1081],[138.57308,-35.10275],[138.58576,-35.10205],[138.58557,-35.09982]]]},"properties":{"postcode":"5163","state":"SA","icsea_avg":904,"school_count":3,"icsea_band":1}},{"type":"Feature","geometry":{"type":"Polygon","coordinates":[[[138.48678,-35.12418],[138.49001,-35.12464],[138.50228,-35.12023],[138.50793,-35.12126],[138.50504,-35.13159],[138.50598,-35.13759],[138.48622,-35.13871],[138.48549,-35.12801],[138.48678,-35.12418]]]},"properties":{"postcode":"5164","state":"SA","icsea_avg":933,"school_count":4,"icsea_band":1}},{"type":"Feature","geometry":{"type":"Polygon","coordinates":[[[138.48516,-35.12439],[138.48678,-35.12418],[138.48549,-35.12801],[138.48622,-35.13871],[138.4866,-35.14301],[138.46689,-35.14397],[138.46938,-35.14141],[138.46922,-35.12904],[138.48516,-35.12439]]]},"properties":{"postcode":"5165","state":"SA","icsea_avg":955,"school_count":2,"icsea_band":1}},{"type":"Feature","geometry":{"type":"Polygon","coordinates":[[[138.47025,-35.11563],[138.48447,-35.11495],[138.48516,-35.12439],[138.46922,-35.12904],[138.46743,-35.12128],[138.47025,-35.11563]]]},"properties":{"postcode":"5166","state":"SA","icsea_avg":1010,"school_count":2,"icsea_band":3}},{"type":"Feature","geometry":{"type":"Polygon","coordinates":[[[138.46689,-35.14397],[138.4866,-35.14301],[138.48985,-35.14866],[138.48926,-35.15291],[138.48516,-35.15239],[138.47608,-35.15591],[138.47492,-35.15784],[138.47643,-35.1773],[138.46635,-35.17781],[138.46561,-35.16771],[138.46941,-35.16374],[138.46862,-35.1511],[138.46689,-35.14397]]]},"properties":{"postcode":"5167","state":"SA","icsea_avg":984,"school_count":2,"icsea_band":2}},{"type":"Feature","geometry":{"type":"Polygon","coordinates":[[[138.4866,-35.14301],[138.48622,-35.13871],[138.50598,-35.13759],[138.50555,-35.14378],[138.50655,-35.15823],[138.50841,-35.16607],[138.5016,-35.17189],[138.50183,-35.17472],[138.51466,-35.1748],[138.50819,-35.17841],[138.49583,-35.18817],[138.49032,-35.19072],[138.49057,-35.18755],[138.49878,-35.17596],[138.49523,-35.17172],[138.49296,-35.16313],[138.49505,-35.15996],[138.4877,-35.15464],[138.48926,-35.15291],[138.48985,-35.14866],[138.4866,-35.14301]]]},"properties":{"postcode":"5168","state":"SA","icsea_avg":985,"school_count":3,"icsea_band":2}},{"type":"Feature","geometry":{"type":"Polygon","coordinates":[[[138.46635,-35.17781],[138.47643,-35.1773],[138.47492,-35.15784],[138.47608,-35.15591],[138.48516,-35.15239],[138.48926,-35.15291],[138.4877,-35.15464],[138.49505,-35.15996],[138.49296,-35.16313],[138.49523,-35.17172],[138.49878,-35.17596],[138.49057,-35.18755],[138.49032,-35.19072],[138.4913,-35.20506],[138.49008,-35.21192],[138.492,-35.21684],[138.47961,-35.21746],[138.4797,-35.22027],[138.46796,-35.22105],[138.47087,-35.21158],[138.46905,-35.19108],[138.46672,-35.18469],[138.46635,-35.17781]]]},"properties":{"postcode":"5169","state":"SA","icsea_avg":994,"school_count":4,"icsea_band":3}},{"type":"Feature","geometry":{"type":"Polygon","coordinates":[[[138.46796,-35.22105],[138.4797,-35.22027],[138.47961,-35.21746],[138.492,-35.21684],[138.49427,-35.24302],[138.48149,-35.24369],[138.48168,-35.2463],[138.46198,-35.24736],[138.46774,-35.2447],[138.46993,-35.23916],[138.46796,-35.22105]]]},"properties":{"postcode":"5170","state":"SA","icsea_avg":null,"school_count":0,"icsea_band":0}},{"type":"Feature","geometry":{"type":"Polygon","coordinates":[[[138.49032,-35.19072],[138.49583,-35.18817],[138.50819,-35.17841],[138.51466,-35.1748],[138.52064,-35.17265],[138.52002,-35.16887],[138.52997,-35.1683],[138.52971,-35.16524],[138.53884,-35.16114],[138.54814,-35.16406],[138.55121,-35.1593],[138.56418,-35.16186],[138.56604,-35.15847],[138.57242,-35.15745],[138.57977,-35.16016],[138.5797,-35.15605],[138.58356,-35.15189],[138.58741,-35.15197],[138.59036,-35.14625],[138.59547,-35.14274],[138.59569,-35.14522],[138.60244,-35.14991],[138.60517,-35.14814],[138.61149,-35.15008],[138.61821,-35.15768],[138.62345,-35.15852],[138.62954,-35.16489],[138.62642,-35.17028],[138.61751,-35.17626],[138.61774,-35.17945],[138.62434,-35.18366],[138.63423,-35.18317],[138.63827,-35.17507],[138.64714,-35.1769],[138.65668,-35.18261],[138.65666,-35.19199],[138.65033,-35.20018],[138.65291,-35.20482],[138.65191,-35.20827],[138.64144,-35.21072],[138.63649,-35.22003],[138.63725,-35.22383],[138.62045,-35.21294],[138.61406,-35.21579],[138.61431,-35.21853],[138.58155,-35.24907],[138.49507,-35.25353],[138.49427,-35.24302],[138.492,-35.21684],[138.49008,-35.21192],[138.4913,-35.20506],[138.49032,-35.19072]]]},"properties":{"postcode":"5171","state":"SA","icsea_avg":1039,"school_count":3,"icsea_band":4}},{"type":"Feature","geometry":{"type":"Polygon","coordinates":[[[138.51633,-35.32271],[138.5168,-35.31852],[138.52247,-35.31492],[138.52797,-35.30752],[138.52199,-35.30103],[138.52493,-35.29803],[138.52293,-35.28387],[138.49731,-35.28519],[138.49507,-35.25353],[138.58155,-35.24907],[138.61431,-35.21853],[138.61406,-35.21579],[138.62045,-35.21294],[138.63725,-35.22383],[138.63649,-35.22003],[138.64144,-35.21072],[138.65191,-35.20827],[138.65291,-35.20482],[138.66389,-35.20672],[138.68885,-35.20855],[138.69629,-35.21056],[138.7054,-35.21944],[138.7122,-35.22219],[138.715,-35.22659],[138.72618,-35.23007],[138.74031,-35.23826],[138.74167,-35.23666],[138.7527,-35.23762],[138.76151,-35.24213],[138.77433,-35.24329],[138.77266,-35.2471],[138.76936,-35.25042],[138.76494,-35.25002],[138.76017,-35.26376],[138.75387,-35.26211],[138.75311,-35.26857],[138.75533,-35.27627],[138.75415,-35.27947],[138.74542,-35.27668],[138.74425,-35.28502],[138.72678,-35.28339],[138.72179,-35.28529],[138.71694,-35.28314],[138.71666,-35.29153],[138.70829,-35.29491],[138.7006,-35.28812],[138.69355,-35.29096],[138.68806,-35.29512],[138.67798,-35.2952],[138.67154,-35.30168],[138.65161,-35.29768],[138.65061,-35.29072],[138.6399,-35.28853],[138.63002,-35.29041],[138.63053,-35.29528],[138.62662,-35.30063],[138.61578,-35.29848],[138.61297,-35.30569],[138.61734,-35.31008],[138.60401,-35.31009],[138.60328,-35.30787],[138.5932,-35.3079],[138.5932,-35.31937],[138.59034,-35.31933],[138.5907,-35.32777],[138.59644,-35.32756],[138.59669,-35.33338],[138.59221,-35.3324],[138.58765,-35.33752],[138.57818,-35.33833],[138.57114,-35.34379],[138.57097,-35.34704],[138.57583,-35.35136],[138.56323,-35.3549],[138.55912,-35.3544],[138.54085,-35.36169],[138.53509,-35.3594],[138.53734,-35.35522],[138.52639,-35.35391],[138.52457,-35.34097],[138.51575,-35.3372],[138.5211,-35.33037],[138.52005,-35.32415],[138.51633,-35.32271]]]},"properties":{"postcode":"5172","state":"SA","icsea_avg":1031,"school_count":3,"icsea_band":4}},{"type":"Feature","geometry":{"type":"Polygon","coordinates":[[[138.46198,-35.24736],[138.48168,-35.2463],[138.48149,-35.24369],[138.49427,-35.24302],[138.49507,-35.25353],[138.49731,-35.28519],[138.49804,-35.29572],[138.4725,-35.29697],[138.47399,-35.31797],[138.44754,-35.31927],[138.44728,-35.30571],[138.44481,-35.29083],[138.44253,-35.28507],[138.44364,-35.27113],[138.4504,-35.26893],[138.45796,-35.26364],[138.46132,-35.25864],[138.46198,-35.24736]]]},"properties":{"postcode":"5173","state":"SA","icsea_avg":956,"school_count":2,"icsea_band":1}},{"type":"Feature","geometry":{"type":"Polygon","coordinates":[[[138.44297,-35.34254],[138.44667,-35.33416],[138.44754,-35.31927],[138.47399,-35.31797],[138.4725,-35.29697],[138.49804,-35.29572],[138.49731,-35.28519],[138.52293,-35.28387],[138.52493,-35.29803],[138.52199,-35.30103],[138.52797,-35.30752],[138.52247,-35.31492],[138.5168,-35.31852],[138.51633,-35.32271],[138.51288,-35.32804],[138.50865,-35.33031],[138.50221,-35.3303],[138.49072,-35.33849],[138.48331,-35.34781],[138.48009,-35.3488],[138.4703,-35.34649],[138.46194,-35.3503],[138.45309,-35.34831],[138.44628,-35.34262],[138.44297,-35.34254]]]},"properties":{"postcode":"5174","state":"SA","icsea_avg":null,"school_count":0,"icsea_band":0}},{"type":"Feature","geometry":{"type":"Polygon","coordinates":[[[138.8042,-35.28132],[138.79496,-35.26838],[138.79539,-35.26232],[138.78927,-35.26389],[138.79104,-35.25236],[138.78364,-35.25044],[138.78167,-35.24799],[138.77266,-35.2471],[138.77433,-35.24329],[138.76151,-35.24213],[138.7527,-35.23762],[138.74167,-35.23666],[138.74031,-35.23826],[138.72618,-35.23007],[138.715,-35.22659],[138.7122,-35.22219],[138.7054,-35.21944],[138.69629,-35.21056],[138.69876,-35.20502],[138.69812,-35.18345],[138.69726,-35.17946],[138.7016,-35.17272],[138.71135,-35.16922],[138.71409,-35.17359],[138.71875,-35.17582],[138.71889,-35.16838],[138.73476,-35.14247],[138.73988,-35.14522],[138.76111,-35.14535],[138.76369,-35.14702],[138.77757,-35.13254],[138.78068,-35.13423],[138.79353,-35.13352],[138.78738,-35.14391],[138.78958,-35.14747],[138.78626,-35.15384],[138.7846,-35.17421],[138.78913,-35.17525],[138.79229,-35.18055],[138.79099,-35.19015],[138.79894,-35.19087],[138.79828,-35.19588],[138.81514,-35.19783],[138.81988,-35.20251],[138.82872,-35.20559],[138.82699,-35.20799],[138.84116,-35.2084],[138.84013,-35.21456],[138.84245,-35.21608],[138.84566,-35.22694],[138.8492,-35.22949],[138.85787,-35.23022],[138.86341,-35.23217],[138.86429,-35.2359],[138.87038,-35.24152],[138.87823,-35.24326],[138.88435,-35.25164],[138.87251,-35.25701],[138.8754,-35.26351],[138.8662,-35.26693],[138.85272,-35.266],[138.84805,-35.26736],[138.84476,-35.27221],[138.83926,-35.27534],[138.83338,-35.27628],[138.82877,-35.27394],[138.82306,-35.27515],[138.815,-35.2794],[138.8042,-35.28132]]]},"properties":{"postcode":"5201","state":"SA","icsea_avg":1013,"school_count":1,"icsea_band":3}},{"type":"Feature","geometry":{"type":"Polygon","coordinates":[[[138.44297,-35.34254],[138.44628,-35.34262],[138.45309,-35.34831],[138.46194,-35.3503],[138.4703,-35.34649],[138.48009,-35.3488],[138.48331,-35.34781],[138.49072,-35.33849],[138.50221,-35.3303],[138.50865,-35.33031],[138.51288,-35.32804],[138.51633,-35.32271],[138.52005,-35.32415],[138.5211,-35.33037],[138.51575,-35.3372],[138.52457,-35.34097],[138.52639,-35.35391],[138.53734,-35.35522],[138.53509,-35.3594],[138.54085,-35.36169],[138.53996,-35.37634],[138.54873,-35.37825],[138.55904,-35.38439],[138.55794,-35.39002],[138.55904,-35.39673],[138.55103,-35.3967],[138.54692,-35.40075],[138.53997,-35.39983],[138.52484,-35.40302],[138.52637,-35.40761],[138.51956,-35.40865],[138.51728,-35.41222],[138.51114,-35.41426],[138.50867,-35.418],[138.49882,-35.41796],[138.49389,-35.41515],[138.48584,-35.41873],[138.48439,-35.42842],[138.47936,-35.43506],[138.47039,-35.43699],[138.46245,-35.44221],[138.46136,-35.45095],[138.4554,-35.45503],[138.4542,-35.45867],[138.44748,-35.46271],[138.42043,-35.46403],[138.41206,-35.46175],[138.40724,-35.45873],[138.40679,-35.45364],[138.41226,-35.45063],[138.40781,-35.44586],[138.40771,-35.43558],[138.41625,-35.43378],[138.41986,-35.43018],[138.41704,-35.41883],[138.41692,-35.41138],[138.41051,-35.41117],[138.40412,-35.40867],[138.40406,-35.40414],[138.38197,-35.40434],[138.38196,-35.40292],[138.34381,-35.4032],[138.34392,-35.4083],[138.32923,-35.40877],[138.32864,-35.40908],[138.33452,-35.39981],[138.34125,-35.39286],[138.34755,-35.39065],[138.35918,-35.38302],[138.36331,-35.37822],[138.3819,-35.37091],[138.38493,-35.37282],[138.3952,-35.36782],[138.41045,-35.36641],[138.42107,-35.35943],[138.43247,-35.35311],[138.44035,-35.35106],[138.44297,-35.34254]]]},"properties":{"postcode":"5202","state":"SA","icsea_avg":994,"school_count":1,"icsea_band":3}},{"type":"Feature","geometry":{"type":"Polygon","coordinates":[[[138.28258,-35.53063],[138.27188,-35.51359],[138.2779,-35.51113],[138.27376,-35.50475],[138.27793,-35.49982],[138.28006,-35.49126],[138.27623,-35.47954],[138.28167,-35.47585],[138.29014,-35.47246],[138.29412,-35.4684],[138.30045,-35.45733],[138.30713,-35.46027],[138.30403,-35.46443],[138.30896,-35.46704],[138.31462,-35.4659],[138.32117,-35.45921],[138.32034,-35.45423],[138.32691,-35.45155],[138.33267,-35.44193],[138.32657,-35.43952],[138.3241,-35.44403],[138.31752,-35.44169],[138.32436,-35.43218],[138.33075,-35.43581],[138.33362,-35.4299],[138.33025,-35.42103],[138.33053,-35.41158],[138.32923,-35.40877],[138.34392,-35.4083],[138.34381,-35.4032],[138.38196,-35.40292],[138.38197,-35.40434],[138.40406,-35.40414],[138.40412,-35.40867],[138.41051,-35.41117],[138.41692,-35.41138],[138.41704,-35.41883],[138.41986,-35.43018],[138.41625,-35.43378],[138.40771,-35.43558],[138.40781,-35.44586],[138.41226,-35.45063],[138.40679,-35.45364],[138.40724,-35.45873],[138.3997,-35.46153],[138.39324,-35.46147],[138.39227,-35.47518],[138.38332,-35.47333],[138.38152,-35.47851],[138.37702,-35.48369],[138.37848,-35.48696],[138.37287,-35.49144],[138.37866,-35.49624],[138.37563,-35.49977],[138.3658,-35.49902],[138.36549,-35.50728],[138.3615,-35.52155],[138.35554,-35.52379],[138.35495,-35.53139],[138.34693,-35.53286],[138.34255,-35.53765],[138.34005,-35.53239],[138.33341,-35.53444],[138.32602,-35.52258],[138.29462,-35.52139],[138.29113,-35.52655],[138.28258,-35.53063]]]},"properties":{"postcode":"5203","state":"SA","icsea_avg":970,"school_count":1,"icsea_band":2}},{"type":"Feature","geometry":{"type":"Polygon","coordinates":[[[138.55904,-35.39673],[138.55794,-35.39002],[138.55904,-35.38439],[138.54873,-35.37825],[138.53996,-35.37634],[138.54085,-35.36169],[138.55912,-35.3544],[138.56323,-35.3549],[138.57583,-35.35136],[138.57097,-35.34704],[138.57114,-35.34379],[138.57818,-35.33833],[138.58765,-35.33752],[138.59221,-35.3324],[138.59669,-35.33338],[138.59644,-35.32756],[138.5907,-35.32777],[138.59034,-35.31933],[138.5932,-35.31937],[138.5932,-35.3079],[138.60328,-35.30787],[138.60401,-35.31009],[138.61734,-35.31008],[138.61297,-35.30569],[138.61578,-35.29848],[138.62662,-35.30063],[138.63053,-35.29528],[138.63002,-35.29041],[138.6399,-35.28853],[138.65061,-35.29072],[138.65161,-35.29768],[138.67154,-35.30168],[138.66504,-35.30823],[138.67272,-35.30976],[138.6693,-35.31469],[138.67082,-35.31781],[138.66699,-35.32537],[138.67333,-35.32847],[138.66994,-35.33241],[138.67683,-35.33392],[138.68484,-35.33085],[138.6949,-35.32975],[138.70956,-35.33734],[138.71974,-35.33874],[138.73518,-35.35026],[138.73046,-35.35095],[138.72742,-35.35614],[138.72809,-35.36155],[138.64787,-35.36146],[138.64784,-35.37158],[138.6462,-35.38101],[138.64388,-35.38347],[138.64413,-35.39125],[138.63862,-35.39655],[138.62976,-35.39785],[138.61966,-35.39155],[138.61742,-35.39322],[138.61119,-35.38953],[138.59989,-35.39483],[138.59891,-35.39255],[138.58914,-35.38914],[138.57413,-35.39134],[138.56845,-35.39656],[138.55904,-35.39673]]]},"properties":{"postcode":"5210","state":"SA","icsea_avg":987,"school_count":1,"icsea_band":2}},{"type":"Feature","geometry":{"type":"Polygon","coordinates":[[[138.28447,-35.63907],[138.28709,-35.63363],[138.29263,-35.62895],[138.28996,-35.6227],[138.29286,-35.621],[138.29386,-35.61251],[138.27914,-35.60473],[138.27546,-35.59483],[138.27192,-35.59456],[138.26963,-35.58473],[138.2617,-35.58345],[138.25708,-35.58045],[138.26096,-35.57761],[138.26919,-35.57648],[138.27382,-35.57364],[138.28695,-35.56827],[138.28144,-35.56257],[138.28678,-35.55543],[138.285,-35.54954],[138.29145,-35.54482],[138.28258,-35.53063],[138.29113,-35.52655],[138.29462,-35.52139],[138.32602,-35.52258],[138.33341,-35.53444],[138.34005,-35.53239],[138.34255,-35.53765],[138.34693,-35.53286],[138.35495,-35.53139],[138.35554,-35.52379],[138.3615,-35.52155],[138.36549,-35.50728],[138.3658,-35.49902],[138.37563,-35.49977],[138.37866,-35.49624],[138.37287,-35.49144],[138.37848,-35.48696],[138.37702,-35.48369],[138.38152,-35.47851],[138.38332,-35.47333],[138.39227,-35.47518],[138.39324,-35.46147],[138.3997,-35.46153],[138.40724,-35.45873],[138.41206,-35.46175],[138.42043,-35.46403],[138.44748,-35.46271],[138.4542,-35.45867],[138.4554,-35.45503],[138.46136,-35.45095],[138.46245,-35.44221],[138.47039,-35.43699],[138.47936,-35.43506],[138.48439,-35.42842],[138.48584,-35.41873],[138.49389,-35.41515],[138.49882,-35.41796],[138.50867,-35.418],[138.51114,-35.41426],[138.51728,-35.41222],[138.51956,-35.40865],[138.52637,-35.40761],[138.52484,-35.40302],[138.53997,-35.39983],[138.54692,-35.40075],[138.55103,-35.3967],[138.55904,-35.39673],[138.56845,-35.39656],[138.57413,-35.39134],[138.58914,-35.38914],[138.59891,-35.39255],[138.59989,-35.39483],[138.59984,-35.39811],[138.60877,-35.40944],[138.60962,-35.41692],[138.61276,-35.42287],[138.6054,-35.42879],[138.61023,-35.43454],[138.61155,-35.43918],[138.62433,-35.44144],[138.62923,-35.44554],[138.62963,-35.44873],[138.63586,-35.45156],[138.64525,-35.45992],[138.64964,-35.46189],[138.64914,-35.46758],[138.64478,-35.471],[138.65206,-35.47319],[138.65494,-35.49105],[138.65189,-35.49963],[138.65215,-35.50627],[138.65043,-35.51343],[138.65221,-35.52397],[138.66202,-35.52247],[138.66433,-35.53276],[138.6634,-35.53635],[138.64521,-35.53948],[138.63152,-35.54384],[138.62537,-35.55053],[138.62613,-35.55686],[138.6199,-35.55778],[138.61319,-35.56183],[138.61268,-35.56522],[138.59927,-35.57786],[138.59815,-35.58568],[138.60546,-35.58914],[138.60009,-35.59228],[138.59133,-35.59498],[138.58352,-35.59983],[138.58186,-35.60503],[138.56865,-35.60732],[138.56318,-35.61023],[138.55619,-35.61865],[138.54748,-35.62524],[138.54085,-35.62886],[138.52573,-35.64121],[138.51763,-35.64157],[138.50677,-35.63649],[138.49452,-35.63353],[138.48367,-35.6323],[138.47963,-35.63479],[138.46578,-35.63026],[138.45599,-35.63258],[138.45055,-35.63036],[138.4402,-35.63099],[138.43074,-35.62933],[138.42079,-35.63366],[138.41507,-35.63875],[138.41003,-35.64058],[138.38048,-35.63895],[138.37014,-35.64061],[138.3679,-35.6423],[138.35994,-35.64015],[138.29999,-35.6382],[138.288,-35.64025],[138.28447,-35.63907]]]},"properties":{"postcode":"5211","state":"SA","icsea_avg":1012,"school_count":4,"icsea_band":3}},{"type":"Feature","geometry":{"type":"Polygon","coordinates":[[[138.65206,-35.47319],[138.66195,-35.47198],[138.66342,-35.47359],[138.6721,-35.47999],[138.67609,-35.4806],[138.67633,-35.48831],[138.68704,-35.48789],[138.68999,-35.50234],[138.70041,-35.51794],[138.69293,-35.52292],[138.69539,-35.52727],[138.69107,-35.53287],[138.68526,-35.53316],[138.68431,-35.53815],[138.67834,-35.5364],[138.6634,-35.53635],[138.66433,-35.53276],[138.66202,-35.52247],[138.65221,-35.52397],[138.65043,-35.51343],[138.65215,-35.50627],[138.65189,-35.49963],[138.65494,-35.49105],[138.65206,-35.47319]]]},"properties":{"postcode":"5212","state":"SA","icsea_avg":990,"school_count":1,"icsea_band":2}},{"type":"Feature","geometry":{"type":"Polygon","coordinates":[[[138.66342,-35.47359],[138.66529,-35.47391],[138.66852,-35.45879],[138.6936,-35.46251],[138.69595,-35.45221],[138.70871,-35.45408],[138.71293,-35.4516],[138.72804,-35.45417],[138.72514,-35.46714],[138.74394,-35.46996],[138.73929,-35.49067],[138.74562,-35.49159],[138.7419,-35.50783],[138.74857,-35.50722],[138.74629,-35.51747],[138.73827,-35.51595],[138.71149,-35.51343],[138.70041,-35.51794],[138.68999,-35.50234],[138.68704,-35.48789],[138.67633,-35.48831],[138.67609,-35.4806],[138.6721,-35.47999],[138.66342,-35.47359]]]},"properties":{"postcode":"5213","state":"SA","icsea_avg":null,"school_count":0,"icsea_band":0}},{"type":"Feature","geometry":{"type":"Polygon","coordinates":[[[138.69595,-35.45221],[138.69942,-35.45016],[138.69469,-35.44448],[138.70013,-35.44181],[138.69929,-35.43513],[138.70762,-35.42874],[138.70984,-35.4184],[138.7236,-35.42049],[138.72853,-35.40851],[138.72847,-35.40066],[138.73394,-35.40149],[138.7394,-35.40713],[138.74483,-35.41039],[138.74703,-35.40271],[138.75821,-35.40435],[138.76388,-35.40008],[138.76494,-35.39584],[138.76995,-35.39481],[138.78806,-35.40485],[138.79647,-35.40451],[138.8015,-35.39902],[138.81422,-35.40304],[138.82062,-35.40307],[138.82056,-35.40725],[138.826,-35.40863],[138.83019,-35.41258],[138.83008,-35.41914],[138.83441,-35.42155],[138.83495,-35.42748],[138.84682,-35.42911],[138.84896,-35.43143],[138.86076,-35.43705],[138.86648,-35.44506],[138.8681,-35.45005],[138.8658,-35.45507],[138.86821,-35.46247],[138.87116,-35.46589],[138.88275,-35.46773],[138.88567,-35.47576],[138.90375,-35.49314],[138.90964,-35.49716],[138.91979,-35.49785],[138.92881,-35.50524],[138.94426,-35.51315],[138.9621,-35.51547],[138.97596,-35.52222],[138.96684,-35.52938],[138.96617,-35.5418],[138.96205,-35.54682],[138.95479,-35.55108],[138.94247,-35.55608],[138.9363,-35.55543],[138.93328,-35.56175],[138.92392,-35.55922],[138.92003,-35.56192],[138.90438,-35.55498],[138.90146,-35.55753],[138.88693,-35.55891],[138.87841,-35.55864],[138.83237,-35.54143],[138.79145,-35.5282],[138.76789,-35.52178],[138.74629,-35.51747],[138.74857,-35.50722],[138.7419,-35.50783],[138.74562,-35.49159],[138.73929,-35.49067],[138.74394,-35.46996],[138.72514,-35.46714],[138.72804,-35.45417],[138.71293,-35.4516],[138.70871,-35.45408],[138.69595,-35.45221]]]},"properties":{"postcode":"5214","state":"SA","icsea_avg":964,"school_count":2,"icsea_band":1}},{"type":"Feature","geometry":{"type":"Polygon","coordinates":[[[138.81444,-34.77491],[138.81156,-34.77262],[138.81458,-34.7634],[138.81378,-34.75944],[138.8175,-34.75493],[138.82511,-34.75137],[138.83185,-34.74365],[138.83891,-34.74496],[138.84859,-34.74279],[138.8525,-34.74611],[138.85837,-34.74021],[138.8609,-34.73534],[138.86826,-34.73322],[138.86515,-34.72593],[138.85802,-34.72796],[138.86214,-34.71972],[138.86369,-34.70397],[138.86752,-34.70151],[138.88793,-34.70058],[138.89633,-34.70748],[138.90941,-34.70828],[138.91007,-34.71124],[138.91748,-34.72558],[138.91746,-34.73471],[138.92664,-34.73471],[138.92685,-34.74377],[138.91896,-34.74593],[138.90797,-34.74321],[138.90549,-34.74508],[138.9054,-34.75279],[138.88977,-34.75439],[138.8884,-34.76159],[138.88874,-34.77089],[138.89237,-34.77954],[138.88503,-34.78545],[138.87841,-34.79802],[138.87104,-34.80765],[138.8591,-34.80653],[138.85763,-34.81447],[138.86402,-34.81503],[138.86328,-34.82028],[138.85732,-34.81984],[138.85164,-34.82428],[138.84157,-34.82731],[138.83965,-34.83437],[138.83336,-34.83311],[138.8217,-34.83685],[138.82449,-34.83141],[138.82595,-34.81453],[138.82075,-34.81369],[138.82118,-34.80664],[138.82429,-34.80124],[138.8183,-34.80065],[138.81264,-34.78716],[138.81444,-34.77491]]]},"properties":{"postcode":"5231","state":"SA","icsea_avg":994,"school_count":1,"icsea_band":3}},{"type":"Feature","geometry":{"type":"Polygon","coordinates":[[[138.77355,-34.86519],[138.78024,-34.86767],[138.79,-34.85772],[138.79106,-34.85085],[138.79909,-34.84866],[138.79602,-34.84307],[138.80319,-34.84045],[138.81834,-34.84009],[138.8217,-34.83685],[138.83336,-34.83311],[138.83965,-34.83437],[138.84157,-34.82731],[138.85164,-34.82428],[138.84932,-34.83138],[138.85634,-34.83902],[138.86924,-34.84407],[138.87338,-34.84239],[138.87715,-34.8502],[138.88117,-34.85347],[138.88083,-34.8649],[138.88346,-34.86574],[138.88407,-34.87864],[138.8754,-34.87875],[138.8706,-34.8824],[138.85864,-34.88311],[138.85713,-34.88699],[138.84716,-34.88918],[138.84211,-34.8922],[138.83125,-34.89129],[138.8302,-34.8885],[138.82425,-34.8873],[138.82109,-34.89078],[138.79595,-34.87819],[138.78633,-34.8718],[138.78426,-34.86754],[138.77896,-34.86932],[138.77355,-34.86519]]]},"properties":{"postcode":"5232","state":"SA","icsea_avg":null,"school_count":0,"icsea_band":0}},{"type":"Feature","geometry":{"type":"Polygon","coordinates":[[[138.91896,-34.74593],[138.92924,-34.75271],[138.92803,-34.75563],[138.93434,-34.75947],[138.94067,-34.76082],[138.9419,-34.76347],[138.94856,-34.7654],[138.9481,-34.77313],[138.95183,-34.77458],[138.96179,-34.77264],[138.96005,-34.78197],[138.95514,-34.78649],[138.95369,-34.79815],[138.94891,-34.80398],[138.93408,-34.8058],[138.9335,-34.81151],[138.92226,-34.8107],[138.91906,-34.83632],[138.93534,-34.83761],[138.93785,-34.83859],[138.94021,-34.8433],[138.94197,-34.856],[138.92953,-34.85337],[138.9278,-34.86837],[138.91406,-34.8724],[138.89908,-34.8695],[138.89493,-34.8754],[138.88407,-34.87864],[138.88346,-34.86574],[138.88083,-34.8649],[138.88117,-34.85347],[138.87715,-34.8502],[138.87338,-34.84239],[138.86924,-34.84407],[138.85634,-34.83902],[138.84932,-34.83138],[138.85164,-34.82428],[138.85732,-34.81984],[138.86328,-34.82028],[138.86402,-34.81503],[138.85763,-34.81447],[138.8591,-34.80653],[138.87104,-34.80765],[138.87841,-34.79802],[138.88503,-34.78545],[138.89237,-34.77954],[138.88874,-34.77089],[138.8884,-34.76159],[138.88977,-34.75439],[138.9054,-34.75279],[138.90549,-34.74508],[138.90797,-34.74321],[138.91896,-34.74593]]]},"properties":{"postcode":"5233","state":"SA","icsea_avg":1021,"school_count":1,"icsea_band":3}},{"type":"Feature","geometry":{"type":"Polygon","coordinates":[[[139.04177,-34.81534],[139.04357,-34.81719],[139.03733,-34.82329],[139.03069,-34.82519],[139.02507,-34.82336],[139.01913,-34.82935],[139.0102,-34.83234],[139.00342,-34.83123],[139.00147,-34.83443],[139.00692,-34.84127],[139.0057,-34.8469],[138.99935,-34.84735],[138.99522,-34.84299],[138.98406,-34.8395],[138.97972,-34.84107],[138.93772,-34.83776],[138.93785,-34.83859],[138.93534,-34.83761],[138.91906,-34.83632],[138.92226,-34.8107],[138.9335,-34.81151],[138.93408,-34.8058],[138.94891,-34.80398],[138.95369,-34.79815],[138.95514,-34.78649],[138.96005,-34.78197],[138.96179,-34.77264],[138.97246,-34.77341],[138.97695,-34.77143],[138.98988,-34.76985],[138.99109,-34.77228],[138.98807,-34.78139],[139.00478,-34.79406],[139.00458,-34.79914],[139.01124,-34.80415],[139.01754,-34.80463],[139.02691,-34.80983],[139.03271,-34.81089],[139.04177,-34.81534]]]},"properties":{"postcode":"5234","state":"SA","icsea_avg":996,"school_count":2,"icsea_band":3}},{"type":"Feature","geometry":{"type":"Polygon","coordinates":[[[138.98988,-34.76985],[138.99294,-34.7622],[139.00648,-34.76196],[138.99799,-34.75349],[139.01459,-34.74362],[139.02019,-34.74713],[139.02968,-34.74934],[139.03567,-34.73813],[139.03483,-34.73241],[139.03032,-34.73014],[139.05054,-34.71136],[139.05315,-34.70799],[139.04747,-34.69864],[139.04601,-34.6939],[139.03965,-34.69322],[139.0437,-34.68432],[139.05179,-34.68121],[139.05395,-34.67629],[139.06581,-34.67988],[139.07892,-34.65055],[139.07983,-34.64328],[139.07452,-34.63782],[139.07596,-34.62678],[139.08037,-34.61701],[139.10064,-34.62318],[139.10313,-34.62063],[139.16263,-34.62112],[139.15755,-34.63262],[139.15914,-34.64048],[139.15799,-34.64749],[139.16137,-34.65438],[139.16119,-34.66115],[139.16456,-34.67052],[139.16597,-34.68502],[139.16935,-34.69099],[139.16847,-34.69371],[139.16905,-34.70673],[139.1615,-34.70458],[139.15809,-34.70577],[139.15876,-34.71285],[139.15549,-34.72254],[139.15069,-34.76852],[139.14156,-34.76786],[139.13841,-34.76296],[139.08701,-34.75924],[139.08624,-34.76633],[139.08142,-34.76836],[139.07594,-34.77335],[139.08053,-34.77683],[139.0655,-34.79117],[139.06718,-34.79238],[139.05865,-34.8002],[139.05592,-34.7982],[139.04531,-34.80786],[139.04177,-34.81534],[139.03271,-34.81089],[139.02691,-34.80983],[139.01754,-34.80463],[139.01124,-34.80415],[139.00458,-34.79914],[139.00478,-34.79406],[138.98807,-34.78139],[138.99109,-34.77228],[138.98988,-34.76985]]]},"properties":{"postcode":"5235","state":"SA","icsea_avg":1000,"school_count":2,"icsea_band":3}},{"type":"Feature","geometry":{"type":"Polygon","coordinates":[[[138.80733,-34.90314],[138.80811,-34.90087],[138.81772,-34.90093],[138.82276,-34.89588],[138.82109,-34.89078],[138.82425,-34.8873],[138.8302,-34.8885],[138.83125,-34.89129],[138.84211,-34.8922],[138.84048,-34.89427],[138.83864,-34.90593],[138.84067,-34.91733],[138.839,-34.92971],[138.84221,-34.93884],[138.84731,-34.94425],[138.84657,-34.95294],[138.84467,-34.95575],[138.83912,-34.95261],[138.82102,-34.95075],[138.8202,-34.95593],[138.81436,-34.95543],[138.81034,-34.96095],[138.79621,-34.95481],[138.80565,-34.94018],[138.80216,-34.93943],[138.80764,-34.92691],[138.82083,-34.92573],[138.82206,-34.92156],[138.81295,-34.91056],[138.81189,-34.90434],[138.80733,-34.90314]]]},"properties":{"postcode":"5240","state":"SA","icsea_avg":1026,"school_count":1,"icsea_band":3}},{"type":"Feature","geometry":{"type":"Polygon","coordinates":[[[138.84067,-34.91733],[138.83864,-34.90593],[138.84048,-34.89427],[138.84211,-34.8922],[138.84716,-34.88918],[138.85713,-34.88699],[138.85864,-34.88311],[138.8706,-34.8824],[138.8754,-34.87875],[138.88407,-34.87864],[138.89493,-34.8754],[138.89908,-34.8695],[138.91406,-34.8724],[138.91414,-34.87899],[138.91086,-34.87899],[138.91121,-34.90022],[138.88986,-34.90046],[138.88592,-34.90583],[138.87973,-34.90588],[138.87976,-34.91553],[138.88914,-34.92673],[138.87972,-34.92364],[138.87615,-34.93118],[138.86289,-34.92816],[138.84292,-34.92131],[138.84067,-34.91733]]]},"properties":{"postcode":"5241","state":"SA","icsea_avg":1034,"school_count":2,"icsea_band":4}},{"type":"Feature","geometry":{"type":"Polygon","coordinates":[[[138.83074,-34.98179],[138.83658,-34.99041],[138.82983,-34.9965],[138.82572,-34.99408],[138.81966,-34.99453],[138.8249,-34.98458],[138.83074,-34.98179]]]},"properties":{"postcode":"5242","state":"SA","icsea_avg":null,"school_count":0,"icsea_band":0}},{"type":"Feature","geometry":{"type":"Polygon","coordinates":[[[138.90183,-34.99284],[138.89634,-35.00372],[138.89265,-35.00552],[138.8786,-35.00623],[138.85837,-35.00606],[138.85126,-34.99276],[138.84233,-34.99626],[138.83658,-34.99041],[138.83074,-34.98179],[138.81949,-34.96571],[138.81034,-34.96095],[138.81436,-34.95543],[138.8202,-34.95593],[138.82102,-34.95075],[138.83912,-34.95261],[138.84467,-34.95575],[138.86193,-34.96136],[138.86392,-34.96925],[138.88229,-34.97444],[138.88061,-34.97829],[138.89821,-34.98095],[138.90183,-34.99284]]]},"properties":{"postcode":"5243","state":"SA","icsea_avg":993,"school_count":1,"icsea_band":3}},{"type":"Feature","geometry":{"type":"Polygon","coordinates":[[[139.03496,-34.92869],[139.02038,-34.94883],[139.01937,-34.95262],[139.02823,-34.95688],[139.0277,-34.96302],[139.03026,-34.96661],[139.03577,-34.96876],[139.03645,-34.97353],[139.04116,-34.97667],[139.03692,-34.9841],[139.03515,-34.99089],[139.03674,-34.99527],[139.03124,-35.00184],[139.03488,-35.0117],[139.03755,-35.01343],[139.03657,-35.02454],[139.03108,-35.03332],[139.03253,-35.03746],[139.01734,-35.031],[139.01617,-35.03293],[138.99208,-35.02302],[138.99347,-35.01711],[138.98543,-35.0117],[138.99248,-35.00149],[138.99182,-34.99871],[138.97788,-34.99912],[138.97222,-34.99677],[138.96048,-34.99504],[138.9542,-34.99623],[138.94099,-34.98386],[138.93499,-34.98351],[138.92278,-34.98494],[138.91686,-34.98675],[138.9099,-34.99261],[138.90183,-34.99284],[138.89821,-34.98095],[138.88061,-34.97829],[138.88229,-34.97444],[138.86392,-34.96925],[138.86193,-34.96136],[138.84467,-34.95575],[138.84657,-34.95294],[138.84731,-34.94425],[138.84221,-34.93884],[138.839,-34.92971],[138.84067,-34.91733],[138.84292,-34.92131],[138.86289,-34.92816],[138.87615,-34.93118],[138.87972,-34.92364],[138.88914,-34.92673],[138.87976,-34.91553],[138.87973,-34.90588],[138.88592,-34.90583],[138.88986,-34.90046],[138.91121,-34.90022],[138.91086,-34.87899],[138.91414,-34.87899],[138.91406,-34.8724],[138.9278,-34.86837],[138.92953,-34.85337],[138.94197,-34.856],[138.94021,-34.8433],[138.93785,-34.83859],[138.93772,-34.83776],[138.97972,-34.84107],[138.98406,-34.8395],[138.99522,-34.84299],[138.99935,-34.84735],[139.0057,-34.8469],[139.00191,-34.85087],[139.00907,-34.86368],[139.00383,-34.86691],[138.99893,-34.87274],[138.99332,-34.87356],[138.98942,-34.879],[138.97713,-34.87837],[138.98076,-34.88297],[138.97521,-34.8949],[139.03496,-34.92869]]]},"properties":{"postcode":"5244","state":"SA","icsea_avg":1048,"school_count":3,"icsea_band":4}},{"type":"Feature","geometry":{"type":"Polygon","coordinates":[[[138.83658,-34.99041],[138.84233,-34.99626],[138.85126,-34.99276],[138.85837,-35.00606],[138.8786,-35.00623],[138.89265,-35.00552],[138.88982,-35.00808],[138.87885,-35.00915],[138.87261,-35.01513],[138.86454,-35.02693],[138.85949,-35.02924],[138.8426,-35.03218],[138.83801,-35.04042],[138.83659,-35.04787],[138.83018,-35.05084],[138.83201,-35.05556],[138.82483,-35.0698],[138.82025,-35.07029],[138.81496,-35.06245],[138.80567,-35.06244],[138.80484,-35.05724],[138.79265,-35.06248],[138.78153,-35.06196],[138.78193,-35.05529],[138.78481,-35.05386],[138.78632,-35.04609],[138.77794,-35.04027],[138.77572,-35.03578],[138.77948,-35.03023],[138.77889,-35.02695],[138.78344,-35.02355],[138.78877,-35.02474],[138.7878,-35.01889],[138.78088,-35.00896],[138.7756,-35.00632],[138.78362,-34.99981],[138.78424,-34.99334],[138.78137,-34.98952],[138.78178,-34.98375],[138.78442,-34.98224],[138.78628,-34.9704],[138.7916,-34.96195],[138.79621,-34.95481],[138.81034,-34.96095],[138.81949,-34.96571],[138.83074,-34.98179],[138.8249,-34.98458],[138.81966,-34.99453],[138.82572,-34.99408],[138.82983,-34.9965],[138.83658,-34.99041]]]},"properties":{"postcode":"5245","state":"SA","icsea_avg":1081,"school_count":3,"icsea_band":5}},{"type":"Feature","geometry":{"type":"Polygon","coordinates":[[[138.87261,-35.01513],[138.879,-35.01872],[138.87963,-35.02834],[138.88839,-35.02831],[138.88824,-35.03988],[138.89378,-35.04001],[138.89386,-35.05052],[138.89227,-35.05378],[138.87482,-35.05347],[138.86729,-35.05443],[138.8523,-35.05849],[138.8447,-35.0592],[138.83952,-35.05794],[138.83018,-35.05084],[138.83659,-35.04787],[138.83801,-35.04042],[138.8426,-35.03218],[138.85949,-35.02924],[138.86454,-35.02693],[138.87261,-35.01513]]]},"properties":{"postcode":"5250","state":"SA","icsea_avg":1036,"school_count":1,"icsea_band":4}},{"type":"Feature","geometry":{"type":"Polygon","coordinates":[[[138.83018,-35.05084],[138.83952,-35.05794],[138.8447,-35.0592],[138.8523,-35.05849],[138.86729,-35.05443],[138.87482,-35.05347],[138.89227,-35.05378],[138.91269,-35.05773],[138.92509,-35.05698],[138.93624,-35.06218],[138.93807,-35.05575],[138.94664,-35.05551],[138.96601,-35.06306],[138.962,-35.07082],[138.98757,-35.07983],[138.98062,-35.09121],[138.99234,-35.09483],[138.99786,-35.09869],[139.0003,-35.10412],[138.99583,-35.10997],[138.99955,-35.11475],[138.99387,-35.11945],[138.9953,-35.12661],[138.98894,-35.12897],[138.98088,-35.12598],[138.9719,-35.11811],[138.96678,-35.12037],[138.95548,-35.11289],[138.95029,-35.11835],[138.95068,-35.12226],[138.94176,-35.13611],[138.93314,-35.1392],[138.92929,-35.14488],[138.92347,-35.14412],[138.91751,-35.13747],[138.91277,-35.14037],[138.89981,-35.1456],[138.89205,-35.14557],[138.89239,-35.1541],[138.8949,-35.15662],[138.88741,-35.15967],[138.88803,-35.16407],[138.88306,-35.16226],[138.8835,-35.15858],[138.87588,-35.15788],[138.87912,-35.15163],[138.87202,-35.1493],[138.85244,-35.14668],[138.84536,-35.14853],[138.84876,-35.1365],[138.844,-35.13091],[138.83362,-35.12601],[138.82947,-35.12115],[138.82935,-35.11411],[138.8312,-35.10704],[138.82875,-35.1058],[138.82895,-35.0981],[138.82624,-35.09284],[138.82626,-35.08257],[138.82483,-35.0698],[138.83201,-35.05556],[138.83018,-35.05084]]]},"properties":{"postcode":"5251","state":"SA","icsea_avg":1049,"school_count":7,"icsea_band":4}},{"type":"Feature","geometry":{"type":"Polygon","coordinates":[[[138.89227,-35.05378],[138.89386,-35.05052],[138.89378,-35.04001],[138.88824,-35.03988],[138.88839,-35.02831],[138.87963,-35.02834],[138.879,-35.01872],[138.87261,-35.01513],[138.87885,-35.00915],[138.88982,-35.00808],[138.89265,-35.00552],[138.89634,-35.00372],[138.90183,-34.99284],[138.9099,-34.99261],[138.91686,-34.98675],[138.92278,-34.98494],[138.93499,-34.98351],[138.94099,-34.98386],[138.9542,-34.99623],[138.96048,-34.99504],[138.97222,-34.99677],[138.97788,-34.99912],[138.99182,-34.99871],[138.99248,-35.00149],[138.98543,-35.0117],[138.99347,-35.01711],[138.99208,-35.02302],[139.01617,-35.03293],[139.01734,-35.031],[139.03253,-35.03746],[139.03289,-35.04278],[139.02951,-35.04861],[139.03154,-35.05176],[139.02908,-35.0604],[139.03146,-35.06685],[139.03439,-35.06883],[139.03197,-35.07398],[139.03597,-35.07769],[139.035,-35.08255],[139.03919,-35.08942],[139.03774,-35.09617],[139.04385,-35.10869],[139.04258,-35.11509],[139.03563,-35.1139],[139.0369,-35.12081],[139.03314,-35.12953],[139.03012,-35.13057],[139.02742,-35.13878],[139.01044,-35.13261],[139.00377,-35.13106],[139.00306,-35.12811],[138.9953,-35.12661],[138.99387,-35.11945],[138.99955,-35.11475],[138.99583,-35.10997],[139.0003,-35.10412],[138.99786,-35.09869],[138.99234,-35.09483],[138.98062,-35.09121],[138.98757,-35.07983],[138.962,-35.07082],[138.96601,-35.06306],[138.94664,-35.05551],[138.93807,-35.05575],[138.93624,-35.06218],[138.92509,-35.05698],[138.91269,-35.05773],[138.89227,-35.05378]]]},"properties":{"postcode":"5252","state":"SA","icsea_avg":1009,"school_count":1,"icsea_band":3}},{"type":"Feature","geometry":{"type":"Polygon","coordinates":[[[139.15078,-35.37466],[139.14361,-35.37629],[139.13778,-35.37421],[139.13325,-35.377],[139.10337,-35.38259],[139.09708,-35.38697],[139.08107,-35.38897],[139.07748,-35.39072],[139.058,-35.38965],[139.04518,-35.39028],[139.0384,-35.38937],[139.01966,-35.39236],[139.01318,-35.397],[139.01494,-35.36993],[139.01194,-35.36605],[138.98114,-35.36489],[138.98142,-35.35934],[138.9649,-35.3593],[138.96518,-35.35462],[138.95272,-35.35467],[138.95271,-35.35129],[138.93547,-35.3513],[138.933,-35.34636],[138.92187,-35.39053],[138.90819,-35.38822],[138.89868,-35.43068],[138.88538,-35.43489],[138.87019,-35.43774],[138.86076,-35.43705],[138.84896,-35.43143],[138.84682,-35.42911],[138.83495,-35.42748],[138.83441,-35.42155],[138.83008,-35.41914],[138.83019,-35.41258],[138.826,-35.40863],[138.82056,-35.40725],[138.82062,-35.40307],[138.81422,-35.40304],[138.8015,-35.39902],[138.79647,-35.40451],[138.78806,-35.40485],[138.76995,-35.39481],[138.76494,-35.39584],[138.76388,-35.40008],[138.75821,-35.40435],[138.74703,-35.40271],[138.74483,-35.41039],[138.7394,-35.40713],[138.73394,-35.40149],[138.72847,-35.40066],[138.72853,-35.40851],[138.7236,-35.42049],[138.70984,-35.4184],[138.70762,-35.42874],[138.69929,-35.43513],[138.70013,-35.44181],[138.69469,-35.44448],[138.69942,-35.45016],[138.69595,-35.45221],[138.6936,-35.46251],[138.66852,-35.45879],[138.66529,-35.47391],[138.66342,-35.47359],[138.66195,-35.47198],[138.65206,-35.47319],[138.64478,-35.471],[138.64914,-35.46758],[138.64964,-35.46189],[138.64525,-35.45992],[138.63586,-35.45156],[138.62963,-35.44873],[138.62923,-35.44554],[138.62433,-35.44144],[138.61155,-35.43918],[138.61023,-35.43454],[138.6054,-35.42879],[138.61276,-35.42287],[138.60962,-35.41692],[138.60877,-35.40944],[138.59984,-35.39811],[138.59989,-35.39483],[138.61119,-35.38953],[138.61742,-35.39322],[138.61966,-35.39155],[138.62976,-35.39785],[138.63862,-35.39655],[138.64413,-35.39125],[138.64388,-35.38347],[138.6462,-35.38101],[138.64784,-35.37158],[138.64787,-35.36146],[138.72809,-35.36155],[138.72742,-35.35614],[138.73046,-35.35095],[138.73518,-35.35026],[138.74017,-35.35674],[138.7454,-35.35521],[138.74568,-35.36411],[138.74804,-35.3692],[138.76733,-35.36888],[138.76705,-35.34712],[138.76617,-35.33935],[138.77325,-35.33166],[138.77354,-35.3279],[138.78819,-35.32892],[138.801,-35.32232],[138.79852,-35.31751],[138.80428,-35.31615],[138.81577,-35.3046],[138.81146,-35.30058],[138.8116,-35.2927],[138.8042,-35.28132],[138.815,-35.2794],[138.82306,-35.27515],[138.82877,-35.27394],[138.83338,-35.27628],[138.83926,-35.27534],[138.84476,-35.27221],[138.84805,-35.26736],[138.85272,-35.266],[138.8662,-35.26693],[138.8754,-35.26351],[138.87251,-35.25701],[138.88435,-35.25164],[138.87823,-35.24326],[138.87038,-35.24152],[138.86429,-35.2359],[138.86341,-35.23217],[138.85787,-35.23022],[138.8492,-35.22949],[138.84566,-35.22694],[138.84245,-35.21608],[138.84013,-35.21456],[138.84116,-35.2084],[138.82699,-35.20799],[138.82872,-35.20559],[138.83373,-35.19535],[138.85666,-35.19642],[138.85826,-35.18455],[138.87405,-35.18563],[138.87735,-35.18377],[138.88367,-35.17011],[138.88803,-35.16407],[138.88741,-35.15967],[138.8949,-35.15662],[138.89239,-35.1541],[138.89205,-35.14557],[138.89981,-35.1456],[138.91277,-35.14037],[138.91751,-35.13747],[138.92347,-35.14412],[138.92929,-35.14488],[138.93314,-35.1392],[138.94176,-35.13611],[138.95068,-35.12226],[138.95029,-35.11835],[138.95548,-35.11289],[138.96678,-35.12037],[138.9719,-35.11811],[138.98088,-35.12598],[138.98894,-35.12897],[138.9953,-35.12661],[139.00306,-35.12811],[139.00377,-35.13106],[139.01044,-35.13261],[139.02742,-35.13878],[139.06669,-35.16594],[139.06644,-35.21486],[139.08607,-35.21663],[139.09062,-35.21893],[139.10762,-35.23237],[139.15558,-35.25265],[139.15831,-35.25349],[139.15078,-35.37466]]]},"properties":{"postcode":"5255","state":"SA","icsea_avg":997,"school_count":2,"icsea_band":3}},{"type":"Feature","geometry":{"type":"Polygon","coordinates":[[[139.15078,-35.37466],[139.14471,-35.4717],[139.04673,-35.50095],[139.03377,-35.51312],[139.02975,-35.51405],[139.02152,-35.51224],[139.01749,-35.51492],[139.00692,-35.51277],[138.99168,-35.51589],[138.9864,-35.52012],[138.98103,-35.51826],[138.97596,-35.52222],[138.9621,-35.51547],[138.94426,-35.51315],[138.92881,-35.50524],[138.91979,-35.49785],[138.90964,-35.49716],[138.90375,-35.49314],[138.88567,-35.47576],[138.88275,-35.46773],[138.87116,-35.46589],[138.86821,-35.46247],[138.8658,-35.45507],[138.8681,-35.45005],[138.86648,-35.44506],[138.86076,-35.43705],[138.87019,-35.43774],[138.88538,-35.43489],[138.89868,-35.43068],[138.90819,-35.38822],[138.92187,-35.39053],[138.933,-35.34636],[138.93547,-35.3513],[138.95271,-35.35129],[138.95272,-35.35467],[138.96518,-35.35462],[138.9649,-35.3593],[138.98142,-35.35934],[138.98114,-35.36489],[139.01194,-35.36605],[139.01494,-35.36993],[139.01318,-35.397],[139.01966,-35.39236],[139.0384,-35.38937],[139.04518,-35.39028],[139.058,-35.38965],[139.07748,-35.39072],[139.08107,-35.38897],[139.09708,-35.38697],[139.10337,-35.38259],[139.13325,-35.377],[139.13778,-35.37421],[139.14361,-35.37629],[139.15078,-35.37466]]]},"properties":{"postcode":"5256","state":"SA","icsea_avg":null,"school_count":0,"icsea_band":0}},{"type":"Feature","geometry":{"type":"Polygon","coordinates":[[[138.86164,-34.55047],[138.86173,-34.55065],[138.85733,-34.56093],[138.85371,-34.56296],[138.8538,-34.56813],[138.85815,-34.57207],[138.85037,-34.57293],[138.85556,-34.60403],[138.86193,-34.60398],[138.86394,-34.61599],[138.85844,-34.62148],[138.84198,-34.61535],[138.82942,-34.61666],[138.82142,-34.61317],[138.81503,-34.61387],[138.80167,-34.60962],[138.80044,-34.60191],[138.81542,-34.60087],[138.81857,-34.59534],[138.82479,-34.59096],[138.82441,-34.58233],[138.82123,-34.56382],[138.83228,-34.56439],[138.83168,-34.5551],[138.83579,-34.55608],[138.8401,-34.55295],[138.84919,-34.55547],[138.86164,-34.55047]]]},"properties":{"postcode":"5350","state":"SA","icsea_avg":null,"school_count":0,"icsea_band":0}},{"type":"Feature","geometry":{"type":"Polygon","coordinates":[[[138.98928,-34.57828],[138.99546,-34.58036],[138.99562,-34.58954],[138.99876,-34.60409],[139.00141,-34.60605],[139.00314,-34.61443],[139.00248,-34.62522],[139.00514,-34.62586],[139.00445,-34.63552],[138.99834,-34.63799],[138.99449,-34.64511],[138.99145,-34.64686],[138.99704,-34.65281],[139.00017,-34.66005],[139.00825,-34.6569],[139.00171,-34.67178],[139.01357,-34.67537],[139.02669,-34.68175],[139.03447,-34.68074],[139.0437,-34.68432],[139.03965,-34.69322],[139.04601,-34.6939],[139.04747,-34.69864],[139.05315,-34.70799],[139.05054,-34.71136],[139.03032,-34.73014],[139.03483,-34.73241],[139.03567,-34.73813],[139.02968,-34.74934],[139.02019,-34.74713],[139.01459,-34.74362],[138.99799,-34.75349],[139.00648,-34.76196],[138.99294,-34.7622],[138.98988,-34.76985],[138.97695,-34.77143],[138.97246,-34.77341],[138.96179,-34.77264],[138.95183,-34.77458],[138.9481,-34.77313],[138.94856,-34.7654],[138.9419,-34.76347],[138.94067,-34.76082],[138.93434,-34.75947],[138.92803,-34.75563],[138.92924,-34.75271],[138.91896,-34.74593],[138.92685,-34.74377],[138.92664,-34.73471],[138.91746,-34.73471],[138.91748,-34.72558],[138.91007,-34.71124],[138.90941,-34.70828],[138.89633,-34.70748],[138.88793,-34.70058],[138.86752,-34.70151],[138.86369,-34.70397],[138.85988,-34.7029],[138.86194,-34.69491],[138.85492,-34.69173],[138.85131,-34.68522],[138.84769,-34.68443],[138.84109,-34.67934],[138.84202,-34.67411],[138.83671,-34.67343],[138.82896,-34.66834],[138.82597,-34.67096],[138.80266,-34.66363],[138.7991,-34.66549],[138.79029,-34.66112],[138.78663,-34.65516],[138.79577,-34.65384],[138.80973,-34.64944],[138.81611,-34.63904],[138.80167,-34.60962],[138.81503,-34.61387],[138.82142,-34.61317],[138.82942,-34.61666],[138.84198,-34.61535],[138.85844,-34.62148],[138.86394,-34.61599],[138.86193,-34.60398],[138.85556,-34.60403],[138.85037,-34.57293],[138.85815,-34.57207],[138.8538,-34.56813],[138.85371,-34.56296],[138.85733,-34.56093],[138.86173,-34.55065],[138.86648,-34.55373],[138.86866,-34.56007],[138.86872,-34.56698],[138.87372,-34.57386],[138.8823,-34.57311],[138.89035,-34.56935],[138.897,-34.56807],[138.90219,-34.57239],[138.91599,-34.58005],[138.91517,-34.58417],[138.92477,-34.58317],[138.9248,-34.57902],[138.92876,-34.56418],[138.93706,-34.56224],[138.93964,-34.56466],[138.9552,-34.57337],[138.95781,-34.57307],[138.96182,-34.58083],[138.97267,-34.581],[138.98458,-34.57629],[138.98928,-34.57828]]]},"properties":{"postcode":"5351","state":"SA","icsea_avg":1008,"school_count":4,"icsea_band":3}},{"type":"Feature","geometry":{"type":"Polygon","coordinates":[[[138.86173,-34.55065],[138.86164,-34.55047],[138.87812,-34.51296],[138.88453,-34.51308],[138.90258,-34.51837],[138.90856,-34.51816],[138.92344,-34.51136],[138.93276,-34.51049],[138.93488,-34.50551],[138.94149,-34.50524],[138.9492,-34.48763],[138.96701,-34.49263],[139.01474,-34.50686],[139.00832,-34.52162],[139.01427,-34.52336],[138.98928,-34.57828],[138.98458,-34.57629],[138.97267,-34.581],[138.96182,-34.58083],[138.95781,-34.57307],[138.9552,-34.57337],[138.93964,-34.56466],[138.93706,-34.56224],[138.92876,-34.56418],[138.9248,-34.57902],[138.92477,-34.58317],[138.91517,-34.58417],[138.91599,-34.58005],[138.90219,-34.57239],[138.897,-34.56807],[138.89035,-34.56935],[138.8823,-34.57311],[138.87372,-34.57386],[138.86872,-34.56698],[138.86866,-34.56007],[138.86648,-34.55373],[138.86173,-34.55065]]]},"properties":{"postcode":"5352","state":"SA","icsea_avg":1040,"school_count":2,"icsea_band":4}},{"type":"Feature","geometry":{"type":"Polygon","coordinates":[[[139.10127,-34.41169],[139.07958,-34.42001],[139.06826,-34.42233],[139.09529,-34.43053],[139.08858,-34.44542],[139.09029,-34.44594],[139.0846,-34.45867],[139.07638,-34.4569],[139.07101,-34.45887],[139.05982,-34.45892],[139.05004,-34.45655],[139.03954,-34.48069],[139.03352,-34.47902],[139.02938,-34.4885],[139.01729,-34.48536],[139.0109,-34.50015],[139.01685,-34.5019],[139.01474,-34.50686],[138.96701,-34.49263],[138.9492,-34.48763],[138.94149,-34.50524],[138.93488,-34.50551],[138.93276,-34.51049],[138.92344,-34.51136],[138.90856,-34.51816],[138.90258,-34.51837],[138.88453,-34.51308],[138.87812,-34.51296],[138.87097,-34.51388],[138.8811,-34.48985],[138.87193,-34.48734],[138.86898,-34.4894],[138.86071,-34.48134],[138.86551,-34.47797],[138.85228,-34.46502],[138.86013,-34.4549],[138.87065,-34.458],[138.88276,-34.45983],[138.88763,-34.45817],[138.90593,-34.46358],[138.91017,-34.45374],[138.9197,-34.45656],[138.9214,-34.46395],[138.9323,-34.45896],[138.93678,-34.45038],[138.94598,-34.45299],[138.95038,-34.44266],[138.96087,-34.44591],[138.98992,-34.40623],[138.97919,-34.40084],[138.96544,-34.40487],[138.96162,-34.3948],[138.96179,-34.38464],[138.97367,-34.36929],[138.97736,-34.37126],[138.98427,-34.36248],[138.97894,-34.35963],[138.99409,-34.3398],[138.99408,-34.33334],[138.9994,-34.32662],[139.02354,-34.33893],[139.03438,-34.34375],[139.04222,-34.34552],[139.05016,-34.34255],[139.0551,-34.33611],[139.06208,-34.33904],[139.0751,-34.33532],[139.07843,-34.32717],[139.07341,-34.3187],[139.08041,-34.31081],[139.12739,-34.31502],[139.12228,-34.31814],[139.11322,-34.31996],[139.10504,-34.33003],[139.10437,-34.3344],[139.10742,-34.33714],[139.11041,-34.34818],[139.11678,-34.35173],[139.11278,-34.36188],[139.11513,-34.36441],[139.11225,-34.3789],[139.09834,-34.38552],[139.09838,-34.393],[139.09376,-34.40101],[139.09998,-34.40401],[139.09887,-34.40971],[139.10127,-34.41169]]]},"properties":{"postcode":"5355","state":"SA","icsea_avg":985,"school_count":4,"icsea_band":2}},{"type":"Feature","geometry":{"type":"Polygon","coordinates":[[[138.86013,-34.4549],[138.87079,-34.44212],[138.87729,-34.43832],[138.88032,-34.43416],[138.89486,-34.43029],[138.88099,-34.42296],[138.87958,-34.42479],[138.8615,-34.41499],[138.86553,-34.41208],[138.86979,-34.40472],[138.87538,-34.40096],[138.87125,-34.39379],[138.87325,-34.3891],[138.88193,-34.3873],[138.88706,-34.38051],[138.88553,-34.37358],[138.88926,-34.37126],[138.89614,-34.36857],[138.96544,-34.40487],[138.97919,-34.40084],[138.98992,-34.40623],[138.96087,-34.44591],[138.95038,-34.44266],[138.94598,-34.45299],[138.93678,-34.45038],[138.9323,-34.45896],[138.9214,-34.46395],[138.9197,-34.45656],[138.91017,-34.45374],[138.90593,-34.46358],[138.88763,-34.45817],[138.88276,-34.45983],[138.87065,-34.458],[138.86013,-34.4549]]]},"properties":{"postcode":"5360","state":"SA","icsea_avg":990,"school_count":1,"icsea_band":2}},{"type":"Feature","geometry":{"type":"Polygon","coordinates":[[[138.82123,-34.56382],[138.81942,-34.56077],[138.81349,-34.56268],[138.81289,-34.55785],[138.8072,-34.56033],[138.80421,-34.55138],[138.79859,-34.55101],[138.79236,-34.55742],[138.79009,-34.56292],[138.77587,-34.56006],[138.77282,-34.56087],[138.77036,-34.56727],[138.76175,-34.57175],[138.74605,-34.56809],[138.74759,-34.55826],[138.72355,-34.55594],[138.7219,-34.56681],[138.67318,-34.56203],[138.65522,-34.55214],[138.66094,-34.54615],[138.66228,-34.53342],[138.68109,-34.53485],[138.68575,-34.53294],[138.69133,-34.53353],[138.68967,-34.5145],[138.71018,-34.51632],[138.71165,-34.50602],[138.75286,-34.51007],[138.75152,-34.50023],[138.76668,-34.50227],[138.76648,-34.50417],[138.78424,-34.50456],[138.79031,-34.50375],[138.7982,-34.51129],[138.81857,-34.49706],[138.81039,-34.48901],[138.83943,-34.46872],[138.85584,-34.48474],[138.86071,-34.48134],[138.86898,-34.4894],[138.87193,-34.48734],[138.8811,-34.48985],[138.87097,-34.51388],[138.87812,-34.51296],[138.86164,-34.55047],[138.84919,-34.55547],[138.8401,-34.55295],[138.83579,-34.55608],[138.83168,-34.5551],[138.83228,-34.56439],[138.82123,-34.56382]]]},"properties":{"postcode":"5371","state":"SA","icsea_avg":1017,"school_count":2,"icsea_band":3}},{"type":"Feature","geometry":{"type":"Polygon","coordinates":[[[138.77946,-34.29839],[138.83702,-34.3006],[138.84042,-34.31099],[138.8464,-34.32409],[138.85379,-34.33691],[138.8693,-34.35876],[138.86807,-34.3604],[138.88926,-34.37126],[138.88553,-34.37358],[138.88706,-34.38051],[138.88193,-34.3873],[138.87325,-34.3891],[138.87125,-34.39379],[138.87538,-34.40096],[138.86979,-34.40472],[138.86553,-34.41208],[138.8615,-34.41499],[138.87958,-34.42479],[138.88099,-34.42296],[138.89486,-34.43029],[138.88032,-34.43416],[138.87729,-34.43832],[138.87079,-34.44212],[138.86013,-34.4549],[138.85228,-34.46502],[138.86551,-34.47797],[138.86071,-34.48134],[138.85584,-34.48474],[138.83943,-34.46872],[138.81039,-34.48901],[138.81857,-34.49706],[138.7982,-34.51129],[138.79031,-34.50375],[138.78424,-34.50456],[138.76648,-34.50417],[138.76668,-34.50227],[138.77096,-34.46329],[138.77243,-34.45815],[138.78217,-34.4537],[138.74764,-34.4347],[138.74302,-34.43693],[138.73747,-34.39415],[138.71829,-34.39227],[138.72155,-34.36925],[138.72848,-34.36903],[138.74012,-34.36688],[138.73836,-34.3621],[138.74652,-34.36337],[138.74752,-34.36606],[138.76139,-34.36522],[138.76441,-34.35913],[138.7723,-34.35389],[138.78074,-34.34409],[138.78466,-34.34144],[138.78739,-34.32952],[138.78648,-34.31797],[138.77946,-34.29839]]]},"properties":{"postcode":"5372","state":"SA","icsea_avg":990,"school_count":1,"icsea_band":2}},{"type":"Feature","geometry":{"type":"Polygon","coordinates":[[[138.63044,-34.38906],[138.63115,-34.38373],[138.64313,-34.37826],[138.64728,-34.37988],[138.65716,-34.37603],[138.65615,-34.37308],[138.6622,-34.36807],[138.66784,-34.36108],[138.67882,-34.36256],[138.68494,-34.36583],[138.69499,-34.3611],[138.70073,-34.36158],[138.70473,-34.35847],[138.71795,-34.36091],[138.72155,-34.36925],[138.71829,-34.39227],[138.73747,-34.39415],[138.74302,-34.43693],[138.74764,-34.4347],[138.78217,-34.4537],[138.77243,-34.45815],[138.77096,-34.46329],[138.76668,-34.50227],[138.75152,-34.50023],[138.75286,-34.51007],[138.71165,-34.50602],[138.71018,-34.51632],[138.68967,-34.5145],[138.69133,-34.53353],[138.68575,-34.53294],[138.68109,-34.53485],[138.66228,-34.53342],[138.66094,-34.54615],[138.65522,-34.55214],[138.62988,-34.55309],[138.62978,-34.47482],[138.56775,-34.44903],[138.56854,-34.44293],[138.56655,-34.43938],[138.57163,-34.43461],[138.56363,-34.4209],[138.56641,-34.419],[138.56205,-34.41222],[138.57095,-34.40638],[138.5774,-34.39945],[138.58812,-34.40227],[138.59164,-34.39761],[138.5955,-34.39762],[138.60107,-34.39023],[138.6129,-34.3889],[138.61983,-34.39359],[138.62618,-34.39323],[138.63044,-34.38906]]]},"properties":{"postcode":"5400","state":"SA","icsea_avg":1022,"school_count":1,"icsea_band":3}},{"type":"Feature","geometry":{"type":"Polygon","coordinates":[[[138.23085,-34.3444],[138.28402,-34.34438],[138.30421,-34.34636],[138.3857,-34.34528],[138.43654,-34.3449],[138.43671,-34.48743],[138.46098,-34.48742],[138.46096,-34.49997],[138.47737,-34.49579],[138.47773,-34.51936],[138.47382,-34.51903],[138.47014,-34.52332],[138.46281,-34.52651],[138.4594,-34.53115],[138.46496,-34.53428],[138.46635,-34.55738],[138.48463,-34.57315],[138.5279,-34.57157],[138.53225,-34.56988],[138.53888,-34.57114],[138.56497,-34.57009],[138.56739,-34.58138],[138.62991,-34.57956],[138.62926,-34.59543],[138.6302,-34.62874],[138.62577,-34.62738],[138.62184,-34.63075],[138.61592,-34.63305],[138.59663,-34.6354],[138.59052,-34.639],[138.58212,-34.63908],[138.57613,-34.63603],[138.56894,-34.63526],[138.55849,-34.63876],[138.54908,-34.63535],[138.54087,-34.63979],[138.5379,-34.63528],[138.53142,-34.63945],[138.52435,-34.63667],[138.5187,-34.63959],[138.51133,-34.64099],[138.50762,-34.64433],[138.49985,-34.64728],[138.49197,-34.64742],[138.48869,-34.6584],[138.47405,-34.66366],[138.46677,-34.672],[138.45146,-34.67611],[138.44465,-34.67049],[138.43981,-34.66949],[138.43871,-34.66971],[138.43632,-34.67202],[138.43057,-34.66815],[138.42995,-34.66407],[138.43624,-34.65389],[138.44514,-34.65474],[138.44224,-34.64599],[138.43221,-34.63011],[138.42612,-34.62219],[138.42237,-34.6201],[138.41794,-34.6221],[138.41285,-34.61559],[138.4127,-34.60799],[138.40615,-34.59916],[138.39395,-34.59692],[138.38993,-34.5928],[138.37959,-34.58567],[138.37422,-34.58501],[138.36868,-34.5794],[138.36431,-34.57815],[138.36214,-34.57048],[138.35252,-34.56314],[138.34952,-34.55753],[138.35006,-34.55333],[138.3466,-34.54359],[138.3417,-34.53348],[138.33204,-34.52024],[138.3276,-34.5167],[138.31478,-34.51184],[138.30424,-34.50567],[138.29785,-34.49824],[138.29159,-34.49286],[138.27056,-34.48183],[138.26371,-34.4737],[138.2601,-34.46147],[138.26151,-34.45447],[138.25799,-34.43365],[138.24927,-34.41279],[138.24746,-34.40231],[138.24019,-34.38574],[138.22768,-34.37028],[138.22522,-34.36591],[138.23061,-34.34791],[138.23085,-34.3444]]]},"properties":{"postcode":"5501","state":"SA","icsea_avg":932,"school_count":1,"icsea_band":1}},{"type":"Feature","geometry":{"type":"Polygon","coordinates":[[[138.43654,-34.3449],[138.53799,-34.34491],[138.61162,-34.34488],[138.62946,-34.38871],[138.63044,-34.38906],[138.62618,-34.39323],[138.61983,-34.39359],[138.6129,-34.3889],[138.60107,-34.39023],[138.5955,-34.39762],[138.59164,-34.39761],[138.58812,-34.40227],[138.5774,-34.39945],[138.57095,-34.40638],[138.56205,-34.41222],[138.56641,-34.419],[138.56363,-34.4209],[138.57163,-34.43461],[138.56655,-34.43938],[138.56854,-34.44293],[138.56775,-34.44903],[138.62978,-34.47482],[138.62988,-34.55309],[138.62991,-34.57956],[138.56739,-34.58138],[138.56497,-34.57009],[138.53888,-34.57114],[138.53225,-34.56988],[138.5279,-34.57157],[138.48463,-34.57315],[138.46635,-34.55738],[138.46496,-34.53428],[138.4594,-34.53115],[138.46281,-34.52651],[138.47014,-34.52332],[138.47382,-34.51903],[138.47773,-34.51936],[138.47737,-34.49579],[138.46096,-34.49997],[138.46098,-34.48742],[138.43671,-34.48743],[138.43654,-34.3449]]]},"properties":{"postcode":"5502","state":"SA","icsea_avg":982,"school_count":1,"icsea_band":2}},{"type":"Feature","geometry":{"type":"Polygon","coordinates":[[[138.54877,-34.94322],[138.54912,-34.94836],[138.54367,-34.94926],[138.54299,-34.95486],[138.53648,-34.95802],[138.52754,-34.95849],[138.52334,-34.96107],[138.51586,-34.9609],[138.51402,-34.95856],[138.51831,-34.95238],[138.51726,-34.93436],[138.54365,-34.93249],[138.5475,-34.93593],[138.54877,-34.94322]]]},"properties":{"postcode":"5950","state":"SA","icsea_avg":null,"school_count":0,"icsea_band":0}},{"type":"Feature","geometry":{"type":"MultiPolygon","coordinates":[[[[138.51429,-34.76006],[138.51813,-34.75687],[138.52141,-34.75976],[138.52883,-34.77299],[138.54113,-34.78714],[138.54622,-34.7983],[138.54255,-34.80033],[138.52928,-34.80192],[138.5237,-34.80902],[138.51821,-34.80499],[138.51641,-34.79958],[138.51876,-34.78143],[138.5225,-34.76967],[138.51713,-34.76154],[138.51429,-34.76006]]],[[[138.5243,-34.81008],[138.53117,-34.80338],[138.53772,-34.80141],[138.5438,-34.80675],[138.53676,-34.81206],[138.5243,-34.81008]]]]},"properties":{"postcode":"5960","state":"SA","icsea_avg":null,"school_count":0,"icsea_band":0}},{"type":"Feature","geometry":{"type":"Polygon","coordinates":[[[130.85017,-12.45301],[130.84974,-12.45547],[130.85192,-12.47053],[130.8443,-12.47371],[130.8418,-12.46726],[130.83331,-12.46061],[130.83336,-12.45684],[130.83767,-12.45245],[130.85017,-12.45301]]]},"properties":{"postcode":"0800","state":"NT","icsea_avg":1076,"school_count":1,"icsea_band":6}},{"type":"Feature","geometry":{"type":"Polygon","coordinates":[[[130.84584,-12.4026],[130.84873,-12.39055],[130.84339,-12.38676],[130.84113,-12.3807],[130.84608,-12.37901],[130.85293,-12.37397],[130.86063,-12.37569],[130.86378,-12.36695],[130.86768,-12.36185],[130.87054,-12.35541],[130.88293,-12.34285],[130.88821,-12.34047],[130.8944,-12.33119],[130.90521,-12.33467],[130.9043,-12.3374],[130.90602,-12.34439],[130.9042,-12.35102],[130.90076,-12.35104],[130.90081,-12.36559],[130.89231,-12.3657],[130.89021,-12.38043],[130.88401,-12.39095],[130.8832,-12.39526],[130.87154,-12.39532],[130.86277,-12.39544],[130.85606,-12.39824],[130.8561,-12.40264],[130.84584,-12.4026]]]},"properties":{"postcode":"0810","state":"NT","icsea_avg":995,"school_count":16,"icsea_band":4}},{"type":"Feature","geometry":{"type":"Polygon","coordinates":[[[130.90521,-12.33467],[130.91177,-12.33817],[130.92408,-12.34277],[130.93688,-12.343],[130.93701,-12.36551],[130.93849,-12.36551],[130.93819,-12.40233],[130.93821,-12.4096],[130.92342,-12.40965],[130.91914,-12.40788],[130.91832,-12.41277],[130.90841,-12.40479],[130.9084,-12.40252],[130.87735,-12.40262],[130.87154,-12.39532],[130.8832,-12.39526],[130.88401,-12.39095],[130.89021,-12.38043],[130.89231,-12.3657],[130.90081,-12.36559],[130.90076,-12.35104],[130.9042,-12.35102],[130.90602,-12.34439],[130.9043,-12.3374],[130.90521,-12.33467]]]},"properties":{"postcode":"0812","state":"NT","icsea_avg":904,"school_count":12,"icsea_band":1}},{"type":"Feature","geometry":{"type":"Polygon","coordinates":[[[130.84584,-12.4026],[130.8561,-12.40264],[130.85606,-12.39824],[130.86277,-12.39544],[130.87154,-12.39532],[130.87735,-12.40262],[130.9084,-12.40252],[130.90841,-12.40479],[130.90848,-12.42436],[130.90735,-12.42755],[130.91772,-12.43137],[130.91458,-12.43946],[130.91102,-12.44005],[130.9039,-12.43932],[130.89505,-12.43355],[130.88935,-12.43233],[130.86388,-12.43245],[130.86385,-12.43902],[130.86625,-12.4403],[130.86461,-12.44286],[130.85404,-12.44169],[130.85005,-12.43884],[130.84924,-12.44542],[130.85274,-12.44842],[130.85017,-12.45301],[130.83767,-12.45245],[130.83336,-12.45684],[130.83331,-12.46061],[130.81868,-12.4601],[130.81686,-12.45434],[130.82331,-12.44755],[130.82754,-12.44952],[130.83231,-12.442],[130.83164,-12.43895],[130.83556,-12.42672],[130.82822,-12.41163],[130.81892,-12.41402],[130.81638,-12.40792],[130.81844,-12.4052],[130.82867,-12.40609],[130.83824,-12.41149],[130.83971,-12.40788],[130.84584,-12.4026]]]},"properties":{"postcode":"0820","state":"NT","icsea_avg":1000,"school_count":9,"icsea_band":5}},{"type":"Feature","geometry":{"type":"Polygon","coordinates":[[[130.91102,-12.44005],[130.91458,-12.43946],[130.91772,-12.43137],[130.90735,-12.42755],[130.90848,-12.42436],[130.90841,-12.40479],[130.91832,-12.41277],[130.91914,-12.40788],[130.92342,-12.40965],[130.93821,-12.4096],[130.93819,-12.40233],[130.95316,-12.4023],[130.95318,-12.41134],[130.95777,-12.40956],[130.96797,-12.40951],[130.96805,-12.42396],[130.96816,-12.44625],[130.95461,-12.44631],[130.95317,-12.44522],[130.94625,-12.45614],[130.94642,-12.45371],[130.9236,-12.45383],[130.92344,-12.44655],[130.91808,-12.44659],[130.91102,-12.44005]]]},"properties":{"postcode":"0828","state":"NT","icsea_avg":1069,"school_count":3,"icsea_band":5}},{"type":"Feature","geometry":{"type":"Polygon","coordinates":[[[130.96233,-12.4681],[130.95938,-12.46488],[130.94625,-12.45614],[130.95317,-12.44522],[130.95461,-12.44631],[130.96816,-12.44625],[130.96805,-12.42396],[131.01276,-12.42381],[131.01284,-12.43137],[131.0446,-12.43131],[131.04464,-12.43568],[131.0515,-12.44299],[131.0515,-12.45417],[131.03669,-12.46691],[131.02151,-12.46691],[131.01294,-12.46891],[131.01305,-12.48695],[131.00676,-12.4819],[130.99811,-12.47308],[130.99031,-12.46805],[130.97734,-12.46802],[130.97331,-12.46529],[130.96613,-12.46449],[130.96233,-12.4681]]]},"properties":{"postcode":"0829","state":"NT","icsea_avg":null,"school_count":0,"icsea_band":0}},{"type":"Feature","geometry":{"type":"MultiPolygon","coordinates":[[[[131.24818,-12.22231],[131.25629,-12.23201],[131.26901,-12.23734],[131.27377,-12.24235],[131.27626,-12.24789],[131.27975,-12.26746],[131.28091,-12.28051],[131.28515,-12.28946],[131.29177,-12.29421],[131.29408,-12.29766],[131.29341,-12.30295],[131.28974,-12.30949],[131.28085,-12.31774],[131.27345,-12.32652],[131.27137,-12.33294],[131.27296,-12.3358],[131.28056,-12.34141],[131.28041,-12.35059],[131.28151,-12.35445],[131.29009,-12.36375],[131.29425,-12.37217],[131.3039,-12.37744],[131.31181,-12.38451],[131.31788,-12.37973],[131.32414,-12.37909],[131.32636,-12.38164],[131.32766,-12.38833],[131.32414,-12.39355],[131.31873,-12.39502],[131.3122,-12.39387],[131.30789,-12.39541],[131.30803,-12.40215],[131.31475,-12.4054],[131.31638,-12.41107],[131.31279,-12.41477],[131.30633,-12.41368],[131.30105,-12.41725],[131.30131,-12.42426],[131.30418,-12.42566],[131.31129,-12.42407],[131.3167,-12.42566],[131.31892,-12.42961],[131.31931,-12.43827],[131.32306,-12.4408],[131.32923,-12.43337],[131.33203,-12.43248],[131.3381,-12.43483],[131.34188,-12.43955],[131.33986,-12.44566],[131.33125,-12.44343],[131.32522,-12.44547],[131.32329,-12.45343],[131.32734,-12.45656],[131.33334,-12.45509],[131.3362,-12.44993],[131.34155,-12.4491],[131.34266,-12.45305],[131.33784,-12.45713],[131.33738,-12.46165],[131.34129,-12.4642],[131.34677,-12.46152],[131.35186,-12.46197],[131.35447,-12.46471],[131.35303,-12.46911],[131.34612,-12.47184],[131.34397,-12.47892],[131.34723,-12.48255],[131.35094,-12.48121],[131.35466,-12.47618],[131.35818,-12.47471],[131.36686,-12.47503],[131.36986,-12.47802],[131.36842,-12.48121],[131.36386,-12.48293],[131.36171,-12.48694],[131.36614,-12.49197],[131.37325,-12.48917],[131.37834,-12.49108],[131.38114,-12.49529],[131.38062,-12.49956],[131.37605,-12.50459],[131.37671,-12.50905],[131.3801,-12.51217],[131.38544,-12.51115],[131.39177,-12.50663],[131.39477,-12.51185],[131.39092,-12.51669],[131.38988,-12.52313],[131.39555,-12.52841],[131.39673,-12.53211],[131.3951,-12.54051],[131.39268,-12.54459],[131.38453,-12.5451],[131.3792,-12.54759],[131.35006,-12.54527],[131.34509,-12.54849],[131.33009,-12.54883],[131.32275,-12.55012],[131.30429,-12.53792],[131.29167,-12.55635],[131.28139,-12.54959],[131.2775,-12.53221],[131.28576,-12.52753],[131.2756,-12.5125],[131.26071,-12.50732],[131.2529,-12.51598],[131.24961,-12.52784],[131.2503,-12.54192],[131.24284,-12.55279],[131.2168,-12.52544],[131.21495,-12.51614],[131.21905,-12.51511],[131.22042,-12.51093],[131.21358,-12.50585],[131.21353,-12.47306],[131.20163,-12.4741],[131.17817,-12.48984],[131.17817,-12.49642],[131.1633,-12.49641],[131.1633,-12.51094],[131.14832,-12.51098],[131.14827,-12.52545],[131.10378,-12.52556],[131.10379,-12.49633],[131.11121,-12.49623],[131.11119,-12.46704],[131.0964,-12.46705],[131.0964,-12.46235],[131.08898,-12.46235],[131.0888,-12.40884],[131.05149,-12.40887],[131.0515,-12.44299],[131.04464,-12.43568],[131.0446,-12.43131],[131.01284,-12.43137],[131.01276,-12.42381],[130.96805,-12.42396],[130.96797,-12.40951],[130.95777,-12.40956],[130.95318,-12.41134],[130.95316,-12.4023],[130.93819,-12.40233],[130.93849,-12.36551],[130.93701,-12.36551],[130.93688,-12.343],[130.94603,-12.34205],[130.9542,-12.34678],[130.96132,-12.34598],[130.96603,-12.34348],[130.97235,-12.34415],[130.9828,-12.34187],[130.99259,-12.34964],[130.99742,-12.34974],[131.00478,-12.35221],[131.00892,-12.35638],[131.02112,-12.3602],[131.02456,-12.35861],[131.03376,-12.35949],[131.04018,-12.35777],[131.03995,-12.35372],[131.04878,-12.34624],[131.03373,-12.34876],[131.02982,-12.3464],[131.02519,-12.33353],[131.02862,-12.32674],[131.03344,-12.32526],[131.0446,-12.3284],[131.04137,-12.324],[131.03124,-12.31793],[131.02251,-12.31851],[131.01712,-12.3244],[131.01252,-12.32169],[131.01445,-12.31231],[131.01489,-12.30474],[131.02219,-12.27976],[131.02573,-12.27219],[131.0288,-12.25727],[131.03117,-12.23851],[131.02919,-12.22676],[131.0247,-12.22305],[131.02158,-12.21627],[131.01193,-12.21573],[131.00468,-12.20908],[131.00087,-12.2022],[130.99879,-12.19384],[130.99463,-12.18606],[130.99612,-12.18391],[130.99462,-12.17781],[130.99597,-12.16865],[131.00342,-12.16051],[131.01042,-12.15609],[131.02098,-12.15279],[131.03061,-12.14644],[131.0453,-12.14268],[131.0507,-12.14583],[131.04876,-12.15148],[131.05177,-12.15826],[131.05786,-12.16378],[131.06534,-12.16681],[131.07199,-12.16476],[131.0752,-12.15967],[131.08036,-12.15638],[131.08758,-12.15377],[131.1132,-12.15506],[131.11573,-12.15856],[131.11436,-12.16308],[131.11645,-12.17132],[131.11519,-12.17525],[131.12544,-12.18259],[131.13773,-12.18403],[131.14829,-12.18039],[131.15756,-12.16884],[131.17009,-12.17401],[131.16954,-12.18361],[131.17393,-12.18981],[131.18084,-12.19702],[131.18774,-12.20186],[131.19556,-12.20489],[131.2027,-12.21119],[131.20801,-12.21988],[131.21146,-12.21998],[131.22112,-12.22605],[131.22021,-12.23035],[131.21116,-12.23665],[131.20969,-12.24325],[131.2112,-12.25014],[131.20524,-12.25793],[131.20435,-12.26315],[131.20827,-12.26675],[131.21699,-12.26447],[131.22871,-12.26534],[131.22882,-12.26364],[131.21767,-12.26232],[131.20699,-12.26314],[131.20664,-12.25987],[131.21328,-12.2533],[131.2121,-12.24144],[131.21438,-12.23714],[131.22069,-12.23452],[131.23662,-12.22488],[131.24577,-12.22436],[131.24818,-12.22231]]],[[[131.05383,-12.104],[131.04908,-12.09984],[131.04487,-12.09931],[131.0401,-12.0943],[131.04671,-12.09405],[131.05353,-12.09728],[131.06478,-12.10493],[131.07192,-12.1162],[131.07152,-12.11817],[131.05921,-12.12665],[131.05371,-12.12313],[131.05053,-12.12403],[131.04311,-12.12968],[131.0305,-12.12991],[131.02149,-12.12628],[131.01085,-12.12328],[131.0031,-12.11887],[131.00256,-12.11646],[131.01567,-12.10909],[131.02326,-12.09932],[131.0321,-12.09528],[131.04264,-12.09838],[131.05383,-12.104]]],[[[130.96233,-12.4681],[130.96613,-12.46449],[130.97331,-12.46529],[130.97734,-12.46802],[130.99031,-12.46805],[130.99811,-12.47308],[131.00676,-12.4819],[131.00034,-12.48632],[130.99005,-12.48096],[130.98644,-12.48323],[130.9884,-12.48876],[130.98408,-12.50685],[130.97522,-12.51659],[130.97003,-12.50996],[130.96837,-12.50257],[130.96198,-12.50263],[130.95711,-12.50545],[130.95005,-12.50655],[130.949,-12.51338],[130.9434,-12.51066],[130.94327,-12.50519],[130.94717,-12.50067],[130.94692,-12.49596],[130.95628,-12.49402],[130.9616,-12.48406],[130.96366,-12.47403],[130.96233,-12.4681]]],[[[131.0648,-12.03758],[131.06205,-12.04244],[131.06348,-12.04523],[131.05805,-12.04979],[131.04498,-12.0549],[131.03075,-12.05832],[131.00996,-12.05441],[131.00606,-12.05476],[131.00215,-12.05149],[131.00914,-12.04594],[131.01257,-12.04119],[131.01808,-12.03994],[131.02335,-12.0362],[131.02772,-12.03607],[131.03942,-12.03198],[131.04722,-12.03276],[131.05123,-12.03049],[131.0633,-12.03396],[131.0648,-12.03758]]],[[[131.06258,-12.07045],[131.06498,-12.06604],[131.0761,-12.06094],[131.08287,-12.05979],[131.09434,-12.05355],[131.09835,-12.05275],[131.12488,-12.05574],[131.12673,-12.06398],[131.12285,-12.0702],[131.11643,-12.07327],[131.10599,-12.07533],[131.08636,-12.07594],[131.08233,-12.07346],[131.07085,-12.07303],[131.06258,-12.07045]]],[[[131.07288,-12.01497],[131.08388,-12.01454],[131.09783,-12.00958],[131.11419,-12.0055],[131.12714,-12.00096],[131.13417,-12.00925],[131.13548,-12.01467],[131.13308,-12.01706],[131.12442,-12.01739],[131.117,-12.02311],[131.10453,-12.02356],[131.09499,-12.0216],[131.08031,-12.01643],[131.07288,-12.01497]]],[[[130.99629,-12.15623],[131.00065,-12.15283],[131.00238,-12.15746],[130.99975,-12.16096],[130.99629,-12.15623]]],[[[131.01557,-12.1502],[131.02027,-12.14375],[131.02337,-12.14691],[131.01557,-12.1502]]]]},"properties":{"postcode":"0830","state":"NT","icsea_avg":911,"school_count":9,"icsea_band":2}},{"type":"Feature","geometry":{"type":"Polygon","coordinates":[[[130.9434,-12.51066],[130.949,-12.51338],[130.95005,-12.50655],[130.95711,-12.50545],[130.96198,-12.50263],[130.96837,-12.50257],[130.97003,-12.50996],[130.97522,-12.51659],[130.98408,-12.50685],[130.9884,-12.48876],[130.98644,-12.48323],[130.99005,-12.48096],[131.00034,-12.48632],[131.00676,-12.4819],[131.01305,-12.48695],[131.01335,-12.52562],[131.01188,-12.53148],[131.00013,-12.53495],[130.99855,-12.53763],[130.99242,-12.53813],[130.98721,-12.54719],[130.97695,-12.54132],[130.96695,-12.53465],[130.96025,-12.53327],[130.95587,-12.53405],[130.95515,-12.5294],[130.94539,-12.52767],[130.94193,-12.5218],[130.9434,-12.51066]]]},"properties":{"postcode":"0832","state":"NT","icsea_avg":982,"school_count":5,"icsea_band":3}},{"type":"Feature","geometry":{"type":"Polygon","coordinates":[[[131.10379,-12.49633],[131.06655,-12.4963],[131.06975,-12.50598],[131.069,-12.51619],[131.0712,-12.52053],[131.07119,-12.52558],[131.04611,-12.52549],[131.05876,-12.54071],[131.06328,-12.54712],[131.05152,-12.5471],[131.05152,-12.56951],[131.03672,-12.5695],[131.03671,-12.58613],[131.02719,-12.57737],[131.02172,-12.57793],[131.01436,-12.57132],[131.01237,-12.56621],[131.00598,-12.56549],[130.99758,-12.56152],[130.99001,-12.54919],[130.98721,-12.54719],[130.99242,-12.53813],[130.99855,-12.53763],[131.00013,-12.53495],[131.01188,-12.53148],[131.01335,-12.52562],[131.01305,-12.48695],[131.01294,-12.46891],[131.02151,-12.46691],[131.03669,-12.46691],[131.0515,-12.45417],[131.0515,-12.44299],[131.05149,-12.40887],[131.0888,-12.40884],[131.08898,-12.46235],[131.0964,-12.46235],[131.0964,-12.46705],[131.11119,-12.46704],[131.11121,-12.49623],[131.10379,-12.49633]]]},"properties":{"postcode":"0835","state":"NT","icsea_avg":988,"school_count":2,"icsea_band":4}},{"type":"Feature","geometry":{"type":"Polygon","coordinates":[[[131.07331,-12.6134],[131.07337,-12.56527],[131.08883,-12.56885],[131.08879,-12.52558],[131.07119,-12.52558],[131.0712,-12.52053],[131.069,-12.51619],[131.06975,-12.50598],[131.06655,-12.4963],[131.10379,-12.49633],[131.10378,-12.52556],[131.14827,-12.52545],[131.14832,-12.51098],[131.1633,-12.51094],[131.1633,-12.49641],[131.17817,-12.49642],[131.17825,-12.52557],[131.20059,-12.52546],[131.20055,-12.55486],[131.20804,-12.55486],[131.20805,-12.56948],[131.19314,-12.5695],[131.19312,-12.61336],[131.14839,-12.61339],[131.07331,-12.6134]]]},"properties":{"postcode":"0836","state":"NT","icsea_avg":954,"school_count":4,"icsea_band":3}},{"type":"Feature","geometry":{"type":"Polygon","coordinates":[[[131.07289,-12.6134],[131.07331,-12.6134],[131.14839,-12.61339],[131.1489,-12.64125],[131.16189,-12.65532],[131.1622,-12.65961],[131.17653,-12.67192],[131.1821,-12.67598],[131.19039,-12.69311],[131.203,-12.70148],[131.17338,-12.70137],[131.08568,-12.70153],[131.08453,-12.69251],[131.0803,-12.67347],[131.073,-12.6748],[131.07345,-12.66957],[131.07358,-12.63842],[131.06447,-12.63839],[131.06466,-12.6162],[131.07288,-12.6162],[131.07289,-12.6134]]]},"properties":{"postcode":"0837","state":"NT","icsea_avg":null,"school_count":0,"icsea_band":0}},{"type":"Feature","geometry":{"type":"MultiPolygon","coordinates":[[[[130.954,-12.5975],[130.95714,-12.5989],[130.97478,-12.59875],[130.96872,-12.57986],[130.96634,-12.56216],[130.96793,-12.55501],[130.97695,-12.54132],[130.98721,-12.54719],[130.99001,-12.54919],[130.99758,-12.56152],[131.00598,-12.56549],[131.01237,-12.56621],[131.01436,-12.57132],[131.02172,-12.57793],[131.02719,-12.57737],[131.03671,-12.58613],[131.04663,-12.58927],[131.05569,-12.59783],[131.05889,-12.59834],[131.05897,-12.61342],[131.07289,-12.6134],[131.07288,-12.6162],[131.06466,-12.6162],[131.06447,-12.63839],[131.07358,-12.63842],[131.07345,-12.66957],[131.073,-12.6748],[131.06171,-12.70164],[131.05032,-12.73077],[131.03134,-12.74985],[131.02407,-12.74984],[131.02398,-12.75713],[131.00914,-12.77177],[130.97925,-12.77172],[130.97926,-12.7424],[130.96581,-12.74238],[130.96286,-12.73602],[130.96212,-12.72992],[130.95444,-12.72405],[130.95466,-12.71737],[130.95008,-12.71665],[130.94846,-12.71305],[130.95168,-12.71078],[130.95339,-12.70423],[130.9589,-12.70049],[130.95763,-12.69529],[130.95945,-12.68874],[130.96289,-12.68444],[130.96197,-12.68094],[130.96516,-12.67065],[130.97032,-12.6616],[130.96812,-12.65415],[130.95141,-12.64413],[130.94529,-12.63786],[130.9547,-12.63698],[130.95725,-12.6309],[130.95617,-12.61954],[130.95319,-12.6178],[130.9481,-12.6081],[130.954,-12.5975]]],[[[130.95242,-12.63566],[130.94607,-12.62629],[130.94548,-12.61929],[130.94801,-12.61736],[130.95263,-12.62458],[130.95379,-12.63012],[130.95242,-12.63566]]]]},"properties":{"postcode":"0838","state":"NT","icsea_avg":939,"school_count":1,"icsea_band":3}},{"type":"Feature","geometry":{"type":"Polygon","coordinates":[[[130.88921,-12.85956],[130.88932,-12.80087],[130.91928,-12.80099],[130.91931,-12.79364],[130.93429,-12.79364],[130.93432,-12.77903],[130.94928,-12.77905],[130.94933,-12.77165],[130.97925,-12.77172],[131.00914,-12.77177],[131.02045,-12.77329],[131.03895,-12.77183],[131.03874,-12.86039],[130.95682,-12.85956],[130.88921,-12.85956]]]},"properties":{"postcode":"0841","state":"NT","icsea_avg":null,"school_count":0,"icsea_band":0}}]}