{"type":"FeatureCollection","features":[{"type":"Feature","geometry":{"type":"Point","coordinates":[144.97215,-37.81031]},"properties":{"name":"James Cook University","kind":"university","operator":""}},{"type":"Feature","geometry":{"type":"Point","coordinates":[145.15663,-37.91832]},"properties":{"name":"Mulgrave","kind":"station_construction","operator":""}},{"type":"Feature","geometry":{"type":"Point","coordinates":[145.15663,-37.91837]},"properties":{"name":"Mulgrave","kind":"station_construction","operator":""}},{"type":"Feature","geometry":{"type":"Point","coordinates":[145.23677,-37.9188]},"properties":{"name":"Rowville","kind":"station_construction","operator":""}},{"type":"Feature","geometry":{"type":"Point","coordinates":[144.97923,-37.52291]},"properties":{"name":"Cloverton Station","kind":"station_construction","operator":""}},{"type":"Feature","geometry":{"type":"Point","coordinates":[144.93955,-37.80119]},"properties":{"name":"Planned station","kind":"station_construction","operator":""}},{"type":"Feature","geometry":{"type":"Point","coordinates":[144.9394,-37.80179]},"properties":{"name":"Planned station","kind":"station_construction","operator":""}},{"type":"Feature","geometry":{"type":"Point","coordinates":[144.99505,-37.47567]},"properties":{"name":"Beveridge","kind":"station_construction","operator":""}},{"type":"Feature","geometry":{"type":"Point","coordinates":[144.97252,-37.81353]},"properties":{"name":"Monash University - City Campus","kind":"university","operator":""}},{"type":"Feature","geometry":{"type":"Point","coordinates":[144.99401,-37.81682]},"properties":{"name":"Epworth Richmond Emergency Department","kind":"hospital","operator":""}},{"type":"Feature","geometry":{"type":"Point","coordinates":[145.11971,-37.92296]},"properties":{"name":"Clayton (Suburban Rail Loop)","kind":"station_construction","operator":""}},{"type":"Feature","geometry":{"type":"Point","coordinates":[145.12305,-37.81727]},"properties":{"name":"Box Hill SRL","kind":"station_construction","operator":""}},{"type":"Feature","geometry":{"type":"Point","coordinates":[144.97573,-37.81242]},"properties":{"name":"Victorian Academy of Teaching and Leadership","kind":"university","operator":""}},{"type":"Feature","geometry":{"type":"Point","coordinates":[144.96582,-37.817]},"properties":{"name":"Box Hill Institute","kind":"university","operator":""}},{"type":"Feature","geometry":{"type":"Point","coordinates":[144.93758,-37.82879]},"properties":{"name":"Sandridge","kind":"station_construction","operator":""}},{"type":"Feature","geometry":{"type":"Point","coordinates":[144.94838,-37.81849]},"properties":{"name":"Docklands","kind":"station_construction","operator":""}},{"type":"Feature","geometry":{"type":"Point","coordinates":[144.91695,-37.82665]},"properties":{"name":"Fishermans Bend","kind":"station_construction","operator":""}},{"type":"Feature","geometry":{"type":"Point","coordinates":[145.01551,-37.65056]},"properties":{"name":"Proposed Eppington Station","kind":"station_construction","operator":""}},{"type":"Feature","geometry":{"type":"Point","coordinates":[145.0073,-37.63482]},"properties":{"name":"Proposed Edgars Creek Station","kind":"station_construction","operator":""}},{"type":"Feature","geometry":{"type":"Point","coordinates":[144.86505,-37.73271]},"properties":{"name":"Proposed terminus of Route 57 extension","kind":"station_construction","operator":""}},{"type":"Feature","geometry":{"type":"Point","coordinates":[145.05764,-37.88585]},"properties":{"name":"Planned station","kind":"station_construction","operator":""}},{"type":"Feature","geometry":{"type":"Point","coordinates":[144.95911,-37.77205]},"properties":{"name":"Proposed site of southern station for Brunswick level crossing removals","kind":"station_construction","operator":""}},{"type":"Feature","geometry":{"type":"Point","coordinates":[144.96451,-37.80817]},"properties":{"name":"RMIT Security Office","kind":"university","operator":"RMIT University"}},{"type":"Feature","geometry":{"type":"Point","coordinates":[144.95485,-37.81249]},"properties":{"name":"Flagstaff","kind":"station_construction","operator":""}},{"type":"Feature","geometry":{"type":"Point","coordinates":[144.95902,-37.79997]},"properties":{"name":"Parkville","kind":"station_construction","operator":""}},{"type":"Feature","geometry":{"type":"Point","coordinates":[144.97364,-37.79707]},"properties":{"name":"Fitzroy","kind":"station_construction","operator":""}},{"type":"Feature","geometry":{"type":"Point","coordinates":[144.99477,-37.7891]},"properties":{"name":"Clifton Hill","kind":"station_construction","operator":""}},{"type":"Feature","geometry":{"type":"Point","coordinates":[144.99024,-37.7831]},"properties":{"name":"Rushall","kind":"station_construction","operator":""}},{"type":"Feature","geometry":{"type":"Point","coordinates":[144.88383,-37.84241]},"properties":{"name":"Newport","kind":"station_construction","operator":""}},{"type":"Feature","geometry":{"type":"Point","coordinates":[144.99307,-37.77743]},"properties":{"name":"Merri","kind":"station_construction","operator":""}},{"type":"Feature","geometry":{"type":"Point","coordinates":[144.96359,-37.80848]},"properties":{"name":"School of Global, Urban & Social Studies","kind":"university","operator":"RMIT University"}},{"type":"Feature","geometry":{"type":"Point","coordinates":[144.96387,-37.80841]},"properties":{"name":"School of Property","kind":"university","operator":"RMIT University"}},{"type":"Feature","geometry":{"type":"Point","coordinates":[144.96377,-37.80864]},"properties":{"name":"School of Education","kind":"university","operator":"RMIT University"}},{"type":"Feature","geometry":{"type":"Point","coordinates":[144.96374,-37.80855]},"properties":{"name":"School of Fashion & Textiles","kind":"university","operator":"RMIT University"}},{"type":"Feature","geometry":{"type":"Point","coordinates":[144.96517,-37.80739]},"properties":{"name":"School of Law","kind":"university","operator":"RMIT University"}},{"type":"Feature","geometry":{"type":"Point","coordinates":[144.96252,-37.80802]},"properties":{"name":"School of Accounting","kind":"university","operator":"RMIT University"}},{"type":"Feature","geometry":{"type":"Point","coordinates":[144.96247,-37.80811]},"properties":{"name":"School of Economics","kind":"university","operator":"RMIT University"}},{"type":"Feature","geometry":{"type":"Point","coordinates":[144.96253,-37.80818]},"properties":{"name":"School of Management","kind":"university","operator":"RMIT University"}},{"type":"Feature","geometry":{"type":"Point","coordinates":[144.96261,-37.80643]},"properties":{"name":"School of Architecture & Urban Design","kind":"university","operator":"RMIT University"}},{"type":"Feature","geometry":{"type":"Point","coordinates":[144.96422,-37.80727]},"properties":{"name":"School of Design","kind":"university","operator":"RMIT University"}},{"type":"Feature","geometry":{"type":"Point","coordinates":[144.96412,-37.80734]},"properties":{"name":"School of Media & Communication","kind":"university","operator":"RMIT University"}},{"type":"Feature","geometry":{"type":"Point","coordinates":[144.96465,-37.80846]},"properties":{"name":"School of Science","kind":"university","operator":"RMIT University"}},{"type":"Feature","geometry":{"type":"Point","coordinates":[144.96436,-37.8087]},"properties":{"name":"School of Art","kind":"university","operator":"RMIT University"}},{"type":"Feature","geometry":{"type":"Point","coordinates":[144.96356,-37.80745]},"properties":{"name":"School of Computing Technologies","kind":"university","operator":"RMIT University"}},{"type":"Feature","geometry":{"type":"Point","coordinates":[144.96352,-37.80768]},"properties":{"name":"School of Engineering","kind":"university","operator":"RMIT University"}},{"type":"Feature","geometry":{"type":"Point","coordinates":[144.95784,-37.77134]},"properties":{"name":"School of Fashion & Textiles","kind":"university","operator":""}},{"type":"Feature","geometry":{"type":"Point","coordinates":[144.95854,-37.77177]},"properties":{"name":"School of Fashion & Textiles","kind":"university","operator":"RMIT University"}},{"type":"Feature","geometry":{"type":"Point","coordinates":[144.95798,-37.7724]},"properties":{"name":"Student Lounge","kind":"university","operator":"RMIT University"}},{"type":"Feature","geometry":{"type":"Point","coordinates":[144.95747,-37.77135]},"properties":{"name":"School of Fashion & Textiles","kind":"university","operator":"RMIT University"}},{"type":"Feature","geometry":{"type":"Point","coordinates":[144.95816,-37.77288]},"properties":{"name":"Screen Print Workshop","kind":"university","operator":"RMIT University"}},{"type":"Feature","geometry":{"type":"Point","coordinates":[144.95842,-37.77276]},"properties":{"name":"Fashion Design Studio","kind":"university","operator":"RMIT University"}},{"type":"Feature","geometry":{"type":"Point","coordinates":[144.95844,-37.77221]},"properties":{"name":"Knit/Weave Studio","kind":"university","operator":"RMIT University"}},{"type":"Feature","geometry":{"type":"Point","coordinates":[144.96338,-37.8075]},"properties":{"name":"School of Science","kind":"university","operator":"RMIT University"}},{"type":"Feature","geometry":{"type":"Point","coordinates":[144.96309,-37.80879]},"properties":{"name":"School of Design","kind":"university","operator":"RMIT University"}},{"type":"Feature","geometry":{"type":"Point","coordinates":[144.9646,-37.80745]},"properties":{"name":"Research & Innovation Portfolio","kind":"university","operator":"RMIT University"}},{"type":"Feature","geometry":{"type":"Point","coordinates":[144.9645,-37.80917]},"properties":{"name":"School of Art","kind":"university","operator":"RMIT University"}},{"type":"Feature","geometry":{"type":"Point","coordinates":[144.96426,-37.80846]},"properties":{"name":"School of Art","kind":"university","operator":"RMIT University"}},{"type":"Feature","geometry":{"type":"Point","coordinates":[144.96317,-37.80755]},"properties":{"name":"Apple Foundation","kind":"university","operator":"RMIT University & Apple"}},{"type":"Feature","geometry":{"type":"Point","coordinates":[144.83227,-37.78828]},"properties":{"name":"Sunshine 6","kind":"station_construction","operator":""}},{"type":"Feature","geometry":{"type":"Point","coordinates":[144.8334,-37.78967]},"properties":{"name":"Sunshine 5","kind":"station_construction","operator":""}},{"type":"Feature","geometry":{"type":"Point","coordinates":[144.96526,-37.80896]},"properties":{"name":"Chancellery","kind":"university","operator":"RMIT University"}},{"type":"Feature","geometry":{"type":"Point","coordinates":[144.96425,-37.80899]},"properties":{"name":"School of Art","kind":"university","operator":"RMIT University"}},{"type":"Feature","geometry":{"type":"Point","coordinates":[145.07149,-37.67694]},"properties":{"name":"School of Engineering","kind":"university","operator":"RMIT University"}},{"type":"Feature","geometry":{"type":"Point","coordinates":[145.06473,-37.68064]},"properties":{"name":"School of Education","kind":"university","operator":"RMIT University"}},{"type":"Feature","geometry":{"type":"Point","coordinates":[145.06434,-37.68145]},"properties":{"name":"School of Health & Biomedical Sciences","kind":"university","operator":""}},{"type":"Feature","geometry":{"type":"Point","coordinates":[144.96267,-37.80782]},"properties":{"name":"School of Art","kind":"university","operator":"RMIT University"}},{"type":"Feature","geometry":{"type":"Point","coordinates":[144.96357,-37.80647]},"properties":{"name":"STEM College","kind":"university","operator":"RMIT University"}},{"type":"Feature","geometry":{"type":"Point","coordinates":[144.96225,-37.80794]},"properties":{"name":"School of Art","kind":"university","operator":"RMIT University"}},{"type":"Feature","geometry":{"type":"Point","coordinates":[144.96135,-37.80822]},"properties":{"name":"RMIT UP","kind":"university","operator":"RMIT University"}},{"type":"Feature","geometry":{"type":"Point","coordinates":[144.96401,-37.80638]},"properties":{"name":"CODE","kind":"university","operator":"RMIT University"}},{"type":"Feature","geometry":{"type":"Point","coordinates":[144.96265,-37.80613]},"properties":{"name":"School of Architecture & Urban Design","kind":"university","operator":"RMIT University"}},{"type":"Feature","geometry":{"type":"Point","coordinates":[144.964,-37.80656]},"properties":{"name":"RMIT Activator","kind":"university","operator":"RMIT University","description":"At Activator, we\u2019re passionate about working with aspiring founders, startups and organisations who are driven to create meaningful change"}},{"type":"Feature","geometry":{"type":"Point","coordinates":[144.96412,-37.8087]},"properties":{"name":"Education Portfolio","kind":"university","operator":"RMIT University"}},{"type":"Feature","geometry":{"type":"Point","coordinates":[145.12302,-37.9197]},"properties":{"name":"Monash Medical Centre, Clayton Campus","kind":"hospital","operator":""}},{"type":"Feature","geometry":{"type":"Point","coordinates":[145.25459,-37.80685]},"properties":{"name":"Maroondah Hospital","kind":"hospital","operator":"Eastern Health"}},{"type":"Feature","geometry":{"type":"Point","coordinates":[144.95534,-37.79866]},"properties":{"name":"The Royal Melbourne Hospital","kind":"hospital","operator":""}},{"type":"Feature","geometry":{"type":"Point","coordinates":[144.95813,-37.77217]},"properties":{"name":"RMIT University (Brunswick Campus)","kind":"university","operator":"RMIT University"}},{"type":"Feature","geometry":{"type":"Point","coordinates":[145.11835,-37.81342]},"properties":{"name":"Box Hill Hospital","kind":"hospital","operator":"Eastern Health"}},{"type":"Feature","geometry":{"type":"LineString","coordinates":[[145.28568,-37.86101],[145.28553,-37.86101],[145.28532,-37.86101],[145.28527,-37.86099],[145.28524,-37.86098],[145.28521,-37.86095],[145.28519,-37.86089],[145.28517,-37.86082],[145.28514,-37.86072],[145.28511,-37.86065],[145.28509,-37.86061],[145.28508,-37.86056],[145.28502,-37.86045],[145.28496,-37.86038],[145.2849,-37.86033]]},"properties":{"name":"Lupton Way","kind":"road_construction","operator":"","description":""}},{"type":"Feature","geometry":{"type":"Point","coordinates":[145.13545,-37.91161]},"properties":{"name":"Monash University, Clayton Campus","kind":"university","operator":""}},{"type":"Feature","geometry":{"type":"Point","coordinates":[145.20951,-37.85962]},"properties":{"name":"Melbourne School of Theology","kind":"university","operator":""}},{"type":"Feature","geometry":{"type":"Point","coordinates":[144.69919,-37.88676]},"properties":{"name":"Werribee Mercy Hospital","kind":"hospital","operator":""}},{"type":"Feature","geometry":{"type":"LineString","coordinates":[[145.01585,-37.81999],[145.01593,-37.81995],[145.01596,-37.81993],[145.01598,-37.81992],[145.016,-37.81989],[145.01603,-37.81986],[145.01605,-37.81984],[145.01605,-37.81983],[145.01607,-37.8198],[145.01609,-37.81976]]},"properties":{"name":"Creswick Street","kind":"road_construction","operator":"","description":""}},{"type":"Feature","geometry":{"type":"Point","coordinates":[145.23488,-37.87394]},"properties":{"name":"Swinburne University of Technology - Wantirna Campus","kind":"university","operator":""}},{"type":"Feature","geometry":{"type":"Point","coordinates":[144.97438,-37.80653]},"properties":{"name":"St Vincent's Hospital","kind":"hospital","operator":"St Vincent's Health Australia"}},{"type":"Feature","geometry":{"type":"Point","coordinates":[145.05925,-37.75635]},"properties":{"name":"Austin Hospital","kind":"hospital","operator":""}},{"type":"Feature","geometry":{"type":"Point","coordinates":[144.81699,-37.75888]},"properties":{"name":"Sunshine Hospital","kind":"hospital","operator":"Western Health"}},{"type":"Feature","geometry":{"type":"Point","coordinates":[144.88483,-38.36281]},"properties":{"name":"Rosebud Hospital","kind":"hospital","operator":""}},{"type":"Feature","geometry":{"type":"Point","coordinates":[144.94991,-37.79387]},"properties":{"name":"Royal Children's Hospital","kind":"hospital","operator":""}},{"type":"Feature","geometry":{"type":"Point","coordinates":[144.96532,-37.80578]},"properties":{"name":"RMIT University","kind":"university","operator":""}},{"type":"Feature","geometry":{"type":"Point","coordinates":[145.34821,-37.7649]},"properties":{"name":"Box Hill Institute (Lilydale Campus)","kind":"university","operator":""}},{"type":"Feature","geometry":{"type":"Point","coordinates":[144.95878,-37.78387]},"properties":{"name":"Monash University","kind":"university","operator":"","description":"Parkville Campus"}},{"type":"Feature","geometry":{"type":"Point","coordinates":[145.06565,-37.68036]},"properties":{"name":"RMIT University (Bundoora West Campus)","kind":"university","operator":""}},{"type":"Feature","geometry":{"type":"Point","coordinates":[145.07256,-37.67759]},"properties":{"name":"RMIT University (Bundoora East Campus)","kind":"university","operator":"RMIT University"}},{"type":"Feature","geometry":{"type":"Point","coordinates":[144.98446,-37.81221]},"properties":{"name":"St Vincent's Private Hospital East Melbourne","kind":"hospital","operator":"St Vincent's Health Australia"}},{"type":"Feature","geometry":{"type":"Point","coordinates":[145.04984,-37.71792]},"properties":{"name":"La Trobe University (Bundoora Campus)","kind":"university","operator":""}},{"type":"Feature","geometry":{"type":"Point","coordinates":[145.04502,-37.87754]},"properties":{"name":"Monash University (Caulfield campus)","kind":"university","operator":""}},{"type":"Feature","geometry":{"type":"Point","coordinates":[145.13625,-38.15305]},"properties":{"name":"Monash University (Peninsula Campus)","kind":"university","operator":""}},{"type":"Feature","geometry":{"type":"Point","coordinates":[145.12889,-38.15123]},"properties":{"name":"Frankston Hospital","kind":"hospital","operator":""}},{"type":"Feature","geometry":{"type":"Point","coordinates":[145.3148,-37.89879]},"properties":{"name":"Angliss Hospital","kind":"hospital","operator":"Eastern Health"}},{"type":"Feature","geometry":{"type":"Point","coordinates":[144.89854,-37.80464]},"properties":{"name":"Victoria University (Footscray Nicholson Campus)","kind":"university","operator":""}},{"type":"Feature","geometry":{"type":"Point","coordinates":[144.79739,-37.75195]},"properties":{"name":"Victoria University (St Albans Campus)","kind":"university","operator":""}},{"type":"Feature","geometry":{"type":"Point","coordinates":[144.9932,-37.81743]},"properties":{"name":"Epworth Richmond Hospital","kind":"hospital","operator":"Epworth Foundation"}},{"type":"Feature","geometry":{"type":"Point","coordinates":[145.33961,-38.03901]},"properties":{"name":"Federation University Berwick Campus","kind":"university","operator":""}},{"type":"Feature","geometry":{"type":"Point","coordinates":[144.83496,-37.77683]},"properties":{"name":"Victoria University Sunshine Campus","kind":"university","operator":""}},{"type":"Feature","geometry":{"type":"Point","coordinates":[144.99204,-37.85243]},"properties":{"name":"Swinburne University of Technology (Prahran Campus)","kind":"university","operator":""}},{"type":"Feature","geometry":{"type":"Point","coordinates":[145.02259,-37.8291]},"properties":{"name":"The University of Melbourne, Burnley Campus","kind":"university","operator":"The University of Melbourne"}},{"type":"Feature","geometry":{"type":"Point","coordinates":[144.97788,-37.80724]},"properties":{"name":"Australian Catholic University","kind":"university","operator":""}},{"type":"Feature","geometry":{"type":"Point","coordinates":[145.03393,-37.86163]},"properties":{"name":"Cabrini Hospital","kind":"hospital","operator":""}},{"type":"Feature","geometry":{"type":"Point","coordinates":[145.01427,-37.65341]},"properties":{"name":"The Northern Hospital","kind":"hospital","operator":""}},{"type":"Feature","geometry":{"type":"Point","coordinates":[145.11245,-37.84449]},"properties":{"name":"Deakin University - Burwood Campus","kind":"university","operator":""}},{"type":"Feature","geometry":{"type":"LineString","coordinates":[[145.09393,-37.77927],[145.09419,-37.77927],[145.09429,-37.77927],[145.09453,-37.77921],[145.09467,-37.7792],[145.09479,-37.77919],[145.09491,-37.77918],[145.09503,-37.77918],[145.09509,-37.77919],[145.09531,-37.77921],[145.09563,-37.7793],[145.09617,-37.77943],[145.09639,-37.77961],[145.09649,-37.77968],[145.09668,-37.77982],[145.09696,-37.77994],[145.09707,-37.77998],[145.09718,-37.78],[145.09728,-37.78003],[145.09741,-37.78007],[145.09754,-37.78012],[145.09762,-37.78016],[145.0978,-37.78027],[145.09786,-37.78029],[145.09801,-37.78036],[145.09808,-37.78039],[145.09813,-37.78042],[145.09818,-37.78046],[145.09826,-37.78056],[145.09833,-37.78064],[145.09841,-37.78071],[145.09848,-37.78078],[145.09856,-37.78084],[145.09866,-37.78092],[145.09874,-37.78098],[145.09882,-37.78102],[145.0989,-37.78106],[145.099,-37.7811],[145.09907,-37.78113],[145.09911,-37.78115],[145.09915,-37.78118],[145.0992,-37.78122],[145.09923,-37.78126],[145.09926,-37.7813],[145.09929,-37.78136],[145.09935,-37.78152],[145.0994,-37.78166],[145.09948,-37.78184],[145.09959,-37.78207],[145.09965,-37.78221],[145.0997,-37.78231],[145.09971,-37.78241],[145.09975,-37.78251],[145.09987,-37.7827],[145.0999,-37.78282],[145.09992,-37.78287],[145.0999,-37.78294],[145.09991,-37.78298],[145.09997,-37.78313],[145.1,-37.78323],[145.10002,-37.78327],[145.10007,-37.78335],[145.1001,-37.7834],[145.10012,-37.78346],[145.10015,-37.78352],[145.10017,-37.78363],[145.10018,-37.78369],[145.1002,-37.78375],[145.10024,-37.78383],[145.10026,-37.78391],[145.10028,-37.78399],[145.10031,-37.78416],[145.10033,-37.78433],[145.10035,-37.78448],[145.10037,-37.7846],[145.1004,-37.7847],[145.10047,-37.78485],[145.10051,-37.78492],[145.10052,-37.78495],[145.10053,-37.78498],[145.10054,-37.78502],[145.10054,-37.78503],[145.10055,-37.78505],[145.10057,-37.78508],[145.1006,-37.78517],[145.10062,-37.7852],[145.10063,-37.78521],[145.10067,-37.78524],[145.10069,-37.78526],[145.10071,-37.78528],[145.10081,-37.78549],[145.10107,-37.78597],[145.10147,-37.78635],[145.10169,-37.78654],[145.10213,-37.78692],[145.10232,-37.78705],[145.10253,-37.7872],[145.10298,-37.7875],[145.10324,-37.78765],[145.10334,-37.78772],[145.10347,-37.78777],[145.10368,-37.78783],[145.10376,-37.78785],[145.10379,-37.78786],[145.10397,-37.78795],[145.10407,-37.78798],[145.10417,-37.78802],[145.10424,-37.78803],[145.10429,-37.78804],[145.10447,-37.78804],[145.10462,-37.78803]]},"properties":{"name":"Koonung Creek Trail","kind":"road_construction","operator":"","description":""}},{"type":"Feature","geometry":{"type":"Point","coordinates":[145.22821,-37.84949]},"properties":{"name":"Knox Private Hospital","kind":"hospital","operator":""}},{"type":"Feature","geometry":{"type":"Point","coordinates":[145.28574,-37.80186]},"properties":{"name":"Swinburne University of Technology - Croydon Campus","kind":"university","operator":""}},{"type":"Feature","geometry":{"type":"LineString","coordinates":[[144.68431,-37.73462],[144.68445,-37.73386],[144.68491,-37.73163],[144.68504,-37.73102],[144.68509,-37.73093],[144.68514,-37.73089],[144.68521,-37.73085],[144.68532,-37.73084],[144.6869,-37.73103],[144.68704,-37.73039],[144.68717,-37.72981],[144.68723,-37.72947],[144.68725,-37.72938]]},"properties":{"name":"Deanside Drive","kind":"road_construction","operator":"","description":""}},{"type":"Feature","geometry":{"type":"Point","coordinates":[144.96886,-37.80999]},"properties":{"name":"Southern Cross University","kind":"university","operator":""}},{"type":"Feature","geometry":{"type":"Point","coordinates":[144.96819,-37.81679]},"properties":{"name":"Torrens University Flinders Street Campus","kind":"university","operator":""}},{"type":"Feature","geometry":{"type":"LineString","coordinates":[[145.04985,-38.21006],[145.04989,-38.21008],[145.04992,-38.21008],[145.04997,-38.21007],[145.04996,-38.21002],[145.04996,-38.20996],[145.04999,-38.20988],[145.05002,-38.20981],[145.05003,-38.20976],[145.05006,-38.20972],[145.05014,-38.20967],[145.05029,-38.20961],[145.05042,-38.20952],[145.05046,-38.20949],[145.05058,-38.2094],[145.05069,-38.20931],[145.05073,-38.20929],[145.05083,-38.20929],[145.05086,-38.20927],[145.05086,-38.20923],[145.05083,-38.20917],[145.05083,-38.20913],[145.05087,-38.20909],[145.05093,-38.20906],[145.05101,-38.20905],[145.05104,-38.20903],[145.05106,-38.20897],[145.05105,-38.20893],[145.05106,-38.20888],[145.05107,-38.20885],[145.05112,-38.20881],[145.05117,-38.20877],[145.05123,-38.20871],[145.05129,-38.20866],[145.05136,-38.20858],[145.05145,-38.20851],[145.05152,-38.20845],[145.05156,-38.20837],[145.05165,-38.2083],[145.05166,-38.20829],[145.05173,-38.20829],[145.05177,-38.20828],[145.05179,-38.20825],[145.05176,-38.20816],[145.05177,-38.20812],[145.05181,-38.20806],[145.05193,-38.20799],[145.05202,-38.20794],[145.0521,-38.20788],[145.05214,-38.20781],[145.05214,-38.20771],[145.05215,-38.20768],[145.05219,-38.20766],[145.05228,-38.2076],[145.05236,-38.20754],[145.05254,-38.2075],[145.05266,-38.20747],[145.05275,-38.2074],[145.05282,-38.20734],[145.05291,-38.20731],[145.05298,-38.20726],[145.05306,-38.20721],[145.05313,-38.20714],[145.05313,-38.2071],[145.05319,-38.20703],[145.05329,-38.20694],[145.05323,-38.20688],[145.05319,-38.20681],[145.05319,-38.20672]]},"properties":{"name":"Beleura Cliff Path","kind":"road_construction","operator":"","description":""}},{"type":"Feature","geometry":{"type":"Point","coordinates":[145.21339,-37.93836]},"properties":{"name":"Mulgrave Private Hospital","kind":"hospital","operator":""}},{"type":"Feature","geometry":{"type":"Point","coordinates":[144.95045,-37.76971]},"properties":{"name":"University of Melbourne Archives","kind":"university","operator":""}},{"type":"Feature","geometry":{"type":"LineString","coordinates":[[145.37948,-37.65875],[145.37999,-37.65884],[145.38065,-37.65896],[145.38216,-37.65923]]},"properties":{"name":"Yarra Valley Railway","kind":"rail_construction","operator":"","description":""}},{"type":"Feature","geometry":{"type":"LineString","coordinates":[[145.37916,-37.65871],[145.3794,-37.65874],[145.37948,-37.65875]]},"properties":{"name":"Yarra Valley Railway","kind":"rail_construction","operator":"","description":""}},{"type":"Feature","geometry":{"type":"Point","coordinates":[144.95477,-37.81493]},"properties":{"name":"Victoria University (City King Campus)","kind":"university","operator":""}},{"type":"Feature","geometry":{"type":"Point","coordinates":[145.34667,-38.04504]},"properties":{"name":"Monash Health Casey Hospital","kind":"hospital","operator":"Southern Health"}},{"type":"Feature","geometry":{"type":"Point","coordinates":[144.95895,-37.81185]},"properties":{"name":"Victoria Law School","kind":"university","operator":"Victoria University"}},{"type":"Feature","geometry":{"type":"LineString","coordinates":[[145.44363,-37.66306],[145.44527,-37.66363],[145.44627,-37.66398],[145.44681,-37.66413],[145.4473,-37.66423],[145.44788,-37.66432],[145.44848,-37.66435],[145.44913,-37.66436],[145.44961,-37.66433],[145.45018,-37.66425],[145.45079,-37.66413],[145.45141,-37.66396],[145.45264,-37.6636],[145.45362,-37.66329],[145.45697,-37.6623],[145.45759,-37.66215],[145.4581,-37.66205],[145.45858,-37.66197],[145.4591,-37.66191],[145.45978,-37.66186],[145.46026,-37.66182],[145.46113,-37.66179]]},"properties":{"name":"Yarra Valley Railway","kind":"rail_construction","operator":"","description":""}},{"type":"Feature","geometry":{"type":"LineString","coordinates":[[145.43492,-37.66008],[145.43516,-37.66016]]},"properties":{"name":"Yarra Valley Railway","kind":"rail_construction","operator":"","description":""}},{"type":"Feature","geometry":{"type":"LineString","coordinates":[[145.43516,-37.66016],[145.44038,-37.66196]]},"properties":{"name":"Yarra Valley Railway","kind":"rail_construction","operator":"","description":""}},{"type":"Feature","geometry":{"type":"LineString","coordinates":[[145.44337,-37.66298],[145.44363,-37.66306]]},"properties":{"name":"Yarra Valley Railway","kind":"rail_construction","operator":"","description":""}},{"type":"Feature","geometry":{"type":"Point","coordinates":[144.88769,-38.3846]},"properties":{"name":"Chisholm Institute of TAFE - Mornington Peninsula Campus","kind":"university","operator":""}},{"type":"Feature","geometry":{"type":"LineString","coordinates":[[145.36861,-37.66694],[145.36857,-37.66678],[145.3685,-37.66648],[145.36841,-37.66602],[145.36837,-37.66583],[145.36834,-37.66566],[145.36833,-37.66548],[145.36834,-37.66534],[145.36835,-37.66518],[145.36837,-37.66504],[145.3684,-37.66491],[145.36844,-37.66478],[145.3685,-37.66463]]},"properties":{"name":"Yarra Valley Trail (under construction)","kind":"road_construction","operator":"","description":""}},{"type":"Feature","geometry":{"type":"LineString","coordinates":[[145.37729,-37.68351],[145.37766,-37.6824],[145.37777,-37.68205],[145.37783,-37.6818],[145.37786,-37.68157],[145.37788,-37.68129],[145.37786,-37.68099],[145.37783,-37.68073],[145.37778,-37.68049],[145.37768,-37.68022],[145.3776,-37.68003],[145.37751,-37.67984],[145.37743,-37.67971]]},"properties":{"name":"Yarra Valley Trail (under construction)","kind":"road_construction","operator":"","description":""}},{"type":"Feature","geometry":{"type":"LineString","coordinates":[[145.36974,-37.66325],[145.37016,-37.66298],[145.37056,-37.66273],[145.37087,-37.66254],[145.37104,-37.66244],[145.37205,-37.6618],[145.3736,-37.66082],[145.37364,-37.6608],[145.37385,-37.66067],[145.37394,-37.66061],[145.37395,-37.6606],[145.37429,-37.66039],[145.37442,-37.66031],[145.37473,-37.6601],[145.37591,-37.65936],[145.37617,-37.65922],[145.37643,-37.6591],[145.3766,-37.65903]]},"properties":{"name":"Yarra Valley Railway","kind":"rail_construction","operator":"","description":""}},{"type":"Feature","geometry":{"type":"LineString","coordinates":[[145.3766,-37.65903],[145.37675,-37.65897],[145.37689,-37.65893]]},"properties":{"name":"Yarra Valley Railway","kind":"rail_construction","operator":"","description":""}},{"type":"Feature","geometry":{"type":"LineString","coordinates":[[145.43312,-37.65946],[145.43492,-37.66008]]},"properties":{"name":"Yarra Valley Railway","kind":"rail_construction","operator":"","description":""}},{"type":"Feature","geometry":{"type":"LineString","coordinates":[[145.38216,-37.65923],[145.38248,-37.65929]]},"properties":{"name":"Yarra Valley Railway","kind":"rail_construction","operator":"","description":""}},{"type":"Feature","geometry":{"type":"LineString","coordinates":[[145.38477,-37.6597],[145.38509,-37.65975]]},"properties":{"name":"Yarra Valley Railway","kind":"rail_construction","operator":"","description":""}},{"type":"Feature","geometry":{"type":"LineString","coordinates":[[145.38509,-37.65975],[145.38654,-37.66003],[145.38858,-37.66039]]},"properties":{"name":"Yarra Valley Railway","kind":"rail_construction","operator":"","description":""}},{"type":"Feature","geometry":{"type":"LineString","coordinates":[[145.38248,-37.65929],[145.38477,-37.6597]]},"properties":{"name":"Yarra Valley Railway","kind":"rail_construction","operator":"","description":""}},{"type":"Feature","geometry":{"type":"LineString","coordinates":[[145.43275,-37.65933],[145.43312,-37.65946]]},"properties":{"name":"Yarra Valley Railway","kind":"rail_construction","operator":"","description":""}},{"type":"Feature","geometry":{"type":"LineString","coordinates":[[145.37689,-37.65893],[145.37716,-37.65885],[145.37742,-37.6588],[145.37767,-37.65875],[145.37797,-37.65871],[145.37828,-37.65868],[145.37861,-37.65868],[145.37888,-37.65869],[145.37916,-37.65871]]},"properties":{"name":"Yarra Valley Railway","kind":"rail_construction","operator":"","description":""}},{"type":"Feature","geometry":{"type":"LineString","coordinates":[[145.43025,-37.65848],[145.43275,-37.65933]]},"properties":{"name":"Yarra Valley Railway","kind":"rail_construction","operator":"","description":""}},{"type":"Feature","geometry":{"type":"LineString","coordinates":[[145.4222,-37.65634],[145.4224,-37.65632],[145.42261,-37.6563]]},"properties":{"name":"Yarra Valley Railway","kind":"rail_construction","operator":"","description":""}},{"type":"Feature","geometry":{"type":"LineString","coordinates":[[145.42261,-37.6563],[145.42282,-37.65629],[145.42303,-37.65629],[145.42326,-37.6563],[145.42351,-37.65632],[145.42379,-37.65636],[145.42401,-37.6564],[145.42439,-37.65649],[145.42473,-37.65659],[145.42514,-37.65674],[145.42795,-37.65771],[145.42862,-37.65793],[145.43007,-37.65842]]},"properties":{"name":"Yarra Valley Railway","kind":"rail_construction","operator":"","description":""}},{"type":"Feature","geometry":{"type":"LineString","coordinates":[[145.43007,-37.65842],[145.43025,-37.65848]]},"properties":{"name":"Yarra Valley Railway","kind":"rail_construction","operator":"","description":""}},{"type":"Feature","geometry":{"type":"LineString","coordinates":[[145.40377,-37.66041],[145.40584,-37.66024],[145.40833,-37.66003],[145.40889,-37.65997],[145.40935,-37.65992],[145.40975,-37.65985],[145.41016,-37.65977],[145.41063,-37.65966],[145.41084,-37.6596]]},"properties":{"name":"Yarra Valley Railway","kind":"rail_construction","operator":"","description":""}},{"type":"Feature","geometry":{"type":"LineString","coordinates":[[145.40138,-37.66061],[145.40172,-37.66058]]},"properties":{"name":"Yarra Valley Railway","kind":"rail_construction","operator":"","description":""}},{"type":"Feature","geometry":{"type":"LineString","coordinates":[[145.37331,-37.66114],[145.37289,-37.66138],[145.37161,-37.66216],[145.37157,-37.66218],[145.37152,-37.6622],[145.37145,-37.66223],[145.37134,-37.66228]]},"properties":{"name":"Yarra Valley Railway","kind":"rail_construction","operator":"","description":""}},{"type":"Feature","geometry":{"type":"LineString","coordinates":[[145.3736,-37.66082],[145.37318,-37.66113],[145.37155,-37.66215],[145.37148,-37.6622],[145.37134,-37.66228],[145.37126,-37.66232],[145.37116,-37.66237],[145.37104,-37.66244]]},"properties":{"name":"Yarra Valley Railway","kind":"rail_construction","operator":"","description":""}},{"type":"Feature","geometry":{"type":"LineString","coordinates":[[145.42795,-37.65771],[145.42775,-37.65761],[145.42768,-37.65758],[145.42751,-37.6575],[145.42745,-37.65746],[145.42736,-37.65743],[145.42582,-37.65691],[145.42576,-37.65689],[145.4257,-37.65687],[145.4254,-37.65682],[145.42531,-37.65679],[145.42514,-37.65674]]},"properties":{"name":"Planned/under construction","kind":"rail_construction","operator":"","description":""}},{"type":"Feature","geometry":{"type":"Point","coordinates":[145.16921,-38.15743]},"properties":{"name":"Peninsula Private Hospital","kind":"hospital","operator":""}},{"type":"Feature","geometry":{"type":"Point","coordinates":[145.19568,-37.92762]},"properties":{"name":"Churches of Christ Theological College","kind":"university","operator":""}},{"type":"Feature","geometry":{"type":"LineString","coordinates":[[144.78217,-38.37804],[144.78279,-38.37867],[144.7837,-38.37927],[144.78717,-38.3818],[144.79238,-38.38474],[144.79371,-38.38517],[144.79678,-38.38565],[144.80317,-38.38604],[144.81764,-38.3877],[144.83131,-38.38873],[144.84251,-38.38885],[144.84809,-38.38836],[144.85546,-38.38641],[144.8798,-38.37898],[144.8889,-38.37558],[144.88888,-38.37611],[144.88865,-38.37649],[144.88867,-38.37686],[144.88873,-38.37702],[144.88762,-38.37719],[144.88036,-38.37942],[144.85564,-38.38706],[144.84821,-38.38902],[144.84251,-38.38942],[144.83895,-38.38939],[144.83191,-38.38934],[144.82055,-38.38858],[144.81637,-38.38814],[144.80309,-38.38668],[144.79674,-38.38629],[144.79356,-38.38567],[144.7921,-38.38522],[144.78607,-38.38183],[144.7841,-38.38035],[144.78237,-38.37904]]},"properties":{"name":"Proposed Route of future Mornington Peninsula Freeway Extension","kind":"road_proposed","operator":"","description":""}},{"type":"Feature","geometry":{"type":"LineString","coordinates":[[145.07985,-37.73596],[145.07984,-37.73593],[145.07981,-37.73587],[145.0798,-37.73581],[145.07978,-37.73573],[145.07977,-37.73566],[145.07976,-37.73554],[145.07976,-37.73548],[145.07972,-37.73538],[145.07966,-37.7353],[145.07959,-37.73521],[145.07952,-37.73512],[145.0795,-37.73506],[145.0795,-37.735],[145.07953,-37.73493],[145.07952,-37.73488],[145.0794,-37.73476],[145.07909,-37.73494]]},"properties":{"name":"River Gum Walk Trail","kind":"road_construction","operator":"","description":""}},{"type":"Feature","geometry":{"type":"LineString","coordinates":[[145.07666,-37.7808],[145.07778,-37.78041],[145.07824,-37.78025],[145.07858,-37.78016],[145.07885,-37.78009],[145.07937,-37.77998],[145.08013,-37.77986],[145.08061,-37.77981],[145.08113,-37.77976],[145.08178,-37.77976],[145.08251,-37.77981],[145.08425,-37.78002],[145.08473,-37.78006],[145.08524,-37.78009],[145.086,-37.78011],[145.08722,-37.78012],[145.08801,-37.78009],[145.0891,-37.78005],[145.09051,-37.7799],[145.09252,-37.77965],[145.0927,-37.77963],[145.09307,-37.77962],[145.09364,-37.77962],[145.09424,-37.77967],[145.0949,-37.77975],[145.09539,-37.77985],[145.09611,-37.78006],[145.09674,-37.78032],[145.09728,-37.78061],[145.09772,-37.78088],[145.09819,-37.78126],[145.09857,-37.78168],[145.09895,-37.78218],[145.09918,-37.78262],[145.09946,-37.78335],[145.09988,-37.78475],[145.09996,-37.78495]]},"properties":{"name":"Eastern Freeway (Express)","kind":"road_construction","operator":"","description":""}},{"type":"Feature","geometry":{"type":"Point","coordinates":[144.6933,-37.88904]},"properties":{"name":"The University of Melbourne, Werribee Campus","kind":"university","operator":""}},{"type":"Feature","geometry":{"type":"Point","coordinates":[145.01471,-37.6551]},"properties":{"name":"Ambulatory Care Centre redevelopment","kind":"hospital_construction","operator":"Northern Health"}},{"type":"Feature","geometry":{"type":"Point","coordinates":[145.11412,-37.84724]},"properties":{"name":"Deakin University","kind":"university","operator":""}},{"type":"Feature","geometry":{"type":"Point","coordinates":[145.01815,-37.96082]},"properties":{"name":"Sandringham & District Memorial Hospital","kind":"hospital","operator":"Alfred Health"}},{"type":"Feature","geometry":{"type":"LineString","coordinates":[[145.26602,-38.06592],[145.26506,-38.06599],[145.26459,-38.066],[145.26287,-38.06593],[145.26173,-38.06598],[145.26092,-38.06604],[145.26068,-38.06607],[145.26062,-38.06608],[145.25848,-38.06635],[145.25815,-38.06643],[145.2568,-38.0666],[145.25591,-38.06675],[145.25519,-38.06685]]},"properties":{"name":"Glasscocks Road","kind":"road_proposed","operator":"","description":""}},{"type":"Feature","geometry":{"type":"LineString","coordinates":[[145.09577,-37.90602],[145.09739,-37.90733],[145.0993,-37.90878]]},"properties":{"name":"Rowville Line","kind":"rail_proposed","operator":"","description":""}},{"type":"Feature","geometry":{"type":"LineString","coordinates":[[145.0958,-37.906],[145.09751,-37.90723],[145.09942,-37.90868]]},"properties":{"name":"Rowville Line","kind":"rail_proposed","operator":"","description":""}},{"type":"Feature","geometry":{"type":"LineString","coordinates":[[145.17214,-37.92022],[145.17292,-37.92031]]},"properties":{"name":"Rowville Line","kind":"rail_proposed","operator":"","description":""}},{"type":"Feature","geometry":{"type":"LineString","coordinates":[[145.17465,-37.92053],[145.18061,-37.92126]]},"properties":{"name":"Rowville Line","kind":"rail_proposed","operator":"","description":""}},{"type":"Feature","geometry":{"type":"LineString","coordinates":[[145.17292,-37.92031],[145.17465,-37.92053]]},"properties":{"name":"Rowville Line","kind":"rail_proposed","operator":"","description":""}},{"type":"Feature","geometry":{"type":"LineString","coordinates":[[145.17294,-37.92036],[145.1747,-37.92058]]},"properties":{"name":"Rowville Line","kind":"rail_proposed","operator":"","description":""}},{"type":"Feature","geometry":{"type":"LineString","coordinates":[[145.1747,-37.92058],[145.1806,-37.9213]]},"properties":{"name":"Rowville Line","kind":"rail_proposed","operator":"","description":""}},{"type":"Feature","geometry":{"type":"LineString","coordinates":[[145.17213,-37.92026],[145.17294,-37.92036]]},"properties":{"name":"Rowville Line","kind":"rail_proposed","operator":"","description":""}},{"type":"Feature","geometry":{"type":"LineString","coordinates":[[144.71361,-37.82928],[144.71565,-37.82949],[144.71574,-37.82947],[144.71669,-37.8293],[144.7169,-37.8292],[144.71765,-37.82882],[144.71827,-37.82839],[144.71967,-37.82741],[144.72051,-37.82673],[144.72064,-37.82662],[144.72095,-37.82624],[144.72114,-37.82492],[144.72126,-37.82401],[144.72129,-37.82383]]},"properties":{"name":"Woods Road","kind":"road_construction","operator":"","description":""}},{"type":"Feature","geometry":{"type":"LineString","coordinates":[[145.01767,-37.8256],[145.01688,-37.82605]]},"properties":{"name":"Planned/under construction","kind":"rail_proposed","operator":"","description":""}},{"type":"Feature","geometry":{"type":"LineString","coordinates":[[144.96455,-37.83435],[144.96461,-37.8343],[144.96534,-37.83412],[144.96586,-37.83397],[144.96596,-37.83394],[144.96654,-37.83377],[144.96769,-37.83344],[144.968,-37.83335]]},"properties":{"name":"Planned/under construction","kind":"rail_proposed","operator":"","description":""}},{"type":"Feature","geometry":{"type":"LineString","coordinates":[[144.96456,-37.83438],[144.96535,-37.83415],[144.96588,-37.834],[144.96597,-37.83397],[144.96655,-37.8338],[144.96801,-37.83338]]},"properties":{"name":"Planned/under construction","kind":"rail_proposed","operator":"","description":""}},{"type":"Feature","geometry":{"type":"Point","coordinates":[144.9805,-37.8092]},"properties":{"name":"Catholic Theological College","kind":"university","operator":"University of Divinity"}},{"type":"Feature","geometry":{"type":"LineString","coordinates":[[145.38858,-37.66039],[145.38884,-37.66043]]},"properties":{"name":"Yarra Valley Railway","kind":"rail_construction","operator":"","description":""}},{"type":"Feature","geometry":{"type":"LineString","coordinates":[[145.39155,-37.66092],[145.3918,-37.66097]]},"properties":{"name":"Yarra Valley Railway","kind":"rail_construction","operator":"","description":""}},{"type":"Feature","geometry":{"type":"LineString","coordinates":[[145.38884,-37.66043],[145.39155,-37.66092]]},"properties":{"name":"Yarra Valley Railway","kind":"rail_construction","operator":"","description":""}},{"type":"Feature","geometry":{"type":"LineString","coordinates":[[145.39393,-37.66122],[145.39421,-37.66122],[145.39448,-37.66121],[145.39495,-37.66116],[145.39677,-37.66102]]},"properties":{"name":"Yarra Valley Railway","kind":"rail_construction","operator":"","description":""}},{"type":"Feature","geometry":{"type":"LineString","coordinates":[[144.7454,-37.8541],[144.74202,-37.85379],[144.74157,-37.85374],[144.74146,-37.85375],[144.74101,-37.8537],[144.73948,-37.85357],[144.73892,-37.85352],[144.73882,-37.85351],[144.73844,-37.85348],[144.73536,-37.85321],[144.73489,-37.85317],[144.73481,-37.85317],[144.73438,-37.85313],[144.73339,-37.85304],[144.73242,-37.85296],[144.73141,-37.85288],[144.73129,-37.85287],[144.72967,-37.85273],[144.72956,-37.85272],[144.7278,-37.85256]]},"properties":{"name":"Sayers Road","kind":"road_proposed","operator":"","description":""}},{"type":"Feature","geometry":{"type":"LineString","coordinates":[[144.75593,-37.77147],[144.75595,-37.77095],[144.75591,-37.77066],[144.75583,-37.77038],[144.75573,-37.77012],[144.75558,-37.76983],[144.7554,-37.76954],[144.75518,-37.76927],[144.75418,-37.76832],[144.75313,-37.76729],[144.7529,-37.76705],[144.7527,-37.76683],[144.7526,-37.76668],[144.75247,-37.76646],[144.75237,-37.76624],[144.75228,-37.76596],[144.75223,-37.76573],[144.7522,-37.76554],[144.75219,-37.76528],[144.75223,-37.76499],[144.75231,-37.7647],[144.7524,-37.76445],[144.75259,-37.76408],[144.75281,-37.76378],[144.75297,-37.76355],[144.75348,-37.76289],[144.75386,-37.76246]]},"properties":{"name":"Westwood Drive","kind":"road_proposed","operator":"","description":""}},{"type":"Feature","geometry":{"type":"LineString","coordinates":[[144.72648,-37.85247],[144.72386,-37.85222],[144.72378,-37.85222],[144.72274,-37.85212],[144.72168,-37.85202],[144.71975,-37.85184],[144.71965,-37.85183],[144.71737,-37.85161],[144.71728,-37.85161],[144.70996,-37.85092]]},"properties":{"name":"Sayers Road","kind":"road_proposed","operator":"","description":""}},{"type":"Feature","geometry":{"type":"Point","coordinates":[144.98211,-37.84553]},"properties":{"name":"Alfred Hospital","kind":"hospital","operator":""}},{"type":"Feature","geometry":{"type":"LineString","coordinates":[[144.60698,-37.88321],[144.6066,-37.88473]]},"properties":{"name":"Werribee - Wyndham Vale Extension","kind":"rail_proposed","operator":"","description":""}},{"type":"Feature","geometry":{"type":"LineString","coordinates":[[144.60703,-37.88322],[144.60665,-37.88473]]},"properties":{"name":"Werribee - Wyndham Vale Extension","kind":"rail_proposed","operator":"","description":""}},{"type":"Feature","geometry":{"type":"LineString","coordinates":[[144.6066,-37.88473],[144.60588,-37.88721],[144.60569,-37.88798],[144.60554,-37.88859],[144.60535,-37.88936],[144.60506,-37.89027]]},"properties":{"name":"Werribee - Wyndham Vale Extension","kind":"rail_proposed","operator":"","description":""}},{"type":"Feature","geometry":{"type":"LineString","coordinates":[[144.60665,-37.88473],[144.60593,-37.88721],[144.60573,-37.88798],[144.60559,-37.8886],[144.60539,-37.88937],[144.60512,-37.89027],[144.60492,-37.89099],[144.60272,-37.89782],[144.60252,-37.89854],[144.60232,-37.89938],[144.60218,-37.89995],[144.60115,-37.90531],[144.60098,-37.90625],[144.60083,-37.90719],[144.60075,-37.90773],[144.60064,-37.90879],[144.60059,-37.90921],[144.60053,-37.90963],[144.60048,-37.90998],[144.60041,-37.91031],[144.60028,-37.91089],[144.60024,-37.91114],[144.60023,-37.91127],[144.60022,-37.91144],[144.60021,-37.91173],[144.60021,-37.91209],[144.60023,-37.91233],[144.60026,-37.9126],[144.6003,-37.91284],[144.60035,-37.91309],[144.60041,-37.91334],[144.60048,-37.91359],[144.6006,-37.91394],[144.60075,-37.91428],[144.60089,-37.91457],[144.60105,-37.91486],[144.6012,-37.91512],[144.6014,-37.91541],[144.60159,-37.91566],[144.60179,-37.91589],[144.60205,-37.91618],[144.60232,-37.91646],[144.60262,-37.91672],[144.60293,-37.91698],[144.60318,-37.91716],[144.60345,-37.91735],[144.60374,-37.91753],[144.60404,-37.9177],[144.60442,-37.9179],[144.60479,-37.91807],[144.60525,-37.91825],[144.60574,-37.91843],[144.60621,-37.91858],[144.60669,-37.9187]]},"properties":{"name":"Werribee - Wyndham Vale Extension","kind":"rail_proposed","operator":"Metro Trains Melbourne","description":""}},{"type":"Feature","geometry":{"type":"LineString","coordinates":[[144.75667,-37.69384],[144.75656,-37.69431],[144.75625,-37.69586],[144.75597,-37.69724],[144.7559,-37.69761],[144.75587,-37.69778],[144.75577,-37.69823],[144.75572,-37.69855],[144.75571,-37.69871],[144.75572,-37.69927],[144.75574,-37.6995],[144.75579,-37.69976],[144.75586,-37.70006],[144.75595,-37.70038],[144.75605,-37.70076],[144.75615,-37.70111],[144.75637,-37.70182]]},"properties":{"name":"Calder Park Drive","kind":"road_proposed","operator":"","description":""}},{"type":"Feature","geometry":{"type":"LineString","coordinates":[[144.75651,-37.70218],[144.75659,-37.70272],[144.75665,-37.70316],[144.75669,-37.70364],[144.7567,-37.70382],[144.75671,-37.70388],[144.75674,-37.70423],[144.75674,-37.70446],[144.75675,-37.70468],[144.75675,-37.70503],[144.75675,-37.70511],[144.75675,-37.70515],[144.75675,-37.70521],[144.75672,-37.70559],[144.75668,-37.70585],[144.75663,-37.70611],[144.75655,-37.70643],[144.75649,-37.7066],[144.75632,-37.70691],[144.75622,-37.70709],[144.75612,-37.70721],[144.75598,-37.70737],[144.75585,-37.70748],[144.75566,-37.70766],[144.75549,-37.70784],[144.75538,-37.70798],[144.7553,-37.70813],[144.75524,-37.70827],[144.75515,-37.70848],[144.75509,-37.70871],[144.75507,-37.70878],[144.75506,-37.70885],[144.75505,-37.70896],[144.75504,-37.70909],[144.75504,-37.70924],[144.75507,-37.70955],[144.7551,-37.70978],[144.75527,-37.71046]]},"properties":{"name":"Calder Park Drive","kind":"road_proposed","operator":"","description":""}},{"type":"Feature","geometry":{"type":"LineString","coordinates":[[144.75538,-37.71092],[144.75549,-37.7115],[144.75556,-37.71183],[144.75568,-37.71228],[144.75573,-37.71253],[144.75575,-37.71271],[144.75576,-37.71305],[144.75574,-37.71332],[144.7557,-37.71368],[144.75566,-37.71387],[144.75561,-37.71406],[144.75553,-37.71427],[144.75545,-37.71446],[144.75528,-37.71482],[144.75515,-37.71504],[144.75497,-37.71531],[144.75477,-37.71559],[144.75454,-37.71596],[144.75441,-37.71614]]},"properties":{"name":"Calder Park Drive","kind":"road_proposed","operator":"","description":""}},{"type":"Feature","geometry":{"type":"LineString","coordinates":[[144.75419,-37.71638],[144.75374,-37.71696],[144.75147,-37.72013],[144.75137,-37.7203],[144.75128,-37.72045],[144.75119,-37.72065],[144.75112,-37.72083],[144.75105,-37.72106],[144.75099,-37.72128],[144.75092,-37.72155],[144.75085,-37.72191],[144.75082,-37.72211],[144.7508,-37.72222],[144.75075,-37.72246],[144.75068,-37.72285],[144.7506,-37.7233]]},"properties":{"name":"Calder Park Drive","kind":"road_proposed","operator":"","description":""}},{"type":"Feature","geometry":{"type":"LineString","coordinates":[[145.12027,-37.79719],[145.12034,-37.7972],[145.12045,-37.79728],[145.12053,-37.79744],[145.12063,-37.79753],[145.12078,-37.79755],[145.12108,-37.79755],[145.12131,-37.79753],[145.12151,-37.79764],[145.12158,-37.79775]]},"properties":{"name":"Koonung Creek Trail","kind":"road_construction","operator":"","description":""}},{"type":"Feature","geometry":{"type":"LineString","coordinates":[[145.25348,-38.06686],[145.25314,-38.06679],[145.25279,-38.0667],[145.25243,-38.06658],[145.25205,-38.06644],[145.25165,-38.06627],[145.25122,-38.06605],[145.25065,-38.06577],[145.25004,-38.06547]]},"properties":{"name":"Glasscocks Road","kind":"road_proposed","operator":"","description":""}},{"type":"Feature","geometry":{"type":"LineString","coordinates":[[144.7574,-37.68755],[144.75739,-37.68804],[144.7574,-37.68836],[144.75741,-37.68868],[144.75741,-37.689],[144.75738,-37.68932],[144.75734,-37.68969],[144.75718,-37.69064],[144.75688,-37.69253]]},"properties":{"name":"Calder Park Drive","kind":"road_proposed","operator":"","description":""}},{"type":"Feature","geometry":{"type":"LineString","coordinates":[[145.54358,-38.45786],[145.5428,-38.45869],[145.54178,-38.45967],[145.54129,-38.46015],[145.53755,-38.46372],[145.5328,-38.46836],[145.52854,-38.47309],[145.52502,-38.47716],[145.52044,-38.48241],[145.51516,-38.48826],[145.5096,-38.49436],[145.50827,-38.49599],[145.50764,-38.49661],[145.50726,-38.49691],[145.5072,-38.49696]]},"properties":{"name":"Wonthaggi railway line","kind":"road_proposed","operator":"","description":""}},{"type":"Feature","geometry":{"type":"Point","coordinates":[144.97182,-37.81351]},"properties":{"name":"Australian National University","kind":"university","operator":""}},{"type":"Feature","geometry":{"type":"LineString","coordinates":[[144.75655,-37.69316],[144.75679,-37.69167],[144.7572,-37.68915],[144.75721,-37.68899],[144.75721,-37.6888],[144.7572,-37.6886],[144.7572,-37.68839],[144.7572,-37.68809],[144.75722,-37.68781],[144.75738,-37.68669],[144.75773,-37.68434],[144.75782,-37.68382],[144.75789,-37.68355],[144.758,-37.68329],[144.75812,-37.68302],[144.75816,-37.68296]]},"properties":{"name":"Calder Park Drive","kind":"road_proposed","operator":"","description":""}},{"type":"Feature","geometry":{"type":"LineString","coordinates":[[145.2385,-38.04745],[145.23841,-38.04748],[145.23832,-38.04748],[145.2356,-38.0472],[145.23365,-38.04698],[145.23313,-38.04698],[145.22807,-38.04641],[145.22762,-38.0464],[145.22715,-38.04641],[145.22685,-38.04639],[145.22656,-38.04635]]},"properties":{"name":"Bayliss Road","kind":"road_construction","operator":"","description":""}},{"type":"Feature","geometry":{"type":"LineString","coordinates":[[144.91451,-38.36698],[144.91335,-38.36776],[144.91271,-38.36816],[144.9121,-38.36848],[144.9115,-38.36875],[144.91088,-38.36903],[144.91017,-38.36933],[144.90932,-38.36967],[144.90834,-38.37002],[144.90748,-38.37034],[144.90631,-38.37075],[144.90501,-38.37121],[144.90286,-38.37197]]},"properties":{"name":"Mornington Peninsula Freeway","kind":"road_proposed","operator":"","description":""}},{"type":"Feature","geometry":{"type":"LineString","coordinates":[[144.89515,-38.37453],[144.89205,-38.37547],[144.89092,-38.37583],[144.88981,-38.37618],[144.88806,-38.37671],[144.88556,-38.3775],[144.88355,-38.37818],[144.88225,-38.37867],[144.87995,-38.37944],[144.86752,-38.38326],[144.85498,-38.38711],[144.84813,-38.3889],[144.84252,-38.38927],[144.83392,-38.3892],[144.83127,-38.38916],[144.82028,-38.38841],[144.80847,-38.3871],[144.80343,-38.38648],[144.80215,-38.38638],[144.7996,-38.38623],[144.79699,-38.38611],[144.7962,-38.38603],[144.79351,-38.38549],[144.79234,-38.38512],[144.79047,-38.3841],[144.78856,-38.38304],[144.78674,-38.382],[144.78534,-38.38101],[144.78329,-38.37949],[144.78244,-38.37875],[144.78142,-38.37753]]},"properties":{"name":"Mornington Peninsula Freeway","kind":"road_proposed","operator":"","description":""}},{"type":"Feature","geometry":{"type":"LineString","coordinates":[[144.78185,-38.37784],[144.78247,-38.3785],[144.78296,-38.37895],[144.7861,-38.38122],[144.78727,-38.38202],[144.79239,-38.38486],[144.79334,-38.38518],[144.79441,-38.38542],[144.79563,-38.38562],[144.79694,-38.3858],[144.80179,-38.38607],[144.80338,-38.3862],[144.80882,-38.38683],[144.81267,-38.38726],[144.81796,-38.3879],[144.83132,-38.38885],[144.83468,-38.3889],[144.84268,-38.38901],[144.84826,-38.38848],[144.8518,-38.38752],[144.85798,-38.38581],[144.87204,-38.38149],[144.87964,-38.37917],[144.88035,-38.37893],[144.88306,-38.37806],[144.88546,-38.37725],[144.88788,-38.37648],[144.88856,-38.37625],[144.88936,-38.37602],[144.89041,-38.37569],[144.8917,-38.37529],[144.89311,-38.37482],[144.89467,-38.3743],[144.89497,-38.3742],[144.89817,-38.37315],[144.90044,-38.37239],[144.90426,-38.37109],[144.90627,-38.3704],[144.90746,-38.36998],[144.90851,-38.36964],[144.90938,-38.3693],[144.91078,-38.36872],[144.91234,-38.36798],[144.91339,-38.36735]]},"properties":{"name":"Mornington Peninsula Freeway","kind":"road_proposed","operator":"","description":""}},{"type":"Feature","geometry":{"type":"LineString","coordinates":[[144.76609,-37.67513],[144.76617,-37.67496],[144.7662,-37.67486],[144.76623,-37.67474],[144.76626,-37.67459],[144.76627,-37.67442],[144.76626,-37.67428],[144.76623,-37.67409]]},"properties":{"name":"Calder Freeway Onramp","kind":"road_proposed","operator":"","description":""}},{"type":"Feature","geometry":{"type":"LineString","coordinates":[[144.76647,-37.67466],[144.7664,-37.67449],[144.76632,-37.67428],[144.76623,-37.67409],[144.76615,-37.67391],[144.76602,-37.67365],[144.76585,-37.67336],[144.76571,-37.67316],[144.76549,-37.6729],[144.76516,-37.67259],[144.76492,-37.67237]]},"properties":{"name":"Calder Freeway Onramp","kind":"road_proposed","operator":"","description":""}},{"type":"Feature","geometry":{"type":"LineString","coordinates":[[144.7705,-37.67612],[144.77022,-37.67599],[144.76987,-37.67585],[144.76943,-37.67568],[144.76872,-37.67544],[144.76805,-37.67522],[144.76774,-37.67513],[144.76731,-37.67501],[144.76713,-37.67499],[144.76699,-37.67499]]},"properties":{"name":"Calder Freeway Offramp","kind":"road_proposed","operator":"","description":""}},{"type":"Feature","geometry":{"type":"LineString","coordinates":[[144.76699,-37.67499],[144.76688,-37.67501],[144.76676,-37.67501],[144.76665,-37.67498],[144.76656,-37.67492],[144.76649,-37.67485],[144.76646,-37.67475],[144.76647,-37.67466],[144.76651,-37.67457],[144.7666,-37.67449],[144.76671,-37.67445],[144.76683,-37.67443],[144.76695,-37.67445],[144.76706,-37.6745],[144.76714,-37.67457],[144.76719,-37.67466],[144.76719,-37.67476],[144.76716,-37.67486],[144.76709,-37.67493],[144.76699,-37.67499]]},"properties":{"name":"Calder Park Drive","kind":"road_proposed","operator":"","description":""}},{"type":"Feature","geometry":{"type":"LineString","coordinates":[[144.76867,-37.67306],[144.76889,-37.67317],[144.76904,-37.6733],[144.76913,-37.6734],[144.76922,-37.67351],[144.7694,-37.67379],[144.76965,-37.67429],[144.76987,-37.67477],[144.77003,-37.67505],[144.77015,-37.67522],[144.77065,-37.67568],[144.77144,-37.67636]]},"properties":{"name":"Calder Freeway Onramp","kind":"road_proposed","operator":"","description":""}},{"type":"Feature","geometry":{"type":"LineString","coordinates":[[144.76824,-37.67306],[144.76834,-37.67302],[144.76845,-37.673],[144.76857,-37.67301],[144.76867,-37.67306],[144.76876,-37.67312],[144.76881,-37.67321],[144.76882,-37.6733],[144.76879,-37.6734],[144.76873,-37.67348],[144.76864,-37.67354],[144.76852,-37.67357],[144.7684,-37.67357],[144.76829,-37.67354],[144.76819,-37.67348],[144.76812,-37.6734],[144.7681,-37.67331],[144.76811,-37.67321],[144.76816,-37.67313],[144.76824,-37.67306]]},"properties":{"name":"Calder Park Drive","kind":"road_proposed","operator":"","description":""}},{"type":"Feature","geometry":{"type":"LineString","coordinates":[[144.76506,-37.67208],[144.76664,-37.67299],[144.7676,-37.67359],[144.76858,-37.67424],[144.76871,-37.67427],[144.76885,-37.67427],[144.76898,-37.67424],[144.7691,-37.67418],[144.76918,-37.67409],[144.76924,-37.67399],[144.76925,-37.67388],[144.76922,-37.67377],[144.76915,-37.67368],[144.76905,-37.6736],[144.76892,-37.67355],[144.76878,-37.67353],[144.76864,-37.67354]]},"properties":{"name":"Calder Freeway Offramp","kind":"road_proposed","operator":"","description":""}},{"type":"Feature","geometry":{"type":"Point","coordinates":[144.96258,-37.83456]},"properties":{"name":"JMC Academy (Park Street Campus)","kind":"university","operator":""}},{"type":"Feature","geometry":{"type":"LineString","coordinates":[[145.41685,-37.65784],[145.4171,-37.65777]]},"properties":{"name":"Yarra Valley Railway","kind":"rail_construction","operator":"","description":""}},{"type":"Feature","geometry":{"type":"LineString","coordinates":[[145.41971,-37.65701],[145.42003,-37.65691]]},"properties":{"name":"Yarra Valley Railway","kind":"rail_construction","operator":"","description":""}},{"type":"Feature","geometry":{"type":"LineString","coordinates":[[145.44038,-37.66196],[145.44048,-37.66199]]},"properties":{"name":"Planned/under construction","kind":"rail_construction","operator":"","description":""}},{"type":"Feature","geometry":{"type":"LineString","coordinates":[[145.4171,-37.65777],[145.41971,-37.65701]]},"properties":{"name":"Yarra Valley Railway","kind":"rail_construction","operator":"","description":""}},{"type":"Feature","geometry":{"type":"LineString","coordinates":[[145.42003,-37.65691],[145.42118,-37.65657],[145.42151,-37.65648],[145.42182,-37.65641],[145.422,-37.65637],[145.4222,-37.65634]]},"properties":{"name":"Yarra Valley Railway","kind":"rail_construction","operator":"","description":""}},{"type":"Feature","geometry":{"type":"LineString","coordinates":[[144.74884,-37.74703],[144.74851,-37.747],[144.74819,-37.74696],[144.74776,-37.74692],[144.74727,-37.74688],[144.74681,-37.74683],[144.74504,-37.74666],[144.74295,-37.74648],[144.74277,-37.74647],[144.74262,-37.74644],[144.74247,-37.74641],[144.7423,-37.74634],[144.74214,-37.74626],[144.74151,-37.74589]]},"properties":{"name":"Rockbank Middle Road","kind":"road_proposed","operator":"","description":""}},{"type":"Feature","geometry":{"type":"LineString","coordinates":[[145.0965,-37.65012],[145.09712,-37.65033],[145.0976,-37.65057],[145.09785,-37.65083],[145.09808,-37.65111],[145.09819,-37.65137],[145.09827,-37.65185],[145.09821,-37.65228]]},"properties":{"name":"Proposed Findon Road Extension","kind":"road_proposed","operator":"","description":""}},{"type":"Feature","geometry":{"type":"LineString","coordinates":[[144.76855,-37.87089],[144.76743,-37.8708],[144.76632,-37.8707],[144.76626,-37.8707],[144.76517,-37.87061],[144.7647,-37.87057],[144.76392,-37.87051],[144.76259,-37.8704],[144.7616,-37.87032],[144.76155,-37.87032],[144.7615,-37.87031],[144.76145,-37.87031],[144.7614,-37.87031],[144.76133,-37.87031],[144.76125,-37.87031],[144.76119,-37.87031],[144.76112,-37.87032],[144.76106,-37.87033],[144.76099,-37.87033],[144.76093,-37.87034],[144.76086,-37.87036],[144.76082,-37.87037],[144.76078,-37.87038],[144.76075,-37.87039],[144.76071,-37.87041]]},"properties":{"name":"Central Avenue","kind":"road_proposed","operator":"","description":""}},{"type":"Feature","geometry":{"type":"LineString","coordinates":[[144.78637,-37.87362],[144.78617,-37.87357],[144.78577,-37.87348],[144.78527,-37.87336],[144.78417,-37.87311],[144.78307,-37.87286],[144.78196,-37.8726],[144.78089,-37.87236],[144.77977,-37.8721],[144.77863,-37.87184],[144.77818,-37.87175],[144.77796,-37.8717],[144.77771,-37.87168]]},"properties":{"name":"Queen Street","kind":"road_proposed","operator":"","description":""}},{"type":"Feature","geometry":{"type":"LineString","coordinates":[[145.00888,-37.62085],[145.00895,-37.61967],[145.00928,-37.61677],[145.0092,-37.61563],[145.00915,-37.61431],[145.0092,-37.61368],[145.00925,-37.61304],[145.00938,-37.61231],[145.00972,-37.61063],[145.00997,-37.60932],[145.01016,-37.60813],[145.01038,-37.60691],[145.01085,-37.60547],[145.01132,-37.60447],[145.01166,-37.60384],[145.01194,-37.6034],[145.01318,-37.60133],[145.01366,-37.60039],[145.01383,-37.5999],[145.01391,-37.59949],[145.01447,-37.59577]]},"properties":{"name":"Proposed Wollert/Epping North Rail Line","kind":"rail_proposed","operator":"","description":""}},{"type":"Feature","geometry":{"type":"LineString","coordinates":[[145.01085,-37.60547],[145.01047,-37.60692],[145.01025,-37.60815],[145.00995,-37.60984],[145.00983,-37.61062],[145.00969,-37.61156],[145.00942,-37.61304],[145.00935,-37.61371],[145.00931,-37.6143],[145.00933,-37.61553],[145.00936,-37.616],[145.0094,-37.61678],[145.0091,-37.61969],[145.00888,-37.62085]]},"properties":{"name":"Proposed Wollert/Epping North Rail Line","kind":"rail_proposed","operator":"","description":""}},{"type":"Feature","geometry":{"type":"LineString","coordinates":[[144.84021,-37.64716],[144.84056,-37.64754],[144.84084,-37.64788],[144.84111,-37.64828],[144.84132,-37.64863],[144.84156,-37.64906],[144.8417,-37.64937],[144.8419,-37.64981],[144.84203,-37.65017],[144.84217,-37.65063],[144.84246,-37.65158],[144.84268,-37.65231],[144.84293,-37.65308],[144.84315,-37.65361],[144.84339,-37.6541],[144.84369,-37.65461],[144.84398,-37.65504],[144.84416,-37.65528],[144.84457,-37.65576],[144.84493,-37.65613],[144.84526,-37.65644],[144.84583,-37.65693],[144.84628,-37.65725],[144.84698,-37.6577],[144.84748,-37.65798],[144.84791,-37.65819],[144.84831,-37.65836],[144.84876,-37.65854],[144.84968,-37.65887],[144.85062,-37.6592],[144.85137,-37.65946],[144.85191,-37.6597],[144.85238,-37.65994],[144.85291,-37.66025],[144.85336,-37.66057],[144.85369,-37.66084],[144.85415,-37.66128],[144.85441,-37.66157],[144.85465,-37.66187],[144.85486,-37.66218],[144.8551,-37.66258],[144.85517,-37.66273],[144.85533,-37.66311],[144.85544,-37.66342],[144.85555,-37.66383],[144.85561,-37.66419],[144.85569,-37.66485]]},"properties":{"name":"Tullamarine Freeway Extension","kind":"road_proposed","operator":"","description":""}},{"type":"Feature","geometry":{"type":"LineString","coordinates":[[145.04794,-37.68464],[145.0482,-37.68502],[145.04874,-37.68551],[145.04923,-37.68587],[145.0498,-37.68614],[145.05026,-37.6863],[145.05102,-37.68648],[145.05256,-37.68644]]},"properties":{"name":"E6 Road Corridor","kind":"road_proposed","operator":"","description":""}},{"type":"Feature","geometry":{"type":"LineString","coordinates":[[145.0438,-37.68744],[145.04485,-37.6872],[145.04586,-37.68692],[145.04641,-37.68663],[145.04686,-37.68616],[145.04711,-37.68568],[145.04717,-37.68539],[145.04727,-37.68406],[145.04724,-37.68278],[145.0472,-37.68185]]},"properties":{"name":"E6 Road Corridor","kind":"road_proposed","operator":"","description":""}},{"type":"Feature","geometry":{"type":"LineString","coordinates":[[145.04794,-37.68464],[145.04797,-37.68519],[145.048,-37.68553],[145.04785,-37.68623],[145.04769,-37.68657],[145.04753,-37.6869],[145.04688,-37.68738],[145.04654,-37.68755],[145.04583,-37.68771],[145.04503,-37.68772],[145.04397,-37.68759]]},"properties":{"name":"E6 Road Corridor","kind":"road_proposed","operator":"","description":""}},{"type":"Feature","geometry":{"type":"LineString","coordinates":[[145.05157,-37.68668],[145.05072,-37.68713],[145.05014,-37.68729],[145.04932,-37.68734],[145.04877,-37.68722],[145.04816,-37.68694],[145.04769,-37.68657],[145.04745,-37.68632],[145.04728,-37.68595],[145.04717,-37.68539]]},"properties":{"name":"E6 Road Corridor","kind":"road_proposed","operator":"","description":""}},{"type":"Feature","geometry":{"type":"LineString","coordinates":[[144.98191,-37.49867],[144.99229,-37.4999],[144.99493,-37.50032],[144.9964,-37.50058],[144.99767,-37.50092],[144.99999,-37.50191],[145.00288,-37.50328],[145.00399,-37.5038],[145.00771,-37.50602],[145.00934,-37.50741],[145.01136,-37.50929],[145.0127,-37.5112],[145.0146,-37.51444],[145.01657,-37.51823],[145.01868,-37.52137],[145.0194,-37.52278],[145.02154,-37.52712],[145.02199,-37.52791],[145.02388,-37.53017],[145.02555,-37.53158],[145.02966,-37.53519],[145.03278,-37.53824],[145.0344,-37.54005],[145.03589,-37.542],[145.03708,-37.54379],[145.03773,-37.54592],[145.03776,-37.54672],[145.03805,-37.55336],[145.03806,-37.55363],[145.03793,-37.55608],[145.03759,-37.55831],[145.03679,-37.56036],[145.03559,-37.56246],[145.03453,-37.56462],[145.03395,-37.56659],[145.03371,-37.56882],[145.03384,-37.57298],[145.03396,-37.57597],[145.03428,-37.58417],[145.03436,-37.5856],[145.03447,-37.58759],[145.0346,-37.58851],[145.0348,-37.58985],[145.03561,-37.59253],[145.03726,-37.59534],[145.03886,-37.59742],[145.0417,-37.60001],[145.04341,-37.60167],[145.04495,-37.60383],[145.04583,-37.60628],[145.04599,-37.60889],[145.04596,-37.61005],[145.04595,-37.61011],[145.04594,-37.61016],[145.04563,-37.61276],[145.0455,-37.61367],[145.04486,-37.61781],[145.04408,-37.62245],[145.0435,-37.62648],[145.04376,-37.62818],[145.04483,-37.63039],[145.04685,-37.63373],[145.04731,-37.63453],[145.04754,-37.63531],[145.04747,-37.63686],[145.04729,-37.64041],[145.04712,-37.64179],[145.04699,-37.64288],[145.04529,-37.65116],[145.04487,-37.65287],[145.0426,-37.65915],[145.04238,-37.65986],[145.04234,-37.66007],[145.04221,-37.66074],[145.04205,-37.66326],[145.04208,-37.66384],[145.04229,-37.66435],[145.04275,-37.66537],[145.04357,-37.66693],[145.04439,-37.66841],[145.04518,-37.66987],[145.04588,-37.67121],[145.04602,-37.67164],[145.04614,-37.67201],[145.04634,-37.67287],[145.04656,-37.67377],[145.04702,-37.67604],[145.0471,-37.67647]]},"properties":{"name":"E6 Road Corridor","kind":"road_proposed","operator":"","description":""}},{"type":"Feature","geometry":{"type":"LineString","coordinates":[[145.04658,-37.67645],[145.04606,-37.67347],[145.04579,-37.67224],[145.04561,-37.67161],[145.0451,-37.67068],[145.04425,-37.66909],[145.04354,-37.66763],[145.04299,-37.66673],[145.04232,-37.66541],[145.04172,-37.66425],[145.04138,-37.6633],[145.0413,-37.66239],[145.04156,-37.66054],[145.04174,-37.65991],[145.04204,-37.65917],[145.04322,-37.65631],[145.04406,-37.65398],[145.0456,-37.64791],[145.0466,-37.64284],[145.04668,-37.6417],[145.04693,-37.63835],[145.04694,-37.63673],[145.04704,-37.63541],[145.04686,-37.63464],[145.04557,-37.63269],[145.04361,-37.62954],[145.04283,-37.62744],[145.04286,-37.62531],[145.04346,-37.62171],[145.04519,-37.611],[145.04533,-37.61005],[145.04534,-37.60998],[145.04538,-37.60928],[145.04541,-37.60841],[145.04535,-37.60687],[145.04481,-37.60484],[145.04412,-37.60357],[145.04388,-37.60322],[145.04296,-37.60189],[145.04097,-37.59999],[145.0392,-37.59838],[145.03852,-37.59776],[145.03655,-37.59531],[145.03506,-37.59262],[145.03408,-37.5886],[145.03405,-37.58828],[145.0339,-37.58623],[145.03376,-37.58432],[145.03347,-37.57808],[145.0334,-37.57592],[145.03317,-37.56945],[145.03351,-37.56593],[145.0342,-37.56392],[145.03614,-37.56033],[145.03657,-37.55953],[145.03721,-37.55729],[145.03741,-37.55416],[145.03736,-37.55335],[145.03702,-37.54675],[145.03697,-37.54581],[145.03655,-37.54399],[145.03535,-37.54228],[145.03359,-37.5399],[145.02959,-37.53602],[145.02541,-37.53231],[145.02335,-37.53056],[145.02101,-37.52773],[145.02085,-37.5274],[145.01878,-37.52306],[145.01859,-37.52264],[145.01496,-37.51686],[145.01273,-37.51257],[145.01048,-37.50945],[145.00794,-37.507],[145.00442,-37.50481],[145.00278,-37.50392],[145.00164,-37.50331],[144.99744,-37.50153],[144.99606,-37.50116],[144.99462,-37.50099],[144.99232,-37.50072],[144.98181,-37.49942]]},"properties":{"name":"E6 Road Corridor","kind":"road_proposed","operator":"","description":""}},{"type":"Feature","geometry":{"type":"LineString","coordinates":[[144.81846,-37.62737],[144.81904,-37.62746],[144.81967,-37.62755],[144.82619,-37.62829],[144.83162,-37.6289],[144.83169,-37.6289],[144.83197,-37.62893],[144.83317,-37.62906],[144.83482,-37.62924],[144.83633,-37.6294]]},"properties":{"name":"Somerton Road Duplication","kind":"road_proposed","operator":"","description":""}},{"type":"Feature","geometry":{"type":"LineString","coordinates":[[144.92055,-37.56614],[144.92101,-37.56481],[144.92131,-37.56389],[144.92154,-37.56335],[144.92193,-37.56244],[144.92227,-37.56165],[144.92235,-37.56148],[144.923,-37.56036],[144.92348,-37.55949],[144.9237,-37.55894],[144.92398,-37.55824],[144.92407,-37.55774],[144.92427,-37.55671],[144.92451,-37.55544],[144.92466,-37.55468],[144.92494,-37.55316],[144.925,-37.55283]]},"properties":{"name":"Aitken Boulevard","kind":"road_proposed","operator":"","description":""}},{"type":"Feature","geometry":{"type":"LineString","coordinates":[[144.92457,-37.53971],[144.92407,-37.54244],[144.92386,-37.54362],[144.92378,-37.54418],[144.92382,-37.54483],[144.92386,-37.54515],[144.92398,-37.5456],[144.92419,-37.54606],[144.92445,-37.54651],[144.92505,-37.54732],[144.92537,-37.54782],[144.92562,-37.54841],[144.9257,-37.54866],[144.92579,-37.54914],[144.92584,-37.5496],[144.92578,-37.55026],[144.92546,-37.55179],[144.92518,-37.55319],[144.92502,-37.55402]]},"properties":{"name":"Aitken Boulevard","kind":"road_proposed","operator":"","description":""}},{"type":"Feature","geometry":{"type":"LineString","coordinates":[[145.46113,-37.66179],[145.46139,-37.66179]]},"properties":{"name":"Yarra Valley Railway","kind":"rail_construction","operator":"","description":""}},{"type":"Feature","geometry":{"type":"LineString","coordinates":[[144.61763,-37.91666],[144.61806,-37.91723],[144.61874,-37.91823],[144.61965,-37.91966],[144.62028,-37.92076],[144.62046,-37.92104],[144.62092,-37.92173],[144.62122,-37.92216],[144.6218,-37.9228],[144.62227,-37.92321],[144.62288,-37.92363],[144.62388,-37.92402],[144.6242,-37.9241]]},"properties":{"name":"Ison Road","kind":"road_construction","operator":"","description":""}},{"type":"Feature","geometry":{"type":"LineString","coordinates":[[144.62404,-37.92423],[144.62368,-37.92416],[144.62278,-37.92378],[144.62225,-37.92344],[144.62187,-37.92314],[144.62154,-37.92286],[144.62093,-37.92214],[144.62023,-37.92111],[144.62006,-37.92085],[144.62003,-37.92081],[144.61931,-37.91958],[144.61837,-37.91809],[144.61782,-37.91725],[144.61745,-37.91674]]},"properties":{"name":"Ison Road","kind":"road_construction","operator":"","description":""}},{"type":"Feature","geometry":{"type":"LineString","coordinates":[[145.24842,-38.01857],[145.24837,-38.01834],[145.24823,-38.01795],[145.24805,-38.01761],[145.24781,-38.01726],[145.2475,-38.01696],[145.24708,-38.01665],[145.24659,-38.01633],[145.24579,-38.01595]]},"properties":{"name":"Dandenong Bypass Offramp","kind":"road_proposed","operator":"","description":""}},{"type":"Feature","geometry":{"type":"LineString","coordinates":[[145.23541,-38.01015],[145.2369,-38.01158],[145.23847,-38.01248],[145.23998,-38.01318],[145.24142,-38.01377],[145.24349,-38.01463],[145.24514,-38.0152],[145.24586,-38.01533]]},"properties":{"name":"Dandenong Bypass","kind":"road_proposed","operator":"","description":""}},{"type":"Feature","geometry":{"type":"Point","coordinates":[144.89889,-37.79293]},"properties":{"name":"Victoria University (Footscray Park Campus) Building M","kind":"university","operator":"Victoria University"}},{"type":"Feature","geometry":{"type":"LineString","coordinates":[[145.31025,-38.07135],[145.3099,-38.07134],[145.30929,-38.07134],[145.30874,-38.07135],[145.30819,-38.0714],[145.30764,-38.07149],[145.3069,-38.07163],[145.30614,-38.07181],[145.30518,-38.07199],[145.30411,-38.07213],[145.30266,-38.07224],[145.30156,-38.07222],[145.30065,-38.07219],[145.2984,-38.07193],[145.2981,-38.0719]]},"properties":{"name":"Glasscocks Road","kind":"road_proposed","operator":"","description":""}},{"type":"Feature","geometry":{"type":"Point","coordinates":[145.05084,-37.9358]},"properties":{"name":"Holmesglen Private Hospital","kind":"hospital","operator":"Healthscope"}},{"type":"Feature","geometry":{"type":"LineString","coordinates":[[145.29812,-38.07176],[145.29821,-38.07178],[145.30064,-38.07205],[145.3016,-38.07211],[145.30267,-38.07213],[145.30413,-38.072],[145.30512,-38.07189],[145.30603,-38.07171],[145.30689,-38.07154],[145.30775,-38.07138],[145.30823,-38.07131],[145.30859,-38.07129],[145.3091,-38.07127],[145.31001,-38.07127]]},"properties":{"name":"Glasscocks Road","kind":"road_proposed","operator":"","description":""}},{"type":"Feature","geometry":{"type":"LineString","coordinates":[[145.12843,-37.60564],[145.12831,-37.6054],[145.1283,-37.60537],[145.1283,-37.60533],[145.12841,-37.60475],[145.12841,-37.60473],[145.12839,-37.60471],[145.12837,-37.60469],[145.12834,-37.60468],[145.12712,-37.60454],[145.12707,-37.60453],[145.12701,-37.60453]]},"properties":{"name":"Homelea Street","kind":"road_construction","operator":"","description":""}},{"type":"Feature","geometry":{"type":"LineString","coordinates":[[145.11086,-37.79412],[145.11066,-37.79402],[145.11038,-37.79382],[145.11013,-37.79369],[145.10981,-37.79347],[145.10965,-37.79338],[145.10941,-37.79328],[145.10926,-37.79319],[145.10912,-37.79307],[145.10901,-37.79295],[145.10878,-37.79281],[145.10866,-37.79269],[145.10845,-37.79246],[145.10833,-37.79236],[145.10822,-37.79232],[145.10807,-37.79232],[145.10798,-37.79233],[145.10775,-37.79226],[145.10764,-37.79218],[145.10746,-37.79204],[145.10733,-37.79195],[145.10725,-37.79183],[145.10691,-37.79151],[145.1067,-37.79132],[145.1066,-37.79123],[145.10651,-37.79115],[145.10638,-37.79098],[145.10629,-37.79077],[145.10621,-37.79061],[145.10612,-37.79051],[145.10588,-37.79031],[145.10578,-37.7902],[145.10557,-37.78993],[145.10542,-37.78971],[145.10526,-37.78952],[145.10514,-37.78938],[145.10509,-37.78933],[145.10507,-37.78931],[145.10501,-37.78925],[145.10478,-37.78905],[145.10465,-37.78894],[145.10459,-37.78884],[145.10436,-37.78862]]},"properties":{"name":"Koonung Creek Trail","kind":"road_construction","operator":"","description":""}},{"type":"Feature","geometry":{"type":"LineString","coordinates":[[144.57086,-37.96102],[144.57161,-37.96049],[144.57299,-37.95964],[144.57352,-37.95929],[144.57418,-37.95875],[144.57486,-37.95805],[144.57522,-37.95757],[144.57555,-37.95692],[144.57585,-37.95613],[144.57601,-37.95558],[144.57607,-37.95508],[144.57605,-37.95452],[144.576,-37.95401],[144.57585,-37.95334],[144.57562,-37.95266],[144.57539,-37.95212]]},"properties":{"name":"Outer Metropolitan Ring Road","kind":"road_proposed","operator":"","description":""}},{"type":"Feature","geometry":{"type":"LineString","coordinates":[[144.58994,-37.95087],[144.58847,-37.95183],[144.58734,-37.95253],[144.58645,-37.95326],[144.58562,-37.95401],[144.58499,-37.95444],[144.58445,-37.95475],[144.58368,-37.95504],[144.58284,-37.9553],[144.58212,-37.95539]]},"properties":{"name":"Outer Metropolitan Ring Road","kind":"road_proposed","operator":"","description":""}},{"type":"Feature","geometry":{"type":"LineString","coordinates":[[144.5757,-37.9499],[144.57632,-37.95069],[144.57669,-37.95116],[144.57731,-37.95187],[144.57815,-37.95248],[144.57874,-37.95284],[144.57958,-37.95316],[144.58036,-37.95338],[144.58112,-37.95351],[144.58218,-37.95356],[144.58304,-37.95351],[144.58413,-37.9533],[144.58535,-37.95289],[144.58597,-37.95261],[144.58981,-37.95066]]},"properties":{"name":"Outer Metropolitan Ring Road","kind":"road_proposed","operator":"","description":""}},{"type":"Feature","geometry":{"type":"LineString","coordinates":[[144.5757,-37.9499],[144.5763,-37.9509],[144.57692,-37.95182],[144.57733,-37.95265],[144.57758,-37.95341],[144.57769,-37.95397],[144.57775,-37.95468],[144.5777,-37.95547],[144.57758,-37.9561],[144.57726,-37.95705]]},"properties":{"name":"Outer Metropolitan Ring Road","kind":"road_proposed","operator":"","description":""}},{"type":"Feature","geometry":{"type":"LineString","coordinates":[[144.57594,-37.95895],[144.57534,-37.95949],[144.57477,-37.95991],[144.57385,-37.96046],[144.57309,-37.96081],[144.57221,-37.96115],[144.57061,-37.96177],[144.56965,-37.96213],[144.56878,-37.9625]]},"properties":{"name":"Outer Metropolitan Ring Road","kind":"road_proposed","operator":"","description":""}},{"type":"Feature","geometry":{"type":"LineString","coordinates":[[144.57539,-37.95212],[144.57394,-37.94996],[144.57252,-37.94788],[144.57118,-37.94589],[144.56982,-37.94381],[144.5687,-37.94208],[144.56813,-37.94106],[144.56736,-37.93948],[144.56676,-37.93799],[144.56629,-37.93666]]},"properties":{"name":"Outer Metropolitan Ring Road","kind":"road_proposed","operator":"","description":""}},{"type":"Feature","geometry":{"type":"LineString","coordinates":[[144.57178,-37.89936],[144.57157,-37.90121],[144.57134,-37.90233],[144.57078,-37.90537],[144.56984,-37.90991],[144.56906,-37.91426],[144.56808,-37.91971],[144.56787,-37.92084],[144.56716,-37.92429],[144.56673,-37.92685],[144.56664,-37.92884],[144.56676,-37.93171],[144.56727,-37.93471],[144.56742,-37.93533]]},"properties":{"name":"Outer Metropolitan Ring Road","kind":"road_proposed","operator":"","description":""}},{"type":"Feature","geometry":{"type":"LineString","coordinates":[[144.56787,-37.92445],[144.56871,-37.92453],[144.5697,-37.92457],[144.57069,-37.92459],[144.57296,-37.92467],[144.5758,-37.92476],[144.57758,-37.9248],[144.57973,-37.92488]]},"properties":{"name":"Bulban Road Re-Alignment","kind":"road_proposed","operator":"","description":""}},{"type":"Feature","geometry":{"type":"LineString","coordinates":[[144.56521,-37.92808],[144.56531,-37.92657],[144.5655,-37.92476],[144.56586,-37.923],[144.56621,-37.92159],[144.56679,-37.91963],[144.56742,-37.91747],[144.56786,-37.91547],[144.56814,-37.91403],[144.56979,-37.90529],[144.57037,-37.90221],[144.57061,-37.90079],[144.57085,-37.89869],[144.57062,-37.89282],[144.57022,-37.88597],[144.57006,-37.88314],[144.57009,-37.87499],[144.57078,-37.8711],[144.57156,-37.86793],[144.57321,-37.86331],[144.57549,-37.85888],[144.57777,-37.85546],[144.5788,-37.85413],[144.58019,-37.85235],[144.58325,-37.84933],[144.58631,-37.84658],[144.58685,-37.84609],[144.59071,-37.84303],[144.59787,-37.83704],[144.60606,-37.82999],[144.60876,-37.82772],[144.61166,-37.82528],[144.61565,-37.82262],[144.61732,-37.82146],[144.62201,-37.81821],[144.62713,-37.81451],[144.63344,-37.81011],[144.64153,-37.8041],[144.64649,-37.80079],[144.64786,-37.79987],[144.65205,-37.79695],[144.65726,-37.79322],[144.65994,-37.79096],[144.66194,-37.78879],[144.66351,-37.78667],[144.66472,-37.7843],[144.66583,-37.78106],[144.66662,-37.77741],[144.66669,-37.7769],[144.66799,-37.76815],[144.66804,-37.76778],[144.66969,-37.75609],[144.67044,-37.75245],[144.67097,-37.75039],[144.67176,-37.74804],[144.67235,-37.7463],[144.67505,-37.74014],[144.67827,-37.73159],[144.68019,-37.72499],[144.68071,-37.72317],[144.68359,-37.7156],[144.68552,-37.70949],[144.68666,-37.70588],[144.68781,-37.70285],[144.6896,-37.69813],[144.69157,-37.69034],[144.6929,-37.68155],[144.69295,-37.68126],[144.69417,-37.67535],[144.69644,-37.67037],[144.69995,-37.66625],[144.70253,-37.66409],[144.70557,-37.66218],[144.7152,-37.65704],[144.72851,-37.65003],[144.72992,-37.64929],[144.74137,-37.64303],[144.74301,-37.64214],[144.75084,-37.6381],[144.75888,-37.63536],[144.77178,-37.63046],[144.77732,-37.6279],[144.78275,-37.62505],[144.79106,-37.62087],[144.79626,-37.61897],[144.80849,-37.61517],[144.81143,-37.61396],[144.81169,-37.61385],[144.81768,-37.61116],[144.82043,-37.60968],[144.82261,-37.60849],[144.82375,-37.60762],[144.82867,-37.60386],[144.82946,-37.60312],[144.8305,-37.60214],[144.83283,-37.5996],[144.8354,-37.59587],[144.83905,-37.58946],[144.83983,-37.58838],[144.84398,-37.58286],[144.84645,-37.57962],[144.85169,-37.57443],[144.85658,-37.56943],[144.85916,-37.56593],[144.86323,-37.56005],[144.86609,-37.55652],[144.87085,-37.55245],[144.87915,-37.54759],[144.88164,-37.54575],[144.88476,-37.54291],[144.88625,-37.54102],[144.8872,-37.53964],[144.88804,-37.53818],[144.89051,-37.53389],[144.89337,-37.52947],[144.89383,-37.52875],[144.89759,-37.52229],[144.90177,-37.51638],[144.90396,-37.51401],[144.90571,-37.51211],[144.91037,-37.50855],[144.91361,-37.50609],[144.91683,-37.50417],[144.92008,-37.5026],[144.92628,-37.50002],[144.93308,-37.49795],[144.94009,-37.49655]]},"properties":{"name":"Outer Metropolitan Ring Road","kind":"road_proposed","operator":"","description":""}},{"type":"Feature","geometry":{"type":"LineString","coordinates":[[144.54564,-37.94418],[144.55106,-37.94209],[144.55276,-37.94134],[144.55375,-37.94084],[144.55467,-37.94033],[144.55576,-37.93967],[144.55683,-37.93895],[144.55786,-37.93819],[144.55874,-37.93747],[144.5596,-37.93674],[144.56043,-37.93595],[144.56117,-37.93516],[144.56203,-37.9342],[144.56267,-37.93336],[144.56328,-37.93252],[144.56386,-37.93164],[144.56445,-37.93061],[144.56505,-37.92944],[144.56553,-37.92832],[144.56594,-37.92722],[144.56621,-37.9263],[144.56638,-37.92567],[144.56656,-37.92486],[144.57086,-37.90227],[144.57107,-37.901],[144.57122,-37.89969],[144.57127,-37.899],[144.57137,-37.89656],[144.57107,-37.89089],[144.57096,-37.88649],[144.5707,-37.88089],[144.5707,-37.87528],[144.57126,-37.87152],[144.57203,-37.86816],[144.57323,-37.86454],[144.57559,-37.85988],[144.57821,-37.85561],[144.58154,-37.85171],[144.58752,-37.84626],[144.60029,-37.83543],[144.60737,-37.82948],[144.61347,-37.82467],[144.6222,-37.81856],[144.64372,-37.80336],[144.65443,-37.79585],[144.65943,-37.79174],[144.66273,-37.78847],[144.66464,-37.78564],[144.66537,-37.78406],[144.66629,-37.78115],[144.66741,-37.77412],[144.67009,-37.75589],[144.67108,-37.7516],[144.67215,-37.74817],[144.67342,-37.7453],[144.67855,-37.73222],[144.67942,-37.72968],[144.68172,-37.72243],[144.6843,-37.71474],[144.68975,-37.69902],[144.69161,-37.69243],[144.6925,-37.68803],[144.69301,-37.68467],[144.69477,-37.67555],[144.69612,-37.67237],[144.69698,-37.67059],[144.69827,-37.66884],[144.70045,-37.66642],[144.70279,-37.66444],[144.70897,-37.6607],[144.74249,-37.64278],[144.75116,-37.6383],[144.75436,-37.63721],[144.76434,-37.63361],[144.7715,-37.63094],[144.78084,-37.62652],[144.79013,-37.62188],[144.79809,-37.61887],[144.80779,-37.61581],[144.81343,-37.61352],[144.818,-37.61155],[144.82201,-37.6094],[144.82618,-37.60655],[144.82976,-37.60354],[144.83302,-37.59982],[144.8359,-37.59585],[144.83952,-37.58953],[144.84302,-37.58463],[144.84723,-37.57962],[144.85437,-37.57224],[144.85744,-37.56921],[144.86014,-37.5656],[144.86386,-37.56009],[144.86641,-37.55689],[144.86757,-37.55591],[144.87087,-37.55312],[144.87504,-37.55046],[144.87995,-37.54747],[144.88306,-37.54507],[144.88664,-37.54123],[144.88935,-37.53709],[144.89656,-37.52496],[144.89943,-37.52052],[144.90196,-37.51698],[144.90557,-37.51284],[144.91065,-37.50882],[144.91416,-37.50629],[144.91822,-37.50389],[144.92494,-37.50087],[144.92571,-37.50058],[144.92815,-37.49967],[144.93073,-37.49888],[144.93329,-37.49824],[144.93598,-37.49768],[144.93875,-37.4972],[144.94145,-37.49685],[144.94422,-37.49664],[144.94704,-37.49651],[144.94994,-37.49653],[144.95359,-37.49668],[144.96429,-37.49761],[144.96995,-37.49809],[144.97276,-37.49827],[144.97471,-37.49823],[144.97796,-37.49796],[144.9796,-37.49765],[144.98166,-37.49718],[144.98396,-37.49649],[144.98559,-37.49591],[144.98834,-37.49464]]},"properties":{"name":"Outer Metropolitan Ring Rail","kind":"rail_proposed","operator":"","description":""}},{"type":"Feature","geometry":{"type":"LineString","coordinates":[[144.98834,-37.49464],[144.98967,-37.4939]]},"properties":{"name":"Outer Metropolitan Ring Rail","kind":"rail_proposed","operator":"","description":""}},{"type":"Feature","geometry":{"type":"LineString","coordinates":[[144.98967,-37.4939],[144.991,-37.49314],[144.99269,-37.49198],[144.99451,-37.4904],[144.99589,-37.48911],[144.99717,-37.4877],[144.99825,-37.48624],[144.99926,-37.48476],[145.0003,-37.48292],[145.00118,-37.48087],[145.00185,-37.47885],[145.00207,-37.47762],[145.00225,-37.47647],[145.00235,-37.47505],[145.00237,-37.47332],[145.00223,-37.47143],[145.00204,-37.47017],[145.0019,-37.46943],[145.00151,-37.46808],[145.00079,-37.46646],[145.00002,-37.46462],[144.9995,-37.46321],[144.99914,-37.46188],[144.99888,-37.46036],[144.99875,-37.45865],[144.99877,-37.45697],[144.99892,-37.45489],[144.99905,-37.45353],[144.99938,-37.45176]]},"properties":{"name":"Outer Metropolitan Ring Rail","kind":"rail_proposed","operator":"","description":""}},{"type":"Feature","geometry":{"type":"LineString","coordinates":[[144.98202,-37.83778],[144.98199,-37.83777],[144.98197,-37.83777],[144.98195,-37.83776],[144.98193,-37.83776],[144.98192,-37.83775],[144.98191,-37.83775],[144.98189,-37.83774],[144.98188,-37.83773],[144.98187,-37.83772],[144.98186,-37.83772],[144.98185,-37.8377],[144.98183,-37.83768],[144.98182,-37.83767],[144.98182,-37.83765],[144.98181,-37.83764],[144.98181,-37.83763],[144.9818,-37.83762],[144.9818,-37.83761],[144.9818,-37.8376],[144.9818,-37.83759],[144.9818,-37.83758],[144.9818,-37.83757]]},"properties":{"name":"Park Street","kind":"rail_proposed","operator":"","description":"Closed from 10 pm 30 June 2017 (UTC+10) due to Melbourne Metro Rail construction."}},{"type":"Feature","geometry":{"type":"LineString","coordinates":[[144.98184,-37.83757],[144.98184,-37.83758],[144.98184,-37.83759],[144.98184,-37.8376],[144.98184,-37.83761],[144.98185,-37.83763],[144.98185,-37.83764],[144.98186,-37.83765],[144.98187,-37.83767],[144.98188,-37.83768],[144.98189,-37.8377],[144.9819,-37.83771],[144.98192,-37.83772],[144.98193,-37.83772],[144.98195,-37.83773],[144.98196,-37.83774],[144.98198,-37.83774],[144.982,-37.83775],[144.98203,-37.83775]]},"properties":{"name":"Park Street","kind":"rail_proposed","operator":"","description":"Closed from 10 pm 30 June 2017 (UTC+10) due to Melbourne Metro Rail construction."}},{"type":"Feature","geometry":{"type":"Point","coordinates":[144.69921,-37.88916]},"properties":{"name":"Victoria University Werribee Campus","kind":"university","operator":"Victoria University"}},{"type":"Feature","geometry":{"type":"LineString","coordinates":[[144.93351,-37.49863],[144.92986,-37.49953],[144.924,-37.50164],[144.9205,-37.50323],[144.91754,-37.50481],[144.91431,-37.50665],[144.91143,-37.5087],[144.911,-37.50908],[144.906,-37.51337],[144.90501,-37.51446],[144.90121,-37.51866],[144.89735,-37.52445],[144.8943,-37.52965],[144.89332,-37.53134],[144.89173,-37.5341],[144.89057,-37.53612],[144.88908,-37.53846],[144.88687,-37.54168],[144.88399,-37.54473],[144.88011,-37.54792],[144.8756,-37.55062],[144.87123,-37.55338],[144.86727,-37.55683],[144.86455,-37.56018],[144.86147,-37.56482],[144.85778,-37.56963],[144.85223,-37.57487],[144.84742,-37.57994],[144.84557,-37.58215],[144.84522,-37.58259],[144.84234,-37.58621],[144.84084,-37.58839],[144.84061,-37.58875],[144.83988,-37.58989],[144.83823,-37.59265],[144.83485,-37.59817],[144.83122,-37.60264],[144.83012,-37.60365],[144.82743,-37.60612],[144.82332,-37.6093],[144.8207,-37.61075],[144.81738,-37.61248],[144.81231,-37.61453],[144.80899,-37.61585],[144.80171,-37.61802],[144.79208,-37.62158],[144.79039,-37.62233],[144.78247,-37.62611],[144.77579,-37.62941],[144.76946,-37.63235],[144.75906,-37.63593],[144.75155,-37.63862],[144.74459,-37.64224],[144.74214,-37.64356],[144.72903,-37.65059],[144.71979,-37.65559],[144.71011,-37.66057],[144.70344,-37.66449],[144.70085,-37.66668],[144.6977,-37.67057],[144.69547,-37.67532],[144.69409,-37.6817],[144.694,-37.68211],[144.69263,-37.69043],[144.6926,-37.69061],[144.69076,-37.69735],[144.68882,-37.70303],[144.68868,-37.70347],[144.68663,-37.70966],[144.68569,-37.7125],[144.68271,-37.72131],[144.68152,-37.72519],[144.68074,-37.72774],[144.67919,-37.73229],[144.67473,-37.74344],[144.67295,-37.74762],[144.67222,-37.74936],[144.67072,-37.75516],[144.66884,-37.76787],[144.66769,-37.77567],[144.66749,-37.7767],[144.6666,-37.78137],[144.66577,-37.78411],[144.66427,-37.78737],[144.66181,-37.79035],[144.65807,-37.79346],[144.64732,-37.80134],[144.64232,-37.80481],[144.64141,-37.80542],[144.63849,-37.80744],[144.63254,-37.81153],[144.62298,-37.81852],[144.61796,-37.82192],[144.61686,-37.82266],[144.6104,-37.82749],[144.60913,-37.82857],[144.60248,-37.83417],[144.59574,-37.83993],[144.58904,-37.84559],[144.5874,-37.84713],[144.58173,-37.85244],[144.57995,-37.85452],[144.57928,-37.85529],[144.57722,-37.85812],[144.57585,-37.86046],[144.57414,-37.86387],[144.57216,-37.86994],[144.57149,-37.8737],[144.57142,-37.87492],[144.57126,-37.87749],[144.57136,-37.88377],[144.57148,-37.88632],[144.57156,-37.88794],[144.57182,-37.89666],[144.57178,-37.89936]]},"properties":{"name":"Outer Metropolitan Ring Road","kind":"road_proposed","operator":"","description":""}},{"type":"Feature","geometry":{"type":"LineString","coordinates":[[144.6009,-37.90615],[144.60079,-37.90688],[144.60069,-37.90758],[144.60054,-37.90879],[144.60049,-37.90929],[144.60046,-37.90955],[144.60041,-37.90989],[144.60037,-37.91009],[144.60033,-37.91029],[144.6002,-37.91089],[144.60014,-37.91118],[144.60013,-37.91132],[144.60012,-37.91146],[144.60013,-37.91173],[144.60013,-37.91208],[144.60015,-37.91233],[144.60019,-37.91259],[144.60023,-37.91285],[144.60028,-37.91309],[144.60035,-37.91335],[144.60042,-37.9136],[144.60054,-37.91395],[144.60068,-37.91429],[144.60082,-37.91459],[144.60098,-37.91488],[144.60114,-37.91513],[144.60135,-37.91543],[144.60154,-37.91569],[144.60174,-37.91592],[144.602,-37.91621],[144.60227,-37.91649],[144.60258,-37.91675],[144.60289,-37.917],[144.60316,-37.9172],[144.60344,-37.91739],[144.60372,-37.91756],[144.604,-37.91773],[144.60439,-37.91793],[144.60478,-37.91812],[144.60524,-37.91831],[144.6057,-37.91848],[144.6062,-37.91863],[144.60667,-37.91874]]},"properties":{"name":"Werribee - Wyndham Vale Extension","kind":"rail_proposed","operator":"Metro Trains Melbourne","description":""}},{"type":"Feature","geometry":{"type":"Point","coordinates":[144.89208,-37.86321]},"properties":{"name":"Williamstown Hospital","kind":"hospital","operator":""}},{"type":"Feature","geometry":{"type":"LineString","coordinates":[[144.64153,-37.8041],[144.64553,-37.80062],[144.64801,-37.79815],[144.64963,-37.79674],[144.65081,-37.79585],[144.65271,-37.79468],[144.65574,-37.79324],[144.65757,-37.79215],[144.65944,-37.79065],[144.66082,-37.78928],[144.66183,-37.78802],[144.6624,-37.7875],[144.66305,-37.78712],[144.66352,-37.78693],[144.66476,-37.78673],[144.66571,-37.78673],[144.66684,-37.78685],[144.66769,-37.78696],[144.67118,-37.78742],[144.69094,-37.7899],[144.6948,-37.7905],[144.69627,-37.79097],[144.69775,-37.79156],[144.69834,-37.79174],[144.69867,-37.79183],[144.69967,-37.79195],[144.70727,-37.79267],[144.70772,-37.79271],[144.71196,-37.79302],[144.71622,-37.79325],[144.71759,-37.79338],[144.72341,-37.79421],[144.7258,-37.79472],[144.73056,-37.79588],[144.73396,-37.79628],[144.73543,-37.79641],[144.73849,-37.79638],[144.74164,-37.79631],[144.74503,-37.79629],[144.74778,-37.79638],[144.74836,-37.7964],[144.74917,-37.79641],[144.75044,-37.79642],[144.75193,-37.79641],[144.75336,-37.79643],[144.75424,-37.79649],[144.75657,-37.79677],[144.75743,-37.79689],[144.75858,-37.79711],[144.7601,-37.79733],[144.76497,-37.79784]]},"properties":{"name":"OMR-Western Freeway Link","kind":"road_proposed","operator":"","description":""}},{"type":"Feature","geometry":{"type":"LineString","coordinates":[[144.765,-37.79801],[144.76033,-37.79779],[144.75803,-37.79765],[144.75693,-37.79754],[144.75513,-37.79723],[144.75446,-37.79708],[144.75361,-37.79696],[144.75312,-37.79692],[144.75069,-37.79681],[144.74827,-37.79669],[144.74506,-37.79659],[144.74176,-37.79662],[144.73535,-37.79672],[144.73389,-37.79658],[144.73042,-37.79618],[144.7277,-37.79552],[144.72344,-37.79449],[144.71751,-37.79364],[144.71622,-37.79352],[144.71189,-37.79331],[144.70767,-37.79302],[144.70716,-37.79297],[144.6996,-37.79227],[144.69859,-37.79216],[144.69828,-37.79207],[144.69763,-37.7919],[144.69609,-37.79127],[144.69472,-37.79082],[144.69083,-37.7902],[144.67113,-37.78772],[144.66963,-37.78754],[144.66839,-37.78747],[144.66722,-37.7875],[144.66615,-37.78763],[144.66518,-37.78792],[144.66419,-37.78843],[144.66351,-37.78907],[144.66269,-37.79007],[144.66154,-37.79138],[144.65992,-37.7929],[144.65749,-37.79531],[144.65544,-37.79705],[144.65263,-37.79921],[144.65026,-37.80068],[144.64547,-37.80338],[144.64232,-37.80481]]},"properties":{"name":"OMR-Western Freeway Link","kind":"road_proposed","operator":"","description":""}},{"type":"Feature","geometry":{"type":"LineString","coordinates":[[145.44048,-37.66199],[145.44337,-37.66298]]},"properties":{"name":"Yarra Valley Railway","kind":"rail_construction","operator":"","description":""}},{"type":"Feature","geometry":{"type":"LineString","coordinates":[[145.1967,-38.34553],[145.19672,-38.34653],[145.1967,-38.34714],[145.19671,-38.34723],[145.19673,-38.3473],[145.1968,-38.34734],[145.19721,-38.34743],[145.19754,-38.34749],[145.19765,-38.34749],[145.19802,-38.3475],[145.20044,-38.34749]]},"properties":{"name":"Garfield Crescent","kind":"road_proposed","operator":"","description":""}},{"type":"Feature","geometry":{"type":"LineString","coordinates":[[145.19164,-38.34752],[145.19348,-38.34751],[145.19358,-38.3475],[145.19381,-38.34741],[145.19415,-38.34729],[145.1942,-38.34726],[145.19422,-38.34719],[145.1942,-38.34653],[145.19418,-38.34556],[145.19414,-38.34447]]},"properties":{"name":"Waratah Avenue","kind":"road_proposed","operator":"","description":""}},{"type":"Feature","geometry":{"type":"LineString","coordinates":[[145.19034,-38.34472],[145.19109,-38.34449],[145.19117,-38.34447],[145.19123,-38.34446],[145.19143,-38.34444],[145.19201,-38.34446],[145.19389,-38.34446],[145.19414,-38.34447],[145.19633,-38.34446],[145.19906,-38.34447]]},"properties":{"name":"Patey Street","kind":"road_proposed","operator":"","description":""}},{"type":"Feature","geometry":{"type":"LineString","coordinates":[[145.19637,-38.33873],[145.19661,-38.33919],[145.19684,-38.33968],[145.19738,-38.34083],[145.19778,-38.34171],[145.198,-38.34218],[145.19851,-38.34329],[145.19906,-38.34447],[145.19953,-38.34552],[145.19998,-38.3465],[145.20044,-38.34749],[145.20084,-38.34835],[145.20095,-38.34859],[145.20108,-38.34887],[145.20111,-38.34897],[145.20113,-38.34908],[145.20112,-38.35014]]},"properties":{"name":"Cooma Street","kind":"road_proposed","operator":"","description":""}},{"type":"Feature","geometry":{"type":"LineString","coordinates":[[145.19092,-38.33874],[145.19093,-38.33911],[145.19098,-38.33932],[145.1911,-38.33963],[145.19139,-38.34022],[145.19188,-38.34121],[145.19211,-38.34171],[145.19228,-38.34205],[145.19225,-38.34206],[145.19223,-38.34209]]},"properties":{"name":"Florence Crescent","kind":"road_proposed","operator":"","description":""}},{"type":"Feature","geometry":{"type":"Point","coordinates":[144.96439,-37.80789]},"properties":{"name":"RMIT University","kind":"university","operator":""}},{"type":"Feature","geometry":{"type":"LineString","coordinates":[[145.1435,-37.92452],[145.14374,-37.92425],[145.14485,-37.92316],[145.14597,-37.92214],[145.1475,-37.92065],[145.14807,-37.92006],[145.14857,-37.91952],[145.14886,-37.91905],[145.14914,-37.91846],[145.14926,-37.91815],[145.14939,-37.91774],[145.14967,-37.91649],[145.15199,-37.90505]]},"properties":{"name":"Westall Road Extension","kind":"road_proposed","operator":"","description":""}},{"type":"Feature","geometry":{"type":"LineString","coordinates":[[145.1523,-37.90508],[145.14992,-37.91651],[145.14978,-37.91705],[145.14957,-37.91774],[145.14942,-37.9182],[145.14928,-37.91859],[145.14902,-37.91915],[145.14868,-37.91963],[145.14819,-37.92015],[145.14608,-37.92225],[145.14501,-37.92326],[145.14388,-37.92436],[145.14365,-37.92461]]},"properties":{"name":"Westall Road Extension","kind":"road_proposed","operator":"","description":""}},{"type":"Feature","geometry":{"type":"LineString","coordinates":[[145.11857,-37.59747],[145.11851,-37.59759],[145.11839,-37.5978],[145.11835,-37.59791],[145.11832,-37.59806],[145.11831,-37.59821],[145.11832,-37.59834],[145.11834,-37.59864],[145.11837,-37.59889],[145.11837,-37.59904],[145.11835,-37.59919],[145.11833,-37.59934],[145.11829,-37.59952]]},"properties":{"name":"Granada Grove","kind":"road_construction","operator":"","description":""}},{"type":"Feature","geometry":{"type":"LineString","coordinates":[[144.57567,-37.86836],[144.57555,-37.86906],[144.57532,-37.87026],[144.57533,-37.87037],[144.57536,-37.87047],[144.57545,-37.87056],[144.57586,-37.87081],[144.57598,-37.87092],[144.57604,-37.87101],[144.57605,-37.87111],[144.57596,-37.87161],[144.57584,-37.87235],[144.57582,-37.87247]]},"properties":{"name":"Maracana Avenue","kind":"road_construction","operator":"","description":""}},{"type":"Feature","geometry":{"type":"LineString","coordinates":[[144.61169,-37.71543],[144.61207,-37.71556],[144.61285,-37.71581],[144.61363,-37.71607],[144.61402,-37.7162],[144.61434,-37.7163],[144.615,-37.71651],[144.61555,-37.71669],[144.61605,-37.71685],[144.6166,-37.71703],[144.6166,-37.71713],[144.61634,-37.71761],[144.61611,-37.71805],[144.61604,-37.71819],[144.61573,-37.71879],[144.6156,-37.71887]]},"properties":{"name":"Camellia Street","kind":"road_construction","operator":"","description":""}},{"type":"Feature","geometry":{"type":"LineString","coordinates":[[145.60215,-37.72449],[145.60207,-37.72483],[145.60243,-37.72595],[145.60283,-37.72635],[145.60289,-37.72649],[145.60337,-37.72761],[145.60324,-37.72786],[145.60328,-37.72809],[145.60354,-37.72871],[145.60296,-37.73017],[145.60298,-37.73069]]},"properties":{"name":"Hillcrest Road","kind":"road_proposed","operator":"","description":""}},{"type":"Feature","geometry":{"type":"LineString","coordinates":[[145.60048,-37.72573],[145.60038,-37.72624],[145.59972,-37.72668],[145.6003,-37.72761],[145.60056,-37.72787],[145.60099,-37.72817],[145.60132,-37.72853],[145.60155,-37.72847]]},"properties":{"name":"Ben Cairn Drive","kind":"road_proposed","operator":"","description":""}},{"type":"Feature","geometry":{"type":"LineString","coordinates":[[144.69127,-37.75373],[144.69073,-37.75438],[144.69036,-37.75483],[144.69007,-37.75521],[144.69005,-37.75524],[144.68978,-37.75564],[144.68933,-37.7564],[144.68916,-37.75665],[144.6889,-37.75704],[144.6886,-37.7574],[144.68834,-37.75766],[144.68808,-37.75788],[144.68714,-37.75857],[144.68462,-37.76038],[144.68437,-37.76058],[144.6842,-37.76077],[144.684,-37.76108],[144.68387,-37.76135],[144.6838,-37.76158],[144.68376,-37.76188],[144.68374,-37.76217]]},"properties":{"name":"Mount Atkinson Road","kind":"road_construction","operator":"","description":""}},{"type":"Feature","geometry":{"type":"LineString","coordinates":[[144.57955,-37.72921],[144.58029,-37.72924],[144.58204,-37.72923],[144.58308,-37.7292],[144.58385,-37.7292],[144.58414,-37.72919],[144.5852,-37.72916],[144.58667,-37.72912],[144.58737,-37.72915],[144.58855,-37.72927],[144.58929,-37.72937],[144.5904,-37.7296],[144.59256,-37.73008],[144.59417,-37.73038],[144.59505,-37.73051]]},"properties":{"name":"Exford Road","kind":"road_construction","operator":"","description":""}},{"type":"Feature","geometry":{"type":"LineString","coordinates":[[144.51459,-38.24913],[144.5146,-38.24968],[144.51459,-38.24975],[144.51456,-38.24982],[144.51452,-38.24988],[144.51448,-38.24996],[144.514,-38.25062],[144.5139,-38.25079],[144.51388,-38.25085],[144.51389,-38.25091],[144.5139,-38.25097],[144.51392,-38.25102],[144.51396,-38.25107],[144.51402,-38.2511],[144.51408,-38.25114],[144.51412,-38.25119],[144.51414,-38.25124],[144.51412,-38.2513],[144.51405,-38.25141],[144.51381,-38.2517],[144.51348,-38.25209],[144.5134,-38.25221],[144.51339,-38.25222],[144.51339,-38.25224],[144.51342,-38.25248]]},"properties":{"name":"Pinehill Court","kind":"road_proposed","operator":"","description":""}},{"type":"Feature","geometry":{"type":"LineString","coordinates":[[145.59481,-37.72593],[145.59514,-37.72545],[145.59522,-37.72542],[145.59525,-37.72541],[145.59543,-37.72533],[145.59575,-37.7253],[145.59623,-37.72532],[145.59645,-37.72543]]},"properties":{"name":"Eve Street","kind":"road_proposed","operator":"","description":""}},{"type":"Feature","geometry":{"type":"LineString","coordinates":[[145.59341,-37.72688],[145.59355,-37.72668],[145.5936,-37.72662],[145.59368,-37.72633],[145.59348,-37.72572],[145.59349,-37.72552],[145.59368,-37.72506],[145.59368,-37.72479],[145.59363,-37.72465],[145.59359,-37.72458],[145.59345,-37.72448],[145.59284,-37.72428],[145.59276,-37.72424],[145.59268,-37.72413],[145.5926,-37.72375],[145.59259,-37.72275],[145.59253,-37.72243],[145.59248,-37.72228],[145.59224,-37.72206],[145.59215,-37.72199],[145.59201,-37.72184],[145.59193,-37.72166],[145.59189,-37.72116],[145.59191,-37.72062]]},"properties":{"name":"Reserve Road","kind":"road_proposed","operator":"","description":""}},{"type":"Feature","geometry":{"type":"LineString","coordinates":[[144.73411,-37.61055],[144.7344,-37.61076],[144.73471,-37.61092],[144.73499,-37.61102],[144.73518,-37.61108],[144.73547,-37.61113],[144.73575,-37.61115],[144.736,-37.61115],[144.73623,-37.61112],[144.73658,-37.61106],[144.73681,-37.61098],[144.73716,-37.6108],[144.73742,-37.61063],[144.7377,-37.6104],[144.73882,-37.6095]]},"properties":{"name":"Eighnane Valley Way","kind":"road_construction","operator":"","description":""}},{"type":"Feature","geometry":{"type":"LineString","coordinates":[[145.55721,-38.26802],[145.55786,-38.26901],[145.55924,-38.27109],[145.55972,-38.2719],[145.55986,-38.27213],[145.56165,-38.27515],[145.56184,-38.27534],[145.56199,-38.27547],[145.56617,-38.27829]]},"properties":{"name":"McDonalds Track","kind":"road_proposed","operator":"","description":""}},{"type":"Feature","geometry":{"type":"LineString","coordinates":[[145.23498,-38.0018],[145.235,-38.00181],[145.23509,-38.0018],[145.23515,-38.0018],[145.23535,-38.00182],[145.23556,-38.00211],[145.23569,-38.00248],[145.23547,-38.00381],[145.23527,-38.00419],[145.23497,-38.00563],[145.23498,-38.0057],[145.23506,-38.00576]]},"properties":{"name":"Dandenong Bypass Extension Trail","kind":"road_proposed","operator":"","description":""}},{"type":"Feature","geometry":{"type":"LineString","coordinates":[[145.23485,-38.00941],[145.2355,-38.01009],[145.23625,-38.01081],[145.237,-38.01148],[145.23775,-38.01194],[145.23852,-38.01236],[145.23928,-38.01275],[145.24,-38.01307],[145.24074,-38.01338],[145.24148,-38.01366],[145.24201,-38.01387],[145.24254,-38.01408],[145.24375,-38.01459]]},"properties":{"name":"Dandenong South Trail","kind":"road_proposed","operator":"","description":""}},{"type":"Feature","geometry":{"type":"LineString","coordinates":[[144.71442,-37.55054],[144.71421,-37.55095],[144.71412,-37.55112],[144.71394,-37.55139],[144.71374,-37.55161],[144.71345,-37.55188],[144.71212,-37.55304],[144.71201,-37.55313],[144.71174,-37.55351],[144.71127,-37.55425],[144.71117,-37.55444]]},"properties":{"name":"Canterbury Avenue","kind":"road_proposed","operator":"","description":""}},{"type":"Feature","geometry":{"type":"LineString","coordinates":[[144.48229,-38.06205],[144.48235,-38.06214],[144.48249,-38.06215],[144.4832,-38.06222],[144.48377,-38.06228],[144.4846,-38.06237],[144.48595,-38.06251],[144.48608,-38.06252],[144.49122,-38.06306],[144.49149,-38.06313]]},"properties":{"name":"Dandos Road","kind":"road_proposed","operator":"","description":""}},{"type":"Feature","geometry":{"type":"Point","coordinates":[145.03687,-37.80569]},"properties":{"name":"University of Divinity","kind":"university","operator":""}},{"type":"Feature","geometry":{"type":"Point","coordinates":[144.79822,-37.7484]},"properties":{"name":"Victoria University - Student Paramedics Association","kind":"university","operator":"Victoria University"}},{"type":"Feature","geometry":{"type":"LineString","coordinates":[[145.15555,-37.68057],[145.15505,-37.68048],[145.15499,-37.68046],[145.15494,-37.68043],[145.15493,-37.6804],[145.15492,-37.68038],[145.15491,-37.68031],[145.15501,-37.67994],[145.15504,-37.67985],[145.1551,-37.6798],[145.15518,-37.6798],[145.15533,-37.67982],[145.15559,-37.67986],[145.15571,-37.67984],[145.1558,-37.6798],[145.15605,-37.67968],[145.15631,-37.67953],[145.15633,-37.67952]]},"properties":{"name":"Bullion Rise","kind":"road_construction","operator":"","description":""}},{"type":"Feature","geometry":{"type":"LineString","coordinates":[[145.16434,-37.66982],[145.16429,-37.66981],[145.16424,-37.6698],[145.16418,-37.66978],[145.16408,-37.66973],[145.16398,-37.66966],[145.16389,-37.66959],[145.16344,-37.66913],[145.16335,-37.66904],[145.16325,-37.66897],[145.16274,-37.66867],[145.1627,-37.66864],[145.16265,-37.66861],[145.16258,-37.66854]]},"properties":{"name":"Mine Hill Rise","kind":"road_proposed","operator":"","description":""}},{"type":"Feature","geometry":{"type":"LineString","coordinates":[[145.0988,-37.61474],[145.09895,-37.61476],[145.09897,-37.61476],[145.09898,-37.61474],[145.09901,-37.61471],[145.09902,-37.61469],[145.09903,-37.61467],[145.09906,-37.61454]]},"properties":{"name":"Hemi Lane","kind":"road_proposed","operator":"","description":""}},{"type":"Feature","geometry":{"type":"LineString","coordinates":[[144.84011,-37.64743],[144.83935,-37.64672],[144.83878,-37.64629],[144.83836,-37.646],[144.83797,-37.64576],[144.83746,-37.64548],[144.837,-37.64526],[144.83673,-37.64515],[144.83592,-37.64487],[144.8353,-37.64467]]},"properties":{"name":"Sunbury Road Offramp","kind":"road_proposed","operator":"","description":""}},{"type":"Feature","geometry":{"type":"LineString","coordinates":[[144.51706,-38.24939],[144.51694,-38.24932],[144.51661,-38.24918],[144.51638,-38.24914],[144.51616,-38.24911],[144.51459,-38.24913],[144.51409,-38.24912],[144.51358,-38.24907]]},"properties":{"name":"Conran Drive","kind":"road_proposed","operator":"","description":""}},{"type":"Feature","geometry":{"type":"LineString","coordinates":[[144.65657,-37.71659],[144.65846,-37.71685],[144.65907,-37.71692],[144.65915,-37.71693],[144.65955,-37.71696],[144.66065,-37.71703],[144.66117,-37.71706],[144.66173,-37.71707]]},"properties":{"name":"Taylors Road","kind":"road_construction","operator":"","description":""}},{"type":"Feature","geometry":{"type":"Point","coordinates":[145.13989,-37.9125]},"properties":{"name":"Victorian Heart Hospital","kind":"hospital_construction","operator":""}},{"type":"Feature","geometry":{"type":"Point","coordinates":[144.95965,-37.81159]},"properties":{"name":"Victoria University - City Queen Campus","kind":"university","operator":""}},{"type":"Feature","geometry":{"type":"LineString","coordinates":[[145.3092,-38.11684],[145.30907,-38.11677],[145.30872,-38.11656],[145.30841,-38.11637],[145.30821,-38.11625],[145.30802,-38.11614],[145.30796,-38.1161],[145.30791,-38.11608],[145.30776,-38.11599],[145.30769,-38.11594],[145.30753,-38.11585]]},"properties":{"name":"Cranbourne - Clyde extension","kind":"rail_proposed","operator":"Metro (planned)","description":""}},{"type":"Feature","geometry":{"type":"LineString","coordinates":[[145.56248,-38.44184],[145.56142,-38.44231],[145.55983,-38.44315],[145.55859,-38.44393],[145.55738,-38.44496],[145.5523,-38.44965],[145.54755,-38.45421],[145.5441,-38.45739],[145.54375,-38.4577]]},"properties":{"name":"Wonthaggi railway","kind":"road_proposed","operator":"","description":""}},{"type":"Feature","geometry":{"type":"LineString","coordinates":[[144.85264,-37.67548],[144.85254,-37.67537],[144.85246,-37.67528],[144.8524,-37.67518],[144.85236,-37.67508],[144.85233,-37.67498],[144.85235,-37.67406],[144.85234,-37.67392]]},"properties":{"name":"Naarm Way Stage 2","kind":"road_construction","operator":"","description":""}},{"type":"Feature","geometry":{"type":"LineString","coordinates":[[145.28381,-37.88617],[145.28364,-37.88687],[145.28348,-37.88755],[145.28351,-37.88805],[145.28287,-37.88947],[145.28256,-37.8901],[145.28246,-37.89029],[145.28192,-37.89129],[145.28175,-37.89165],[145.2815,-37.89228],[145.28129,-37.89287],[145.28117,-37.89338],[145.28111,-37.89368],[145.28105,-37.8941],[145.28103,-37.89469],[145.28106,-37.89523],[145.2811,-37.89549],[145.28115,-37.89575],[145.28125,-37.89628],[145.28138,-37.8967],[145.28144,-37.89689],[145.28162,-37.89738],[145.28196,-37.89798],[145.28243,-37.89857],[145.28329,-37.8994],[145.28456,-37.90046],[145.28608,-37.90171],[145.29243,-37.90697],[145.29305,-37.90751]]},"properties":{"name":"Dorset Road","kind":"road_proposed","operator":"","description":""}},{"type":"Feature","geometry":{"type":"Point","coordinates":[144.96252,-37.80835]},"properties":{"name":"RMIT University (City Campus)","kind":"university","operator":""}},{"type":"Feature","geometry":{"type":"Point","coordinates":[144.96391,-37.80599]},"properties":{"name":"RMIT University (City Campus)","kind":"university","operator":""}},{"type":"Feature","geometry":{"type":"Point","coordinates":[144.96268,-37.80622]},"properties":{"name":"University","kind":"university","operator":""}},{"type":"Feature","geometry":{"type":"LineString","coordinates":[[144.57596,-37.87161],[144.57693,-37.87172],[144.57822,-37.87188],[144.57873,-37.87193],[144.57964,-37.87203],[144.58053,-37.87214],[144.58126,-37.87222],[144.58133,-37.87222],[144.58139,-37.87222],[144.58144,-37.87219],[144.5815,-37.87216],[144.58233,-37.87155]]},"properties":{"name":"Porto Road","kind":"road_construction","operator":"","description":""}},{"type":"Feature","geometry":{"type":"LineString","coordinates":[[144.59793,-37.90617],[144.59799,-37.90584],[144.59818,-37.90476],[144.5982,-37.90471],[144.59823,-37.90463],[144.59827,-37.90453],[144.59829,-37.90444],[144.59839,-37.90386],[144.59844,-37.90359]]},"properties":{"name":"Cannington Avenue","kind":"road_construction","operator":"","description":""}},{"type":"Feature","geometry":{"type":"LineString","coordinates":[[144.72404,-37.8158],[144.72399,-37.81614],[144.72396,-37.81639],[144.72391,-37.81677],[144.72379,-37.81681],[144.72314,-37.81675],[144.7231,-37.81666],[144.72312,-37.81655],[144.72323,-37.81573]]},"properties":{"name":"Ardrossan Circuit","kind":"road_construction","operator":"","description":""}},{"type":"Feature","geometry":{"type":"LineString","coordinates":[[145.29977,-38.11123],[145.29981,-38.11126],[145.29992,-38.11132],[145.29999,-38.11137],[145.30005,-38.1114]]},"properties":{"name":"Cranbourne - Clyde extension","kind":"rail_proposed","operator":"Metro (planned)","description":""}},{"type":"Feature","geometry":{"type":"LineString","coordinates":[[145.31757,-38.12182],[145.31765,-38.12187],[145.31771,-38.1219],[145.31776,-38.12193],[145.31789,-38.12201]]},"properties":{"name":"Cranbourne - Clyde extension","kind":"rail_proposed","operator":"Metro (planned)","description":""}},{"type":"Feature","geometry":{"type":"LineString","coordinates":[[145.32531,-38.12734],[145.32544,-38.12744],[145.32556,-38.12755]]},"properties":{"name":"Cranbourne - Clyde extension","kind":"rail_proposed","operator":"Metro (planned)","description":""}},{"type":"Feature","geometry":{"type":"Point","coordinates":[145.13336,-37.82662]},"properties":{"name":"University of Divinity, Yarra Theological Union","kind":"university","operator":""}},{"type":"Feature","geometry":{"type":"Point","coordinates":[144.8977,-37.79434]},"properties":{"name":"Footscray Hospital","kind":"hospital","operator":"Western Health"}},{"type":"Feature","geometry":{"type":"LineString","coordinates":[[144.57793,-37.72014],[144.57792,-37.72016],[144.57793,-37.7202],[144.57793,-37.72025],[144.57798,-37.7204],[144.578,-37.7205],[144.57802,-37.72059],[144.578,-37.72074],[144.5779,-37.72154]]},"properties":{"name":"Melanda Road","kind":"road_construction","operator":"","description":""}},{"type":"Feature","geometry":{"type":"LineString","coordinates":[[144.88423,-37.62021],[144.88425,-37.61996],[144.8843,-37.61968],[144.88486,-37.61786],[144.88544,-37.61597],[144.8856,-37.61545],[144.88567,-37.61516],[144.8857,-37.6148],[144.88567,-37.61444],[144.88561,-37.61403],[144.88556,-37.61385],[144.88527,-37.61304],[144.88515,-37.6127],[144.88486,-37.61166],[144.8844,-37.60975],[144.88405,-37.60838],[144.88369,-37.60711],[144.88351,-37.60644],[144.88343,-37.6061],[144.8834,-37.60576],[144.88334,-37.60501]]},"properties":{"name":"Mickleham Road Upgrade - Stage 2","kind":"road_proposed","operator":"","description":""}},{"type":"Feature","geometry":{"type":"LineString","coordinates":[[144.88309,-37.60359],[144.88282,-37.60262],[144.8825,-37.60138],[144.88226,-37.6003],[144.8821,-37.59968],[144.88191,-37.59895],[144.88162,-37.59788],[144.88137,-37.5969],[144.88095,-37.59535],[144.88047,-37.59353],[144.88015,-37.59239]]},"properties":{"name":"Mickleham Road Upgrade - Stage 2","kind":"road_proposed","operator":"","description":""}},{"type":"Feature","geometry":{"type":"LineString","coordinates":[[144.88031,-37.59236],[144.88063,-37.59354],[144.88123,-37.59576],[144.88201,-37.59867],[144.88256,-37.60078],[144.88263,-37.60108],[144.883,-37.60252],[144.88335,-37.60386],[144.88346,-37.60436],[144.88352,-37.6047],[144.88356,-37.60503],[144.8836,-37.60595],[144.88364,-37.60629]]},"properties":{"name":"Mickleham Road Upgrade - Stage 2","kind":"road_proposed","operator":"","description":""}},{"type":"Feature","geometry":{"type":"LineString","coordinates":[[144.91003,-37.60125],[144.91004,-37.60135],[144.91019,-37.60207],[144.9103,-37.60256],[144.9104,-37.60295],[144.91069,-37.60387],[144.91123,-37.60547],[144.91154,-37.60638],[144.91165,-37.60674],[144.9118,-37.60719],[144.91213,-37.60827],[144.91238,-37.60912],[144.9127,-37.61009],[144.91278,-37.61035],[144.91288,-37.61073],[144.91292,-37.61094],[144.91293,-37.61099],[144.91294,-37.61103],[144.91299,-37.61125],[144.91304,-37.61153],[144.91311,-37.61194],[144.91317,-37.6123],[144.91321,-37.61269],[144.91325,-37.61319],[144.9133,-37.61382],[144.91333,-37.61435],[144.91338,-37.61499],[144.91342,-37.61544],[144.91345,-37.61583],[144.91353,-37.61639],[144.91353,-37.61639],[144.91354,-37.61648],[144.91354,-37.61648]]},"properties":{"name":"Aitken Boulevard Duplication","kind":"road_proposed","operator":"","description":""}},{"type":"Feature","geometry":{"type":"LineString","coordinates":[[144.91012,-37.59524],[144.90994,-37.59625],[144.90984,-37.59699],[144.90979,-37.59746],[144.90975,-37.59811],[144.90975,-37.59875],[144.90979,-37.59935],[144.90985,-37.5999],[144.90995,-37.6007],[144.91003,-37.60125]]},"properties":{"name":"Aitken Boulevard Duplication","kind":"road_proposed","operator":"","description":""}},{"type":"Feature","geometry":{"type":"LineString","coordinates":[[144.91354,-37.61648],[144.91359,-37.61675],[144.91365,-37.61707],[144.91395,-37.61822],[144.91462,-37.62059],[144.91501,-37.62197],[144.91518,-37.62254],[144.91526,-37.6231],[144.91527,-37.62349],[144.91522,-37.62417],[144.91514,-37.62466],[144.91505,-37.62502],[144.91487,-37.62551],[144.91473,-37.62584],[144.9146,-37.62608],[144.91373,-37.62752],[144.91273,-37.62911],[144.91243,-37.62963],[144.91194,-37.63055],[144.91169,-37.63118],[144.91157,-37.63166],[144.91132,-37.63295],[144.91096,-37.63476],[144.91088,-37.63515],[144.91056,-37.63676],[144.91033,-37.63795],[144.91032,-37.63817]]},"properties":{"name":"Aitken Boulevard Duplication","kind":"road_proposed","operator":"","description":""}},{"type":"Feature","geometry":{"type":"LineString","coordinates":[[144.90285,-37.68099],[144.9029,-37.68082],[144.90295,-37.68062],[144.90302,-37.68026],[144.90332,-37.67851],[144.90338,-37.67806],[144.9034,-37.6776],[144.90337,-37.67694],[144.90342,-37.67637],[144.90394,-37.67358],[144.90424,-37.67141],[144.90454,-37.66974],[144.90467,-37.66918],[144.90498,-37.66835],[144.90525,-37.66755],[144.90557,-37.66592],[144.90588,-37.66429],[144.90621,-37.66259],[144.907,-37.65843],[144.90745,-37.65595],[144.90805,-37.65259],[144.90826,-37.65134],[144.90894,-37.64951],[144.9094,-37.64665],[144.91006,-37.64283],[144.91032,-37.6416],[144.91084,-37.63881],[144.91094,-37.63786],[144.91087,-37.63641],[144.91088,-37.63515]]},"properties":{"name":"E14 Road Corridor","kind":"road_proposed","operator":"","description":""}},{"type":"Feature","geometry":{"type":"LineString","coordinates":[[144.91796,-37.63927],[144.91443,-37.63887],[144.91118,-37.63847],[144.90986,-37.63831],[144.90885,-37.63819],[144.90754,-37.63805],[144.90671,-37.63796],[144.90543,-37.63789],[144.90413,-37.63783],[144.90323,-37.63775],[144.90058,-37.63748],[144.89833,-37.63726],[144.8968,-37.63711],[144.89381,-37.63673],[144.89302,-37.63663],[144.89231,-37.6365],[144.89152,-37.63633],[144.89084,-37.63618],[144.89041,-37.6361],[144.89005,-37.63602],[144.88966,-37.63594]]},"properties":{"name":"Somerton Road Duplication","kind":"road_proposed","operator":"","description":""}},{"type":"Feature","geometry":{"type":"LineString","coordinates":[[144.90267,-37.63751],[144.90405,-37.63763],[144.90599,-37.63774],[144.90681,-37.6378],[144.90903,-37.63804],[144.91153,-37.63833],[144.91483,-37.63873],[144.91683,-37.63895],[144.92,-37.63934],[144.92199,-37.6396],[144.92267,-37.63969],[144.92305,-37.63976],[144.92342,-37.63983]]},"properties":{"name":"Somerton Road Duplication","kind":"road_proposed","operator":"","description":""}},{"type":"Feature","geometry":{"type":"LineString","coordinates":[[144.83633,-37.6294],[144.83864,-37.62964],[144.8395,-37.62973],[144.8396,-37.62974],[144.84043,-37.62983],[144.84107,-37.6299],[144.84151,-37.62994],[144.85259,-37.63113],[144.85587,-37.63148],[144.8575,-37.6317],[144.86032,-37.63208],[144.86358,-37.63252],[144.86645,-37.63289],[144.86812,-37.6331],[144.87024,-37.63336],[144.87156,-37.6335],[144.87193,-37.63352],[144.87251,-37.63354],[144.87301,-37.63357],[144.87328,-37.6336],[144.87389,-37.63367],[144.87804,-37.6342],[144.87962,-37.63442]]},"properties":{"name":"Somerton Road Duplication","kind":"road_proposed","operator":"","description":""}},{"type":"Feature","geometry":{"type":"LineString","coordinates":[[144.79093,-37.68265],[144.79489,-37.67858],[144.79639,-37.6771],[144.79674,-37.6766],[144.79694,-37.67619],[144.79708,-37.6757],[144.7972,-37.67504],[144.79726,-37.67454],[144.79729,-37.67405],[144.79722,-37.67339],[144.79706,-37.67267],[144.79649,-37.67137],[144.79521,-37.66929],[144.79481,-37.66862],[144.79441,-37.66796],[144.79372,-37.6665],[144.79339,-37.66494],[144.79343,-37.66344],[144.79363,-37.66206]]},"properties":{"name":"Kings Road Extension","kind":"road_proposed","operator":"","description":""}},{"type":"Feature","geometry":{"type":"LineString","coordinates":[[144.79477,-37.65582],[144.79505,-37.65432],[144.79561,-37.65306],[144.79668,-37.65208],[144.79812,-37.65146],[144.80004,-37.65106],[144.80917,-37.65014],[144.81085,-37.64986],[144.81225,-37.64935],[144.8133,-37.64871],[144.81415,-37.64767],[144.81465,-37.64655],[144.8153,-37.64345],[144.81565,-37.64164],[144.81575,-37.64135],[144.81591,-37.64114]]},"properties":{"name":"Kings Road Extension","kind":"road_proposed","operator":"","description":""}},{"type":"Feature","geometry":{"type":"LineString","coordinates":[[144.94357,-37.7851],[144.94334,-37.78502],[144.94309,-37.78495],[144.94274,-37.78487],[144.94248,-37.78485],[144.94225,-37.78483],[144.9418,-37.78485],[144.94136,-37.78491],[144.94097,-37.78502],[144.94058,-37.78516],[144.94018,-37.78536],[144.93981,-37.7856],[144.93958,-37.7858],[144.93942,-37.78597],[144.9392,-37.78626],[144.93906,-37.78654]]},"properties":{"name":"East West Link (Port Connection)","kind":"road_proposed","operator":"","description":""}},{"type":"Feature","geometry":{"type":"LineString","coordinates":[[144.94001,-37.7825],[144.93978,-37.78239],[144.93957,-37.78227],[144.93941,-37.78213],[144.93929,-37.78198],[144.93916,-37.7818],[144.93906,-37.78162],[144.93901,-37.78145],[144.93895,-37.78124],[144.93888,-37.781],[144.93883,-37.78084],[144.93877,-37.78069],[144.9387,-37.78051],[144.93848,-37.78005]]},"properties":{"name":"East West Link (Stage 1)","kind":"road_proposed","operator":"","description":""}},{"type":"Feature","geometry":{"type":"LineString","coordinates":[[144.93945,-37.7807],[144.9398,-37.78138],[144.94041,-37.78257],[144.94055,-37.78275],[144.94074,-37.7829],[144.94099,-37.78304],[144.94128,-37.78317],[144.94199,-37.78347],[144.94231,-37.78361],[144.94265,-37.78378],[144.94335,-37.78422],[144.94379,-37.78452]]},"properties":{"name":"East West Link (Stage 1)","kind":"road_proposed","operator":"","description":""}},{"type":"Feature","geometry":{"type":"LineString","coordinates":[[144.94512,-37.78561],[144.94749,-37.78721],[144.94979,-37.78873],[144.95049,-37.78917],[144.95134,-37.78964],[144.95182,-37.78987],[144.95239,-37.79007],[144.95332,-37.79031],[144.95428,-37.79049],[144.95566,-37.79067],[144.95703,-37.79082],[144.95838,-37.79093],[144.96143,-37.79118],[144.96586,-37.7916],[144.97121,-37.79221],[144.97388,-37.7925],[144.97527,-37.79265],[144.98193,-37.79334],[144.98559,-37.79374],[144.98896,-37.79409],[144.99012,-37.79422],[144.99043,-37.79428],[144.99078,-37.79436]]},"properties":{"name":"East West Link (Stage 1)","kind":"road_proposed","operator":"","description":""}},{"type":"Feature","geometry":{"type":"LineString","coordinates":[[144.99793,-37.79556],[144.99757,-37.79553],[144.99691,-37.79548],[144.99543,-37.79536],[144.99457,-37.79528],[144.9942,-37.79524],[144.99339,-37.79514],[144.99256,-37.79499],[144.9914,-37.7947],[144.99073,-37.79451]]},"properties":{"name":"East West Link (Stage 1)","kind":"road_proposed","operator":"","description":""}},{"type":"Feature","geometry":{"type":"LineString","coordinates":[[144.99373,-37.79531],[144.9931,-37.79525],[144.99258,-37.79518],[144.99221,-37.7951],[144.99198,-37.79504],[144.99162,-37.79492],[144.99133,-37.79479],[144.99091,-37.79463],[144.99071,-37.79456]]},"properties":{"name":"East West Link Onramp","kind":"road_proposed","operator":"","description":""}},{"type":"Feature","geometry":{"type":"LineString","coordinates":[[144.99009,-37.79418],[144.99069,-37.79424],[144.99129,-37.79438],[144.99172,-37.79452],[144.99223,-37.79465],[144.99288,-37.7948],[144.9932,-37.79486],[144.99433,-37.79501],[144.99551,-37.79517]]},"properties":{"name":"Eastern Freeway Onramp","kind":"road_proposed","operator":"","description":""}},{"type":"Feature","geometry":{"type":"LineString","coordinates":[[144.99078,-37.79436],[144.99091,-37.7944],[144.99148,-37.79455],[144.99197,-37.79468],[144.99256,-37.79481],[144.99316,-37.79491],[144.99353,-37.79496],[144.99489,-37.79512],[144.99551,-37.79517],[144.99693,-37.79529],[144.99791,-37.79538],[144.99872,-37.79539]]},"properties":{"name":"East West Link (Stage 1)","kind":"road_proposed","operator":"","description":""}},{"type":"Feature","geometry":{"type":"LineString","coordinates":[[144.99073,-37.79451],[144.99065,-37.79449],[144.99009,-37.79439],[144.98983,-37.79436],[144.98907,-37.79427],[144.98404,-37.79374],[144.98085,-37.79339],[144.97697,-37.793],[144.97406,-37.7927],[144.97159,-37.79244],[144.96915,-37.79217],[144.96601,-37.79183],[144.96568,-37.7918],[144.96223,-37.79146],[144.95833,-37.79112],[144.95639,-37.79095],[144.95561,-37.79087],[144.95467,-37.79076],[144.9537,-37.7906],[144.95309,-37.79048],[144.95255,-37.79035],[144.95207,-37.7902],[144.95164,-37.79004],[144.95066,-37.78955],[144.95009,-37.78921],[144.94943,-37.78877],[144.94664,-37.78693],[144.94557,-37.78619],[144.94471,-37.78561]]},"properties":{"name":"East West Link (Stage 1)","kind":"road_proposed","operator":"","description":""}},{"type":"Feature","geometry":{"type":"LineString","coordinates":[[144.94357,-37.7851],[144.94325,-37.78502],[144.94312,-37.785],[144.94302,-37.78498],[144.94286,-37.78495],[144.94257,-37.78494],[144.94222,-37.78494],[144.94196,-37.78496],[144.94193,-37.78496],[144.94155,-37.78502],[144.94125,-37.7851],[144.94099,-37.7852],[144.94071,-37.78533],[144.94054,-37.78543],[144.94023,-37.78565],[144.94008,-37.78578],[144.93993,-37.78595],[144.93976,-37.78615],[144.93948,-37.78656]]},"properties":{"name":"East West Link (Stage 1)","kind":"road_proposed","operator":"","description":""}},{"type":"Feature","geometry":{"type":"LineString","coordinates":[[144.93892,-37.78649],[144.93895,-37.78641],[144.93909,-37.78613],[144.93935,-37.78573],[144.9395,-37.78556],[144.93984,-37.78529],[144.94009,-37.78513],[144.94045,-37.78493],[144.94092,-37.78475],[144.94141,-37.78463],[144.94185,-37.78457],[144.94226,-37.78456],[144.94255,-37.78457],[144.94304,-37.78464],[144.94349,-37.78475],[144.94384,-37.78488],[144.94392,-37.78491]]},"properties":{"name":"East West Link (Port Connection)","kind":"road_proposed","operator":"","description":""}},{"type":"Feature","geometry":{"type":"LineString","coordinates":[[144.9385,-37.78761],[144.93794,-37.78841],[144.93736,-37.78927],[144.93712,-37.78969],[144.93691,-37.7901],[144.93674,-37.7905],[144.93645,-37.79138],[144.93578,-37.79401],[144.93561,-37.79471],[144.93549,-37.79536],[144.93547,-37.79559],[144.93546,-37.7961],[144.93553,-37.79664],[144.93564,-37.79722],[144.9359,-37.7982],[144.93601,-37.79869],[144.93603,-37.79892],[144.93604,-37.79928],[144.93603,-37.79961],[144.93601,-37.80051],[144.93599,-37.80064],[144.93595,-37.80099],[144.93586,-37.80144],[144.9358,-37.8017]]},"properties":{"name":"East West Link (Port Connection)","kind":"road_proposed","operator":"","description":""}},{"type":"Feature","geometry":{"type":"LineString","coordinates":[[144.92898,-37.80881],[144.92902,-37.80859],[144.92915,-37.80805],[144.9292,-37.80787],[144.92933,-37.80763],[144.92947,-37.80744],[144.92962,-37.80728],[144.92977,-37.80716],[144.92992,-37.80706],[144.93063,-37.80669],[144.93113,-37.80646],[144.93148,-37.80628],[144.93187,-37.80606],[144.93217,-37.80589],[144.93282,-37.80547]]},"properties":{"name":"East West Link (Port Connection)","kind":"road_proposed","operator":"","description":""}},{"type":"Feature","geometry":{"type":"LineString","coordinates":[[144.93308,-37.80553],[144.93251,-37.80605],[144.93184,-37.80666],[144.93165,-37.80682],[144.93145,-37.80695],[144.93117,-37.80709],[144.93077,-37.80723],[144.93052,-37.80732],[144.93004,-37.8075],[144.92978,-37.80763],[144.9296,-37.80774],[144.92946,-37.80787],[144.92937,-37.80799],[144.92931,-37.80813],[144.92925,-37.80839],[144.92917,-37.80886]]},"properties":{"name":"East West Link (Port Connection)","kind":"road_proposed","operator":"","description":""}},{"type":"Feature","geometry":{"type":"LineString","coordinates":[[144.93282,-37.80547],[144.93323,-37.80506],[144.93354,-37.80473],[144.93387,-37.80436],[144.93488,-37.80316],[144.93507,-37.8029],[144.93519,-37.80272],[144.93537,-37.80239],[144.93548,-37.80217],[144.93559,-37.80188],[144.93571,-37.80137],[144.93583,-37.80063],[144.93585,-37.80012],[144.93588,-37.7992],[144.93582,-37.7987],[144.93564,-37.79798],[144.93539,-37.7971],[144.93531,-37.79674],[144.93525,-37.79609],[144.93527,-37.79543],[144.93546,-37.79451],[144.93588,-37.79288],[144.93623,-37.79143],[144.93651,-37.7905],[144.93676,-37.78993],[144.9368,-37.78986],[144.93681,-37.78984],[144.93707,-37.78931],[144.93756,-37.78867],[144.9381,-37.78793],[144.93837,-37.78755]]},"properties":{"name":"East West Link (Port Connection)","kind":"road_proposed","operator":"","description":""}},{"type":"Feature","geometry":{"type":"LineString","coordinates":[[144.93621,-37.79295],[144.93618,-37.79189],[144.93615,-37.7915],[144.93615,-37.79125],[144.93618,-37.79098],[144.93625,-37.79068],[144.93636,-37.7904],[144.93651,-37.79012],[144.93685,-37.7896],[144.93707,-37.78931]]},"properties":{"name":"East West Link (Port Connection)","kind":"road_proposed","operator":"","description":""}},{"type":"Feature","geometry":{"type":"LineString","coordinates":[[144.99321,-37.79587],[144.99321,-37.79571],[144.99324,-37.79551],[144.99328,-37.79534],[144.99336,-37.79518],[144.99347,-37.79504],[144.99366,-37.79488],[144.99377,-37.7948],[144.99393,-37.79472],[144.99415,-37.79465],[144.99434,-37.79463],[144.99457,-37.79464],[144.99487,-37.79468],[144.99511,-37.79472],[144.99589,-37.79484],[144.9972,-37.79506]]},"properties":{"name":"Eastern Freeway Onramp","kind":"road_proposed","operator":"","description":""}},{"type":"Feature","geometry":{"type":"LineString","coordinates":[[144.94352,-37.7847],[144.94212,-37.7836],[144.94186,-37.78338],[144.94167,-37.78326],[144.9415,-37.78317],[144.94131,-37.7831],[144.94112,-37.78306],[144.9409,-37.78307],[144.94069,-37.7831],[144.94053,-37.78316],[144.94038,-37.78324],[144.94025,-37.78336],[144.94015,-37.78351],[144.94007,-37.78365],[144.94002,-37.78382],[144.94001,-37.78401],[144.93999,-37.78493],[144.93997,-37.78531]]},"properties":{"name":"Mount Alexander Road Offramp","kind":"road_proposed","operator":"","description":""}},{"type":"Feature","geometry":{"type":"LineString","coordinates":[[144.93725,-37.77405],[144.93725,-37.77424],[144.93728,-37.77488],[144.9373,-37.77517],[144.93734,-37.77544],[144.93745,-37.77622],[144.93755,-37.77663],[144.93767,-37.77703],[144.93778,-37.77739],[144.93789,-37.77766],[144.93813,-37.77821],[144.9385,-37.77892],[144.93928,-37.7803],[144.93945,-37.7807]]},"properties":{"name":"East West Link (Stage 1)","kind":"road_proposed","operator":"","description":""}},{"type":"Feature","geometry":{"type":"LineString","coordinates":[[144.94352,-37.7847],[144.94313,-37.78438],[144.94238,-37.78374],[144.94194,-37.78337],[144.94169,-37.78318],[144.94136,-37.78299],[144.941,-37.78284],[144.94001,-37.7825]]},"properties":{"name":"East West Link (Stage 1)","kind":"road_proposed","operator":"","description":""}},{"type":"Feature","geometry":{"type":"LineString","coordinates":[[144.93933,-37.78411],[144.93922,-37.7831],[144.93922,-37.78293],[144.93925,-37.78258],[144.93928,-37.78244],[144.93934,-37.78229],[144.93942,-37.78219],[144.93958,-37.78205],[144.93978,-37.78192],[144.93998,-37.78184],[144.94011,-37.78181],[144.94031,-37.78178],[144.94057,-37.78179],[144.94079,-37.78182],[144.94107,-37.78192],[144.94123,-37.78201],[144.94125,-37.78203],[144.94141,-37.78217],[144.9419,-37.78279],[144.9421,-37.78305],[144.94225,-37.78323],[144.94247,-37.78351],[144.9427,-37.78372],[144.94335,-37.78422]]},"properties":{"name":"East West Link Onramp","kind":"road_proposed","operator":"","description":""}},{"type":"Feature","geometry":{"type":"LineString","coordinates":[[144.93694,-37.7766],[144.93658,-37.77579],[144.93641,-37.7753],[144.93625,-37.77483],[144.93615,-37.77437],[144.9361,-37.77409],[144.93606,-37.77393],[144.93601,-37.77382],[144.93593,-37.77372],[144.93586,-37.77365]]},"properties":{"name":"Ormond Road Offramp","kind":"road_proposed","operator":"","description":""}},{"type":"Feature","geometry":{"type":"LineString","coordinates":[[144.93848,-37.78005],[144.93788,-37.77892],[144.93759,-37.77828],[144.93721,-37.77731],[144.93698,-37.77645],[144.93682,-37.77567],[144.93669,-37.77476],[144.93666,-37.7742],[144.93667,-37.77386]]},"properties":{"name":"East West Link (Stage 1)","kind":"road_proposed","operator":"","description":""}},{"type":"Feature","geometry":{"type":"Point","coordinates":[145.03362,-37.82317]},"properties":{"name":"Swinburne University","kind":"university","operator":""}},{"type":"Feature","geometry":{"type":"LineString","coordinates":[[144.86812,-37.72341],[144.86841,-37.72308],[144.86865,-37.72273],[144.86888,-37.72238],[144.86906,-37.72212],[144.86926,-37.7217],[144.86932,-37.72145],[144.86935,-37.72112],[144.8695,-37.71777],[144.86952,-37.71652],[144.86948,-37.71586],[144.86939,-37.7152],[144.86936,-37.71502],[144.86928,-37.71476],[144.86917,-37.71445],[144.86883,-37.71391],[144.86858,-37.71356],[144.86824,-37.71316],[144.86772,-37.7126],[144.86739,-37.7122],[144.86723,-37.71199],[144.86711,-37.71177],[144.86699,-37.71146],[144.8669,-37.71114],[144.86684,-37.71088],[144.86682,-37.71063],[144.86683,-37.7104],[144.86687,-37.70998],[144.86717,-37.70864],[144.86736,-37.7079],[144.86752,-37.70719],[144.86767,-37.70627],[144.86777,-37.70579],[144.86787,-37.70465],[144.86789,-37.70401],[144.86784,-37.70344],[144.86742,-37.70047],[144.86689,-37.69682],[144.86638,-37.69328],[144.86597,-37.6912],[144.86559,-37.6887],[144.86535,-37.68689],[144.86525,-37.68592],[144.86508,-37.68448],[144.86504,-37.6843],[144.86498,-37.68408],[144.86491,-37.68389],[144.8648,-37.68371],[144.8647,-37.68357],[144.86424,-37.68307],[144.86325,-37.68215],[144.86055,-37.67938],[144.85798,-37.67691],[144.85774,-37.67666],[144.85719,-37.67609],[144.856,-37.67491],[144.8558,-37.67475],[144.85572,-37.67469],[144.8555,-37.67457],[144.85523,-37.67444],[144.8549,-37.67431],[144.85416,-37.67401],[144.85381,-37.67388],[144.85303,-37.67357],[144.85158,-37.673],[144.85117,-37.67284],[144.85013,-37.67244]]},"properties":{"name":"Airport Line","kind":"rail_proposed","operator":"","description":""}},{"type":"Feature","geometry":{"type":"LineString","coordinates":[[144.85017,-37.67237],[144.85088,-37.67264],[144.85156,-37.6729],[144.85224,-37.67317],[144.85308,-37.6735],[144.85385,-37.6738],[144.8542,-37.67394],[144.85495,-37.67423],[144.85531,-37.67437],[144.85559,-37.67451],[144.85582,-37.67465],[144.85606,-37.67483],[144.85731,-37.67608],[144.85796,-37.67676],[144.85836,-37.67717],[144.85994,-37.67869],[144.86169,-37.68042],[144.86231,-37.68106],[144.86328,-37.68205],[144.8646,-37.6833],[144.8648,-37.68352],[144.86491,-37.68368],[144.86502,-37.68384],[144.86513,-37.68414],[144.86517,-37.68434],[144.86522,-37.68469],[144.86538,-37.68594],[144.86543,-37.68634],[144.86555,-37.68753],[144.8659,-37.6899],[144.86622,-37.69179],[144.86657,-37.69359],[144.86684,-37.69544],[144.86712,-37.69742],[144.86732,-37.69898],[144.86779,-37.70209],[144.86798,-37.70343],[144.86802,-37.70372],[144.86804,-37.70411],[144.86801,-37.70465],[144.86787,-37.70582],[144.86763,-37.70722],[144.86747,-37.70791],[144.86728,-37.70865],[144.86704,-37.70971],[144.86702,-37.70984],[144.86697,-37.71032],[144.86695,-37.71056],[144.86696,-37.7108],[144.86698,-37.71094],[144.86712,-37.71145],[144.86723,-37.71175],[144.86735,-37.71196],[144.8675,-37.71217],[144.86785,-37.71258],[144.86851,-37.71331],[144.86893,-37.7139],[144.86923,-37.7144],[144.86935,-37.71466],[144.8694,-37.71481],[144.86948,-37.71514],[144.86956,-37.71582],[144.86961,-37.71649],[144.8696,-37.71769],[144.86944,-37.7211],[144.8694,-37.72151],[144.86934,-37.72175],[144.86916,-37.72212],[144.86896,-37.72243],[144.86863,-37.7229],[144.86857,-37.723],[144.8684,-37.7232],[144.86818,-37.72345]]},"properties":{"name":"Airport Line","kind":"rail_proposed","operator":"","description":""}},{"type":"Feature","geometry":{"type":"Point","coordinates":[144.90044,-37.80546]},"properties":{"name":"Billy Button Children's Centre","kind":"school_construction","operator":""}},{"type":"Feature","geometry":{"type":"LineString","coordinates":[[144.82675,-37.76795],[144.82726,-37.76745],[144.82834,-37.76642],[144.82944,-37.76522],[144.83129,-37.76323],[144.83286,-37.76155],[144.83394,-37.7604],[144.83482,-37.75946],[144.8358,-37.75839],[144.83648,-37.75766],[144.83781,-37.75624],[144.83914,-37.75477],[144.8407,-37.75304],[144.8424,-37.75125],[144.84324,-37.75036],[144.84396,-37.74955],[144.84406,-37.74944]]},"properties":{"name":"Airport Line","kind":"rail_proposed","operator":"","description":""}},{"type":"Feature","geometry":{"type":"LineString","coordinates":[[144.8441,-37.74946],[144.84393,-37.74966],[144.84316,-37.75051],[144.84233,-37.7514],[144.84126,-37.75251],[144.84037,-37.75347],[144.83925,-37.75472],[144.83759,-37.75653],[144.83654,-37.75766],[144.83534,-37.75895],[144.83451,-37.75986],[144.83328,-37.76119],[144.8322,-37.76234],[144.83139,-37.7632],[144.83063,-37.76402],[144.82974,-37.76499],[144.82842,-37.76642],[144.82761,-37.7672],[144.82679,-37.76798]]},"properties":{"name":"Airport Line","kind":"rail_proposed","operator":"","description":""}},{"type":"Feature","geometry":{"type":"LineString","coordinates":[[144.84676,-37.74649],[144.8468,-37.74644],[144.84714,-37.74606],[144.84792,-37.74522],[144.84861,-37.74446],[144.84958,-37.74342],[144.85058,-37.74235],[144.85139,-37.74147],[144.85211,-37.74069],[144.85274,-37.74004],[144.85358,-37.73918],[144.85433,-37.73838],[144.85525,-37.73737],[144.85645,-37.73609],[144.85737,-37.73508],[144.85832,-37.73403],[144.85972,-37.73252],[144.86048,-37.73171],[144.86131,-37.73079],[144.8623,-37.72971],[144.86299,-37.72896],[144.86303,-37.72892],[144.86427,-37.72754],[144.86453,-37.72724],[144.86477,-37.72696],[144.86599,-37.72565],[144.86625,-37.72539],[144.86681,-37.72482],[144.86742,-37.72416],[144.86812,-37.72341]]},"properties":{"name":"Airport Line","kind":"rail_proposed","operator":"","description":""}},{"type":"Feature","geometry":{"type":"LineString","coordinates":[[144.86818,-37.72345],[144.86786,-37.72379],[144.86783,-37.72382],[144.86756,-37.72411],[144.86603,-37.72567],[144.8648,-37.727],[144.86443,-37.72743],[144.86328,-37.72871],[144.8627,-37.72935],[144.86184,-37.7303],[144.86043,-37.73183],[144.85878,-37.7336],[144.8574,-37.73511],[144.85586,-37.73678],[144.85413,-37.73865],[144.85342,-37.73939],[144.85193,-37.74098],[144.85045,-37.74258],[144.84921,-37.74392],[144.84804,-37.74519],[144.84715,-37.74615],[144.84685,-37.74647],[144.8468,-37.74652]]},"properties":{"name":"Airport Line","kind":"rail_proposed","operator":"","description":""}},{"type":"Feature","geometry":{"type":"LineString","coordinates":[[144.84406,-37.74944],[144.84465,-37.74875],[144.84531,-37.74802],[144.84676,-37.74649]]},"properties":{"name":"Airport Line","kind":"rail_proposed","operator":"","description":""}},{"type":"Feature","geometry":{"type":"LineString","coordinates":[[144.8468,-37.74652],[144.84636,-37.74699],[144.84577,-37.74762],[144.84498,-37.74847],[144.8441,-37.74946]]},"properties":{"name":"Airport Line","kind":"rail_proposed","operator":"","description":""}},{"type":"Feature","geometry":{"type":"LineString","coordinates":[[144.91297,-37.80769],[144.90941,-37.80732]]},"properties":{"name":"West Swanson Dock Siding","kind":"rail_construction","operator":"Port of Melbourne","description":""}},{"type":"Feature","geometry":{"type":"LineString","coordinates":[[145.01823,-37.66276],[145.01833,-37.6624],[145.01837,-37.66225],[145.01837,-37.6619],[145.0183,-37.66146],[145.01815,-37.66114],[145.01786,-37.66079],[145.0174,-37.66037],[145.01666,-37.65977],[145.0162,-37.6594],[145.01593,-37.65909],[145.01582,-37.6589],[145.01573,-37.65864],[145.01563,-37.65812],[145.01554,-37.65743],[145.01552,-37.65713],[145.01554,-37.65648],[145.01556,-37.65452],[145.01558,-37.65432],[145.0156,-37.65411],[145.01572,-37.65281],[145.01565,-37.65119],[145.01551,-37.65056],[145.01553,-37.65036],[145.01582,-37.6485],[145.01583,-37.64829],[145.01554,-37.64592],[145.01547,-37.64503],[145.01541,-37.64468],[145.01527,-37.64434],[145.01501,-37.64396],[145.01447,-37.64338],[145.01382,-37.64276],[145.013,-37.64207],[145.01147,-37.64101],[145.00944,-37.63966],[145.00867,-37.63902],[145.00828,-37.63861],[145.00774,-37.63781],[145.0075,-37.63724],[145.00734,-37.63683],[145.00724,-37.6364],[145.00718,-37.63595],[145.00719,-37.63554],[145.00725,-37.63511],[145.0073,-37.63482],[145.00768,-37.63233],[145.00777,-37.63061],[145.00773,-37.62934],[145.0075,-37.6278],[145.00749,-37.62679],[145.00784,-37.62491],[145.00818,-37.62397],[145.00833,-37.62352],[145.00888,-37.62085]]},"properties":{"name":"Proposed Wollert/Epping North Rail Line","kind":"rail_proposed","operator":"","description":""}},{"type":"Feature","geometry":{"type":"LineString","coordinates":[[144.67109,-37.73214],[144.67106,-37.73214],[144.67101,-37.73212],[144.67015,-37.7318],[144.66969,-37.73162],[144.66925,-37.73143],[144.66839,-37.73102],[144.6676,-37.73063],[144.66683,-37.73026],[144.66606,-37.72989],[144.65928,-37.72657]]},"properties":{"name":"Stoneleigh Drive","kind":"road_proposed","operator":"","description":""}},{"type":"Feature","geometry":{"type":"LineString","coordinates":[[144.73369,-37.56045],[144.73404,-37.5605],[144.73501,-37.56066],[144.73531,-37.56069],[144.73579,-37.56061],[144.7369,-37.5604],[144.73778,-37.56023],[144.73785,-37.56024],[144.73789,-37.56028],[144.73804,-37.56082],[144.73809,-37.561],[144.73817,-37.5613],[144.73777,-37.56191],[144.73765,-37.56191],[144.73721,-37.56182]]},"properties":{"name":"Ransford Drive","kind":"road_construction","operator":"","description":""}},{"type":"Feature","geometry":{"type":"LineString","coordinates":[[144.67577,-37.81524],[144.67558,-37.81522],[144.67482,-37.81514],[144.67442,-37.81509],[144.67393,-37.81502],[144.67289,-37.8149],[144.67186,-37.81478],[144.67134,-37.81472]]},"properties":{"name":"Nascent Drive","kind":"road_construction","operator":"","description":""}},{"type":"Feature","geometry":{"type":"LineString","coordinates":[[144.85234,-37.67392],[144.85233,-37.67382],[144.85231,-37.67365],[144.85224,-37.67349],[144.85218,-37.67338],[144.85215,-37.67334],[144.85209,-37.67327],[144.85206,-37.67322],[144.85196,-37.67312],[144.85186,-37.67305],[144.85169,-37.67297],[144.85132,-37.67282],[144.85115,-37.67276],[144.85099,-37.67269],[144.85089,-37.67264],[144.8508,-37.67257],[144.85073,-37.67249],[144.85068,-37.67239],[144.85067,-37.67232],[144.85068,-37.67224],[144.85072,-37.67216],[144.85078,-37.67209],[144.85083,-37.67204]]},"properties":{"name":"Naarm Way Stage 2","kind":"road_construction","operator":"","description":""}},{"type":"Feature","geometry":{"type":"LineString","coordinates":[[144.85132,-37.67282],[144.85115,-37.67273],[144.85105,-37.67266],[144.851,-37.6726],[144.85093,-37.67252],[144.8509,-37.67245],[144.85091,-37.67237],[144.85094,-37.6723],[144.85101,-37.67222],[144.85104,-37.67218]]},"properties":{"name":"Naarm Way Stage 2","kind":"road_construction","operator":"","description":""}},{"type":"Feature","geometry":{"type":"LineString","coordinates":[[144.84995,-37.67126],[144.84984,-37.67119],[144.84983,-37.67118],[144.84982,-37.67117],[144.84982,-37.67116],[144.84983,-37.67115],[144.84984,-37.67114],[144.84992,-37.67105],[144.85003,-37.67093],[144.85088,-37.67003]]},"properties":{"name":"Terminal 1, 2, 3 Drop off","kind":"road_proposed","operator":"","description":""}},{"type":"Feature","geometry":{"type":"LineString","coordinates":[[144.85253,-37.67089],[144.8526,-37.67081],[144.85268,-37.67075],[144.85275,-37.67072],[144.85285,-37.67071],[144.85295,-37.67071],[144.85304,-37.67074],[144.85312,-37.67077],[144.85336,-37.67091],[144.85415,-37.6714],[144.85454,-37.67162]]},"properties":{"name":"Naarm Way Stage 2","kind":"road_construction","operator":"","description":""}},{"type":"Feature","geometry":{"type":"LineString","coordinates":[[144.85104,-37.67218],[144.85109,-37.67212],[144.85168,-37.67246],[144.85212,-37.67197],[144.85218,-37.67191],[144.85232,-37.67161],[144.85259,-37.67102],[144.85247,-37.67095],[144.85253,-37.67089]]},"properties":{"name":"Terminal 1, 2, 3 Pick up","kind":"road_proposed","operator":"","description":""}},{"type":"Feature","geometry":{"type":"LineString","coordinates":[[144.79767,-37.678],[144.79761,-37.678],[144.79753,-37.67797],[144.79747,-37.67795],[144.79741,-37.67792],[144.79693,-37.67757],[144.79615,-37.67698],[144.79608,-37.67693],[144.79601,-37.6769],[144.79591,-37.67688],[144.79575,-37.67688],[144.79234,-37.67701],[144.79209,-37.67703],[144.79197,-37.67703],[144.79174,-37.67703],[144.79142,-37.67707],[144.79048,-37.67716],[144.79032,-37.67718],[144.79025,-37.6772],[144.7902,-37.67725],[144.78869,-37.67937],[144.78867,-37.67944],[144.78865,-37.67952],[144.78863,-37.67964],[144.78864,-37.67984],[144.78873,-37.68011],[144.78877,-37.68023],[144.78879,-37.68035],[144.78877,-37.68056],[144.78873,-37.6807],[144.78862,-37.6809],[144.78854,-37.68105],[144.78846,-37.68123],[144.78845,-37.68137],[144.78845,-37.68159],[144.78851,-37.68179],[144.78858,-37.682],[144.7888,-37.6828],[144.78885,-37.68306],[144.78887,-37.68326],[144.78883,-37.68344],[144.78878,-37.68364]]},"properties":{"name":"Escarpment Walk","kind":"road_proposed","operator":"","description":""}},{"type":"Feature","geometry":{"type":"Point","coordinates":[145.13973,-37.91242]},"properties":{"name":"Victorian Heart Hospital","kind":"hospital_construction","operator":""}},{"type":"Feature","geometry":{"type":"LineString","coordinates":[[145.10167,-37.9557],[145.10308,-37.95588],[145.10462,-37.95604],[145.10533,-37.95608],[145.10582,-37.95609],[145.10632,-37.95608],[145.10717,-37.95601],[145.10824,-37.95588],[145.10942,-37.95556],[145.11022,-37.95526],[145.11095,-37.95497],[145.11181,-37.95449],[145.11244,-37.95413],[145.11278,-37.9539],[145.11307,-37.95361],[145.11362,-37.9531],[145.11422,-37.95239],[145.11466,-37.95172],[145.11504,-37.95076],[145.11513,-37.95038],[145.11519,-37.94995],[145.11571,-37.94501],[145.11577,-37.94445],[145.11598,-37.94333],[145.11632,-37.94147],[145.11661,-37.93997],[145.1168,-37.93891],[145.11701,-37.93775],[145.11744,-37.93554],[145.11775,-37.93386],[145.11797,-37.93279],[145.1191,-37.92672],[145.11964,-37.92382],[145.11983,-37.92275],[145.12042,-37.91982],[145.12056,-37.91925],[145.12075,-37.91866],[145.121,-37.91813],[145.12143,-37.91741],[145.1218,-37.91696],[145.12244,-37.91632],[145.1227,-37.91606],[145.12324,-37.91567],[145.12365,-37.91541],[145.12453,-37.91495],[145.12545,-37.9146],[145.12669,-37.91429],[145.128,-37.91405],[145.12865,-37.91393],[145.13064,-37.9135],[145.13148,-37.91332],[145.13187,-37.91318],[145.13246,-37.91294],[145.13302,-37.91266],[145.13408,-37.91194],[145.13444,-37.91165],[145.13471,-37.91142],[145.1352,-37.91094],[145.13629,-37.90962],[145.13679,-37.90902],[145.13706,-37.90856],[145.13725,-37.90825],[145.13773,-37.90736],[145.13792,-37.90674],[145.13806,-37.90591],[145.13821,-37.90509],[145.13871,-37.90227],[145.1388,-37.90194],[145.1389,-37.90154],[145.13903,-37.90111],[145.13929,-37.90053],[145.13955,-37.90008],[145.14006,-37.89941],[145.14055,-37.89889],[145.14106,-37.89846],[145.14193,-37.8978],[145.14275,-37.89726],[145.14411,-37.89633],[145.14481,-37.89587],[145.14629,-37.89487],[145.15385,-37.88971],[145.15924,-37.88603],[145.15962,-37.88573],[145.16026,-37.88513],[145.16051,-37.88484],[145.16077,-37.88451],[145.16103,-37.88411],[145.16124,-37.88374],[145.16148,-37.88324],[145.16163,-37.88286],[145.16177,-37.88235],[145.16187,-37.88186],[145.16217,-37.88031],[145.16243,-37.87899],[145.16247,-37.87868],[145.1625,-37.87838],[145.16252,-37.87807],[145.16251,-37.87766],[145.16248,-37.87729],[145.16238,-37.8768],[145.16221,-37.87625],[145.16201,-37.87567],[145.1619,-37.87545],[145.16172,-37.87515],[145.16154,-37.87486],[145.16114,-37.87432],[145.16079,-37.87394],[145.1602,-37.8734],[145.15971,-37.87303],[145.1594,-37.87283],[145.15871,-37.87244],[145.1581,-37.87217],[145.15754,-37.87194],[145.15706,-37.87178],[145.1562,-37.87158],[145.15472,-37.87138],[145.15001,-37.87086],[145.14529,-37.87035],[145.14462,-37.87027],[145.14392,-37.87015],[145.14267,-37.86991],[145.14148,-37.86958],[145.14036,-37.86914],[145.13788,-37.8682],[145.12919,-37.8649],[145.11563,-37.85976],[145.11505,-37.85949],[145.11371,-37.85867],[145.11306,-37.85811],[145.11259,-37.85762],[145.11213,-37.85701],[145.11192,-37.85667],[145.11163,-37.8561],[145.1113,-37.85503],[145.11123,-37.8548],[145.11118,-37.85437],[145.11116,-37.85394],[145.1112,-37.85333],[145.1113,-37.85269],[145.11166,-37.85081],[145.11195,-37.84933],[145.11224,-37.848],[145.11275,-37.84655],[145.11655,-37.83565],[145.12022,-37.82514],[145.12114,-37.82252],[145.12173,-37.82092],[145.12345,-37.81648],[145.12353,-37.81619],[145.12372,-37.81542]]},"properties":{"name":"SRL East","kind":"rail_construction","operator":"","description":""}},{"type":"Feature","geometry":{"type":"LineString","coordinates":[[145.02724,-37.51928],[145.02698,-37.51928],[145.02683,-37.5193],[145.02671,-37.51934],[145.02619,-37.51958],[145.02574,-37.51995],[145.02457,-37.52117],[145.02326,-37.52261],[145.02242,-37.52359],[145.02106,-37.52463],[145.02092,-37.52471],[145.02017,-37.52515],[145.01937,-37.52546],[145.01855,-37.52574],[145.01675,-37.52628],[145.01427,-37.52674],[145.01379,-37.5268],[145.01342,-37.52694]]},"properties":{"name":"Grants Road","kind":"road_proposed","operator":"","description":""}},{"type":"Feature","geometry":{"type":"LineString","coordinates":[[144.91907,-37.53579],[144.92,-37.53007],[144.92064,-37.52532],[144.92089,-37.52363],[144.92095,-37.52222],[144.92026,-37.52053],[144.9185,-37.51858],[144.91593,-37.51644],[144.91221,-37.51421],[144.90891,-37.51222]]},"properties":{"name":"Merrifield Boulevard","kind":"road_proposed","operator":"","description":""}},{"type":"Feature","geometry":{"type":"LineString","coordinates":[[144.6968,-37.74425],[144.69134,-37.74215],[144.68841,-37.74102],[144.6873,-37.74061],[144.68526,-37.74012],[144.68404,-37.73991],[144.68242,-37.73971],[144.68007,-37.73987],[144.67892,-37.73995],[144.67798,-37.74026],[144.6773,-37.74052],[144.6764,-37.74136],[144.67564,-37.74267],[144.67507,-37.74393],[144.67295,-37.74762]]},"properties":{"name":"Outer Metropolitan Ring Road / E6","kind":"road_proposed","operator":"","description":""}},{"type":"Feature","geometry":{"type":"LineString","coordinates":[[144.68242,-37.73971],[144.67943,-37.73958],[144.67831,-37.73934],[144.67779,-37.73902],[144.67722,-37.73797],[144.67634,-37.73615],[144.67627,-37.73533],[144.67652,-37.7344],[144.67751,-37.73188]]},"properties":{"name":"Outer Metropolitan Ring Road / E6","kind":"road_proposed","operator":"","description":""}},{"type":"Feature","geometry":{"type":"LineString","coordinates":[[144.6651,-37.73122],[144.66935,-37.73306],[144.67112,-37.73367],[144.67411,-37.73404],[144.67554,-37.7339],[144.67667,-37.73317],[144.67751,-37.73188],[144.67813,-37.73037],[144.68019,-37.72499]]},"properties":{"name":"Outer Metropolitan Ring Road / E6","kind":"road_proposed","operator":"","description":""}},{"type":"Feature","geometry":{"type":"LineString","coordinates":[[144.67112,-37.73367],[144.67406,-37.73433],[144.67512,-37.73486],[144.67591,-37.73572],[144.67717,-37.7386],[144.67723,-37.73938],[144.6767,-37.74076],[144.6764,-37.74136]]},"properties":{"name":"Outer Metropolitan Ring Road / E6","kind":"road_proposed","operator":"","description":""}},{"type":"Feature","geometry":{"type":"LineString","coordinates":[[144.602,-37.80937],[144.60186,-37.81031],[144.60181,-37.81135],[144.60187,-37.81277],[144.60229,-37.81451],[144.60287,-37.81585],[144.60367,-37.81706],[144.60515,-37.8187],[144.60779,-37.82073],[144.6113,-37.82295],[144.61265,-37.8237],[144.61499,-37.825],[144.61513,-37.82508],[144.61639,-37.8256],[144.61789,-37.82587]]},"properties":{"name":"Leakes Road","kind":"road_proposed","operator":"","description":""}},{"type":"Feature","geometry":{"type":"LineString","coordinates":[[144.84337,-37.58908],[144.84352,-37.58846],[144.84362,-37.58824],[144.84372,-37.58807],[144.84388,-37.58788],[144.84404,-37.58776],[144.84512,-37.58713],[144.84532,-37.58701],[144.84553,-37.58684],[144.84571,-37.58658],[144.84582,-37.58626],[144.84589,-37.5859]]},"properties":{"name":"Oaklands Road Realignment","kind":"road_proposed","operator":"","description":""}},{"type":"Feature","geometry":{"type":"LineString","coordinates":[[144.84492,-37.58025],[144.84459,-37.58126],[144.84418,-37.58198],[144.84298,-37.58294],[144.84187,-37.58358],[144.8409,-37.58398],[144.84045,-37.58426],[144.8402,-37.5847],[144.84007,-37.5853]]},"properties":{"name":"Konagaderra Road Realignment","kind":"road_proposed","operator":"","description":""}},{"type":"Feature","geometry":{"type":"LineString","coordinates":[[144.90891,-37.51222],[144.90628,-37.51063],[144.90612,-37.51053],[144.90491,-37.50942],[144.9044,-37.50828],[144.90407,-37.50704],[144.90409,-37.50632],[144.90423,-37.50562]]},"properties":{"name":"Merrifield Boulevard","kind":"road_proposed","operator":"","description":""}},{"type":"Feature","geometry":{"type":"LineString","coordinates":[[144.9044,-37.50565],[144.90425,-37.50632],[144.90425,-37.50705],[144.90457,-37.50826],[144.90506,-37.50934],[144.90641,-37.51056],[144.90899,-37.51209],[144.916,-37.51627],[144.91865,-37.51845],[144.92043,-37.52044],[144.92112,-37.52216],[144.92109,-37.52364],[144.91987,-37.53215],[144.91981,-37.53251],[144.91923,-37.5358]]},"properties":{"name":"Merrifield Boulevard","kind":"road_proposed","operator":"","description":""}},{"type":"Feature","geometry":{"type":"LineString","coordinates":[[145.29112,-38.10609],[145.29114,-38.1061],[145.29123,-38.10615],[145.29217,-38.10672]]},"properties":{"name":"Cranbourne - Clyde extension","kind":"rail_proposed","operator":"Metro (planned)","description":""}},{"type":"Feature","geometry":{"type":"LineString","coordinates":[[145.28252,-38.10078],[145.28262,-38.10084],[145.28275,-38.10093],[145.28283,-38.10097],[145.28284,-38.10098]]},"properties":{"name":"Cranbourne - Clyde extension","kind":"rail_proposed","operator":"Metro (planned)","description":""}},{"type":"Feature","geometry":{"type":"LineString","coordinates":[[145.28834,-38.13943],[145.28553,-38.1391],[145.28535,-38.13905],[145.28509,-38.13887],[145.28491,-38.13867],[145.28484,-38.13853],[145.28482,-38.13845],[145.2849,-38.13808]]},"properties":{"name":"Symphony Parkway","kind":"road_construction","operator":"","description":""}},{"type":"Feature","geometry":{"type":"LineString","coordinates":[[145.28871,-38.13855],[145.2887,-38.1383],[145.28854,-38.13791],[145.28851,-38.13785],[145.28817,-38.1372],[145.28805,-38.13697],[145.28803,-38.13688],[145.28802,-38.1368],[145.28807,-38.13664]]},"properties":{"name":"Riverwood Drive","kind":"road_construction","operator":"","description":""}},{"type":"Feature","geometry":{"type":"LineString","coordinates":[[145.08936,-37.95088],[145.08933,-37.95091],[145.08866,-37.95439],[145.09705,-37.95548],[145.09704,-37.95551],[145.09993,-37.95586],[145.10054,-37.95593],[145.10076,-37.95596],[145.10091,-37.95596],[145.10141,-37.95599],[145.10222,-37.95603],[145.10253,-37.95601],[145.10252,-37.95597],[145.10253,-37.95596],[145.10077,-37.95142],[145.09914,-37.95176],[145.09872,-37.95191],[145.09863,-37.95201],[145.08936,-37.95088]]},"properties":{"name":"SRL East Train Stabling Facility","kind":"rail_construction","operator":"Southern Rail Loop Authority","description":"Suburban Rail Loop East Train Stabling Facility"}},{"type":"Feature","geometry":{"type":"LineString","coordinates":[[144.5384,-37.79051],[144.53842,-37.79069],[144.53849,-37.79088],[144.53856,-37.79102],[144.53866,-37.79118],[144.53878,-37.79134],[144.53898,-37.79152],[144.53916,-37.79165],[144.54,-37.79205],[144.54009,-37.79203],[144.54021,-37.79179]]},"properties":{"name":"Rupanyup Drive","kind":"road_construction","operator":"","description":""}},{"type":"Feature","geometry":{"type":"LineString","coordinates":[[145.24402,-38.04989],[145.24386,-38.05008],[145.24364,-38.05025],[145.24331,-38.05041],[145.24294,-38.05054],[145.24252,-38.05064],[145.24208,-38.05068],[145.24163,-38.05066],[145.23439,-38.04975]]},"properties":{"name":"Dandenong South Inland Port","kind":"rail_construction","operator":"","description":""}},{"type":"Feature","geometry":{"type":"LineString","coordinates":[[144.6925,-37.72214],[144.69288,-37.7221],[144.69316,-37.72211],[144.69382,-37.72221],[144.69459,-37.72233],[144.69478,-37.72238],[144.69486,-37.72243],[144.69495,-37.72247]]},"properties":{"name":"Litoria Drive","kind":"road_construction","operator":"","description":""}},{"type":"Feature","geometry":{"type":"LineString","coordinates":[[144.9973,-37.63392],[144.99731,-37.63385],[144.99754,-37.63284],[144.99762,-37.6326],[144.99767,-37.6324],[144.9978,-37.63203],[144.99812,-37.6313],[144.99824,-37.63076],[144.99842,-37.62992],[144.99858,-37.62884],[144.99861,-37.62846],[144.99858,-37.62805],[144.9984,-37.62758],[144.99817,-37.62724],[144.99703,-37.62565],[144.99644,-37.62486],[144.99637,-37.62478],[144.99582,-37.62404],[144.9955,-37.62356],[144.99529,-37.62303],[144.99525,-37.62275],[144.9953,-37.62227]]},"properties":{"name":"Koukoura Drive","kind":"road_construction","operator":"","description":""}},{"type":"Feature","geometry":{"type":"LineString","coordinates":[[144.99548,-37.62224],[144.99542,-37.62273],[144.99545,-37.62298],[144.99563,-37.62353],[144.99651,-37.62471],[144.99654,-37.62475],[144.99657,-37.62479],[144.99746,-37.62602],[144.99787,-37.62659],[144.99839,-37.62725],[144.99864,-37.62769],[144.99878,-37.62806],[144.99883,-37.62844],[144.99882,-37.62885],[144.99868,-37.62963],[144.99867,-37.62969],[144.99866,-37.62975],[144.99844,-37.63078],[144.99842,-37.63092],[144.99832,-37.63135],[144.99813,-37.63178],[144.99786,-37.63245],[144.99781,-37.63263],[144.99774,-37.63287],[144.99754,-37.63371],[144.99748,-37.63395]]},"properties":{"name":"Koukoura Drive","kind":"road_construction","operator":"","description":""}},{"type":"Feature","geometry":{"type":"LineString","coordinates":[[145.09664,-37.65991],[145.09671,-37.6601],[145.09663,-37.66021],[145.09654,-37.66031],[145.09656,-37.66055],[145.09652,-37.6606],[145.09649,-37.66069],[145.09653,-37.6608],[145.09671,-37.66089],[145.09689,-37.66089],[145.0971,-37.66105],[145.09728,-37.66121],[145.09749,-37.66124],[145.098,-37.66133]]},"properties":{"name":"Plenty River Trail","kind":"road_construction","operator":"","description":""}},{"type":"Feature","geometry":{"type":"LineString","coordinates":[[144.71458,-37.69067],[144.71459,-37.69057],[144.71464,-37.69021],[144.71473,-37.68963],[144.71472,-37.68955],[144.71395,-37.68946],[144.71367,-37.68945],[144.71347,-37.68943],[144.71337,-37.69009]]},"properties":{"name":"Bellavista Crescent","kind":"road_construction","operator":"","description":""}},{"type":"Feature","geometry":{"type":"LineString","coordinates":[[145.30288,-38.12837],[145.30323,-38.1284],[145.30365,-38.12845],[145.30401,-38.1285],[145.30445,-38.12855],[145.30513,-38.12864],[145.30553,-38.12869],[145.30598,-38.12875]]},"properties":{"name":"Bourbon Road","kind":"road_construction","operator":"","description":""}},{"type":"Feature","geometry":{"type":"LineString","coordinates":[[145.40637,-38.05369],[145.4073,-38.05382],[145.40761,-38.05387],[145.40787,-38.05394],[145.40823,-38.05412],[145.40827,-38.05414],[145.40831,-38.05416],[145.40837,-38.05418]]},"properties":{"name":"Timbertop Boulevard","kind":"road_construction","operator":"","description":""}},{"type":"Feature","geometry":{"type":"Point","coordinates":[144.96206,-37.83422]},"properties":{"name":"JMC Academy (Bank Street Campus)","kind":"university","operator":""}},{"type":"Feature","geometry":{"type":"Point","coordinates":[144.96221,-37.83417]},"properties":{"name":"JMC Academy (169 Bank)","kind":"university","operator":""}},{"type":"Feature","geometry":{"type":"LineString","coordinates":[[144.83255,-37.62866],[144.83262,-37.62815],[144.83284,-37.6269],[144.83313,-37.62542],[144.83316,-37.62525],[144.83324,-37.62471],[144.83331,-37.62385],[144.83336,-37.62259],[144.83332,-37.62188],[144.83321,-37.62143],[144.83255,-37.61967],[144.83187,-37.61862],[144.83057,-37.61712],[144.82967,-37.61641],[144.82669,-37.61425]]},"properties":{"name":"Tullamarine Freeway Extension","kind":"road_proposed","operator":"","description":""}},{"type":"Feature","geometry":{"type":"LineString","coordinates":[[144.82801,-37.61384],[144.82815,-37.614],[144.83006,-37.61619],[144.83116,-37.6174],[144.83215,-37.61859],[144.83275,-37.61953],[144.83293,-37.61995],[144.83332,-37.62096],[144.8336,-37.62191],[144.83365,-37.62238],[144.83364,-37.62329],[144.83357,-37.62443],[144.83355,-37.62475],[144.83346,-37.6253],[144.83344,-37.62545],[144.83313,-37.62693],[144.83296,-37.62797],[144.83287,-37.62869]]},"properties":{"name":"Tullamarine Freeway Extension","kind":"road_proposed","operator":"","description":""}},{"type":"Feature","geometry":{"type":"LineString","coordinates":[[144.81742,-37.61104],[144.81879,-37.61069],[144.81994,-37.61058],[144.82083,-37.61059],[144.82219,-37.61079],[144.82337,-37.61111],[144.82468,-37.61162],[144.8254,-37.61196]]},"properties":{"name":"Tullamarine Freeway Extension","kind":"road_proposed","operator":"","description":""}},{"type":"Feature","geometry":{"type":"LineString","coordinates":[[144.82669,-37.61425],[144.82561,-37.61347],[144.82482,-37.61308],[144.82397,-37.61279],[144.82294,-37.61258],[144.82183,-37.61246],[144.82089,-37.61242],[144.81981,-37.61252],[144.81866,-37.61276],[144.8173,-37.61311],[144.81615,-37.61341]]},"properties":{"name":"Tullamarine Freeway Extension","kind":"road_proposed","operator":"","description":""}},{"type":"Feature","geometry":{"type":"LineString","coordinates":[[144.83955,-37.64607],[144.84052,-37.64655],[144.84133,-37.64711],[144.84188,-37.64771],[144.84231,-37.64846],[144.8426,-37.64948],[144.84277,-37.65068],[144.84289,-37.65183],[144.84304,-37.65289],[144.84313,-37.6533],[144.84339,-37.6541]]},"properties":{"name":"Tullamarine Freeway Onramp","kind":"road_proposed","operator":"","description":""}},{"type":"Feature","geometry":{"type":"LineString","coordinates":[[144.83012,-37.60365],[144.82763,-37.60652],[144.82693,-37.60731],[144.82647,-37.60794],[144.82624,-37.60833],[144.82603,-37.60896],[144.82591,-37.60976],[144.826,-37.61053],[144.82629,-37.61127],[144.8268,-37.61218],[144.82801,-37.61384]]},"properties":{"name":"Tullamarine Freeway Extension","kind":"road_proposed","operator":"","description":""}},{"type":"Feature","geometry":{"type":"LineString","coordinates":[[144.69489,-37.70179],[144.69548,-37.70185],[144.696,-37.70194],[144.6965,-37.70206],[144.69694,-37.70224],[144.69789,-37.70267],[144.69843,-37.70283],[144.69904,-37.70295],[144.70048,-37.70312]]},"properties":{"name":"Tarletons Rd","kind":"road_proposed","operator":"","description":""}},{"type":"Feature","geometry":{"type":"LineString","coordinates":[[144.80702,-37.62473],[144.80739,-37.62479],[144.80795,-37.62491],[144.80848,-37.62506],[144.81217,-37.62628],[144.81305,-37.62656],[144.81359,-37.62671],[144.81425,-37.62685],[144.81512,-37.62699],[144.81643,-37.62715],[144.81836,-37.62736]]},"properties":{"name":"Bulla Bypass","kind":"road_proposed","operator":"","description":""}},{"type":"Feature","geometry":{"type":"LineString","coordinates":[[144.79055,-37.6251],[144.79107,-37.6256],[144.79144,-37.62588],[144.79183,-37.62615],[144.79229,-37.62639],[144.79285,-37.62659],[144.79371,-37.6268],[144.79434,-37.62689],[144.79445,-37.6269],[144.7949,-37.62691],[144.79564,-37.62689],[144.79644,-37.62682],[144.79719,-37.62666],[144.79814,-37.62643]]},"properties":{"name":"Bulla Bypass","kind":"road_proposed","operator":"","description":""}},{"type":"Feature","geometry":{"type":"LineString","coordinates":[[144.79825,-37.62672],[144.79731,-37.62695],[144.79656,-37.62711],[144.79577,-37.6272],[144.79505,-37.62722],[144.79444,-37.6272],[144.79439,-37.6272],[144.79364,-37.6271],[144.79273,-37.62687],[144.79206,-37.62662],[144.79187,-37.62651],[144.79151,-37.6263],[144.79117,-37.62601],[144.79036,-37.62524]]},"properties":{"name":"Bulla Bypass","kind":"road_proposed","operator":"","description":""}},{"type":"Feature","geometry":{"type":"LineString","coordinates":[[144.81832,-37.62761],[144.81756,-37.62752],[144.8152,-37.62726],[144.81409,-37.62709],[144.81345,-37.62698],[144.8129,-37.62683],[144.81218,-37.6266],[144.80839,-37.62535],[144.80786,-37.62519],[144.8074,-37.62508],[144.80699,-37.62502]]},"properties":{"name":"Bulla Bypass","kind":"road_proposed","operator":"","description":""}},{"type":"Feature","geometry":{"type":"LineString","coordinates":[[144.79379,-37.62922],[144.79421,-37.62856],[144.79429,-37.62838],[144.79436,-37.62816],[144.79439,-37.62799],[144.79441,-37.62782],[144.79444,-37.6272],[144.79445,-37.6269]]},"properties":{"name":"Bulla - Diggers Rest Road Extension","kind":"road_proposed","operator":"","description":""}},{"type":"Feature","geometry":{"type":"LineString","coordinates":[[144.83622,-37.63007],[144.83633,-37.6294],[144.83636,-37.62917],[144.83641,-37.62887],[144.83646,-37.62874],[144.8366,-37.62851],[144.83679,-37.62815],[144.83687,-37.62799]]},"properties":{"name":"Oaklands Road Realignment","kind":"road_proposed","operator":"","description":""}},{"type":"Feature","geometry":{"type":"LineString","coordinates":[[144.79273,-37.62687],[144.79166,-37.62657],[144.79062,-37.62623],[144.78974,-37.62585],[144.7889,-37.62544],[144.78808,-37.62495],[144.7874,-37.62441],[144.78715,-37.6242],[144.78607,-37.62315],[144.78579,-37.62284],[144.78544,-37.62246],[144.78497,-37.62186],[144.78441,-37.62098],[144.7841,-37.62034],[144.78356,-37.61905],[144.7831,-37.61811],[144.78297,-37.6179],[144.78282,-37.61771],[144.78258,-37.61744],[144.78193,-37.61671]]},"properties":{"name":"Sunbury Road Deviation","kind":"road_proposed","operator":"","description":""}},{"type":"Feature","geometry":{"type":"LineString","coordinates":[[144.78213,-37.61663],[144.78278,-37.61735],[144.78307,-37.61767],[144.78336,-37.61803],[144.78384,-37.61879],[144.78437,-37.62008],[144.78469,-37.62072],[144.78525,-37.6216],[144.78571,-37.6222],[144.78606,-37.62257],[144.78635,-37.62288],[144.78742,-37.62394],[144.78768,-37.62415],[144.78836,-37.62469],[144.78918,-37.62518],[144.79001,-37.62559],[144.7909,-37.62597],[144.79194,-37.62631],[144.79285,-37.62659]]},"properties":{"name":"Sunbury Road Deviation","kind":"road_proposed","operator":"","description":""}},{"type":"Feature","geometry":{"type":"LineString","coordinates":[[145.24344,-38.01497],[145.24573,-38.01604],[145.24651,-38.01642],[145.24702,-38.01677],[145.24738,-38.01704],[145.2477,-38.01733],[145.24794,-38.01764],[145.24811,-38.01799],[145.2483,-38.01852]]},"properties":{"name":"Dandenong South Trail","kind":"road_proposed","operator":"","description":""}},{"type":"Feature","geometry":{"type":"LineString","coordinates":[[145.22808,-38.00566],[145.22833,-38.00571],[145.22863,-38.00589],[145.2295,-38.00612],[145.23104,-38.0066],[145.23156,-38.00684],[145.23236,-38.00725],[145.23311,-38.00774],[145.23345,-38.00807],[145.23401,-38.0086]]},"properties":{"name":"Dandenong South Trail","kind":"road_proposed","operator":"","description":""}},{"type":"Feature","geometry":{"type":"LineString","coordinates":[[144.90334,-37.69379],[144.90302,-37.69312],[144.90267,-37.69224],[144.90198,-37.6902],[144.9016,-37.68856],[144.90149,-37.68758],[144.90162,-37.68586],[144.90184,-37.68446],[144.9021,-37.68333],[144.90274,-37.68141],[144.90285,-37.68099]]},"properties":{"name":"Former E14 Road Corridor","kind":"road_proposed","operator":"","description":""}},{"type":"Feature","geometry":{"type":"LineString","coordinates":[[144.83424,-37.64004],[144.83396,-37.6394],[144.83322,-37.63753],[144.83274,-37.6362],[144.8323,-37.63431],[144.83224,-37.63331],[144.83224,-37.6323],[144.83226,-37.63149],[144.83239,-37.62973]]},"properties":{"name":"Tullamarine Freeway Extension","kind":"road_proposed","operator":"","description":""}},{"type":"Feature","geometry":{"type":"LineString","coordinates":[[144.8327,-37.62975],[144.8326,-37.63182],[144.83256,-37.63288],[144.83259,-37.63335],[144.83264,-37.63419],[144.8329,-37.63545],[144.83324,-37.63654],[144.834,-37.63855],[144.83433,-37.63936]]},"properties":{"name":"Tullamarine Freeway Extension","kind":"road_proposed","operator":"","description":""}},{"type":"Feature","geometry":{"type":"LineString","coordinates":[[144.75128,-37.59018],[144.75122,-37.59039],[144.75119,-37.59074],[144.75102,-37.5912],[144.75094,-37.59152],[144.75097,-37.59177],[144.751,-37.59188],[144.7511,-37.59209],[144.75112,-37.59214],[144.75119,-37.59223],[144.75129,-37.59234],[144.75152,-37.59246],[144.75169,-37.59251],[144.75257,-37.59256]]},"properties":{"name":"Ortega Crescent","kind":"road_construction","operator":"","description":""}},{"type":"Feature","geometry":{"type":"LineString","coordinates":[[144.75179,-37.5959],[144.75151,-37.59615],[144.7511,-37.59652],[144.75101,-37.59661],[144.75089,-37.59666],[144.75001,-37.5969],[144.74962,-37.59701],[144.74915,-37.59713],[144.74899,-37.59719],[144.74882,-37.59728],[144.74864,-37.59741],[144.74851,-37.59755],[144.7484,-37.59771],[144.74831,-37.59791],[144.74827,-37.59812],[144.74827,-37.59831],[144.74829,-37.5985],[144.74833,-37.59866],[144.7484,-37.59881],[144.74849,-37.59897],[144.74861,-37.59911],[144.74881,-37.5993],[144.74904,-37.59946],[144.74929,-37.59956],[144.74954,-37.59962],[144.75066,-37.59976],[144.75093,-37.5998],[144.75113,-37.59985],[144.75127,-37.5999],[144.75146,-37.59996],[144.75169,-37.60005],[144.75185,-37.60015],[144.75217,-37.60035],[144.75256,-37.60062]]},"properties":{"name":"Vilana Drive","kind":"road_construction","operator":"","description":""}},{"type":"Feature","geometry":{"type":"LineString","coordinates":[[144.70178,-37.73695],[144.70183,-37.73724],[144.70185,-37.73745],[144.70185,-37.73764],[144.70184,-37.73782],[144.70181,-37.7381],[144.70174,-37.7386],[144.70166,-37.73912],[144.70159,-37.73957],[144.70149,-37.74022],[144.70134,-37.74101],[144.7013,-37.74116],[144.70124,-37.74144],[144.70113,-37.74196],[144.70087,-37.74311]]},"properties":{"name":"Hopkins Road","kind":"road_proposed","operator":"","description":""}},{"type":"Feature","geometry":{"type":"LineString","coordinates":[[144.70154,-37.73847],[144.70161,-37.73807],[144.70163,-37.7377],[144.70164,-37.73735],[144.70163,-37.73707],[144.70161,-37.73698],[144.7016,-37.73692],[144.70157,-37.73676],[144.70152,-37.73652],[144.70139,-37.73606],[144.70104,-37.73494],[144.70089,-37.73443],[144.70078,-37.73388],[144.70072,-37.73327],[144.70072,-37.73296]]},"properties":{"name":"Hopkins Road","kind":"road_proposed","operator":"","description":""}},{"type":"Feature","geometry":{"type":"LineString","coordinates":[[144.70072,-37.73296],[144.70077,-37.73268],[144.70088,-37.73232],[144.70107,-37.73193],[144.70118,-37.73172],[144.70126,-37.73146],[144.70128,-37.7314],[144.70132,-37.73125]]},"properties":{"name":"Hopkins Road","kind":"road_proposed","operator":"","description":""}},{"type":"Feature","geometry":{"type":"LineString","coordinates":[[145.13426,-37.61455],[145.13424,-37.61472],[145.13423,-37.61486],[145.13424,-37.61498],[145.13426,-37.61515],[145.13429,-37.61526],[145.13432,-37.61537],[145.13435,-37.61545],[145.13438,-37.61552]]},"properties":{"name":"Barak Parade","kind":"road_proposed","operator":"","description":""}},{"type":"Feature","geometry":{"type":"LineString","coordinates":[[145.10171,-37.95554],[145.10304,-37.9557],[145.10457,-37.95587],[145.10529,-37.95591],[145.10578,-37.95592],[145.10628,-37.95591],[145.10712,-37.95584],[145.1082,-37.9557],[145.10938,-37.95539],[145.11018,-37.95509],[145.1108,-37.95486],[145.11166,-37.95438],[145.11228,-37.95403],[145.11262,-37.95379],[145.11292,-37.95351],[145.11346,-37.953],[145.11406,-37.95228],[145.1145,-37.95161],[145.11488,-37.95065],[145.11497,-37.95027],[145.11504,-37.94985],[145.11555,-37.9449],[145.11563,-37.94433],[145.11584,-37.94321],[145.11618,-37.94135],[145.11647,-37.93984],[145.11666,-37.93878],[145.11688,-37.93763],[145.11727,-37.93552],[145.11759,-37.93384],[145.11781,-37.93276],[145.11893,-37.92669],[145.11949,-37.92374],[145.11953,-37.92349],[145.11968,-37.92272],[145.12026,-37.91978],[145.1204,-37.91921],[145.1206,-37.91862],[145.12085,-37.91809],[145.12127,-37.91738],[145.12172,-37.91684],[145.12235,-37.9162],[145.12262,-37.91594],[145.12315,-37.91556],[145.12356,-37.91529],[145.12445,-37.91484],[145.12537,-37.91448],[145.12661,-37.91417],[145.12857,-37.91381],[145.13056,-37.91339],[145.13139,-37.9132],[145.13178,-37.91306],[145.13238,-37.91282],[145.13293,-37.91254],[145.13399,-37.91182],[145.13436,-37.91154],[145.13463,-37.9113],[145.13512,-37.91083],[145.13669,-37.9089],[145.13698,-37.90844],[145.13711,-37.90819],[145.13759,-37.90731],[145.13777,-37.90669],[145.13791,-37.90585],[145.13805,-37.90508],[145.13856,-37.90222],[145.13865,-37.90188],[145.13876,-37.90149],[145.13889,-37.90105],[145.13914,-37.90048],[145.1394,-37.90002],[145.13991,-37.89935],[145.1404,-37.89884],[145.14092,-37.89841],[145.14179,-37.89774],[145.14261,-37.8972],[145.14397,-37.89627],[145.14467,-37.89581],[145.14615,-37.89481],[145.15371,-37.88965],[145.1591,-37.88597],[145.15948,-37.88567],[145.16012,-37.88508],[145.16036,-37.88478],[145.16063,-37.88445],[145.16088,-37.88405],[145.16109,-37.88369],[145.16134,-37.88318],[145.16149,-37.8828],[145.16163,-37.88229],[145.16173,-37.88181],[145.16202,-37.88029],[145.16229,-37.87893],[145.16231,-37.87876],[145.16234,-37.87849],[145.16237,-37.87817],[145.16236,-37.87776],[145.16233,-37.8774],[145.16222,-37.8769],[145.16206,-37.87636],[145.16185,-37.87578],[145.16175,-37.87556],[145.16157,-37.87526],[145.16138,-37.87496],[145.16099,-37.87443],[145.16063,-37.87405],[145.16004,-37.87351],[145.15956,-37.87314],[145.15925,-37.87293],[145.15855,-37.87255],[145.15795,-37.87227],[145.15739,-37.87205],[145.15691,-37.87189],[145.15605,-37.87169],[145.15457,-37.87149],[145.14986,-37.87099],[145.14514,-37.87047],[145.14447,-37.8704],[145.14377,-37.87028],[145.14252,-37.87004],[145.14133,-37.8697],[145.14021,-37.86927],[145.1391,-37.86885],[145.13773,-37.86833],[145.12905,-37.86502],[145.11549,-37.85988],[145.11491,-37.85961],[145.11416,-37.8592],[145.11357,-37.85879],[145.11292,-37.85823],[145.11261,-37.8579],[145.11245,-37.85774],[145.11199,-37.85713],[145.11178,-37.85679],[145.11149,-37.85622],[145.1111,-37.85508],[145.11104,-37.85484],[145.11098,-37.85441],[145.11097,-37.85398],[145.11101,-37.85337],[145.1111,-37.85274],[145.11148,-37.8508],[145.11175,-37.84937],[145.11204,-37.84804],[145.11255,-37.84661],[145.11636,-37.83571],[145.12003,-37.8252],[145.12097,-37.82254],[145.12156,-37.82094],[145.12225,-37.81916],[145.12328,-37.8165],[145.12336,-37.81621],[145.12356,-37.81539]]},"properties":{"name":"SRL East","kind":"rail_construction","operator":"","description":""}},{"type":"Feature","geometry":{"type":"LineString","coordinates":[[144.9118,-37.82674],[144.9169,-37.82576],[144.91699,-37.82574],[144.91707,-37.8257],[144.91896,-37.82451],[144.91905,-37.82447],[144.91915,-37.82443],[144.92157,-37.82394]]},"properties":{"name":"Turner Street","kind":"road_construction","operator":"","description":""}},{"type":"Feature","geometry":{"type":"LineString","coordinates":[[144.9216,-37.82407],[144.9192,-37.82455],[144.91911,-37.82457],[144.91902,-37.82461],[144.91719,-37.82583],[144.91709,-37.82587],[144.91697,-37.82591],[144.91182,-37.82686]]},"properties":{"name":"Turner Street","kind":"road_construction","operator":"","description":""}},{"type":"Feature","geometry":{"type":"Point","coordinates":[144.91702,-37.82403]},"properties":{"name":"University of Melbourne (Future Fishermans Bend Campus)","kind":"university_construction","operator":"University of Melbourne","description":"future Fishermans Bend Campus of University of Melbourne"}},{"type":"Feature","geometry":{"type":"LineString","coordinates":[[145.08002,-37.68852],[145.07933,-37.6883],[145.07807,-37.68795],[145.07699,-37.68769],[145.07596,-37.68749],[145.07538,-37.68739],[145.07439,-37.68726],[145.0731,-37.68716],[145.07145,-37.68717]]},"properties":{"name":"Plenty Road Offramp","kind":"road_construction","operator":"","description":""}},{"type":"Feature","geometry":{"type":"LineString","coordinates":[[145.08214,-37.68899],[145.08014,-37.68838],[145.07936,-37.68814],[145.0785,-37.6879],[145.07764,-37.68767],[145.07667,-37.68745],[145.07581,-37.6873],[145.07522,-37.68721],[145.07435,-37.6871],[145.07218,-37.68693]]},"properties":{"name":"Metropolitan Ring Road","kind":"road_construction","operator":"","description":""}},{"type":"Feature","geometry":{"type":"LineString","coordinates":[[145.09013,-37.69123],[145.09074,-37.6916],[145.09122,-37.69193],[145.09155,-37.69215],[145.09192,-37.69237],[145.09227,-37.69256],[145.09262,-37.69269],[145.09299,-37.69278],[145.09331,-37.69283],[145.0937,-37.69284],[145.09411,-37.6928]]},"properties":{"name":"Greensborough Bypass Offramp","kind":"road_construction","operator":"","description":""}},{"type":"Feature","geometry":{"type":"LineString","coordinates":[[145.09411,-37.6928],[145.09451,-37.69272],[145.09506,-37.69262],[145.09545,-37.69257],[145.09597,-37.6925],[145.09637,-37.69245],[145.09721,-37.69239],[145.0982,-37.69235]]},"properties":{"name":"Greensborough Bypass Offramp","kind":"road_construction","operator":"","description":""}},{"type":"Feature","geometry":{"type":"LineString","coordinates":[[145.08716,-37.69021],[145.08812,-37.69055],[145.08907,-37.69092],[145.08979,-37.69129],[145.0905,-37.69176],[145.0909,-37.69209],[145.09132,-37.6925],[145.09164,-37.69293],[145.0919,-37.69344],[145.09205,-37.69392],[145.09207,-37.69406]]},"properties":{"name":"North East Link","kind":"road_construction","operator":"","description":""}},{"type":"Feature","geometry":{"type":"LineString","coordinates":[[145.09189,-37.6943],[145.09184,-37.69402],[145.09169,-37.69354],[145.09143,-37.69303],[145.09111,-37.6926],[145.09069,-37.69219],[145.09029,-37.69186],[145.08958,-37.69139],[145.08886,-37.69103],[145.08791,-37.69065],[145.08698,-37.69025]]},"properties":{"name":"North East Link","kind":"road_construction","operator":"","description":""}},{"type":"Feature","geometry":{"type":"LineString","coordinates":[[145.08997,-37.6919],[145.08947,-37.69164],[145.08927,-37.69155],[145.08901,-37.69145],[145.08798,-37.69107],[145.08742,-37.69088],[145.08549,-37.69026],[145.08408,-37.68982],[145.08283,-37.68944],[145.08218,-37.68924],[145.08002,-37.68852]]},"properties":{"name":"Plenty Road Offramp","kind":"road_construction","operator":"","description":""}},{"type":"Feature","geometry":{"type":"LineString","coordinates":[[145.08713,-37.70798],[145.08779,-37.70691],[145.0882,-37.70623],[145.08845,-37.70577],[145.08865,-37.70534],[145.08879,-37.70488],[145.08887,-37.7046],[145.08904,-37.70411],[145.08922,-37.70355]]},"properties":{"name":"Grimshaw Street Offramp","kind":"road_construction","operator":"","description":""}},{"type":"Feature","geometry":{"type":"LineString","coordinates":[[145.08824,-37.70629],[145.08845,-37.70591],[145.08874,-37.70533],[145.08915,-37.70437],[145.08946,-37.70362],[145.08951,-37.70351],[145.08966,-37.70314],[145.08977,-37.70287],[145.09036,-37.70141]]},"properties":{"name":"North East Link","kind":"road_construction","operator":"","description":""}},{"type":"Feature","geometry":{"type":"LineString","coordinates":[[145.09063,-37.70124],[145.09013,-37.70265],[145.09004,-37.70288],[145.08974,-37.70366],[145.08956,-37.70412],[145.08935,-37.7046],[145.08902,-37.70532],[145.08873,-37.70587],[145.08844,-37.70635]]},"properties":{"name":"North East Link","kind":"road_construction","operator":"","description":""}},{"type":"Feature","geometry":{"type":"LineString","coordinates":[[145.07801,-37.77531],[145.078,-37.7751],[145.07802,-37.77462],[145.07808,-37.77424],[145.07815,-37.77395],[145.07824,-37.77368],[145.07905,-37.77214],[145.0796,-37.77103],[145.07996,-37.77033],[145.08032,-37.76965],[145.0806,-37.76908],[145.08078,-37.76865],[145.08105,-37.76784],[145.08119,-37.76729],[145.08125,-37.76685],[145.08126,-37.76636],[145.08125,-37.76615],[145.08125,-37.76604],[145.08122,-37.76558],[145.08121,-37.76514],[145.08113,-37.76429],[145.08105,-37.76359],[145.08099,-37.76274],[145.08101,-37.76189],[145.08108,-37.76101],[145.08122,-37.75889],[145.08041,-37.75232],[145.08042,-37.74509],[145.08017,-37.74195],[145.07992,-37.74087],[145.07963,-37.74024],[145.0792,-37.73897],[145.07909,-37.73842],[145.07904,-37.73765],[145.07903,-37.73715],[145.07903,-37.73669],[145.07904,-37.73625],[145.07909,-37.73568],[145.07926,-37.73464],[145.07935,-37.73407],[145.07941,-37.73364],[145.07974,-37.73128],[145.07995,-37.73005],[145.0804,-37.72716],[145.08055,-37.72613],[145.08058,-37.72594],[145.08067,-37.72525],[145.08085,-37.72398],[145.08101,-37.72247],[145.08102,-37.72243],[145.08118,-37.72096],[145.08141,-37.71967],[145.08157,-37.71877],[145.08186,-37.71723],[145.08199,-37.71658]]},"properties":{"name":"North East Link","kind":"road_construction","operator":"","description":""}},{"type":"Feature","geometry":{"type":"LineString","coordinates":[[145.0822,-37.7166],[145.08215,-37.71682],[145.08191,-37.71813],[145.08167,-37.71939],[145.08153,-37.72016],[145.08137,-37.72109],[145.08122,-37.72247],[145.08108,-37.72398],[145.08095,-37.72494],[145.08085,-37.7257],[145.08078,-37.72617],[145.08064,-37.72717],[145.07995,-37.73131],[145.07983,-37.7322],[145.0796,-37.734],[145.07959,-37.73408],[145.07948,-37.73478],[145.07945,-37.73503],[145.07937,-37.73553],[145.07932,-37.7361],[145.07931,-37.73655],[145.0793,-37.737],[145.07931,-37.7375],[145.07937,-37.73828],[145.07948,-37.73882],[145.07991,-37.7401],[145.0802,-37.74072],[145.0805,-37.74182],[145.08073,-37.74375],[145.08083,-37.75227],[145.08161,-37.75891],[145.08142,-37.76106],[145.08135,-37.76194],[145.08133,-37.76279],[145.08139,-37.76364],[145.08147,-37.76434],[145.0815,-37.76465],[145.08151,-37.76481],[145.08154,-37.76519],[145.08156,-37.76565],[145.08159,-37.76623],[145.08159,-37.76644],[145.08158,-37.76692],[145.08153,-37.76737],[145.08139,-37.76792],[145.08111,-37.76873],[145.08093,-37.76916],[145.08066,-37.76973],[145.08031,-37.7704],[145.07995,-37.7711],[145.07956,-37.77187],[145.0794,-37.77221],[145.07936,-37.77227],[145.07855,-37.77384],[145.07847,-37.77406],[145.0784,-37.77433],[145.07835,-37.77472],[145.07833,-37.77519],[145.07835,-37.77538]]},"properties":{"name":"North East Link","kind":"road_construction","operator":"","description":""}},{"type":"Feature","geometry":{"type":"LineString","coordinates":[[145.09186,-37.69459],[145.09198,-37.69438],[145.09228,-37.69405],[145.09266,-37.69372],[145.09303,-37.69347],[145.0934,-37.69326],[145.09385,-37.69304],[145.09426,-37.69291],[145.09471,-37.69281],[145.09523,-37.69271],[145.09608,-37.69258],[145.09676,-37.69248],[145.09724,-37.69244],[145.0982,-37.69235]]},"properties":{"name":"Greensborough Bypass","kind":"road_construction","operator":"","description":""}},{"type":"Feature","geometry":{"type":"LineString","coordinates":[[145.08232,-37.76107],[145.08235,-37.76125],[145.08235,-37.76141],[145.08232,-37.76159],[145.08225,-37.76182],[145.08202,-37.76224],[145.08188,-37.76253],[145.08181,-37.76275],[145.08167,-37.76333],[145.08164,-37.76371],[145.08157,-37.76461],[145.08154,-37.76519]]},"properties":{"name":"North East Link Onramp","kind":"road_construction","operator":"","description":""}},{"type":"Feature","geometry":{"type":"LineString","coordinates":[[145.08082,-37.76277],[145.0808,-37.76241],[145.08081,-37.76211],[145.08086,-37.76181],[145.08094,-37.76158],[145.08122,-37.7611],[145.08141,-37.76082],[145.08151,-37.76069]]},"properties":{"name":"Manningham Road Offramp","kind":"road_construction","operator":"","description":""}},{"type":"Feature","geometry":{"type":"LineString","coordinates":[[145.08119,-37.77931],[145.08141,-37.77938],[145.08171,-37.77947],[145.08219,-37.77959],[145.08302,-37.77973],[145.0841,-37.77984],[145.08532,-37.77994],[145.08653,-37.77998]]},"properties":{"name":"North East Link","kind":"road_construction","operator":"","description":""}},{"type":"Feature","geometry":{"type":"LineString","coordinates":[[145.08848,-37.78038],[145.08787,-37.7804],[145.08642,-37.78043],[145.08557,-37.78041],[145.08464,-37.78035],[145.08406,-37.78028],[145.0835,-37.78023],[145.08312,-37.78019],[145.08244,-37.78007],[145.08191,-37.77992],[145.08164,-37.77982],[145.08109,-37.7796],[145.08081,-37.77947],[145.08045,-37.77927],[145.08014,-37.77906],[145.07986,-37.77885],[145.07957,-37.77859]]},"properties":{"name":"North East Link","kind":"road_construction","operator":"","description":""}},{"type":"Feature","geometry":{"type":"LineString","coordinates":[[145.07652,-37.78029],[145.07576,-37.78073],[145.07449,-37.78146],[145.07399,-37.78173],[145.07337,-37.78207],[145.07298,-37.78227],[145.07228,-37.78259],[145.07154,-37.78292],[145.07061,-37.7833],[145.07012,-37.78345],[145.06882,-37.78376],[145.06807,-37.78392],[145.0665,-37.78412],[145.06467,-37.7842],[145.06261,-37.78425],[145.0618,-37.78434],[145.06113,-37.78441],[145.06064,-37.78451],[145.06012,-37.7847],[145.05954,-37.78497],[145.0588,-37.78541],[145.05789,-37.786],[145.05668,-37.78689],[145.05507,-37.78811],[145.05418,-37.78873],[145.05357,-37.78914],[145.05227,-37.78982],[145.05156,-37.79008],[145.05114,-37.79021],[145.05027,-37.79043],[145.04953,-37.79056],[145.0488,-37.79063],[145.04793,-37.79063],[145.0469,-37.79058],[145.0438,-37.7903],[145.04239,-37.7902],[145.0407,-37.79015],[145.03931,-37.79015],[145.03746,-37.79017],[145.03622,-37.79019],[145.0351,-37.79023],[145.03404,-37.79029],[145.03145,-37.7905],[145.03095,-37.79053],[145.03041,-37.79052],[145.02978,-37.79042],[145.02889,-37.79026],[145.0284,-37.79019],[145.02824,-37.79017],[145.02804,-37.79015],[145.02794,-37.79014],[145.02772,-37.79016],[145.02733,-37.79022]]},"properties":{"name":"Eastern Busway","kind":"road_construction","operator":"","description":""}},{"type":"Feature","geometry":{"type":"LineString","coordinates":[[145.08464,-37.77951],[145.08489,-37.77959],[145.085,-37.77961],[145.08535,-37.77964],[145.08633,-37.77966],[145.09012,-37.77956],[145.09053,-37.77953],[145.09136,-37.77945],[145.09176,-37.77942],[145.09251,-37.77938],[145.09322,-37.77936],[145.09389,-37.77937],[145.09455,-37.77942],[145.09509,-37.7795],[145.09575,-37.77964],[145.09635,-37.77985],[145.09687,-37.78004],[145.09741,-37.78029],[145.09805,-37.78072],[145.09864,-37.78124],[145.09901,-37.78163],[145.0993,-37.78202],[145.09952,-37.78249],[145.09976,-37.78306],[145.09996,-37.78364],[145.10016,-37.78434],[145.10025,-37.78465],[145.10038,-37.78497],[145.10064,-37.7855],[145.10092,-37.78593],[145.10133,-37.78642],[145.10155,-37.78665],[145.1018,-37.78686],[145.10204,-37.78701],[145.10357,-37.78804],[145.10398,-37.78829],[145.10418,-37.78843],[145.10441,-37.78861],[145.10446,-37.78866],[145.10462,-37.78882],[145.10501,-37.78925]]},"properties":{"name":"Eastern Busway","kind":"road_construction","operator":"","description":""}},{"type":"Feature","geometry":{"type":"LineString","coordinates":[[145.07475,-37.78147],[145.07579,-37.78084],[145.07638,-37.78048],[145.07671,-37.78028],[145.07687,-37.78018],[145.07721,-37.77994],[145.07779,-37.7795],[145.07801,-37.7793],[145.07822,-37.77909]]},"properties":{"name":"North East Link","kind":"road_construction","operator":"","description":""}},{"type":"Feature","geometry":{"type":"LineString","coordinates":[[145.07888,-37.77679],[145.07915,-37.77717],[145.0794,-37.77753],[145.0795,-37.77771],[145.0796,-37.77797],[145.07965,-37.77826],[145.07963,-37.77853],[145.07961,-37.77885],[145.07954,-37.77922],[145.07944,-37.77951],[145.07928,-37.77981],[145.07902,-37.78012],[145.07883,-37.7803],[145.07828,-37.78065],[145.07791,-37.78083],[145.0776,-37.78095],[145.07711,-37.78115],[145.0764,-37.78144],[145.07596,-37.78162],[145.07559,-37.78179],[145.07489,-37.7821]]},"properties":{"name":"North East Link","kind":"road_construction","operator":"","description":""}},{"type":"Feature","geometry":{"type":"LineString","coordinates":[[145.10239,-37.7884],[145.10154,-37.78768],[145.1012,-37.78737],[145.10086,-37.78701],[145.1006,-37.78667],[145.10042,-37.78636],[145.10026,-37.7861],[145.09983,-37.78524],[145.09965,-37.78477],[145.09956,-37.78449],[145.09924,-37.78337],[145.09899,-37.78271],[145.09876,-37.78227],[145.0985,-37.78193],[145.0981,-37.78145],[145.09773,-37.78112],[145.09725,-37.78079],[145.09683,-37.78055],[145.09636,-37.78033],[145.09575,-37.78011],[145.09531,-37.78],[145.09468,-37.77987],[145.09411,-37.77981],[145.09383,-37.77979],[145.09367,-37.77978],[145.09322,-37.77978],[145.0925,-37.7798],[145.08975,-37.78018],[145.08903,-37.78024],[145.08807,-37.78027],[145.08727,-37.78027],[145.08644,-37.78026],[145.0854,-37.78027],[145.08435,-37.78019],[145.08264,-37.77998]]},"properties":{"name":"Eastern Freeway (Express)","kind":"road_construction","operator":"","description":""}},{"type":"Feature","geometry":{"type":"LineString","coordinates":[[145.07658,-37.78112],[145.07558,-37.78153],[145.07483,-37.78188],[145.07339,-37.7826],[145.07282,-37.78286],[145.0723,-37.78309],[145.0718,-37.7833],[145.07113,-37.78354],[145.07033,-37.78379],[145.06964,-37.78399],[145.06815,-37.78436]]},"properties":{"name":"Eastern Freeway Upgrade","kind":"road_proposed","operator":"","description":""}},{"type":"Feature","geometry":{"type":"LineString","coordinates":[[145.02176,-37.79161],[145.02016,-37.79144],[145.0196,-37.79139],[145.01798,-37.79131],[145.01757,-37.7913],[145.017,-37.7913],[145.01642,-37.79133],[145.01587,-37.79137],[145.01534,-37.79144],[145.01474,-37.79152],[145.01397,-37.79166],[145.01323,-37.79182],[145.01255,-37.79198],[145.01177,-37.79221],[145.01065,-37.79256],[145.00818,-37.79344],[145.00585,-37.79428],[145.00479,-37.79463],[145.00392,-37.7949],[145.00282,-37.79521],[145.00187,-37.79534]]},"properties":{"name":"Eastern Busway","kind":"road_construction","operator":"","description":""}},{"type":"Feature","geometry":{"type":"LineString","coordinates":[[145.00494,-37.79408],[145.00595,-37.79358],[145.00717,-37.79315],[145.00911,-37.79246],[145.01035,-37.79204],[145.01131,-37.79173],[145.01237,-37.79142],[145.01336,-37.79121],[145.01405,-37.79107],[145.01471,-37.79095],[145.01551,-37.79084],[145.01613,-37.79078],[145.01715,-37.79073],[145.01774,-37.79073],[145.01871,-37.79076],[145.01956,-37.79081],[145.02042,-37.79087],[145.02146,-37.79091],[145.02278,-37.79094],[145.02343,-37.79091],[145.02428,-37.79081],[145.02536,-37.79061],[145.02621,-37.79044],[145.02733,-37.79022]]},"properties":{"name":"Eastern Busway","kind":"road_construction","operator":"","description":""}},{"type":"Feature","geometry":{"type":"LineString","coordinates":[[145.02842,-37.79185],[145.02795,-37.79185],[145.02738,-37.79182],[145.0262,-37.79184],[145.02507,-37.79192],[145.02483,-37.79193],[145.02457,-37.79193],[145.02422,-37.79193],[145.02399,-37.7919],[145.02363,-37.79185]]},"properties":{"name":"Eastern Busway","kind":"road_construction","operator":"","description":""}},{"type":"Feature","geometry":{"type":"LineString","coordinates":[[145.02663,-37.79049],[145.02646,-37.79057],[145.02628,-37.79066],[145.02607,-37.79077],[145.02588,-37.7909],[145.02558,-37.79111],[145.02491,-37.79166],[145.02475,-37.79176],[145.02467,-37.79181],[145.02457,-37.79184],[145.02442,-37.79186],[145.02422,-37.79187],[145.02401,-37.79185],[145.02363,-37.79185],[145.02299,-37.79177],[145.02176,-37.79161]]},"properties":{"name":"Eastern Busway","kind":"road_construction","operator":"","description":""}},{"type":"Feature","geometry":{"type":"LineString","coordinates":[[145.09996,-37.78495],[145.10013,-37.78538],[145.10036,-37.78584],[145.10052,-37.78615],[145.10064,-37.78634],[145.10082,-37.78662],[145.10095,-37.7868],[145.10125,-37.78713],[145.10159,-37.78745],[145.10256,-37.78825]]},"properties":{"name":"Eastern Freeway (Express)","kind":"road_construction","operator":"","description":""}},{"type":"Feature","geometry":{"type":"LineString","coordinates":[[145.10082,-37.78626],[145.10105,-37.78656],[145.10156,-37.78708],[145.10189,-37.7874],[145.10229,-37.7878],[145.10285,-37.78832],[145.10364,-37.78899],[145.10461,-37.78984],[145.10583,-37.79088],[145.10676,-37.79165],[145.10706,-37.79189],[145.10755,-37.79227],[145.10806,-37.79266],[145.10846,-37.79293],[145.10892,-37.79325],[145.1096,-37.79364],[145.11004,-37.79388],[145.11049,-37.7941],[145.11097,-37.79431],[145.11169,-37.79456],[145.11242,-37.79475],[145.11281,-37.79484],[145.11322,-37.7949],[145.11451,-37.79512],[145.11553,-37.79527],[145.11622,-37.79537],[145.11665,-37.79544],[145.11715,-37.79554],[145.11758,-37.79565],[145.1183,-37.79587],[145.11898,-37.79613],[145.11974,-37.79641],[145.12057,-37.7967],[145.12106,-37.79683],[145.12164,-37.79695],[145.1222,-37.79705],[145.12285,-37.79715],[145.12332,-37.7972],[145.12393,-37.79723],[145.12458,-37.79723],[145.12555,-37.79717],[145.12651,-37.79706],[145.12746,-37.79697],[145.12801,-37.79693],[145.12849,-37.79691]]},"properties":{"name":"Eastern Freeway","kind":"road_construction","operator":"","description":""}},{"type":"Feature","geometry":{"type":"LineString","coordinates":[[145.08207,-37.71547],[145.08225,-37.71487],[145.08232,-37.71469],[145.08239,-37.71452],[145.08246,-37.71439],[145.08256,-37.71422],[145.08272,-37.71392],[145.08385,-37.71231]]},"properties":{"name":"North East Link Onramp","kind":"road_construction","operator":"","description":""}},{"type":"Feature","geometry":{"type":"LineString","coordinates":[[145.08319,-37.71449],[145.08312,-37.71465],[145.08309,-37.71473],[145.08294,-37.71511],[145.08289,-37.71526],[145.0828,-37.7156],[145.08271,-37.71599],[145.08261,-37.71637],[145.08247,-37.71677],[145.08225,-37.71735],[145.08213,-37.71768],[145.08205,-37.71796],[145.08199,-37.71822],[145.08189,-37.71867],[145.08173,-37.71944],[145.08166,-37.7199],[145.08162,-37.72016],[145.0816,-37.72026],[145.08131,-37.72138],[145.08127,-37.72157],[145.08114,-37.72229],[145.08111,-37.7225],[145.08063,-37.72527],[145.08053,-37.72583]]},"properties":{"name":"Greensborough Road","kind":"road_construction","operator":"","description":""}},{"type":"Feature","geometry":{"type":"LineString","coordinates":[[145.08027,-37.7258],[145.08068,-37.72334],[145.08082,-37.72253],[145.08085,-37.72235],[145.08092,-37.72196],[145.08096,-37.72177],[145.08104,-37.72145],[145.08124,-37.72067],[145.08136,-37.72019],[145.08139,-37.72],[145.0815,-37.71942],[145.08162,-37.71878],[145.08163,-37.71864],[145.08168,-37.7179],[145.08168,-37.71776]]},"properties":{"name":"Greensborough Road","kind":"road_construction","operator":"","description":""}},{"type":"Feature","geometry":{"type":"LineString","coordinates":[[145.08199,-37.71658],[145.08213,-37.71592],[145.08223,-37.7155],[145.08231,-37.71524],[145.08242,-37.71496],[145.08256,-37.71466],[145.08261,-37.71456],[145.08317,-37.71353],[145.08385,-37.71231],[145.08423,-37.71171],[145.08481,-37.71095],[145.08537,-37.71025]]},"properties":{"name":"North East Link","kind":"road_construction","operator":"","description":""}},{"type":"Feature","geometry":{"type":"LineString","coordinates":[[145.07872,-37.73458],[145.07876,-37.7343],[145.07884,-37.73378],[145.0789,-37.73345],[145.07891,-37.73337],[145.07902,-37.73272],[145.07923,-37.73155],[145.07928,-37.73127],[145.07937,-37.73081],[145.07951,-37.73004],[145.07951,-37.73003],[145.07975,-37.72867],[145.07983,-37.72824],[145.0801,-37.72678],[145.08013,-37.7266],[145.08025,-37.72593],[145.08027,-37.7258]]},"properties":{"name":"Greensborough Road","kind":"road_construction","operator":"","description":""}},{"type":"Feature","geometry":{"type":"LineString","coordinates":[[145.08038,-37.7266],[145.0801,-37.72815],[145.07975,-37.73005],[145.07961,-37.73085],[145.07952,-37.73133],[145.07947,-37.73163],[145.07942,-37.73189],[145.07927,-37.73283],[145.07909,-37.73389],[145.07906,-37.73418],[145.07905,-37.73429],[145.07906,-37.7344],[145.07909,-37.73456],[145.07909,-37.73457],[145.0791,-37.73466],[145.07909,-37.73471],[145.07907,-37.73479],[145.07901,-37.73486]]},"properties":{"name":"Greensborough Road","kind":"road_construction","operator":"","description":""}},{"type":"Feature","geometry":{"type":"LineString","coordinates":[[145.07816,-37.73521],[145.07848,-37.73493],[145.07867,-37.73481],[145.07883,-37.73471],[145.07887,-37.73469],[145.07905,-37.73458],[145.07909,-37.73456],[145.07923,-37.73448],[145.07926,-37.73447],[145.07953,-37.73433],[145.07999,-37.73412],[145.0803,-37.73398],[145.08063,-37.73384]]},"properties":{"name":"Lower Plenty Road","kind":"road_construction","operator":"","description":""}},{"type":"Feature","geometry":{"type":"LineString","coordinates":[[145.08045,-37.7276],[145.08072,-37.72691],[145.0808,-37.72668],[145.08084,-37.72647],[145.08085,-37.72636],[145.08084,-37.7263],[145.08082,-37.72624],[145.08078,-37.72617],[145.08073,-37.72614],[145.08064,-37.72612],[145.08055,-37.72613],[145.08046,-37.72616]]},"properties":{"name":"Greensborough Road Offramp","kind":"road_construction","operator":"","description":""}},{"type":"Feature","geometry":{"type":"LineString","coordinates":[[145.08053,-37.72583],[145.08066,-37.72586],[145.08078,-37.7259],[145.0809,-37.72598],[145.08099,-37.72608],[145.08105,-37.7262],[145.08106,-37.72633],[145.08105,-37.72647],[145.08098,-37.72683],[145.08081,-37.7277]]},"properties":{"name":"North East Link Onramp","kind":"road_construction","operator":"","description":""}},{"type":"Feature","geometry":{"type":"LineString","coordinates":[[145.08554,-37.71033],[145.0854,-37.71052],[145.08473,-37.71137],[145.08435,-37.71186],[145.08402,-37.71236],[145.08373,-37.71289],[145.08347,-37.71337],[145.08283,-37.71454],[145.08275,-37.71469]]},"properties":{"name":"North East Link","kind":"road_construction","operator":"","description":""}},{"type":"Feature","geometry":{"type":"LineString","coordinates":[[145.07881,-37.76001],[145.07982,-37.75998],[145.08014,-37.76],[145.0804,-37.76004],[145.08101,-37.76013],[145.08128,-37.76018],[145.08146,-37.76022],[145.08165,-37.76031],[145.08181,-37.7604],[145.08195,-37.76051],[145.08208,-37.76064],[145.0822,-37.7608],[145.08227,-37.76094],[145.08232,-37.76107]]},"properties":{"name":"North East Link Onramp","kind":"road_construction","operator":"","description":""}},{"type":"Feature","geometry":{"type":"LineString","coordinates":[[145.07956,-37.77187],[145.07914,-37.77288],[145.07908,-37.77302],[145.0787,-37.77375],[145.07857,-37.77404],[145.07851,-37.77432],[145.07847,-37.77462],[145.07845,-37.7749],[145.07843,-37.7752],[145.07844,-37.7754]]},"properties":{"name":"North East Link","kind":"road_construction","operator":"","description":""}},{"type":"Feature","geometry":{"type":"LineString","coordinates":[[145.08082,-37.77915],[145.07978,-37.77916],[145.07959,-37.77916],[145.07929,-37.77918],[145.07897,-37.77923],[145.0786,-37.7793],[145.07825,-37.77939],[145.07793,-37.77949],[145.07765,-37.77961],[145.07734,-37.77978],[145.07687,-37.78007],[145.07652,-37.78029]]},"properties":{"name":"Eastern Busway","kind":"road_construction","operator":"","description":""}},{"type":"Feature","geometry":{"type":"LineString","coordinates":[[145.10963,-37.79382],[145.11037,-37.79421],[145.1109,-37.79444],[145.11149,-37.79464],[145.11213,-37.79482],[145.11262,-37.79493],[145.11316,-37.79503],[145.11373,-37.79513],[145.1149,-37.7953],[145.11601,-37.79548],[145.11715,-37.79568]]},"properties":{"name":"Eastern Freeway (Express)","kind":"road_construction","operator":"","description":""}},{"type":"Feature","geometry":{"type":"LineString","coordinates":[[145.11768,-37.79613],[145.11626,-37.79573],[145.11552,-37.79558],[145.11508,-37.79549],[145.11325,-37.7952],[145.11255,-37.79507],[145.11202,-37.79496],[145.11145,-37.79479],[145.11077,-37.79457],[145.11035,-37.79439],[145.10974,-37.7941],[145.10914,-37.79372],[145.10878,-37.79348]]},"properties":{"name":"Eastern Freeway (Express)","kind":"road_construction","operator":"","description":""}},{"type":"Feature","geometry":{"type":"LineString","coordinates":[[145.11697,-37.7961],[145.11627,-37.7959],[145.11613,-37.79586],[145.11503,-37.7957],[145.11353,-37.79546],[145.1126,-37.79527],[145.11201,-37.79511],[145.11135,-37.79489]]},"properties":{"name":"Eastern Freeway Onramp","kind":"road_construction","operator":"","description":""}},{"type":"Feature","geometry":{"type":"LineString","coordinates":[[145.11768,-37.79613],[145.11677,-37.7959],[145.1162,-37.79577],[145.11519,-37.79561],[145.11393,-37.79544],[145.11302,-37.7953],[145.1129,-37.79528],[145.11209,-37.7951],[145.11135,-37.79489],[145.11068,-37.79467],[145.11022,-37.79448],[145.10968,-37.79422],[145.10943,-37.79407],[145.10861,-37.79356],[145.1073,-37.79266],[145.10599,-37.79164]]},"properties":{"name":"Eastern Freeway","kind":"road_construction","operator":"","description":""}},{"type":"Feature","geometry":{"type":"LineString","coordinates":[[145.13049,-37.79724],[145.12953,-37.79722],[145.12852,-37.79724],[145.12789,-37.79726],[145.12712,-37.79734],[145.12626,-37.79742],[145.12529,-37.79751],[145.1245,-37.79755]]},"properties":{"name":"Eastern Freeway","kind":"road_construction","operator":"","description":""}},{"type":"Feature","geometry":{"type":"LineString","coordinates":[[144.82303,-37.77195],[144.823,-37.77202],[144.82292,-37.77223],[144.82281,-37.77255],[144.82269,-37.77294],[144.82263,-37.77316],[144.82258,-37.77335],[144.82254,-37.77352],[144.82252,-37.77371],[144.82251,-37.77381],[144.82251,-37.7739],[144.82251,-37.77399],[144.82252,-37.77407],[144.82253,-37.77416],[144.82254,-37.77425],[144.82256,-37.77433],[144.82257,-37.7744],[144.82259,-37.7745],[144.82264,-37.77468],[144.82274,-37.77496],[144.82277,-37.77505],[144.82283,-37.77519],[144.8229,-37.77532],[144.82305,-37.77557],[144.82314,-37.77571],[144.82323,-37.77583],[144.82346,-37.77614],[144.8236,-37.77634],[144.82438,-37.77751],[144.82449,-37.77768],[144.82457,-37.77778],[144.82466,-37.77788],[144.82486,-37.7781],[144.825,-37.77825],[144.82517,-37.77845],[144.82533,-37.77865],[144.82574,-37.77921],[144.8261,-37.77967],[144.82806,-37.78221]]},"properties":{"name":"Airport Line","kind":"rail_proposed","operator":"","description":""}},{"type":"Feature","geometry":{"type":"LineString","coordinates":[[144.85308,-37.6735],[144.85381,-37.67388]]},"properties":{"name":"Airport Line","kind":"rail_proposed","operator":"","description":""}},{"type":"Feature","geometry":{"type":"LineString","coordinates":[[144.85416,-37.67401],[144.85495,-37.67423]]},"properties":{"name":"Airport Line","kind":"rail_proposed","operator":"","description":""}},{"type":"Feature","geometry":{"type":"LineString","coordinates":[[145.16412,-37.67039],[145.16415,-37.67038],[145.16418,-37.67037],[145.16421,-37.67035],[145.16423,-37.67033],[145.16426,-37.67031],[145.16428,-37.67029],[145.16429,-37.67026],[145.16431,-37.67022],[145.16432,-37.67019],[145.16433,-37.67015],[145.16434,-37.67008],[145.16434,-37.67],[145.16434,-37.66982],[145.16433,-37.66966],[145.16434,-37.66955],[145.16436,-37.66945],[145.16439,-37.66933],[145.16443,-37.66921],[145.16454,-37.66899],[145.16462,-37.66882],[145.1647,-37.66865],[145.16478,-37.66846],[145.16485,-37.66827]]},"properties":{"name":"Luscombe Drive","kind":"road_proposed","operator":"","description":""}},{"type":"Feature","geometry":{"type":"LineString","coordinates":[[144.77912,-37.6882],[144.7801,-37.68893],[144.78018,-37.689],[144.78041,-37.68917],[144.78044,-37.6892],[144.78048,-37.68927],[144.78049,-37.6893],[144.78052,-37.68933],[144.78069,-37.68944],[144.78073,-37.68946],[144.78082,-37.68947],[144.78085,-37.68948],[144.78087,-37.68951],[144.78089,-37.68955],[144.78092,-37.68994],[144.78093,-37.68997],[144.78094,-37.69],[144.78097,-37.69002],[144.78101,-37.69004],[144.78108,-37.69007],[144.78112,-37.69008],[144.78122,-37.69017],[144.78124,-37.69018],[144.78125,-37.6902],[144.78126,-37.69022],[144.78128,-37.69028],[144.78128,-37.6903],[144.78129,-37.69031],[144.7813,-37.69032],[144.78139,-37.6904],[144.78155,-37.69052],[144.78158,-37.69054],[144.78162,-37.69055],[144.7817,-37.69057],[144.78174,-37.69059],[144.78177,-37.69062],[144.7818,-37.69064],[144.78182,-37.69066],[144.78183,-37.69068],[144.78184,-37.6907],[144.78185,-37.69072],[144.7819,-37.69075],[144.78197,-37.6908],[144.782,-37.69082],[144.78203,-37.69085],[144.78206,-37.69088],[144.7821,-37.69092],[144.78213,-37.69094],[144.7823,-37.69107],[144.78232,-37.69108],[144.78233,-37.69109],[144.78235,-37.69109],[144.78246,-37.69111],[144.78248,-37.69111],[144.78252,-37.69112],[144.78256,-37.69115],[144.78286,-37.69139],[144.78342,-37.69181],[144.78343,-37.69182],[144.78345,-37.69183],[144.78348,-37.69184]]},"properties":{"name":"Taylors Lakes Easement Shared User Path","kind":"road_proposed","operator":"","description":""}},{"type":"Feature","geometry":{"type":"LineString","coordinates":[[144.78336,-37.69283],[144.78433,-37.69356],[144.78435,-37.69357],[144.78438,-37.69358],[144.78453,-37.69361],[144.78457,-37.69362],[144.78462,-37.69364],[144.78466,-37.69366],[144.78471,-37.69371],[144.78473,-37.69375],[144.78473,-37.69381],[144.78474,-37.69383],[144.78476,-37.69386],[144.78492,-37.69399],[144.78643,-37.69508],[144.78646,-37.69509],[144.78651,-37.69509],[144.78656,-37.69509]]},"properties":{"name":"Taylors Lakes Easement Shared User Path","kind":"road_proposed","operator":"","description":""}},{"type":"Feature","geometry":{"type":"LineString","coordinates":[[144.78817,-37.69495],[144.78793,-37.69518],[144.78787,-37.69521],[144.7878,-37.69524],[144.78773,-37.69525],[144.78764,-37.69525],[144.78756,-37.69523],[144.78749,-37.69521],[144.78737,-37.69516],[144.78705,-37.69498],[144.78699,-37.69497],[144.78691,-37.69496],[144.78683,-37.69496],[144.78676,-37.69499],[144.78667,-37.69502],[144.78656,-37.69509],[144.78651,-37.69514],[144.78645,-37.69519],[144.78619,-37.69549],[144.78613,-37.69554],[144.78609,-37.69556],[144.78605,-37.69558],[144.78601,-37.69559],[144.78596,-37.69559],[144.78586,-37.69559]]},"properties":{"name":"Taylors Lakes Easement Shared User Path","kind":"road_proposed","operator":"","description":""}},{"type":"Feature","geometry":{"type":"LineString","coordinates":[[144.79065,-37.69708],[144.79061,-37.69709],[144.79058,-37.69709],[144.79054,-37.69708],[144.79052,-37.69707],[144.7905,-37.69705],[144.79037,-37.69695],[144.79032,-37.69692],[144.79028,-37.6969],[144.79024,-37.69689],[144.7902,-37.69689],[144.79013,-37.69689],[144.79008,-37.69688],[144.79003,-37.69686],[144.79,-37.69685],[144.78996,-37.69683],[144.78994,-37.69681],[144.78993,-37.69679],[144.78992,-37.69676],[144.7899,-37.69673],[144.78989,-37.69671],[144.78988,-37.6967],[144.78914,-37.69616],[144.78912,-37.69614],[144.78911,-37.69613],[144.7891,-37.69608],[144.7891,-37.69606],[144.78909,-37.69605],[144.78886,-37.69588]]},"properties":{"name":"Taylors Lakes Easement Shared User Path","kind":"road_proposed","operator":"","description":""}},{"type":"Feature","geometry":{"type":"LineString","coordinates":[[144.79111,-37.69923],[144.79113,-37.69915],[144.79113,-37.69913],[144.79113,-37.69911],[144.79112,-37.69909],[144.79107,-37.69901],[144.79107,-37.69898],[144.79107,-37.69896],[144.79112,-37.69866],[144.79112,-37.69864],[144.79111,-37.69862]]},"properties":{"name":"Taylors Lakes Easement Shared User Path","kind":"road_proposed","operator":"","description":""}},{"type":"Feature","geometry":{"type":"LineString","coordinates":[[144.71759,-37.71039],[144.71753,-37.71038],[144.71749,-37.71038],[144.71743,-37.71037],[144.71725,-37.71033],[144.71708,-37.71029],[144.71692,-37.71024],[144.71672,-37.71017],[144.71659,-37.71011],[144.71386,-37.70869],[144.71022,-37.70713]]},"properties":{"name":"Hume Drive","kind":"road_construction","operator":"","description":""}},{"type":"Feature","geometry":{"type":"LineString","coordinates":[[144.95733,-37.80928],[144.95736,-37.80928],[144.95747,-37.80929],[144.95751,-37.8093],[144.95754,-37.8093],[144.95756,-37.80929],[144.9576,-37.80928],[144.95765,-37.80926]]},"properties":{"name":"Franklin Street","kind":"road_construction","operator":"","description":""}},{"type":"Feature","geometry":{"type":"LineString","coordinates":[[145.36092,-38.08863],[145.36053,-38.08858],[145.35933,-38.08843],[145.35905,-38.08835],[145.35877,-38.08826],[145.35862,-38.08817],[145.35847,-38.08808],[145.35834,-38.08796],[145.35825,-38.08783],[145.35814,-38.08769],[145.35808,-38.08753],[145.35804,-38.08737],[145.35804,-38.08719],[145.35806,-38.08711],[145.35809,-38.087]]},"properties":{"name":"Vibrant Avenue","kind":"road_construction","operator":"","description":""}},{"type":"Feature","geometry":{"type":"LineString","coordinates":[[144.96328,-37.5552],[144.96246,-37.55498],[144.96169,-37.55478],[144.96149,-37.5547],[144.96136,-37.55462],[144.96121,-37.55447],[144.96115,-37.55429],[144.96118,-37.55405],[144.96118,-37.55395],[144.96116,-37.55383],[144.96112,-37.55373],[144.96105,-37.55361],[144.96086,-37.55336],[144.96082,-37.55325],[144.96081,-37.55315],[144.96083,-37.55303]]},"properties":{"name":"Winterfell Road","kind":"road_construction","operator":"","description":""}},{"type":"Feature","geometry":{"type":"LineString","coordinates":[[145.47671,-37.66132],[145.4768,-37.66132]]},"properties":{"name":"Yarra Valley Railway","kind":"rail_construction","operator":"Yarra Valley Railway","description":""}},{"type":"Feature","geometry":{"type":"LineString","coordinates":[[144.90433,-37.51889],[144.90453,-37.51874],[144.90474,-37.51858],[144.90542,-37.51804],[144.90546,-37.51801],[144.90567,-37.51785],[144.90592,-37.51764],[144.90643,-37.51723],[144.90645,-37.51721],[144.90655,-37.5171],[144.90664,-37.51699],[144.90671,-37.5169],[144.90686,-37.51664]]},"properties":{"name":"Fellows Road","kind":"road_construction","operator":"","description":""}},{"type":"Feature","geometry":{"type":"LineString","coordinates":[[145.39802,-37.66092],[145.39814,-37.66091],[145.39817,-37.6609],[145.40083,-37.66066],[145.40093,-37.66065]]},"properties":{"name":"Yarra Valley Railway","kind":"rail_construction","operator":"","description":""}},{"type":"Feature","geometry":{"type":"LineString","coordinates":[[145.3918,-37.66097],[145.3924,-37.66107],[145.39286,-37.66115],[145.39323,-37.66119],[145.39351,-37.66121],[145.39354,-37.66121],[145.39383,-37.66122],[145.39393,-37.66122]]},"properties":{"name":"Yarra Valley Railway","kind":"rail_construction","operator":"","description":""}},{"type":"Feature","geometry":{"type":"LineString","coordinates":[[145.39677,-37.66102],[145.39802,-37.66092]]},"properties":{"name":"Yarra Valley Railway","kind":"rail_construction","operator":"","description":""}},{"type":"Feature","geometry":{"type":"LineString","coordinates":[[145.40093,-37.66065],[145.40138,-37.66061]]},"properties":{"name":"Yarra Valley Railway","kind":"rail_construction","operator":"","description":""}},{"type":"Feature","geometry":{"type":"LineString","coordinates":[[145.40172,-37.66058],[145.403,-37.66047]]},"properties":{"name":"Yarra Valley Railway","kind":"rail_construction","operator":"","description":""}},{"type":"Feature","geometry":{"type":"LineString","coordinates":[[145.403,-37.66047],[145.40377,-37.66041]]},"properties":{"name":"Yarra Valley Railway","kind":"rail_construction","operator":"","description":""}},{"type":"Feature","geometry":{"type":"LineString","coordinates":[[145.41084,-37.6596],[145.41104,-37.65955],[145.41367,-37.65878],[145.41665,-37.6579],[145.41685,-37.65784]]},"properties":{"name":"Yarra Valley Railway","kind":"rail_construction","operator":"","description":""}},{"type":"Feature","geometry":{"type":"Point","coordinates":[144.6905,-37.89059]},"properties":{"name":"Werribee Campus Holding Paddocks","kind":"university","operator":"University of Melbourne","description":"Leased from the Crown"}},{"type":"Feature","geometry":{"type":"Point","coordinates":[144.69298,-37.8913]},"properties":{"name":"Werribee Campus Holding Paddocks","kind":"university","operator":"University of Melbourne","description":"Leased from the Crown"}},{"type":"Feature","geometry":{"type":"LineString","coordinates":[[144.8627,-37.72935],[144.86303,-37.72892]]},"properties":{"name":"Melbourne Airport Rail Link","kind":"rail_construction","operator":"","description":""}},{"type":"Feature","geometry":{"type":"LineString","coordinates":[[144.82617,-37.76856],[144.82622,-37.7685],[144.82628,-37.76845],[144.82632,-37.76839],[144.82638,-37.76833],[144.82642,-37.76827],[144.82647,-37.76822],[144.82653,-37.76816],[144.82658,-37.76811]]},"properties":{"name":"Melbourne Airport Rail Link","kind":"rail_proposed","operator":"","description":""}},{"type":"Feature","geometry":{"type":"LineString","coordinates":[[144.82679,-37.76798],[144.82617,-37.76856],[144.82531,-37.76935],[144.82415,-37.77043],[144.82389,-37.7707]]},"properties":{"name":"Airport Line","kind":"rail_proposed","operator":"","description":""}},{"type":"Feature","geometry":{"type":"LineString","coordinates":[[144.82383,-37.77066],[144.82392,-37.77057],[144.82412,-37.77038],[144.82524,-37.76936],[144.82658,-37.76811],[144.82675,-37.76795]]},"properties":{"name":"Airport Line","kind":"rail_proposed","operator":"","description":""}},{"type":"Feature","geometry":{"type":"Point","coordinates":[144.9685,-37.82429]},"properties":{"name":"The University of Melbourne, Southbank Campus","kind":"university","operator":"The University of Melbourne","description":"Home to the Faculty of Fine Arts & Music"}},{"type":"Feature","geometry":{"type":"LineString","coordinates":[[145.01609,-37.81976],[145.0161,-37.81973],[145.0161,-37.8197],[145.01611,-37.81968],[145.01612,-37.81966],[145.01613,-37.81963],[145.01614,-37.81962],[145.01616,-37.8196],[145.01617,-37.81958],[145.01618,-37.81957],[145.01618,-37.81955],[145.01619,-37.81953]]},"properties":{"name":"Creswick Street","kind":"road_construction","operator":"","description":""}},{"type":"Feature","geometry":{"type":"LineString","coordinates":[[144.95654,-37.55025],[144.95503,-37.5509],[144.95408,-37.55116],[144.95288,-37.5513],[144.95108,-37.55114],[144.94508,-37.5505],[144.94255,-37.55024],[144.93529,-37.54947]]},"properties":{"name":"Merri Boulevard","kind":"road_proposed","operator":"","description":""}},{"type":"Feature","geometry":{"type":"LineString","coordinates":[[144.86945,-37.67814],[144.86967,-37.67799],[144.86994,-37.67771],[144.8701,-37.67744],[144.8702,-37.6771],[144.87075,-37.67373],[144.87111,-37.6723],[144.87145,-37.67153],[144.87315,-37.66861],[144.8735,-37.66813],[144.87398,-37.66766],[144.87456,-37.66734],[144.87521,-37.66715],[144.87629,-37.66702],[144.87976,-37.66673],[144.88435,-37.66627],[144.88588,-37.66607],[144.88643,-37.66588],[144.8881,-37.66472],[144.88858,-37.66443],[144.88913,-37.66414],[144.8898,-37.66395],[144.8906,-37.66384],[144.89415,-37.66355],[144.89527,-37.66349],[144.89628,-37.66354],[144.90588,-37.66429]]},"properties":{"name":"Mercer Drive-E14 Link","kind":"road_proposed","operator":"","description":""}},{"type":"Feature","geometry":{"type":"LineString","coordinates":[[144.54336,-37.70244],[144.54314,-37.70258],[144.54294,-37.70269],[144.54281,-37.70274],[144.54272,-37.70278],[144.54239,-37.70288],[144.54199,-37.70297],[144.5416,-37.70303],[144.54116,-37.70306],[144.54059,-37.70306],[144.53994,-37.703],[144.53907,-37.70292],[144.53863,-37.7029],[144.5385,-37.70288],[144.53838,-37.70285],[144.53815,-37.70276],[144.53768,-37.70262]]},"properties":{"name":"Cherry Plum Boulevard","kind":"road_construction","operator":"","description":""}},{"type":"Feature","geometry":{"type":"LineString","coordinates":[[144.92377,-37.54241],[144.92356,-37.54238],[144.92124,-37.54211],[144.91967,-37.54192],[144.91925,-37.5418],[144.91911,-37.54176],[144.91879,-37.54154],[144.91855,-37.54123],[144.91854,-37.5412],[144.9185,-37.54101],[144.91843,-37.54042],[144.91847,-37.53997],[144.91865,-37.53892],[144.91877,-37.53796]]},"properties":{"name":"Merrifield Boulevard","kind":"road_construction","operator":"","description":""}},{"type":"Feature","geometry":{"type":"LineString","coordinates":[[145.67437,-38.37304],[145.6709,-38.37506],[145.66782,-38.37685],[145.66436,-38.37872],[145.66073,-38.38066],[145.65743,-38.38217],[145.65257,-38.38434],[145.65018,-38.3854],[145.649,-38.38618],[145.64757,-38.38727],[145.64334,-38.39083],[145.63823,-38.39494],[145.63386,-38.39884],[145.62656,-38.4048],[145.62087,-38.40947],[145.61612,-38.41354],[145.61136,-38.4172],[145.60601,-38.42088],[145.59977,-38.42507],[145.59667,-38.42688],[145.59508,-38.4276],[145.59098,-38.42938],[145.58411,-38.43231],[145.57812,-38.43487],[145.57095,-38.43801],[145.5659,-38.44031],[145.56271,-38.44173]]},"properties":{"name":"Wonthaggi railway","kind":"road_proposed","operator":"","description":""}},{"type":"Feature","geometry":{"type":"LineString","coordinates":[[144.64439,-37.83137],[144.6441,-37.8312],[144.64375,-37.83104],[144.64349,-37.83084],[144.6434,-37.83065],[144.64336,-37.83052],[144.64351,-37.82986],[144.64333,-37.82931],[144.64322,-37.82928],[144.64252,-37.82936],[144.64178,-37.82935]]},"properties":{"name":"Houdini Drive","kind":"road_construction","operator":"","description":""}},{"type":"Feature","geometry":{"type":"LineString","coordinates":[[144.67655,-37.81033],[144.67782,-37.81045],[144.67814,-37.81049],[144.67854,-37.81043],[144.67886,-37.81028],[144.67908,-37.81016],[144.67933,-37.81002],[144.67937,-37.81]]},"properties":{"name":"Kenning Road","kind":"road_construction","operator":"","description":""}},{"type":"Feature","geometry":{"type":"LineString","coordinates":[[144.58228,-37.88951],[144.5822,-37.88888],[144.58215,-37.88854],[144.5821,-37.88827],[144.58209,-37.88816],[144.58189,-37.88652],[144.58185,-37.88636],[144.58177,-37.8862],[144.58168,-37.88608],[144.58138,-37.88579],[144.58089,-37.88528],[144.58066,-37.88498],[144.58071,-37.88468]]},"properties":{"name":"Prescott Road","kind":"road_construction","operator":"","description":""}},{"type":"Feature","geometry":{"type":"LineString","coordinates":[[144.58119,-37.8945],[144.58082,-37.89453],[144.58048,-37.89455],[144.57967,-37.89445],[144.5794,-37.89438],[144.57888,-37.89423],[144.57864,-37.89416],[144.5779,-37.89396],[144.57711,-37.89374]]},"properties":{"name":"Twain Road","kind":"road_construction","operator":"","description":""}},{"type":"Feature","geometry":{"type":"LineString","coordinates":[[144.68105,-37.76488],[144.68143,-37.76492],[144.68221,-37.76502],[144.68301,-37.76512],[144.68311,-37.76509],[144.68315,-37.76477],[144.68328,-37.7639],[144.68327,-37.76367],[144.68331,-37.76336],[144.68296,-37.76332],[144.68256,-37.76327]]},"properties":{"name":"Craycroft Road","kind":"road_construction","operator":"","description":""}},{"type":"Feature","geometry":{"type":"LineString","coordinates":[[144.68142,-37.73435],[144.68148,-37.73402],[144.68171,-37.73287],[144.68183,-37.73223],[144.68192,-37.73159],[144.68198,-37.73119],[144.68204,-37.7311],[144.68245,-37.73104],[144.68324,-37.73113]]},"properties":{"name":"Crimson Avenue","kind":"road_construction","operator":"","description":""}},{"type":"Feature","geometry":{"type":"LineString","coordinates":[[145.13804,-37.60582],[145.13804,-37.60577],[145.13804,-37.60572],[145.13804,-37.60569],[145.13803,-37.60566],[145.13802,-37.60562],[145.138,-37.60559],[145.13799,-37.60556],[145.13796,-37.60553]]},"properties":{"name":"Yan Yean Road","kind":"road_construction","operator":"","description":""}},{"type":"Feature","geometry":{"type":"LineString","coordinates":[[145.13649,-37.60552],[145.13642,-37.60551],[145.13637,-37.6055],[145.1363,-37.60548],[145.13624,-37.60545],[145.13618,-37.60542],[145.136,-37.60532],[145.1359,-37.60526]]},"properties":{"name":"Bridge Inn Road","kind":"road_construction","operator":"","description":""}},{"type":"Feature","geometry":{"type":"LineString","coordinates":[[145.13813,-37.60498],[145.13802,-37.60509],[145.13784,-37.60527],[145.13782,-37.60528],[145.13775,-37.60534],[145.13773,-37.60536],[145.13768,-37.60539],[145.13763,-37.60542],[145.13756,-37.60546],[145.13748,-37.6055],[145.13741,-37.60553]]},"properties":{"name":"Bridge Inn Road","kind":"road_construction","operator":"","description":""}},{"type":"Feature","geometry":{"type":"LineString","coordinates":[[145.13923,-37.60492],[145.13918,-37.60492],[145.13908,-37.60491],[145.13904,-37.60491],[145.13889,-37.60491],[145.13874,-37.60492],[145.13872,-37.60492],[145.1386,-37.60493],[145.13847,-37.60494],[145.13835,-37.60495],[145.13813,-37.60498],[145.13782,-37.60502],[145.13742,-37.60507],[145.1366,-37.60517],[145.13633,-37.6052],[145.13606,-37.60524],[145.13593,-37.60525],[145.1359,-37.60526],[145.13579,-37.60527],[145.13563,-37.60529],[145.13548,-37.60531],[145.13535,-37.60531],[145.13521,-37.60532],[145.13508,-37.60531],[145.13492,-37.60531],[145.13477,-37.60529],[145.1341,-37.60524],[145.13381,-37.6052],[145.13335,-37.60515],[145.13291,-37.60509]]},"properties":{"name":"Bridge Inn Road","kind":"road_construction","operator":"","description":""}},{"type":"Feature","geometry":{"type":"LineString","coordinates":[[145.13499,-37.60514],[145.13519,-37.60515],[145.13532,-37.60515],[145.13547,-37.60515],[145.13566,-37.60514],[145.13592,-37.60511],[145.1362,-37.60507],[145.13674,-37.605],[145.13742,-37.60492],[145.13795,-37.60485],[145.13836,-37.6048],[145.13854,-37.60478],[145.1387,-37.60477],[145.13885,-37.60476],[145.139,-37.60476],[145.13908,-37.60476],[145.13915,-37.60477],[145.13922,-37.60477]]},"properties":{"name":"Bridge Inn Road","kind":"road_construction","operator":"","description":""}},{"type":"Feature","geometry":{"type":"LineString","coordinates":[[145.1382,-37.60748],[145.13821,-37.60744],[145.13822,-37.60739],[145.13822,-37.60736],[145.13821,-37.60732],[145.1382,-37.60729],[145.13819,-37.60726],[145.13816,-37.60724],[145.13813,-37.60722],[145.13811,-37.60721],[145.13807,-37.60719],[145.13804,-37.60718],[145.13801,-37.60717]]},"properties":{"name":"Activity Way","kind":"road_construction","operator":"","description":""}},{"type":"Feature","geometry":{"type":"LineString","coordinates":[[145.13801,-37.60717],[145.13805,-37.60716],[145.13809,-37.60716],[145.13818,-37.60717],[145.13823,-37.60717],[145.13828,-37.60717],[145.13833,-37.60716],[145.13837,-37.60715],[145.13842,-37.60712]]},"properties":{"name":"Activity Way","kind":"road_construction","operator":"","description":""}},{"type":"Feature","geometry":{"type":"LineString","coordinates":[[145.13743,-37.61092],[145.13741,-37.61113],[145.1374,-37.61127],[145.13739,-37.61145],[145.13736,-37.61167],[145.13729,-37.61208],[145.13725,-37.61237],[145.13716,-37.61294],[145.1371,-37.61326],[145.13693,-37.61438],[145.13688,-37.61468],[145.13684,-37.61489],[145.13679,-37.61516],[145.13674,-37.61538],[145.13671,-37.61558],[145.13662,-37.61611],[145.13654,-37.61663],[145.13638,-37.61749],[145.13632,-37.61776],[145.13628,-37.61795],[145.13622,-37.61816],[145.13616,-37.61837],[145.1361,-37.61854],[145.13603,-37.61876],[145.13597,-37.61896],[145.13591,-37.61917],[145.13585,-37.61939],[145.1358,-37.6196],[145.13578,-37.61969],[145.13576,-37.61978],[145.13573,-37.61991],[145.1357,-37.62003],[145.13568,-37.62014],[145.13563,-37.62035],[145.13563,-37.62038],[145.13559,-37.62059],[145.13553,-37.62096],[145.1354,-37.62195],[145.1353,-37.62248],[145.13525,-37.62278],[145.13519,-37.62309],[145.13513,-37.62341],[145.13496,-37.62414],[145.13482,-37.6248],[145.13475,-37.62511],[145.13471,-37.62528],[145.13465,-37.62558],[145.13463,-37.62569],[145.13462,-37.62578],[145.13455,-37.62618],[145.13443,-37.62683],[145.13427,-37.62773],[145.13421,-37.62811],[145.13415,-37.62844],[145.13409,-37.62876],[145.13405,-37.62898],[145.13394,-37.62961],[145.1339,-37.62983],[145.13343,-37.6327],[145.13342,-37.63281],[145.13341,-37.63292],[145.1334,-37.63302],[145.1334,-37.63313],[145.1334,-37.63323],[145.13339,-37.63334],[145.13337,-37.63345],[145.13335,-37.63356],[145.13332,-37.63366],[145.13327,-37.63378],[145.13322,-37.63393],[145.13316,-37.63405],[145.13312,-37.63413],[145.13311,-37.63418],[145.1331,-37.63423],[145.1331,-37.6343],[145.13311,-37.63437],[145.13314,-37.63442],[145.13318,-37.63447]]},"properties":{"name":"Yan Yean Road","kind":"road_proposed","operator":"","description":""}},{"type":"Feature","geometry":{"type":"LineString","coordinates":[[145.14253,-37.606],[145.14237,-37.60598],[145.14223,-37.60595],[145.14209,-37.60592],[145.14196,-37.60588],[145.14182,-37.60584],[145.14165,-37.60578],[145.14146,-37.60571],[145.14128,-37.60562],[145.14106,-37.60551],[145.14071,-37.60533],[145.14054,-37.60525],[145.14041,-37.60519],[145.14028,-37.60514],[145.14014,-37.60509],[145.14007,-37.60507],[145.13996,-37.60504],[145.1398,-37.605],[145.13962,-37.60497],[145.13946,-37.60494],[145.13934,-37.60493],[145.13923,-37.60492]]},"properties":{"name":"Doctors Gully Road","kind":"road_construction","operator":"","description":""}},{"type":"Feature","geometry":{"type":"LineString","coordinates":[[145.13922,-37.60477],[145.13934,-37.60478],[145.13943,-37.60479],[145.13951,-37.6048],[145.13976,-37.60484],[145.14002,-37.6049],[145.14027,-37.60497],[145.14052,-37.60507],[145.14073,-37.60516],[145.14097,-37.60528],[145.14133,-37.60546],[145.14161,-37.60559],[145.14184,-37.6057],[145.14201,-37.60577],[145.14218,-37.60583],[145.14231,-37.60587],[145.14241,-37.6059],[145.14255,-37.60594],[145.14269,-37.60598],[145.14287,-37.60601],[145.14308,-37.60605],[145.14333,-37.60609]]},"properties":{"name":"Doctors Gully Road","kind":"road_construction","operator":"","description":""}},{"type":"Feature","geometry":{"type":"LineString","coordinates":[[145.34714,-38.09039],[145.34708,-38.09069],[145.34709,-38.09077],[145.34717,-38.0908],[145.34777,-38.09087],[145.34831,-38.09094],[145.34855,-38.09096],[145.34944,-38.09108],[145.34954,-38.09109],[145.34964,-38.09105],[145.34974,-38.09051],[145.34974,-38.09044],[145.34968,-38.09042],[145.34944,-38.09039],[145.34873,-38.09031],[145.34869,-38.09028],[145.34868,-38.09025],[145.34873,-38.08998],[145.3488,-38.08966],[145.34888,-38.08954],[145.34896,-38.08951],[145.34933,-38.0893]]},"properties":{"name":"Shakeal Way","kind":"road_construction","operator":"","description":""}},{"type":"Feature","geometry":{"type":"LineString","coordinates":[[144.65208,-37.84469],[144.65315,-37.84474],[144.65552,-37.84489],[144.65591,-37.84494],[144.656,-37.84495],[144.65643,-37.84497],[144.65829,-37.84513],[144.66012,-37.84527],[144.66044,-37.84529],[144.66255,-37.84551],[144.6627,-37.84552],[144.66288,-37.84553],[144.66298,-37.84555],[144.6633,-37.84558],[144.6647,-37.8457],[144.66487,-37.84573],[144.66504,-37.84574],[144.66514,-37.84576],[144.6655,-37.84579],[144.66747,-37.84599],[144.66794,-37.84606]]},"properties":{"name":"Sayers Road","kind":"road_proposed","operator":"","description":""}},{"type":"Feature","geometry":{"type":"LineString","coordinates":[[144.61974,-37.86793],[144.62018,-37.86778],[144.62062,-37.86762],[144.62152,-37.86729],[144.62203,-37.86711],[144.6222,-37.86705],[144.62232,-37.86699],[144.62257,-37.86682],[144.62266,-37.86677]]},"properties":{"name":"Brunette Street","kind":"road_construction","operator":"","description":""}},{"type":"Feature","geometry":{"type":"LineString","coordinates":[[144.58877,-37.88419],[144.58801,-37.88425],[144.58709,-37.88433],[144.58624,-37.8844],[144.58613,-37.88441],[144.58525,-37.88448],[144.58432,-37.88456],[144.58346,-37.88463],[144.58319,-37.88465],[144.5826,-37.8847],[144.58176,-37.88495],[144.58111,-37.8852],[144.58089,-37.88528]]},"properties":{"name":"Cormo Road","kind":"road_construction","operator":"","description":""}},{"type":"Feature","geometry":{"type":"LineString","coordinates":[[144.58348,-37.88329],[144.58413,-37.88325],[144.58458,-37.88321],[144.58494,-37.88318],[144.58503,-37.88318],[144.58529,-37.88315],[144.58607,-37.88309],[144.58693,-37.88301]]},"properties":{"name":"Alawara Road","kind":"road_construction","operator":"","description":""}},{"type":"Feature","geometry":{"type":"LineString","coordinates":[[144.58613,-37.88441],[144.58624,-37.88508],[144.58631,-37.88513],[144.58641,-37.88514],[144.58728,-37.88518],[144.588,-37.88514],[144.58808,-37.88509],[144.58809,-37.88503],[144.58801,-37.88425]]},"properties":{"name":"Gatsby Drive","kind":"road_construction","operator":"","description":""}},{"type":"Feature","geometry":{"type":"LineString","coordinates":[[144.63854,-37.8616],[144.63821,-37.86327],[144.63824,-37.86336],[144.63905,-37.86347],[144.63989,-37.86358],[144.63994,-37.86332],[144.64013,-37.86245],[144.64023,-37.86197]]},"properties":{"name":"Nautical Circuit","kind":"road_construction","operator":"","description":""}},{"type":"Feature","geometry":{"type":"LineString","coordinates":[[144.64268,-37.8624],[144.64238,-37.86385],[144.64227,-37.86389],[144.64153,-37.86379],[144.64067,-37.86368],[144.64072,-37.86342],[144.6409,-37.86255],[144.641,-37.86207]]},"properties":{"name":"Narrowboat Circuit","kind":"road_construction","operator":"","description":""}},{"type":"Feature","geometry":{"type":"LineString","coordinates":[[144.63558,-37.84429],[144.63524,-37.84425],[144.63369,-37.84404],[144.63352,-37.84401],[144.63328,-37.84398],[144.63296,-37.84394],[144.6329,-37.84385],[144.63303,-37.84323],[144.63331,-37.84326],[144.63342,-37.84328],[144.63382,-37.84333],[144.6347,-37.84344],[144.63539,-37.84353],[144.63573,-37.84358]]},"properties":{"name":"Skyway Circuit","kind":"road_construction","operator":"","description":""}},{"type":"Feature","geometry":{"type":"LineString","coordinates":[[144.66286,-37.81374],[144.66254,-37.81369],[144.66199,-37.81361],[144.66166,-37.81356],[144.66126,-37.81351],[144.66045,-37.81341],[144.65997,-37.81336],[144.65865,-37.8132],[144.65812,-37.81314],[144.65747,-37.81307]]},"properties":{"name":"Punjab Drive","kind":"road_construction","operator":"","description":""}},{"type":"Feature","geometry":{"type":"LineString","coordinates":[[144.65799,-37.81025],[144.65867,-37.81034],[144.65885,-37.81038],[144.65895,-37.81042],[144.65907,-37.81049],[144.65931,-37.81064],[144.65948,-37.81069],[144.65985,-37.81074],[144.66019,-37.81074],[144.66045,-37.81074],[144.66094,-37.8108],[144.66153,-37.81086],[144.66166,-37.81084],[144.66182,-37.81077]]},"properties":{"name":"Brynmill Boulevard","kind":"road_construction","operator":"","description":""}},{"type":"Feature","geometry":{"type":"LineString","coordinates":[[144.67307,-37.81556],[144.67341,-37.81559],[144.67381,-37.81564],[144.67431,-37.8157],[144.67453,-37.81573],[144.67544,-37.81583],[144.67547,-37.81592],[144.67533,-37.81683],[144.6755,-37.81698]]},"properties":{"name":"Bills Street","kind":"road_construction","operator":"","description":""}},{"type":"Feature","geometry":{"type":"LineString","coordinates":[[144.67426,-37.81006],[144.67457,-37.80848],[144.67455,-37.80828],[144.67462,-37.80808],[144.67477,-37.80732],[144.67481,-37.8071],[144.67494,-37.80706],[144.67563,-37.80714],[144.67703,-37.8073]]},"properties":{"name":"Khyber Drive","kind":"road_construction","operator":"","description":""}},{"type":"Feature","geometry":{"type":"LineString","coordinates":[[144.67886,-37.80943],[144.67883,-37.80944],[144.6786,-37.80957],[144.67812,-37.80909],[144.6777,-37.80866],[144.67767,-37.8086],[144.6777,-37.80855],[144.67793,-37.80841],[144.67856,-37.80803],[144.67857,-37.80798],[144.67864,-37.80758],[144.67876,-37.80756],[144.67942,-37.80763],[144.6802,-37.80771],[144.68036,-37.80762],[144.68096,-37.80768],[144.68173,-37.80777],[144.68191,-37.80789],[144.68393,-37.8081]]},"properties":{"name":"Torenia Drive","kind":"road_construction","operator":"","description":""}},{"type":"Feature","geometry":{"type":"LineString","coordinates":[[144.70565,-37.81766],[144.70586,-37.81831],[144.70585,-37.81845],[144.70566,-37.81873],[144.70548,-37.8188],[144.70493,-37.81892],[144.70476,-37.81898],[144.7045,-37.81911],[144.70375,-37.81829],[144.70361,-37.81809],[144.70342,-37.81757],[144.70346,-37.81745],[144.70565,-37.81766]]},"properties":{"name":"Dalhousie Drive","kind":"road_construction","operator":"","description":""}},{"type":"Feature","geometry":{"type":"LineString","coordinates":[[144.71109,-37.8082],[144.7111,-37.80829],[144.71112,-37.8084],[144.7112,-37.80855],[144.7116,-37.80922],[144.71176,-37.80942],[144.71198,-37.80946],[144.7139,-37.80961],[144.71407,-37.80963]]},"properties":{"name":"Ironstone Court","kind":"road_construction","operator":"","description":""}},{"type":"Feature","geometry":{"type":"LineString","coordinates":[[144.7147,-37.81094],[144.71483,-37.81095],[144.71564,-37.81102],[144.71654,-37.81109],[144.71746,-37.81117],[144.7184,-37.81124],[144.71908,-37.8113],[144.7229,-37.81164]]},"properties":{"name":"Ecology Drive","kind":"road_construction","operator":"","description":""}},{"type":"Feature","geometry":{"type":"LineString","coordinates":[[144.72494,-37.81588],[144.72489,-37.81622],[144.72488,-37.81649],[144.72546,-37.81655],[144.72572,-37.81664],[144.72624,-37.81682],[144.72689,-37.81705],[144.727,-37.81705],[144.72751,-37.81609],[144.72767,-37.81581]]},"properties":{"name":"Chardstock Drive","kind":"road_construction","operator":"","description":""}},{"type":"Feature","geometry":{"type":"LineString","coordinates":[[144.71574,-37.82947],[144.7157,-37.82933],[144.7156,-37.82889],[144.71557,-37.82882],[144.71549,-37.82872],[144.71529,-37.82864],[144.71489,-37.82855],[144.71467,-37.82849],[144.71456,-37.82852],[144.71446,-37.82926]]},"properties":{"name":"Fascia Crescent","kind":"road_construction","operator":"","description":""}},{"type":"Feature","geometry":{"type":"LineString","coordinates":[[144.64771,-37.73977],[144.64795,-37.74021],[144.64812,-37.74053],[144.64858,-37.74149],[144.64874,-37.74183],[144.64903,-37.74249],[144.64918,-37.74293],[144.64924,-37.74312],[144.64926,-37.74338],[144.64926,-37.74408],[144.64923,-37.74481]]},"properties":{"name":"Rockbank Road","kind":"road_construction","operator":"","description":""}},{"type":"Feature","geometry":{"type":"LineString","coordinates":[[144.64787,-37.73972],[144.6483,-37.74053],[144.64872,-37.7413],[144.64914,-37.74217],[144.64925,-37.74245],[144.64941,-37.74288],[144.64947,-37.74311],[144.64949,-37.74334],[144.64952,-37.74404],[144.6495,-37.74479]]},"properties":{"name":"Rockbank Road","kind":"road_construction","operator":"","description":""}},{"type":"Feature","geometry":{"type":"LineString","coordinates":[[144.68818,-37.72128],[144.68727,-37.72118],[144.68662,-37.72111],[144.68645,-37.72055],[144.68643,-37.72037],[144.68645,-37.72033],[144.68664,-37.7201],[144.68672,-37.7197]]},"properties":{"name":"Streambank Drive","kind":"road_construction","operator":"","description":""}},{"type":"Feature","geometry":{"type":"LineString","coordinates":[[144.68645,-37.72033],[144.68619,-37.72016],[144.68565,-37.71992],[144.68487,-37.71949],[144.68541,-37.71908],[144.68573,-37.719],[144.68669,-37.7188],[144.68689,-37.71865]]},"properties":{"name":"Streambank Drive","kind":"road_construction","operator":"","description":""}},{"type":"Feature","geometry":{"type":"LineString","coordinates":[[144.68864,-37.7348],[144.68698,-37.73457],[144.68657,-37.73451],[144.68671,-37.73389],[144.68684,-37.73331],[144.68695,-37.73328],[144.68918,-37.73361],[144.68961,-37.73366]]},"properties":{"name":"Easterngrey Drive","kind":"road_construction","operator":"","description":""}},{"type":"Feature","geometry":{"type":"LineString","coordinates":[[144.71424,-37.72353],[144.71422,-37.72361],[144.71409,-37.72431],[144.71401,-37.72469],[144.71395,-37.725],[144.71382,-37.72561],[144.71369,-37.72626],[144.71357,-37.7269]]},"properties":{"name":"Corsica Street","kind":"road_construction","operator":"","description":""}},{"type":"Feature","geometry":{"type":"LineString","coordinates":[[144.71022,-37.73376],[144.71088,-37.73363],[144.71168,-37.73345],[144.71189,-37.73341],[144.71229,-37.73321],[144.71236,-37.73308],[144.71255,-37.73212],[144.71266,-37.73153],[144.71307,-37.72952],[144.71303,-37.72942],[144.7124,-37.72934],[144.71168,-37.72925]]},"properties":{"name":"Mintbush Drive","kind":"road_construction","operator":"","description":""}},{"type":"Feature","geometry":{"type":"LineString","coordinates":[[144.70314,-37.7117],[144.70359,-37.71284],[144.70394,-37.71372],[144.70459,-37.71534],[144.70476,-37.71607],[144.70479,-37.71665],[144.70479,-37.71701],[144.70459,-37.71803]]},"properties":{"name":"Hopkins Rd","kind":"road_construction","operator":"","description":""}},{"type":"Feature","geometry":{"type":"LineString","coordinates":[[144.70048,-37.70312],[144.7004,-37.70351],[144.70036,-37.70378],[144.70032,-37.70406],[144.70033,-37.70427],[144.70037,-37.70444],[144.70162,-37.70779],[144.70285,-37.71088],[144.70314,-37.7117]]},"properties":{"name":"Hopkins Rd","kind":"road_construction","operator":"","description":""}},{"type":"Feature","geometry":{"type":"LineString","coordinates":[[145.35187,-38.13228],[145.35158,-38.13371],[145.35122,-38.13548],[145.35118,-38.1357],[145.35114,-38.13588],[145.35107,-38.13625],[145.351,-38.13656],[145.35096,-38.13679]]},"properties":{"name":"Ernstbrook Drive","kind":"road_construction","operator":"","description":""}},{"type":"Feature","geometry":{"type":"LineString","coordinates":[[144.66835,-37.81713],[144.66826,-37.81778],[144.6682,-37.81813],[144.66817,-37.81837],[144.66812,-37.81869],[144.66808,-37.81893],[144.66809,-37.81902],[144.66811,-37.81906],[144.66816,-37.8192],[144.66816,-37.81934],[144.66813,-37.81945]]},"properties":{"name":"Eloquence Road","kind":"road_construction","operator":"","description":""}},{"type":"Feature","geometry":{"type":"LineString","coordinates":[[144.71069,-37.7065],[144.7103,-37.70702],[144.71022,-37.70713],[144.71017,-37.7072],[144.70992,-37.70755],[144.70985,-37.70766],[144.70947,-37.7082],[144.70924,-37.70852],[144.70916,-37.70869],[144.70915,-37.70894]]},"properties":{"name":"Pear Parade","kind":"road_construction","operator":"","description":""}},{"type":"Feature","geometry":{"type":"LineString","coordinates":[[144.60184,-37.72273],[144.6018,-37.72299],[144.60171,-37.72351],[144.60167,-37.72373],[144.60153,-37.72448],[144.60141,-37.72518],[144.6014,-37.72543],[144.60139,-37.72555]]},"properties":{"name":"Everlasting Boulevard","kind":"road_construction","operator":"","description":""}},{"type":"Feature","geometry":{"type":"LineString","coordinates":[[144.72146,-37.62515],[144.72089,-37.62555],[144.72089,-37.62555],[144.7203,-37.62599],[144.72018,-37.62604],[144.7201,-37.62606],[144.72004,-37.62604],[144.71996,-37.62605]]},"properties":{"name":"Montara Crescent","kind":"road_construction","operator":"","description":""}},{"type":"Feature","geometry":{"type":"LineString","coordinates":[[144.63771,-37.72159],[144.63807,-37.72163],[144.63845,-37.72168],[144.63885,-37.72172],[144.63962,-37.72181],[144.64039,-37.72191],[144.64121,-37.722],[144.64122,-37.722],[144.64143,-37.72201],[144.64165,-37.72191]]},"properties":{"name":"Bradford Street","kind":"road_construction","operator":"","description":""}},{"type":"Feature","geometry":{"type":"LineString","coordinates":[[144.64118,-37.7199],[144.64147,-37.71994],[144.64156,-37.71997],[144.64178,-37.72005],[144.64188,-37.72026],[144.64189,-37.7204],[144.64184,-37.7207],[144.64173,-37.72139],[144.64165,-37.72191],[144.64223,-37.72249],[144.64264,-37.72291],[144.64296,-37.72323]]},"properties":{"name":"Tegheria Drive","kind":"road_construction","operator":"","description":""}},{"type":"Feature","geometry":{"type":"LineString","coordinates":[[144.6425,-37.71844],[144.64221,-37.71872],[144.64212,-37.71934],[144.64207,-37.71965],[144.64208,-37.71977],[144.64208,-37.71978],[144.64203,-37.71991],[144.64195,-37.72001],[144.64178,-37.72005]]},"properties":{"name":"Mira Way","kind":"road_construction","operator":"","description":""}},{"type":"Feature","geometry":{"type":"LineString","coordinates":[[144.61352,-37.71804],[144.61401,-37.7181],[144.61408,-37.71811],[144.61444,-37.71816],[144.6147,-37.71824],[144.61483,-37.71828],[144.61519,-37.71848],[144.61534,-37.71863],[144.6156,-37.71887],[144.616,-37.71931],[144.61603,-37.71934],[144.61612,-37.71943],[144.61636,-37.71954],[144.61662,-37.71963],[144.61692,-37.7197],[144.61804,-37.71985]]},"properties":{"name":"Mortlock Street","kind":"road_construction","operator":"","description":""}},{"type":"Feature","geometry":{"type":"LineString","coordinates":[[144.61352,-37.71804],[144.6134,-37.71872],[144.61329,-37.71931],[144.6132,-37.71935],[144.61227,-37.71924],[144.61223,-37.71948],[144.61212,-37.7201],[144.6121,-37.72024],[144.61196,-37.72102],[144.61193,-37.72118],[144.61171,-37.72138],[144.61153,-37.72161],[144.61142,-37.72177],[144.61129,-37.72203]]},"properties":{"name":"Stonecrop Drive","kind":"road_construction","operator":"","description":""}},{"type":"Feature","geometry":{"type":"LineString","coordinates":[[144.61604,-37.73466],[144.61698,-37.73476],[144.61744,-37.73481],[144.61789,-37.73486],[144.61878,-37.73496],[144.6194,-37.73503],[144.61967,-37.73508],[144.62013,-37.73512]]},"properties":{"name":"Wallrock Drive","kind":"road_construction","operator":"","description":""}},{"type":"Feature","geometry":{"type":"LineString","coordinates":[[144.61974,-37.73473],[144.61967,-37.73508],[144.61966,-37.7353],[144.61938,-37.73683],[144.61938,-37.73687],[144.61943,-37.73695],[144.61955,-37.73699],[144.61979,-37.73701]]},"properties":{"name":"Talus Drive","kind":"road_construction","operator":"","description":""}},{"type":"Feature","geometry":{"type":"LineString","coordinates":[[144.61771,-37.73722],[144.61782,-37.73719],[144.61789,-37.73681],[144.61796,-37.7367],[144.61814,-37.73651],[144.6182,-37.73651],[144.6185,-37.73639],[144.61854,-37.73631],[144.61878,-37.73496]]},"properties":{"name":"Calcite Crescent","kind":"road_construction","operator":"","description":""}},{"type":"Feature","geometry":{"type":"LineString","coordinates":[[144.63433,-37.72992],[144.63398,-37.72988],[144.63372,-37.72985],[144.63327,-37.7298],[144.63307,-37.72978],[144.63237,-37.7297],[144.63208,-37.72967],[144.63156,-37.72961],[144.63124,-37.72957],[144.63078,-37.72952],[144.63029,-37.72947],[144.6301,-37.72945],[144.62981,-37.72942]]},"properties":{"name":"Glengarry Road","kind":"road_construction","operator":"","description":""}},{"type":"Feature","geometry":{"type":"LineString","coordinates":[[144.75999,-37.60849],[144.76011,-37.60854],[144.76037,-37.60868],[144.76074,-37.60892],[144.76105,-37.60912],[144.76203,-37.60977],[144.76217,-37.60987],[144.76223,-37.60993],[144.7623,-37.61001]]},"properties":{"name":"Basalt Drive","kind":"road_construction","operator":"","description":""}},{"type":"Feature","geometry":{"type":"LineString","coordinates":[[144.74796,-37.59307],[144.74823,-37.59301],[144.74855,-37.59294],[144.74896,-37.59291],[144.74928,-37.5929],[144.74968,-37.59292],[144.75074,-37.59313],[144.75208,-37.59321]]},"properties":{"name":"Roesler Drive","kind":"road_construction","operator":"","description":""}},{"type":"Feature","geometry":{"type":"LineString","coordinates":[[144.75074,-37.59313],[144.75068,-37.59379],[144.75064,-37.59427],[144.75063,-37.59439],[144.75065,-37.59449],[144.75064,-37.59455],[144.75062,-37.59473],[144.75057,-37.59487],[144.7504,-37.59505],[144.75031,-37.59513],[144.75001,-37.5954],[144.74978,-37.59552],[144.74944,-37.5956],[144.74905,-37.59571]]},"properties":{"name":"Saperavi Street","kind":"road_construction","operator":"","description":""}},{"type":"Feature","geometry":{"type":"LineString","coordinates":[[144.55683,-37.78489],[144.55706,-37.78488],[144.55737,-37.78499],[144.55796,-37.78497],[144.55818,-37.78494],[144.55841,-37.78483],[144.5587,-37.78479],[144.55959,-37.78467],[144.56052,-37.78454],[144.56138,-37.78442],[144.5615,-37.78445],[144.56139,-37.78582],[144.56134,-37.78597],[144.5613,-37.78645]]},"properties":{"name":"Bundalong Drive","kind":"road_construction","operator":"","description":""}},{"type":"Feature","geometry":{"type":"LineString","coordinates":[[144.55711,-37.78571],[144.55729,-37.78568],[144.55872,-37.78565],[144.55899,-37.78565],[144.55962,-37.78575],[144.56052,-37.78589],[144.56094,-37.78595],[144.56134,-37.78597]]},"properties":{"name":"Wyuna Street","kind":"road_construction","operator":"","description":""}},{"type":"Feature","geometry":{"type":"LineString","coordinates":[[144.61047,-37.9116],[144.61047,-37.91192],[144.61055,-37.9121],[144.6106,-37.91222],[144.61089,-37.91255],[144.61125,-37.91285],[144.61142,-37.913],[144.61161,-37.91307],[144.61166,-37.91309],[144.61171,-37.91311]]},"properties":{"name":"Launceston Way","kind":"road_construction","operator":"","description":""}},{"type":"Feature","geometry":{"type":"LineString","coordinates":[[144.6101,-37.91155],[144.61047,-37.9116],[144.61083,-37.91164],[144.61155,-37.91184],[144.6117,-37.91194],[144.61185,-37.91199],[144.61192,-37.912],[144.61208,-37.91206],[144.61216,-37.91214],[144.61217,-37.91217]]},"properties":{"name":"Dharma Walk","kind":"road_construction","operator":"","description":""}},{"type":"Feature","geometry":{"type":"LineString","coordinates":[[144.60808,-37.91659],[144.60813,-37.91659],[144.6089,-37.91665],[144.60918,-37.91671],[144.61077,-37.91697],[144.61086,-37.91695],[144.61095,-37.91694],[144.61119,-37.91691],[144.61123,-37.9169]]},"properties":{"name":"Craigavon Drive","kind":"road_construction","operator":"","description":""}},{"type":"Feature","geometry":{"type":"LineString","coordinates":[[144.6089,-37.91665],[144.60898,-37.91626],[144.60904,-37.91599],[144.60918,-37.91596],[144.61006,-37.9161],[144.6106,-37.91618],[144.61073,-37.9162],[144.61091,-37.91623],[144.61099,-37.91634],[144.611,-37.91654],[144.61095,-37.91694]]},"properties":{"name":"Owenstown Crescent","kind":"road_construction","operator":"","description":""}},{"type":"Feature","geometry":{"type":"LineString","coordinates":[[144.61707,-37.91385],[144.61688,-37.91395],[144.61658,-37.91434],[144.61696,-37.91499],[144.6172,-37.9152],[144.61776,-37.91496],[144.61728,-37.91419],[144.61707,-37.91385]]},"properties":{"name":"Tallow Circuit","kind":"road_construction","operator":"","description":""}},{"type":"Feature","geometry":{"type":"LineString","coordinates":[[145.11882,-37.68934],[145.11875,-37.68923],[145.11865,-37.68911],[145.11829,-37.68866],[145.11826,-37.68862],[145.11823,-37.6886],[145.1182,-37.68859],[145.11816,-37.68859],[145.11812,-37.68861],[145.11738,-37.68893],[145.11715,-37.68904],[145.11712,-37.68905],[145.1171,-37.68907],[145.11709,-37.68909],[145.11708,-37.68914],[145.11692,-37.6901]]},"properties":{"name":"Lacebark Drive","kind":"road_proposed","operator":"","description":""}},{"type":"Feature","geometry":{"type":"LineString","coordinates":[[144.65227,-37.9188],[144.6529,-37.91856],[144.65297,-37.91855],[144.65343,-37.91865],[144.654,-37.91871],[144.65516,-37.91901],[144.65527,-37.91912],[144.65532,-37.91934],[144.65521,-37.9196]]},"properties":{"name":"Toolondo Circuit","kind":"road_construction","operator":"","description":""}},{"type":"Feature","geometry":{"type":"LineString","coordinates":[[144.68568,-37.76213],[144.68532,-37.7618],[144.68447,-37.761],[144.68432,-37.76124],[144.68423,-37.76146],[144.68417,-37.76166],[144.68412,-37.76187],[144.68412,-37.76212],[144.68408,-37.76256]]},"properties":{"name":"Palisade Road","kind":"road_construction","operator":"","description":""}},{"type":"Feature","geometry":{"type":"LineString","coordinates":[[145.38651,-38.09535],[145.38799,-38.09589],[145.38834,-38.09602],[145.38928,-38.09636],[145.38948,-38.09641],[145.38967,-38.09643],[145.38984,-38.09643],[145.39044,-38.09636]]},"properties":{"name":"Harness Street","kind":"road_construction","operator":"","description":""}},{"type":"Feature","geometry":{"type":"LineString","coordinates":[[145.3915,-38.09752],[145.39077,-38.09765],[145.38997,-38.09772],[145.38945,-38.09772],[145.38863,-38.09767],[145.38789,-38.09754],[145.38787,-38.09746],[145.38831,-38.0967]]},"properties":{"name":"Filly Street","kind":"road_construction","operator":"","description":""}},{"type":"Feature","geometry":{"type":"LineString","coordinates":[[145.3909,-38.09694],[145.39015,-38.09703],[145.38979,-38.09705],[145.38957,-38.09705],[145.38936,-38.09703],[145.38925,-38.09701],[145.38903,-38.09696],[145.38831,-38.0967],[145.38801,-38.09658],[145.38788,-38.09654]]},"properties":{"name":"Cape Street","kind":"road_construction","operator":"","description":""}},{"type":"Feature","geometry":{"type":"LineString","coordinates":[[144.86679,-37.82114],[144.86669,-37.82178],[144.86665,-37.82198],[144.86654,-37.82262],[144.86649,-37.82269],[144.86614,-37.82301],[144.86603,-37.82301],[144.86573,-37.82279],[144.86574,-37.82277],[144.86578,-37.82253],[144.8659,-37.8219],[144.86594,-37.8217],[144.86605,-37.82107]]},"properties":{"name":"Hopper Circuit","kind":"road_construction","operator":"","description":""}},{"type":"Feature","geometry":{"type":"LineString","coordinates":[[144.86387,-37.82103],[144.86443,-37.821],[144.86487,-37.82098],[144.8653,-37.82098],[144.86566,-37.82103],[144.86605,-37.82107],[144.86679,-37.82114],[144.86768,-37.82122],[144.86779,-37.82123]]},"properties":{"name":"Denim Avenue","kind":"road_construction","operator":"","description":""}},{"type":"Feature","geometry":{"type":"LineString","coordinates":[[144.85931,-37.83149],[144.85938,-37.83137],[144.85942,-37.83112],[144.85944,-37.83096],[144.85946,-37.83088],[144.85951,-37.83059],[144.85955,-37.83033],[144.8596,-37.83007],[144.85966,-37.82973],[144.85972,-37.82937],[144.85976,-37.82909]]},"properties":{"name":"Palm Drive","kind":"road_construction","operator":"","description":""}},{"type":"Feature","geometry":{"type":"LineString","coordinates":[[144.77274,-37.60858],[144.77266,-37.60872],[144.77235,-37.60921],[144.77229,-37.60933],[144.77227,-37.60936],[144.77193,-37.60989],[144.77157,-37.61045],[144.77142,-37.61069],[144.77122,-37.61101],[144.77116,-37.61109],[144.77087,-37.61156],[144.77049,-37.61213],[144.77007,-37.61279],[144.77001,-37.61288]]},"properties":{"name":"Daintree Boulevard","kind":"road_construction","operator":"","description":""}},{"type":"Feature","geometry":{"type":"LineString","coordinates":[[144.71395,-37.58693],[144.71406,-37.58695],[144.71421,-37.58692],[144.71432,-37.58689],[144.71443,-37.58685],[144.71448,-37.58677],[144.71454,-37.58644],[144.71463,-37.5859]]},"properties":{"name":"Leyden Court","kind":"road_construction","operator":"","description":""}},{"type":"Feature","geometry":{"type":"LineString","coordinates":[[145.01978,-37.54196],[145.01933,-37.5419],[145.01901,-37.54185],[145.01893,-37.54183],[145.01884,-37.54179],[145.01872,-37.54168],[145.01798,-37.54087],[145.01746,-37.54029],[145.01717,-37.53994],[145.01713,-37.53979],[145.01713,-37.53971],[145.01658,-37.53918],[145.01641,-37.53902],[145.01631,-37.53891],[145.01628,-37.53884],[145.01617,-37.53816]]},"properties":{"name":"Brittas Street","kind":"road_construction","operator":"","description":""}},{"type":"Feature","geometry":{"type":"LineString","coordinates":[[145.02018,-37.53994],[145.01982,-37.53971],[145.01905,-37.53923],[145.01883,-37.5391],[145.01843,-37.53886],[145.01801,-37.53864],[145.01745,-37.53842],[145.01694,-37.53828],[145.0165,-37.5382],[145.01617,-37.53816],[145.01476,-37.53801],[145.01331,-37.53787],[145.01253,-37.53779],[145.0124,-37.53778],[145.01206,-37.53774],[145.01122,-37.53765],[145.0102,-37.53754],[145.01,-37.53752],[145.00867,-37.53738],[145.00777,-37.53728],[145.00741,-37.53724],[145.0065,-37.53714]]},"properties":{"name":"Mauro Boulevard","kind":"road_construction","operator":"","description":""}},{"type":"Feature","geometry":{"type":"LineString","coordinates":[[145.0254,-37.54456],[145.0254,-37.54455],[145.02548,-37.54438],[145.02549,-37.54437],[145.02558,-37.54421],[145.02563,-37.54407],[145.02566,-37.5437],[145.02573,-37.54316],[145.02575,-37.54296],[145.02575,-37.54235],[145.02575,-37.54175],[145.02575,-37.54124],[145.02575,-37.54111]]},"properties":{"name":"Newgrove Boulevard","kind":"road_construction","operator":"","description":""}},{"type":"Feature","geometry":{"type":"LineString","coordinates":[[145.02575,-37.54296],[145.0253,-37.54297],[145.02494,-37.54296],[145.02428,-37.54288],[145.02434,-37.54242],[145.02433,-37.54227],[145.02507,-37.54235],[145.02575,-37.54235]]},"properties":{"name":"Hopetoun Crescent","kind":"road_construction","operator":"","description":""}},{"type":"Feature","geometry":{"type":"LineString","coordinates":[[144.9885,-37.54874],[144.98841,-37.54876],[144.98822,-37.55002],[144.98815,-37.5505],[144.98819,-37.5506],[144.98915,-37.5507],[144.9894,-37.55072],[144.9895,-37.55073],[144.98993,-37.55078],[144.99061,-37.55086],[144.99099,-37.55088]]},"properties":{"name":"Washpool Road","kind":"road_construction","operator":"","description":""}},{"type":"Feature","geometry":{"type":"LineString","coordinates":[[144.99071,-37.55027],[144.99067,-37.5505],[144.99061,-37.55086],[144.99052,-37.55149],[144.99046,-37.55189],[144.99035,-37.55254],[144.99025,-37.55318],[144.99014,-37.55387]]},"properties":{"name":"Churchill Drive","kind":"road_construction","operator":"","description":""}},{"type":"Feature","geometry":{"type":"LineString","coordinates":[[144.9885,-37.54874],[144.98913,-37.5488],[144.98941,-37.54883],[144.9897,-37.54886],[144.99072,-37.54896],[144.99129,-37.54901],[144.99215,-37.54911],[144.9943,-37.54934],[144.99549,-37.54946]]},"properties":{"name":"Belmont Boulevard","kind":"road_construction","operator":"","description":""}},{"type":"Feature","geometry":{"type":"LineString","coordinates":[[144.96565,-37.54978],[144.96535,-37.55047],[144.96506,-37.55113],[144.96478,-37.55177],[144.96454,-37.55232],[144.96447,-37.55244],[144.96423,-37.55302],[144.96391,-37.55377],[144.96328,-37.5552]]},"properties":{"name":"Morestead Road","kind":"road_construction","operator":"","description":""}},{"type":"Feature","geometry":{"type":"LineString","coordinates":[[144.95841,-37.55108],[144.95818,-37.55067],[144.95819,-37.55057],[144.95869,-37.55028],[144.95881,-37.55014],[144.95883,-37.55009],[144.95886,-37.54982],[144.95879,-37.54955],[144.95871,-37.54957],[144.95762,-37.55001]]},"properties":{"name":"Silkstead Circuit","kind":"road_construction","operator":"","description":""}},{"type":"Feature","geometry":{"type":"LineString","coordinates":[[144.96053,-37.47446],[144.96061,-37.47447],[144.96094,-37.47451],[144.96129,-37.47454],[144.96166,-37.47458],[144.96175,-37.47459],[144.96206,-37.47462],[144.96339,-37.47476],[144.96359,-37.47478],[144.96426,-37.47485],[144.96508,-37.47493],[144.96602,-37.47503]]},"properties":{"name":"Melaleuca Boulevard","kind":"road_construction","operator":"","description":""}},{"type":"Feature","geometry":{"type":"LineString","coordinates":[[145.12368,-37.81827],[145.12304,-37.81809],[145.12295,-37.81806],[145.12289,-37.81805],[145.12279,-37.81803],[145.12267,-37.81801],[145.12258,-37.81801],[145.12251,-37.818],[145.12245,-37.81801],[145.12226,-37.81802],[145.12186,-37.81805]]},"properties":{"name":"Whitehorse Road","kind":"road_construction","operator":"","description":""}},{"type":"Feature","geometry":{"type":"LineString","coordinates":[[145.12192,-37.81768],[145.12221,-37.81778],[145.12229,-37.81781],[145.12245,-37.81786],[145.12262,-37.8179],[145.12278,-37.81793],[145.12293,-37.81795],[145.12302,-37.81795],[145.1231,-37.81795],[145.12376,-37.81791]]},"properties":{"name":"Whitehorse Road","kind":"road_construction","operator":"","description":""}},{"type":"Feature","geometry":{"type":"LineString","coordinates":[[144.98989,-37.4339],[144.99019,-37.43417],[144.99049,-37.43437],[144.9909,-37.43459],[144.99091,-37.43459],[144.99175,-37.43489],[144.99174,-37.43496],[144.99131,-37.4356],[144.99104,-37.43609]]},"properties":{"name":"Fuselage Parade","kind":"road_construction","operator":"","description":""}},{"type":"Feature","geometry":{"type":"LineString","coordinates":[[144.70904,-37.72611],[144.70955,-37.72617],[144.71033,-37.72626],[144.71044,-37.72568],[144.71139,-37.7258],[144.71146,-37.72583],[144.71149,-37.7259],[144.71157,-37.72627],[144.71158,-37.72636],[144.71174,-37.7271],[144.7116,-37.72775],[144.71153,-37.7281],[144.71147,-37.72837],[144.71149,-37.72846],[144.71165,-37.72899],[144.71166,-37.72901],[144.71168,-37.72915],[144.71168,-37.72925]]},"properties":{"name":"Sorrento Drive","kind":"road_construction","operator":"","description":""}},{"type":"Feature","geometry":{"type":"LineString","coordinates":[[145.01167,-37.5988],[145.01186,-37.59873],[145.01201,-37.59864],[145.01227,-37.59843],[145.01259,-37.59799],[145.01262,-37.59789],[145.01264,-37.5975],[145.01269,-37.59718],[145.0128,-37.59685],[145.01283,-37.59654],[145.01282,-37.59639]]},"properties":{"name":"Edgars Road","kind":"road_construction","operator":"","description":""}},{"type":"Feature","geometry":{"type":"LineString","coordinates":[[145.0117,-37.59886],[145.01191,-37.59878],[145.01207,-37.59868],[145.01233,-37.59845],[145.01265,-37.59802],[145.01268,-37.5979],[145.01271,-37.59751],[145.01275,-37.59719],[145.01286,-37.59686],[145.0129,-37.59654],[145.01289,-37.59639]]},"properties":{"name":"Edgars Road","kind":"road_construction","operator":"","description":""}},{"type":"Feature","geometry":{"type":"LineString","coordinates":[[145.0263,-37.59448],[145.02695,-37.59454],[145.02712,-37.59452],[145.02741,-37.59443],[145.02765,-37.59442],[145.02772,-37.59447],[145.02779,-37.59452],[145.02793,-37.59466],[145.02822,-37.59532],[145.02828,-37.59542],[145.02854,-37.59584]]},"properties":{"name":"Randaland Vista","kind":"road_construction","operator":"","description":""}},{"type":"Feature","geometry":{"type":"LineString","coordinates":[[145.02695,-37.59454],[145.02706,-37.59391],[145.02709,-37.59377],[145.02719,-37.59368],[145.02733,-37.59362],[145.02773,-37.59366],[145.02775,-37.59368],[145.02778,-37.59375],[145.02777,-37.59391],[145.0277,-37.59431],[145.02765,-37.59442]]},"properties":{"name":"Shannara Crescent","kind":"road_construction","operator":"","description":""}},{"type":"Feature","geometry":{"type":"LineString","coordinates":[[145.00243,-37.59199],[145.00267,-37.59186],[145.00274,-37.59131],[145.00288,-37.59132],[145.00365,-37.59141],[145.00368,-37.59151],[145.00359,-37.59215],[145.00328,-37.59287]]},"properties":{"name":"Aubagne Crescent","kind":"road_construction","operator":"","description":""}},{"type":"Feature","geometry":{"type":"LineString","coordinates":[[145.00345,-37.59318],[145.00372,-37.59335],[145.00374,-37.59336],[145.0044,-37.59407],[145.0048,-37.5945],[145.00488,-37.59452],[145.00514,-37.59454],[145.00527,-37.59452],[145.00549,-37.59315],[145.00545,-37.59306],[145.00477,-37.593]]},"properties":{"name":"Chantilly Crescent","kind":"road_construction","operator":"","description":""}},{"type":"Feature","geometry":{"type":"LineString","coordinates":[[145.02124,-37.59089],[145.02129,-37.59057],[145.02137,-37.59008],[145.02139,-37.58996],[145.02137,-37.58988],[145.02109,-37.58979],[145.02054,-37.58974],[145.02037,-37.58973],[145.01993,-37.5897]]},"properties":{"name":"Leadbeater Drive","kind":"road_construction","operator":"","description":""}},{"type":"Feature","geometry":{"type":"LineString","coordinates":[[145.02404,-37.58963],[145.02334,-37.58957],[145.02312,-37.58955],[145.02238,-37.58948],[145.02192,-37.58944],[145.02159,-37.58941],[145.02159,-37.58941],[145.02155,-37.58937],[145.02154,-37.58932],[145.02156,-37.58915]]},"properties":{"name":"Agriculture Avenue","kind":"road_construction","operator":"","description":""}},{"type":"Feature","geometry":{"type":"LineString","coordinates":[[145.01159,-37.58214],[145.01165,-37.58177],[145.01176,-37.58116],[145.01182,-37.58082],[145.01187,-37.58067],[145.01197,-37.58051],[145.0121,-37.5803],[145.0125,-37.57964],[145.0129,-37.57903],[145.0132,-37.57854],[145.01339,-37.57823],[145.01344,-37.57787],[145.01355,-37.57709]]},"properties":{"name":"Edgars Road","kind":"road_construction","operator":"","description":""}},{"type":"Feature","geometry":{"type":"LineString","coordinates":[[145.00932,-37.58411],[145.00901,-37.58416],[145.00844,-37.58416],[145.00802,-37.58411],[145.0079,-37.58409],[145.0072,-37.58401],[145.00711,-37.584],[145.00627,-37.58391],[145.00548,-37.58382],[145.00471,-37.58373],[145.00437,-37.58369],[145.00338,-37.58358],[145.00294,-37.58353]]},"properties":{"name":"Majorelle Boulevard","kind":"road_construction","operator":"","description":""}},{"type":"Feature","geometry":{"type":"LineString","coordinates":[[145.00962,-37.58363],[145.00954,-37.58338],[145.0096,-37.58299],[145.00923,-37.58297],[145.00916,-37.58293],[145.00889,-37.58273],[145.00862,-37.58252],[145.00865,-37.58237],[145.00867,-37.58225],[145.00874,-37.58183]]},"properties":{"name":"Carnation Parkway","kind":"road_construction","operator":"","description":""}},{"type":"Feature","geometry":{"type":"LineString","coordinates":[[145.00812,-37.58337],[145.0078,-37.58313],[145.00759,-37.58298],[145.00754,-37.58294],[145.00675,-37.58235],[145.00661,-37.58222],[145.00652,-37.58212],[145.00643,-37.5819],[145.00648,-37.58158]]},"properties":{"name":"Patina Avenue","kind":"road_construction","operator":"","description":""}},{"type":"Feature","geometry":{"type":"LineString","coordinates":[[145.02068,-37.5842],[145.02074,-37.58423],[145.0209,-37.58429],[145.02107,-37.58436],[145.02123,-37.5844],[145.02132,-37.58442],[145.02183,-37.58452],[145.02206,-37.58457]]},"properties":{"name":"Sweet Bursaria Boulevard","kind":"road_construction","operator":"","description":""}},{"type":"Feature","geometry":{"type":"LineString","coordinates":[[144.9895,-37.61165],[144.9894,-37.61159],[144.98926,-37.61152],[144.98862,-37.61139],[144.98797,-37.61132],[144.98818,-37.61003],[144.98845,-37.60944],[144.98854,-37.60922],[144.98867,-37.60896],[144.98875,-37.60876]]},"properties":{"name":"Einstein Rise","kind":"road_construction","operator":"","description":""}},{"type":"Feature","geometry":{"type":"LineString","coordinates":[[144.98704,-37.60688],[144.98758,-37.60655],[144.98761,-37.60647],[144.98728,-37.60614],[144.98724,-37.60603],[144.98736,-37.60562],[144.98738,-37.60555],[144.9874,-37.6054],[144.98743,-37.6052],[144.98745,-37.60509]]},"properties":{"name":"Jakita Way","kind":"road_construction","operator":"","description":""}},{"type":"Feature","geometry":{"type":"LineString","coordinates":[[144.88403,-37.55467],[144.88382,-37.55464],[144.88377,-37.55464],[144.88327,-37.55453],[144.88269,-37.55441],[144.88248,-37.55438],[144.88237,-37.5544],[144.88222,-37.55512]]},"properties":{"name":"Moorhen Street","kind":"road_construction","operator":"","description":""}},{"type":"Feature","geometry":{"type":"LineString","coordinates":[[144.70277,-38.18665],[144.70282,-38.18643],[144.70285,-38.18629],[144.70299,-38.18558],[144.70307,-38.18519],[144.70307,-38.18504],[144.7031,-38.18489],[144.70312,-38.18487],[144.70317,-38.18487],[144.70419,-38.18499],[144.70561,-38.18517],[144.70567,-38.18517]]},"properties":{"name":"Birdwood Drive","kind":"road_construction","operator":"","description":""}},{"type":"Feature","geometry":{"type":"LineString","coordinates":[[144.70564,-38.18445],[144.70577,-38.18447],[144.7058,-38.18448],[144.70581,-38.18452],[144.70567,-38.18517],[144.70553,-38.18589],[144.70539,-38.18656],[144.70538,-38.18658],[144.70534,-38.1866]]},"properties":{"name":"Black Swan Drive","kind":"road_construction","operator":"","description":""}},{"type":"Feature","geometry":{"type":"LineString","coordinates":[[144.87486,-37.57595],[144.87682,-37.57558],[144.87747,-37.57545],[144.8781,-37.57533],[144.87882,-37.57519],[144.87923,-37.57518],[144.88069,-37.57536],[144.88106,-37.57541],[144.88136,-37.57545],[144.88207,-37.57554],[144.88284,-37.57564],[144.88368,-37.57575],[144.88377,-37.57529]]},"properties":{"name":"Serenade Boulevard","kind":"road_construction","operator":"","description":""}},{"type":"Feature","geometry":{"type":"LineString","coordinates":[[144.89038,-37.59011],[144.89021,-37.59009],[144.88961,-37.59001],[144.88904,-37.58995],[144.88845,-37.58987],[144.88785,-37.5898],[144.88727,-37.58973],[144.88669,-37.58966],[144.88666,-37.58964],[144.88665,-37.58954],[144.88669,-37.58937],[144.88671,-37.58927],[144.88671,-37.58911],[144.88668,-37.58894],[144.88663,-37.58879],[144.88655,-37.58869],[144.88647,-37.58858],[144.88637,-37.58848],[144.88632,-37.58833],[144.88628,-37.58818],[144.88627,-37.58799],[144.88637,-37.58738],[144.88644,-37.58735],[144.88704,-37.58742],[144.88761,-37.58749],[144.88819,-37.58756],[144.88879,-37.58762],[144.88882,-37.58765],[144.88877,-37.58803],[144.88878,-37.58813],[144.88883,-37.58827],[144.88893,-37.58845],[144.88912,-37.58867],[144.88929,-37.58883],[144.88946,-37.58897],[144.88977,-37.58923],[144.88988,-37.58931],[144.89003,-37.58938],[144.8902,-37.58942],[144.89048,-37.58945]]},"properties":{"name":"Teatree Circuit","kind":"road_construction","operator":"","description":""}},{"type":"Feature","geometry":{"type":"LineString","coordinates":[[144.88704,-37.58742],[144.88691,-37.5882],[144.88692,-37.58827],[144.88701,-37.58829],[144.88747,-37.58834],[144.88799,-37.58839],[144.88806,-37.58836],[144.88819,-37.58756]]},"properties":{"name":"Chia Loop","kind":"road_construction","operator":"","description":""}},{"type":"Feature","geometry":{"type":"LineString","coordinates":[[144.88692,-37.58827],[144.88698,-37.58833],[144.88708,-37.5885],[144.88723,-37.5888],[144.8873,-37.58897],[144.88731,-37.58913],[144.88731,-37.58929],[144.88727,-37.58973]]},"properties":{"name":"Pepperberry Road","kind":"road_construction","operator":"","description":""}},{"type":"Feature","geometry":{"type":"LineString","coordinates":[[144.88904,-37.58995],[144.88888,-37.59074],[144.88883,-37.59078],[144.88829,-37.59072],[144.88778,-37.59065],[144.88773,-37.59062],[144.88772,-37.59055],[144.88785,-37.5898]]},"properties":{"name":"Passionfruit Loop","kind":"road_construction","operator":"","description":""}},{"type":"Feature","geometry":{"type":"LineString","coordinates":[[144.88747,-37.59461],[144.88694,-37.59456],[144.8862,-37.59437],[144.88614,-37.59436],[144.88529,-37.59425],[144.88409,-37.5941],[144.88194,-37.59384],[144.88148,-37.59386],[144.88066,-37.59398]]},"properties":{"name":"Gallantry Avenue","kind":"road_construction","operator":"","description":""}},{"type":"Feature","geometry":{"type":"LineString","coordinates":[[144.88194,-37.59384],[144.88178,-37.59325],[144.88153,-37.59233],[144.88141,-37.5923],[144.8807,-37.59242],[144.88067,-37.5925],[144.88092,-37.59339],[144.88102,-37.59372]]},"properties":{"name":"Organza Crescent","kind":"road_construction","operator":"","description":""}},{"type":"Feature","geometry":{"type":"LineString","coordinates":[[144.88486,-37.59789],[144.88483,-37.59743],[144.88488,-37.59713],[144.8849,-37.59674],[144.88492,-37.59638],[144.88496,-37.59609],[144.88498,-37.59594],[144.88504,-37.59561],[144.88515,-37.59502],[144.88529,-37.59425],[144.88536,-37.59388],[144.88551,-37.59301],[144.8856,-37.59269],[144.88567,-37.59245],[144.88604,-37.59205],[144.88618,-37.5919],[144.88627,-37.59172],[144.88634,-37.59142],[144.88645,-37.59097],[144.88646,-37.59091],[144.88648,-37.59084]]},"properties":{"name":"Greenside Avenue","kind":"road_construction","operator":"","description":""}},{"type":"Feature","geometry":{"type":"LineString","coordinates":[[144.88409,-37.5941],[144.88411,-37.59333],[144.88412,-37.59328],[144.88439,-37.59309],[144.88443,-37.59302],[144.88445,-37.59289],[144.88447,-37.59272],[144.88443,-37.59163],[144.88437,-37.59138],[144.88441,-37.59107],[144.88488,-37.59112],[144.88516,-37.59125],[144.88527,-37.59127],[144.88513,-37.59201],[144.88506,-37.59238]]},"properties":{"name":"Chiffon Promenade","kind":"road_construction","operator":"","description":""}},{"type":"Feature","geometry":{"type":"LineString","coordinates":[[144.88574,-37.60213],[144.88579,-37.60235],[144.88588,-37.60269],[144.88596,-37.60302],[144.88609,-37.60355],[144.88617,-37.60386],[144.88622,-37.60395],[144.88627,-37.60398],[144.88635,-37.60399],[144.88666,-37.60401],[144.8871,-37.60405],[144.88719,-37.60405]]},"properties":{"name":"Greenside Avenue","kind":"road_construction","operator":"","description":""}},{"type":"Feature","geometry":{"type":"LineString","coordinates":[[144.94594,-37.5294],[144.94605,-37.52874],[144.94605,-37.52861],[144.94603,-37.52852],[144.94424,-37.52747],[144.94387,-37.52719],[144.9437,-37.52732],[144.93965,-37.52689]]},"properties":{"name":"Strategic Circuit","kind":"road_construction","operator":"","description":""}},{"type":"Feature","geometry":{"type":"LineString","coordinates":[[144.56108,-38.24848],[144.56101,-38.24823],[144.56069,-38.24775],[144.56061,-38.24763],[144.56045,-38.24748],[144.56029,-38.24735],[144.56007,-38.24722],[144.55988,-38.24715],[144.55976,-38.24713],[144.55961,-38.2471],[144.55943,-38.24708]]},"properties":{"name":"Sunnyside Way","kind":"road_construction","operator":"","description":""}},{"type":"Feature","geometry":{"type":"LineString","coordinates":[[144.90556,-37.51962],[144.90569,-37.5194],[144.90619,-37.51858],[144.90635,-37.51841],[144.9064,-37.51837],[144.90663,-37.51821],[144.90685,-37.5181],[144.90714,-37.51802],[144.90738,-37.518],[144.90744,-37.518],[144.90785,-37.51806]]},"properties":{"name":"Errol Boulevard","kind":"road_construction","operator":"","description":""}},{"type":"Feature","geometry":{"type":"LineString","coordinates":[[144.90568,-37.51967],[144.90582,-37.51944],[144.90628,-37.51868],[144.90653,-37.51843],[144.90678,-37.51827],[144.907,-37.51817],[144.90719,-37.51812],[144.90742,-37.51811],[144.90784,-37.51815]]},"properties":{"name":"Errol Boulevard","kind":"road_construction","operator":"","description":""}},{"type":"Feature","geometry":{"type":"LineString","coordinates":[[144.90474,-37.51858],[144.9044,-37.51834],[144.90327,-37.51789],[144.90329,-37.51783],[144.90377,-37.51732],[144.90516,-37.51785],[144.90524,-37.51791],[144.90532,-37.51797],[144.90542,-37.51804]]},"properties":{"name":"Delbridge Crescent","kind":"road_construction","operator":"","description":""}},{"type":"Feature","geometry":{"type":"LineString","coordinates":[[144.6318,-38.12591],[144.63187,-38.12601],[144.63195,-38.1261],[144.63201,-38.12616],[144.63211,-38.1262],[144.63222,-38.12623],[144.63318,-38.12635],[144.63361,-38.1264],[144.63377,-38.12641],[144.6339,-38.1264]]},"properties":{"name":"Jaffa Crescent","kind":"road_construction","operator":"","description":""}},{"type":"Feature","geometry":{"type":"LineString","coordinates":[[144.63391,-38.12471],[144.63266,-38.12543],[144.63258,-38.12548],[144.63248,-38.1255],[144.63239,-38.12551],[144.63228,-38.12551],[144.63218,-38.12551],[144.63209,-38.12545],[144.63184,-38.12521],[144.6314,-38.12474]]},"properties":{"name":"Pigdon Street","kind":"road_construction","operator":"","description":""}},{"type":"Feature","geometry":{"type":"LineString","coordinates":[[144.6339,-38.1264],[144.63416,-38.12636],[144.63439,-38.12627],[144.63496,-38.12592],[144.63516,-38.12577],[144.63524,-38.12564],[144.63529,-38.12541],[144.63539,-38.12488]]},"properties":{"name":"Jaffa Crescent","kind":"road_proposed","operator":"","description":""}},{"type":"Feature","geometry":{"type":"LineString","coordinates":[[144.63315,-38.12772],[144.63355,-38.12777],[144.63378,-38.12775],[144.63414,-38.12766],[144.6345,-38.12758],[144.63477,-38.12749],[144.63497,-38.12744],[144.63518,-38.12743],[144.63538,-38.12746],[144.6356,-38.12747]]},"properties":{"name":"Woolamai Rise","kind":"road_proposed","operator":"","description":""}},{"type":"Feature","geometry":{"type":"LineString","coordinates":[[144.6332,-38.12704],[144.63363,-38.12709],[144.6339,-38.12705],[144.6342,-38.12696],[144.63446,-38.12688],[144.63471,-38.1268],[144.63495,-38.12672],[144.63537,-38.1266],[144.63559,-38.12651],[144.63578,-38.12653]]},"properties":{"name":"Coogee Grove","kind":"road_proposed","operator":"","description":""}},{"type":"Feature","geometry":{"type":"LineString","coordinates":[[145.46139,-37.66179],[145.46362,-37.66171],[145.46548,-37.66166]]},"properties":{"name":"Yarra Valley Railway","kind":"rail_construction","operator":"","description":""}},{"type":"Feature","geometry":{"type":"LineString","coordinates":[[145.10241,-37.78916],[145.10256,-37.78926],[145.10262,-37.7893],[145.10271,-37.78934],[145.10283,-37.78939],[145.10294,-37.78944],[145.10302,-37.78947],[145.1031,-37.78951],[145.10317,-37.78956]]},"properties":{"name":"Koonung Creek Trail","kind":"road_construction","operator":"","description":""}},{"type":"Feature","geometry":{"type":"LineString","coordinates":[[145.10516,-37.79176],[145.10526,-37.7918],[145.10544,-37.79187],[145.10563,-37.79195],[145.10578,-37.79202],[145.1059,-37.79208],[145.106,-37.79214],[145.10609,-37.79219],[145.1062,-37.79227],[145.10633,-37.79235],[145.10643,-37.79242]]},"properties":{"name":"Koonung Creek Trail","kind":"road_construction","operator":"","description":""}},{"type":"Feature","geometry":{"type":"LineString","coordinates":[[145.10643,-37.79242],[145.1067,-37.7926],[145.10701,-37.79281],[145.1074,-37.79303],[145.10771,-37.79318],[145.10791,-37.7933],[145.10814,-37.79345],[145.10841,-37.79359],[145.10856,-37.79371],[145.1087,-37.79389]]},"properties":{"name":"Koonung Creek Trail","kind":"road_construction","operator":"","description":""}},{"type":"Feature","geometry":{"type":"LineString","coordinates":[[145.21802,-37.85096],[145.21812,-37.85098],[145.21856,-37.85104],[145.21961,-37.85118],[145.22015,-37.85125],[145.22179,-37.85148],[145.22183,-37.85148],[145.22187,-37.85147],[145.22191,-37.85146],[145.22223,-37.85122],[145.22226,-37.8512],[145.22229,-37.85119],[145.22232,-37.85119],[145.22235,-37.85121],[145.22242,-37.85128]]},"properties":{"name":"Pin Oak Avenue","kind":"road_construction","operator":"","description":""}},{"type":"Feature","geometry":{"type":"LineString","coordinates":[[145.21941,-37.85013],[145.21948,-37.85013],[145.21969,-37.85016],[145.21975,-37.8502],[145.21974,-37.85025],[145.2197,-37.85029],[145.21956,-37.85037],[145.21898,-37.85055],[145.21829,-37.85077],[145.21821,-37.8508],[145.21817,-37.85083],[145.21815,-37.85087],[145.21812,-37.85098]]},"properties":{"name":"Hickory Way","kind":"road_construction","operator":"","description":""}},{"type":"Feature","geometry":{"type":"LineString","coordinates":[[145.52019,-38.07338],[145.52018,-38.07349],[145.52018,-38.07359],[145.52025,-38.07377],[145.52027,-38.07381],[145.5203,-38.07389],[145.52033,-38.07401],[145.52033,-38.07444],[145.52031,-38.07465],[145.52011,-38.0756],[145.52012,-38.0758],[145.52016,-38.07603],[145.52023,-38.07622],[145.52034,-38.07641],[145.52066,-38.07704],[145.52019,-38.07918],[145.52017,-38.07925]]},"properties":{"name":"Botanical Boulevard","kind":"road_construction","operator":"","description":""}},{"type":"Feature","geometry":{"type":"LineString","coordinates":[[145.53925,-38.06196],[145.53914,-38.06199],[145.53864,-38.06193],[145.5385,-38.06191],[145.53823,-38.06187],[145.5378,-38.06182],[145.53775,-38.06172],[145.53786,-38.0612],[145.53799,-38.06072],[145.53811,-38.06013]]},"properties":{"name":"Banrock Approach","kind":"road_construction","operator":"","description":""}},{"type":"Feature","geometry":{"type":"LineString","coordinates":[[145.08278,-37.77924],[145.08258,-37.77925],[145.08223,-37.7793],[145.08207,-37.77931],[145.0819,-37.7793],[145.0818,-37.77929],[145.08168,-37.77927],[145.0814,-37.7792],[145.08125,-37.77917],[145.08104,-37.77915],[145.08103,-37.77915],[145.08082,-37.77915]]},"properties":{"name":"Eastern Busway","kind":"road_construction","operator":"","description":""}},{"type":"Feature","geometry":{"type":"LineString","coordinates":[[145.08271,-37.78019],[145.08349,-37.78041],[145.08398,-37.7805],[145.08459,-37.78059],[145.08499,-37.78068],[145.08572,-37.78074],[145.08608,-37.78071],[145.08666,-37.78074],[145.08705,-37.78081],[145.08733,-37.78088],[145.08765,-37.78095],[145.08805,-37.78094],[145.08845,-37.78083],[145.08904,-37.7807],[145.09029,-37.78055],[145.09069,-37.78055],[145.09115,-37.78043],[145.09237,-37.78022],[145.09272,-37.78019],[145.09293,-37.78021],[145.09316,-37.7803],[145.09392,-37.78068]]},"properties":{"name":"Koonung Creek Trail","kind":"road_construction","operator":"","description":""}},{"type":"Feature","geometry":{"type":"LineString","coordinates":[[145.08888,-37.77946],[145.08926,-37.77946],[145.08949,-37.77947],[145.08967,-37.77947],[145.08982,-37.77947],[145.08999,-37.77946],[145.09022,-37.77944],[145.09053,-37.77942],[145.09063,-37.77941],[145.09073,-37.7794],[145.09081,-37.77939],[145.09092,-37.77937],[145.091,-37.77935],[145.09111,-37.77934],[145.09129,-37.77932],[145.09141,-37.7793],[145.09154,-37.77928],[145.09164,-37.77928],[145.09181,-37.77927],[145.092,-37.77927],[145.09209,-37.77927],[145.09218,-37.77928],[145.09232,-37.7793],[145.09242,-37.77932],[145.09254,-37.77932],[145.09263,-37.77932],[145.09272,-37.77931],[145.09286,-37.77929],[145.09295,-37.77928],[145.09309,-37.77927],[145.0932,-37.77927],[145.09332,-37.77928],[145.09344,-37.77929],[145.09352,-37.77928],[145.09365,-37.77927],[145.09376,-37.77926],[145.09386,-37.77926],[145.09393,-37.77927]]},"properties":{"name":"Koonung Creek Trail","kind":"road_construction","operator":"","description":""}},{"type":"Feature","geometry":{"type":"LineString","coordinates":[[145.09166,-37.69157],[145.09136,-37.69147],[145.09121,-37.69141],[145.0904,-37.6911],[145.09019,-37.69103],[145.08998,-37.69097],[145.08972,-37.69091],[145.08935,-37.69083],[145.089,-37.69075],[145.08874,-37.69068],[145.08856,-37.69062],[145.08836,-37.69052],[145.08814,-37.69042],[145.08802,-37.69035],[145.08795,-37.69028],[145.0878,-37.69007],[145.08776,-37.69001],[145.08769,-37.68998],[145.08759,-37.68994],[145.08635,-37.68972]]},"properties":{"name":"M80 Trail","kind":"road_construction","operator":"","description":""}},{"type":"Feature","geometry":{"type":"LineString","coordinates":[[145.1245,-37.79755],[145.12398,-37.79759],[145.1233,-37.79758],[145.12281,-37.79756],[145.12235,-37.79753],[145.12175,-37.79744],[145.12108,-37.79727],[145.12054,-37.79712],[145.11974,-37.79683],[145.11866,-37.79646],[145.11802,-37.79623],[145.11768,-37.79613]]},"properties":{"name":"Eastern Freeway","kind":"road_construction","operator":"","description":""}},{"type":"Feature","geometry":{"type":"LineString","coordinates":[[145.07822,-37.77909],[145.07833,-37.77896],[145.07853,-37.77861],[145.07858,-37.77845],[145.07862,-37.77826],[145.07863,-37.77809],[145.07862,-37.77792],[145.07859,-37.77772],[145.07851,-37.77746]]},"properties":{"name":"North East Link","kind":"road_construction","operator":"","description":""}},{"type":"Feature","geometry":{"type":"LineString","coordinates":[[145.17119,-37.84544],[145.17143,-37.84546],[145.17199,-37.84547],[145.17214,-37.84551],[145.1723,-37.84555],[145.17248,-37.84555],[145.17259,-37.84554],[145.17271,-37.84562],[145.17278,-37.84565],[145.17298,-37.84564],[145.17308,-37.84565],[145.1733,-37.84577],[145.17345,-37.84577],[145.17358,-37.84576],[145.1737,-37.84579],[145.17385,-37.84586],[145.17397,-37.84582],[145.17402,-37.84577],[145.1741,-37.84562],[145.17426,-37.84559],[145.17436,-37.84563],[145.1746,-37.8458],[145.17497,-37.84583],[145.17523,-37.84582],[145.17549,-37.84578],[145.17571,-37.84585],[145.17613,-37.84602],[145.17638,-37.84605],[145.17681,-37.84599],[145.17703,-37.84588],[145.1771,-37.84585],[145.17737,-37.84582],[145.17762,-37.84584],[145.17788,-37.84584],[145.1783,-37.8458],[145.17846,-37.84578],[145.17884,-37.84559],[145.17909,-37.84548],[145.17931,-37.84549],[145.17968,-37.84549],[145.1799,-37.84554],[145.18005,-37.84555],[145.18019,-37.84551],[145.18036,-37.84556],[145.18061,-37.84553],[145.18093,-37.84555],[145.18117,-37.84556],[145.18133,-37.84555],[145.18155,-37.84557],[145.1818,-37.84553],[145.18202,-37.84552],[145.18238,-37.84556],[145.18248,-37.8456],[145.18275,-37.84573],[145.183,-37.8458],[145.18324,-37.84581],[145.18336,-37.84587],[145.18359,-37.84607],[145.18371,-37.84624],[145.18389,-37.84634],[145.18406,-37.84633],[145.18426,-37.84625],[145.18436,-37.84614],[145.18448,-37.84604],[145.1846,-37.84596],[145.18477,-37.84593],[145.18489,-37.84595],[145.18518,-37.84594],[145.18541,-37.84599],[145.18563,-37.84601],[145.18578,-37.846],[145.18593,-37.84601],[145.18609,-37.84604],[145.18624,-37.84614],[145.18642,-37.84621],[145.18663,-37.84621],[145.18689,-37.84616],[145.1874,-37.8461],[145.18769,-37.84611],[145.18788,-37.84615],[145.18809,-37.84611],[145.18826,-37.846],[145.18834,-37.846],[145.18851,-37.84609],[145.18875,-37.84613],[145.189,-37.84611],[145.18912,-37.846],[145.18938,-37.84589],[145.18953,-37.84592],[145.18958,-37.84593]]},"properties":{"name":"Healesville Freeway Reserve path","kind":"road_proposed","operator":"","description":""}},{"type":"Feature","geometry":{"type":"LineString","coordinates":[[145.12849,-37.79691],[145.1295,-37.79689],[145.13107,-37.79692],[145.13168,-37.79697],[145.1327,-37.79708],[145.13528,-37.79739],[145.13665,-37.79757],[145.13847,-37.79783],[145.1414,-37.79813]]},"properties":{"name":"Eastern Freeway","kind":"road_proposed","operator":"","description":""}},{"type":"Feature","geometry":{"type":"LineString","coordinates":[[144.58349,-37.87394],[144.58314,-37.8739],[144.58303,-37.87391],[144.58235,-37.87458],[144.58222,-37.87529],[144.58208,-37.876],[144.58194,-37.87672],[144.58186,-37.8771],[144.58181,-37.87743],[144.58174,-37.87787]]},"properties":{"name":"Manor Lakes Boulevard","kind":"road_construction","operator":"","description":""}},{"type":"Feature","geometry":{"type":"LineString","coordinates":[[144.63094,-37.72225],[144.63007,-37.72196],[144.62898,-37.72161],[144.62865,-37.7215],[144.62707,-37.72097],[144.62696,-37.72162],[144.62685,-37.72226],[144.62674,-37.72284],[144.62673,-37.72292],[144.62666,-37.72326],[144.62665,-37.72331]]},"properties":{"name":"Bouvardia Approach","kind":"road_construction","operator":"","description":""}},{"type":"Feature","geometry":{"type":"LineString","coordinates":[[144.62785,-37.72368],[144.62789,-37.72339],[144.62795,-37.72304],[144.62804,-37.72281],[144.62833,-37.72223],[144.62841,-37.72223],[144.62861,-37.7223],[144.62905,-37.72244],[144.62971,-37.72265]]},"properties":{"name":"Bellflower Drive","kind":"road_construction","operator":"","description":""}},{"type":"Feature","geometry":{"type":"LineString","coordinates":[[144.58127,-37.85659],[144.58135,-37.85618],[144.58135,-37.85601],[144.58135,-37.85597],[144.58136,-37.85584],[144.58132,-37.8556],[144.58129,-37.85539],[144.58127,-37.85526],[144.58111,-37.85526]]},"properties":{"name":"Stakes Boulevard","kind":"road_construction","operator":"","description":""}},{"type":"Feature","geometry":{"type":"LineString","coordinates":[[144.68222,-37.76293],[144.68227,-37.76255],[144.6823,-37.76241],[144.68238,-37.76226],[144.68289,-37.76164],[144.68322,-37.76141],[144.68333,-37.76138],[144.68359,-37.7614],[144.68362,-37.76149],[144.68349,-37.76248],[144.68338,-37.76251],[144.6823,-37.76241]]},"properties":{"name":"Spantik Circuit","kind":"road_construction","operator":"","description":""}},{"type":"Feature","geometry":{"type":"LineString","coordinates":[[145.02116,-37.59679],[145.02125,-37.5963],[145.02127,-37.59615],[145.02129,-37.59608],[145.02131,-37.59593],[145.02146,-37.59521],[145.02152,-37.59489],[145.02157,-37.5946],[145.02162,-37.5943],[145.02174,-37.59366],[145.02184,-37.59309],[145.02187,-37.59291]]},"properties":{"name":"Prioletti Road","kind":"road_construction","operator":"","description":""}},{"type":"Feature","geometry":{"type":"LineString","coordinates":[[144.69102,-37.70651],[144.69166,-37.70626],[144.69166,-37.70621],[144.69162,-37.70614],[144.69152,-37.70599],[144.69151,-37.70592],[144.69153,-37.70584],[144.69158,-37.70561],[144.69203,-37.70429]]},"properties":{"name":"Boxwood Drive","kind":"road_construction","operator":"","description":""}},{"type":"Feature","geometry":{"type":"LineString","coordinates":[[145.08834,-37.66344],[145.08716,-37.66273],[145.08662,-37.66168],[145.08617,-37.66066],[145.08601,-37.66052],[145.08561,-37.66052],[145.08525,-37.66063],[145.08446,-37.66077],[145.08445,-37.66113],[145.08448,-37.66139],[145.08477,-37.66163],[145.08488,-37.66175],[145.08466,-37.66321],[145.08477,-37.66432],[145.08477,-37.66477],[145.08468,-37.66527],[145.08469,-37.6656],[145.08441,-37.66568],[145.0836,-37.66556],[145.08217,-37.66519],[145.08194,-37.66481],[145.08177,-37.66391],[145.08166,-37.66357],[145.08136,-37.66357],[145.0811,-37.66375],[145.08072,-37.66378],[145.08083,-37.66426],[145.08094,-37.66442],[145.08099,-37.6647],[145.08082,-37.66517],[145.08069,-37.6655],[145.08029,-37.66558],[145.07985,-37.6655],[145.07909,-37.66543],[145.07858,-37.66554],[145.07843,-37.66567],[145.07852,-37.66597],[145.07875,-37.66604]]},"properties":{"name":"Plenty River Trail","kind":"road_construction","operator":"","description":""}},{"type":"Feature","geometry":{"type":"LineString","coordinates":[[145.08135,-37.67881],[145.08177,-37.67915],[145.0819,-37.67939],[145.08258,-37.67976],[145.08297,-37.68023],[145.08288,-37.68068],[145.08263,-37.6809],[145.08183,-37.68112],[145.08122,-37.68114],[145.08047,-37.68111],[145.08026,-37.68116],[145.07995,-37.68178]]},"properties":{"name":"Plenty River Trail","kind":"road_construction","operator":"","description":""}},{"type":"Feature","geometry":{"type":"LineString","coordinates":[[145.1007,-37.65663],[145.10054,-37.65683],[145.10055,-37.65689],[145.1006,-37.65708],[145.10065,-37.65763],[145.10053,-37.65784],[145.10054,-37.65812],[145.10072,-37.65827],[145.10087,-37.65836],[145.1009,-37.65855],[145.10105,-37.65874],[145.10107,-37.65895],[145.1012,-37.6591],[145.1011,-37.65925],[145.10119,-37.65944],[145.10117,-37.65959],[145.10105,-37.65971],[145.10076,-37.65988],[145.10056,-37.65989],[145.10042,-37.66],[145.10012,-37.65996],[145.10001,-37.65999]]},"properties":{"name":"Plenty River Trail","kind":"road_construction","operator":"","description":""}},{"type":"Feature","geometry":{"type":"LineString","coordinates":[[145.10358,-37.6416],[145.10303,-37.64166],[145.10281,-37.64168],[145.10251,-37.64192],[145.10234,-37.64211],[145.10204,-37.64249],[145.10139,-37.64332],[145.10157,-37.64387],[145.10198,-37.64463],[145.10206,-37.64482],[145.10239,-37.64526],[145.10248,-37.64559],[145.10238,-37.64587],[145.10204,-37.64627],[145.10208,-37.6466],[145.1027,-37.64714],[145.1033,-37.6477],[145.10343,-37.64803],[145.10326,-37.64815],[145.10278,-37.6482],[145.10236,-37.64824],[145.10195,-37.64847],[145.10168,-37.64873],[145.10161,-37.64911],[145.10132,-37.64963],[145.10133,-37.64984],[145.10152,-37.65012],[145.10152,-37.65021],[145.10142,-37.65041],[145.10119,-37.6505],[145.10107,-37.65075],[145.10108,-37.65091],[145.10139,-37.65116],[145.10153,-37.65139],[145.10145,-37.65164],[145.10128,-37.65221],[145.10132,-37.65229],[145.10135,-37.65239],[145.10133,-37.65243],[145.10132,-37.65246],[145.10126,-37.65259],[145.10116,-37.65264],[145.10104,-37.6526]]},"properties":{"name":"Plenty River Trail","kind":"road_construction","operator":"","description":""}},{"type":"Feature","geometry":{"type":"LineString","coordinates":[[145.10009,-37.6373],[145.10008,-37.63737],[145.10002,-37.63753],[145.09999,-37.63762],[145.10023,-37.63768],[145.10022,-37.63774],[145.10022,-37.6378],[145.10034,-37.63792],[145.10033,-37.63817],[145.10049,-37.63834],[145.10071,-37.63858],[145.10071,-37.63865],[145.10069,-37.63873],[145.10068,-37.63879],[145.1007,-37.63904],[145.10076,-37.63926],[145.10087,-37.63948],[145.10087,-37.63959],[145.10074,-37.6399],[145.1009,-37.64031],[145.10104,-37.64058],[145.10119,-37.64076],[145.10132,-37.64091],[145.10163,-37.64104],[145.10173,-37.64106],[145.10224,-37.64108],[145.10294,-37.64104]]},"properties":{"name":"Plenty River Trail","kind":"road_construction","operator":"","description":""}},{"type":"Feature","geometry":{"type":"LineString","coordinates":[[145.10289,-37.62393],[145.10277,-37.62393],[145.10227,-37.62428],[145.10077,-37.62536],[145.10036,-37.62566],[145.09997,-37.6262],[145.09993,-37.62688],[145.10005,-37.62714],[145.1,-37.62748],[145.09985,-37.62767],[145.0996,-37.62794],[145.09961,-37.6281],[145.09976,-37.62843],[145.09971,-37.62882],[145.09996,-37.62909],[145.10006,-37.6296],[145.10005,-37.62975],[145.09979,-37.63014],[145.09987,-37.6303],[145.10002,-37.63066],[145.09976,-37.63155],[145.09981,-37.63188],[145.09985,-37.63206],[145.09965,-37.63254],[145.09975,-37.63313],[145.0997,-37.6334],[145.09981,-37.63368]]},"properties":{"name":"Plenty River Trail","kind":"road_construction","operator":"","description":""}},{"type":"Feature","geometry":{"type":"LineString","coordinates":[[145.37389,-37.62932],[145.38281,-37.63045],[145.3839,-37.63068],[145.38489,-37.63094],[145.38791,-37.63132],[145.39181,-37.63181],[145.39395,-37.632],[145.39505,-37.6322],[145.39524,-37.63226],[145.39569,-37.63232],[145.39696,-37.63245],[145.39843,-37.6325],[145.40002,-37.6328],[145.40172,-37.63295],[145.4007,-37.63561],[145.40037,-37.63666],[145.40055,-37.63671],[145.40076,-37.63672],[145.40069,-37.63695],[145.40066,-37.63711],[145.39992,-37.63947],[145.39856,-37.64358],[145.39782,-37.64574],[145.39812,-37.64611],[145.39804,-37.64639],[145.39749,-37.64659],[145.39726,-37.64667],[145.39693,-37.64645],[145.3965,-37.64651],[145.39619,-37.64667],[145.39528,-37.64691],[145.38843,-37.64887],[145.3804,-37.65116],[145.38019,-37.65121]]},"properties":{"name":"Northern Yarra Glen loop trail (under construction)","kind":"road_construction","operator":"","description":""}},{"type":"Feature","geometry":{"type":"LineString","coordinates":[[145.09628,-37.83138],[145.09637,-37.83137],[145.09639,-37.83137],[145.09645,-37.83135],[145.09652,-37.83132],[145.09738,-37.83105],[145.09801,-37.83084],[145.09908,-37.8305],[145.09909,-37.83049],[145.09918,-37.83046]]},"properties":{"name":"Back Creek Trail Extention","kind":"road_proposed","operator":"","description":""}},{"type":"Feature","geometry":{"type":"LineString","coordinates":[[144.66387,-37.81452],[144.66312,-37.81443],[144.66285,-37.81592],[144.66246,-37.81588],[144.66214,-37.81584],[144.6623,-37.81498],[144.66242,-37.81434],[144.66254,-37.81369]]},"properties":{"name":"Tandao Road","kind":"road_construction","operator":"","description":""}},{"type":"Feature","geometry":{"type":"LineString","coordinates":[[144.77091,-37.61228],[144.77049,-37.61213],[144.77019,-37.61203],[144.76931,-37.61166],[144.76904,-37.61151],[144.76891,-37.61143],[144.76866,-37.61126],[144.76836,-37.61106],[144.76816,-37.61092]]},"properties":{"name":"Baikal Avenue","kind":"road_construction","operator":"","description":""}},{"type":"Feature","geometry":{"type":"LineString","coordinates":[[144.9501,-37.81789],[144.95018,-37.81805],[144.94855,-37.8185],[144.94665,-37.81905],[144.94659,-37.8189],[144.9501,-37.81789]]},"properties":{"name":"Docklands","kind":"rail_proposed","operator":"","description":""}},{"type":"Feature","geometry":{"type":"LineString","coordinates":[[144.87854,-37.84776],[144.87991,-37.8473],[144.88036,-37.84714],[144.88081,-37.84697],[144.88109,-37.84686],[144.88157,-37.84667],[144.88196,-37.84647],[144.88225,-37.8463],[144.88243,-37.84619],[144.88265,-37.84604],[144.88271,-37.84598],[144.88277,-37.84593],[144.88294,-37.84575],[144.8831,-37.84556],[144.88332,-37.84527],[144.88342,-37.84511],[144.88349,-37.84495],[144.88353,-37.84481],[144.88355,-37.84466],[144.88357,-37.84444],[144.88385,-37.84176],[144.88386,-37.84166],[144.88388,-37.84156],[144.88391,-37.84146],[144.88395,-37.84134],[144.88402,-37.84118],[144.88413,-37.84099],[144.88433,-37.84071],[144.88452,-37.84046],[144.88476,-37.8402],[144.88499,-37.83994],[144.88521,-37.83975],[144.88548,-37.83957],[144.88574,-37.8394],[144.88601,-37.83923],[144.88629,-37.83907],[144.88655,-37.83894],[144.88683,-37.83881],[144.88731,-37.83861],[144.88765,-37.8385],[144.89427,-37.8362],[144.89453,-37.83611],[144.89489,-37.83598],[144.89519,-37.83586],[144.8955,-37.83573],[144.89601,-37.83552],[144.89626,-37.83541],[144.89664,-37.83524],[144.89707,-37.83503],[144.89809,-37.8345],[144.89902,-37.83399],[144.89933,-37.83379],[144.89987,-37.83345],[144.90576,-37.82959],[144.90604,-37.8294],[144.90624,-37.82928],[144.90662,-37.82905],[144.90692,-37.8289],[144.90724,-37.82875],[144.90754,-37.82861],[144.90788,-37.82848],[144.9082,-37.82836],[144.90853,-37.82826],[144.90886,-37.82816],[144.90923,-37.82807],[144.90955,-37.828],[144.92004,-37.82596],[144.9204,-37.82589],[144.9207,-37.82584],[144.92095,-37.82581],[144.92126,-37.82579],[144.92157,-37.82579],[144.92191,-37.8258],[144.92228,-37.82584],[144.92267,-37.82591],[144.92305,-37.82601],[144.92337,-37.82611],[144.92368,-37.82623],[144.92401,-37.82639],[144.92431,-37.82656],[144.92459,-37.82676],[144.92488,-37.82698],[144.92732,-37.82896],[144.92863,-37.83002],[144.92916,-37.83045],[144.92945,-37.83065],[144.92973,-37.83083],[144.93004,-37.83099],[144.93036,-37.83112],[144.93066,-37.83122],[144.93095,-37.8313],[144.93124,-37.83136],[144.93153,-37.8314],[144.93184,-37.83143],[144.9322,-37.83144],[144.93239,-37.83144],[144.93261,-37.83142],[144.93285,-37.83141],[144.93322,-37.83135],[144.93345,-37.8313],[144.93378,-37.83121],[144.9341,-37.8311],[144.93442,-37.83097],[144.93467,-37.83087],[144.93489,-37.83074],[144.93518,-37.83054],[144.93899,-37.82758],[144.93927,-37.82732],[144.93947,-37.82708],[144.93963,-37.82686],[144.93975,-37.82661],[144.93981,-37.82645],[144.93992,-37.82615],[144.93993,-37.82599],[144.93994,-37.82582],[144.93994,-37.8257],[144.93993,-37.82557],[144.93991,-37.82544],[144.93989,-37.82525],[144.93957,-37.82329],[144.93955,-37.82315],[144.93954,-37.82301],[144.93953,-37.82286],[144.93954,-37.82272],[144.93954,-37.82256],[144.93957,-37.82242],[144.93961,-37.82229],[144.93964,-37.82215],[144.9397,-37.82201],[144.93976,-37.82186],[144.93983,-37.82173],[144.93993,-37.82159],[144.94,-37.82149],[144.94009,-37.82136],[144.9402,-37.82123],[144.94031,-37.82112],[144.94043,-37.82102],[144.94057,-37.82091],[144.94068,-37.82081],[144.94083,-37.82072],[144.94097,-37.82064],[144.94111,-37.82055],[144.94127,-37.82048],[144.94144,-37.82041],[144.9416,-37.82035],[144.94175,-37.82029],[144.9421,-37.8202],[144.9464,-37.81895],[144.94962,-37.81801],[144.95034,-37.81781],[144.95111,-37.81753],[144.95142,-37.8174],[144.95178,-37.81721],[144.95216,-37.81697],[144.95243,-37.81675],[144.95298,-37.81628],[144.95324,-37.81602],[144.95349,-37.81575],[144.95372,-37.81547],[144.95392,-37.8152],[144.95428,-37.81459],[144.95446,-37.81412],[144.95461,-37.81366],[144.95466,-37.81338],[144.95488,-37.81158],[144.95494,-37.81107],[144.95496,-37.81066],[144.95496,-37.80986],[144.95498,-37.8093],[144.95514,-37.80818],[144.95524,-37.80753],[144.9554,-37.80625],[144.95564,-37.80531],[144.9559,-37.80454],[144.95614,-37.80382],[144.95672,-37.80264],[144.95702,-37.80209],[144.95722,-37.8018],[144.95752,-37.80139],[144.95764,-37.80122],[144.95778,-37.80105],[144.9581,-37.8007],[144.95979,-37.79911],[144.95999,-37.79895],[144.96011,-37.79887],[144.96023,-37.79878],[144.9604,-37.79869],[144.96057,-37.79861],[144.96074,-37.79853],[144.96091,-37.79846],[144.96126,-37.79832],[144.96172,-37.79815],[144.9632,-37.79771],[144.96363,-37.79761],[144.96408,-37.79753],[144.96455,-37.79747],[144.96478,-37.79744],[144.96502,-37.79742],[144.96517,-37.79741],[144.96532,-37.7974],[144.96571,-37.79739],[144.96619,-37.79737],[144.96642,-37.79737],[144.96667,-37.79735],[144.96691,-37.79733],[144.96719,-37.79729],[144.96756,-37.79724],[144.96796,-37.79719],[144.9682,-37.79715],[144.96845,-37.79712],[144.96889,-37.79707],[144.96926,-37.79702],[144.96969,-37.79698],[144.97011,-37.79695],[144.9704,-37.79694],[144.97068,-37.79693],[144.97124,-37.79693],[144.97173,-37.79693],[144.97222,-37.79694],[144.97572,-37.79707],[144.9761,-37.79707],[144.97655,-37.79705],[144.97699,-37.79704],[144.97742,-37.79701],[144.97793,-37.79697],[144.97845,-37.79692],[144.97919,-37.79683],[144.97972,-37.79676],[144.98028,-37.79666],[144.98079,-37.79654],[144.98107,-37.79648],[144.98141,-37.7964],[144.98187,-37.79628]]},"properties":{"name":"Melbourne Metro 2","kind":"rail_proposed","operator":"","description":""}},{"type":"Feature","geometry":{"type":"LineString","coordinates":[[144.93865,-37.82787],[144.93879,-37.82798],[144.93614,-37.83004],[144.93601,-37.82994],[144.93865,-37.82787]]},"properties":{"name":"Sandridge","kind":"rail_proposed","operator":"","description":""}},{"type":"Feature","geometry":{"type":"LineString","coordinates":[[144.91516,-37.82708],[144.91512,-37.82694],[144.91873,-37.82623],[144.91878,-37.82637],[144.91516,-37.82708]]},"properties":{"name":"Fishermans Bend","kind":"rail_proposed","operator":"","description":""}},{"type":"Feature","geometry":{"type":"LineString","coordinates":[[144.98195,-37.79638],[144.98152,-37.79649],[144.98104,-37.79661],[144.98036,-37.79676],[144.97985,-37.79685],[144.97925,-37.79694],[144.97806,-37.79708],[144.97766,-37.79712],[144.97738,-37.79715],[144.97702,-37.79717],[144.9766,-37.79718],[144.97615,-37.79719],[144.97544,-37.79718],[144.97474,-37.79716],[144.97254,-37.79709],[144.97087,-37.79704],[144.97073,-37.79704],[144.9706,-37.79704],[144.97045,-37.79705],[144.97031,-37.79705],[144.97002,-37.79707],[144.96973,-37.7971],[144.96945,-37.79713],[144.96868,-37.79723],[144.96821,-37.79729],[144.96768,-37.79736],[144.96722,-37.79741],[144.96695,-37.79744],[144.96651,-37.79747],[144.9659,-37.79749],[144.96539,-37.79752],[144.96508,-37.79755],[144.96464,-37.7976],[144.96413,-37.79768],[144.96378,-37.79775],[144.96342,-37.79784],[144.96195,-37.79825],[144.96162,-37.79836],[144.9613,-37.79848],[144.96099,-37.7986],[144.96072,-37.79873],[144.96048,-37.79886],[144.96031,-37.79897],[144.96012,-37.79909],[144.95996,-37.79923],[144.95826,-37.80082],[144.95808,-37.80101],[144.95792,-37.8012],[144.95776,-37.80141],[144.95763,-37.80159],[144.95738,-37.80193],[144.95725,-37.80211],[144.95714,-37.80229],[144.9569,-37.80275],[144.95658,-37.80338],[144.95639,-37.80376],[144.95622,-37.80414],[144.95605,-37.80459],[144.95591,-37.80498],[144.9558,-37.80538],[144.95571,-37.80574],[144.9556,-37.8063],[144.9554,-37.80757],[144.95523,-37.80876],[144.95515,-37.80927],[144.95512,-37.8096],[144.95511,-37.80987],[144.95511,-37.81063],[144.95511,-37.81092],[144.9551,-37.81119],[144.95485,-37.81323],[144.95479,-37.81364],[144.95475,-37.81386],[144.95469,-37.81411],[144.95446,-37.81469],[144.9543,-37.81498],[144.95411,-37.81528],[144.95391,-37.81556],[144.95368,-37.81585],[144.95344,-37.81611],[144.95317,-37.81636],[144.95256,-37.81687],[144.95188,-37.81734],[144.9516,-37.81749],[144.95122,-37.81768],[144.95041,-37.81799],[144.94215,-37.82036],[144.9419,-37.82044],[144.94162,-37.82054],[144.94155,-37.82057],[144.94145,-37.82062],[144.94128,-37.82071],[144.94111,-37.82081],[144.94101,-37.82087],[144.94092,-37.82094],[144.94078,-37.82104],[144.94068,-37.82111],[144.94053,-37.82124],[144.94041,-37.82135],[144.94029,-37.82148],[144.94018,-37.82164],[144.94011,-37.82174],[144.94004,-37.82186],[144.93996,-37.82203],[144.93991,-37.82217],[144.93986,-37.82235],[144.93983,-37.82248],[144.9398,-37.82261],[144.93978,-37.82274],[144.93977,-37.82293],[144.93977,-37.8231],[144.93977,-37.82319],[144.9398,-37.82338],[144.93984,-37.82366],[144.94011,-37.82518],[144.94014,-37.82539],[144.94017,-37.82553],[144.94018,-37.82568],[144.94018,-37.82588],[144.94015,-37.82613],[144.94012,-37.8263],[144.94008,-37.82646],[144.94001,-37.82663],[144.93986,-37.82692],[144.93971,-37.82715],[144.93955,-37.82735],[144.93942,-37.82749],[144.93926,-37.82763],[144.93901,-37.82784],[144.93539,-37.83064],[144.93522,-37.83076],[144.93506,-37.83087],[144.93482,-37.83102],[144.93462,-37.83113],[144.93439,-37.83123],[144.93416,-37.83131],[144.93386,-37.8314],[144.93355,-37.83149],[144.93322,-37.83155],[144.9329,-37.8316],[144.9326,-37.83163],[144.93232,-37.83164],[144.9321,-37.83164],[144.93183,-37.83163],[144.93144,-37.83159],[144.93116,-37.83154],[144.9308,-37.83146],[144.93041,-37.83135],[144.93005,-37.8312],[144.92972,-37.83106],[144.92949,-37.83093],[144.92928,-37.8308],[144.92909,-37.83066],[144.92876,-37.83041],[144.92602,-37.82817],[144.92476,-37.82714],[144.92451,-37.82695],[144.92422,-37.82676],[144.92391,-37.82657],[144.9236,-37.82642],[144.9233,-37.82629],[144.92296,-37.82619],[144.92261,-37.82609],[144.92229,-37.82603],[144.92202,-37.826],[144.92169,-37.82598],[144.9214,-37.82598],[144.92105,-37.826],[144.9208,-37.82602],[144.92047,-37.82607],[144.92018,-37.82612],[144.91971,-37.82622],[144.91068,-37.82797],[144.90989,-37.82813],[144.90941,-37.82822],[144.90909,-37.82831],[144.90876,-37.8284],[144.90849,-37.82847],[144.90797,-37.82867],[144.90774,-37.82875],[144.90756,-37.82883],[144.90729,-37.82895],[144.90702,-37.82908],[144.90674,-37.82923],[144.9065,-37.82936],[144.90601,-37.82966],[144.89964,-37.83384],[144.89933,-37.83404],[144.89901,-37.83424],[144.89815,-37.83471],[144.89721,-37.83521],[144.89682,-37.8354],[144.8964,-37.83559],[144.896,-37.83576],[144.89559,-37.83593],[144.89511,-37.83611],[144.89451,-37.83633],[144.88838,-37.8384],[144.88743,-37.83873],[144.88715,-37.83883],[144.88688,-37.83895],[144.88665,-37.83906],[144.8864,-37.8392],[144.88603,-37.83943],[144.88572,-37.83963],[144.88541,-37.83983],[144.88512,-37.84008],[144.88472,-37.84046],[144.88441,-37.84081],[144.88424,-37.84103],[144.88418,-37.84113],[144.88413,-37.84121],[144.88406,-37.84142],[144.88402,-37.84156],[144.88399,-37.84175],[144.88374,-37.84379],[144.88371,-37.84415],[144.8837,-37.84441],[144.8837,-37.84452],[144.88368,-37.8446],[144.88366,-37.84472],[144.88364,-37.84481],[144.8836,-37.84494],[144.88351,-37.84514],[144.88345,-37.84527],[144.88337,-37.84541],[144.88331,-37.84549],[144.88314,-37.84573],[144.88304,-37.84588],[144.88293,-37.84602],[144.88271,-37.84621],[144.88252,-37.84634],[144.88228,-37.84648],[144.88206,-37.84659],[144.88169,-37.84676],[144.88139,-37.84686],[144.88113,-37.84695],[144.88083,-37.84705],[144.88038,-37.84719],[144.87993,-37.84734],[144.87856,-37.8478]]},"properties":{"name":"Melbourne Metro 2","kind":"rail_proposed","operator":"","description":""}},{"type":"Feature","geometry":{"type":"LineString","coordinates":[[145.52271,-38.07102],[145.52284,-38.07109],[145.52312,-38.07122],[145.5239,-38.07161],[145.52442,-38.07166],[145.52472,-38.07167],[145.52549,-38.07177],[145.52661,-38.07192],[145.52695,-38.07197]]},"properties":{"name":"Echidna Street","kind":"road_construction","operator":"","description":""}},{"type":"Feature","geometry":{"type":"LineString","coordinates":[[145.35422,-38.12729],[145.35465,-38.12775],[145.35475,-38.12788],[145.35486,-38.12797],[145.35496,-38.12806],[145.35507,-38.12811],[145.35514,-38.12813],[145.3552,-38.12814],[145.3554,-38.12815],[145.35558,-38.12807],[145.35576,-38.12797],[145.35583,-38.1279],[145.35589,-38.12783],[145.35599,-38.12765],[145.35609,-38.12747],[145.35616,-38.12734],[145.35617,-38.12729],[145.35616,-38.12726],[145.35612,-38.12725],[145.35607,-38.12726],[145.35597,-38.12727],[145.35518,-38.12759],[145.35465,-38.12775]]},"properties":{"name":"Coliban Crescent","kind":"road_construction","operator":"","description":""}},{"type":"Feature","geometry":{"type":"LineString","coordinates":[[145.37335,-38.12676],[145.37155,-38.12652],[145.37144,-38.12648],[145.3714,-38.12639],[145.37154,-38.12578],[145.37161,-38.12545],[145.37174,-38.12483],[145.37188,-38.12416]]},"properties":{"name":"Panorama Circuit","kind":"road_construction","operator":"","description":""}},{"type":"Feature","geometry":{"type":"Point","coordinates":[145.12724,-38.15028]},"properties":{"name":"Frankston Hospital","kind":"hospital_construction","operator":"","description":"Frankston Hospital to be renamed Peninsula University Hospital in 2026"}},{"type":"Feature","geometry":{"type":"LineString","coordinates":[[144.75195,-37.55947],[144.75182,-37.55944],[144.75086,-37.55928],[144.75057,-37.55921],[144.75034,-37.55914],[144.75022,-37.55908],[144.74994,-37.55892],[144.74978,-37.55882],[144.74963,-37.55868],[144.74952,-37.55853],[144.74944,-37.55832],[144.74939,-37.55815],[144.74936,-37.55789],[144.74935,-37.55765],[144.74935,-37.55734],[144.74934,-37.55665],[144.74934,-37.55602],[144.7494,-37.55559],[144.74945,-37.55529],[144.74947,-37.55515],[144.74951,-37.5549],[144.74966,-37.55394],[144.74949,-37.55271],[144.74948,-37.5526]]},"properties":{"name":"Delphi Boulevard","kind":"road_construction","operator":"","description":""}},{"type":"Feature","geometry":{"type":"LineString","coordinates":[[144.74935,-37.55734],[144.74893,-37.55734],[144.74879,-37.55736],[144.74863,-37.5574],[144.74839,-37.55749],[144.74763,-37.55812],[144.74726,-37.55821],[144.74699,-37.55822],[144.74689,-37.55823],[144.74668,-37.55831],[144.74657,-37.55832],[144.74642,-37.558]]},"properties":{"name":"Clover Loop","kind":"road_construction","operator":"","description":""}},{"type":"Feature","geometry":{"type":"LineString","coordinates":[[144.74935,-37.55765],[144.74983,-37.55765],[144.75028,-37.55764],[144.75222,-37.55763],[144.75209,-37.55832],[144.75119,-37.55832],[144.7505,-37.55832],[144.7501,-37.5584],[144.75,-37.55842],[144.74952,-37.55853]]},"properties":{"name":"Ember Loop","kind":"road_construction","operator":"","description":""}},{"type":"Feature","geometry":{"type":"LineString","coordinates":[[144.75022,-37.55908],[144.74958,-37.55982],[144.74997,-37.56006],[144.75024,-37.56035],[144.75068,-37.56083],[144.75114,-37.56094],[144.75128,-37.56093],[144.7516,-37.56019],[144.75176,-37.55965],[144.75085,-37.55947],[144.75065,-37.5601],[144.75024,-37.56035]]},"properties":{"name":"Curio Circuit","kind":"road_construction","operator":"","description":""}},{"type":"Feature","geometry":{"type":"LineString","coordinates":[[144.76962,-37.5772],[144.77014,-37.57727],[144.77113,-37.57739],[144.77115,-37.5775],[144.77096,-37.57803],[144.77082,-37.57863],[144.77076,-37.57888],[144.77073,-37.57907],[144.77074,-37.57917],[144.77084,-37.57937],[144.77095,-37.57958],[144.77106,-37.57975],[144.7712,-37.57997],[144.77134,-37.58015],[144.77142,-37.58023],[144.77157,-37.58035],[144.77175,-37.58056],[144.77179,-37.5807],[144.77178,-37.58082],[144.77167,-37.58104],[144.77159,-37.58106],[144.77059,-37.58099],[144.77046,-37.58096],[144.77032,-37.58075],[144.77031,-37.58062],[144.77035,-37.58026]]},"properties":{"name":"Keystone Drive","kind":"road_construction","operator":"","description":""}},{"type":"Feature","geometry":{"type":"LineString","coordinates":[[144.76953,-37.57984],[144.76951,-37.58003],[144.76949,-37.5802],[144.76946,-37.58039],[144.76944,-37.58057],[144.76934,-37.58073],[144.76921,-37.58086],[144.76905,-37.58107],[144.76882,-37.58121],[144.76838,-37.58131],[144.7678,-37.58137],[144.76764,-37.58138],[144.76724,-37.58135],[144.76712,-37.58132],[144.76697,-37.58125],[144.76686,-37.58111],[144.76683,-37.58097],[144.76689,-37.58055],[144.76694,-37.58017],[144.7671,-37.57986],[144.76717,-37.57931]]},"properties":{"name":"Midnight Crescent","kind":"road_construction","operator":"","description":""}},{"type":"Feature","geometry":{"type":"LineString","coordinates":[[145.0153,-37.53988],[145.01529,-37.53977],[145.01526,-37.5397],[145.01524,-37.53961],[145.01513,-37.53946],[145.01505,-37.53936],[145.015,-37.53914],[145.01496,-37.53892],[145.01494,-37.53884],[145.0149,-37.53878],[145.01486,-37.53873],[145.0148,-37.53865],[145.01476,-37.5386],[145.01471,-37.53836],[145.01476,-37.53801]]},"properties":{"name":"Gracemere Road","kind":"road_construction","operator":"","description":""}},{"type":"Feature","geometry":{"type":"LineString","coordinates":[[144.53866,-37.70141],[144.53844,-37.70199],[144.53815,-37.70276],[144.53806,-37.70331],[144.53804,-37.70342],[144.53803,-37.70355],[144.53802,-37.70364],[144.538,-37.70384]]},"properties":{"name":"Grand Scenic Drive","kind":"road_construction","operator":"","description":""}},{"type":"Feature","geometry":{"type":"LineString","coordinates":[[144.66524,-37.71702],[144.66576,-37.71698],[144.66681,-37.71686],[144.66785,-37.71674],[144.66852,-37.71664],[144.66913,-37.71655],[144.66929,-37.71652],[144.66989,-37.71639],[144.67051,-37.71625],[144.67119,-37.71606]]},"properties":{"name":"Taylors Road","kind":"road_construction","operator":"","description":""}},{"type":"Feature","geometry":{"type":"LineString","coordinates":[[144.65986,-37.71537],[144.65974,-37.71536],[144.65962,-37.71537],[144.65947,-37.71542],[144.6594,-37.71548],[144.65935,-37.71556],[144.65932,-37.71574],[144.65931,-37.7158],[144.65917,-37.71677],[144.65915,-37.71693],[144.65911,-37.7171]]},"properties":{"name":"Hazelwood Drive","kind":"road_construction","operator":"","description":""}},{"type":"Feature","geometry":{"type":"LineString","coordinates":[[145.0057,-37.54642],[145.0057,-37.5468],[145.00559,-37.54738],[145.00555,-37.54756],[145.00565,-37.54822],[145.00573,-37.54883],[145.00564,-37.54931],[145.00542,-37.55055]]},"properties":{"name":"Veronica Boulevard","kind":"road_construction","operator":"","description":""}},{"type":"Feature","geometry":{"type":"LineString","coordinates":[[145.00155,-37.55015],[145.00175,-37.55015],[145.00236,-37.55022],[145.00309,-37.55029],[145.0038,-37.55037],[145.00417,-37.55041],[145.00462,-37.55046],[145.00542,-37.55055],[145.00617,-37.55064],[145.00648,-37.55068],[145.00837,-37.55089],[145.00855,-37.55091],[145.00864,-37.55092]]},"properties":{"name":"Nicholas Esplanade","kind":"road_construction","operator":"","description":""}},{"type":"Feature","geometry":{"type":"LineString","coordinates":[[144.88965,-37.79055],[144.88965,-37.79059],[144.88965,-37.79062],[144.88965,-37.79064],[144.88966,-37.79071],[144.88969,-37.79082],[144.88971,-37.79094],[144.88973,-37.79104],[144.88974,-37.79107],[144.88976,-37.79116],[144.88976,-37.79117],[144.88977,-37.79119],[144.88978,-37.79121],[144.88978,-37.79122],[144.88979,-37.79123],[144.8898,-37.79124],[144.88981,-37.79125],[144.88982,-37.79125],[144.88983,-37.79126],[144.88985,-37.79126]]},"properties":{"name":"Proposed realignment","kind":"rail_proposed","operator":"","description":""}},{"type":"Feature","geometry":{"type":"LineString","coordinates":[[144.65852,-37.71537],[144.65844,-37.71565],[144.65835,-37.71599],[144.65835,-37.71601],[144.65821,-37.71665],[144.65633,-37.71636],[144.65637,-37.71623],[144.65652,-37.71567],[144.65669,-37.71502]]},"properties":{"name":"Sugar Maple Circuit","kind":"road_construction","operator":"","description":""}},{"type":"Feature","geometry":{"type":"LineString","coordinates":[[144.6594,-37.71548],[144.65923,-37.71545],[144.65881,-37.71537],[144.65864,-37.71536],[144.65852,-37.71537],[144.65834,-37.71534],[144.65822,-37.71531],[144.65806,-37.71524],[144.65669,-37.71502],[144.65645,-37.71484],[144.65633,-37.71465],[144.65624,-37.71463],[144.65584,-37.71464],[144.65578,-37.71473],[144.65576,-37.7151],[144.65572,-37.71544],[144.65572,-37.71567],[144.65568,-37.71588],[144.65569,-37.71603],[144.65575,-37.71613],[144.65637,-37.71623]]},"properties":{"name":"Blackthorn Drive","kind":"road_construction","operator":"","description":""}},{"type":"Feature","geometry":{"type":"LineString","coordinates":[[144.66381,-37.71339],[144.66331,-37.71334],[144.66245,-37.71325],[144.66182,-37.71319],[144.66159,-37.71316],[144.66148,-37.71315],[144.66079,-37.71308],[144.66026,-37.71302],[144.66014,-37.71299],[144.66004,-37.71293],[144.65998,-37.71287],[144.65998,-37.71274],[144.65995,-37.71248],[144.65993,-37.71238]]},"properties":{"name":"Wildwood Road","kind":"road_construction","operator":"","description":""}},{"type":"Feature","geometry":{"type":"LineString","coordinates":[[144.66163,-37.71462],[144.66157,-37.7145],[144.66151,-37.71443],[144.66144,-37.71433],[144.66142,-37.71424],[144.66143,-37.71419],[144.66153,-37.71354],[144.66159,-37.71316]]},"properties":{"name":"Broadleaf Boulevard","kind":"road_construction","operator":"","description":""}},{"type":"Feature","geometry":{"type":"LineString","coordinates":[[144.66143,-37.71419],[144.6612,-37.71417],[144.66107,-37.71415],[144.66048,-37.71386],[144.6594,-37.7133],[144.65941,-37.71325],[144.65972,-37.7129],[144.65982,-37.71287],[144.65998,-37.71287]]},"properties":{"name":"Alpenrose Circuit","kind":"road_construction","operator":"","description":""}},{"type":"Feature","geometry":{"type":"LineString","coordinates":[[145.30436,-38.12945],[145.30471,-38.1295],[145.30495,-38.12954],[145.30536,-38.12959],[145.30563,-38.12962],[145.30542,-38.13074],[145.30512,-38.13084],[145.30454,-38.13076],[145.3041,-38.13071]]},"properties":{"name":"Portbury Circuit","kind":"road_construction","operator":"","description":""}},{"type":"Feature","geometry":{"type":"LineString","coordinates":[[145.25081,-38.11035],[145.25076,-38.11009],[145.25081,-38.10985],[145.25086,-38.1096],[145.25117,-38.10965],[145.25171,-38.10972],[145.25199,-38.10976],[145.25187,-38.11044]]},"properties":{"name":"Seine Crescent","kind":"road_construction","operator":"","description":""}},{"type":"Feature","geometry":{"type":"LineString","coordinates":[[145.30534,-38.08384],[145.30569,-38.08381],[145.30873,-38.08423],[145.3095,-38.08404],[145.30982,-38.08403],[145.31017,-38.08406],[145.31316,-38.08446],[145.31339,-38.08455]]},"properties":{"name":"Medley Drive","kind":"road_construction","operator":"","description":""}},{"type":"Feature","geometry":{"type":"LineString","coordinates":[[145.34826,-38.08639],[145.34921,-38.08741],[145.34943,-38.08764],[145.35082,-38.08913],[145.35128,-38.08963],[145.35143,-38.08974],[145.35161,-38.0898],[145.35196,-38.08985],[145.35285,-38.08996],[145.35288,-38.09004],[145.35275,-38.09072],[145.35264,-38.09107],[145.35257,-38.09141]]},"properties":{"name":"Forbs Street","kind":"road_construction","operator":"","description":""}},{"type":"Feature","geometry":{"type":"LineString","coordinates":[[145.34748,-38.08673],[145.34873,-38.08806],[145.35005,-38.08948],[145.35159,-38.09113],[145.35177,-38.09133],[145.35187,-38.09136],[145.35246,-38.09143],[145.35257,-38.09141]]},"properties":{"name":"Brookline Road","kind":"road_construction","operator":"","description":""}},{"type":"Feature","geometry":{"type":"LineString","coordinates":[[145.38593,-38.09712],[145.38729,-38.09757],[145.38754,-38.09765],[145.38779,-38.0977],[145.38816,-38.09777],[145.38868,-38.09784],[145.38939,-38.09788],[145.39014,-38.09784],[145.39097,-38.09774],[145.39172,-38.09759],[145.39246,-38.09743]]},"properties":{"name":"Thompsons Road","kind":"road_construction","operator":"","description":""}},{"type":"Feature","geometry":{"type":"LineString","coordinates":[[145.38635,-38.09471],[145.3867,-38.09476],[145.38683,-38.09479],[145.38795,-38.09519],[145.38839,-38.09523],[145.38881,-38.09531],[145.38995,-38.09574],[145.39044,-38.09636],[145.3909,-38.09694],[145.3915,-38.09752]]},"properties":{"name":"Grand Creek Avenue","kind":"road_construction","operator":"","description":""}},{"type":"Feature","geometry":{"type":"LineString","coordinates":[[145.36784,-38.10481],[145.36797,-38.10482],[145.36812,-38.10483],[145.3682,-38.10482],[145.36837,-38.10483],[145.36852,-38.10484],[145.36869,-38.10486],[145.36982,-38.105]]},"properties":{"name":"Plume Street","kind":"road_construction","operator":"","description":""}},{"type":"Feature","geometry":{"type":"LineString","coordinates":[[145.44825,-38.09179],[145.44816,-38.09263],[145.44824,-38.09282],[145.44981,-38.09293],[145.45001,-38.09288],[145.45085,-38.09106],[145.4509,-38.09085],[145.45091,-38.09069],[145.45099,-38.0905],[145.45107,-38.09026],[145.4514,-38.08961],[145.4515,-38.08931],[145.45151,-38.08907],[145.45142,-38.08793],[145.45144,-38.08779]]},"properties":{"name":"Wattlebird Way","kind":"road_construction","operator":"","description":""}},{"type":"Feature","geometry":{"type":"LineString","coordinates":[[145.44892,-38.09056],[145.44918,-38.08824],[145.44909,-38.08807],[145.44525,-38.08806],[145.44387,-38.08805],[145.44369,-38.08807],[145.44359,-38.08815],[145.44345,-38.08952]]},"properties":{"name":"Raptor Crescent","kind":"road_construction","operator":"","description":""}},{"type":"Feature","geometry":{"type":"LineString","coordinates":[[145.47611,-38.10682],[145.47606,-38.10715],[145.47605,-38.10733],[145.47614,-38.10754],[145.47689,-38.1084],[145.47697,-38.10872],[145.47673,-38.10993],[145.47663,-38.11042],[145.47627,-38.11218],[145.47634,-38.11241],[145.47786,-38.11262]]},"properties":{"name":"Pilmer Boulevard","kind":"road_construction","operator":"","description":""}},{"type":"Feature","geometry":{"type":"LineString","coordinates":[[145.48184,-38.10709],[145.48636,-38.10768],[145.48699,-38.10481],[145.48424,-38.10447],[145.48389,-38.10439],[145.48363,-38.10426],[145.48317,-38.10389],[145.48307,-38.10381]]},"properties":{"name":"Waddell Loop","kind":"road_construction","operator":"","description":""}},{"type":"Feature","geometry":{"type":"LineString","coordinates":[[145.48124,-38.10987],[145.48379,-38.11021],[145.48567,-38.11046],[145.4857,-38.11061],[145.4851,-38.11352],[145.48487,-38.11358],[145.48313,-38.11335],[145.48056,-38.11301]]},"properties":{"name":"Bradford Loop","kind":"road_construction","operator":"","description":""}},{"type":"Feature","geometry":{"type":"LineString","coordinates":[[144.98305,-37.62853],[144.98332,-37.62736],[144.9834,-37.62705],[144.98374,-37.62561],[144.98386,-37.62511],[144.98396,-37.62468],[144.98403,-37.62453],[144.98428,-37.6244],[144.98437,-37.6244],[144.98548,-37.62457],[144.98565,-37.62463],[144.98623,-37.62531],[144.98636,-37.62547],[144.98651,-37.6255],[144.98677,-37.62554]]},"properties":{"name":"Perendale Road","kind":"road_construction","operator":"","description":""}},{"type":"Feature","geometry":{"type":"LineString","coordinates":[[145.39261,-38.05801],[145.39111,-38.05772],[145.39096,-38.05769],[145.39082,-38.05772],[145.39078,-38.05791],[145.39067,-38.05846],[145.3905,-38.05917],[145.39034,-38.05989]]},"properties":{"name":"Barbara Avenue","kind":"road_construction","operator":"","description":""}},{"type":"Feature","geometry":{"type":"LineString","coordinates":[[145.41171,-38.05182],[145.4097,-38.05154],[145.40963,-38.05151],[145.40958,-38.05148],[145.40953,-38.05144],[145.40946,-38.0514],[145.4094,-38.05138],[145.40899,-38.05132],[145.40695,-38.05106]]},"properties":{"name":"Kimtara Road","kind":"road_construction","operator":"","description":""}},{"type":"Feature","geometry":{"type":"LineString","coordinates":[[145.40754,-38.04833],[145.4085,-38.04847],[145.40942,-38.04859],[145.4096,-38.04861],[145.41031,-38.04871],[145.41121,-38.04883],[145.41134,-38.04897],[145.41136,-38.04905],[145.41135,-38.04919],[145.41129,-38.04948]]},"properties":{"name":"Sparrowhawk Street","kind":"road_construction","operator":"","description":""}},{"type":"Feature","geometry":{"type":"LineString","coordinates":[[145.42354,-38.05631],[145.42378,-38.0563],[145.42418,-38.05626],[145.42442,-38.05622],[145.42482,-38.05611],[145.42513,-38.05601],[145.42542,-38.0559],[145.42573,-38.05574],[145.4261,-38.05548],[145.42624,-38.05539],[145.42653,-38.0552],[145.42694,-38.05493],[145.42709,-38.05483],[145.42738,-38.05468],[145.42768,-38.05454],[145.42813,-38.05436],[145.42879,-38.05415],[145.42955,-38.05391],[145.42993,-38.05378],[145.4303,-38.05367],[145.43118,-38.05345],[145.43145,-38.05339],[145.43178,-38.05333],[145.43181,-38.05332]]},"properties":{"name":"Pratincole Boulevard","kind":"road_construction","operator":"","description":""}},{"type":"Feature","geometry":{"type":"LineString","coordinates":[[145.4318,-38.05341],[145.43159,-38.05345],[145.43138,-38.05351],[145.43041,-38.0538],[145.43001,-38.05392],[145.42817,-38.0545],[145.42778,-38.05465],[145.42746,-38.05479],[145.42698,-38.05503],[145.42654,-38.05531],[145.42624,-38.05551],[145.42584,-38.05577],[145.42552,-38.05595],[145.42534,-38.05603],[145.42504,-38.05613],[145.42485,-38.05619],[145.42455,-38.05627],[145.42429,-38.05632],[145.42406,-38.05635],[145.42375,-38.05638],[145.42356,-38.05639]]},"properties":{"name":"Pratincole Boulevard","kind":"road_construction","operator":"","description":""}},{"type":"Feature","geometry":{"type":"LineString","coordinates":[[144.59944,-37.8977],[144.59988,-37.8977],[144.6015,-37.89771],[144.60156,-37.89771],[144.60184,-37.89684],[144.60175,-37.89498],[144.60182,-37.89476],[144.6021,-37.89385],[144.6027,-37.89189]]},"properties":{"name":"Rail Circuit","kind":"road_construction","operator":"","description":""}},{"type":"Feature","geometry":{"type":"LineString","coordinates":[[144.71048,-37.70845],[144.71045,-37.70823],[144.71046,-37.70816],[144.71066,-37.70786],[144.7108,-37.70766],[144.71122,-37.70779],[144.71143,-37.70788],[144.71127,-37.70814],[144.71126,-37.7082],[144.71128,-37.70836],[144.71134,-37.70868]]},"properties":{"name":"Annem Crescent","kind":"road_construction","operator":"","description":""}},{"type":"Feature","geometry":{"type":"LineString","coordinates":[[145.35809,-38.087],[145.35766,-38.08705],[145.3574,-38.08709],[145.357,-38.08709],[145.35683,-38.08703],[145.35668,-38.08695],[145.35649,-38.08678],[145.3563,-38.08664]]},"properties":{"name":"Birdnest Road","kind":"road_construction","operator":"","description":""}},{"type":"Feature","geometry":{"type":"LineString","coordinates":[[144.60797,-37.91782],[144.60808,-37.91785],[144.60811,-37.91786],[144.60837,-37.91789],[144.60872,-37.91794],[144.61004,-37.91816],[144.61054,-37.91823],[144.61063,-37.91823],[144.61066,-37.91821],[144.61076,-37.91811],[144.61088,-37.91796],[144.61094,-37.91784],[144.61101,-37.91771],[144.61085,-37.91768],[144.60881,-37.91737]]},"properties":{"name":"Tweedbank Crescent","kind":"road_construction","operator":"","description":""}},{"type":"Feature","geometry":{"type":"LineString","coordinates":[[144.60211,-37.90232],[144.60214,-37.90213],[144.60222,-37.90168],[144.60235,-37.90165],[144.60268,-37.90169],[144.60293,-37.90176],[144.60288,-37.90202],[144.60284,-37.90221],[144.60281,-37.90239]]},"properties":{"name":"Mountaney Way","kind":"road_construction","operator":"","description":""}},{"type":"Feature","geometry":{"type":"LineString","coordinates":[[144.6036,-37.90259],[144.60363,-37.90248],[144.60363,-37.90223],[144.60365,-37.90211],[144.60369,-37.90189],[144.60381,-37.90194],[144.60417,-37.90198],[144.60428,-37.90202],[144.60453,-37.90273],[144.6045,-37.90295]]},"properties":{"name":"Kilbride Way","kind":"road_construction","operator":"","description":""}},{"type":"Feature","geometry":{"type":"LineString","coordinates":[[144.71057,-37.71864],[144.71071,-37.71809],[144.71084,-37.71743],[144.71097,-37.71684],[144.71092,-37.71659],[144.71084,-37.71622],[144.71081,-37.71606],[144.71082,-37.71595],[144.71087,-37.71569],[144.71088,-37.71563]]},"properties":{"name":"Sinclairs Road","kind":"road_construction","operator":"","description":""}},{"type":"Feature","geometry":{"type":"LineString","coordinates":[[144.88266,-37.5902],[144.88267,-37.59014],[144.88279,-37.58941],[144.88284,-37.58905],[144.88287,-37.58898],[144.8829,-37.58887],[144.88289,-37.58874],[144.88293,-37.58847],[144.88296,-37.58832],[144.88292,-37.58814],[144.88283,-37.58796],[144.88284,-37.58772],[144.88296,-37.58752],[144.88298,-37.58742],[144.88304,-37.5873],[144.88311,-37.58716],[144.88334,-37.58697],[144.88348,-37.58686],[144.88355,-37.58667],[144.88357,-37.58655],[144.88365,-37.58603],[144.88367,-37.58592]]},"properties":{"name":"Bramble Avenue","kind":"road_construction","operator":"","description":""}},{"type":"Feature","geometry":{"type":"LineString","coordinates":[[144.60503,-37.68598],[144.6048,-37.68595],[144.60344,-37.68578],[144.60218,-37.68563],[144.60105,-37.68549],[144.60096,-37.68537],[144.60124,-37.68396],[144.60139,-37.68392],[144.60242,-37.68405]]},"properties":{"name":"Rosalind Road","kind":"road_construction","operator":"","description":""}},{"type":"Feature","geometry":{"type":"LineString","coordinates":[[144.60344,-37.68578],[144.60362,-37.68487],[144.60369,-37.68477],[144.60401,-37.68439],[144.60412,-37.68441],[144.60497,-37.68487],[144.605,-37.68496],[144.6048,-37.68595]]},"properties":{"name":"Blaze Circuit","kind":"road_construction","operator":"","description":""}},{"type":"Feature","geometry":{"type":"LineString","coordinates":[[145.38835,-38.10722],[145.38879,-38.10742],[145.38929,-38.10765],[145.38937,-38.10767],[145.38961,-38.1077],[145.39006,-38.10775],[145.39053,-38.1078],[145.39088,-38.10784]]},"properties":{"name":"Arun Road","kind":"road_construction","operator":"","description":""}},{"type":"Feature","geometry":{"type":"LineString","coordinates":[[144.68644,-37.76845],[144.6864,-37.76878],[144.68632,-37.76941],[144.68623,-37.77006],[144.68616,-37.77057],[144.68611,-37.77086],[144.68602,-37.77107],[144.68593,-37.77117],[144.68583,-37.77123],[144.6857,-37.7713],[144.68545,-37.77142],[144.68517,-37.7715],[144.68504,-37.77151],[144.68428,-37.77145],[144.68349,-37.77139],[144.68321,-37.77136],[144.68287,-37.77133],[144.68261,-37.77131],[144.68241,-37.77129]]},"properties":{"name":"Danube Road","kind":"road_construction","operator":"","description":""}},{"type":"Feature","geometry":{"type":"LineString","coordinates":[[144.68322,-37.76784],[144.68314,-37.76849],[144.68305,-37.76924],[144.68296,-37.77002],[144.68293,-37.77026],[144.68293,-37.77047],[144.68289,-37.77068],[144.68295,-37.77068],[144.6833,-37.77072],[144.68356,-37.77074],[144.68388,-37.77077],[144.68528,-37.7709],[144.6857,-37.7713]]},"properties":{"name":"Willard Road","kind":"road_construction","operator":"","description":""}},{"type":"Feature","geometry":{"type":"LineString","coordinates":[[144.62585,-37.8537],[144.62591,-37.85385],[144.62618,-37.85438],[144.62664,-37.85496],[144.62693,-37.85535],[144.62701,-37.85559],[144.62702,-37.85602],[144.62692,-37.85651],[144.62697,-37.85664],[144.62976,-37.85699],[144.62987,-37.85697],[144.62999,-37.85638],[144.63,-37.85632]]},"properties":{"name":"Helios Avenue","kind":"road_construction","operator":"","description":""}},{"type":"Feature","geometry":{"type":"LineString","coordinates":[[144.72897,-37.7221],[144.72986,-37.72223],[144.73074,-37.72236],[144.7309,-37.72164],[144.73086,-37.72159],[144.73013,-37.72148],[144.73002,-37.7215],[144.72986,-37.72223]]},"properties":{"name":"Gravenhall Circuit","kind":"road_construction","operator":"","description":""}},{"type":"Feature","geometry":{"type":"LineString","coordinates":[[144.96123,-37.50985],[144.96164,-37.50989],[144.96374,-37.51011],[144.9641,-37.51015],[144.96451,-37.51019],[144.9652,-37.51026],[144.96654,-37.5104],[144.96679,-37.51043],[144.96719,-37.51047]]},"properties":{"name":"Bluestone Drive","kind":"road_construction","operator":"","description":""}},{"type":"Feature","geometry":{"type":"LineString","coordinates":[[144.96164,-37.50989],[144.96152,-37.51059],[144.96144,-37.51109],[144.96144,-37.5112],[144.9629,-37.51136],[144.96313,-37.51143],[144.96333,-37.51158],[144.96343,-37.51169],[144.96353,-37.51177],[144.96364,-37.51183],[144.96381,-37.51189],[144.96421,-37.51199]]},"properties":{"name":"Sheep Street","kind":"road_construction","operator":"","description":""}},{"type":"Feature","geometry":{"type":"LineString","coordinates":[[144.99272,-37.537],[144.99305,-37.53507],[144.99384,-37.53056],[144.99385,-37.53045],[144.99402,-37.5294],[144.99407,-37.52852],[144.99414,-37.52778],[144.9942,-37.52708],[144.99424,-37.52627],[144.99421,-37.52606],[144.9943,-37.52503]]},"properties":{"name":"Patterson Drive","kind":"road_construction","operator":"","description":""}},{"type":"Feature","geometry":{"type":"LineString","coordinates":[[144.99404,-37.525],[144.99397,-37.52605],[144.99399,-37.52629],[144.99398,-37.52706],[144.99392,-37.52776],[144.99386,-37.5285],[144.99381,-37.52937],[144.99365,-37.53043],[144.99364,-37.53054],[144.99333,-37.5323],[144.99329,-37.53246],[144.99322,-37.53295],[144.99318,-37.53315],[144.99288,-37.53495]]},"properties":{"name":"Patterson Drive","kind":"road_construction","operator":"","description":""}},{"type":"Feature","geometry":{"type":"LineString","coordinates":[[144.95493,-37.50467],[144.95423,-37.50539],[144.95412,-37.50561],[144.9539,-37.50605],[144.95302,-37.50789],[144.95283,-37.50829],[144.95277,-37.5085],[144.95268,-37.5088],[144.9526,-37.5091],[144.95222,-37.51048],[144.95227,-37.51054],[144.95304,-37.51067],[144.95339,-37.51073],[144.95369,-37.5108]]},"properties":{"name":"Andestic Road","kind":"road_construction","operator":"","description":""}},{"type":"Feature","geometry":{"type":"LineString","coordinates":[[144.98564,-37.48238],[144.98525,-37.48234],[144.98456,-37.48226],[144.98378,-37.48218],[144.98376,-37.48211],[144.98401,-37.4806],[144.98411,-37.47998],[144.98425,-37.47966],[144.98431,-37.47942],[144.98731,-37.47972]]},"properties":{"name":"Hummock Circuit","kind":"road_construction","operator":"","description":""}},{"type":"Feature","geometry":{"type":"LineString","coordinates":[[144.82747,-37.78558],[144.82785,-37.78562],[144.82827,-37.78568],[144.82855,-37.78572],[144.82871,-37.78575],[144.82899,-37.7858],[144.82929,-37.78587],[144.82949,-37.78591],[144.82978,-37.78599],[144.82991,-37.78602],[144.83005,-37.78607],[144.8302,-37.78613],[144.83034,-37.78619],[144.83049,-37.78627],[144.83067,-37.78637],[144.83077,-37.78644],[144.83084,-37.78648],[144.83089,-37.78653],[144.83095,-37.78657],[144.83101,-37.78662],[144.83107,-37.78668],[144.83116,-37.78678],[144.8312,-37.78683],[144.83135,-37.78702],[144.83156,-37.78726],[144.83168,-37.78742],[144.83224,-37.78815],[144.8334,-37.78967],[144.83344,-37.78971],[144.83361,-37.78993]]},"properties":{"name":"Sunshine Station New regional tracks","kind":"rail_proposed","operator":"","description":""}},{"type":"Feature","geometry":{"type":"Point","coordinates":[145.10733,-37.84912]},"properties":{"name":"Joan Montgomery Centre project","kind":"school_construction","operator":""}},{"type":"Feature","geometry":{"type":"LineString","coordinates":[[144.56414,-37.71667],[144.56401,-37.71731],[144.56377,-37.71852],[144.56367,-37.71855],[144.563,-37.71848],[144.56296,-37.7184],[144.56299,-37.71818],[144.563,-37.71809]]},"properties":{"name":"Yenda Loop","kind":"road_construction","operator":"","description":""}},{"type":"Feature","geometry":{"type":"LineString","coordinates":[[145.53217,-38.06187],[145.53188,-38.06209],[145.53159,-38.06231],[145.53133,-38.0625],[145.53091,-38.0628],[145.53028,-38.06311],[145.53004,-38.06322],[145.52984,-38.06328],[145.52969,-38.0633],[145.52914,-38.06329],[145.52839,-38.06322],[145.52824,-38.0632]]},"properties":{"name":"Appleton Boulevard","kind":"road_construction","operator":"","description":""}},{"type":"Feature","geometry":{"type":"LineString","coordinates":[[144.88836,-37.60985],[144.88745,-37.60974],[144.88735,-37.60972],[144.88705,-37.60969],[144.88665,-37.60971],[144.88641,-37.60967],[144.88623,-37.60964],[144.88608,-37.60962],[144.88553,-37.60955],[144.88549,-37.60954],[144.88532,-37.60953],[144.88529,-37.60953],[144.88515,-37.6095],[144.88483,-37.60935],[144.88464,-37.60915],[144.88444,-37.60839],[144.88423,-37.6076],[144.88434,-37.60748],[144.88453,-37.60739],[144.88462,-37.60734],[144.88499,-37.60698],[144.88508,-37.60686],[144.88508,-37.60685]]},"properties":{"name":"Verdenia Drive","kind":"road_construction","operator":"","description":""}},{"type":"Feature","geometry":{"type":"LineString","coordinates":[[145.12363,-37.8154],[145.12453,-37.81078],[145.12545,-37.80518],[145.12632,-37.80007],[145.12641,-37.79942],[145.12645,-37.79851],[145.12512,-37.79205],[145.12398,-37.78598],[145.12311,-37.7814],[145.12285,-37.78073],[145.122,-37.77965],[145.12033,-37.7784],[145.11819,-37.77714],[145.06029,-37.75692],[145.05803,-37.7559],[145.05702,-37.75542],[145.05599,-37.75449],[145.05545,-37.75356],[145.05496,-37.75253],[145.0544,-37.75007],[145.05139,-37.72657],[145.0505,-37.72315],[145.04908,-37.72109],[145.04747,-37.71925],[145.04541,-37.71806],[145.03979,-37.71561],[145.03877,-37.71535],[145.03744,-37.71527],[145.03432,-37.7154],[145.01564,-37.71904],[145.01419,-37.71914],[145.01299,-37.71912],[145.01171,-37.71897],[145.01071,-37.71881],[145.00296,-37.7161]]},"properties":{"name":"SRL North (Stage 1)","kind":"rail_proposed","operator":"","description":""}},{"type":"Feature","geometry":{"type":"LineString","coordinates":[[145.00296,-37.7161],[145.00046,-37.71523],[144.99792,-37.71431],[144.97944,-37.70674],[144.96885,-37.70236],[144.96706,-37.70181],[144.96547,-37.70155],[144.9613,-37.70109],[144.95838,-37.70077],[144.95571,-37.70044],[144.95383,-37.70003],[144.95247,-37.69954],[144.91544,-37.68007],[144.91472,-37.67974],[144.91418,-37.67955],[144.91373,-37.67942],[144.91311,-37.6793]]},"properties":{"name":"SRL North (Stage 2)","kind":"rail_proposed","operator":"","description":""}},{"type":"Feature","geometry":{"type":"LineString","coordinates":[[144.89578,-37.66723],[144.89501,-37.66704],[144.89439,-37.66697],[144.8869,-37.66646],[144.8859,-37.66646],[144.88437,-37.66656],[144.87666,-37.66723],[144.87532,-37.66737],[144.8748,-37.66751],[144.87425,-37.66776],[144.87373,-37.66819],[144.87318,-37.66891],[144.87169,-37.67161],[144.87138,-37.67245],[144.87108,-37.67366],[144.87095,-37.67447],[144.87062,-37.67666],[144.87054,-37.67703],[144.87042,-37.67744],[144.87016,-37.67785],[144.86978,-37.67822],[144.86914,-37.67851],[144.86847,-37.67862],[144.86757,-37.67855]]},"properties":{"name":"SRL North (Stage 2B)","kind":"rail_proposed","operator":"","description":""}},{"type":"Feature","geometry":{"type":"LineString","coordinates":[[144.88144,-37.68532],[144.88564,-37.68565],[144.88729,-37.68572],[144.88821,-37.68554],[144.89621,-37.6813],[144.89976,-37.67989],[144.90167,-37.67936],[144.90422,-37.67861],[144.90605,-37.6783],[144.90698,-37.67829],[144.90809,-37.67838]]},"properties":{"name":"SRL North (Stage 2A)","kind":"rail_proposed","operator":"","description":""}},{"type":"Feature","geometry":{"type":"LineString","coordinates":[[144.91311,-37.6793],[144.91111,-37.67895],[144.90809,-37.67838]]},"properties":{"name":"SRL North (Stage 2)","kind":"rail_proposed","operator":"","description":""}},{"type":"Feature","geometry":{"type":"LineString","coordinates":[[144.85007,-37.67254],[144.85524,-37.67453],[144.85971,-37.67615],[144.86438,-37.67758],[144.86611,-37.67811],[144.86757,-37.67855]]},"properties":{"name":"SRL North (Stage 2)","kind":"rail_proposed","operator":"","description":""}},{"type":"Feature","geometry":{"type":"LineString","coordinates":[[144.90809,-37.67838],[144.90684,-37.67806],[144.90602,-37.67763],[144.90534,-37.67695],[144.89721,-37.66808],[144.89644,-37.66755],[144.89578,-37.66723]]},"properties":{"name":"SRL North (Stage 2B)","kind":"rail_proposed","operator":"","description":""}},{"type":"Feature","geometry":{"type":"LineString","coordinates":[[144.86757,-37.67855],[144.86806,-37.67871],[144.86869,-37.67888],[144.86932,-37.67906],[144.86979,-37.67926],[144.87011,-37.67951],[144.87592,-37.68397],[144.87657,-37.68432],[144.87736,-37.68472],[144.87807,-37.68494],[144.88144,-37.68532]]},"properties":{"name":"SRL North (Stage 2A)","kind":"rail_proposed","operator":"","description":""}},{"type":"Feature","geometry":{"type":"LineString","coordinates":[[145.13796,-37.60553],[145.1379,-37.6055],[145.13785,-37.60548],[145.13779,-37.60546],[145.13775,-37.60545],[145.13772,-37.60544],[145.13769,-37.60543],[145.13765,-37.60543],[145.13763,-37.60542]]},"properties":{"name":"Yan Yean Road","kind":"road_construction","operator":"","description":""}},{"type":"Feature","geometry":{"type":"LineString","coordinates":[[145.13796,-37.60553],[145.13792,-37.60549],[145.13789,-37.60546],[145.13787,-37.60542],[145.13784,-37.60537],[145.13783,-37.60534],[145.13783,-37.60531],[145.13782,-37.60528]]},"properties":{"name":"Yan Yean Road","kind":"road_construction","operator":"","description":""}},{"type":"Feature","geometry":{"type":"LineString","coordinates":[[145.13288,-37.6345],[145.13291,-37.63444],[145.13293,-37.63438],[145.133,-37.63419],[145.13316,-37.63375],[145.1332,-37.63363],[145.13323,-37.63354],[145.13325,-37.63344],[145.13326,-37.63333],[145.13327,-37.63313],[145.13328,-37.63302],[145.13329,-37.63291],[145.13331,-37.6328],[145.13334,-37.63258],[145.13343,-37.63205],[145.13356,-37.63128],[145.1336,-37.63102],[145.13369,-37.63049],[145.13378,-37.62995],[145.13382,-37.62972],[145.13387,-37.62938],[145.13397,-37.62873],[145.134,-37.62853],[145.13405,-37.62821],[145.13412,-37.62776],[145.13429,-37.6268],[145.1343,-37.62674],[145.13436,-37.62638],[145.13437,-37.62634],[145.13444,-37.62594],[145.13447,-37.62576],[145.13449,-37.62567],[145.13452,-37.62545],[145.13457,-37.62512],[145.13471,-37.6242],[145.13478,-37.62382],[145.13481,-37.6236],[145.13487,-37.6233],[145.13491,-37.62307],[145.13495,-37.62285],[145.13499,-37.62265],[145.13504,-37.62242],[145.13509,-37.6222],[145.13516,-37.6219],[145.13524,-37.62153],[145.13529,-37.6213],[145.13536,-37.62094],[145.13545,-37.62052],[145.1355,-37.62028],[145.13553,-37.62012],[145.13554,-37.62008],[145.1356,-37.61976],[145.13561,-37.61968],[145.13563,-37.61958],[145.13568,-37.61938],[145.13573,-37.61917],[145.13577,-37.61906],[145.13581,-37.61895],[145.13584,-37.61884],[145.13593,-37.61864],[145.13601,-37.61843],[145.13609,-37.61823],[145.13615,-37.61802],[145.13618,-37.61792],[145.13622,-37.61771],[145.13627,-37.61751],[145.13644,-37.6166],[145.13653,-37.61605],[145.13671,-37.61485],[145.13686,-37.61388],[145.13692,-37.61351],[145.13701,-37.61293],[145.13704,-37.61275],[145.13718,-37.61182],[145.13726,-37.6113],[145.13731,-37.61098]]},"properties":{"name":"Yan Yean Road","kind":"road_proposed","operator":"","description":""}},{"type":"Feature","geometry":{"type":"LineString","coordinates":[[145.3436,-38.13286],[145.3433,-38.13277],[145.34325,-38.13276],[145.34169,-38.13257],[145.33949,-38.13332],[145.33538,-38.1328],[145.33266,-38.13247],[145.33211,-38.13281]]},"properties":{"name":"Main Street","kind":"road_proposed","operator":"","description":""}},{"type":"Feature","geometry":{"type":"LineString","coordinates":[[145.13716,-37.61294],[145.13701,-37.61293],[145.1369,-37.61293],[145.13671,-37.61292],[145.13664,-37.61291],[145.13633,-37.6129],[145.13615,-37.61288],[145.13597,-37.61287],[145.13587,-37.61286],[145.13579,-37.61284],[145.13569,-37.61283],[145.13561,-37.61281],[145.13546,-37.61279]]},"properties":{"name":"Orchard Road","kind":"road_proposed","operator":"","description":""}},{"type":"Feature","geometry":{"type":"LineString","coordinates":[[145.13547,-37.62581],[145.13542,-37.62582],[145.13537,-37.62583],[145.13529,-37.62583],[145.13523,-37.62583],[145.13517,-37.62583],[145.13504,-37.62582],[145.13493,-37.62581],[145.13478,-37.62579],[145.13462,-37.62578],[145.13447,-37.62576]]},"properties":{"name":"Bannons Lane","kind":"road_proposed","operator":"","description":""}},{"type":"Feature","geometry":{"type":"LineString","coordinates":[[145.13179,-37.63998],[145.13183,-37.63989],[145.13187,-37.63978],[145.13196,-37.63952],[145.13199,-37.63944],[145.13202,-37.63937],[145.13207,-37.63927],[145.1321,-37.63921],[145.13213,-37.63912],[145.13219,-37.63893],[145.13229,-37.63855],[145.13231,-37.63848],[145.13239,-37.63811],[145.13247,-37.63776],[145.13259,-37.63708],[145.13262,-37.63692],[145.13263,-37.63688],[145.13263,-37.63684],[145.13263,-37.63681],[145.13264,-37.63679],[145.13265,-37.63678],[145.13268,-37.63677],[145.13271,-37.63675],[145.13274,-37.63674],[145.13276,-37.63671],[145.13278,-37.63669],[145.13279,-37.63666]]},"properties":{"name":"Yan Yean Road","kind":"road_proposed","operator":"","description":""}},{"type":"Feature","geometry":{"type":"LineString","coordinates":[[145.13217,-37.63936],[145.13235,-37.63938],[145.13243,-37.63938],[145.13263,-37.6394],[145.13285,-37.63942],[145.13302,-37.63944],[145.13316,-37.63947],[145.13328,-37.63949],[145.13339,-37.63951],[145.13346,-37.63952],[145.13354,-37.63955]]},"properties":{"name":"Ironbark Road","kind":"road_proposed","operator":"","description":""}},{"type":"Feature","geometry":{"type":"LineString","coordinates":[[145.13354,-37.63955],[145.13343,-37.63954],[145.13331,-37.63954],[145.13312,-37.63952],[145.13286,-37.63949],[145.13246,-37.63946],[145.13232,-37.63944],[145.13215,-37.63943]]},"properties":{"name":"Ironbark Road","kind":"road_proposed","operator":"","description":""}},{"type":"Feature","geometry":{"type":"LineString","coordinates":[[145.13287,-37.63615],[145.13288,-37.63606],[145.13288,-37.63599],[145.13286,-37.63589],[145.13285,-37.63583],[145.13283,-37.63579],[145.13282,-37.63577],[145.13279,-37.63574],[145.13276,-37.63572],[145.13272,-37.63571],[145.13268,-37.6357]]},"properties":{"name":"Ashley Road","kind":"road_proposed","operator":"","description":""}},{"type":"Feature","geometry":{"type":"LineString","coordinates":[[145.13071,-37.64629],[145.13075,-37.64623],[145.13082,-37.64609],[145.13088,-37.64599],[145.13094,-37.64588],[145.13099,-37.64577],[145.13103,-37.64567],[145.13108,-37.64557],[145.13112,-37.64548],[145.13116,-37.64537],[145.13119,-37.64525],[145.13122,-37.64511],[145.13125,-37.64496],[145.13134,-37.64442],[145.13135,-37.64429],[145.13136,-37.64419],[145.13137,-37.64408],[145.13138,-37.64396],[145.13138,-37.64385],[145.13139,-37.64363],[145.13139,-37.64352],[145.1314,-37.6434],[145.13143,-37.64318],[145.13145,-37.64302],[145.13147,-37.64284],[145.13149,-37.64271],[145.13152,-37.64249],[145.13154,-37.64228],[145.13163,-37.64153],[145.13166,-37.64131],[145.13168,-37.64108],[145.13171,-37.6409],[145.13175,-37.64074],[145.13179,-37.64057],[145.13182,-37.64044],[145.13189,-37.64022],[145.13195,-37.64003],[145.13195,-37.64],[145.13202,-37.6398],[145.13211,-37.63954],[145.13215,-37.63943],[145.13217,-37.63936],[145.13221,-37.63925],[145.13227,-37.63904],[145.13233,-37.63883],[145.13239,-37.63862],[145.13244,-37.63841],[145.13249,-37.63819],[145.13254,-37.63798],[145.13262,-37.63758],[145.13266,-37.63733],[145.13279,-37.63666],[145.13281,-37.63656],[145.13284,-37.63635],[145.13287,-37.63615],[145.1329,-37.63597],[145.13291,-37.63585],[145.13291,-37.63574],[145.13291,-37.63562],[145.13291,-37.63556],[145.13291,-37.63552],[145.13291,-37.63542],[145.13293,-37.63532],[145.13296,-37.63521],[145.13299,-37.63511],[145.13301,-37.63506],[145.13302,-37.63501],[145.13302,-37.63496],[145.13302,-37.63491],[145.133,-37.63485],[145.13298,-37.63481],[145.13293,-37.63476],[145.13288,-37.63471]]},"properties":{"name":"Yan Yean Road","kind":"road_proposed","operator":"","description":""}},{"type":"Feature","geometry":{"type":"LineString","coordinates":[[145.13324,-37.63466],[145.13321,-37.63472],[145.13321,-37.63473],[145.13318,-37.6348],[145.13315,-37.63491],[145.1331,-37.63514],[145.13308,-37.63524],[145.13307,-37.63534],[145.13306,-37.63547],[145.13304,-37.63565],[145.13301,-37.63587],[145.13299,-37.63609],[145.13296,-37.6363],[145.13292,-37.63649],[145.1329,-37.63661],[145.13278,-37.63724],[145.13273,-37.63764],[145.13267,-37.63796],[145.13263,-37.6382],[145.13259,-37.63841],[145.13253,-37.63873],[145.1325,-37.63884],[145.13247,-37.63897],[145.13244,-37.63909],[145.1324,-37.63922],[145.13235,-37.63938],[145.13232,-37.63944],[145.13228,-37.63956],[145.13224,-37.63966],[145.13215,-37.63992],[145.13208,-37.64013],[145.13198,-37.64047],[145.13195,-37.64059],[145.13192,-37.64073],[145.13189,-37.64084],[145.13186,-37.64095],[145.13184,-37.64108],[145.13182,-37.64118],[145.1318,-37.64129],[145.13179,-37.64143],[145.13177,-37.64157],[145.13168,-37.64241],[145.13165,-37.64261],[145.13162,-37.64288],[145.13159,-37.64304],[145.13157,-37.64324],[145.13155,-37.64345],[145.13154,-37.64356],[145.13153,-37.64379],[145.13152,-37.6439],[145.13151,-37.64401],[145.13149,-37.64413],[145.13147,-37.64426],[145.13144,-37.64445],[145.13136,-37.64492],[145.13131,-37.64521],[145.1313,-37.6453],[145.13128,-37.64538],[145.13124,-37.6455],[145.13119,-37.64561],[145.13116,-37.64569],[145.1311,-37.64579],[145.13103,-37.6459],[145.131,-37.64597],[145.13098,-37.64602],[145.13097,-37.64608],[145.13097,-37.64614],[145.13098,-37.6462],[145.13099,-37.64625],[145.13102,-37.64631]]},"properties":{"name":"Yan Yean Road","kind":"road_proposed","operator":"","description":""}},{"type":"Feature","geometry":{"type":"LineString","coordinates":[[145.13359,-37.63476],[145.13354,-37.63475],[145.1335,-37.63474],[145.13344,-37.63473],[145.1334,-37.63471],[145.13336,-37.63471],[145.13332,-37.63471],[145.13328,-37.63471],[145.13322,-37.63472],[145.13321,-37.63473],[145.13316,-37.63474]]},"properties":{"name":"Youngs Road","kind":"road_proposed","operator":"","description":""}},{"type":"Feature","geometry":{"type":"LineString","coordinates":[[145.13322,-37.63451],[145.13328,-37.63457],[145.13332,-37.6346],[145.13338,-37.63464],[145.13346,-37.63468],[145.13351,-37.63471],[145.13355,-37.63473],[145.13359,-37.63476]]},"properties":{"name":"Youngs Road","kind":"road_proposed","operator":"","description":""}},{"type":"Feature","geometry":{"type":"LineString","coordinates":[[145.13293,-37.63474],[145.13288,-37.63471],[145.13285,-37.63467],[145.13284,-37.63462],[145.13284,-37.63458],[145.13285,-37.63454],[145.13288,-37.6345],[145.13293,-37.63446],[145.13299,-37.63444],[145.13305,-37.63443],[145.13312,-37.63444],[145.13318,-37.63447],[145.13322,-37.63451],[145.13325,-37.63456],[145.13325,-37.63461],[145.13324,-37.63466],[145.1332,-37.63471],[145.13316,-37.63474],[145.1331,-37.63476],[145.13304,-37.63476],[145.13298,-37.63476],[145.13293,-37.63474]]},"properties":{"name":"Yan Yean Road","kind":"road_proposed","operator":"","description":""}},{"type":"Feature","geometry":{"type":"LineString","coordinates":[[145.13268,-37.6357],[145.13272,-37.6357],[145.13276,-37.6357],[145.1328,-37.63568],[145.13284,-37.63565],[145.13288,-37.63562],[145.1329,-37.63559],[145.13291,-37.63556]]},"properties":{"name":"Ashley Road","kind":"road_proposed","operator":"","description":""}},{"type":"Feature","geometry":{"type":"LineString","coordinates":[[145.13103,-37.64635],[145.13105,-37.64646],[145.13106,-37.64652],[145.13106,-37.64657],[145.13107,-37.64663],[145.13107,-37.64669],[145.13107,-37.64674],[145.13107,-37.64675],[145.13106,-37.64679],[145.13105,-37.64682],[145.13103,-37.64688]]},"properties":{"name":"Heard Avenue","kind":"road_proposed","operator":"","description":""}},{"type":"Feature","geometry":{"type":"LineString","coordinates":[[145.12794,-37.64809],[145.12799,-37.64806],[145.12802,-37.64802],[145.12805,-37.64798],[145.12807,-37.64795],[145.12807,-37.64792],[145.12807,-37.64789],[145.12805,-37.64786],[145.12803,-37.64783],[145.12799,-37.6478],[145.12795,-37.64778],[145.12789,-37.64776]]},"properties":{"name":"Worns Lane","kind":"road_proposed","operator":"","description":""}},{"type":"Feature","geometry":{"type":"LineString","coordinates":[[145.12533,-37.6488],[145.12537,-37.6488],[145.12541,-37.64881],[145.12545,-37.64882],[145.12548,-37.64883],[145.1255,-37.64886],[145.12551,-37.64888],[145.12552,-37.64889]]},"properties":{"name":"Yan Yean Road","kind":"road_proposed","operator":"","description":""}},{"type":"Feature","geometry":{"type":"LineString","coordinates":[[145.12329,-37.64927],[145.1234,-37.64923],[145.12354,-37.64919],[145.12367,-37.64916],[145.12384,-37.64912],[145.12401,-37.64908],[145.12454,-37.64897],[145.12533,-37.6488],[145.12572,-37.64872],[145.12635,-37.64858],[145.12661,-37.64853],[145.12674,-37.6485],[145.12687,-37.64846],[145.127,-37.64843],[145.12712,-37.64839],[145.12725,-37.64835],[145.12738,-37.64831],[145.1275,-37.64827],[145.12761,-37.64822],[145.12774,-37.64817],[145.12787,-37.64812],[145.12794,-37.64809],[145.12798,-37.64807],[145.1281,-37.64802],[145.12822,-37.64797],[145.12833,-37.64791],[145.12837,-37.64789],[145.12846,-37.64784],[145.12856,-37.64779],[145.12867,-37.64773],[145.12878,-37.64767],[145.12888,-37.6476],[145.12899,-37.64754],[145.1291,-37.64746],[145.1292,-37.64739],[145.1293,-37.64732],[145.1294,-37.64725],[145.1295,-37.64717],[145.12959,-37.64709],[145.12972,-37.647],[145.12982,-37.64693],[145.12992,-37.64686],[145.13004,-37.64679],[145.13015,-37.64674],[145.13027,-37.64669],[145.13038,-37.64664],[145.13044,-37.64662],[145.1305,-37.64659],[145.13055,-37.64656],[145.13059,-37.64652],[145.13063,-37.64647],[145.13066,-37.64642],[145.13068,-37.64637]]},"properties":{"name":"Yan Yean Road","kind":"road_proposed","operator":"","description":""}},{"type":"Feature","geometry":{"type":"LineString","coordinates":[[145.13095,-37.64649],[145.13086,-37.64653],[145.13073,-37.64658],[145.13061,-37.64663],[145.13049,-37.64668],[145.13038,-37.64673],[145.13026,-37.64679],[145.13014,-37.64686],[145.13004,-37.64692],[145.12993,-37.64698],[145.12982,-37.64705],[145.12972,-37.64712],[145.1296,-37.64721],[145.1295,-37.64728],[145.12943,-37.64734],[145.12933,-37.64741],[145.12923,-37.64748],[145.12913,-37.64755],[145.12903,-37.64762],[145.12892,-37.64769],[145.12881,-37.64775],[145.1287,-37.64782],[145.12859,-37.64788],[145.12847,-37.64794],[145.12836,-37.648],[145.12825,-37.64805],[145.12813,-37.64811],[145.12801,-37.64817],[145.12789,-37.64822],[145.12764,-37.64832],[145.12741,-37.6484],[145.12716,-37.64849],[145.12688,-37.64857],[145.12661,-37.64864],[145.12638,-37.64869],[145.12607,-37.64876],[145.12551,-37.64888],[145.12527,-37.64893],[145.12516,-37.64895],[145.12465,-37.64906]]},"properties":{"name":"Yan Yean Road","kind":"road_proposed","operator":"","description":""}},{"type":"Feature","geometry":{"type":"LineString","coordinates":[[145.13075,-37.64648],[145.13071,-37.64645],[145.13069,-37.64641],[145.13068,-37.64637],[145.13069,-37.64633],[145.13071,-37.64629],[145.13075,-37.64626],[145.13079,-37.64624],[145.13085,-37.64623],[145.1309,-37.64623],[145.13095,-37.64625],[145.13099,-37.64627],[145.13102,-37.64631],[145.13103,-37.64635],[145.13103,-37.64639],[145.13102,-37.64643],[145.13099,-37.64646],[145.13095,-37.64649],[145.1309,-37.6465],[145.13085,-37.64651],[145.1308,-37.6465],[145.13075,-37.64648]]},"properties":{"name":"Yan Yean Road","kind":"road_proposed","operator":"","description":""}},{"type":"Feature","geometry":{"type":"LineString","coordinates":[[145.12789,-37.64776],[145.12798,-37.64777],[145.12803,-37.64778],[145.12808,-37.64779],[145.12812,-37.64781],[145.12817,-37.64783],[145.12822,-37.64786],[145.12825,-37.64788],[145.12828,-37.64788],[145.1283,-37.64789],[145.12832,-37.64789],[145.12835,-37.64789],[145.12837,-37.64789]]},"properties":{"name":"Worns Lane","kind":"road_proposed","operator":"","description":""}},{"type":"Feature","geometry":{"type":"LineString","coordinates":[[145.13103,-37.64688],[145.13103,-37.64684],[145.13103,-37.6468],[145.13103,-37.64674],[145.13101,-37.6467],[145.13098,-37.64664],[145.13096,-37.64661],[145.13092,-37.64657],[145.13088,-37.64654],[145.13086,-37.64653],[145.13084,-37.64652],[145.1308,-37.6465]]},"properties":{"name":"Heard Avenue","kind":"road_proposed","operator":"","description":""}},{"type":"Feature","geometry":{"type":"LineString","coordinates":[[145.00161,-37.52783],[144.99952,-37.52759],[144.99914,-37.52754],[144.99866,-37.52748],[144.99823,-37.52743],[144.99806,-37.52745],[144.99799,-37.52745],[144.99784,-37.5275],[144.9976,-37.52757],[144.99744,-37.52759],[144.99718,-37.52758],[144.99697,-37.52752],[144.99689,-37.52749],[144.99669,-37.52741],[144.99655,-37.52734],[144.99641,-37.52731],[144.99605,-37.52727],[144.9942,-37.52708],[144.99398,-37.52706]]},"properties":{"name":"Wimbi Way","kind":"road_construction","operator":"","description":""}},{"type":"Feature","geometry":{"type":"LineString","coordinates":[[144.99799,-37.52745],[144.99795,-37.52722],[144.99794,-37.52712],[144.99795,-37.527],[144.99798,-37.52674],[144.99781,-37.52665],[144.99766,-37.52658],[144.99752,-37.52654],[144.99739,-37.52652],[144.99716,-37.52652],[144.99654,-37.52659],[144.99641,-37.52731]]},"properties":{"name":"Valleymount Circuit","kind":"road_construction","operator":"","description":""}},{"type":"Feature","geometry":{"type":"LineString","coordinates":[[144.99914,-37.52754],[144.99918,-37.52739],[144.99921,-37.52725],[144.99926,-37.52709],[144.9993,-37.52703],[144.99935,-37.52697],[144.99971,-37.52665],[144.99983,-37.52648],[145.00006,-37.52607],[145.00015,-37.52568]]},"properties":{"name":"Kirrip Way","kind":"road_construction","operator":"","description":""}},{"type":"Feature","geometry":{"type":"LineString","coordinates":[[145.01016,-37.54014],[145.00924,-37.54004],[145.00825,-37.53994],[145.0074,-37.53985],[145.00729,-37.53985],[145.00679,-37.54049],[145.00657,-37.54065],[145.00634,-37.54098],[145.0061,-37.54125]]},"properties":{"name":"Stonewall Drive","kind":"road_construction","operator":"","description":""}},{"type":"Feature","geometry":{"type":"LineString","coordinates":[[145.01004,-37.54209],[145.0105,-37.53921],[145.01051,-37.53903],[145.01051,-37.53878],[145.01048,-37.5386],[145.01042,-37.53827],[145.01024,-37.53767],[145.0102,-37.53754],[145.00962,-37.53608],[145.00947,-37.53572]]},"properties":{"name":"Hillview Drive","kind":"road_construction","operator":"","description":""}},{"type":"Feature","geometry":{"type":"LineString","coordinates":[[145.00985,-37.5421],[145.01016,-37.54014],[145.01029,-37.53937],[145.01031,-37.53921],[145.01032,-37.53902],[145.0103,-37.53862],[145.01023,-37.53825],[145.01005,-37.53767],[145.01,-37.53752],[145.00929,-37.53576]]},"properties":{"name":"Hillview Drive","kind":"road_construction","operator":"","description":""}},{"type":"Feature","geometry":{"type":"LineString","coordinates":[[144.56501,-38.16826],[144.56454,-38.1682],[144.5645,-38.16811],[144.56456,-38.16778],[144.5644,-38.16761],[144.56435,-38.16751],[144.56473,-38.16562],[144.56566,-38.16573],[144.56559,-38.16588],[144.56542,-38.16681],[144.56511,-38.16773],[144.56501,-38.16826]]},"properties":{"name":"Viewside Circuit","kind":"road_construction","operator":"","description":""}},{"type":"Feature","geometry":{"type":"LineString","coordinates":[[144.9903,-37.59178],[144.99039,-37.59124],[144.99057,-37.59015],[144.99053,-37.59003],[144.98969,-37.58995],[144.98874,-37.58985],[144.9872,-37.58969],[144.9863,-37.58959],[144.98572,-37.58953],[144.98561,-37.58955],[144.98537,-37.58993],[144.98487,-37.59041],[144.98453,-37.59074],[144.98436,-37.59105],[144.98405,-37.59165]]},"properties":{"name":"Riverbed Drive","kind":"road_construction","operator":"","description":""}},{"type":"Feature","geometry":{"type":"LineString","coordinates":[[144.69395,-37.61888],[144.69392,-37.61862],[144.69392,-37.61841],[144.69391,-37.6182],[144.69385,-37.61792],[144.69383,-37.61773],[144.69395,-37.61711],[144.69407,-37.61649],[144.69411,-37.61625],[144.69423,-37.61561],[144.6943,-37.61528],[144.69434,-37.61506]]},"properties":{"name":"Figwood Drive","kind":"road_construction","operator":"","description":""}},{"type":"Feature","geometry":{"type":"LineString","coordinates":[[144.69407,-37.61649],[144.69494,-37.61659],[144.69528,-37.61663],[144.69661,-37.61679],[144.69694,-37.61683],[144.69691,-37.61696],[144.69689,-37.61705],[144.69675,-37.61744],[144.69633,-37.61739],[144.69395,-37.61711]]},"properties":{"name":"Woodside Crescent","kind":"road_construction","operator":"","description":""}},{"type":"Feature","geometry":{"type":"LineString","coordinates":[[144.9199,-37.54658],[144.91981,-37.54679],[144.91966,-37.54696],[144.91927,-37.54743],[144.91906,-37.54768],[144.91885,-37.54793],[144.91877,-37.54802],[144.91826,-37.54861],[144.91769,-37.5493]]},"properties":{"name":"Rae Street","kind":"road_construction","operator":"","description":""}},{"type":"Feature","geometry":{"type":"LineString","coordinates":[[145.53131,-38.05979],[145.5312,-38.05986],[145.53057,-38.06027],[145.53025,-38.06047],[145.52988,-38.06062],[145.52962,-38.06068],[145.52907,-38.06075],[145.52894,-38.06077]]},"properties":{"name":"Aspley Parkway","kind":"road_construction","operator":"","description":""}},{"type":"Feature","geometry":{"type":"LineString","coordinates":[[145.52864,-38.06197],[145.52918,-38.06204],[145.52929,-38.0621],[145.52957,-38.06237],[145.52987,-38.06266],[145.52992,-38.06276],[145.52998,-38.063],[145.53002,-38.06325]]},"properties":{"name":"Franklin Street","kind":"road_construction","operator":"","description":""}},{"type":"Feature","geometry":{"type":"LineString","coordinates":[[145.534,-38.06401],[145.53355,-38.06397],[145.53279,-38.06391],[145.53201,-38.06384],[145.53129,-38.06378],[145.53055,-38.06372],[145.5305,-38.06362],[145.53051,-38.06345],[145.53028,-38.06311]]},"properties":{"name":"Portsea Drive","kind":"road_construction","operator":"","description":""}},{"type":"Feature","geometry":{"type":"LineString","coordinates":[[145.54531,-38.07245],[145.54435,-38.07232],[145.54358,-38.07222],[145.54277,-38.07211],[145.54252,-38.07208],[145.54195,-38.072],[145.54113,-38.07189],[145.54069,-38.07183]]},"properties":{"name":"Kalamata Boulevard","kind":"road_construction","operator":"","description":""}},{"type":"Feature","geometry":{"type":"LineString","coordinates":[[144.9975,-37.54965],[144.99793,-37.54969],[144.99883,-37.54978],[144.99973,-37.54988],[145.00043,-37.54994],[145.00053,-37.54995],[145.00116,-37.55009],[145.00155,-37.55015]]},"properties":{"name":"Belmont Boulevard","kind":"road_construction","operator":"","description":""}},{"type":"Feature","geometry":{"type":"LineString","coordinates":[[145.21376,-37.99176],[145.21378,-37.99177],[145.21381,-37.99177],[145.21385,-37.99178],[145.21386,-37.99178],[145.21389,-37.99177],[145.21391,-37.99177],[145.21489,-37.99147],[145.21499,-37.99143],[145.21493,-37.9913]]},"properties":{"name":"Thomas Street","kind":"road_construction","operator":"","description":""}},{"type":"Feature","geometry":{"type":"LineString","coordinates":[[145.48552,-38.2061],[145.48632,-38.2069],[145.48652,-38.20713],[145.48669,-38.20738],[145.48681,-38.20759],[145.48501,-38.20827],[145.48493,-38.20827],[145.48422,-38.20755],[145.48419,-38.20745],[145.48632,-38.2069]]},"properties":{"name":"Dotterel Circuit","kind":"road_construction","operator":"","description":""}},{"type":"Feature","geometry":{"type":"LineString","coordinates":[[145.48732,-38.20578],[145.48735,-38.20592],[145.48741,-38.2061],[145.48752,-38.20632],[145.48805,-38.2071],[145.48899,-38.20673],[145.4885,-38.20599],[145.48842,-38.20587],[145.48839,-38.2058],[145.48837,-38.20572]]},"properties":{"name":"Dillion Circuit","kind":"road_construction","operator":"","description":""}},{"type":"Feature","geometry":{"type":"LineString","coordinates":[[145.48931,-38.2055],[145.48931,-38.20556],[145.48937,-38.20569],[145.48982,-38.20638],[145.49052,-38.20611],[145.49052,-38.20601],[145.49053,-38.20541],[145.49051,-38.20531]]},"properties":{"name":"Sharpe Circuit","kind":"road_construction","operator":"","description":""}},{"type":"Feature","geometry":{"type":"LineString","coordinates":[[145.55583,-38.26087],[145.55557,-38.26107],[145.55439,-38.26195],[145.55388,-38.26234],[145.55311,-38.26292],[145.55296,-38.263],[145.55279,-38.26302],[145.55098,-38.26279]]},"properties":{"name":"Sandbank Street","kind":"road_construction","operator":"","description":""}},{"type":"Feature","geometry":{"type":"LineString","coordinates":[[145.55083,-38.26345],[145.55098,-38.26279],[145.55124,-38.2615],[145.55149,-38.26025],[145.5516,-38.2597],[145.55168,-38.25949],[145.55179,-38.25934],[145.55192,-38.25922],[145.55267,-38.25866],[145.55293,-38.25846]]},"properties":{"name":"Idyllic Drive","kind":"road_construction","operator":"","description":""}},{"type":"Feature","geometry":{"type":"LineString","coordinates":[[145.55986,-38.27213],[145.55898,-38.27246],[145.55878,-38.27251],[145.55824,-38.27243],[145.55689,-38.27226],[145.55658,-38.27216],[145.55653,-38.27201],[145.55654,-38.27191],[145.55708,-38.26944],[145.55721,-38.26928],[145.55786,-38.26901]]},"properties":{"name":"Industrial Drive","kind":"road_construction","operator":"","description":""}},{"type":"Feature","geometry":{"type":"LineString","coordinates":[[144.62031,-37.84848],[144.62026,-37.84874],[144.62017,-37.84923],[144.62018,-37.84951],[144.62037,-37.84987],[144.62047,-37.84995],[144.62064,-37.85002],[144.6211,-37.85007],[144.62221,-37.85023],[144.62239,-37.85027],[144.62266,-37.85038]]},"properties":{"name":"Lomatia Road","kind":"road_construction","operator":"","description":""}},{"type":"Feature","geometry":{"type":"LineString","coordinates":[[145.22546,-37.91705],[145.22551,-37.91706],[145.22556,-37.91706],[145.22602,-37.91691],[145.22605,-37.9169],[145.22609,-37.91688],[145.22611,-37.91686],[145.22612,-37.91682],[145.22627,-37.91608],[145.22654,-37.91468]]},"properties":{"name":"Hazel Way","kind":"road_construction","operator":"","description":""}},{"type":"Feature","geometry":{"type":"LineString","coordinates":[[145.22507,-37.91509],[145.22535,-37.91546],[145.22539,-37.91557],[145.22539,-37.91572],[145.22524,-37.91647],[145.22523,-37.91658],[145.22529,-37.91676],[145.22541,-37.91701],[145.22543,-37.91703],[145.22546,-37.91705]]},"properties":{"name":"Ridgeway Street","kind":"road_construction","operator":"","description":""}},{"type":"Feature","geometry":{"type":"LineString","coordinates":[[145.39264,-38.09758],[145.39188,-38.09776],[145.39104,-38.09792],[145.39021,-38.09803],[145.38938,-38.0981],[145.38877,-38.09804],[145.38833,-38.09798],[145.38776,-38.0979],[145.38735,-38.09781],[145.38703,-38.09773],[145.38647,-38.09754],[145.3862,-38.09745],[145.38582,-38.09733]]},"properties":{"name":"Thompsons Road","kind":"road_construction","operator":"","description":""}},{"type":"Feature","geometry":{"type":"LineString","coordinates":[[145.35535,-38.09566],[145.35564,-38.09548],[145.35572,-38.09544],[145.35589,-38.09533],[145.3562,-38.09515],[145.35633,-38.09507],[145.3573,-38.09578],[145.35844,-38.09573],[145.35871,-38.0957],[145.3591,-38.09569]]},"properties":{"name":"St Germain Boulevard","kind":"road_construction","operator":"","description":""}},{"type":"Feature","geometry":{"type":"LineString","coordinates":[[145.35633,-38.09507],[145.35643,-38.09447],[145.35671,-38.09328],[145.35807,-38.09348],[145.35839,-38.09358],[145.35907,-38.09388],[145.35873,-38.0954],[145.35871,-38.0957]]},"properties":{"name":"Zorba Concourse","kind":"road_construction","operator":"","description":""}},{"type":"Feature","geometry":{"type":"LineString","coordinates":[[145.35871,-38.0957],[145.35875,-38.09593],[145.35876,-38.09606],[145.35876,-38.0961],[145.35878,-38.09642],[145.35882,-38.09701],[145.35885,-38.09745],[145.35886,-38.09759],[145.35888,-38.09778],[145.35889,-38.09791],[145.35891,-38.09822],[145.35822,-38.09814],[145.35788,-38.09778],[145.35733,-38.0972],[145.35682,-38.09665],[145.3571,-38.09649],[145.35737,-38.09648],[145.35878,-38.09642]]},"properties":{"name":"Fernhollow Loop","kind":"road_construction","operator":"","description":""}},{"type":"Feature","geometry":{"type":"LineString","coordinates":[[144.99333,-37.5323],[144.99257,-37.53222],[144.99156,-37.53212],[144.9907,-37.53203],[144.98986,-37.53194],[144.98976,-37.53255],[144.98925,-37.53249],[144.98852,-37.53242],[144.98837,-37.5324]]},"properties":{"name":"Morea Road","kind":"road_construction","operator":"","description":""}},{"type":"Feature","geometry":{"type":"LineString","coordinates":[[144.88429,-37.56922],[144.88394,-37.56917],[144.88321,-37.56908],[144.88244,-37.56898],[144.88175,-37.56889],[144.88171,-37.56878],[144.88176,-37.56853],[144.88199,-37.5674],[144.88204,-37.56718],[144.88218,-37.56715],[144.8828,-37.56723]]},"properties":{"name":"Livistonia Avenue","kind":"road_construction","operator":"","description":""}},{"type":"Feature","geometry":{"type":"LineString","coordinates":[[144.88244,-37.56898],[144.88251,-37.56863],[144.88274,-37.5675],[144.8828,-37.56723],[144.88291,-37.56709],[144.88316,-37.5668],[144.88354,-37.56635],[144.88388,-37.56652],[144.88404,-37.56661]]},"properties":{"name":"Flexifolia Crescent","kind":"road_construction","operator":"","description":""}},{"type":"Feature","geometry":{"type":"LineString","coordinates":[[144.91515,-37.54056],[144.91547,-37.5406],[144.91628,-37.54083],[144.91712,-37.54113],[144.91745,-37.54123],[144.91782,-37.54128],[144.9183,-37.54127],[144.91854,-37.5412]]},"properties":{"name":"Hockley Avenue","kind":"road_construction","operator":"","description":""}},{"type":"Feature","geometry":{"type":"LineString","coordinates":[[145.37278,-38.11432],[145.37245,-38.11451],[145.37242,-38.11458],[145.3723,-38.11521],[145.37228,-38.11531],[145.37223,-38.11554],[145.3722,-38.11569],[145.37211,-38.11576],[145.37135,-38.11566],[145.3713,-38.11557],[145.37133,-38.11543],[145.37148,-38.11469],[145.37157,-38.11422],[145.37161,-38.11413],[145.37188,-38.11398],[145.37226,-38.11377]]},"properties":{"name":"Truss Crescent","kind":"road_construction","operator":"","description":""}},{"type":"Feature","geometry":{"type":"LineString","coordinates":[[144.82292,-37.82596],[144.82229,-37.82604],[144.82191,-37.82613],[144.82157,-37.82624],[144.82121,-37.82641],[144.8208,-37.82659],[144.82003,-37.82696],[144.81971,-37.82711],[144.81921,-37.82728],[144.81911,-37.82731]]},"properties":{"name":"Future Boundary Road Offramp","kind":"road_proposed","operator":"","description":""}},{"type":"Feature","geometry":{"type":"LineString","coordinates":[[144.83534,-37.81228],[144.83702,-37.81229],[144.83839,-37.81221],[144.83981,-37.81199],[144.84115,-37.81163],[144.84198,-37.81139],[144.84344,-37.81098],[144.84693,-37.80984]]},"properties":{"name":"East West Link (Stage 2B)","kind":"road_proposed","operator":"","description":""}},{"type":"Feature","geometry":{"type":"LineString","coordinates":[[144.91326,-37.80508],[144.91415,-37.805],[144.91447,-37.80495],[144.91476,-37.80488],[144.91512,-37.80474],[144.91535,-37.80457],[144.91551,-37.80439],[144.91562,-37.80422],[144.91587,-37.80363]]},"properties":{"name":"East West Link (Stage 2A)","kind":"road_proposed","operator":"","description":""}},{"type":"Feature","geometry":{"type":"LineString","coordinates":[[144.92035,-37.80212],[144.91965,-37.80207],[144.91958,-37.80207],[144.91908,-37.80203],[144.91887,-37.80203],[144.91813,-37.80203],[144.9172,-37.80204],[144.9169,-37.80209],[144.91669,-37.80219],[144.91651,-37.80237],[144.91642,-37.80252],[144.91597,-37.80365],[144.9158,-37.80405],[144.91571,-37.80425],[144.91561,-37.80442],[144.91546,-37.80462],[144.91523,-37.80479],[144.91474,-37.80509],[144.91421,-37.80531],[144.91386,-37.80542],[144.91347,-37.8055]]},"properties":{"name":"East West Link (Stage 2A)","kind":"road_proposed","operator":"","description":""}},{"type":"Feature","geometry":{"type":"LineString","coordinates":[[144.91125,-37.80515],[144.91253,-37.80518],[144.91419,-37.80508],[144.91442,-37.80507],[144.91455,-37.80507],[144.91467,-37.80508],[144.91478,-37.80511],[144.91486,-37.80515],[144.91527,-37.80533],[144.91534,-37.80536],[144.91544,-37.8054],[144.91555,-37.80542],[144.91569,-37.80542],[144.91646,-37.80541],[144.91691,-37.8054]]},"properties":{"name":"East West Link (Stage 2A)","kind":"road_proposed","operator":"","description":""}},{"type":"Feature","geometry":{"type":"LineString","coordinates":[[144.91689,-37.80551],[144.91554,-37.80553],[144.91445,-37.80549],[144.9141,-37.80549],[144.9136,-37.80556],[144.9131,-37.80563],[144.91264,-37.80567],[144.91209,-37.80566]]},"properties":{"name":"East West Link (Stage 2A)","kind":"road_proposed","operator":"","description":""}},{"type":"Feature","geometry":{"type":"LineString","coordinates":[[144.86498,-37.80535],[144.86566,-37.80452],[144.86688,-37.80334],[144.86825,-37.80248],[144.8699,-37.80163],[144.87133,-37.8012],[144.87298,-37.80099],[144.87418,-37.80094],[144.87559,-37.801],[144.87847,-37.80133]]},"properties":{"name":"East West Link (Stage 2A)","kind":"road_proposed","operator":"","description":""}},{"type":"Feature","geometry":{"type":"LineString","coordinates":[[144.87862,-37.80158],[144.87575,-37.80125],[144.87434,-37.80119],[144.87313,-37.80124],[144.87149,-37.80145],[144.87006,-37.80188],[144.8684,-37.80272],[144.86704,-37.80359],[144.86582,-37.80477],[144.86523,-37.80548]]},"properties":{"name":"East West Link (Stage 2A)","kind":"road_proposed","operator":"","description":""}},{"type":"Feature","geometry":{"type":"LineString","coordinates":[[144.91691,-37.8054],[144.91806,-37.80536],[144.91874,-37.80533],[144.91894,-37.80533],[144.91914,-37.80535],[144.91933,-37.80539],[144.91959,-37.8055],[144.91976,-37.80565],[144.91987,-37.80582],[144.91992,-37.80597],[144.91992,-37.8061],[144.91985,-37.80649],[144.91971,-37.80738],[144.91961,-37.80801]]},"properties":{"name":"East West Link (Stage 2A)","kind":"road_proposed","operator":"","description":""}},{"type":"Feature","geometry":{"type":"LineString","coordinates":[[144.91947,-37.808],[144.91957,-37.80749],[144.91973,-37.80648],[144.91978,-37.80621],[144.91978,-37.80608],[144.91974,-37.80593],[144.91962,-37.80576],[144.91945,-37.80561],[144.9192,-37.8055],[144.91901,-37.80546],[144.9188,-37.80544],[144.9186,-37.80544],[144.91792,-37.80547],[144.91689,-37.80551]]},"properties":{"name":"East West Link (Stage 2A)","kind":"road_proposed","operator":"","description":""}},{"type":"Feature","geometry":{"type":"LineString","coordinates":[[144.91587,-37.80363],[144.91633,-37.80249],[144.91644,-37.80226],[144.91665,-37.80205],[144.91736,-37.80154],[144.91793,-37.80129],[144.91832,-37.80117],[144.91862,-37.80112],[144.91885,-37.8011],[144.91905,-37.80112],[144.91921,-37.80117],[144.91941,-37.80129],[144.91953,-37.80139],[144.91961,-37.80152],[144.91966,-37.80167],[144.91966,-37.8018],[144.91966,-37.802],[144.91966,-37.80204],[144.91965,-37.80207],[144.91961,-37.80219]]},"properties":{"name":"East West Link (Stage 2A)","kind":"road_proposed","operator":"","description":""}},{"type":"Feature","geometry":{"type":"LineString","coordinates":[[144.91871,-37.80194],[144.91901,-37.80192],[144.9192,-37.80194],[144.91932,-37.80193],[144.91943,-37.80189],[144.91949,-37.80183],[144.91952,-37.80176],[144.91952,-37.80162],[144.91947,-37.80147],[144.91934,-37.80134],[144.91917,-37.80124],[144.91903,-37.80119],[144.91884,-37.80117],[144.91855,-37.80121],[144.91833,-37.80125],[144.91794,-37.80137],[144.91743,-37.8016],[144.91683,-37.80204],[144.91664,-37.80219],[144.91648,-37.80235],[144.91642,-37.80252]]},"properties":{"name":"East West Link (Stage 2A)","kind":"road_proposed","operator":"","description":""}},{"type":"Feature","geometry":{"type":"LineString","coordinates":[[144.92492,-37.80557],[144.92525,-37.80561],[144.9255,-37.80566],[144.92576,-37.80575],[144.92602,-37.80585],[144.92628,-37.80597],[144.92661,-37.80614],[144.92716,-37.80641],[144.92858,-37.80689],[144.92886,-37.80695],[144.92941,-37.807],[144.92981,-37.80699],[144.93043,-37.80689],[144.93094,-37.80669],[144.93141,-37.80645],[144.93164,-37.8063]]},"properties":{"name":"East West Link (Stage 2C)","kind":"road_proposed","operator":"","description":""}},{"type":"Feature","geometry":{"type":"LineString","coordinates":[[144.93184,-37.80644],[144.93137,-37.80671],[144.93094,-37.80693],[144.93041,-37.8071],[144.92979,-37.8072],[144.92939,-37.80722],[144.92884,-37.80717],[144.92856,-37.8071],[144.92714,-37.80663],[144.9266,-37.80634],[144.92619,-37.80613],[144.92593,-37.806],[144.92555,-37.80586]]},"properties":{"name":"East West Link (Stage 2C)","kind":"road_proposed","operator":"","description":""}},{"type":"Feature","geometry":{"type":"LineString","coordinates":[[144.86523,-37.80548],[144.86514,-37.80559],[144.86393,-37.80681],[144.86348,-37.80718],[144.863,-37.80752],[144.86241,-37.80785],[144.86184,-37.80805],[144.86144,-37.80819],[144.86091,-37.8083],[144.86065,-37.80833],[144.86034,-37.80832],[144.85986,-37.80831]]},"properties":{"name":"East West Link (Stage 2A)","kind":"road_proposed","operator":"","description":""}},{"type":"Feature","geometry":{"type":"LineString","coordinates":[[144.86136,-37.8059],[144.86161,-37.80443],[144.86166,-37.80405],[144.86168,-37.80373],[144.86165,-37.8035],[144.86154,-37.80325],[144.86145,-37.80302],[144.86143,-37.80271],[144.86145,-37.80247],[144.86199,-37.79915],[144.8622,-37.79791],[144.86258,-37.79574],[144.86261,-37.79563],[144.86283,-37.79519]]},"properties":{"name":"Paramount Road/Dempster Street/Ashley Street Upgrade (EWL Stage 2)","kind":"road_proposed","operator":"","description":""}},{"type":"Feature","geometry":{"type":"LineString","coordinates":[[144.85968,-37.81432],[144.85936,-37.81254],[144.85933,-37.81221],[144.85932,-37.81203],[144.85934,-37.81183],[144.85966,-37.8101],[144.85968,-37.80998],[144.85978,-37.80874],[144.85983,-37.80841],[144.85986,-37.80831],[144.8599,-37.8082],[144.86018,-37.80766],[144.86029,-37.80752],[144.86049,-37.8073],[144.86076,-37.80702],[144.86117,-37.80652],[144.86131,-37.80617],[144.86136,-37.8059]]},"properties":{"name":"Paramount Road Upgrade (EWL Stage 2)","kind":"road_proposed","operator":"","description":""}},{"type":"Feature","geometry":{"type":"LineString","coordinates":[[144.86148,-37.80594],[144.86143,-37.80621],[144.8613,-37.80656],[144.86087,-37.80713],[144.86064,-37.80744],[144.86059,-37.8075],[144.86047,-37.80766],[144.86027,-37.80799],[144.86008,-37.80841],[144.85998,-37.80875],[144.85979,-37.81015],[144.85947,-37.81187],[144.85945,-37.81207],[144.85946,-37.81225],[144.85949,-37.81258],[144.85981,-37.81436],[144.8598,-37.81446],[144.85976,-37.81456],[144.85969,-37.81471]]},"properties":{"name":"Paramount Road Upgrade (EWL Stage 2)","kind":"road_proposed","operator":"","description":""}},{"type":"Feature","geometry":{"type":"LineString","coordinates":[[144.85263,-37.80801],[144.8541,-37.80776],[144.85567,-37.80768],[144.85774,-37.80777],[144.85816,-37.80775],[144.85847,-37.80765],[144.85869,-37.80753],[144.8591,-37.80729],[144.85935,-37.8072],[144.8596,-37.80716],[144.85989,-37.80717],[144.86022,-37.80723],[144.86049,-37.8073]]},"properties":{"name":"East West Link (Stage 2B)","kind":"road_proposed","operator":"","description":""}},{"type":"Feature","geometry":{"type":"LineString","coordinates":[[144.84698,-37.81005],[144.84349,-37.81118],[144.84204,-37.8116],[144.84121,-37.81183],[144.83986,-37.8122],[144.83845,-37.81241],[144.83708,-37.81249],[144.83524,-37.81248]]},"properties":{"name":"East West Link (Stage 2B)","kind":"road_proposed","operator":"","description":""}},{"type":"Feature","geometry":{"type":"LineString","coordinates":[[144.83478,-37.8129],[144.83461,-37.81288],[144.83258,-37.81267],[144.83222,-37.8126],[144.83193,-37.81253],[144.8315,-37.8124],[144.83097,-37.81224],[144.83029,-37.81208],[144.82931,-37.81189]]},"properties":{"name":"East West Link (Stage 2B)","kind":"road_proposed","operator":"","description":""}},{"type":"Feature","geometry":{"type":"LineString","coordinates":[[144.82935,-37.8117],[144.8322,-37.81186],[144.83242,-37.81186],[144.83267,-37.81182],[144.83287,-37.81177],[144.83305,-37.81171],[144.83367,-37.81152],[144.83384,-37.81146],[144.83407,-37.81145],[144.83432,-37.81145],[144.83462,-37.8115],[144.83499,-37.81158],[144.83561,-37.81171]]},"properties":{"name":"East West Link (Stage 2B)","kind":"road_proposed","operator":"","description":""}},{"type":"Feature","geometry":{"type":"LineString","coordinates":[[144.83478,-37.8129],[144.83543,-37.81196],[144.83561,-37.81171],[144.83724,-37.80941],[144.83736,-37.80919],[144.83752,-37.80886],[144.83763,-37.80832],[144.83774,-37.80777]]},"properties":{"name":"Market Road Extension (EWL Stage 2)","kind":"road_proposed","operator":"","description":""}},{"type":"Feature","geometry":{"type":"LineString","coordinates":[[144.83461,-37.81288],[144.8353,-37.81194],[144.83548,-37.81169],[144.8371,-37.80939],[144.83722,-37.80917],[144.83738,-37.80883],[144.8375,-37.80829],[144.83761,-37.80775]]},"properties":{"name":"Market Road Extension (EWL Stage 2)","kind":"road_proposed","operator":"","description":""}},{"type":"Feature","geometry":{"type":"LineString","coordinates":[[144.84831,-37.80973],[144.84822,-37.81018],[144.84818,-37.81035],[144.84815,-37.81042],[144.84806,-37.81052],[144.84794,-37.81065],[144.84784,-37.81079],[144.84777,-37.81094]]},"properties":{"name":"McDonald Road Realignment (EWL Stage 2)","kind":"road_proposed","operator":"","description":""}},{"type":"Feature","geometry":{"type":"LineString","coordinates":[[144.84625,-37.80879],[144.84659,-37.80884],[144.84696,-37.80895],[144.84722,-37.8091],[144.84765,-37.80942],[144.84788,-37.80958],[144.84811,-37.80969],[144.84831,-37.80973],[144.84853,-37.80975],[144.84869,-37.80974],[144.84888,-37.80969]]},"properties":{"name":"Somerville Road Realignment (EWL Stage 2)","kind":"road_proposed","operator":"","description":""}},{"type":"Feature","geometry":{"type":"LineString","coordinates":[[144.86108,-37.80857],[144.86112,-37.80843],[144.86116,-37.80837],[144.86122,-37.80834],[144.86129,-37.80832],[144.86152,-37.80827],[144.8625,-37.80793],[144.86299,-37.80765],[144.86341,-37.80738],[144.86394,-37.80701]]},"properties":{"name":"Paramount Road Realignment (EWL Stage 2A)","kind":"road_proposed","operator":"","description":""}},{"type":"Feature","geometry":{"type":"LineString","coordinates":[[145.08491,-37.77945],[145.08512,-37.77958],[145.08549,-37.77959],[145.08563,-37.77956],[145.08581,-37.77952],[145.08592,-37.77953],[145.08606,-37.77956],[145.08624,-37.7796],[145.08642,-37.77959],[145.08656,-37.77956],[145.08689,-37.77947]]},"properties":{"name":"Koonung Creek Trail","kind":"road_construction","operator":"","description":""}},{"type":"Feature","geometry":{"type":"LineString","coordinates":[[144.54028,-37.79254],[144.54002,-37.79243],[144.53918,-37.79202],[144.53868,-37.79168],[144.53845,-37.79142],[144.53825,-37.7911],[144.5382,-37.79093],[144.53816,-37.79082],[144.53814,-37.7907],[144.53811,-37.79056],[144.53811,-37.79042]]},"properties":{"name":"Mt Mary Road","kind":"road_construction","operator":"","description":""}},{"type":"Feature","geometry":{"type":"LineString","coordinates":[[144.93649,-37.83038],[144.93963,-37.828],[144.93969,-37.82796],[144.93974,-37.82793],[144.93978,-37.82792],[144.93982,-37.82792],[144.93987,-37.82792],[144.93992,-37.82793],[144.93998,-37.82796],[144.94005,-37.828]]},"properties":{"name":"Future Tram Extension","kind":"rail_proposed","operator":"","description":""}},{"type":"Feature","geometry":{"type":"LineString","coordinates":[[144.94,-37.82804],[144.93994,-37.82801],[144.93989,-37.82799],[144.93983,-37.82798],[144.93979,-37.82798],[144.93976,-37.82799],[144.93972,-37.828],[144.93967,-37.82803],[144.93783,-37.82947],[144.93655,-37.83044]]},"properties":{"name":"Future Tram Extension","kind":"rail_proposed","operator":"","description":""}},{"type":"Feature","geometry":{"type":"LineString","coordinates":[[144.92006,-37.83676],[144.92011,-37.83637],[144.9201,-37.8363],[144.92007,-37.83622],[144.91985,-37.83595],[144.91982,-37.83589],[144.91933,-37.83435],[144.91921,-37.83392],[144.9192,-37.83387],[144.9192,-37.83383],[144.91921,-37.8338],[144.91923,-37.83376],[144.91927,-37.83373],[144.91933,-37.83371],[144.91939,-37.8337],[144.92314,-37.83298],[144.92394,-37.83286],[144.9245,-37.83276],[144.9305,-37.8316],[144.93618,-37.8305],[144.9363,-37.83047],[144.93636,-37.83045],[144.93643,-37.83042],[144.93649,-37.83038]]},"properties":{"name":"Future Tram Extension","kind":"rail_proposed","operator":"","description":""}},{"type":"Feature","geometry":{"type":"LineString","coordinates":[[144.93655,-37.83044],[144.93649,-37.83047],[144.93642,-37.8305],[144.93635,-37.83052],[144.93622,-37.83055],[144.93058,-37.83163],[144.92452,-37.8328],[144.92396,-37.8329],[144.92316,-37.83302],[144.91941,-37.83374],[144.91935,-37.83375],[144.91932,-37.83376],[144.9193,-37.83377],[144.91928,-37.83378],[144.91927,-37.83381],[144.91926,-37.83384],[144.91926,-37.83387],[144.91927,-37.83391],[144.91941,-37.83437],[144.91989,-37.83587],[144.91992,-37.83594],[144.92015,-37.83625],[144.92018,-37.83631],[144.92019,-37.83638],[144.92014,-37.83677]]},"properties":{"name":"Future Tram Extension","kind":"rail_proposed","operator":"","description":""}},{"type":"Feature","geometry":{"type":"LineString","coordinates":[[144.72606,-37.72289],[144.72619,-37.72227],[144.72631,-37.72166],[144.72642,-37.72107],[144.72644,-37.72103],[144.7266,-37.72102],[144.72684,-37.72107],[144.72712,-37.72109]]},"properties":{"name":"Finian Circuit","kind":"road_construction","operator":"","description":""}},{"type":"Feature","geometry":{"type":"LineString","coordinates":[[145.45608,-38.08762],[145.45918,-38.08846],[145.46011,-38.08872],[145.46084,-38.08896],[145.4614,-38.0892],[145.462,-38.08956],[145.46264,-38.09012],[145.46303,-38.09073],[145.46329,-38.09168],[145.4634,-38.09271]]},"properties":{"name":"Proposed Freeway","kind":"road_proposed","operator":"","description":""}},{"type":"Feature","geometry":{"type":"LineString","coordinates":[[145.46287,-38.09421],[145.46287,-38.09352],[145.46271,-38.09286],[145.46239,-38.09213],[145.46175,-38.09135],[145.46084,-38.09071],[145.46007,-38.09031],[145.45923,-38.08985],[145.4585,-38.08942],[145.45798,-38.08908],[145.45593,-38.08778]]},"properties":{"name":"Proposed Freeway","kind":"road_proposed","operator":"","description":""}},{"type":"Feature","geometry":{"type":"LineString","coordinates":[[145.46526,-38.10466],[145.46615,-38.10692],[145.46706,-38.10873],[145.46821,-38.11016],[145.46946,-38.11135],[145.47095,-38.11242],[145.47251,-38.11326],[145.47359,-38.11372],[145.47518,-38.11423],[145.47799,-38.11493]]},"properties":{"name":"Proposed Freeway","kind":"road_proposed","operator":"","description":""}},{"type":"Feature","geometry":{"type":"LineString","coordinates":[[145.47775,-38.11511],[145.47494,-38.11441],[145.47335,-38.1139],[145.47227,-38.11344],[145.47071,-38.1126],[145.46923,-38.11153],[145.46798,-38.11034],[145.46683,-38.10891],[145.46591,-38.10711],[145.46502,-38.1048]]},"properties":{"name":"Proposed Freeway","kind":"road_proposed","operator":"","description":""}},{"type":"Feature","geometry":{"type":"LineString","coordinates":[[145.22025,-37.92054],[145.22039,-37.92069],[145.22061,-37.92098],[145.22109,-37.92157],[145.22154,-37.92188],[145.22217,-37.92226],[145.22218,-37.92241],[145.22211,-37.92279],[145.22204,-37.92316],[145.22205,-37.92337]]},"properties":{"name":"Rochester Road","kind":"road_construction","operator":"","description":""}},{"type":"Feature","geometry":{"type":"LineString","coordinates":[[144.61603,-37.71934],[144.6163,-37.71899],[144.6167,-37.71822],[144.6172,-37.71725],[144.61727,-37.71725],[144.61782,-37.71743],[144.6182,-37.71755],[144.61823,-37.71767],[144.618,-37.71892],[144.6173,-37.71869]]},"properties":{"name":"Chorizema Circuit","kind":"road_construction","operator":"","description":""}},{"type":"Feature","geometry":{"type":"LineString","coordinates":[[144.61692,-37.7197],[144.61699,-37.71929],[144.6173,-37.71869],[144.61732,-37.71864],[144.61734,-37.71857],[144.61732,-37.71846],[144.61732,-37.71842],[144.61732,-37.71837],[144.61734,-37.7183],[144.61782,-37.71743]]},"properties":{"name":"Pimelca Street","kind":"road_construction","operator":"","description":""}},{"type":"Feature","geometry":{"type":"LineString","coordinates":[[144.88065,-37.55481],[144.88063,-37.55491],[144.8802,-37.55527],[144.88013,-37.55567],[144.87997,-37.55596],[144.87991,-37.5563],[144.8798,-37.55633],[144.87906,-37.55624]]},"properties":{"name":"Butcherbird Avenue","kind":"road_construction","operator":"","description":""}},{"type":"Feature","geometry":{"type":"LineString","coordinates":[[144.87927,-37.55516],[144.87906,-37.55624],[144.87904,-37.55635],[144.8789,-37.5564],[144.87823,-37.55631],[144.8782,-37.55623],[144.87842,-37.55509],[144.87853,-37.55506],[144.87927,-37.55516]]},"properties":{"name":"Scrubwren Loop","kind":"road_construction","operator":"","description":""}},{"type":"Feature","geometry":{"type":"LineString","coordinates":[[145.37957,-38.12157],[145.37948,-38.12162],[145.37937,-38.12168],[145.37927,-38.12185],[145.37921,-38.12213],[145.37918,-38.12231],[145.37904,-38.12297],[145.37886,-38.12377],[145.37882,-38.12393],[145.37874,-38.12431],[145.3786,-38.12505]]},"properties":{"name":"Atlas Road","kind":"road_construction","operator":"","description":""}},{"type":"Feature","geometry":{"type":"LineString","coordinates":[[145.37882,-38.12393],[145.3792,-38.12398],[145.37925,-38.124],[145.37977,-38.12454],[145.38028,-38.12508],[145.38046,-38.12513],[145.38084,-38.12518],[145.38118,-38.12523],[145.38125,-38.12522],[145.38237,-38.12457]]},"properties":{"name":"Vela Avenue","kind":"road_construction","operator":"","description":""}},{"type":"Feature","geometry":{"type":"LineString","coordinates":[[144.76422,-37.67662],[144.7646,-37.67631],[144.76524,-37.67577],[144.76609,-37.67513],[144.76626,-37.67499],[144.76632,-37.67493],[144.76639,-37.67483],[144.76647,-37.67466]]},"properties":{"name":"Calder Park Drive","kind":"road_proposed","operator":"","description":""}},{"type":"Feature","geometry":{"type":"LineString","coordinates":[[144.63174,-37.72199],[144.63128,-37.72184],[144.63114,-37.72184],[144.63094,-37.72225],[144.63074,-37.72262],[144.63063,-37.72284],[144.63041,-37.72326],[144.63039,-37.72329]]},"properties":{"name":"Cranberry Crescent","kind":"road_construction","operator":"","description":""}},{"type":"Feature","geometry":{"type":"LineString","coordinates":[[144.5816,-37.89228],[144.5815,-37.89227],[144.5808,-37.89218],[144.58038,-37.89212],[144.57959,-37.89202],[144.57878,-37.89191],[144.57846,-37.89187],[144.57798,-37.89177]]},"properties":{"name":"Gardenvale Avenue","kind":"road_construction","operator":"","description":""}},{"type":"Feature","geometry":{"type":"LineString","coordinates":[[145.01052,-37.54022],[145.01053,-37.54017],[145.01057,-37.53989],[145.01061,-37.53967],[145.01065,-37.53938],[145.01069,-37.53915],[145.01068,-37.53859],[145.01066,-37.53848],[145.01063,-37.53835],[145.0105,-37.5378]]},"properties":{"name":"Batehaven Crescent","kind":"road_construction","operator":"","description":""}},{"type":"Feature","geometry":{"type":"LineString","coordinates":[[145.4202,-38.08398],[145.4201,-38.08386],[145.42007,-38.0838],[145.42006,-38.08374],[145.42006,-38.08371],[145.42007,-38.08367],[145.42008,-38.08365],[145.4201,-38.08362],[145.42014,-38.0836],[145.42017,-38.08358],[145.4202,-38.08357],[145.42026,-38.08356],[145.42149,-38.0834],[145.42153,-38.08338],[145.42155,-38.08334],[145.42155,-38.08324]]},"properties":{"name":"Kokoda Drive","kind":"road_construction","operator":"","description":""}},{"type":"Feature","geometry":{"type":"LineString","coordinates":[[144.90702,-37.52083],[144.90699,-37.52087],[144.90691,-37.52104],[144.90688,-37.52117],[144.90686,-37.52127],[144.9068,-37.52155],[144.90678,-37.52166],[144.90674,-37.52188],[144.90666,-37.52226]]},"properties":{"name":"Seacombe Drive","kind":"road_construction","operator":"","description":""}},{"type":"Feature","geometry":{"type":"LineString","coordinates":[[144.88451,-37.55453],[144.88466,-37.55376],[144.88465,-37.55344],[144.88486,-37.55292],[144.88494,-37.55283],[144.8854,-37.55239],[144.88598,-37.55202],[144.88615,-37.55182],[144.88625,-37.55162],[144.88626,-37.55157],[144.88631,-37.55139],[144.88639,-37.55096],[144.88662,-37.54976],[144.88669,-37.54938],[144.88673,-37.54922],[144.88679,-37.54904],[144.88686,-37.54891],[144.88694,-37.54878],[144.88699,-37.54871],[144.8871,-37.5486],[144.88734,-37.54835],[144.88754,-37.54808],[144.88763,-37.54792],[144.88766,-37.5478]]},"properties":{"name":"Brossard Road","kind":"road_construction","operator":"","description":""}},{"type":"Feature","geometry":{"type":"LineString","coordinates":[[144.88779,-37.5478],[144.88775,-37.54793],[144.88764,-37.54815],[144.88748,-37.54838],[144.88723,-37.54862],[144.88712,-37.54873],[144.88707,-37.54879],[144.88699,-37.54892],[144.88693,-37.54906],[144.88687,-37.54922],[144.88682,-37.5494],[144.88676,-37.54977],[144.88673,-37.54992],[144.88671,-37.55003],[144.88645,-37.55139],[144.8864,-37.5516],[144.88633,-37.5518],[144.88625,-37.55195],[144.88608,-37.55213],[144.88551,-37.5525],[144.88501,-37.55298],[144.88482,-37.55346],[144.88482,-37.55375],[144.88467,-37.55455]]},"properties":{"name":"Brossard Road","kind":"road_construction","operator":"","description":""}},{"type":"Feature","geometry":{"type":"LineString","coordinates":[[144.68649,-37.76191],[144.68596,-37.76144],[144.68495,-37.76054],[144.68548,-37.76014],[144.68552,-37.76013],[144.68651,-37.761],[144.68653,-37.76103],[144.68596,-37.76144]]},"properties":{"name":"Bumbunga Circuit","kind":"road_construction","operator":"","description":""}},{"type":"Feature","geometry":{"type":"LineString","coordinates":[[145.23651,-38.12969],[145.23655,-38.12968],[145.2371,-38.12944],[145.23695,-38.12923],[145.2368,-38.12902],[145.23657,-38.12875],[145.23647,-38.12861],[145.23643,-38.1286],[145.2363,-38.12858]]},"properties":{"name":"Calico Crescent","kind":"road_construction","operator":"","description":""}},{"type":"Feature","geometry":{"type":"LineString","coordinates":[[144.69533,-37.73277],[144.69524,-37.73271],[144.69497,-37.73253],[144.69455,-37.73206],[144.69431,-37.73178],[144.69415,-37.73148],[144.69407,-37.73122],[144.69408,-37.73105],[144.69408,-37.73083],[144.69411,-37.7306],[144.69393,-37.72976],[144.69386,-37.72946]]},"properties":{"name":"Bray Street","kind":"road_construction","operator":"","description":""}},{"type":"Feature","geometry":{"type":"LineString","coordinates":[[144.99039,-37.59124],[144.98949,-37.59115],[144.98927,-37.59112],[144.98885,-37.59093],[144.98863,-37.59089],[144.9886,-37.5908],[144.98865,-37.59042],[144.98874,-37.58985]]},"properties":{"name":"Broombrush Road","kind":"road_construction","operator":"","description":""}},{"type":"Feature","geometry":{"type":"LineString","coordinates":[[144.99896,-37.63217],[144.9986,-37.63213],[144.99821,-37.63209],[144.99823,-37.63197],[144.99838,-37.63162],[144.99845,-37.63144],[144.99872,-37.63146],[144.99908,-37.6315]]},"properties":{"name":"Elysium Crescent","kind":"road_construction","operator":"","description":""}},{"type":"Feature","geometry":{"type":"LineString","coordinates":[[144.53825,-37.7911],[144.53797,-37.79111],[144.53755,-37.79114],[144.53721,-37.79117],[144.53677,-37.7912],[144.53641,-37.79123],[144.53597,-37.79127],[144.53517,-37.79133],[144.53479,-37.79135],[144.53461,-37.79136],[144.53398,-37.79129],[144.53318,-37.79119],[144.53232,-37.79109]]},"properties":{"name":"Kanagulk Road","kind":"road_construction","operator":"","description":""}},{"type":"Feature","geometry":{"type":"LineString","coordinates":[[144.53517,-37.79133],[144.53509,-37.79072],[144.53504,-37.79029],[144.53506,-37.79001],[144.5352,-37.78931],[144.53527,-37.78918],[144.53536,-37.78909],[144.53558,-37.78887]]},"properties":{"name":"Coleraine Road","kind":"road_construction","operator":"","description":""}},{"type":"Feature","geometry":{"type":"LineString","coordinates":[[144.90484,-37.83103],[144.90655,-37.82935],[144.90665,-37.82927],[144.90676,-37.82919],[144.90783,-37.82859],[144.91041,-37.82708],[144.91067,-37.82691],[144.91076,-37.82688],[144.91083,-37.82685],[144.91091,-37.82684],[144.91176,-37.82678],[144.91196,-37.82675],[144.91692,-37.8258],[144.91703,-37.82578],[144.91713,-37.82573],[144.91895,-37.82456],[144.91901,-37.82453],[144.91906,-37.8245],[144.91912,-37.82448],[144.91919,-37.82447],[144.92207,-37.82388],[144.92233,-37.82384],[144.92247,-37.82382],[144.92285,-37.82377],[144.92303,-37.82376],[144.92321,-37.82376],[144.92387,-37.82374],[144.92471,-37.82374],[144.92547,-37.82376],[144.92962,-37.82388],[144.93111,-37.82394],[144.93293,-37.82399],[144.93408,-37.82403],[144.93428,-37.82403],[144.93437,-37.82402],[144.93443,-37.82401],[144.93448,-37.82399],[144.93469,-37.8239],[144.93475,-37.82389],[144.93481,-37.82387],[144.93487,-37.82387],[144.93491,-37.82387],[144.93498,-37.82388],[144.93505,-37.8239],[144.93509,-37.82392],[144.93513,-37.82395],[144.94005,-37.828],[144.94175,-37.82941],[144.94192,-37.82954],[144.94209,-37.82967],[144.94228,-37.82979],[144.94418,-37.83103],[144.94454,-37.8313],[144.94462,-37.83137],[144.9452,-37.83199],[144.94522,-37.83201],[144.94524,-37.83202],[144.94528,-37.83203],[144.94532,-37.83204],[144.94535,-37.83205],[144.94539,-37.83204],[144.94544,-37.83204],[144.94548,-37.83202],[144.94553,-37.832]]},"properties":{"name":"Future Tram Extension","kind":"rail_proposed","operator":"","description":""}},{"type":"Feature","geometry":{"type":"LineString","coordinates":[[144.94555,-37.83203],[144.9455,-37.83205],[144.94545,-37.83207],[144.94542,-37.83207],[144.94539,-37.83208],[144.94537,-37.83208],[144.94534,-37.83208],[144.94531,-37.83208],[144.94528,-37.83207],[144.94524,-37.83206],[144.94521,-37.83205],[144.94519,-37.83204],[144.94516,-37.83201],[144.94458,-37.8314],[144.94448,-37.83132],[144.9443,-37.83117],[144.94412,-37.83106],[144.9423,-37.82989],[144.94209,-37.82974],[144.94186,-37.82958],[144.9417,-37.82946],[144.94,-37.82804],[144.9351,-37.82397],[144.93505,-37.82395],[144.935,-37.82393],[144.93493,-37.82392],[144.93487,-37.82391],[144.9348,-37.82392],[144.93474,-37.82393],[144.9345,-37.82403],[144.93444,-37.82405],[144.93438,-37.82406],[144.93431,-37.82407],[144.93411,-37.82406],[144.93111,-37.82397],[144.92948,-37.82391],[144.92645,-37.82382],[144.92548,-37.82378],[144.92473,-37.82376],[144.92368,-37.82378],[144.9232,-37.82379],[144.92303,-37.82379],[144.92286,-37.82381],[144.92233,-37.82388],[144.91919,-37.82452],[144.91913,-37.82453],[144.91908,-37.82455],[144.91904,-37.82457],[144.919,-37.82459],[144.91716,-37.8258],[144.91706,-37.82585],[144.91694,-37.82588],[144.91196,-37.8268],[144.91178,-37.82682],[144.91093,-37.82688],[144.91085,-37.8269],[144.91076,-37.82693],[144.91045,-37.82712],[144.90786,-37.82863],[144.90683,-37.82923],[144.90672,-37.8293],[144.90661,-37.82939],[144.90491,-37.83108]]},"properties":{"name":"Future Tram Extension","kind":"rail_proposed","operator":"","description":""}},{"type":"Feature","geometry":{"type":"LineString","coordinates":[[144.46677,-37.63074],[144.46674,-37.63054],[144.4668,-37.63035],[144.46694,-37.63017],[144.46713,-37.63004],[144.46739,-37.62996],[144.46767,-37.62995],[144.46794,-37.63002],[144.46816,-37.63016],[144.46831,-37.63034],[144.46837,-37.63056],[144.46834,-37.63078],[144.46821,-37.63098],[144.46801,-37.63113],[144.46775,-37.63122],[144.4675,-37.63124],[144.46725,-37.63119],[144.46703,-37.63108],[144.46686,-37.63093],[144.46677,-37.63074]]},"properties":{"name":"Eastern Link Road","kind":"road_proposed","operator":"","description":""}},{"type":"Feature","geometry":{"type":"LineString","coordinates":[[144.4675,-37.63124],[144.46752,-37.63842],[144.46718,-37.64332],[144.4673,-37.64638],[144.46712,-37.64752],[144.46666,-37.64853],[144.46511,-37.6508],[144.4635,-37.65226],[144.46233,-37.6536],[144.46187,-37.65463],[144.46166,-37.65573],[144.46165,-37.6569],[144.46209,-37.65821],[144.46319,-37.66014],[144.46325,-37.66047],[144.46316,-37.66234],[144.46246,-37.66644],[144.46235,-37.66721]]},"properties":{"name":"Eastern Link Road","kind":"road_proposed","operator":"","description":""}},{"type":"Feature","geometry":{"type":"LineString","coordinates":[[144.46219,-37.66756],[144.46213,-37.66752],[144.46209,-37.66746],[144.46208,-37.6674],[144.46209,-37.66733],[144.46213,-37.66728],[144.4622,-37.66723],[144.46227,-37.66721],[144.46235,-37.66721],[144.46242,-37.66722],[144.46249,-37.66726],[144.46254,-37.6673],[144.46256,-37.66736],[144.46256,-37.66743],[144.46254,-37.66748],[144.46249,-37.66754],[144.46243,-37.66757],[144.46235,-37.66759],[144.46227,-37.66758],[144.46219,-37.66756]]},"properties":{"name":"Eastern Link Road","kind":"road_proposed","operator":"","description":""}},{"type":"Feature","geometry":{"type":"LineString","coordinates":[[144.46161,-37.66884],[144.46155,-37.6688],[144.46151,-37.66874],[144.4615,-37.66868],[144.46151,-37.66861],[144.46155,-37.66856],[144.46161,-37.66851],[144.46168,-37.66849],[144.46176,-37.66849],[144.46184,-37.6685],[144.4619,-37.66854],[144.46195,-37.66858],[144.46198,-37.66864],[144.46198,-37.66871],[144.46196,-37.66876],[144.46191,-37.66881],[144.46185,-37.66885],[144.46177,-37.66887],[144.46169,-37.66886],[144.46161,-37.66884]]},"properties":{"name":"Eastern Link Road","kind":"road_proposed","operator":"","description":""}},{"type":"Feature","geometry":{"type":"LineString","coordinates":[[144.54069,-37.79314],[144.54066,-37.79317],[144.54057,-37.79322],[144.54043,-37.79328],[144.54025,-37.7933],[144.53981,-37.79322],[144.53894,-37.79313],[144.53816,-37.79311],[144.53746,-37.79314],[144.53667,-37.79323],[144.53577,-37.79341],[144.53538,-37.79352],[144.53516,-37.79359],[144.53483,-37.7937],[144.53439,-37.79387],[144.53419,-37.79396],[144.53386,-37.79411],[144.53365,-37.79422],[144.53344,-37.79433],[144.53304,-37.79457],[144.53296,-37.79462],[144.53284,-37.79469],[144.53257,-37.79488],[144.53231,-37.79507],[144.53194,-37.79538],[144.53158,-37.79574]]},"properties":{"name":"Green Hill Road","kind":"road_construction","operator":"","description":""}},{"type":"Feature","geometry":{"type":"LineString","coordinates":[[144.53729,-37.79183],[144.53852,-37.79173],[144.53868,-37.79184],[144.5388,-37.79191],[144.53895,-37.79201],[144.53908,-37.79208],[144.53999,-37.79255],[144.53981,-37.79322]]},"properties":{"name":"Jilpanger Crescent","kind":"road_construction","operator":"","description":""}},{"type":"Feature","geometry":{"type":"LineString","coordinates":[[144.69694,-37.61683],[144.69703,-37.61678],[144.69705,-37.6167],[144.69705,-37.61665],[144.69706,-37.61658],[144.69707,-37.6165],[144.69708,-37.6164],[144.69708,-37.61634],[144.69708,-37.61623]]},"properties":{"name":"Barnwood Walk","kind":"road_construction","operator":"","description":""}},{"type":"Feature","geometry":{"type":"LineString","coordinates":[[144.75372,-37.6014],[144.75314,-37.60195],[144.75299,-37.60209],[144.75264,-37.60242],[144.75243,-37.60263],[144.75214,-37.60289],[144.75185,-37.60316],[144.75168,-37.60332],[144.7514,-37.60359]]},"properties":{"name":"Avocet Road","kind":"road_construction","operator":"","description":""}},{"type":"Feature","geometry":{"type":"LineString","coordinates":[[144.56015,-38.16642],[144.56006,-38.1669],[144.56005,-38.16694],[144.56007,-38.16697],[144.56008,-38.16701],[144.56011,-38.16703],[144.56015,-38.16704],[144.5605,-38.16707],[144.56085,-38.16711],[144.561,-38.16713],[144.56102,-38.16713],[144.56111,-38.16715],[144.56119,-38.16715],[144.56126,-38.16716],[144.5613,-38.16717]]},"properties":{"name":"Mataranka Grove","kind":"road_construction","operator":"","description":""}},{"type":"Feature","geometry":{"type":"LineString","coordinates":[[145.42485,-38.05619],[145.42488,-38.05626],[145.42489,-38.05642],[145.42488,-38.05655],[145.42477,-38.05676],[145.42453,-38.05698],[145.42435,-38.05717],[145.42418,-38.0574],[145.42404,-38.0576]]},"properties":{"name":"Ulmus Street","kind":"road_construction","operator":"","description":""}},{"type":"Feature","geometry":{"type":"LineString","coordinates":[[145.38183,-38.12708],[145.38198,-38.1271],[145.38276,-38.1272],[145.38292,-38.12659],[145.38293,-38.12597],[145.38284,-38.12589],[145.38191,-38.12577],[145.38156,-38.12572],[145.38144,-38.1257],[145.38131,-38.12571]]},"properties":{"name":"Thetford Crescent","kind":"road_construction","operator":"","description":""}},{"type":"Feature","geometry":{"type":"LineString","coordinates":[[144.86575,-37.82924],[144.86585,-37.82874],[144.86586,-37.82872],[144.86588,-37.82865],[144.86591,-37.82861],[144.86594,-37.82858],[144.86597,-37.82854],[144.866,-37.82845],[144.86602,-37.82832]]},"properties":{"name":"Primrose Street","kind":"road_construction","operator":"","description":""}},{"type":"Feature","geometry":{"type":"LineString","coordinates":[[145.02174,-37.59366],[145.02276,-37.59377],[145.02286,-37.59374],[145.0229,-37.5935],[145.02283,-37.59322],[145.02272,-37.59317],[145.02184,-37.59309],[145.02171,-37.59307]]},"properties":{"name":"Cuscus Street","kind":"road_construction","operator":"","description":""}},{"type":"Feature","geometry":{"type":"LineString","coordinates":[[144.92311,-37.68062],[144.9232,-37.68062],[144.92328,-37.68064],[144.92343,-37.68069],[144.92373,-37.68079],[144.92376,-37.68085],[144.92376,-37.68092],[144.92362,-37.68124],[144.92352,-37.68146],[144.92339,-37.68162],[144.92335,-37.68167]]},"properties":{"name":"Chassis Drive","kind":"road_construction","operator":"","description":""}},{"type":"Feature","geometry":{"type":"LineString","coordinates":[[144.92692,-37.67919],[144.9269,-37.67927],[144.92686,-37.67952],[144.92676,-37.68],[144.92675,-37.68007],[144.92672,-37.68023],[144.92674,-37.6803],[144.92759,-37.68041],[144.92769,-37.68038],[144.92774,-37.68012],[144.92783,-37.67963],[144.92788,-37.67939],[144.92789,-37.67931]]},"properties":{"name":"Yakka Crescent","kind":"road_construction","operator":"","description":""}},{"type":"Feature","geometry":{"type":"LineString","coordinates":[[145.15999,-38.00882],[145.1599,-38.00881],[145.15948,-38.00876],[145.15841,-38.00861],[145.15795,-38.00856],[145.15782,-38.00858],[145.15774,-38.009],[145.15777,-38.00909],[145.15937,-38.0093]]},"properties":{"name":"Rosella Loop","kind":"road_construction","operator":"","description":""}},{"type":"Feature","geometry":{"type":"LineString","coordinates":[[145.25179,-38.04019],[145.25188,-38.04008],[145.25219,-38.03993],[145.253,-38.04004],[145.25309,-38.04001],[145.25318,-38.03957],[145.25315,-38.03949],[145.25138,-38.03926],[145.25116,-38.0393]]},"properties":{"name":"Pinebrook Loop","kind":"road_construction","operator":"","description":""}},{"type":"Feature","geometry":{"type":"LineString","coordinates":[[144.57706,-37.89385],[144.57711,-37.89374],[144.57738,-37.89311],[144.57766,-37.89247],[144.57779,-37.8922],[144.57794,-37.89186],[144.57798,-37.89177],[144.57822,-37.89124],[144.57834,-37.89099]]},"properties":{"name":"Fineleg Avenue","kind":"road_construction","operator":"","description":""}},{"type":"Feature","geometry":{"type":"LineString","coordinates":[[144.59015,-37.88643],[144.5905,-37.88656],[144.59119,-37.8869],[144.59125,-37.88683],[144.59142,-37.88661],[144.59166,-37.88674],[144.59176,-37.88678],[144.59194,-37.88686],[144.592,-37.88688],[144.59228,-37.88699],[144.59229,-37.88699],[144.59253,-37.88706],[144.59285,-37.88714],[144.59295,-37.88718],[144.59296,-37.88722]]},"properties":{"name":"Yarto Walk","kind":"road_construction","operator":"","description":""}},{"type":"Feature","geometry":{"type":"LineString","coordinates":[[144.9611,-37.5077],[144.96129,-37.50767],[144.96168,-37.50758],[144.96211,-37.5075],[144.96247,-37.50747],[144.96704,-37.50731],[144.96726,-37.5073],[144.9714,-37.50717]]},"properties":{"name":"Emperor Drive","kind":"road_construction","operator":"","description":""}},{"type":"Feature","geometry":{"type":"LineString","coordinates":[[144.9611,-37.5077],[144.95968,-37.50776],[144.9593,-37.50776],[144.95889,-37.50779],[144.95802,-37.50782],[144.95739,-37.50784],[144.95723,-37.50785],[144.95634,-37.50788],[144.95553,-37.5079],[144.95506,-37.50792],[144.95434,-37.50794],[144.9541,-37.50794],[144.95408,-37.50749],[144.95423,-37.50718],[144.9545,-37.50661],[144.95477,-37.50604],[144.95487,-37.50583],[144.95495,-37.50566],[144.95504,-37.50554],[144.95527,-37.5053],[144.95555,-37.50501]]},"properties":{"name":"Basalt Street","kind":"road_construction","operator":"","description":""}},{"type":"Feature","geometry":{"type":"LineString","coordinates":[[145.24387,-38.10377],[145.24334,-38.10371],[145.24219,-38.10357],[145.24213,-38.10356],[145.24174,-38.1035],[145.24131,-38.10346],[145.23892,-38.10318],[145.23848,-38.10314]]},"properties":{"name":"Everest Road","kind":"road_construction","operator":"","description":""}},{"type":"Feature","geometry":{"type":"LineString","coordinates":[[145.2408,-38.09401],[145.24059,-38.09503],[145.24039,-38.096],[145.24016,-38.09707],[145.23984,-38.09861],[145.23969,-38.09897],[145.23936,-38.09952],[145.23927,-38.09969],[145.23915,-38.09992],[145.23907,-38.1002],[145.23899,-38.10046],[145.23897,-38.10054],[145.23848,-38.10314],[145.23798,-38.1058],[145.23773,-38.10641],[145.23761,-38.10708]]},"properties":{"name":"Whitfield Boulevard","kind":"road_construction","operator":"","description":""}},{"type":"Feature","geometry":{"type":"LineString","coordinates":[[144.70675,-37.71545],[144.70751,-37.71554],[144.70815,-37.71562],[144.70829,-37.71565],[144.7085,-37.71567],[144.70909,-37.71575],[144.70991,-37.71584],[144.71044,-37.7159],[144.71082,-37.71595]]},"properties":{"name":"Silver Banksia Road","kind":"road_construction","operator":"","description":""}},{"type":"Feature","geometry":{"type":"LineString","coordinates":[[144.71205,-37.71406],[144.71277,-37.71415],[144.71274,-37.71429],[144.71266,-37.7145],[144.71252,-37.71523],[144.71239,-37.71592],[144.71231,-37.71626],[144.71217,-37.71699],[144.7121,-37.71735],[144.71206,-37.71758],[144.71164,-37.71752],[144.71131,-37.71748],[144.71084,-37.71743]]},"properties":{"name":"Biodiversity Esplanade","kind":"road_construction","operator":"","description":""}},{"type":"Feature","geometry":{"type":"LineString","coordinates":[[145.34176,-38.13019],[145.34189,-38.1295],[145.34199,-38.12899],[145.34216,-38.12893],[145.34285,-38.12893],[145.34413,-38.12908],[145.344,-38.12974],[145.34387,-38.13043]]},"properties":{"name":"Recreation Circuit","kind":"road_construction","operator":"","description":""}},{"type":"Feature","geometry":{"type":"LineString","coordinates":[[145.51506,-38.07331],[145.51567,-38.07339],[145.51773,-38.07367],[145.51929,-38.07389],[145.51942,-38.07389],[145.5197,-38.07387],[145.51991,-38.07383],[145.52006,-38.07381],[145.52027,-38.07381],[145.52156,-38.07399],[145.52181,-38.07402],[145.52212,-38.07406],[145.52369,-38.07428],[145.52404,-38.07429],[145.52453,-38.0743],[145.52481,-38.0743],[145.52531,-38.07426],[145.52576,-38.0742],[145.52648,-38.07407],[145.52686,-38.074],[145.52741,-38.07372],[145.52821,-38.07322],[145.52857,-38.073]]},"properties":{"name":"Canty Lane","kind":"road_construction","operator":"","description":""}},{"type":"Feature","geometry":{"type":"LineString","coordinates":[[145.12955,-37.82042],[145.13144,-37.82069],[145.13301,-37.82092],[145.1345,-37.82114],[145.13612,-37.82137],[145.13655,-37.82144],[145.13691,-37.82149],[145.13708,-37.82152],[145.13725,-37.82154],[145.13742,-37.82156],[145.13754,-37.82157],[145.13766,-37.82158],[145.13776,-37.82159],[145.13787,-37.82159],[145.13799,-37.82159],[145.13816,-37.82158],[145.13827,-37.82157],[145.13837,-37.82156],[145.13848,-37.82155],[145.13858,-37.82154],[145.13868,-37.82153],[145.13877,-37.82151],[145.13885,-37.8215],[145.13894,-37.82148],[145.13901,-37.82146],[145.13911,-37.82144],[145.13919,-37.82142],[145.13928,-37.82139],[145.13937,-37.82136],[145.13945,-37.82134],[145.13956,-37.8213],[145.13967,-37.82125],[145.13978,-37.82121],[145.13995,-37.82113],[145.14012,-37.82105],[145.14029,-37.82097]]},"properties":{"name":"Box Hill => Blackburn Triplication","kind":"rail_proposed","operator":"Metro Trains Melbourne","description":""}},{"type":"Feature","geometry":{"type":"LineString","coordinates":[[145.13831,-38.15165],[145.13898,-38.15182],[145.13982,-38.15204],[145.1402,-38.15214]]},"properties":{"name":"Planned/under construction","kind":"rail_proposed","operator":"","description":""}},{"type":"Feature","geometry":{"type":"LineString","coordinates":[[144.60225,-37.73127],[144.60275,-37.73136],[144.6031,-37.73143],[144.60332,-37.73148],[144.60352,-37.73154],[144.60382,-37.73161],[144.60454,-37.73168],[144.60887,-37.73213]]},"properties":{"name":"Exford Road","kind":"road_construction","operator":"","description":""}},{"type":"Feature","geometry":{"type":"LineString","coordinates":[[144.60837,-37.91789],[144.60822,-37.9186],[144.60824,-37.91868],[144.6094,-37.91873],[144.60944,-37.91873],[144.60994,-37.91853],[144.60997,-37.91844],[144.61004,-37.91816]]},"properties":{"name":"Karratha Way","kind":"road_construction","operator":"","description":""}},{"type":"Feature","geometry":{"type":"LineString","coordinates":[[145.52418,-38.07283],[145.52545,-38.07299],[145.52569,-38.07303],[145.52586,-38.0731],[145.52611,-38.07345],[145.52628,-38.0737],[145.52648,-38.07407],[145.52652,-38.07441],[145.52655,-38.07449]]},"properties":{"name":"Stirling Way","kind":"road_construction","operator":"","description":""}},{"type":"Feature","geometry":{"type":"LineString","coordinates":[[144.58214,-37.88961],[144.58075,-37.88972],[144.58069,-37.88972],[144.58048,-37.88966],[144.58016,-37.88957],[144.57986,-37.88949],[144.57945,-37.88937],[144.5791,-37.88926]]},"properties":{"name":"Dashing Street","kind":"road_construction","operator":"","description":""}},{"type":"Feature","geometry":{"type":"LineString","coordinates":[[144.58138,-37.88579],[144.57995,-37.88659],[144.5798,-37.88674],[144.5796,-37.88693],[144.57954,-37.88699],[144.57932,-37.88713],[144.57886,-37.88736],[144.57782,-37.8879],[144.57716,-37.88823],[144.577,-37.88823],[144.57625,-37.88819]]},"properties":{"name":"Pebblebrook Crescent","kind":"road_construction","operator":"","description":""}},{"type":"Feature","geometry":{"type":"LineString","coordinates":[[144.96451,-37.51019],[144.96421,-37.51199],[144.96417,-37.51229],[144.96418,-37.51237],[144.96469,-37.51242],[144.96485,-37.51242],[144.96551,-37.51246],[144.96574,-37.51244],[144.96576,-37.51236],[144.96584,-37.5119],[144.96592,-37.51153],[144.96599,-37.51103],[144.9651,-37.51093]]},"properties":{"name":"Shrubland Road","kind":"road_construction","operator":"","description":""}},{"type":"Feature","geometry":{"type":"LineString","coordinates":[[144.56083,-37.70713],[144.56155,-37.70658],[144.562,-37.70621],[144.5625,-37.70581]]},"properties":{"name":"Ararat/Maryborough Line","kind":"rail_construction","operator":"","description":""}},{"type":"Feature","geometry":{"type":"LineString","coordinates":[[144.5625,-37.70581],[144.56302,-37.70541],[144.56326,-37.70521],[144.56378,-37.70483]]},"properties":{"name":"Ararat/Maryborough Line","kind":"rail_construction","operator":"","description":""}},{"type":"Feature","geometry":{"type":"LineString","coordinates":[[144.56378,-37.70483],[144.56418,-37.70456],[144.5645,-37.70435],[144.56477,-37.7042],[144.56506,-37.70403]]},"properties":{"name":"Ararat/Maryborough Line","kind":"rail_construction","operator":"","description":""}},{"type":"Feature","geometry":{"type":"LineString","coordinates":[[144.56381,-37.70487],[144.56421,-37.7046],[144.56453,-37.70439],[144.5648,-37.70424],[144.56509,-37.70407]]},"properties":{"name":"Ararat/Maryborough Line","kind":"rail_construction","operator":"","description":""}},{"type":"Feature","geometry":{"type":"LineString","coordinates":[[144.56065,-37.70735],[144.56086,-37.70718],[144.56157,-37.70662],[144.56203,-37.70626],[144.56253,-37.70585]]},"properties":{"name":"Ararat/Maryborough Line","kind":"rail_construction","operator":"","description":""}},{"type":"Feature","geometry":{"type":"LineString","coordinates":[[144.56253,-37.70585],[144.56304,-37.70545],[144.56329,-37.70526],[144.56381,-37.70487]]},"properties":{"name":"Ararat/Maryborough Line","kind":"rail_construction","operator":"","description":""}},{"type":"Feature","geometry":{"type":"LineString","coordinates":[[144.56974,-37.70338],[144.5698,-37.70338],[144.5724,-37.7036],[144.57249,-37.7036]]},"properties":{"name":"Ararat/Maryborough Line","kind":"rail_construction","operator":"","description":""}},{"type":"Feature","geometry":{"type":"LineString","coordinates":[[144.56973,-37.70343],[144.5698,-37.70343],[144.5724,-37.70365],[144.57249,-37.70365]]},"properties":{"name":"Ararat/Maryborough Line","kind":"rail_construction","operator":"","description":""}},{"type":"Feature","geometry":{"type":"LineString","coordinates":[[144.56974,-37.70322],[144.56985,-37.70323],[144.57241,-37.70344],[144.57246,-37.70345]]},"properties":{"name":"Melton Terminating Tracks","kind":"rail_construction","operator":"","description":""}},{"type":"Feature","geometry":{"type":"LineString","coordinates":[[144.56974,-37.70326],[144.56985,-37.70327],[144.57241,-37.70348],[144.57246,-37.70349]]},"properties":{"name":"Melton Terminating Tracks","kind":"rail_construction","operator":"","description":""}},{"type":"Feature","geometry":{"type":"LineString","coordinates":[[144.57668,-37.70392],[144.57684,-37.70393],[144.57694,-37.70394],[144.57729,-37.70398],[144.57761,-37.70403],[144.57797,-37.70409],[144.57823,-37.70413],[144.57842,-37.70417],[144.57855,-37.7042]]},"properties":{"name":"Ararat/Maryborough Line","kind":"rail_construction","operator":"","description":""}},{"type":"Feature","geometry":{"type":"LineString","coordinates":[[144.57507,-37.70385],[144.57593,-37.70391],[144.57615,-37.70392],[144.57668,-37.70396]]},"properties":{"name":"Ararat/Maryborough Line","kind":"rail_construction","operator":"","description":""}},{"type":"Feature","geometry":{"type":"LineString","coordinates":[[144.57249,-37.70365],[144.57401,-37.70377],[144.57461,-37.70382],[144.57471,-37.70382]]},"properties":{"name":"Ararat/Maryborough Line","kind":"rail_construction","operator":"","description":""}},{"type":"Feature","geometry":{"type":"LineString","coordinates":[[144.57249,-37.7036],[144.57411,-37.70373],[144.57454,-37.70376],[144.57472,-37.70378]]},"properties":{"name":"Ararat/Maryborough Line","kind":"rail_construction","operator":"","description":""}},{"type":"Feature","geometry":{"type":"LineString","coordinates":[[144.57472,-37.70378],[144.57478,-37.70378],[144.57499,-37.7038],[144.57507,-37.7038]]},"properties":{"name":"Ararat/Maryborough Line","kind":"rail_construction","operator":"","description":""}},{"type":"Feature","geometry":{"type":"LineString","coordinates":[[144.57471,-37.70382],[144.57478,-37.70383],[144.57507,-37.70385]]},"properties":{"name":"Ararat/Maryborough Line","kind":"rail_construction","operator":"","description":""}},{"type":"Feature","geometry":{"type":"LineString","coordinates":[[144.57245,-37.70359],[144.56975,-37.70336]]},"properties":{"name":"3","kind":"rail_construction","operator":"","description":""}},{"type":"Feature","geometry":{"type":"LineString","coordinates":[[144.56974,-37.70344],[144.57244,-37.70366]]},"properties":{"name":"4","kind":"rail_construction","operator":"","description":""}},{"type":"Feature","geometry":{"type":"LineString","coordinates":[[144.57245,-37.7035],[144.56976,-37.70327]]},"properties":{"name":"2","kind":"rail_construction","operator":"","description":""}},{"type":"Feature","geometry":{"type":"LineString","coordinates":[[144.56977,-37.70321],[144.57246,-37.70343]]},"properties":{"name":"1","kind":"rail_construction","operator":"","description":""}},{"type":"Feature","geometry":{"type":"LineString","coordinates":[[144.71439,-37.8073],[144.71427,-37.80822],[144.71423,-37.80847],[144.71421,-37.8086],[144.71407,-37.80963],[144.71399,-37.81031],[144.71388,-37.81064],[144.71385,-37.81073],[144.71381,-37.81082],[144.71373,-37.81108]]},"properties":{"name":"Morris Road","kind":"road_construction","operator":"","description":""}},{"type":"Feature","geometry":{"type":"LineString","coordinates":[[144.71359,-37.81105],[144.71369,-37.81078],[144.71372,-37.81069],[144.71374,-37.81062],[144.7138,-37.81034],[144.7139,-37.80961],[144.71408,-37.8083],[144.71422,-37.80729]]},"properties":{"name":"Morris Road","kind":"road_construction","operator":"","description":""}},{"type":"Feature","geometry":{"type":"LineString","coordinates":[[144.65735,-37.81376],[144.65747,-37.81307],[144.65762,-37.81231],[144.65768,-37.81194],[144.65789,-37.81082],[144.65799,-37.81025],[144.65804,-37.81008],[144.65808,-37.80988]]},"properties":{"name":"Davis Road","kind":"road_construction","operator":"","description":""}},{"type":"Feature","geometry":{"type":"LineString","coordinates":[[144.66057,-37.81278],[144.65983,-37.81269],[144.65913,-37.81261],[144.65877,-37.81257],[144.65842,-37.81253],[144.65782,-37.81246],[144.65784,-37.81174],[144.65802,-37.81085],[144.65872,-37.81093]]},"properties":{"name":"Ferryside Crescent","kind":"road_construction","operator":"","description":""}},{"type":"Feature","geometry":{"type":"LineString","coordinates":[[144.73115,-37.83069],[144.73096,-37.8299],[144.73081,-37.82936],[144.73058,-37.82858],[144.73047,-37.82826],[144.73026,-37.82763],[144.72995,-37.82603],[144.72993,-37.82582]]},"properties":{"name":"Forsyth Road","kind":"road_construction","operator":"","description":""}},{"type":"Feature","geometry":{"type":"LineString","coordinates":[[144.84623,-37.75584],[144.84611,-37.75582],[144.84607,-37.75582],[144.84564,-37.75581],[144.84544,-37.75587],[144.84493,-37.75734],[144.84497,-37.75746],[144.84524,-37.75759],[144.84541,-37.75767],[144.84557,-37.75774]]},"properties":{"name":"Woodland Circuit","kind":"road_construction","operator":"","description":""}},{"type":"Feature","geometry":{"type":"LineString","coordinates":[[145.14207,-37.82005],[145.14216,-37.82001],[145.14224,-37.81998],[145.14232,-37.81995],[145.1424,-37.81992],[145.14247,-37.8199],[145.14255,-37.81987],[145.14262,-37.81985],[145.1427,-37.81983],[145.14282,-37.8198],[145.14295,-37.81977],[145.14303,-37.81976],[145.14311,-37.81974],[145.14321,-37.81973],[145.14333,-37.81971],[145.14342,-37.8197],[145.14352,-37.81969],[145.14363,-37.81968],[145.14371,-37.81968],[145.14378,-37.81968],[145.14385,-37.81968],[145.14395,-37.81968],[145.14406,-37.81968],[145.14415,-37.81968],[145.14426,-37.81969],[145.14434,-37.81969],[145.14446,-37.8197],[145.14488,-37.81975],[145.14564,-37.81984],[145.14645,-37.81993],[145.14692,-37.81997],[145.14717,-37.82],[145.14727,-37.82001],[145.14739,-37.82002],[145.1475,-37.82003],[145.14764,-37.82004]]},"properties":{"name":"Box Hill => Blackburn Triplication","kind":"rail_proposed","operator":"Metro Trains Melbourne","description":""}},{"type":"Feature","geometry":{"type":"LineString","coordinates":[[144.67513,-37.81016],[144.67505,-37.81063],[144.67494,-37.81122],[144.67453,-37.81117],[144.67414,-37.81113],[144.67411,-37.81107],[144.67417,-37.81073],[144.67422,-37.8104]]},"properties":{"name":"Solune Street","kind":"road_construction","operator":"","description":""}},{"type":"Feature","geometry":{"type":"LineString","coordinates":[[144.97139,-37.50729],[144.9714,-37.50717],[144.97141,-37.50706],[144.97142,-37.50686],[144.97151,-37.50595],[144.97157,-37.50536],[144.97163,-37.50477],[144.97166,-37.50451],[144.97169,-37.50418],[144.97176,-37.50356],[144.97176,-37.50347],[144.97179,-37.50323],[144.9719,-37.5022],[144.9719,-37.50207],[144.97199,-37.50169],[144.97214,-37.50137],[144.97217,-37.50132],[144.97234,-37.50111],[144.97263,-37.50086],[144.97281,-37.50071],[144.97294,-37.50064],[144.97316,-37.50055],[144.97333,-37.50049],[144.97363,-37.50041],[144.9741,-37.50036],[144.97455,-37.50036],[144.97538,-37.50037],[144.97571,-37.50038],[144.97579,-37.50038],[144.97583,-37.50039]]},"properties":{"name":"Polaris Avenue","kind":"road_construction","operator":"","description":""}},{"type":"Feature","geometry":{"type":"LineString","coordinates":[[144.87373,-37.76914],[144.87433,-37.76902],[144.87437,-37.76901],[144.87474,-37.76892],[144.87499,-37.76886]]},"properties":{"name":"Canning Street","kind":"rail_proposed","operator":"","description":""}},{"type":"Feature","geometry":{"type":"LineString","coordinates":[[144.875,-37.7689],[144.87476,-37.76895],[144.87438,-37.76903],[144.87435,-37.76904],[144.87426,-37.76906],[144.87399,-37.76912],[144.87374,-37.76917]]},"properties":{"name":"Canning Street","kind":"rail_proposed","operator":"","description":""}},{"type":"Feature","geometry":{"type":"LineString","coordinates":[[144.87499,-37.76886],[144.87522,-37.76882],[144.87538,-37.76879],[144.8755,-37.76877],[144.87567,-37.76875],[144.87582,-37.76874],[144.87606,-37.76874],[144.8762,-37.76874],[144.87627,-37.76875],[144.87642,-37.76876],[144.87681,-37.7688],[144.87708,-37.76884],[144.87712,-37.76884],[144.87717,-37.76884],[144.87722,-37.76884],[144.87727,-37.76884],[144.87731,-37.76884],[144.87735,-37.76884],[144.87739,-37.76883],[144.87743,-37.76883],[144.87748,-37.76882],[144.87755,-37.76881],[144.87761,-37.7688],[144.87765,-37.76879],[144.8777,-37.76879],[144.87772,-37.76878],[144.87775,-37.76878],[144.87778,-37.76878],[144.8778,-37.76878],[144.87783,-37.76879],[144.87786,-37.76879]]},"properties":{"name":"Cordite Avenue","kind":"rail_proposed","operator":"","description":""}},{"type":"Feature","geometry":{"type":"LineString","coordinates":[[144.87881,-37.76894],[144.87815,-37.76885],[144.87794,-37.76882],[144.87781,-37.76881],[144.87778,-37.76881],[144.87776,-37.76881],[144.87772,-37.76881],[144.8777,-37.76881],[144.87755,-37.76883],[144.87747,-37.76884],[144.8774,-37.76885],[144.87735,-37.76886],[144.8773,-37.76886],[144.87724,-37.76886],[144.87721,-37.76886],[144.87714,-37.76886],[144.87708,-37.76886],[144.87703,-37.76886],[144.87699,-37.76885],[144.87667,-37.76882],[144.87641,-37.76878],[144.87624,-37.76877],[144.87605,-37.76876],[144.8759,-37.76877],[144.87574,-37.76878],[144.87556,-37.76879],[144.87542,-37.76881],[144.87523,-37.76885],[144.875,-37.7689]]},"properties":{"name":"Cordite Avenue","kind":"rail_proposed","operator":"","description":""}},{"type":"Feature","geometry":{"type":"LineString","coordinates":[[144.86002,-37.75745],[144.8601,-37.75764],[144.86019,-37.75789],[144.86029,-37.75814],[144.86052,-37.75869],[144.86081,-37.75937],[144.86092,-37.75962],[144.86102,-37.75986],[144.8611,-37.76005],[144.86136,-37.76064],[144.86159,-37.76116],[144.86179,-37.76166],[144.86184,-37.76175],[144.86196,-37.76203],[144.862,-37.76211],[144.86203,-37.76219],[144.86211,-37.7624],[144.86218,-37.76255],[144.8623,-37.76284],[144.8625,-37.76332],[144.86261,-37.76356],[144.86279,-37.764],[144.863,-37.76448],[144.86314,-37.76481],[144.86344,-37.76551],[144.8635,-37.76566],[144.86357,-37.76584],[144.86372,-37.7662],[144.86379,-37.76634],[144.86386,-37.76651],[144.864,-37.76684],[144.86412,-37.7671],[144.86427,-37.76747],[144.86446,-37.76793],[144.86455,-37.76813],[144.86466,-37.76838],[144.86473,-37.76855],[144.86485,-37.76881],[144.86513,-37.76947],[144.86515,-37.76951],[144.86525,-37.76974],[144.86538,-37.77006],[144.86548,-37.7703],[144.86553,-37.77041],[144.86556,-37.77047],[144.86558,-37.77049],[144.86562,-37.77054],[144.86567,-37.77057],[144.86571,-37.7706],[144.86576,-37.77063],[144.8658,-37.77066],[144.86584,-37.77067],[144.86589,-37.77069]]},"properties":{"name":"Military Road","kind":"rail_proposed","operator":"","description":""}},{"type":"Feature","geometry":{"type":"LineString","coordinates":[[144.86584,-37.77071],[144.86574,-37.77066],[144.86564,-37.7706],[144.8656,-37.77057],[144.86554,-37.77051],[144.86548,-37.77043],[144.86547,-37.77041],[144.86544,-37.77035],[144.86535,-37.77012],[144.86517,-37.76969],[144.86504,-37.76941],[144.86487,-37.76902],[144.86479,-37.76883],[144.86468,-37.76856],[144.8646,-37.76839],[144.86454,-37.76824],[144.86443,-37.76797],[144.86434,-37.76774],[144.86422,-37.76745],[144.86407,-37.76711],[144.86393,-37.76677],[144.8639,-37.76669],[144.86382,-37.76652],[144.86374,-37.76633],[144.86369,-37.7662],[144.86363,-37.76608],[144.86351,-37.76581],[144.86339,-37.76553],[144.86325,-37.76518],[144.86323,-37.76514],[144.86309,-37.76481],[144.86295,-37.76447],[144.8628,-37.76412],[144.86261,-37.7637],[144.86253,-37.7635],[144.86237,-37.76314],[144.86228,-37.76292],[144.86216,-37.76264],[144.86202,-37.7623],[144.8619,-37.76201],[144.8618,-37.76179],[144.8617,-37.76155],[144.86159,-37.7613],[144.86149,-37.76107],[144.86139,-37.76084],[144.86126,-37.76054],[144.86112,-37.76023],[144.86107,-37.76012],[144.861,-37.75994],[144.86086,-37.7596],[144.86073,-37.7593],[144.86067,-37.75917],[144.86057,-37.75893],[144.86043,-37.7586],[144.86037,-37.75846],[144.86034,-37.7584],[144.86022,-37.7581],[144.86007,-37.75773],[144.85997,-37.75748]]},"properties":{"name":"Military Road","kind":"rail_proposed","operator":"","description":""}},{"type":"Feature","geometry":{"type":"LineString","coordinates":[[144.85997,-37.75748],[144.85992,-37.75732],[144.85989,-37.75715],[144.85988,-37.75708],[144.85986,-37.75695],[144.85985,-37.75678],[144.85985,-37.7566],[144.85986,-37.75646],[144.85989,-37.75629],[144.85992,-37.75612],[144.85996,-37.75599],[144.86002,-37.75584],[144.86006,-37.75573],[144.86013,-37.75557],[144.86024,-37.7553],[144.86033,-37.75505],[144.86046,-37.75472],[144.86059,-37.75439],[144.86071,-37.75412],[144.86084,-37.75381],[144.86105,-37.75329],[144.86113,-37.75306],[144.86129,-37.75267],[144.86135,-37.7525],[144.86138,-37.75242],[144.8615,-37.7521],[144.86164,-37.7517],[144.86175,-37.75134],[144.8618,-37.75113],[144.86184,-37.75099],[144.86186,-37.75087],[144.86187,-37.75082],[144.86188,-37.75078],[144.86192,-37.75049],[144.86199,-37.75017],[144.86209,-37.74965],[144.86216,-37.74924],[144.86222,-37.74892],[144.86229,-37.74854],[144.86231,-37.74844],[144.86236,-37.74821],[144.86244,-37.74786],[144.86247,-37.74765],[144.86248,-37.74758],[144.86253,-37.74728],[144.86261,-37.74693],[144.86264,-37.74671],[144.86267,-37.74652],[144.8627,-37.74632],[144.86273,-37.74611],[144.86277,-37.7459],[144.86279,-37.74574],[144.86283,-37.74552],[144.86289,-37.7452],[144.86295,-37.74486],[144.86306,-37.74426],[144.86313,-37.74383],[144.8632,-37.74344],[144.86327,-37.74303],[144.86329,-37.74292],[144.86333,-37.74269],[144.8634,-37.74237],[144.86341,-37.7423],[144.86344,-37.74214],[144.86351,-37.74172],[144.86353,-37.74159],[144.86357,-37.74136],[144.86362,-37.74108],[144.86365,-37.74095],[144.86368,-37.74075],[144.86369,-37.74066],[144.86372,-37.74049],[144.86375,-37.74025],[144.86378,-37.74005],[144.8638,-37.73991],[144.86381,-37.73988],[144.86382,-37.73979],[144.86383,-37.73968],[144.86386,-37.73952],[144.8639,-37.73926],[144.86396,-37.73892],[144.86402,-37.73858],[144.86407,-37.73821],[144.86408,-37.73815],[144.8641,-37.73804],[144.86416,-37.7378],[144.8642,-37.73761],[144.86425,-37.73739],[144.86431,-37.73715],[144.86435,-37.73691],[144.86442,-37.73656],[144.86447,-37.73625],[144.86451,-37.73602],[144.86456,-37.73575],[144.8646,-37.73557],[144.86462,-37.73543],[144.86467,-37.73511],[144.86473,-37.73478],[144.86476,-37.73464],[144.86482,-37.73432],[144.86487,-37.73398],[144.86493,-37.73367],[144.86499,-37.73332],[144.86505,-37.73298]]},"properties":{"name":"Milleara Road","kind":"rail_proposed","operator":"","description":""}},{"type":"Feature","geometry":{"type":"LineString","coordinates":[[144.86505,-37.73298],[144.8651,-37.73269]]},"properties":{"name":"Milleara Road","kind":"rail_proposed","operator":"","description":""}},{"type":"Feature","geometry":{"type":"LineString","coordinates":[[144.86505,-37.73298],[144.86505,-37.73302],[144.86507,-37.73306],[144.86507,-37.73309],[144.86506,-37.73314],[144.86505,-37.73322],[144.86502,-37.73342],[144.86497,-37.73369],[144.86492,-37.73397],[144.86487,-37.73427],[144.86479,-37.73472],[144.86474,-37.73502],[144.86467,-37.73537],[144.86462,-37.73564],[144.86459,-37.73587],[144.86451,-37.73633],[144.86444,-37.73669],[144.86439,-37.73695],[144.86434,-37.73724],[144.86428,-37.73754],[144.86424,-37.73766],[144.8642,-37.73786],[144.86416,-37.73804],[144.86414,-37.73816],[144.86413,-37.73821],[144.86411,-37.73839],[144.86407,-37.73858],[144.86403,-37.73882],[144.86394,-37.73928],[144.86385,-37.73981],[144.86384,-37.73989],[144.86384,-37.73992],[144.86378,-37.74027],[144.86377,-37.74042],[144.86373,-37.74072],[144.86366,-37.74117],[144.86365,-37.74123],[144.86359,-37.74154],[144.86347,-37.74219],[144.86346,-37.74229],[144.86344,-37.74235],[144.86344,-37.74239],[144.86339,-37.74263],[144.86336,-37.74283],[144.86333,-37.74304],[144.86328,-37.74329],[144.86319,-37.74378],[144.86309,-37.74441],[144.86302,-37.74478],[144.86291,-37.74534],[144.86273,-37.74639],[144.86272,-37.74646],[144.8627,-37.74658],[144.86266,-37.74678],[144.86263,-37.74693],[144.86256,-37.74724],[144.8625,-37.74758],[144.86245,-37.74794],[144.86236,-37.74834],[144.86234,-37.74845],[144.86228,-37.74874],[144.86217,-37.74934],[144.86206,-37.74997],[144.86192,-37.75068],[144.86191,-37.75075],[144.8619,-37.75078],[144.8619,-37.75082],[144.86189,-37.75088],[144.8618,-37.75126],[144.86172,-37.75152],[144.86165,-37.7518],[144.86143,-37.75235],[144.86139,-37.75244],[144.86137,-37.75249],[144.86123,-37.75288],[144.86097,-37.75354],[144.86069,-37.75423],[144.86061,-37.75444],[144.86038,-37.75503],[144.86017,-37.75557],[144.86011,-37.75573],[144.86003,-37.75593],[144.85998,-37.75609],[144.85993,-37.75629],[144.85991,-37.75644],[144.85989,-37.75657],[144.85989,-37.75671],[144.85989,-37.75687],[144.85991,-37.757],[144.85993,-37.75713],[144.85997,-37.75731],[144.86002,-37.75745]]},"properties":{"name":"Milleara Road","kind":"rail_proposed","operator":"","description":""}},{"type":"Feature","geometry":{"type":"LineString","coordinates":[[145.06854,-37.68612],[145.06887,-37.68613],[145.06957,-37.68621],[145.07068,-37.68632],[145.07074,-37.68633],[145.0708,-37.68635],[145.07095,-37.68641],[145.07107,-37.68643],[145.07123,-37.68645],[145.0716,-37.68649],[145.07199,-37.68652],[145.07207,-37.68653],[145.07214,-37.68652]]},"properties":{"name":"M80 Trail","kind":"road_construction","operator":"","description":""}},{"type":"Feature","geometry":{"type":"LineString","coordinates":[[145.05708,-37.88909],[145.05709,-37.88902],[145.05711,-37.88891],[145.05715,-37.88868],[145.05721,-37.88836],[145.05727,-37.88803],[145.05732,-37.88778],[145.05737,-37.8875],[145.05742,-37.88724],[145.05747,-37.88696],[145.05752,-37.88666],[145.05755,-37.88653],[145.05756,-37.88647],[145.05758,-37.88636],[145.0576,-37.88625],[145.05763,-37.88612],[145.05765,-37.88607]]},"properties":{"name":"Planned/under construction","kind":"rail_proposed","operator":"","description":""}},{"type":"Feature","geometry":{"type":"LineString","coordinates":[[145.05765,-37.88607],[145.05767,-37.88597],[145.05769,-37.88585]]},"properties":{"name":"Planned/under construction","kind":"rail_proposed","operator":"","description":""}},{"type":"Feature","geometry":{"type":"LineString","coordinates":[[145.05765,-37.88607],[145.05765,-37.88612],[145.05765,-37.88614],[145.05765,-37.88619],[145.05765,-37.88624],[145.05764,-37.88632],[145.05763,-37.88639],[145.05759,-37.88653],[145.05755,-37.88675],[145.05752,-37.88696],[145.05746,-37.88726],[145.05742,-37.88744],[145.05741,-37.8875],[145.05736,-37.88778],[145.05732,-37.88802],[145.05728,-37.88823],[145.05725,-37.88837],[145.0572,-37.88863],[145.05716,-37.8889],[145.05711,-37.88911]]},"properties":{"name":"Planned/under construction","kind":"rail_proposed","operator":"","description":""}},{"type":"Feature","geometry":{"type":"LineString","coordinates":[[145.05394,-37.89082],[145.05401,-37.89082],[145.05405,-37.89082],[145.05409,-37.89082],[145.05413,-37.89081],[145.05417,-37.8908],[145.05419,-37.89078],[145.0542,-37.89076],[145.05421,-37.89067],[145.05429,-37.89026],[145.05435,-37.88995],[145.0544,-37.88968],[145.05452,-37.88899],[145.05455,-37.88886],[145.05459,-37.88857],[145.05461,-37.8885],[145.05463,-37.88847],[145.05466,-37.88845],[145.0547,-37.88844],[145.05475,-37.88844],[145.05482,-37.88846],[145.05506,-37.88854],[145.05546,-37.88867],[145.05582,-37.88878],[145.0559,-37.88881],[145.05651,-37.88901],[145.05663,-37.88904],[145.05674,-37.88908],[145.05691,-37.88914],[145.05697,-37.88915],[145.05701,-37.88915],[145.05704,-37.88915],[145.05706,-37.88913],[145.05707,-37.88912],[145.05708,-37.88909]]},"properties":{"name":"Planned/under construction","kind":"rail_proposed","operator":"","description":""}},{"type":"Feature","geometry":{"type":"LineString","coordinates":[[145.05711,-37.88911],[145.0571,-37.88914],[145.05708,-37.88916],[145.05706,-37.88917],[145.05703,-37.88917],[145.05699,-37.88918],[145.05697,-37.88918],[145.05693,-37.88917],[145.05686,-37.88915],[145.05664,-37.88908],[145.05617,-37.88893],[145.05585,-37.88883],[145.05578,-37.88881],[145.05529,-37.88865],[145.05481,-37.88849],[145.05477,-37.88848],[145.05473,-37.88847],[145.0547,-37.88848],[145.05468,-37.88849],[145.05467,-37.8885],[145.05466,-37.88852],[145.05465,-37.88854],[145.05464,-37.88859],[145.05458,-37.8889],[145.05446,-37.88956],[145.05435,-37.89015],[145.05423,-37.89075],[145.05422,-37.89077],[145.0542,-37.8908],[145.05419,-37.89081],[145.05416,-37.89083],[145.05413,-37.89084],[145.05408,-37.89085],[145.05404,-37.89085],[145.05398,-37.89085],[145.0539,-37.89084]]},"properties":{"name":"Planned/under construction","kind":"rail_proposed","operator":"","description":""}},{"type":"Feature","geometry":{"type":"LineString","coordinates":[[145.05526,-37.89354],[145.0554,-37.89363],[145.0556,-37.89374],[145.05577,-37.89383],[145.05588,-37.89388],[145.05601,-37.89394],[145.05606,-37.89395],[145.05609,-37.89395],[145.05611,-37.89395],[145.05612,-37.89393],[145.05615,-37.89391],[145.05615,-37.89389],[145.05617,-37.89383],[145.05623,-37.89346],[145.0563,-37.8931],[145.05644,-37.89236],[145.05646,-37.89227],[145.05652,-37.89195],[145.05659,-37.8916],[145.05665,-37.89131],[145.05673,-37.89088],[145.05682,-37.89038],[145.05694,-37.88979],[145.05701,-37.88944],[145.05704,-37.88927],[145.05705,-37.88922],[145.05708,-37.88909]]},"properties":{"name":"Planned/under construction","kind":"rail_proposed","operator":"","description":""}},{"type":"Feature","geometry":{"type":"LineString","coordinates":[[145.05711,-37.88911],[145.05711,-37.88913],[145.0571,-37.8892],[145.05709,-37.88925],[145.05708,-37.88928],[145.05684,-37.89056],[145.05667,-37.89148],[145.05664,-37.89161],[145.0566,-37.89181],[145.05643,-37.89267],[145.05626,-37.89357],[145.05621,-37.89384],[145.05619,-37.89389],[145.05619,-37.89392],[145.05618,-37.89394],[145.05616,-37.89395],[145.05615,-37.89396],[145.05612,-37.89397],[145.05608,-37.89397],[145.05606,-37.89398],[145.05603,-37.89397],[145.05601,-37.89397]]},"properties":{"name":"Planned/under construction","kind":"rail_proposed","operator":"","description":""}},{"type":"Feature","geometry":{"type":"LineString","coordinates":[[144.70474,-37.62595],[144.70496,-37.62699],[144.70497,-37.62705],[144.70494,-37.62728],[144.70486,-37.62748],[144.70472,-37.62758],[144.70458,-37.62769],[144.70442,-37.62779],[144.70431,-37.62786],[144.70421,-37.62799],[144.70412,-37.62814],[144.70409,-37.62831],[144.70405,-37.62855],[144.70403,-37.62872]]},"properties":{"name":"Flight Road","kind":"road_construction","operator":"","description":""}},{"type":"Feature","geometry":{"type":"LineString","coordinates":[[144.88548,-37.55415],[144.88546,-37.55424],[144.88519,-37.55421],[144.88525,-37.55389],[144.88552,-37.55392],[144.88639,-37.55403],[144.88635,-37.55425],[144.88628,-37.55473]]},"properties":{"name":"Hodgeson Walk","kind":"road_construction","operator":"","description":""}},{"type":"Feature","geometry":{"type":"LineString","coordinates":[[145.4299,-38.0598],[145.42959,-38.06004],[145.42944,-38.06018],[145.42936,-38.06018],[145.42928,-38.06015],[145.42848,-38.05964],[145.42847,-38.05953],[145.4285,-38.05949],[145.4289,-38.05913],[145.42914,-38.05894],[145.42941,-38.05877],[145.42971,-38.05863],[145.43008,-38.05852],[145.4302,-38.0585],[145.43071,-38.05841]]},"properties":{"name":"Kiama Street","kind":"road_construction","operator":"","description":""}},{"type":"Feature","geometry":{"type":"LineString","coordinates":[[144.75957,-37.73956],[144.75969,-37.73867],[144.75951,-37.73832],[144.75971,-37.73827],[144.76026,-37.73809],[144.76051,-37.73805],[144.76063,-37.73804],[144.76065,-37.73841],[144.76057,-37.73892],[144.76047,-37.73964]]},"properties":{"name":"Oracle Crescent","kind":"road_construction","operator":"","description":""}},{"type":"Feature","geometry":{"type":"LineString","coordinates":[[144.6407,-37.71714],[144.63953,-37.7163],[144.6379,-37.71512],[144.63778,-37.71508],[144.63766,-37.71509],[144.63739,-37.71536],[144.63734,-37.71547],[144.63733,-37.71556]]},"properties":{"name":"Concept Street","kind":"road_construction","operator":"","description":""}},{"type":"Feature","geometry":{"type":"LineString","coordinates":[[144.63637,-37.71855],[144.63657,-37.71858],[144.63683,-37.71861],[144.63764,-37.71872],[144.63799,-37.71878],[144.63848,-37.71895],[144.63877,-37.71908],[144.63886,-37.71911]]},"properties":{"name":"Tegheria Drive","kind":"road_construction","operator":"","description":""}},{"type":"Feature","geometry":{"type":"LineString","coordinates":[[144.63877,-37.71908],[144.63898,-37.71877],[144.63908,-37.71818],[144.63914,-37.71778],[144.63918,-37.71751],[144.63922,-37.71731],[144.63926,-37.71725],[144.63945,-37.71708]]},"properties":{"name":"Hinge Street","kind":"road_construction","operator":"","description":""}},{"type":"Feature","geometry":{"type":"LineString","coordinates":[[144.63884,-37.71663],[144.6385,-37.71692],[144.63834,-37.71706],[144.63847,-37.71717],[144.63843,-37.71743],[144.63838,-37.7177],[144.63831,-37.7181],[144.63827,-37.71821],[144.63799,-37.71878]]},"properties":{"name":"Conelock Street","kind":"road_construction","operator":"","description":""}},{"type":"Feature","geometry":{"type":"LineString","coordinates":[[144.63831,-37.7181],[144.63792,-37.71806],[144.63758,-37.71802],[144.63693,-37.71795],[144.63685,-37.71794],[144.63691,-37.71763],[144.6369,-37.71748],[144.63712,-37.71617]]},"properties":{"name":"Socket Drive","kind":"road_construction","operator":"","description":""}},{"type":"Feature","geometry":{"type":"LineString","coordinates":[[144.57183,-37.7384],[144.57171,-37.73842],[144.57143,-37.73847],[144.57138,-37.73848],[144.5713,-37.73849],[144.57096,-37.73855],[144.57032,-37.73865],[144.56989,-37.73872],[144.56949,-37.73879]]},"properties":{"name":"Embleton Chase","kind":"road_construction","operator":"","description":""}},{"type":"Feature","geometry":{"type":"LineString","coordinates":[[144.57246,-37.70349],[144.57254,-37.70349],[144.57278,-37.70353],[144.57307,-37.70357],[144.57348,-37.70363],[144.57352,-37.70363],[144.57355,-37.70364],[144.57397,-37.70371],[144.57411,-37.70373],[144.57427,-37.70376],[144.57452,-37.7038],[144.57462,-37.70381],[144.57471,-37.70382]]},"properties":{"name":"Melton Terminating Tracks","kind":"rail_construction","operator":"","description":""}},{"type":"Feature","geometry":{"type":"LineString","coordinates":[[144.57246,-37.70345],[144.57248,-37.70345],[144.57264,-37.70347],[144.57281,-37.70349],[144.57324,-37.70355],[144.57353,-37.7036],[144.57382,-37.70364],[144.57405,-37.70368],[144.57429,-37.70372],[144.57441,-37.70374],[144.57446,-37.70375],[144.57459,-37.70376],[144.57472,-37.70378]]},"properties":{"name":"Melton Terminating Tracks","kind":"rail_construction","operator":"","description":""}},{"type":"Feature","geometry":{"type":"LineString","coordinates":[[144.57264,-37.70347],[144.57279,-37.70349],[144.573,-37.70353],[144.57318,-37.70356],[144.57335,-37.7036],[144.57352,-37.70363]]},"properties":{"name":"Melton Terminating Tracks","kind":"rail_construction","operator":"","description":""}},{"type":"Feature","geometry":{"type":"LineString","coordinates":[[144.57355,-37.70364],[144.57371,-37.70366],[144.57396,-37.70369],[144.57414,-37.7037],[144.57426,-37.70372],[144.57441,-37.70374]]},"properties":{"name":"Melton Terminating Tracks","kind":"rail_construction","operator":"","description":""}},{"type":"Feature","geometry":{"type":"LineString","coordinates":[[144.56875,-37.70332],[144.56883,-37.70332],[144.56896,-37.70334],[144.56908,-37.70335],[144.56926,-37.70337],[144.56945,-37.7034],[144.56955,-37.70341],[144.56969,-37.70342]]},"properties":{"name":"Planned/under construction","kind":"rail_construction","operator":"","description":""}},{"type":"Feature","geometry":{"type":"LineString","coordinates":[[144.56875,-37.70332],[144.56878,-37.70332],[144.56943,-37.70336],[144.56974,-37.70338]]},"properties":{"name":"Ararat/Maryborough Line","kind":"rail_construction","operator":"","description":""}},{"type":"Feature","geometry":{"type":"LineString","coordinates":[[144.56969,-37.70342],[144.56973,-37.70343]]},"properties":{"name":"Planned/under construction","kind":"rail_construction","operator":"","description":""}},{"type":"Feature","geometry":{"type":"LineString","coordinates":[[144.56808,-37.70312],[144.5683,-37.70314],[144.56974,-37.70326]]},"properties":{"name":"Melton Terminating Tracks","kind":"rail_construction","operator":"","description":""}},{"type":"Feature","geometry":{"type":"LineString","coordinates":[[144.56809,-37.70308],[144.56974,-37.70322]]},"properties":{"name":"Melton Terminating Tracks","kind":"rail_construction","operator":"","description":""}},{"type":"Feature","geometry":{"type":"LineString","coordinates":[[144.57507,-37.7038],[144.57528,-37.70382],[144.57568,-37.70384],[144.57615,-37.70388],[144.57668,-37.70392]]},"properties":{"name":"Ararat/Maryborough Line","kind":"rail_construction","operator":"","description":""}},{"type":"Feature","geometry":{"type":"LineString","coordinates":[[144.57668,-37.70396],[144.57692,-37.70398],[144.57729,-37.70401],[144.5776,-37.70405],[144.57793,-37.70411],[144.57819,-37.70416],[144.57829,-37.70418]]},"properties":{"name":"Ararat/Maryborough Line","kind":"rail_construction","operator":"","description":""}},{"type":"Feature","geometry":{"type":"LineString","coordinates":[[144.56509,-37.70407],[144.56523,-37.70399],[144.56539,-37.70391],[144.56556,-37.70382],[144.56583,-37.70371],[144.56605,-37.70362],[144.56623,-37.70356],[144.5664,-37.7035],[144.56656,-37.70345],[144.56682,-37.7034],[144.56693,-37.70337],[144.56705,-37.70336],[144.56729,-37.70333],[144.56751,-37.70332],[144.56774,-37.70331],[144.56796,-37.70331],[144.56814,-37.70332],[144.56866,-37.70335]]},"properties":{"name":"Ararat/Maryborough Line","kind":"rail_construction","operator":"","description":""}},{"type":"Feature","geometry":{"type":"LineString","coordinates":[[144.56866,-37.70331],[144.56875,-37.70332]]},"properties":{"name":"Ararat/Maryborough Line","kind":"rail_construction","operator":"","description":""}},{"type":"Feature","geometry":{"type":"LineString","coordinates":[[144.56866,-37.70335],[144.56874,-37.70336],[144.56943,-37.70341],[144.56969,-37.70342]]},"properties":{"name":"Ararat/Maryborough Line","kind":"rail_construction","operator":"","description":""}},{"type":"Feature","geometry":{"type":"LineString","coordinates":[[144.56831,-37.70328],[144.56866,-37.70331]]},"properties":{"name":"Ararat/Maryborough Line","kind":"rail_construction","operator":"","description":""}},{"type":"Feature","geometry":{"type":"LineString","coordinates":[[144.56506,-37.70403],[144.5652,-37.70396],[144.5655,-37.7038],[144.56584,-37.70366],[144.56621,-37.70352],[144.56651,-37.70342],[144.56667,-37.70339],[144.56682,-37.70336],[144.56697,-37.70334],[144.56712,-37.70331],[144.56725,-37.7033],[144.56743,-37.70329],[144.56761,-37.70328],[144.56776,-37.70327],[144.56791,-37.70327],[144.56807,-37.70327],[144.56831,-37.70328]]},"properties":{"name":"Ararat/Maryborough Line","kind":"rail_construction","operator":"","description":""}},{"type":"Feature","geometry":{"type":"LineString","coordinates":[[144.85206,-37.67322],[144.85196,-37.67308],[144.85182,-37.67297],[144.85174,-37.6729],[144.8517,-37.67283],[144.85169,-37.67275],[144.85171,-37.67267],[144.85174,-37.67262],[144.85178,-37.67257],[144.8519,-37.67244],[144.85227,-37.67203],[144.85234,-37.67196],[144.85246,-37.6717],[144.8527,-37.67136]]},"properties":{"name":"Naarm Way Stage 2 OHV Ramp","kind":"road_construction","operator":"","description":""}},{"type":"Feature","geometry":{"type":"LineString","coordinates":[[144.97421,-37.66131],[144.97435,-37.66043],[144.9744,-37.66033],[144.9745,-37.66021],[144.97465,-37.66012],[144.97481,-37.66009],[144.97606,-37.65997],[144.97628,-37.6599],[144.97663,-37.65977],[144.97675,-37.65974],[144.97693,-37.65961],[144.97703,-37.65953],[144.9772,-37.65929],[144.97755,-37.65881],[144.97767,-37.65858],[144.97773,-37.65838],[144.97775,-37.65816],[144.97772,-37.65791],[144.97761,-37.65768],[144.97739,-37.65739],[144.97702,-37.65695],[144.97694,-37.65679],[144.97694,-37.65663]]},"properties":{"name":"McKellar Way","kind":"road_construction","operator":"","description":""}},{"type":"Feature","geometry":{"type":"LineString","coordinates":[[144.68379,-37.76295],[144.68375,-37.7632],[144.68311,-37.76783],[144.68276,-37.77027],[144.68272,-37.7705],[144.68266,-37.77096],[144.68261,-37.77131],[144.68257,-37.77163],[144.68254,-37.7718],[144.68208,-37.7748]]},"properties":{"name":"Mount Atkinson Road","kind":"road_construction","operator":"","description":""}},{"type":"Feature","geometry":{"type":"LineString","coordinates":[[144.59984,-37.73104],[144.59966,-37.73203],[144.59957,-37.7325],[144.59954,-37.73271],[144.59951,-37.73285],[144.59946,-37.73307],[144.59942,-37.73325],[144.59938,-37.73331],[144.59933,-37.73334],[144.5992,-37.73334],[144.59903,-37.73333],[144.59787,-37.73319],[144.59753,-37.73315],[144.59702,-37.73309],[144.59663,-37.73304]]},"properties":{"name":"Cromford Drive","kind":"road_construction","operator":"","description":""}},{"type":"Feature","geometry":{"type":"LineString","coordinates":[[144.59954,-37.73271],[144.59911,-37.73266],[144.59908,-37.73266],[144.598,-37.73253],[144.59764,-37.73249],[144.59777,-37.73181],[144.59815,-37.73185],[144.59855,-37.7319],[144.59966,-37.73203]]},"properties":{"name":"Tornagrain Circuit","kind":"road_construction","operator":"","description":""}},{"type":"Feature","geometry":{"type":"LineString","coordinates":[[144.60037,-37.73259],[144.60049,-37.73195],[144.60059,-37.7314],[144.60089,-37.73143],[144.60177,-37.73152],[144.6018,-37.7316],[144.6017,-37.73209],[144.60049,-37.73195]]},"properties":{"name":"Baddesley Circuit","kind":"road_construction","operator":"","description":""}},{"type":"Feature","geometry":{"type":"LineString","coordinates":[[144.54281,-37.70274],[144.54306,-37.70302],[144.54313,-37.70309],[144.54319,-37.70322],[144.54315,-37.70353],[144.54279,-37.70348],[144.54267,-37.70354],[144.54255,-37.70419],[144.54243,-37.70481],[144.54247,-37.70491],[144.54361,-37.70505],[144.54381,-37.70503]]},"properties":{"name":"Dusky Coral Loop","kind":"road_construction","operator":"","description":""}},{"type":"Feature","geometry":{"type":"LineString","coordinates":[[144.95758,-37.77921],[144.95762,-37.77913],[144.95767,-37.77904],[144.95771,-37.77893]]},"properties":{"name":"Proposed Brunswick skyrail","kind":"rail_proposed","operator":"","description":""}},{"type":"Feature","geometry":{"type":"LineString","coordinates":[[144.95771,-37.77893],[144.95777,-37.77879],[144.95782,-37.77866],[144.95789,-37.77848]]},"properties":{"name":"Proposed Brunswick skyrail","kind":"rail_proposed","operator":"","description":""}},{"type":"Feature","geometry":{"type":"LineString","coordinates":[[144.95789,-37.77848],[144.95794,-37.77833],[144.95799,-37.77816],[144.95803,-37.77797],[144.95812,-37.77757],[144.95834,-37.77662],[144.9589,-37.77395],[144.959,-37.77304],[144.95914,-37.77175],[144.95933,-37.77],[144.95951,-37.76817],[144.95967,-37.76679],[144.95982,-37.76589],[144.95999,-37.76493],[144.96021,-37.76375],[144.96053,-37.76199],[144.9608,-37.76045],[144.96088,-37.76003]]},"properties":{"name":"Proposed Brunswick skyrail","kind":"rail_proposed","operator":"","description":""}},{"type":"Feature","geometry":{"type":"LineString","coordinates":[[144.96088,-37.76003],[144.96093,-37.75977],[144.96098,-37.75947],[144.961,-37.75938]]},"properties":{"name":"Proposed Brunswick skyrail","kind":"rail_proposed","operator":"","description":""}},{"type":"Feature","geometry":{"type":"LineString","coordinates":[[144.961,-37.75938],[144.96102,-37.75924],[144.96104,-37.75916],[144.96106,-37.75908],[144.96108,-37.75898]]},"properties":{"name":"Proposed Brunswick skyrail","kind":"rail_proposed","operator":"","description":""}},{"type":"Feature","geometry":{"type":"LineString","coordinates":[[144.96112,-37.75898],[144.96112,-37.75902],[144.9611,-37.7591],[144.96108,-37.75923],[144.96105,-37.75938]]},"properties":{"name":"Proposed Brunswick skyrail","kind":"rail_proposed","operator":"","description":""}},{"type":"Feature","geometry":{"type":"LineString","coordinates":[[144.96105,-37.75938],[144.96102,-37.75959],[144.96098,-37.75981],[144.96094,-37.76003]]},"properties":{"name":"Proposed Brunswick skyrail","kind":"rail_proposed","operator":"","description":""}},{"type":"Feature","geometry":{"type":"LineString","coordinates":[[144.96094,-37.76003],[144.9609,-37.76025],[144.9608,-37.76083],[144.96043,-37.76286],[144.96008,-37.76482],[144.95969,-37.76717],[144.95956,-37.76845],[144.9594,-37.77],[144.95923,-37.77158],[144.95912,-37.77263],[144.95905,-37.77324],[144.95897,-37.7739],[144.9589,-37.7743],[144.95862,-37.77565],[144.95831,-37.77701],[144.95809,-37.77802],[144.95806,-37.77816],[144.95802,-37.77832],[144.95796,-37.7785]]},"properties":{"name":"Proposed Brunswick skyrail","kind":"rail_proposed","operator":"","description":""}},{"type":"Feature","geometry":{"type":"LineString","coordinates":[[144.95778,-37.77895],[144.95772,-37.77907],[144.95767,-37.77915],[144.95762,-37.77923]]},"properties":{"name":"Proposed Brunswick skyrail","kind":"rail_proposed","operator":"","description":""}},{"type":"Feature","geometry":{"type":"LineString","coordinates":[[144.95796,-37.7785],[144.9579,-37.77868],[144.95784,-37.77881],[144.95778,-37.77895]]},"properties":{"name":"Proposed Brunswick skyrail","kind":"rail_proposed","operator":"","description":""}},{"type":"Feature","geometry":{"type":"LineString","coordinates":[[145.04752,-37.6174],[145.04751,-37.61769],[145.04761,-37.61811],[145.04794,-37.61898],[145.04814,-37.61922],[145.04934,-37.62034],[145.04947,-37.62047],[145.04959,-37.62067],[145.04963,-37.62091],[145.04958,-37.62123]]},"properties":{"name":"Barrhill Boulevard","kind":"road_construction","operator":"","description":""}},{"type":"Feature","geometry":{"type":"LineString","coordinates":[[144.53822,-37.79042],[144.53823,-37.79057],[144.53824,-37.79066],[144.53828,-37.79082],[144.53832,-37.79093],[144.53839,-37.79108],[144.53854,-37.79132],[144.53878,-37.79159],[144.53923,-37.79192],[144.54037,-37.79247]]},"properties":{"name":"Mt Mary Road","kind":"road_construction","operator":"","description":""}},{"type":"Feature","geometry":{"type":"LineString","coordinates":[[144.88649,-37.60555],[144.88662,-37.60492],[144.88668,-37.60461],[144.88673,-37.60439],[144.88669,-37.60433],[144.88663,-37.60429],[144.88596,-37.60424],[144.88568,-37.60422],[144.88553,-37.60418],[144.88532,-37.6042],[144.88455,-37.60427],[144.88426,-37.60431],[144.88388,-37.60441],[144.88384,-37.60449],[144.8839,-37.60469],[144.88399,-37.60471],[144.88438,-37.60462],[144.8846,-37.60459]]},"properties":{"name":"Nandewar Crescent","kind":"road_construction","operator":"","description":""}},{"type":"Feature","geometry":{"type":"LineString","coordinates":[[144.95354,-37.51216],[144.9536,-37.51177],[144.95347,-37.51174],[144.95318,-37.51169],[144.95214,-37.51159],[144.95196,-37.5116],[144.95191,-37.51162],[144.95176,-37.51211],[144.9516,-37.51268],[144.95143,-37.51329],[144.95126,-37.51387],[144.95129,-37.51397],[144.95165,-37.514],[144.9527,-37.51409]]},"properties":{"name":"Murrumbidgee Circuit","kind":"road_construction","operator":"","description":""}},{"type":"Feature","geometry":{"type":"LineString","coordinates":[[144.95098,-37.51651],[144.95082,-37.51619],[144.95076,-37.51602],[144.95078,-37.51583],[144.95106,-37.51461],[144.95116,-37.51458],[144.95181,-37.51464],[144.9522,-37.51468]]},"properties":{"name":"Arcturus Drive","kind":"road_construction","operator":"","description":""}},{"type":"Feature","geometry":{"type":"LineString","coordinates":[[145.47375,-38.20599],[145.47394,-38.20719],[145.47412,-38.20831],[145.47461,-38.20941],[145.47563,-38.21061],[145.47686,-38.21156],[145.47814,-38.21228],[145.47945,-38.21276],[145.47994,-38.21287]]},"properties":{"name":"Koo Wee Rup Bypass Duplication","kind":"road_proposed","operator":"","description":""}},{"type":"Feature","geometry":{"type":"LineString","coordinates":[[145.4795,-38.2129],[145.4784,-38.21257],[145.47723,-38.21213],[145.476,-38.21138],[145.47503,-38.21043],[145.47433,-38.20959],[145.47397,-38.20897],[145.4738,-38.20838],[145.47358,-38.2072],[145.47338,-38.2062],[145.47305,-38.20517],[145.47254,-38.20426],[145.47193,-38.20321],[145.47164,-38.20231],[145.47142,-38.20117],[145.47129,-38.2001],[145.47131,-38.19892],[145.47146,-38.19779],[145.47169,-38.1969],[145.47202,-38.19602],[145.47255,-38.19498],[145.47764,-38.18574],[145.47838,-38.18442],[145.47904,-38.18334]]},"properties":{"name":"Koo Wee Rup Bypass Duplication","kind":"road_proposed","operator":"","description":""}},{"type":"Feature","geometry":{"type":"LineString","coordinates":[[144.94891,-37.56435],[144.94772,-37.56424],[144.94751,-37.56425],[144.94698,-37.56434],[144.94675,-37.56435],[144.94661,-37.56435],[144.94238,-37.56388],[144.94231,-37.56373],[144.9427,-37.56131]]},"properties":{"name":"Quantum Avenue","kind":"road_construction","operator":"","description":""}},{"type":"Feature","geometry":{"type":"LineString","coordinates":[[145.00146,-37.55061],[145.00155,-37.55015],[145.00187,-37.54819],[145.00197,-37.54759],[145.00207,-37.54697],[145.00217,-37.54638],[145.00447,-37.54661],[145.00437,-37.54721],[145.00433,-37.54741],[145.00426,-37.54783],[145.0042,-37.54814],[145.00415,-37.54843],[145.0038,-37.55037]]},"properties":{"name":"Dovedale Road","kind":"road_construction","operator":"","description":""}},{"type":"Feature","geometry":{"type":"LineString","coordinates":[[144.99228,-37.52757],[144.99216,-37.52822],[144.99215,-37.52831],[144.99196,-37.52938],[144.99184,-37.53002],[144.99227,-37.53008],[144.9927,-37.53009],[144.99304,-37.53013],[144.99321,-37.53013],[144.9934,-37.5301],[144.9935,-37.53008],[144.99354,-37.53003],[144.99357,-37.52999],[144.99373,-37.52884],[144.99373,-37.52848]]},"properties":{"name":"Ayrfield Loop","kind":"road_construction","operator":"","description":""}},{"type":"Feature","geometry":{"type":"LineString","coordinates":[[144.56997,-37.73722],[144.56993,-37.7375],[144.56977,-37.73777],[144.5697,-37.738],[144.56948,-37.73873],[144.56949,-37.73879],[144.5696,-37.73924],[144.56971,-37.73943],[144.56973,-37.73951],[144.57006,-37.74017],[144.57037,-37.74085],[144.57053,-37.74119]]},"properties":{"name":"Edgewater Drive","kind":"road_construction","operator":"","description":""}},{"type":"Feature","geometry":{"type":"LineString","coordinates":[[145.00552,-37.54584],[145.00547,-37.54614],[145.00563,-37.5462],[145.00802,-37.54644],[145.00869,-37.54651],[145.00883,-37.54648],[145.00892,-37.54641],[145.00912,-37.5452]]},"properties":{"name":"Adelaide Circuit","kind":"road_construction","operator":"","description":""}},{"type":"Feature","geometry":{"type":"LineString","coordinates":[[144.70703,-37.70689],[144.7062,-37.70694],[144.70596,-37.70694],[144.70589,-37.70696],[144.70587,-37.707],[144.70588,-37.70749],[144.70592,-37.70754],[144.70599,-37.70757],[144.70619,-37.70757],[144.70708,-37.70752]]},"properties":{"name":"Foggy Crescent","kind":"road_construction","operator":"","description":""}},{"type":"Feature","geometry":{"type":"LineString","coordinates":[[144.97294,-37.50064],[144.9728,-37.50045],[144.97275,-37.50028],[144.97278,-37.50001],[144.97292,-37.49996],[144.97404,-37.49997],[144.97411,-37.50009],[144.9741,-37.50036]]},"properties":{"name":"Calibration Crescent","kind":"road_construction","operator":"","description":""}},{"type":"Feature","geometry":{"type":"LineString","coordinates":[[144.98721,-37.60707],[144.98737,-37.60723],[144.98774,-37.60762],[144.98781,-37.60766],[144.98793,-37.60769],[144.98854,-37.60778],[144.98866,-37.60779],[144.98882,-37.60777],[144.98911,-37.60778],[144.98924,-37.60769],[144.98925,-37.60724],[144.9892,-37.60715],[144.98883,-37.60715],[144.98862,-37.60715],[144.98787,-37.607],[144.98777,-37.60699],[144.98737,-37.60723]]},"properties":{"name":"Hillsway Loop","kind":"road_construction","operator":"","description":""}},{"type":"Feature","geometry":{"type":"LineString","coordinates":[[144.98817,-37.60497],[144.98807,-37.60548],[144.988,-37.60571],[144.98783,-37.60612],[144.98765,-37.60626],[144.98763,-37.60632],[144.98762,-37.6064],[144.98761,-37.60647]]},"properties":{"name":"Cupid Crescent","kind":"road_construction","operator":"","description":""}},{"type":"Feature","geometry":{"type":"LineString","coordinates":[[145.35809,-38.087],[145.35811,-38.08677],[145.35821,-38.0862],[145.35821,-38.08607],[145.35818,-38.08595],[145.35813,-38.08576],[145.35815,-38.08564],[145.35816,-38.08556],[145.35817,-38.0855],[145.35825,-38.08512]]},"properties":{"name":"Churchill Boulevard","kind":"road_construction","operator":"","description":""}},{"type":"Feature","geometry":{"type":"LineString","coordinates":[[145.35774,-38.08896],[145.35812,-38.08879],[145.35841,-38.08868],[145.3586,-38.08864],[145.35877,-38.08863],[145.3589,-38.08858],[145.359,-38.08847],[145.35905,-38.08835]]},"properties":{"name":"Birdwood Road","kind":"road_construction","operator":"","description":""}},{"type":"Feature","geometry":{"type":"LineString","coordinates":[[145.35535,-38.08879],[145.35542,-38.08887],[145.35566,-38.08918],[145.35573,-38.08925],[145.35583,-38.0893],[145.35594,-38.08934],[145.35597,-38.08936],[145.35602,-38.08939],[145.35629,-38.08961],[145.3564,-38.08966],[145.35655,-38.08969],[145.35718,-38.08977],[145.35741,-38.08979],[145.35762,-38.08977],[145.35777,-38.08974],[145.35789,-38.08969],[145.35847,-38.08945],[145.35859,-38.0894],[145.36053,-38.08858]]},"properties":{"name":"Redbank Avenue","kind":"road_construction","operator":"","description":""}},{"type":"Feature","geometry":{"type":"LineString","coordinates":[[145.01206,-37.53774],[145.01228,-37.53636],[145.01238,-37.53571],[145.01239,-37.53561],[145.01272,-37.53369],[145.01278,-37.53348],[145.01288,-37.53333],[145.01301,-37.53319],[145.01314,-37.53304],[145.01323,-37.5329],[145.01327,-37.53278],[145.01329,-37.53264],[145.01332,-37.53253]]},"properties":{"name":"Montalto Drive","kind":"road_construction","operator":"","description":""}},{"type":"Feature","geometry":{"type":"LineString","coordinates":[[145.01134,-37.53691],[145.01017,-37.53679],[145.0101,-37.53676],[145.01006,-37.53665],[145.00999,-37.53646],[145.00992,-37.53636],[145.00981,-37.5361],[145.01144,-37.53627],[145.01228,-37.53636]]},"properties":{"name":"Sawtell Circuit","kind":"road_construction","operator":"","description":""}},{"type":"Feature","geometry":{"type":"LineString","coordinates":[[144.70913,-37.69725],[144.71006,-37.69734],[144.71039,-37.69736],[144.71084,-37.6974],[144.71127,-37.69742],[144.71136,-37.69744],[144.71181,-37.69753],[144.71378,-37.69772]]},"properties":{"name":"Parker Boulevard","kind":"road_construction","operator":"","description":""}},{"type":"Feature","geometry":{"type":"LineString","coordinates":[[144.59094,-37.87985],[144.5907,-37.88087],[144.59057,-37.88146],[144.59049,-37.88152],[144.59038,-37.88155],[144.58971,-37.8815],[144.58933,-37.88146],[144.58896,-37.88142],[144.58758,-37.88132]]},"properties":{"name":"Chaumont Drive","kind":"road_construction","operator":"","description":""}},{"type":"Feature","geometry":{"type":"LineString","coordinates":[[145.22535,-37.92524],[145.22519,-37.92521],[145.22447,-37.92509],[145.22383,-37.92497],[145.22249,-37.92474],[145.22239,-37.92471],[145.222,-37.92425],[145.22151,-37.92369],[145.2215,-37.92362],[145.22187,-37.92342],[145.22205,-37.92337]]},"properties":{"name":"Bloomfield Road","kind":"road_construction","operator":"","description":""}},{"type":"Feature","geometry":{"type":"LineString","coordinates":[[145.22519,-37.92521],[145.22533,-37.92453],[145.2254,-37.92415],[145.22542,-37.92405],[145.22547,-37.92385],[145.22548,-37.92376],[145.22552,-37.92355],[145.2256,-37.92313],[145.22572,-37.92247]]},"properties":{"name":"Lepwing Street","kind":"road_construction","operator":"","description":""}},{"type":"Feature","geometry":{"type":"LineString","coordinates":[[144.88381,-37.57507],[144.88377,-37.57529],[144.88198,-37.57506],[144.88175,-37.57496],[144.88149,-37.57478],[144.88141,-37.57461],[144.88128,-37.5743],[144.88117,-37.57417],[144.88088,-37.57397],[144.88066,-37.57381],[144.88028,-37.57352],[144.87973,-37.57309],[144.87965,-37.57302],[144.87944,-37.57267],[144.87943,-37.57263],[144.87949,-37.57138],[144.87951,-37.57078],[144.87951,-37.57057],[144.87946,-37.57034],[144.87908,-37.56991],[144.87849,-37.56931],[144.87799,-37.56879],[144.87776,-37.56855],[144.87711,-37.56847]]},"properties":{"name":"Realgar Boulevard","kind":"road_construction","operator":"","description":""}},{"type":"Feature","geometry":{"type":"LineString","coordinates":[[144.87949,-37.57138],[144.87886,-37.5713],[144.87817,-37.57122],[144.87771,-37.57116],[144.87746,-37.57114],[144.87715,-37.5711],[144.87678,-37.57105],[144.87609,-37.57097],[144.8755,-37.5709],[144.8754,-37.57093],[144.87513,-37.57236]]},"properties":{"name":"Cobberas Crescent","kind":"road_construction","operator":"","description":""}},{"type":"Feature","geometry":{"type":"LineString","coordinates":[[144.60461,-37.90087],[144.60448,-37.90088],[144.60432,-37.90086],[144.60385,-37.90082],[144.60339,-37.90077],[144.60277,-37.90069],[144.60248,-37.90066],[144.60244,-37.90062],[144.60243,-37.90057],[144.60253,-37.90004],[144.60263,-37.89951],[144.60275,-37.89948],[144.60347,-37.89952],[144.6043,-37.8995],[144.60447,-37.89953],[144.60438,-37.90017],[144.60432,-37.90086]]},"properties":{"name":"Girling Circuit","kind":"road_construction","operator":"","description":""}},{"type":"Feature","geometry":{"type":"LineString","coordinates":[[144.63613,-37.85027],[144.63599,-37.85092],[144.63594,-37.85117],[144.63588,-37.85147],[144.63588,-37.85154],[144.6357,-37.85182],[144.63559,-37.85239],[144.63555,-37.85265]]},"properties":{"name":"Surfmist Parade","kind":"road_construction","operator":"","description":""}},{"type":"Feature","geometry":{"type":"LineString","coordinates":[[144.7633,-37.5504],[144.76298,-37.55031],[144.76244,-37.55024],[144.76166,-37.55014],[144.7611,-37.55007],[144.76036,-37.54997],[144.75944,-37.54985],[144.7591,-37.54987]]},"properties":{"name":"Tallara Boulevard","kind":"road_construction","operator":"","description":""}},{"type":"Feature","geometry":{"type":"LineString","coordinates":[[145.39047,-38.05425],[145.39001,-38.05417],[145.3899,-38.05416],[145.38965,-38.05405],[145.38824,-38.05376],[145.38693,-38.05357],[145.38517,-38.05333],[145.38399,-38.05316],[145.38348,-38.05311]]},"properties":{"name":"Pink Hill Boulevard","kind":"road_construction","operator":"","description":""}},{"type":"Feature","geometry":{"type":"LineString","coordinates":[[145.384,-38.05308],[145.38339,-38.05301],[145.38289,-38.05297],[145.38265,-38.05296],[145.38247,-38.05299],[145.38127,-38.05332],[145.38114,-38.05335],[145.38103,-38.05335],[145.38088,-38.05336],[145.38062,-38.05334],[145.38038,-38.05329],[145.38011,-38.05321],[145.37979,-38.0531]]},"properties":{"name":"Pink Hill Boulevard","kind":"road_construction","operator":"","description":""}},{"type":"Feature","geometry":{"type":"LineString","coordinates":[[144.76417,-37.60235],[144.76429,-37.60245],[144.76452,-37.60264],[144.76474,-37.60283],[144.76507,-37.60311],[144.76527,-37.60329],[144.76539,-37.60343],[144.76542,-37.60363]]},"properties":{"name":"Amaranth Street","kind":"road_construction","operator":"","description":""}},{"type":"Feature","geometry":{"type":"LineString","coordinates":[[144.57792,-37.86311],[144.57852,-37.86291],[144.57932,-37.86265],[144.58012,-37.8624],[144.58078,-37.86219],[144.58086,-37.86213],[144.58071,-37.86183],[144.58012,-37.86069]]},"properties":{"name":"Winterset Drive","kind":"road_construction","operator":"","description":""}},{"type":"Feature","geometry":{"type":"LineString","coordinates":[[144.88046,-37.55249],[144.8809,-37.55255],[144.88135,-37.5526],[144.88178,-37.55265],[144.88199,-37.55271],[144.88232,-37.55282],[144.88264,-37.55292],[144.88329,-37.55313],[144.88401,-37.55336],[144.88465,-37.55344],[144.88482,-37.55346]]},"properties":{"name":"Woodswallow Drive","kind":"road_construction","operator":"","description":""}},{"type":"Feature","geometry":{"type":"Point","coordinates":[145.01128,-37.78933]},"properties":{"name":"New hospital","kind":"hospital_construction","operator":""}},{"type":"Feature","geometry":{"type":"Point","coordinates":[145.01018,-37.78908]},"properties":{"name":"Thomas Embling Hospital Expansion","kind":"hospital_construction","operator":""}},{"type":"Feature","geometry":{"type":"LineString","coordinates":[[145.01834,-37.60253],[145.01797,-37.60249],[145.0175,-37.60244],[145.01715,-37.6024],[145.01705,-37.60242],[145.01677,-37.60174],[145.01675,-37.60165],[145.01676,-37.60114],[145.01639,-37.60114],[145.01603,-37.60126],[145.01577,-37.60129]]},"properties":{"name":"Sylvestris Drive","kind":"road_construction","operator":"","description":""}},{"type":"Feature","geometry":{"type":"LineString","coordinates":[[145.01586,-37.60164],[145.01578,-37.60141],[145.01577,-37.60129],[145.01578,-37.60111],[145.01588,-37.60082],[145.0161,-37.60059],[145.01632,-37.60036],[145.01694,-37.59978]]},"properties":{"name":"Lovicks Road","kind":"road_construction","operator":"","description":""}},{"type":"Feature","geometry":{"type":"LineString","coordinates":[[144.6304,-37.84536],[144.63018,-37.84648],[144.62998,-37.84748],[144.62986,-37.84751],[144.62916,-37.84742],[144.62883,-37.84738],[144.62835,-37.84732],[144.62823,-37.8473]]},"properties":{"name":"Keltoss Drive","kind":"road_construction","operator":"","description":""}},{"type":"Feature","geometry":{"type":"LineString","coordinates":[[144.63018,-37.84648],[144.63098,-37.84658],[144.63167,-37.84667],[144.63178,-37.84665],[144.63183,-37.84638],[144.63194,-37.84586],[144.63194,-37.84571],[144.63203,-37.84528],[144.63194,-37.84524],[144.63127,-37.84516]]},"properties":{"name":"Sidford Crescent","kind":"road_construction","operator":"","description":""}},{"type":"Feature","geometry":{"type":"LineString","coordinates":[[144.88785,-37.54894],[144.88974,-37.54918],[144.88977,-37.54924],[144.88978,-37.5493],[144.88976,-37.54942],[144.88966,-37.5496],[144.88948,-37.54983],[144.88771,-37.54961]]},"properties":{"name":"Maidenhair Crescent","kind":"road_construction","operator":"","description":""}},{"type":"Feature","geometry":{"type":"LineString","coordinates":[[144.94718,-37.69542],[144.94676,-37.6954],[144.94647,-37.69542],[144.94612,-37.69539],[144.94538,-37.69531],[144.94475,-37.69524],[144.94435,-37.6952],[144.94319,-37.69507],[144.94233,-37.69498],[144.94241,-37.69438],[144.94248,-37.69387],[144.94367,-37.69378],[144.94475,-37.69369],[144.94534,-37.69364],[144.94599,-37.69359],[144.94614,-37.69358],[144.94627,-37.69357],[144.94637,-37.69355],[144.94646,-37.69353]]},"properties":{"name":"Gold Dust Wattle Circuit","kind":"road_construction","operator":"","description":""}},{"type":"Feature","geometry":{"type":"LineString","coordinates":[[144.88036,-37.7443],[144.88035,-37.74447],[144.88065,-37.7445],[144.88096,-37.74454],[144.88102,-37.74416],[144.88109,-37.74374],[144.88109,-37.74368],[144.88108,-37.74367]]},"properties":{"name":"Rosemont Place","kind":"road_construction","operator":"","description":""}},{"type":"Feature","geometry":{"type":"LineString","coordinates":[[144.76155,-37.86908],[144.7601,-37.86922],[144.76,-37.86923],[144.7599,-37.86925],[144.75982,-37.86928],[144.75975,-37.86931],[144.75968,-37.86935],[144.75964,-37.86939],[144.75961,-37.86944],[144.75959,-37.8695],[144.75958,-37.86956],[144.75958,-37.86964],[144.75958,-37.8697],[144.75958,-37.86979],[144.75959,-37.86991],[144.7596,-37.86998],[144.75961,-37.87006],[144.75963,-37.87012],[144.75965,-37.87016],[144.75968,-37.8702],[144.75971,-37.87023],[144.75973,-37.87025],[144.75976,-37.87027],[144.7598,-37.87029],[144.75984,-37.87031],[144.75989,-37.87032],[144.75994,-37.87033],[144.75999,-37.87034]]},"properties":{"name":"Central Avenue Offramp","kind":"road_construction","operator":"","description":""}},{"type":"Feature","geometry":{"type":"LineString","coordinates":[[145.3765,-38.10858],[145.37614,-38.11158],[145.37601,-38.11275],[145.37582,-38.11432],[145.37587,-38.11442],[145.3767,-38.11523],[145.37679,-38.11532],[145.37665,-38.11658],[145.37662,-38.11668],[145.37648,-38.11689],[145.3756,-38.11733],[145.37542,-38.11748],[145.37534,-38.11756],[145.37527,-38.11769],[145.37522,-38.11788]]},"properties":{"name":"Orana Boulevard","kind":"road_construction","operator":"","description":""}},{"type":"Feature","geometry":{"type":"LineString","coordinates":[[145.38937,-38.1064],[145.38969,-38.10651],[145.38999,-38.10658],[145.39022,-38.10661],[145.3908,-38.10669],[145.39092,-38.10673],[145.39099,-38.10679],[145.39103,-38.10686],[145.39105,-38.10692],[145.39105,-38.10699],[145.39098,-38.10733],[145.39088,-38.10784],[145.39068,-38.10887],[145.39063,-38.10911],[145.39056,-38.10948]]},"properties":{"name":"Flock Crescent","kind":"road_construction","operator":"","description":""}},{"type":"Feature","geometry":{"type":"LineString","coordinates":[[145.13731,-37.61098],[145.13746,-37.61],[145.13764,-37.60888],[145.13767,-37.60869],[145.13772,-37.60848],[145.13779,-37.60828],[145.13787,-37.60807],[145.13798,-37.60786],[145.13808,-37.60769],[145.1382,-37.6075],[145.1382,-37.60748],[145.13838,-37.60719],[145.13842,-37.60712],[145.13871,-37.60662],[145.13879,-37.60649],[145.13887,-37.60631],[145.13891,-37.6062],[145.13893,-37.60609],[145.13896,-37.60599],[145.13898,-37.60583],[145.139,-37.60567],[145.13908,-37.60498],[145.13908,-37.60491],[145.13908,-37.60487],[145.13908,-37.60476]]},"properties":{"name":"Yan Yean Road","kind":"road_construction","operator":"","description":""}},{"type":"Feature","geometry":{"type":"LineString","coordinates":[[145.13922,-37.60477],[145.13923,-37.60488],[145.13923,-37.60492],[145.13923,-37.605],[145.13922,-37.60513],[145.1392,-37.60529],[145.13919,-37.60534],[145.13917,-37.60553],[145.13912,-37.60575],[145.13907,-37.60596],[145.13903,-37.60614],[145.139,-37.60624],[145.13896,-37.60635],[145.13891,-37.60646],[145.13884,-37.60662],[145.13846,-37.60724],[145.13812,-37.60783],[145.13803,-37.60797],[145.13798,-37.60808],[145.13793,-37.60818],[145.13789,-37.60829],[145.13785,-37.60839],[145.13782,-37.6085],[145.13779,-37.60861],[145.13777,-37.60871],[145.13775,-37.6088],[145.13773,-37.60896],[145.13759,-37.60981],[145.13743,-37.61092]]},"properties":{"name":"Yan Yean Road","kind":"road_construction","operator":"","description":""}},{"type":"Feature","geometry":{"type":"LineString","coordinates":[[145.13908,-37.60476],[145.13906,-37.60466],[145.13903,-37.60453],[145.13902,-37.6045],[145.13897,-37.60433],[145.13888,-37.60409],[145.13879,-37.60389],[145.1387,-37.60366],[145.13864,-37.60349],[145.1386,-37.60333],[145.13857,-37.6032],[145.13856,-37.60303],[145.13857,-37.60292],[145.13858,-37.60279]]},"properties":{"name":"Yan Yean Road","kind":"road_construction","operator":"","description":""}},{"type":"Feature","geometry":{"type":"LineString","coordinates":[[145.13869,-37.60222],[145.13867,-37.60244],[145.13866,-37.60262],[145.13866,-37.60282],[145.13866,-37.60298],[145.13867,-37.60309],[145.13869,-37.60318],[145.13872,-37.60329],[145.13876,-37.60342],[145.1388,-37.60354],[145.13885,-37.60366],[145.13891,-37.60379],[145.13899,-37.604],[145.13908,-37.60419],[145.13914,-37.60435],[145.13917,-37.60446],[145.13919,-37.60456],[145.13921,-37.60467],[145.13922,-37.60477]]},"properties":{"name":"Yan Yean Road","kind":"road_construction","operator":"","description":""}},{"type":"Feature","geometry":{"type":"LineString","coordinates":[[144.61969,-37.92149],[144.61972,-37.92144],[144.61976,-37.92139],[144.6198,-37.92134],[144.61985,-37.9213],[144.61989,-37.92126],[144.61994,-37.92123],[144.61998,-37.92121],[144.62004,-37.92118],[144.62023,-37.92111],[144.62046,-37.92104]]},"properties":{"name":"Browns Road","kind":"road_construction","operator":"","description":""}},{"type":"Feature","geometry":{"type":"LineString","coordinates":[[144.57367,-37.65622],[144.57427,-37.6563],[144.57477,-37.65639],[144.57507,-37.65643],[144.57595,-37.65657],[144.57608,-37.6566],[144.57626,-37.6567],[144.57656,-37.65683]]},"properties":{"name":"Stonemason Boulevard","kind":"road_construction","operator":"","description":""}},{"type":"Feature","geometry":{"type":"LineString","coordinates":[[144.88928,-37.55172],[144.88939,-37.55116],[144.88947,-37.55073],[144.88951,-37.55055],[144.88811,-37.55037],[144.88782,-37.55034],[144.88762,-37.55031],[144.88759,-37.55022],[144.8876,-37.55014],[144.88766,-37.54989],[144.88771,-37.54961],[144.88785,-37.54894]]},"properties":{"name":"Beehive Road","kind":"road_construction","operator":"","description":""}},{"type":"Feature","geometry":{"type":"LineString","coordinates":[[144.53571,-37.66115],[144.53612,-37.6612],[144.53686,-37.66141],[144.53711,-37.66146],[144.53732,-37.66149],[144.53761,-37.6615],[144.53785,-37.66147],[144.53812,-37.66142],[144.5383,-37.6614],[144.5389,-37.66126],[144.53905,-37.66126],[144.53927,-37.66128],[144.53956,-37.66133],[144.53961,-37.66134],[144.5399,-37.66143],[144.54025,-37.66152],[144.54039,-37.66154],[144.54054,-37.66155],[144.54109,-37.66152]]},"properties":{"name":"Mooroop Bilk Way","kind":"road_construction","operator":"","description":""}},{"type":"Feature","geometry":{"type":"LineString","coordinates":[[144.54109,-37.66152],[144.54115,-37.6615],[144.54119,-37.66144],[144.5412,-37.66135],[144.54127,-37.66121],[144.54129,-37.66108],[144.54129,-37.66093],[144.54128,-37.66086],[144.54123,-37.66084],[144.54106,-37.6608],[144.54048,-37.66067],[144.54013,-37.66066],[144.53999,-37.66065],[144.53972,-37.66062],[144.53966,-37.66064],[144.53963,-37.66068]]},"properties":{"name":"Acacia Circuit","kind":"road_construction","operator":"","description":""}},{"type":"Feature","geometry":{"type":"LineString","coordinates":[[144.53812,-37.66142],[144.53808,-37.66128],[144.53817,-37.66081],[144.53817,-37.66079],[144.53822,-37.66067],[144.53824,-37.66033],[144.53776,-37.66027],[144.53722,-37.66018],[144.53705,-37.66016],[144.53696,-37.66017],[144.53694,-37.66021],[144.53691,-37.66028],[144.53685,-37.66057],[144.53688,-37.66064],[144.53696,-37.66066],[144.53817,-37.66079]]},"properties":{"name":"Lucia Circuit","kind":"road_construction","operator":"","description":""}},{"type":"Feature","geometry":{"type":"LineString","coordinates":[[144.70628,-37.71787],[144.70633,-37.71761],[144.70639,-37.71733],[144.70649,-37.71679],[144.70652,-37.71664],[144.70657,-37.71637],[144.70658,-37.71625],[144.70659,-37.71615],[144.70675,-37.71545],[144.7068,-37.71519],[144.70682,-37.7151],[144.70691,-37.71461],[144.70693,-37.71451],[144.70694,-37.71444]]},"properties":{"name":"Balance Road","kind":"road_construction","operator":"","description":""}},{"type":"Feature","geometry":{"type":"LineString","coordinates":[[144.70751,-37.71554],[144.70756,-37.71527],[144.70758,-37.71517],[144.7077,-37.71455],[144.70777,-37.71418],[144.70789,-37.71415],[144.70855,-37.71423],[144.70937,-37.71433],[144.71019,-37.71443],[144.71109,-37.71454]]},"properties":{"name":"Gratitude Road","kind":"road_construction","operator":"","description":""}},{"type":"Feature","geometry":{"type":"LineString","coordinates":[[144.71317,-37.71346],[144.71295,-37.7134],[144.71292,-37.71339],[144.71225,-37.71332],[144.71198,-37.71329],[144.71171,-37.71323],[144.71141,-37.71321],[144.71097,-37.71318],[144.71046,-37.7131]]},"properties":{"name":"Sunnybank Road","kind":"road_construction","operator":"","description":""}},{"type":"Feature","geometry":{"type":"LineString","coordinates":[[144.7116,-37.71617],[144.71162,-37.71606],[144.71167,-37.7158],[144.71181,-37.71505],[144.71184,-37.71489],[144.71194,-37.71441],[144.71198,-37.71421],[144.71205,-37.71406],[144.71215,-37.71383],[144.71225,-37.71332]]},"properties":{"name":"Holistic Road","kind":"road_construction","operator":"","description":""}},{"type":"Feature","geometry":{"type":"LineString","coordinates":[[144.70518,-37.71632],[144.70519,-37.71663],[144.70521,-37.71719],[144.70519,-37.71745],[144.70526,-37.7177],[144.70532,-37.71776],[144.70628,-37.71787],[144.70713,-37.71797],[144.70756,-37.71805],[144.70797,-37.71814],[144.70862,-37.71833],[144.7088,-37.71835]]},"properties":{"name":"Chocolate Lily Drive","kind":"road_construction","operator":"","description":""}},{"type":"Feature","geometry":{"type":"LineString","coordinates":[[144.64264,-37.72291],[144.64179,-37.72345],[144.64173,-37.72352],[144.64169,-37.7236],[144.64159,-37.72419],[144.64163,-37.72431],[144.64218,-37.72455],[144.6427,-37.72478]]},"properties":{"name":"Patana Boulevard","kind":"road_construction","operator":"","description":""}},{"type":"Feature","geometry":{"type":"LineString","coordinates":[[144.98187,-37.79628],[144.98508,-37.79542],[144.98559,-37.7953],[144.98601,-37.7952],[144.98748,-37.79491],[144.98831,-37.79474],[144.98916,-37.79456],[144.9897,-37.79443],[144.99022,-37.79428],[144.99086,-37.79403],[144.99149,-37.79372],[144.99204,-37.79342],[144.99254,-37.7931],[144.9929,-37.79283],[144.99322,-37.79253],[144.99349,-37.79223],[144.99373,-37.79193],[144.99396,-37.79162],[144.99415,-37.7913],[144.99432,-37.79098],[144.99442,-37.79068],[144.99449,-37.79038],[144.99477,-37.78794],[144.9948,-37.78724],[144.9948,-37.78684],[144.99476,-37.78637],[144.99467,-37.78596],[144.99455,-37.78554],[144.99443,-37.7852],[144.99437,-37.78504],[144.99429,-37.78489],[144.99421,-37.78475]]},"properties":{"name":"Melbourne Metro 2","kind":"rail_proposed","operator":"","description":"Route option A, Clifton Hill deviation"}},{"type":"Feature","geometry":{"type":"LineString","coordinates":[[144.98187,-37.79628],[144.98216,-37.79619],[144.98243,-37.79609],[144.9827,-37.79598],[144.98296,-37.79586],[144.9833,-37.79563],[144.98363,-37.7954],[144.98378,-37.79527],[144.98393,-37.79515],[144.98406,-37.79502],[144.98418,-37.79489],[144.98441,-37.79458],[144.9846,-37.79428],[144.9847,-37.79407],[144.98479,-37.79386],[144.98487,-37.79366],[144.98494,-37.79344],[144.98521,-37.79224],[144.98553,-37.79092],[144.98563,-37.7906],[144.98572,-37.79029],[144.98585,-37.78999],[144.98598,-37.7897],[144.98622,-37.78928],[144.98665,-37.78853],[144.98725,-37.78766],[144.98775,-37.78703],[144.98836,-37.78627],[144.98884,-37.78573],[144.98923,-37.78528],[144.98946,-37.785],[144.98961,-37.78478],[144.98973,-37.78456],[144.98982,-37.78435],[144.98989,-37.78413],[144.98998,-37.78388],[144.99028,-37.78222],[144.99036,-37.78195],[144.99045,-37.78172],[144.99058,-37.78148],[144.99073,-37.78122],[144.99088,-37.78097],[144.99105,-37.78073],[144.99132,-37.78043],[144.9916,-37.78015],[144.99187,-37.77991],[144.99207,-37.77971],[144.99224,-37.77952],[144.99236,-37.77936],[144.99243,-37.77927],[144.99249,-37.77918],[144.99253,-37.77911],[144.99257,-37.77905],[144.99263,-37.77891],[144.99266,-37.77882],[144.99283,-37.77814],[144.99312,-37.77676],[144.9933,-37.77594],[144.99341,-37.77541],[144.99346,-37.77517]]},"properties":{"name":"Melbourne Metro 2","kind":"rail_proposed","operator":"","description":"Route option B, Clifton Hill bypass"}},{"type":"Feature","geometry":{"type":"LineString","coordinates":[[144.84165,-37.79629],[144.84089,-37.79596],[144.84052,-37.79578],[144.84018,-37.79562],[144.83994,-37.79549],[144.83973,-37.79537],[144.83941,-37.79518],[144.83913,-37.795],[144.83867,-37.79467],[144.83791,-37.79412],[144.83706,-37.79351],[144.83614,-37.79281],[144.83582,-37.79256],[144.83551,-37.7923],[144.83543,-37.79224],[144.83535,-37.79217],[144.83518,-37.792],[144.83505,-37.79185],[144.83492,-37.79171],[144.83472,-37.79146],[144.83425,-37.79088],[144.83342,-37.78978],[144.83227,-37.78828],[144.83194,-37.78785],[144.83173,-37.78756],[144.8315,-37.78726],[144.83132,-37.78704],[144.83117,-37.78686],[144.83102,-37.78669],[144.83098,-37.78664],[144.83091,-37.78659],[144.83086,-37.78655],[144.83082,-37.78651],[144.83073,-37.78645],[144.83059,-37.78637],[144.83043,-37.78628],[144.83027,-37.7862],[144.83011,-37.78613],[144.82991,-37.78605],[144.82976,-37.78601],[144.82943,-37.78594],[144.82903,-37.78585],[144.82876,-37.7858],[144.8286,-37.78577],[144.82845,-37.78575],[144.82746,-37.78564]]},"properties":{"name":"Sunshine Station New regional tracks","kind":"rail_proposed","operator":"","description":""}},{"type":"Feature","geometry":{"type":"LineString","coordinates":[[144.83964,-37.79502],[144.83988,-37.79515],[144.84007,-37.79525],[144.84032,-37.79536],[144.8408,-37.79558],[144.8413,-37.7958],[144.8419,-37.79605],[144.84227,-37.79619],[144.84284,-37.79639],[144.84382,-37.7967],[144.84447,-37.79687],[144.84512,-37.79703],[144.84546,-37.7971],[144.84586,-37.79718],[144.84624,-37.79725],[144.84662,-37.79731],[144.84695,-37.79735],[144.84769,-37.79743],[144.84906,-37.79759],[144.84926,-37.79761],[144.8494,-37.79762],[144.85014,-37.79768],[144.85082,-37.79775],[144.85188,-37.79784],[144.85257,-37.79791],[144.85336,-37.798],[144.85426,-37.79814],[144.85534,-37.7983],[144.85594,-37.79838],[144.85664,-37.79847],[144.85693,-37.7985],[144.85839,-37.79865],[144.85891,-37.79871],[144.8593,-37.79876],[144.85951,-37.79878],[144.85977,-37.79879],[144.86024,-37.79883],[144.86085,-37.79887],[144.86099,-37.79888],[144.86122,-37.79889],[144.86166,-37.79892],[144.86186,-37.79894],[144.86207,-37.79896],[144.86292,-37.79906],[144.86363,-37.79914],[144.86412,-37.79919],[144.86428,-37.79921],[144.86442,-37.79923],[144.86485,-37.79929],[144.86513,-37.79933],[144.86536,-37.79937],[144.86553,-37.7994],[144.86577,-37.79944]]},"properties":{"name":"Future Sunbury Line alignment","kind":"rail_proposed","operator":"","description":""}},{"type":"Feature","geometry":{"type":"LineString","coordinates":[[144.87102,-37.8003],[144.87055,-37.80025],[144.87004,-37.8002],[144.86953,-37.80015]]},"properties":{"name":"Future Sunbury Line alignment","kind":"rail_proposed","operator":"","description":""}},{"type":"Feature","geometry":{"type":"LineString","coordinates":[[144.8685,-37.8],[144.86739,-37.79977]]},"properties":{"name":"Future Sunbury Line alignment","kind":"rail_proposed","operator":"","description":""}},{"type":"Feature","geometry":{"type":"LineString","coordinates":[[144.86953,-37.80015],[144.86907,-37.8001],[144.86884,-37.80006],[144.86866,-37.80003],[144.8685,-37.8]]},"properties":{"name":"Future Sunbury Line alignment","kind":"rail_proposed","operator":"","description":""}},{"type":"Feature","geometry":{"type":"LineString","coordinates":[[144.86714,-37.79971],[144.86697,-37.79968],[144.86681,-37.79965],[144.86647,-37.7996],[144.86638,-37.79959],[144.86572,-37.79949]]},"properties":{"name":"Future Sunbury Line alignment","kind":"rail_construction","operator":"","description":""}},{"type":"Feature","geometry":{"type":"LineString","coordinates":[[144.87518,-37.80072],[144.87254,-37.80043]]},"properties":{"name":"Future Airport Line alignment","kind":"rail_proposed","operator":"","description":""}},{"type":"Feature","geometry":{"type":"LineString","coordinates":[[144.84179,-37.79615],[144.84151,-37.79603],[144.84122,-37.79592],[144.84072,-37.79573],[144.84049,-37.79563],[144.84026,-37.79552],[144.84011,-37.79544],[144.83983,-37.79528],[144.83967,-37.79518],[144.83938,-37.795]]},"properties":{"name":"Future Airport Line alignment","kind":"rail_proposed","operator":"","description":""}},{"type":"Feature","geometry":{"type":"LineString","coordinates":[[144.83946,-37.795],[144.83972,-37.79517],[144.83983,-37.79524],[144.84013,-37.7954],[144.84031,-37.7955],[144.8405,-37.79558],[144.84064,-37.79564],[144.84115,-37.79585],[144.8418,-37.79611]]},"properties":{"name":"Future Airport Line alignment","kind":"rail_proposed","operator":"","description":""}},{"type":"Feature","geometry":{"type":"LineString","coordinates":[[144.83397,-37.79041],[144.8345,-37.7911],[144.83487,-37.79157],[144.83512,-37.79186],[144.83523,-37.79198],[144.83538,-37.79213],[144.83554,-37.79227],[144.83596,-37.79261],[144.83626,-37.79284],[144.8366,-37.7931],[144.83722,-37.79356],[144.83774,-37.79394],[144.83837,-37.79439],[144.83908,-37.7949],[144.83952,-37.79518],[144.83989,-37.7954],[144.84031,-37.79562],[144.84089,-37.7959],[144.84168,-37.79624]]},"properties":{"name":"Sunshine Station New regional tracks","kind":"rail_proposed","operator":"","description":""}},{"type":"Feature","geometry":{"type":"LineString","coordinates":[[144.83335,-37.78971],[144.8333,-37.78973],[144.83261,-37.78881],[144.83253,-37.78871],[144.83241,-37.78856],[144.83238,-37.78851],[144.83234,-37.78846],[144.83221,-37.78829],[144.83226,-37.78827],[144.83246,-37.78853],[144.83335,-37.78971]]},"properties":{"name":"Platform 6","kind":"rail_proposed","operator":"V/Line","description":""}},{"type":"Feature","geometry":{"type":"LineString","coordinates":[[144.82992,-37.78471],[144.82803,-37.78227]]},"properties":{"name":"Airport Line","kind":"rail_proposed","operator":"","description":""}},{"type":"Feature","geometry":{"type":"LineString","coordinates":[[144.82806,-37.78221],[144.82997,-37.7847]]},"properties":{"name":"Airport Line","kind":"rail_proposed","operator":"","description":""}},{"type":"Feature","geometry":{"type":"LineString","coordinates":[[144.96266,-37.8066],[144.96288,-37.80663],[144.96292,-37.80664],[144.96302,-37.80665],[144.96319,-37.80667],[144.96349,-37.80669],[144.96364,-37.80671],[144.96463,-37.80681],[144.96637,-37.80701],[144.96824,-37.80721],[144.96939,-37.80733],[144.96994,-37.80739],[144.97016,-37.80742],[144.97035,-37.80745],[144.97062,-37.80749],[144.97075,-37.80752],[144.97103,-37.80757]]},"properties":{"name":"Victoria Street","kind":"rail_proposed","operator":"","description":""}},{"type":"Feature","geometry":{"type":"LineString","coordinates":[[144.971,-37.8076],[144.97079,-37.80756],[144.9707,-37.80754],[144.97057,-37.80751],[144.97045,-37.80749],[144.9703,-37.80747],[144.97014,-37.80745],[144.96997,-37.80742],[144.96973,-37.8074],[144.96915,-37.80733],[144.96834,-37.80725],[144.96755,-37.80716],[144.96597,-37.80699],[144.96455,-37.80684],[144.96383,-37.80676],[144.96351,-37.80673],[144.96314,-37.8067],[144.96291,-37.80667],[144.96287,-37.80667],[144.96282,-37.80666],[144.96249,-37.80662]]},"properties":{"name":"Victoria Street","kind":"rail_proposed","operator":"","description":""}},{"type":"Feature","geometry":{"type":"LineString","coordinates":[[144.61013,-37.91927],[144.61076,-37.919],[144.61106,-37.91887],[144.61135,-37.91874],[144.61169,-37.91859],[144.61204,-37.91844],[144.61285,-37.91812],[144.61507,-37.91727],[144.61693,-37.91654],[144.61767,-37.91627],[144.61802,-37.91614],[144.6183,-37.91604],[144.61858,-37.91595],[144.61887,-37.91584],[144.6193,-37.91569],[144.61971,-37.91554]]},"properties":{"name":"Western Standard Gauge Line","kind":"rail_proposed","operator":"ARTC","description":""}},{"type":"Feature","geometry":{"type":"LineString","coordinates":[[144.60848,-37.91901],[144.60895,-37.91902],[144.60917,-37.91902],[144.60939,-37.91902],[144.60966,-37.91901],[144.60992,-37.919],[144.61022,-37.91897],[144.61057,-37.91893],[144.611,-37.91887],[144.61118,-37.91884],[144.61137,-37.9188],[144.61148,-37.91878],[144.61158,-37.91875],[144.61178,-37.9187],[144.61208,-37.91861],[144.61226,-37.91856],[144.61242,-37.91851]]},"properties":{"name":"Werribee - Wyndham Vale Extension","kind":"rail_proposed","operator":"Metro Trains Melbourne","description":""}},{"type":"Feature","geometry":{"type":"LineString","coordinates":[[144.61351,-37.91792],[144.6138,-37.91781],[144.61409,-37.91771],[144.6147,-37.91751],[144.61495,-37.91742],[144.61529,-37.9173],[144.61558,-37.9172]]},"properties":{"name":"Werribee - Wyndham Vale Extension","kind":"rail_proposed","operator":"Metro Trains Melbourne","description":""}},{"type":"Feature","geometry":{"type":"LineString","coordinates":[[144.60667,-37.91874],[144.60724,-37.91886],[144.60778,-37.91894],[144.60812,-37.91898],[144.60848,-37.91901]]},"properties":{"name":"Werribee - Wyndham Vale Extension","kind":"rail_proposed","operator":"Metro Trains Melbourne","description":""}},{"type":"Feature","geometry":{"type":"LineString","coordinates":[[144.60669,-37.9187],[144.60725,-37.91882],[144.60777,-37.91889],[144.60803,-37.91893],[144.60812,-37.91894],[144.60848,-37.91896]]},"properties":{"name":"Werribee - Wyndham Vale Extension","kind":"rail_proposed","operator":"Metro Trains Melbourne","description":""}},{"type":"Feature","geometry":{"type":"LineString","coordinates":[[144.612,-37.91849],[144.61219,-37.91842],[144.61309,-37.91807],[144.61339,-37.91796],[144.61351,-37.91792]]},"properties":{"name":"Werribee - Wyndham Vale Extension","kind":"rail_proposed","operator":"Metro Trains Melbourne","description":""}},{"type":"Feature","geometry":{"type":"LineString","coordinates":[[144.61389,-37.91796],[144.6142,-37.91784],[144.61436,-37.91777],[144.61452,-37.9177],[144.61471,-37.91762],[144.6149,-37.91754],[144.61518,-37.91741],[144.61539,-37.91732],[144.6156,-37.91723]]},"properties":{"name":"Werribee - Wyndham Vale Extension","kind":"rail_proposed","operator":"Metro Trains Melbourne","description":""}},{"type":"Feature","geometry":{"type":"LineString","coordinates":[[144.61242,-37.91851],[144.61263,-37.91844],[144.61359,-37.91808],[144.61389,-37.91796]]},"properties":{"name":"Werribee - Wyndham Vale Extension","kind":"rail_proposed","operator":"Metro Trains Melbourne","description":""}},{"type":"Feature","geometry":{"type":"LineString","coordinates":[[144.60848,-37.91896],[144.60877,-37.91898],[144.6091,-37.91898],[144.6093,-37.91898],[144.60951,-37.91897],[144.60974,-37.91895],[144.61024,-37.91889],[144.61058,-37.91884],[144.61099,-37.91877],[144.61128,-37.9187],[144.61156,-37.91864],[144.61183,-37.91855],[144.612,-37.91849]]},"properties":{"name":"Werribee - Wyndham Vale Extension","kind":"rail_proposed","operator":"Metro Trains Melbourne","description":""}},{"type":"Feature","geometry":{"type":"LineString","coordinates":[[144.95488,-37.8117],[144.95502,-37.81171],[144.95483,-37.81323],[144.95469,-37.81322],[144.95488,-37.8117]]},"properties":{"name":"Flagstaff","kind":"rail_proposed","operator":"","description":""}},{"type":"Feature","geometry":{"type":"LineString","coordinates":[[144.9581,-37.80071],[144.95824,-37.80081],[144.95994,-37.79922],[144.9598,-37.79913],[144.9581,-37.80071]]},"properties":{"name":"Parkville","kind":"rail_proposed","operator":"","description":""}},{"type":"Feature","geometry":{"type":"LineString","coordinates":[[144.97254,-37.79697],[144.97254,-37.79707],[144.97473,-37.79715],[144.97474,-37.79705],[144.97254,-37.79697]]},"properties":{"name":"Fitzroy","kind":"rail_proposed","operator":"","description":""}},{"type":"Feature","geometry":{"type":"LineString","coordinates":[[144.99449,-37.78491],[144.9946,-37.7851],[144.99469,-37.7853],[144.99478,-37.78551],[144.99484,-37.78568],[144.99493,-37.78597],[144.99499,-37.78623],[144.99503,-37.78643],[144.99505,-37.78666],[144.99507,-37.7869],[144.9951,-37.78746],[144.99479,-37.79039],[144.99474,-37.7907],[144.99465,-37.79099],[144.99451,-37.7913],[144.9942,-37.79181],[144.99387,-37.79225],[144.99351,-37.79263],[144.99313,-37.793],[144.99266,-37.79337],[144.99218,-37.79369],[144.99154,-37.79401],[144.99089,-37.79429],[144.99042,-37.79443],[144.9899,-37.79457],[144.98938,-37.7947],[144.98886,-37.79481],[144.98723,-37.79512],[144.98645,-37.79528],[144.98573,-37.79545],[144.98492,-37.79563],[144.98403,-37.79585],[144.98328,-37.79603],[144.98195,-37.79638]]},"properties":{"name":"Melbourne Metro 2","kind":"rail_proposed","operator":"","description":"Route option A, Clifton Hill deviation"}},{"type":"Feature","geometry":{"type":"LineString","coordinates":[[144.99452,-37.79034],[144.99477,-37.79036],[144.99504,-37.78786],[144.99479,-37.78784],[144.99452,-37.79034]]},"properties":{"name":"Clifton Hill","kind":"rail_proposed","operator":"","description":""}},{"type":"Feature","geometry":{"type":"LineString","coordinates":[[144.99421,-37.78475],[144.99412,-37.78464],[144.99402,-37.78451],[144.9939,-37.78437],[144.99382,-37.78429],[144.99374,-37.78421],[144.99357,-37.78406]]},"properties":{"name":"Melbourne Metro 2","kind":"rail_proposed","operator":"","description":"Route option A, Clifton Hill deviation"}},{"type":"Feature","geometry":{"type":"LineString","coordinates":[[144.99379,-37.78414],[144.994,-37.78429],[144.99404,-37.78433],[144.9941,-37.78438],[144.99418,-37.78447],[144.99423,-37.78452],[144.99428,-37.78459],[144.99433,-37.78466],[144.99441,-37.78477],[144.99449,-37.78491]]},"properties":{"name":"Melbourne Metro 2","kind":"rail_proposed","operator":"","description":"Route option A, Clifton Hill deviation"}},{"type":"Feature","geometry":{"type":"LineString","coordinates":[[144.99357,-37.78406],[144.99337,-37.7839],[144.99316,-37.78375]]},"properties":{"name":"Melbourne Metro 2","kind":"rail_proposed","operator":"","description":"Route option A, Clifton Hill deviation"}},{"type":"Feature","geometry":{"type":"LineString","coordinates":[[144.99029,-37.78223],[144.99049,-37.78225],[144.9902,-37.7839],[144.99,-37.78388],[144.99029,-37.78223]]},"properties":{"name":"Rushall","kind":"rail_proposed","operator":"","description":""}},{"type":"Feature","geometry":{"type":"LineString","coordinates":[[144.99361,-37.77519],[144.99359,-37.77526],[144.99353,-37.7756],[144.99342,-37.77622],[144.99331,-37.77678],[144.99302,-37.77817],[144.99293,-37.77852],[144.99288,-37.77867],[144.99282,-37.77885],[144.99278,-37.77896],[144.99267,-37.77916],[144.99262,-37.77924],[144.99256,-37.77934],[144.99238,-37.77961],[144.99229,-37.77973],[144.9922,-37.77984],[144.99206,-37.78],[144.99187,-37.78016],[144.99172,-37.78029],[144.99147,-37.78053],[144.99131,-37.78072],[144.99111,-37.781],[144.99097,-37.78123],[144.99083,-37.78146],[144.99074,-37.78165],[144.99066,-37.78182],[144.9906,-37.78199],[144.99051,-37.78223],[144.99022,-37.78391],[144.99017,-37.7841],[144.99006,-37.78436],[144.9899,-37.78467],[144.98977,-37.78485],[144.98966,-37.78502],[144.98951,-37.78522],[144.98883,-37.78603],[144.98831,-37.78663],[144.98793,-37.78711],[144.98755,-37.78759],[144.98722,-37.78801],[144.98683,-37.78862],[144.98641,-37.7893],[144.98624,-37.78958],[144.98608,-37.78987],[144.98593,-37.79016],[144.98581,-37.79045],[144.98574,-37.79065],[144.98567,-37.79084],[144.98563,-37.791],[144.98558,-37.79117],[144.98554,-37.79136],[144.98535,-37.79231],[144.98506,-37.79375],[144.98501,-37.79389],[144.98497,-37.79403],[144.98491,-37.79417],[144.98483,-37.79431],[144.98469,-37.79454],[144.98452,-37.79477],[144.98439,-37.79493],[144.98424,-37.79509],[144.98407,-37.79525],[144.98388,-37.79541],[144.9837,-37.79555],[144.98352,-37.79567],[144.98331,-37.79581],[144.98305,-37.79595],[144.98276,-37.79608],[144.98254,-37.79618],[144.98229,-37.79627],[144.98195,-37.79638]]},"properties":{"name":"Melbourne Metro 2","kind":"rail_proposed","operator":"","description":"Route option B, Clifton Hill bypass"}},{"type":"Feature","geometry":{"type":"LineString","coordinates":[[144.87735,-37.84816],[144.87854,-37.84776]]},"properties":{"name":"Melbourne Metro 2","kind":"rail_proposed","operator":"","description":""}},{"type":"Feature","geometry":{"type":"LineString","coordinates":[[144.87856,-37.8478],[144.87737,-37.8482]]},"properties":{"name":"Melbourne Metro 2","kind":"rail_proposed","operator":"","description":""}},{"type":"Feature","geometry":{"type":"LineString","coordinates":[[144.88371,-37.84312],[144.88381,-37.84313],[144.88397,-37.84177],[144.88386,-37.84176],[144.88371,-37.84312]]},"properties":{"name":"Newport","kind":"rail_proposed","operator":"","description":""}},{"type":"Feature","geometry":{"type":"LineString","coordinates":[[144.86813,-37.79987],[144.8683,-37.79988],[144.86848,-37.79989],[144.86881,-37.79991],[144.8692,-37.79993],[144.86932,-37.79994],[144.86944,-37.79995],[144.86957,-37.79997],[144.8697,-37.79999],[144.86987,-37.80002],[144.87006,-37.80005],[144.87025,-37.80009],[144.87059,-37.80017],[144.87072,-37.8002],[144.87083,-37.80022]]},"properties":{"name":"Future Airport Line alignment","kind":"rail_construction","operator":"","description":""}},{"type":"Feature","geometry":{"type":"LineString","coordinates":[[144.86859,-37.79993],[144.86818,-37.79991],[144.86781,-37.79989],[144.86762,-37.79988],[144.86744,-37.79986],[144.86724,-37.79983],[144.86707,-37.79981],[144.86691,-37.79979],[144.86676,-37.79976],[144.86656,-37.79973],[144.86636,-37.7997],[144.86614,-37.79967],[144.86581,-37.79962]]},"properties":{"name":"Future Airport Line alignment","kind":"rail_proposed","operator":"","description":""}},{"type":"Feature","geometry":{"type":"LineString","coordinates":[[144.99284,-37.77815],[144.99301,-37.77817],[144.9933,-37.77679],[144.99313,-37.77677],[144.99284,-37.77815]]},"properties":{"name":"Merri","kind":"rail_proposed","operator":"","description":""}},{"type":"Feature","geometry":{"type":"LineString","coordinates":[[144.99346,-37.77517],[144.9935,-37.775],[144.99356,-37.77476],[144.99362,-37.77455],[144.99366,-37.77439],[144.99375,-37.77399]]},"properties":{"name":"Melbourne Metro 2","kind":"rail_proposed","operator":"","description":"Route option B, Clifton Hill bypass"}},{"type":"Feature","geometry":{"type":"LineString","coordinates":[[144.99381,-37.77399],[144.99371,-37.77451],[144.99368,-37.77474],[144.99364,-37.775],[144.99361,-37.77519]]},"properties":{"name":"Melbourne Metro 2","kind":"rail_proposed","operator":"","description":"Route option B, Clifton Hill bypass"}},{"type":"Feature","geometry":{"type":"LineString","coordinates":[[144.95676,-37.69153],[144.95664,-37.6912],[144.95654,-37.69087],[144.95647,-37.69065],[144.95642,-37.69047],[144.95638,-37.69028],[144.95634,-37.6901],[144.95626,-37.68971],[144.95611,-37.68878],[144.95593,-37.6878],[144.95572,-37.68665],[144.95556,-37.68579],[144.95539,-37.68492],[144.95534,-37.68466],[144.95529,-37.68441],[144.95525,-37.68423],[144.95521,-37.68408],[144.95516,-37.68392],[144.95511,-37.68378],[144.95493,-37.68336],[144.95484,-37.68316],[144.95475,-37.68297],[144.95462,-37.68275],[144.95448,-37.6825],[144.95435,-37.68231],[144.9542,-37.68211],[144.95403,-37.68189],[144.95386,-37.68168],[144.95342,-37.68121],[144.95326,-37.68103],[144.95312,-37.68087],[144.95293,-37.68064],[144.95278,-37.68043],[144.95264,-37.68024],[144.95254,-37.68009],[144.95241,-37.67991],[144.9523,-37.67973],[144.95218,-37.67955],[144.95208,-37.67936],[144.95198,-37.67918],[144.95187,-37.679],[144.95177,-37.6788],[144.95166,-37.67855],[144.95156,-37.67834],[144.95147,-37.67814],[144.95127,-37.67762],[144.95063,-37.67596],[144.94909,-37.67212],[144.94827,-37.67002],[144.94736,-37.66771],[144.94627,-37.66491]]},"properties":{"name":"Upfield Line","kind":"rail_proposed","operator":"","description":""}},{"type":"Feature","geometry":{"type":"LineString","coordinates":[[144.95872,-37.70028],[144.95868,-37.69988],[144.95867,-37.69968],[144.95865,-37.69947],[144.95863,-37.69925],[144.9586,-37.69903],[144.95853,-37.69841],[144.95842,-37.69765],[144.95833,-37.69689],[144.95822,-37.69599],[144.95815,-37.69551],[144.95812,-37.69533],[144.95809,-37.69515],[144.95806,-37.69501],[144.95802,-37.69487],[144.95795,-37.69463],[144.95788,-37.69442],[144.95783,-37.69427],[144.95777,-37.69413],[144.95766,-37.69385],[144.95735,-37.69306],[144.9571,-37.6924]]},"properties":{"name":"Upfield Line","kind":"rail_proposed","operator":"","description":""}},{"type":"Feature","geometry":{"type":"LineString","coordinates":[[144.9571,-37.6924],[144.95676,-37.69153]]},"properties":{"name":"Upfield Line","kind":"rail_proposed","operator":"","description":""}},{"type":"Feature","geometry":{"type":"LineString","coordinates":[[144.85872,-37.79893],[144.85832,-37.79889],[144.8579,-37.79886],[144.85753,-37.79883],[144.85716,-37.7988],[144.85631,-37.79872],[144.85466,-37.79855],[144.85312,-37.79838]]},"properties":{"name":"Regional Rail Link realignment","kind":"rail_proposed","operator":"","description":""}},{"type":"Feature","geometry":{"type":"LineString","coordinates":[[144.85195,-37.79822],[144.85247,-37.79826],[144.85318,-37.79832],[144.85378,-37.79837],[144.85459,-37.79844],[144.85553,-37.79853],[144.85712,-37.79869],[144.85753,-37.79873],[144.85792,-37.79878],[144.85841,-37.79884],[144.85847,-37.79885],[144.85903,-37.79892]]},"properties":{"name":"Regional Rail Link realignment","kind":"rail_proposed","operator":"","description":""}},{"type":"Feature","geometry":{"type":"LineString","coordinates":[[144.86459,-37.79934],[144.86407,-37.79928],[144.86295,-37.79916],[144.86237,-37.79909],[144.86187,-37.79903],[144.86146,-37.79899],[144.86102,-37.79895],[144.86068,-37.79892],[144.85953,-37.79882],[144.85892,-37.79876],[144.85839,-37.79869],[144.85761,-37.79861],[144.85655,-37.79851],[144.85491,-37.79834],[144.85385,-37.79822],[144.85297,-37.79812],[144.852,-37.79801],[144.85124,-37.79792],[144.8502,-37.79778],[144.84925,-37.79767],[144.84878,-37.79762],[144.84713,-37.79743],[144.84663,-37.79737],[144.84623,-37.79731],[144.84585,-37.79724],[144.84545,-37.79716],[144.84509,-37.79708],[144.84446,-37.79693],[144.84381,-37.79676],[144.84328,-37.79659],[144.84272,-37.7964],[144.84202,-37.79615],[144.84168,-37.79601],[144.84126,-37.79583],[144.84067,-37.79557],[144.8402,-37.79535],[144.83991,-37.79521],[144.83976,-37.79512],[144.83952,-37.79499]]},"properties":{"name":"Future Sunbury Line alignment","kind":"rail_proposed","operator":"","description":""}},{"type":"Feature","geometry":{"type":"LineString","coordinates":[[144.85226,-37.79793],[144.85263,-37.79798],[144.85283,-37.79801],[144.85305,-37.79806],[144.85353,-37.79816],[144.85394,-37.79825],[144.85432,-37.79833],[144.85482,-37.79843],[144.85506,-37.79847],[144.8554,-37.79852],[144.85567,-37.79856],[144.85609,-37.79861],[144.85647,-37.79865]]},"properties":{"name":"Future Bendigo Line alignment","kind":"rail_proposed","operator":"","description":""}},{"type":"Feature","geometry":{"type":"LineString","coordinates":[[144.85646,-37.7987],[144.85606,-37.79865],[144.85565,-37.7986],[144.8554,-37.79856],[144.85516,-37.79852],[144.85447,-37.7984],[144.85394,-37.79829],[144.85354,-37.7982],[144.85321,-37.79814],[144.85294,-37.79809],[144.85273,-37.79805],[144.85249,-37.79801],[144.85226,-37.79798]]},"properties":{"name":"Future Bendigo Line alignment","kind":"rail_proposed","operator":"","description":""}},{"type":"Feature","geometry":{"type":"LineString","coordinates":[[144.85056,-37.79779],[144.84991,-37.79773],[144.84925,-37.79767]]},"properties":{"name":"Future Bendigo Line alignment","kind":"rail_proposed","operator":"","description":""}},{"type":"Feature","geometry":{"type":"LineString","coordinates":[[144.85226,-37.79798],[144.85207,-37.79796],[144.85173,-37.79792],[144.85079,-37.79782],[144.85056,-37.79779]]},"properties":{"name":"Future Bendigo Line alignment","kind":"rail_proposed","operator":"","description":""}},{"type":"Feature","geometry":{"type":"LineString","coordinates":[[144.85056,-37.79775],[144.85185,-37.79788],[144.85226,-37.79793]]},"properties":{"name":"Future Bendigo Line alignment","kind":"rail_proposed","operator":"","description":""}},{"type":"Feature","geometry":{"type":"LineString","coordinates":[[144.8494,-37.79762],[144.84999,-37.79769],[144.85056,-37.79775]]},"properties":{"name":"Future Bendigo Line alignment","kind":"rail_proposed","operator":"","description":""}},{"type":"Feature","geometry":{"type":"LineString","coordinates":[[144.85771,-37.79883],[144.85755,-37.79881],[144.85646,-37.7987]]},"properties":{"name":"Future Bendigo Line alignment","kind":"rail_proposed","operator":"","description":""}},{"type":"Feature","geometry":{"type":"LineString","coordinates":[[144.85647,-37.79865],[144.85651,-37.79866],[144.85762,-37.79876],[144.85772,-37.79877]]},"properties":{"name":"Future Bendigo Line alignment","kind":"rail_proposed","operator":"","description":""}},{"type":"Feature","geometry":{"type":"LineString","coordinates":[[144.85832,-37.79889],[144.85771,-37.79883]]},"properties":{"name":"Future Bendigo Line alignment","kind":"rail_proposed","operator":"","description":""}},{"type":"Feature","geometry":{"type":"LineString","coordinates":[[144.85772,-37.79877],[144.85801,-37.7988],[144.85841,-37.79884]]},"properties":{"name":"Future Bendigo Line alignment","kind":"rail_proposed","operator":"","description":""}},{"type":"Feature","geometry":{"type":"LineString","coordinates":[[144.85054,-37.79798],[144.85135,-37.79806],[144.85229,-37.79812],[144.85254,-37.79813],[144.85284,-37.79816],[144.85329,-37.7982],[144.85387,-37.79826],[144.85502,-37.7984],[144.85594,-37.79849],[144.85692,-37.7986]]},"properties":{"name":"Future Airport Line alignment","kind":"rail_proposed","operator":"","description":""}},{"type":"Feature","geometry":{"type":"LineString","coordinates":[[144.85692,-37.79864],[144.85548,-37.79849],[144.85376,-37.79829],[144.85332,-37.79825],[144.85292,-37.79821],[144.85276,-37.79819],[144.85258,-37.79818],[144.85236,-37.79816],[144.85177,-37.79813],[144.85117,-37.79808],[144.85053,-37.79802]]},"properties":{"name":"Planned/under construction","kind":"rail_proposed","operator":"","description":""}},{"type":"Feature","geometry":{"type":"LineString","coordinates":[[144.87951,-37.57078],[144.87863,-37.57068],[144.87793,-37.5706],[144.87755,-37.57055],[144.87724,-37.57052],[144.87635,-37.57041],[144.87563,-37.57033],[144.87551,-37.57029],[144.87557,-37.56998],[144.87569,-37.56933]]},"properties":{"name":"Permian Crescent","kind":"road_construction","operator":"","description":""}},{"type":"Feature","geometry":{"type":"LineString","coordinates":[[145.08756,-38.00627],[145.08743,-38.00632],[145.08742,-38.00632],[145.08741,-38.00632],[145.08686,-38.0055],[145.08685,-38.00549],[145.08686,-38.00549],[145.08698,-38.00544]]},"properties":{"name":"Mordialloc Station car park","kind":"road_construction","operator":"","description":""}},{"type":"Feature","geometry":{"type":"LineString","coordinates":[[144.87576,-37.63409],[144.87583,-37.63374],[144.87598,-37.63304],[144.87603,-37.63297],[144.87609,-37.63291],[144.87628,-37.63282],[144.87642,-37.63274],[144.87651,-37.63268],[144.87658,-37.6326],[144.8766,-37.63254],[144.87662,-37.63244]]},"properties":{"name":"Northerly Avenue","kind":"road_construction","operator":"","description":""}},{"type":"Feature","geometry":{"type":"LineString","coordinates":[[145.17498,-37.82055],[145.17339,-37.82085],[145.17218,-37.82108],[145.17136,-37.82122],[145.17045,-37.82136],[145.16948,-37.82151],[145.1684,-37.82167],[145.16778,-37.82176]]},"properties":{"name":"Box Hill - Ringwood Triplication","kind":"rail_proposed","operator":"","description":""}},{"type":"Feature","geometry":{"type":"LineString","coordinates":[[145.18393,-37.81932],[145.18337,-37.8194],[145.18239,-37.81953],[145.18158,-37.81964],[145.1807,-37.81978],[145.17946,-37.81997],[145.17888,-37.82006],[145.17762,-37.8202],[145.17648,-37.82033],[145.17609,-37.82038]]},"properties":{"name":"Box Hill - Ringwood Triplication","kind":"rail_proposed","operator":"","description":""}},{"type":"Feature","geometry":{"type":"LineString","coordinates":[[145.17609,-37.82038],[145.17573,-37.82043],[145.17549,-37.82046],[145.17526,-37.8205],[145.17498,-37.82055]]},"properties":{"name":"Box Hill - Ringwood Triplication","kind":"rail_proposed","operator":"","description":""}},{"type":"Feature","geometry":{"type":"LineString","coordinates":[[144.88146,-37.84678],[144.88136,-37.84683],[144.88124,-37.84688],[144.88106,-37.84696],[144.88093,-37.84702],[144.88074,-37.8471],[144.88059,-37.84715],[144.88044,-37.84721],[144.87974,-37.84745],[144.87861,-37.84782],[144.87762,-37.84816],[144.87739,-37.84823]]},"properties":{"name":"Altona Line realignment","kind":"rail_proposed","operator":"","description":""}},{"type":"Feature","geometry":{"type":"LineString","coordinates":[[144.87733,-37.84814],[144.87754,-37.84807],[144.87874,-37.84766],[144.87992,-37.84727],[144.88055,-37.84705],[144.88092,-37.84693],[144.88115,-37.84684],[144.88126,-37.8468],[144.88136,-37.84676],[144.88152,-37.84669],[144.88168,-37.84662],[144.88187,-37.84651]]},"properties":{"name":"Altona Line realignment","kind":"rail_proposed","operator":"","description":""}},{"type":"Feature","geometry":{"type":"LineString","coordinates":[[144.81483,-37.78445],[144.81562,-37.78453]]},"properties":{"name":"Sunshine - Caroline Springs quadruplication","kind":"rail_proposed","operator":"","description":""}},{"type":"Feature","geometry":{"type":"LineString","coordinates":[[144.81565,-37.78457],[144.81479,-37.78448]]},"properties":{"name":"Sunshine - Caroline Springs quadruplication","kind":"rail_proposed","operator":"","description":""}},{"type":"Feature","geometry":{"type":"LineString","coordinates":[[144.81562,-37.78453],[144.81641,-37.7846],[144.81754,-37.78469],[144.81877,-37.78481],[144.81993,-37.78492],[144.82028,-37.78495],[144.82072,-37.78498],[144.82158,-37.78504],[144.82228,-37.78509],[144.82265,-37.78512],[144.82492,-37.78534],[144.82717,-37.78556]]},"properties":{"name":"Sunshine - Caroline Springs quadruplication","kind":"rail_proposed","operator":"","description":""}},{"type":"Feature","geometry":{"type":"LineString","coordinates":[[144.82718,-37.78561],[144.8252,-37.7854],[144.82309,-37.7852],[144.82235,-37.78514],[144.822,-37.78512],[144.82145,-37.78508],[144.82089,-37.78505],[144.81992,-37.78497],[144.81863,-37.78484],[144.81645,-37.78465],[144.81565,-37.78457]]},"properties":{"name":"Sunshine - Caroline Springs quadruplication","kind":"rail_proposed","operator":"","description":""}},{"type":"Feature","geometry":{"type":"LineString","coordinates":[[145.28911,-38.10495],[145.28625,-38.10315],[145.28391,-38.1017],[145.28347,-38.10142],[145.28328,-38.10131],[145.28303,-38.10115],[145.28272,-38.10098],[145.28225,-38.10074],[145.28195,-38.10057],[145.28165,-38.10038],[145.28126,-38.10014]]},"properties":{"name":"Cranbourne - Clyde extension","kind":"rail_proposed","operator":"Metro (planned)","description":""}},{"type":"Feature","geometry":{"type":"LineString","coordinates":[[145.3337,-38.13461],[145.32737,-38.12916]]},"properties":{"name":"Cranbourne - Clyde extension","kind":"rail_proposed","operator":"Metro (planned)","description":""}},{"type":"Feature","geometry":{"type":"LineString","coordinates":[[145.31113,-38.11807],[145.30948,-38.1171],[145.30735,-38.11582],[145.30626,-38.11517]]},"properties":{"name":"Cranbourne - Clyde extension","kind":"rail_proposed","operator":"Metro (planned)","description":""}},{"type":"Feature","geometry":{"type":"LineString","coordinates":[[145.31612,-38.12103],[145.31495,-38.12034],[145.31292,-38.11914],[145.31113,-38.11807]]},"properties":{"name":"Cranbourne - Clyde extension","kind":"rail_proposed","operator":"Metro (planned)","description":""}},{"type":"Feature","geometry":{"type":"LineString","coordinates":[[145.3197,-38.12317],[145.31937,-38.12297],[145.31734,-38.12177],[145.31612,-38.12103]]},"properties":{"name":"Cranbourne - Clyde extension","kind":"rail_proposed","operator":"Metro (planned)","description":""}},{"type":"Feature","geometry":{"type":"LineString","coordinates":[[145.32379,-38.12608],[145.32295,-38.12536],[145.32263,-38.1251],[145.32231,-38.12485],[145.32193,-38.12455],[145.32167,-38.12437],[145.32104,-38.12395],[145.32039,-38.12357],[145.3197,-38.12317]]},"properties":{"name":"Cranbourne - Clyde extension","kind":"rail_proposed","operator":"Metro (planned)","description":""}},{"type":"Feature","geometry":{"type":"LineString","coordinates":[[145.32737,-38.12916],[145.3249,-38.12704],[145.32379,-38.12608]]},"properties":{"name":"Cranbourne - Clyde extension","kind":"rail_proposed","operator":"Metro (planned)","description":""}},{"type":"Feature","geometry":{"type":"LineString","coordinates":[[145.30626,-38.11517],[145.30487,-38.11433],[145.30293,-38.11318],[145.30181,-38.11251]]},"properties":{"name":"Cranbourne - Clyde extension","kind":"rail_proposed","operator":"Metro (planned)","description":""}},{"type":"Feature","geometry":{"type":"LineString","coordinates":[[145.30181,-38.11251],[145.29969,-38.11125],[145.29822,-38.11037]]},"properties":{"name":"Cranbourne - Clyde extension","kind":"rail_proposed","operator":"Metro (planned)","description":""}},{"type":"Feature","geometry":{"type":"LineString","coordinates":[[145.29822,-38.11037],[145.29764,-38.11003],[145.29559,-38.10881],[145.2931,-38.10733]]},"properties":{"name":"Cranbourne - Clyde extension","kind":"rail_proposed","operator":"Metro (planned)","description":""}},{"type":"Feature","geometry":{"type":"LineString","coordinates":[[145.2931,-38.10733],[145.29093,-38.10605],[145.28911,-38.10495]]},"properties":{"name":"Cranbourne - Clyde extension","kind":"rail_proposed","operator":"Metro (planned)","description":""}},{"type":"Feature","geometry":{"type":"LineString","coordinates":[[145.33377,-38.13457],[145.33384,-38.13452],[145.3314,-38.1324],[145.33133,-38.13245],[145.33377,-38.13457]]},"properties":{"name":"Clyde","kind":"rail_proposed","operator":"","description":""}},{"type":"Feature","geometry":{"type":"LineString","coordinates":[[145.33361,-38.13467],[145.33368,-38.13462],[145.33124,-38.13251],[145.33117,-38.13256],[145.33361,-38.13467]]},"properties":{"name":"Clyde","kind":"rail_proposed","operator":"","description":""}},{"type":"Feature","geometry":{"type":"LineString","coordinates":[[144.77895,-37.77959],[144.78066,-37.78008],[144.78244,-37.78058],[144.78318,-37.78078],[144.78433,-37.78105],[144.78485,-37.78117],[144.78536,-37.78128],[144.78602,-37.7814],[144.78663,-37.78147],[144.78745,-37.78156],[144.78959,-37.78177],[144.79252,-37.78208],[144.79508,-37.78234],[144.79797,-37.78266],[144.79873,-37.78275],[144.7991,-37.7828],[144.79961,-37.78287],[144.80032,-37.78298],[144.80094,-37.78305],[144.8012,-37.78308],[144.80159,-37.78312],[144.80224,-37.78316],[144.80305,-37.78321],[144.80368,-37.78325],[144.80435,-37.78331],[144.80498,-37.78337],[144.80609,-37.78349],[144.80917,-37.78381],[144.80987,-37.78388],[144.81252,-37.78417],[144.81392,-37.78433],[144.81483,-37.78445]]},"properties":{"name":"Sunshine - Caroline Springs quadruplication","kind":"rail_proposed","operator":"","description":""}},{"type":"Feature","geometry":{"type":"LineString","coordinates":[[144.81479,-37.78448],[144.81355,-37.78435],[144.81201,-37.78417],[144.80921,-37.78387],[144.80673,-37.78361],[144.80518,-37.78345],[144.80435,-37.78337],[144.8036,-37.7833],[144.80267,-37.78324],[144.80181,-37.78318],[144.80123,-37.78313],[144.80102,-37.78311],[144.80031,-37.78303],[144.79944,-37.7829],[144.79872,-37.7828],[144.79806,-37.78272],[144.79566,-37.78246],[144.7928,-37.78216],[144.79109,-37.78198],[144.788,-37.78167],[144.78645,-37.7815],[144.78603,-37.78144],[144.78553,-37.78136],[144.78507,-37.78127],[144.78465,-37.78118],[144.78427,-37.78109],[144.7838,-37.78097],[144.78333,-37.78085],[144.7828,-37.78072],[144.78147,-37.78036],[144.77893,-37.77965]]},"properties":{"name":"Sunshine - Caroline Springs quadruplication","kind":"rail_proposed","operator":"","description":""}},{"type":"Feature","geometry":{"type":"LineString","coordinates":[[144.72983,-37.76351],[144.73,-37.76359],[144.73017,-37.76367],[144.7305,-37.76384],[144.73087,-37.76403],[144.73102,-37.7641],[144.73111,-37.76414]]},"properties":{"name":"Sunshine - Caroline Springs quadruplication","kind":"rail_proposed","operator":"","description":""}},{"type":"Feature","geometry":{"type":"LineString","coordinates":[[144.75558,-37.77324],[144.75513,-37.77313],[144.75485,-37.77305],[144.7546,-37.77298],[144.75396,-37.7728],[144.75282,-37.77249],[144.75246,-37.77238],[144.75173,-37.77216],[144.75146,-37.77208],[144.75024,-37.77172],[144.74898,-37.77136],[144.74817,-37.77113],[144.74715,-37.77084],[144.74633,-37.77059],[144.7452,-37.77026],[144.74454,-37.77006],[144.74409,-37.76991],[144.74356,-37.76972],[144.74289,-37.76944],[144.74109,-37.76866],[144.73905,-37.76776],[144.73705,-37.76689],[144.73465,-37.76584],[144.73383,-37.76548],[144.73281,-37.76503],[144.73212,-37.76471],[144.73131,-37.76433],[144.73049,-37.76395],[144.7297,-37.76356],[144.72931,-37.76338],[144.72892,-37.76319]]},"properties":{"name":"Sunshine - Caroline Springs quadruplication","kind":"rail_proposed","operator":"","description":""}},{"type":"Feature","geometry":{"type":"LineString","coordinates":[[144.76605,-37.77607],[144.76485,-37.77579],[144.76422,-37.77563],[144.76299,-37.7753],[144.76157,-37.7749],[144.7598,-37.77439],[144.75886,-37.77413],[144.75769,-37.77379],[144.75729,-37.77368],[144.75683,-37.77357],[144.75643,-37.77346],[144.75608,-37.77337],[144.75583,-37.77331]]},"properties":{"name":"Sunshine - Caroline Springs quadruplication","kind":"rail_proposed","operator":"","description":""}},{"type":"Feature","geometry":{"type":"LineString","coordinates":[[144.75583,-37.77331],[144.75558,-37.77324]]},"properties":{"name":"Sunshine - Caroline Springs quadruplication","kind":"rail_proposed","operator":"","description":""}},{"type":"Feature","geometry":{"type":"LineString","coordinates":[[144.73126,-37.7642],[144.73185,-37.76449],[144.73225,-37.76468],[144.73285,-37.76496],[144.73469,-37.76578],[144.73709,-37.76683],[144.73876,-37.76755],[144.73965,-37.76794],[144.74112,-37.76859],[144.74264,-37.76926],[144.74358,-37.76965],[144.74436,-37.76995],[144.74459,-37.77003],[144.74509,-37.77019],[144.74609,-37.77048],[144.74714,-37.77078],[144.74981,-37.77153],[144.75119,-37.77195],[144.75183,-37.77214],[144.75231,-37.77228],[144.75386,-37.77272],[144.75425,-37.77282],[144.75497,-37.77301],[144.75559,-37.77318]]},"properties":{"name":"Sunshine - Caroline Springs quadruplication","kind":"rail_proposed","operator":"","description":""}},{"type":"Feature","geometry":{"type":"LineString","coordinates":[[144.75559,-37.77318],[144.75583,-37.77325]]},"properties":{"name":"Sunshine - Caroline Springs quadruplication","kind":"rail_proposed","operator":"","description":""}},{"type":"Feature","geometry":{"type":"LineString","coordinates":[[144.75583,-37.77325],[144.75617,-37.77334],[144.7568,-37.7735],[144.75735,-37.77364],[144.75873,-37.77404],[144.7603,-37.77448],[144.76173,-37.77489],[144.76396,-37.7755],[144.76466,-37.77568],[144.76608,-37.77603]]},"properties":{"name":"Sunshine - Caroline Springs quadruplication","kind":"rail_proposed","operator":"","description":""}},{"type":"Feature","geometry":{"type":"LineString","coordinates":[[144.76608,-37.77603],[144.76702,-37.77626],[144.76769,-37.77643],[144.76852,-37.77666],[144.76892,-37.77677]]},"properties":{"name":"Sunshine - Caroline Springs quadruplication","kind":"rail_proposed","operator":"","description":""}},{"type":"Feature","geometry":{"type":"LineString","coordinates":[[144.76892,-37.77677],[144.77329,-37.77802],[144.77398,-37.77821],[144.77632,-37.77887]]},"properties":{"name":"Sunshine - Caroline Springs quadruplication","kind":"rail_proposed","operator":"","description":""}},{"type":"Feature","geometry":{"type":"LineString","coordinates":[[144.77632,-37.77887],[144.7784,-37.77944],[144.77895,-37.77959]]},"properties":{"name":"Sunshine - Caroline Springs quadruplication","kind":"rail_proposed","operator":"","description":""}},{"type":"Feature","geometry":{"type":"LineString","coordinates":[[144.7689,-37.77683],[144.76792,-37.77655],[144.76725,-37.77637],[144.76669,-37.77623],[144.76605,-37.77607]]},"properties":{"name":"Sunshine - Caroline Springs quadruplication","kind":"rail_proposed","operator":"","description":""}},{"type":"Feature","geometry":{"type":"LineString","coordinates":[[144.77629,-37.77893],[144.7689,-37.77683]]},"properties":{"name":"Sunshine - Caroline Springs quadruplication","kind":"rail_proposed","operator":"","description":""}},{"type":"Feature","geometry":{"type":"LineString","coordinates":[[144.77893,-37.77965],[144.77629,-37.77893]]},"properties":{"name":"Sunshine - Caroline Springs quadruplication","kind":"rail_proposed","operator":"","description":""}},{"type":"Feature","geometry":{"type":"LineString","coordinates":[[144.7546,-37.77298],[144.75406,-37.77285],[144.75377,-37.77277],[144.75344,-37.77269],[144.75329,-37.77265],[144.75285,-37.77254],[144.75254,-37.77246],[144.75234,-37.77242],[144.75208,-37.77237],[144.75189,-37.77233],[144.75172,-37.77231],[144.75154,-37.77229],[144.75135,-37.77228],[144.75117,-37.77227],[144.75105,-37.77226],[144.75095,-37.77226],[144.75085,-37.77226],[144.7507,-37.77226],[144.75057,-37.77227],[144.75039,-37.77228],[144.75022,-37.7723],[144.75008,-37.77232]]},"properties":{"name":"Warrnambool Line","kind":"rail_proposed","operator":"","description":""}},{"type":"Feature","geometry":{"type":"LineString","coordinates":[[144.75074,-37.77219],[144.75087,-37.77218],[144.75098,-37.77218],[144.75112,-37.77218],[144.75135,-37.77218],[144.75145,-37.77219],[144.7516,-37.7722],[144.7517,-37.77222],[144.75182,-37.77224],[144.75192,-37.77226],[144.75204,-37.77228],[144.75222,-37.77232],[144.75246,-37.77238]]},"properties":{"name":"Warrnambool Line","kind":"rail_proposed","operator":"","description":""}},{"type":"Feature","geometry":{"type":"LineString","coordinates":[[144.75282,-37.77249],[144.75296,-37.77252],[144.75307,-37.77255],[144.7532,-37.77258],[144.75333,-37.7726],[144.75347,-37.77263],[144.7536,-37.77266],[144.75373,-37.77269],[144.75386,-37.77272]]},"properties":{"name":"Warrnambool Line","kind":"rail_proposed","operator":"","description":""}},{"type":"Feature","geometry":{"type":"LineString","coordinates":[[145.05948,-37.97412],[145.05949,-37.97412],[145.0595,-37.97412],[145.0595,-37.97412],[145.05951,-37.97413],[145.05952,-37.97413],[145.05953,-37.97413],[145.05954,-37.97414],[145.05955,-37.97415],[145.05955,-37.97415]]},"properties":{"name":"Latrobe Street","kind":"road_proposed","operator":"","description":""}},{"type":"Feature","geometry":{"type":"LineString","coordinates":[[145.05955,-37.97415],[145.05956,-37.97416],[145.05957,-37.97416],[145.05957,-37.97417],[145.05958,-37.97418],[145.05958,-37.97418],[145.05958,-37.97419],[145.05958,-37.9742],[145.05959,-37.9742],[145.05959,-37.97421]]},"properties":{"name":"Rimmer Street","kind":"road_proposed","operator":"","description":""}},{"type":"Feature","geometry":{"type":"LineString","coordinates":[[145.21022,-37.99138],[145.21098,-37.99145],[145.2114,-37.99148],[145.21171,-37.99152],[145.21174,-37.99152],[145.2119,-37.99154],[145.21211,-37.99157],[145.21235,-37.99161],[145.21263,-37.99167]]},"properties":{"name":"Cheltenham Road","kind":"road_construction","operator":"","description":""}},{"type":"Feature","geometry":{"type":"LineString","coordinates":[[145.21439,-37.99193],[145.21454,-37.99193],[145.21472,-37.99192],[145.21486,-37.99191],[145.215,-37.9919],[145.21514,-37.99188],[145.21528,-37.99185],[145.21541,-37.99182],[145.21559,-37.99176]]},"properties":{"name":"Cheltenham Road","kind":"road_construction","operator":"","description":""}},{"type":"Feature","geometry":{"type":"LineString","coordinates":[[145.21566,-37.9919],[145.21549,-37.99195],[145.21535,-37.99197],[145.2153,-37.99198],[145.21512,-37.992],[145.21497,-37.99201],[145.21476,-37.99202],[145.2146,-37.99202],[145.21438,-37.99201]]},"properties":{"name":"Cheltenham Road","kind":"road_construction","operator":"","description":""}},{"type":"Feature","geometry":{"type":"LineString","coordinates":[[145.21438,-37.99201],[145.21428,-37.99201],[145.21409,-37.99201],[145.21401,-37.992],[145.2139,-37.992],[145.21379,-37.99198],[145.21367,-37.99197],[145.21341,-37.99192],[145.21322,-37.99189],[145.21289,-37.99183],[145.21261,-37.99178]]},"properties":{"name":"Cheltenham Road","kind":"road_construction","operator":"","description":""}},{"type":"Feature","geometry":{"type":"LineString","coordinates":[[145.21166,-37.99118],[145.21161,-37.99124],[145.21159,-37.9913],[145.21159,-37.99136],[145.2116,-37.99141],[145.21163,-37.99145],[145.21166,-37.99149],[145.21171,-37.99152]]},"properties":{"name":"Cheltenham Road","kind":"road_construction","operator":"","description":""}},{"type":"Feature","geometry":{"type":"LineString","coordinates":[[145.51485,-38.07343],[145.51484,-38.07347],[145.51482,-38.07351],[145.5148,-38.07355],[145.51479,-38.0736],[145.51477,-38.07364],[145.51476,-38.07369],[145.51474,-38.07374]]},"properties":{"name":"Ryan Road","kind":"road_construction","operator":"","description":""}},{"type":"Feature","geometry":{"type":"LineString","coordinates":[[145.53864,-38.0602],[145.53873,-38.05975],[145.53874,-38.05965],[145.53862,-38.05946],[145.53875,-38.05878],[145.53875,-38.05841],[145.53869,-38.05807],[145.53859,-38.05759],[145.53862,-38.05742],[145.53873,-38.0574],[145.54021,-38.05759]]},"properties":{"name":"Lavinia Grove","kind":"road_construction","operator":"","description":""}},{"type":"Feature","geometry":{"type":"LineString","coordinates":[[144.87374,-37.76917],[144.87342,-37.76924],[144.87305,-37.76931],[144.87272,-37.76938],[144.87252,-37.76942],[144.87224,-37.76948],[144.87196,-37.76954],[144.87179,-37.76957],[144.87168,-37.7696],[144.8716,-37.76962],[144.87155,-37.76963],[144.87128,-37.76971],[144.87096,-37.76981],[144.8707,-37.76991],[144.87046,-37.77],[144.87037,-37.77003],[144.87014,-37.77013],[144.8698,-37.77028],[144.86953,-37.77039],[144.86931,-37.77049],[144.86909,-37.77058],[144.86891,-37.77064],[144.86878,-37.77068],[144.8686,-37.77072],[144.86839,-37.77077],[144.86813,-37.77081],[144.86801,-37.77083],[144.86788,-37.77084],[144.86773,-37.77086],[144.86751,-37.77087],[144.86733,-37.77087],[144.8672,-37.77087],[144.86701,-37.77086],[144.86685,-37.77085],[144.86667,-37.77083],[144.86645,-37.7708],[144.86618,-37.77077],[144.86596,-37.77074],[144.8659,-37.77073],[144.86584,-37.77071]]},"properties":{"name":"Canning Street","kind":"rail_proposed","operator":"","description":""}},{"type":"Feature","geometry":{"type":"LineString","coordinates":[[144.86589,-37.77069],[144.86596,-37.77071],[144.86609,-37.77073],[144.86623,-37.77075],[144.86639,-37.77077],[144.86657,-37.77078],[144.86696,-37.77082],[144.86717,-37.77084],[144.86738,-37.77084],[144.86762,-37.77083],[144.8678,-37.77082],[144.86795,-37.7708],[144.86802,-37.77079],[144.86811,-37.77078],[144.8683,-37.77075],[144.86847,-37.77071],[144.86869,-37.77066],[144.86888,-37.77061],[144.86909,-37.77053],[144.86931,-37.77044],[144.86958,-37.77032],[144.86987,-37.7702],[144.87019,-37.77006],[144.87037,-37.76998],[144.87062,-37.76988],[144.87086,-37.76979],[144.87109,-37.76972],[144.87129,-37.76966],[144.87152,-37.76959],[144.87162,-37.76956],[144.87176,-37.76953],[144.87207,-37.76947],[144.87256,-37.76937],[144.87313,-37.76926],[144.87373,-37.76914]]},"properties":{"name":"Canning Street","kind":"rail_proposed","operator":"","description":""}},{"type":"Feature","geometry":{"type":"LineString","coordinates":[[145.04765,-37.95603],[145.05309,-37.95668],[145.0537,-37.95669],[145.05428,-37.95668],[145.05466,-37.95666],[145.05782,-37.9562],[145.06083,-37.95566],[145.06889,-37.95424],[145.07066,-37.95398],[145.07194,-37.95384],[145.07978,-37.9533],[145.08048,-37.95328],[145.08172,-37.95326],[145.08243,-37.95327],[145.08353,-37.95333],[145.08552,-37.95356],[145.08844,-37.95391],[145.09054,-37.95417]]},"properties":{"name":"SRL East","kind":"rail_construction","operator":"","description":""}},{"type":"Feature","geometry":{"type":"LineString","coordinates":[[145.04762,-37.95618],[145.05313,-37.95685],[145.05374,-37.95686],[145.05431,-37.95685],[145.0547,-37.95683],[145.05786,-37.95637],[145.06086,-37.95582],[145.06891,-37.95441],[145.07068,-37.95415],[145.07196,-37.95401],[145.0798,-37.95347],[145.0805,-37.95345],[145.08174,-37.95342],[145.08245,-37.95344],[145.08356,-37.9535],[145.08555,-37.95373],[145.08846,-37.95408],[145.09051,-37.95432]]},"properties":{"name":"SRL East","kind":"rail_construction","operator":"","description":""}},{"type":"Feature","geometry":{"type":"LineString","coordinates":[[145.09051,-37.95432],[145.09089,-37.95437],[145.0946,-37.95483],[145.09826,-37.95528],[145.10167,-37.9557]]},"properties":{"name":"SRL East","kind":"rail_construction","operator":"","description":""}},{"type":"Feature","geometry":{"type":"LineString","coordinates":[[145.09054,-37.95417],[145.09095,-37.95422],[145.09463,-37.95467],[145.09529,-37.95475],[145.09561,-37.95479],[145.09822,-37.95511],[145.10171,-37.95554]]},"properties":{"name":"SRL East","kind":"rail_construction","operator":"","description":""}},{"type":"Feature","geometry":{"type":"LineString","coordinates":[[145.09054,-37.95422],[145.0918,-37.95437],[145.09185,-37.95438],[145.09251,-37.95446],[145.09308,-37.95453],[145.09372,-37.95461],[145.09387,-37.95462],[145.09446,-37.9547],[145.09486,-37.95473],[145.09512,-37.95475],[145.09529,-37.95475],[145.09556,-37.95474],[145.09568,-37.95473],[145.09611,-37.95468],[145.09679,-37.9546],[145.09704,-37.95457],[145.09741,-37.95452],[145.09761,-37.95449],[145.09938,-37.95426]]},"properties":{"name":"Planned/under construction","kind":"rail_construction","operator":"","description":""}},{"type":"Feature","geometry":{"type":"LineString","coordinates":[[145.09053,-37.95428],[145.09179,-37.95443],[145.09184,-37.95444],[145.09249,-37.95452],[145.09306,-37.95459],[145.09372,-37.95467],[145.09385,-37.95468],[145.09445,-37.95475],[145.09485,-37.95479],[145.09511,-37.9548],[145.09537,-37.9548],[145.09561,-37.95479],[145.09582,-37.95477],[145.09601,-37.95475],[145.09618,-37.95472],[145.0965,-37.95468],[145.09671,-37.95466],[145.09679,-37.95465],[145.0994,-37.95433]]},"properties":{"name":"Planned/under construction","kind":"rail_construction","operator":"","description":""}},{"type":"Feature","geometry":{"type":"LineString","coordinates":[[145.09618,-37.95472],[145.09626,-37.95472],[145.09635,-37.95471],[145.09642,-37.95471],[145.0965,-37.95471],[145.09659,-37.95472],[145.09667,-37.95472],[145.09676,-37.95473],[145.09685,-37.95474],[145.09967,-37.95512]]},"properties":{"name":"Planned/under construction","kind":"rail_construction","operator":"","description":""}},{"type":"Feature","geometry":{"type":"LineString","coordinates":[[145.0965,-37.95468],[145.09661,-37.95468],[145.09672,-37.95468],[145.09684,-37.95468],[145.09695,-37.95469],[145.09968,-37.95506]]},"properties":{"name":"Planned/under construction","kind":"rail_construction","operator":"","description":""}},{"type":"Feature","geometry":{"type":"LineString","coordinates":[[145.09679,-37.95465],[145.09689,-37.95464],[145.097,-37.95464],[145.0971,-37.95464],[145.09721,-37.95465],[145.09969,-37.95499]]},"properties":{"name":"Planned/under construction","kind":"rail_construction","operator":"","description":""}},{"type":"Feature","geometry":{"type":"LineString","coordinates":[[145.09671,-37.95466],[145.09657,-37.95467],[145.09644,-37.95467],[145.09627,-37.95468],[145.09611,-37.95468],[145.09597,-37.95467],[145.0958,-37.95466],[145.09564,-37.95465],[145.09546,-37.95463],[145.09461,-37.95444],[145.09416,-37.95434],[145.09389,-37.95427],[145.09343,-37.95418],[145.08978,-37.95338]]},"properties":{"name":"Planned/under construction","kind":"rail_construction","operator":"","description":""}},{"type":"Feature","geometry":{"type":"LineString","coordinates":[[145.09679,-37.9546],[145.09666,-37.95461],[145.09652,-37.95462],[145.09634,-37.95462],[145.09616,-37.95462],[145.09597,-37.95461],[145.09581,-37.9546],[145.09565,-37.95459],[145.09548,-37.95456],[145.09464,-37.95437],[145.09401,-37.95423],[145.09392,-37.95421],[145.09374,-37.95417],[145.09341,-37.9541],[145.08979,-37.95331]]},"properties":{"name":"Planned/under construction","kind":"rail_construction","operator":"","description":""}},{"type":"Feature","geometry":{"type":"LineString","coordinates":[[145.09401,-37.95423],[145.09406,-37.95424],[145.09411,-37.95425],[145.09418,-37.95425],[145.09424,-37.95425],[145.09432,-37.95425],[145.09437,-37.95425],[145.09442,-37.95426],[145.09448,-37.95426],[145.09453,-37.95427],[145.09464,-37.95428],[145.09474,-37.9543],[145.09543,-37.95444],[145.09562,-37.95448],[145.0958,-37.95451],[145.09598,-37.95453],[145.09617,-37.95456],[145.09637,-37.95457],[145.09651,-37.95458],[145.09668,-37.95458],[145.09683,-37.95458],[145.09692,-37.95457],[145.09704,-37.95457]]},"properties":{"name":"Planned/under construction","kind":"rail_construction","operator":"","description":""}},{"type":"Feature","geometry":{"type":"LineString","coordinates":[[145.09389,-37.95427],[145.0938,-37.95426],[145.09371,-37.95425],[145.09361,-37.95424],[145.09352,-37.95424],[145.09337,-37.95423],[145.09321,-37.95423],[145.09296,-37.95423],[145.09292,-37.95423],[145.09289,-37.95423],[145.09285,-37.95422],[145.09279,-37.95421],[145.09275,-37.95421],[145.09271,-37.9542],[145.09267,-37.95419],[145.08971,-37.95355]]},"properties":{"name":"Planned/under construction","kind":"rail_construction","operator":"","description":""}},{"type":"Feature","geometry":{"type":"LineString","coordinates":[[145.08976,-37.95343],[145.09264,-37.95407],[145.09282,-37.95411],[145.09288,-37.95412],[145.09293,-37.95412],[145.09298,-37.95413],[145.09303,-37.95414],[145.09307,-37.95414],[145.09313,-37.95415],[145.09324,-37.95416],[145.09329,-37.95416],[145.09334,-37.95416],[145.09339,-37.95417],[145.09343,-37.95418]]},"properties":{"name":"Planned/under construction","kind":"rail_construction","operator":"","description":""}},{"type":"Feature","geometry":{"type":"LineString","coordinates":[[145.09321,-37.95423],[145.09316,-37.95423],[145.0931,-37.95423],[145.093,-37.95421],[145.09291,-37.95419],[145.09281,-37.95417],[145.08973,-37.95349]]},"properties":{"name":"Planned/under construction","kind":"rail_construction","operator":"","description":""}},{"type":"Feature","geometry":{"type":"LineString","coordinates":[[145.0897,-37.95361],[145.09268,-37.95426],[145.09272,-37.95427],[145.09277,-37.95428],[145.09281,-37.95429],[145.09286,-37.95429],[145.0929,-37.9543],[145.09296,-37.9543],[145.09301,-37.9543],[145.09306,-37.9543],[145.09364,-37.9543],[145.0937,-37.9543],[145.09376,-37.9543],[145.09383,-37.95431],[145.09389,-37.95431],[145.09396,-37.95432],[145.09403,-37.95432],[145.09409,-37.95433],[145.09416,-37.95434]]},"properties":{"name":"Planned/under construction","kind":"rail_construction","operator":"","description":""}},{"type":"Feature","geometry":{"type":"LineString","coordinates":[[145.09464,-37.95437],[145.09475,-37.9544],[145.09485,-37.95443],[145.09495,-37.95446],[145.09505,-37.9545],[145.09514,-37.95453],[145.09525,-37.95457],[145.09535,-37.9546],[145.09546,-37.95463]]},"properties":{"name":"Planned/under construction","kind":"rail_construction","operator":"","description":""}},{"type":"Feature","geometry":{"type":"LineString","coordinates":[[145.09461,-37.95444],[145.09472,-37.95446],[145.09483,-37.95448],[145.09493,-37.95449],[145.09505,-37.9545],[145.09516,-37.95451],[145.09527,-37.95452],[145.09538,-37.95454],[145.09548,-37.95456]]},"properties":{"name":"Planned/under construction","kind":"rail_construction","operator":"","description":""}},{"type":"Feature","geometry":{"type":"LineString","coordinates":[[145.09341,-37.9541],[145.09337,-37.95409],[145.09334,-37.95408],[145.09328,-37.95406],[145.09325,-37.95404],[145.09322,-37.95402],[145.09318,-37.95399],[145.09313,-37.95396],[145.0931,-37.95394],[145.09306,-37.95392],[145.09302,-37.9539],[145.09298,-37.95389],[145.09292,-37.95387],[145.09286,-37.95385],[145.08983,-37.95318]]},"properties":{"name":"Planned/under construction","kind":"rail_construction","operator":"","description":""}},{"type":"Feature","geometry":{"type":"LineString","coordinates":[[145.09325,-37.95404],[145.09315,-37.95399],[145.09305,-37.95396],[145.09295,-37.95393],[145.08981,-37.95324]]},"properties":{"name":"Planned/under construction","kind":"rail_construction","operator":"","description":""}},{"type":"Feature","geometry":{"type":"LineString","coordinates":[[145.09374,-37.95417],[145.09367,-37.95414],[145.09359,-37.9541],[145.09354,-37.95407],[145.0935,-37.95404],[145.09336,-37.95392],[145.09326,-37.95384],[145.09321,-37.95381],[145.09317,-37.95378],[145.09312,-37.95376],[145.09306,-37.95373],[145.09299,-37.95371],[145.09292,-37.95369],[145.09279,-37.95365],[145.08988,-37.95302]]},"properties":{"name":"Planned/under construction","kind":"rail_construction","operator":"","description":""}},{"type":"Feature","geometry":{"type":"LineString","coordinates":[[145.08986,-37.95309],[145.09291,-37.95377],[145.09306,-37.95382],[145.09321,-37.95387],[145.0933,-37.95391],[145.09339,-37.95396],[145.09344,-37.954],[145.0935,-37.95404]]},"properties":{"name":"Planned/under construction","kind":"rail_construction","operator":"","description":""}},{"type":"Feature","geometry":{"type":"LineString","coordinates":[[145.09392,-37.95421],[145.09383,-37.95417],[145.09375,-37.95412],[145.0937,-37.95409],[145.09366,-37.95405],[145.09361,-37.954],[145.09357,-37.95393],[145.09351,-37.95384],[145.09331,-37.95366],[145.09325,-37.95361],[145.09318,-37.95356],[145.09311,-37.95352],[145.09303,-37.95347],[145.09296,-37.95344],[145.09287,-37.9534],[145.09278,-37.95337],[145.09268,-37.95335],[145.09259,-37.95332],[145.09143,-37.95307]]},"properties":{"name":"Planned/under construction","kind":"rail_construction","operator":"","description":""}},{"type":"Feature","geometry":{"type":"LineString","coordinates":[[145.09351,-37.95384],[145.09345,-37.9538],[145.09339,-37.95377],[145.09331,-37.95373],[145.09324,-37.9537],[145.09316,-37.95368],[145.09309,-37.95365],[145.0899,-37.95294]]},"properties":{"name":"Planned/under construction","kind":"rail_construction","operator":"","description":""}},{"type":"Feature","geometry":{"type":"LineString","coordinates":[[145.09936,-37.95419],[145.0976,-37.95442],[145.09753,-37.95443],[145.09743,-37.95443],[145.09732,-37.95443],[145.09713,-37.95441],[145.09698,-37.95439],[145.0968,-37.95435],[145.09666,-37.95431],[145.09651,-37.95426],[145.09639,-37.95421],[145.09631,-37.95417],[145.09625,-37.95412],[145.09617,-37.95407],[145.09604,-37.95396],[145.09591,-37.95386],[145.09328,-37.95175]]},"properties":{"name":"Planned/under construction","kind":"rail_construction","operator":"","description":""}},{"type":"Feature","geometry":{"type":"LineString","coordinates":[[145.09666,-37.95431],[145.09689,-37.9544],[145.09704,-37.95444],[145.09722,-37.95447],[145.09741,-37.95449],[145.09751,-37.95449],[145.09761,-37.95449]]},"properties":{"name":"Planned/under construction","kind":"rail_construction","operator":"","description":""}},{"type":"Feature","geometry":{"type":"LineString","coordinates":[[145.09337,-37.95169],[145.0953,-37.9532],[145.09544,-37.95333],[145.09557,-37.95344],[145.09567,-37.95355],[145.09578,-37.95366],[145.09587,-37.95379],[145.09594,-37.95387],[145.09604,-37.95396]]},"properties":{"name":"Planned/under construction","kind":"rail_construction","operator":"","description":""}},{"type":"Feature","geometry":{"type":"LineString","coordinates":[[145.09741,-37.95452],[145.09729,-37.95452],[145.09717,-37.95451],[145.09699,-37.95447],[145.09683,-37.95444],[145.09665,-37.95438],[145.09648,-37.95432],[145.09636,-37.95426],[145.09606,-37.95408],[145.09579,-37.95386],[145.09546,-37.95359],[145.09541,-37.95355],[145.09531,-37.95347],[145.09522,-37.9534],[145.09502,-37.95324],[145.09482,-37.95308],[145.09473,-37.95301],[145.09461,-37.95293],[145.0945,-37.95287],[145.09439,-37.95282],[145.09427,-37.95279],[145.09287,-37.95252]]},"properties":{"name":"Planned/under construction","kind":"rail_construction","operator":"","description":""}},{"type":"Feature","geometry":{"type":"LineString","coordinates":[[145.09286,-37.95259],[145.09423,-37.95288],[145.0945,-37.95295],[145.0947,-37.95303],[145.09482,-37.95308]]},"properties":{"name":"Planned/under construction","kind":"rail_construction","operator":"","description":""}},{"type":"Feature","geometry":{"type":"LineString","coordinates":[[145.09283,-37.95266],[145.09391,-37.95287],[145.09431,-37.95296],[145.09457,-37.95304],[145.0948,-37.95312],[145.09502,-37.95324]]},"properties":{"name":"Planned/under construction","kind":"rail_construction","operator":"","description":""}},{"type":"Feature","geometry":{"type":"LineString","coordinates":[[145.09281,-37.95273],[145.09411,-37.95299],[145.09428,-37.95302],[145.09437,-37.95303],[145.09445,-37.95304],[145.09455,-37.95306],[145.09467,-37.95309],[145.0948,-37.95312]]},"properties":{"name":"Planned/under construction","kind":"rail_construction","operator":"","description":""}},{"type":"Feature","geometry":{"type":"LineString","coordinates":[[145.09278,-37.95281],[145.09425,-37.95306],[145.09436,-37.95309],[145.09457,-37.95314],[145.09474,-37.95319],[145.09491,-37.95325],[145.09506,-37.95332],[145.09515,-37.95336],[145.09522,-37.9534]]},"properties":{"name":"Planned/under construction","kind":"rail_construction","operator":"","description":""}},{"type":"Feature","geometry":{"type":"LineString","coordinates":[[145.09278,-37.95285],[145.09387,-37.95304],[145.09398,-37.95305],[145.09407,-37.95306],[145.09416,-37.95307],[145.09424,-37.95307],[145.09436,-37.95309]]},"properties":{"name":"Planned/under construction","kind":"rail_construction","operator":"","description":""}},{"type":"Feature","geometry":{"type":"LineString","coordinates":[[145.09276,-37.9529],[145.09395,-37.95311],[145.09441,-37.95317],[145.09459,-37.95321],[145.09478,-37.95325],[145.09492,-37.9533],[145.09505,-37.95335],[145.09523,-37.95344],[145.09541,-37.95355]]},"properties":{"name":"Planned/under construction","kind":"rail_construction","operator":"","description":""}},{"type":"Feature","geometry":{"type":"LineString","coordinates":[[145.09271,-37.95309],[145.09361,-37.95325],[145.09393,-37.9533],[145.09411,-37.95333],[145.09426,-37.95336],[145.09463,-37.95344],[145.09475,-37.95347],[145.09523,-37.95361],[145.09533,-37.95364],[145.09542,-37.95367],[145.0955,-37.9537],[145.09559,-37.95375],[145.09568,-37.95379],[145.09579,-37.95386]]},"properties":{"name":"Planned/under construction","kind":"rail_construction","operator":"","description":""}},{"type":"Feature","geometry":{"type":"LineString","coordinates":[[145.09546,-37.95359],[145.09551,-37.95362],[145.09557,-37.95366],[145.09562,-37.95369],[145.09569,-37.95372],[145.09575,-37.95376],[145.0958,-37.95379],[145.09585,-37.95382],[145.09591,-37.95386]]},"properties":{"name":"Planned/under construction","kind":"rail_construction","operator":"","description":""}},{"type":"Feature","geometry":{"type":"LineString","coordinates":[[145.09273,-37.95295],[145.09357,-37.95308],[145.09378,-37.95312],[145.09393,-37.95316],[145.09406,-37.95321],[145.09418,-37.95326],[145.09427,-37.9533],[145.09435,-37.95334],[145.0944,-37.95337],[145.09447,-37.9534],[145.09453,-37.95341],[145.09463,-37.95344]]},"properties":{"name":"Planned/under construction","kind":"rail_construction","operator":"","description":""}},{"type":"Feature","geometry":{"type":"LineString","coordinates":[[145.09272,-37.95298],[145.09363,-37.95314],[145.09388,-37.95318],[145.09403,-37.95322],[145.09414,-37.95325],[145.09427,-37.9533]]},"properties":{"name":"Planned/under construction","kind":"rail_construction","operator":"","description":""}},{"type":"Feature","geometry":{"type":"LineString","coordinates":[[145.0927,-37.95302],[145.09344,-37.95316],[145.09354,-37.95318],[145.09368,-37.95322],[145.0939,-37.95328],[145.09411,-37.95333]]},"properties":{"name":"Planned/under construction","kind":"rail_construction","operator":"","description":""}},{"type":"Feature","geometry":{"type":"LineString","coordinates":[[145.09267,-37.95315],[145.09283,-37.95318],[145.09293,-37.95319],[145.09302,-37.9532],[145.09315,-37.95321],[145.09323,-37.95321],[145.09336,-37.95322],[145.09348,-37.95323],[145.09361,-37.95325]]},"properties":{"name":"Planned/under construction","kind":"rail_construction","operator":"","description":""}},{"type":"Feature","geometry":{"type":"LineString","coordinates":[[145.09264,-37.95321],[145.0929,-37.95325],[145.09303,-37.95326],[145.09315,-37.95327],[145.09325,-37.95328],[145.09341,-37.95328],[145.09356,-37.95328],[145.09365,-37.95328],[145.09374,-37.95329],[145.09383,-37.95329],[145.09393,-37.9533]]},"properties":{"name":"Planned/under construction","kind":"rail_construction","operator":"","description":""}},{"type":"Feature","geometry":{"type":"LineString","coordinates":[[145.09523,-37.95361],[145.09538,-37.95368],[145.09552,-37.95376],[145.09563,-37.95383],[145.09576,-37.95393],[145.09588,-37.95404],[145.09603,-37.95416],[145.09614,-37.95424],[145.09627,-37.95431],[145.09641,-37.95438],[145.09655,-37.95445]]},"properties":{"name":"Planned/under construction","kind":"rail_construction","operator":"","description":""}},{"type":"Feature","geometry":{"type":"LineString","coordinates":[[145.09095,-37.95422],[145.09105,-37.95424],[145.09116,-37.95425],[145.09127,-37.95427],[145.09138,-37.9543],[145.09148,-37.95432],[145.09159,-37.95434],[145.09169,-37.95436],[145.0918,-37.95437]]},"properties":{"name":"Planned/under construction","kind":"rail_construction","operator":"","description":""}},{"type":"Feature","geometry":{"type":"LineString","coordinates":[[145.09179,-37.95443],[145.09167,-37.95442],[145.09156,-37.95441],[145.09145,-37.95441],[145.09134,-37.9544],[145.09122,-37.9544],[145.09111,-37.95439],[145.091,-37.95438],[145.09089,-37.95437]]},"properties":{"name":"Planned/under construction","kind":"rail_construction","operator":"","description":""}},{"type":"Feature","geometry":{"type":"LineString","coordinates":[[145.09387,-37.95462],[145.09397,-37.95463],[145.09406,-37.95464],[145.09416,-37.95465],[145.09425,-37.95465],[145.09435,-37.95465],[145.09444,-37.95465],[145.09453,-37.95466],[145.09463,-37.95467]]},"properties":{"name":"Planned/under construction","kind":"rail_construction","operator":"","description":""}},{"type":"Feature","geometry":{"type":"LineString","coordinates":[[145.09385,-37.95468],[145.09395,-37.9547],[145.09405,-37.95472],[145.09414,-37.95473],[145.09423,-37.95476],[145.0944,-37.95479],[145.0945,-37.95481],[145.0946,-37.95483]]},"properties":{"name":"Planned/under construction","kind":"rail_construction","operator":"","description":""}},{"type":"Feature","geometry":{"type":"LineString","coordinates":[[145.09308,-37.95453],[145.09316,-37.95454],[145.09323,-37.95456],[145.09331,-37.95457],[145.09339,-37.9546],[145.09347,-37.95461],[145.09355,-37.95463],[145.09363,-37.95465],[145.09372,-37.95467]]},"properties":{"name":"Planned/under construction","kind":"rail_construction","operator":"","description":""}},{"type":"Feature","geometry":{"type":"LineString","coordinates":[[145.09306,-37.95459],[145.09314,-37.95459],[145.09322,-37.9546],[145.09331,-37.9546],[145.09339,-37.9546],[145.09347,-37.95459],[145.09356,-37.9546],[145.09363,-37.9546],[145.09372,-37.95461]]},"properties":{"name":"Planned/under construction","kind":"rail_construction","operator":"","description":""}},{"type":"Feature","geometry":{"type":"LineString","coordinates":[[145.09185,-37.95438],[145.09193,-37.95439],[145.09202,-37.95441],[145.0921,-37.95443],[145.09218,-37.95445],[145.09224,-37.95447],[145.09233,-37.95449],[145.09241,-37.9545],[145.09249,-37.95452]]},"properties":{"name":"Planned/under construction","kind":"rail_construction","operator":"","description":""}},{"type":"Feature","geometry":{"type":"LineString","coordinates":[[145.09184,-37.95444],[145.09192,-37.95444],[145.09201,-37.95445],[145.09209,-37.95445],[145.09218,-37.95445],[145.09226,-37.95445],[145.09234,-37.95445],[145.09242,-37.95445],[145.09251,-37.95446]]},"properties":{"name":"Planned/under construction","kind":"rail_construction","operator":"","description":""}},{"type":"Feature","geometry":{"type":"LineString","coordinates":[[144.82389,-37.7707],[144.82372,-37.77087],[144.82356,-37.77105],[144.82346,-37.77119],[144.82335,-37.77133],[144.82328,-37.77146],[144.82319,-37.77161],[144.82311,-37.77178],[144.82303,-37.77195]]},"properties":{"name":"Airport Line","kind":"rail_proposed","operator":"","description":""}},{"type":"Feature","geometry":{"type":"LineString","coordinates":[[144.82296,-37.77193],[144.82303,-37.77177],[144.82312,-37.77158],[144.82319,-37.77144],[144.82328,-37.7713],[144.82339,-37.77115],[144.82351,-37.771],[144.82363,-37.77087],[144.82373,-37.77076],[144.82383,-37.77066]]},"properties":{"name":"Airport Line","kind":"rail_proposed","operator":"","description":""}},{"type":"Feature","geometry":{"type":"LineString","coordinates":[[144.83226,-37.78827],[144.83246,-37.78853],[144.83335,-37.78971]]},"properties":{"name":"Planned/under construction","kind":"rail_proposed","operator":"","description":""}},{"type":"Feature","geometry":{"type":"LineString","coordinates":[[144.83235,-37.78822],[144.83232,-37.78823],[144.83342,-37.78968],[144.83344,-37.78967],[144.83306,-37.78917],[144.83294,-37.789],[144.83289,-37.78893],[144.83276,-37.78876],[144.83249,-37.7884],[144.83241,-37.78829],[144.83235,-37.78822]]},"properties":{"name":"Platform 5","kind":"rail_proposed","operator":"V/Line","description":""}},{"type":"Feature","geometry":{"type":"LineString","coordinates":[[144.83342,-37.78968],[144.83232,-37.78823]]},"properties":{"name":"Planned/under construction","kind":"rail_proposed","operator":"","description":""}},{"type":"Feature","geometry":{"type":"LineString","coordinates":[[144.88285,-37.76973],[144.88285,-37.76969],[144.88285,-37.76967],[144.88285,-37.76965],[144.88284,-37.76963],[144.88283,-37.76961],[144.88282,-37.7696],[144.88282,-37.76959],[144.8828,-37.76957],[144.88278,-37.76955],[144.88275,-37.76952],[144.88273,-37.7695],[144.88271,-37.76948],[144.88268,-37.76946],[144.88265,-37.76944],[144.88263,-37.76943],[144.8826,-37.76942],[144.88258,-37.76941],[144.88256,-37.7694],[144.88254,-37.7694],[144.88251,-37.76939],[144.88249,-37.76939]]},"properties":{"name":"Planned/under construction","kind":"rail_proposed","operator":"","description":""}},{"type":"Feature","geometry":{"type":"LineString","coordinates":[[144.88248,-37.76936],[144.8825,-37.76936],[144.88252,-37.76937],[144.88254,-37.76937],[144.88256,-37.76938],[144.88257,-37.76938],[144.88259,-37.76939],[144.8826,-37.76939],[144.88262,-37.7694],[144.88263,-37.7694],[144.88264,-37.76941],[144.88265,-37.76941],[144.88266,-37.76942],[144.88267,-37.76943],[144.88268,-37.76943],[144.8827,-37.76944],[144.88273,-37.76946],[144.88275,-37.76948],[144.88276,-37.76949],[144.88278,-37.76951],[144.8828,-37.76953],[144.88281,-37.76954],[144.88282,-37.76955],[144.88284,-37.76958],[144.88285,-37.7696],[144.88286,-37.7696],[144.88287,-37.76962],[144.88288,-37.76964],[144.88288,-37.76966],[144.88289,-37.76967],[144.88289,-37.76969],[144.88288,-37.76973]]},"properties":{"name":"Planned/under construction","kind":"rail_proposed","operator":"","description":""}},{"type":"Feature","geometry":{"type":"LineString","coordinates":[[144.75271,-37.77219],[144.75286,-37.77223],[144.75303,-37.77228],[144.7532,-37.77234],[144.75348,-37.77244],[144.75367,-37.7725],[144.75389,-37.77258]]},"properties":{"name":"Proposed Wyndham Vale Flyover","kind":"rail_proposed","operator":"","description":"Long term proposal, not to be built as part of the Sunshine Station Superhub but instead to be built for electrification towards Wyndham Vale"}},{"type":"Feature","geometry":{"type":"LineString","coordinates":[[144.74993,-37.77227],[144.75011,-37.77222],[144.75034,-37.77217],[144.7506,-37.77212],[144.75073,-37.77209],[144.75088,-37.77207],[144.75103,-37.77205]]},"properties":{"name":"Proposed Wyndham Vale Flyover","kind":"rail_proposed","operator":"","description":"Long term proposal, not to be built as part of the Sunshine Station Superhub but instead to be built for electrification towards Wyndham Vale"}},{"type":"Feature","geometry":{"type":"LineString","coordinates":[[144.75103,-37.77205],[144.7511,-37.77204],[144.75117,-37.77203],[144.75123,-37.77203],[144.7513,-37.77203],[144.75138,-37.77203],[144.75148,-37.77203],[144.75166,-37.77204],[144.75188,-37.77205],[144.75206,-37.77207],[144.75224,-37.77209],[144.75242,-37.77212],[144.75256,-37.77215],[144.75271,-37.77219]]},"properties":{"name":"Proposed Wyndham Vale Flyover","kind":"rail_proposed","operator":"","description":"Long term proposal, not to be built as part of the Sunshine Station Superhub but instead to be built for electrification towards Wyndham Vale"}},{"type":"Feature","geometry":{"type":"LineString","coordinates":[[144.74935,-37.77243],[144.74956,-37.77237],[144.74977,-37.77231],[144.74993,-37.77227]]},"properties":{"name":"Proposed Wyndham Vale Flyover","kind":"rail_proposed","operator":"","description":"Long term proposal, not to be built as part of the Sunshine Station Superhub but instead to be built for electrification towards Wyndham Vale"}},{"type":"Feature","geometry":{"type":"LineString","coordinates":[[144.75389,-37.77258],[144.75412,-37.77265],[144.75457,-37.77278]]},"properties":{"name":"Proposed Wyndham Vale Flyover","kind":"rail_proposed","operator":"","description":"Long term proposal, not to be built as part of the Sunshine Station Superhub but instead to be built for electrification towards Wyndham Vale"}},{"type":"Feature","geometry":{"type":"LineString","coordinates":[[144.75364,-37.7726],[144.75333,-37.77253],[144.7531,-37.77248],[144.75297,-37.77245],[144.75274,-37.77241],[144.75255,-37.77238],[144.75228,-37.77235],[144.75197,-37.77233],[144.7518,-37.77231],[144.75149,-37.7723],[144.75123,-37.77229],[144.75103,-37.77229],[144.75086,-37.7723]]},"properties":{"name":"Proposed Wyndham Vale Flyover","kind":"rail_proposed","operator":"","description":"Long term proposal, not to be built as part of the Sunshine Station Superhub but instead to be built for electrification towards Wyndham Vale"}},{"type":"Feature","geometry":{"type":"LineString","coordinates":[[144.75086,-37.7723],[144.75068,-37.77231],[144.75049,-37.77232],[144.75032,-37.77233],[144.75014,-37.77235],[144.74993,-37.77238]]},"properties":{"name":"Proposed Wyndham Vale Flyover","kind":"rail_proposed","operator":"","description":"Long term proposal, not to be built as part of the Sunshine Station Superhub but instead to be built for electrification towards Wyndham Vale"}},{"type":"Feature","geometry":{"type":"LineString","coordinates":[[144.75507,-37.77299],[144.75479,-37.77292],[144.75414,-37.77274],[144.75364,-37.7726]]},"properties":{"name":"Proposed Wyndham Vale Flyover","kind":"rail_proposed","operator":"","description":"Long term proposal, not to be built as part of the Sunshine Station Superhub but instead to be built for electrification towards Wyndham Vale"}},{"type":"Feature","geometry":{"type":"LineString","coordinates":[[144.75561,-37.77311],[144.75535,-37.77305],[144.75507,-37.77299]]},"properties":{"name":"Proposed Wyndham Vale Flyover","kind":"rail_proposed","operator":"","description":"Long term proposal, not to be built as part of the Sunshine Station Superhub but instead to be built for electrification towards Wyndham Vale"}},{"type":"Feature","geometry":{"type":"LineString","coordinates":[[144.74993,-37.77238],[144.74974,-37.77241],[144.74957,-37.77243],[144.74943,-37.77246],[144.74929,-37.77249]]},"properties":{"name":"Proposed Wyndham Vale Flyover","kind":"rail_proposed","operator":"","description":"Long term proposal, not to be built as part of the Sunshine Station Superhub but instead to be built for electrification towards Wyndham Vale"}},{"type":"Feature","geometry":{"type":"LineString","coordinates":[[144.61592,-37.90901],[144.61694,-37.90978],[144.61698,-37.9098],[144.61717,-37.9099],[144.61733,-37.90993],[144.61748,-37.90995],[144.61766,-37.90995],[144.61784,-37.90993],[144.61801,-37.90989],[144.61816,-37.90982],[144.61902,-37.90928],[144.61913,-37.90916],[144.61934,-37.90889],[144.61954,-37.90859]]},"properties":{"name":"Mossbridge Promenade","kind":"road_construction","operator":"","description":""}},{"type":"Feature","geometry":{"type":"LineString","coordinates":[[144.61854,-37.90833],[144.61854,-37.90845],[144.61852,-37.90854],[144.61845,-37.90864],[144.61827,-37.90884],[144.61783,-37.90913],[144.61748,-37.90936],[144.61715,-37.90958],[144.61694,-37.90978]]},"properties":{"name":"Tidewater Road","kind":"road_construction","operator":"","description":""}},{"type":"Feature","geometry":{"type":"LineString","coordinates":[[145.12485,-37.81966],[145.13206,-37.82075]]},"properties":{"name":"Box Hill => Blackburn Triplication","kind":"rail_proposed","operator":"Metro Trains Melbourne","description":""}},{"type":"Feature","geometry":{"type":"LineString","coordinates":[[145.13203,-37.82081],[145.12554,-37.81988]]},"properties":{"name":"Box Hill => Blackburn Triplication","kind":"rail_proposed","operator":"Metro Trains Melbourne","description":""}},{"type":"Feature","geometry":{"type":"LineString","coordinates":[[145.14132,-37.82045],[145.14153,-37.82035],[145.14176,-37.82023],[145.14193,-37.82015],[145.14204,-37.82011],[145.14214,-37.82006],[145.14223,-37.82003],[145.1423,-37.82],[145.14241,-37.81996],[145.14248,-37.81994],[145.14263,-37.8199],[145.1428,-37.81985],[145.1429,-37.81983],[145.14298,-37.81981],[145.14307,-37.81979],[145.14318,-37.81977],[145.14328,-37.81976],[145.14337,-37.81975],[145.14346,-37.81974],[145.14355,-37.81973],[145.14365,-37.81972],[145.14373,-37.81972],[145.14387,-37.81971],[145.14402,-37.81971]]},"properties":{"name":"Box Hill => Blackburn Triplication","kind":"rail_proposed","operator":"Metro Trains Melbourne","description":""}},{"type":"Feature","geometry":{"type":"LineString","coordinates":[[145.14029,-37.82097],[145.14091,-37.82066],[145.14132,-37.82045]]},"properties":{"name":"Box Hill => Blackburn Triplication","kind":"rail_proposed","operator":"Metro Trains Melbourne","description":""}},{"type":"Feature","geometry":{"type":"LineString","coordinates":[[145.14488,-37.81975],[145.14495,-37.81976],[145.14502,-37.81978],[145.14508,-37.81979],[145.14515,-37.8198],[145.14522,-37.81981],[145.14529,-37.81983],[145.14536,-37.81984],[145.14542,-37.81985]]},"properties":{"name":"Proposed Blackburn crossovers","kind":"rail_proposed","operator":"Metro Trains Melbourne","description":""}},{"type":"Feature","geometry":{"type":"LineString","coordinates":[[145.1455,-37.81986],[145.14557,-37.81987],[145.14564,-37.81988],[145.14571,-37.81989],[145.14577,-37.8199],[145.14584,-37.81992],[145.14591,-37.81993],[145.14598,-37.81994],[145.14605,-37.81995]]},"properties":{"name":"Proposed Blackburn crossovers","kind":"rail_proposed","operator":"Metro Trains Melbourne","description":""}},{"type":"Feature","geometry":{"type":"LineString","coordinates":[[145.14611,-37.81996],[145.14619,-37.81997],[145.14626,-37.81997],[145.14634,-37.81997],[145.14641,-37.81997],[145.14648,-37.81997],[145.14656,-37.81998],[145.14663,-37.81998],[145.14671,-37.81999]]},"properties":{"name":"Proposed Blackburn crossovers","kind":"rail_proposed","operator":"Metro Trains Melbourne","description":""}},{"type":"Feature","geometry":{"type":"LineString","coordinates":[[145.14687,-37.82],[145.14693,-37.82001],[145.14702,-37.82001],[145.1471,-37.82001],[145.14718,-37.82002],[145.14726,-37.82002],[145.14734,-37.82002],[145.14742,-37.82002],[145.1475,-37.82003]]},"properties":{"name":"Proposed Blackburn crossovers","kind":"rail_proposed","operator":"Metro Trains Melbourne","description":""}},{"type":"Feature","geometry":{"type":"LineString","coordinates":[[144.9477,-37.81263],[144.94798,-37.81277],[144.94826,-37.8129],[144.94843,-37.81296],[144.94863,-37.81303],[144.94876,-37.81306],[144.9489,-37.8131],[144.94907,-37.81314],[144.94924,-37.81317],[144.94938,-37.81319],[144.94957,-37.81322],[144.94974,-37.81324],[144.94991,-37.81326],[144.95005,-37.81327],[144.95018,-37.81327],[144.9503,-37.81327],[144.95045,-37.81327],[144.95057,-37.81325],[144.95074,-37.81322],[144.95088,-37.81319],[144.95102,-37.81316],[144.95162,-37.81297]]},"properties":{"name":"City Loop Reconfiguration","kind":"rail_proposed","operator":"Metro Trains Melbourne","description":""}},{"type":"Feature","geometry":{"type":"LineString","coordinates":[[144.94416,-37.80992],[144.9445,-37.81036],[144.94466,-37.81055],[144.94484,-37.81077],[144.94509,-37.81101],[144.94536,-37.81123],[144.94551,-37.81135],[144.94568,-37.81148],[144.94584,-37.81159],[144.94596,-37.81168],[144.94613,-37.8118],[144.94629,-37.8119],[144.94684,-37.81224],[144.94707,-37.81239],[144.94732,-37.81253],[144.94749,-37.81263],[144.94762,-37.8127],[144.94785,-37.81282],[144.94798,-37.81289],[144.9481,-37.81294],[144.94824,-37.813],[144.94835,-37.81305],[144.94848,-37.8131],[144.94862,-37.81315],[144.94877,-37.81319],[144.94904,-37.81327]]},"properties":{"name":"City Loop Reconfiguration","kind":"rail_proposed","operator":"Metro Trains Melbourne","description":""}},{"type":"Feature","geometry":{"type":"LineString","coordinates":[[144.98071,-37.82043],[144.9802,-37.82003],[144.97985,-37.81977],[144.97959,-37.81958],[144.97944,-37.81947],[144.97927,-37.81937],[144.97899,-37.81919],[144.97854,-37.81892],[144.97805,-37.81863],[144.97772,-37.81842],[144.97751,-37.81827],[144.97725,-37.81808],[144.97689,-37.81779],[144.97669,-37.81762],[144.97651,-37.81744],[144.97638,-37.81732],[144.97622,-37.81716],[144.97607,-37.81701],[144.97595,-37.81687],[144.97583,-37.81673],[144.97574,-37.81661],[144.97567,-37.8165],[144.9756,-37.81636],[144.97544,-37.81606],[144.97535,-37.81588],[144.97497,-37.8151],[144.97473,-37.81461],[144.97438,-37.81389]]},"properties":{"name":"City Loop Reconfiguration","kind":"rail_proposed","operator":"Metro Trains Melbourne","description":""}},{"type":"Feature","geometry":{"type":"LineString","coordinates":[[144.6636,-37.89857],[144.66438,-37.89825],[144.66578,-37.89768]]},"properties":{"name":"Laverton-Werribee Triplication","kind":"rail_proposed","operator":"","description":""}},{"type":"Feature","geometry":{"type":"LineString","coordinates":[[144.66171,-37.89926],[144.66186,-37.8992],[144.662,-37.89915],[144.66216,-37.89909],[144.66231,-37.89903],[144.66246,-37.89898],[144.66261,-37.89892],[144.66276,-37.89887],[144.66291,-37.89881]]},"properties":{"name":"Laverton-Werribee Triplication","kind":"rail_proposed","operator":"","description":""}},{"type":"Feature","geometry":{"type":"LineString","coordinates":[[144.66207,-37.899],[144.6623,-37.89893],[144.66253,-37.89885],[144.66277,-37.89877],[144.663,-37.89869],[144.66322,-37.89861],[144.66345,-37.89853],[144.66367,-37.89845],[144.66389,-37.89836]]},"properties":{"name":"Laverton-Werribee Triplication","kind":"rail_proposed","operator":"","description":""}},{"type":"Feature","geometry":{"type":"LineString","coordinates":[[144.66523,-37.89786],[144.66529,-37.89784],[144.66536,-37.89782],[144.66543,-37.89779],[144.6655,-37.89777],[144.66557,-37.89775],[144.66564,-37.89772],[144.66571,-37.8977],[144.66578,-37.89768]]},"properties":{"name":"Laverton-Werribee Triplication","kind":"rail_proposed","operator":"","description":""}},{"type":"Feature","geometry":{"type":"LineString","coordinates":[[144.67998,-37.89193],[144.67896,-37.89235],[144.67821,-37.89265],[144.67661,-37.8933],[144.6757,-37.89366],[144.67458,-37.89412],[144.67288,-37.89481],[144.67052,-37.89577],[144.66942,-37.89622],[144.66797,-37.89679],[144.6661,-37.89754],[144.66578,-37.89768]]},"properties":{"name":"Laverton-Werribee Triplication","kind":"rail_proposed","operator":"","description":""}},{"type":"Feature","geometry":{"type":"LineString","coordinates":[[144.66341,-37.8986],[144.66334,-37.89864],[144.66328,-37.89867],[144.66321,-37.8987],[144.66314,-37.89874],[144.66307,-37.89878],[144.663,-37.89881],[144.66293,-37.89884],[144.66286,-37.89888]]},"properties":{"name":"Laverton-Werribee Triplication","kind":"rail_proposed","operator":"","description":""}},{"type":"Feature","geometry":{"type":"LineString","coordinates":[[144.72185,-37.87654],[144.71858,-37.87736],[144.71712,-37.87773],[144.71578,-37.87807],[144.7148,-37.87832],[144.71341,-37.87866],[144.71291,-37.87879],[144.71237,-37.87893],[144.71194,-37.87907],[144.71153,-37.8792],[144.71117,-37.87932],[144.71058,-37.87954],[144.71026,-37.87966],[144.70985,-37.87983],[144.7093,-37.88006],[144.70833,-37.88044],[144.70747,-37.88079],[144.70596,-37.88141],[144.70382,-37.88228],[144.70201,-37.88301],[144.70046,-37.88364],[144.69895,-37.88425],[144.69805,-37.88461],[144.69701,-37.88503],[144.69354,-37.88644],[144.69071,-37.88758],[144.68701,-37.88907],[144.68475,-37.89],[144.6833,-37.89058],[144.68262,-37.89086],[144.68192,-37.89114],[144.68084,-37.89159],[144.68031,-37.8918]]},"properties":{"name":"Laverton-Werribee Triplication","kind":"rail_proposed","operator":"","description":""}},{"type":"Feature","geometry":{"type":"LineString","coordinates":[[144.68031,-37.8918],[144.67998,-37.89193]]},"properties":{"name":"Laverton-Werribee Triplication","kind":"rail_proposed","operator":"","description":""}},{"type":"Feature","geometry":{"type":"LineString","coordinates":[[144.66137,-37.89944],[144.66155,-37.89938],[144.66172,-37.89931],[144.66191,-37.89924],[144.66208,-37.89917],[144.66226,-37.89911],[144.66244,-37.89904],[144.66262,-37.89897],[144.6628,-37.8989],[144.66286,-37.89888],[144.66333,-37.89868],[144.66348,-37.89862]]},"properties":{"name":"Laverton-Werribee Triplication","kind":"rail_proposed","operator":"","description":""}},{"type":"Feature","geometry":{"type":"LineString","coordinates":[[144.66348,-37.89862],[144.6636,-37.89857]]},"properties":{"name":"Laverton-Werribee Triplication","kind":"rail_proposed","operator":"","description":""}},{"type":"Feature","geometry":{"type":"LineString","coordinates":[[144.77165,-37.86404],[144.77121,-37.86414],[144.77091,-37.86421],[144.77051,-37.8643],[144.76995,-37.86443],[144.76947,-37.86454],[144.76893,-37.86466],[144.76815,-37.86485],[144.76693,-37.86515],[144.76597,-37.86539],[144.76441,-37.8658],[144.7626,-37.86625],[144.7614,-37.86655],[144.76032,-37.86683],[144.75915,-37.86711],[144.75816,-37.86736],[144.75632,-37.86783],[144.75468,-37.86824],[144.75266,-37.86875],[144.75114,-37.86914],[144.7502,-37.86939],[144.7493,-37.86965],[144.74838,-37.86991],[144.74744,-37.87016],[144.74508,-37.87076],[144.74408,-37.87101],[144.74325,-37.8712],[144.74218,-37.87144],[144.74112,-37.87168],[144.73944,-37.87209],[144.73713,-37.87268],[144.73444,-37.87336],[144.73143,-37.87412],[144.72629,-37.87543],[144.72335,-37.87615],[144.72246,-37.87638]]},"properties":{"name":"Laverton-Werribee Triplication","kind":"rail_proposed","operator":"","description":""}},{"type":"Feature","geometry":{"type":"LineString","coordinates":[[144.72246,-37.87638],[144.72185,-37.87654]]},"properties":{"name":"Laverton-Werribee Triplication","kind":"rail_proposed","operator":"","description":""}},{"type":"Feature","geometry":{"type":"LineString","coordinates":[[144.86577,-37.79944],[144.86659,-37.79957],[144.86692,-37.79961],[144.86741,-37.79967],[144.86799,-37.79973],[144.86879,-37.79982],[144.8693,-37.79988],[144.86947,-37.7999],[144.86958,-37.79992],[144.86968,-37.79994],[144.86981,-37.79996],[144.86994,-37.79999],[144.87018,-37.80005],[144.87029,-37.80007],[144.8704,-37.8001],[144.87064,-37.80015],[144.87089,-37.80019],[144.87102,-37.80021],[144.87115,-37.80023],[144.8722,-37.80036],[144.87299,-37.80044],[144.87357,-37.8005],[144.87388,-37.80053]]},"properties":{"name":"Future Sunbury Line alignment","kind":"rail_construction","operator":"","description":""}},{"type":"Feature","geometry":{"type":"LineString","coordinates":[[144.86572,-37.79949],[144.86541,-37.79944],[144.86511,-37.7994],[144.86485,-37.79937],[144.86459,-37.79934]]},"properties":{"name":"Future Sunbury Line alignment","kind":"rail_construction","operator":"","description":""}},{"type":"Feature","geometry":{"type":"LineString","coordinates":[[144.86739,-37.79977],[144.86714,-37.79971]]},"properties":{"name":"Future Sunbury Line alignment","kind":"rail_construction","operator":"","description":""}},{"type":"Feature","geometry":{"type":"LineString","coordinates":[[144.86575,-37.79955],[144.86598,-37.79959],[144.86622,-37.79963],[144.86668,-37.79971],[144.86691,-37.79974],[144.86706,-37.79977],[144.86722,-37.79979],[144.86733,-37.7998],[144.86743,-37.79982],[144.86765,-37.79984],[144.86778,-37.79985],[144.86795,-37.79986],[144.86813,-37.79987]]},"properties":{"name":"Future Airport Line alignment","kind":"rail_proposed","operator":"","description":""}},{"type":"Feature","geometry":{"type":"LineString","coordinates":[[144.87056,-37.80019],[144.87043,-37.80016],[144.87028,-37.80013],[144.87012,-37.8001],[144.86995,-37.80006],[144.86979,-37.80003],[144.86967,-37.80001],[144.86953,-37.8],[144.8694,-37.79998],[144.86928,-37.79997],[144.86911,-37.79996],[144.86895,-37.79995],[144.86877,-37.79994],[144.86859,-37.79993]]},"properties":{"name":"Future Airport Line alignment","kind":"rail_construction","operator":"","description":""}},{"type":"Feature","geometry":{"type":"LineString","coordinates":[[144.87083,-37.80022],[144.87094,-37.80024],[144.87104,-37.80026],[144.87119,-37.80028],[144.87135,-37.8003]]},"properties":{"name":"Future Airport Line alignment","kind":"rail_proposed","operator":"","description":""}},{"type":"Feature","geometry":{"type":"LineString","coordinates":[[144.87134,-37.80034],[144.87118,-37.80031],[144.87102,-37.80029],[144.87093,-37.80027],[144.87084,-37.80025],[144.87071,-37.80022],[144.87056,-37.80019]]},"properties":{"name":"Future Airport Line alignment","kind":"rail_proposed","operator":"","description":""}},{"type":"Feature","geometry":{"type":"LineString","coordinates":[[144.87388,-37.80053],[144.87476,-37.80062]]},"properties":{"name":"Future Sunbury Line alignment","kind":"rail_proposed","operator":"","description":""}},{"type":"Feature","geometry":{"type":"LineString","coordinates":[[144.98945,-37.42021],[144.98959,-37.42036],[144.98959,-37.42036],[144.98962,-37.42076],[144.98961,-37.42083],[144.98955,-37.42112],[144.98943,-37.42184],[144.98982,-37.42188],[144.99011,-37.42191],[144.99023,-37.42191],[144.99041,-37.42172],[144.99077,-37.42126],[144.99104,-37.42091]]},"properties":{"name":"Caldera View","kind":"road_construction","operator":"","description":""}},{"type":"Feature","geometry":{"type":"LineString","coordinates":[[144.98943,-37.42184],[144.9893,-37.42249],[144.98933,-37.42256],[144.98956,-37.42258],[144.98965,-37.42258],[144.99005,-37.42215],[144.99008,-37.42211],[144.99011,-37.42191]]},"properties":{"name":"Levee Circuit","kind":"road_construction","operator":"","description":""}},{"type":"Feature","geometry":{"type":"LineString","coordinates":[[145.18235,-37.85644],[145.18425,-37.85669],[145.1856,-37.85685],[145.1867,-37.85699],[145.18716,-37.85707],[145.18767,-37.85715],[145.18833,-37.85726],[145.18973,-37.85752],[145.19079,-37.85769],[145.19121,-37.85776],[145.19155,-37.85782],[145.19213,-37.85791],[145.19251,-37.85796],[145.19316,-37.85804],[145.19418,-37.85817],[145.19522,-37.8583],[145.1967,-37.85849],[145.19764,-37.85861],[145.19823,-37.85867],[145.19871,-37.85873],[145.19909,-37.85878],[145.19948,-37.85885],[145.19983,-37.85891],[145.2002,-37.859]]},"properties":{"name":"Burwood Highway","kind":"rail_proposed","operator":"","description":""}},{"type":"Feature","geometry":{"type":"LineString","coordinates":[[145.20018,-37.85904],[145.19946,-37.85889],[145.19912,-37.85883],[145.19883,-37.85878],[145.19843,-37.85873],[145.19743,-37.85862],[145.19662,-37.85852],[145.19524,-37.85834],[145.194,-37.85819],[145.1931,-37.85808],[145.19234,-37.85798],[145.19185,-37.85791],[145.19107,-37.85779],[145.19009,-37.85763],[145.18885,-37.8574],[145.1879,-37.85723],[145.18715,-37.8571],[145.18669,-37.85703],[145.18556,-37.85689],[145.18424,-37.85673],[145.18326,-37.85661],[145.18318,-37.8566],[145.18308,-37.85659],[145.18278,-37.85656],[145.18251,-37.85654],[145.18235,-37.85652]]},"properties":{"name":"Burwood Highway","kind":"rail_proposed","operator":"","description":""}},{"type":"Feature","geometry":{"type":"LineString","coordinates":[[145.20071,-37.85911],[145.20108,-37.85918],[145.20134,-37.85923],[145.20164,-37.85927],[145.20184,-37.8593],[145.20203,-37.85932],[145.20223,-37.85934],[145.20279,-37.85938],[145.2046,-37.85951],[145.20516,-37.85954],[145.20566,-37.85958],[145.20609,-37.85962],[145.20649,-37.85967],[145.20689,-37.85973],[145.20714,-37.85979],[145.20753,-37.85989],[145.20788,-37.85999],[145.20833,-37.86013],[145.20869,-37.86025],[145.20907,-37.86038],[145.20947,-37.8605],[145.20996,-37.86065],[145.21046,-37.86079],[145.2109,-37.86092],[145.21231,-37.86135],[145.21288,-37.86152],[145.21348,-37.86171],[145.21389,-37.86185],[145.2142,-37.86196],[145.21448,-37.86207],[145.21499,-37.86227],[145.2152,-37.86236],[145.21542,-37.86244],[145.21575,-37.86255],[145.21652,-37.8628],[145.21704,-37.86298],[145.21821,-37.86335],[145.21971,-37.86383],[145.22096,-37.86425],[145.22369,-37.86513],[145.22449,-37.86541],[145.22544,-37.8657],[145.22653,-37.86606],[145.22826,-37.86662],[145.22994,-37.86717],[145.23176,-37.86777],[145.23265,-37.86805],[145.23355,-37.86834],[145.23386,-37.86844]]},"properties":{"name":"Burwood Highway","kind":"rail_proposed","operator":"","description":""}},{"type":"Feature","geometry":{"type":"LineString","coordinates":[[145.2002,-37.859],[145.20071,-37.85911]]},"properties":{"name":"Burwood Highway","kind":"rail_proposed","operator":"","description":""}},{"type":"Feature","geometry":{"type":"LineString","coordinates":[[145.23409,-37.86852],[145.23482,-37.86875],[145.23584,-37.86908],[145.23657,-37.86932],[145.2372,-37.86953]]},"properties":{"name":"Burwood Highway","kind":"rail_proposed","operator":"","description":""}},{"type":"Feature","geometry":{"type":"LineString","coordinates":[[145.23386,-37.86844],[145.23409,-37.86852]]},"properties":{"name":"Burwood Highway","kind":"rail_proposed","operator":"","description":""}},{"type":"Feature","geometry":{"type":"LineString","coordinates":[[145.23384,-37.86849],[145.23262,-37.86809],[145.23083,-37.86751],[145.22924,-37.86699],[145.22763,-37.86647],[145.2265,-37.8661],[145.22543,-37.86576],[145.22373,-37.86521],[145.22255,-37.86482],[145.22119,-37.86437],[145.21927,-37.86374],[145.21687,-37.86297],[145.21581,-37.86262],[145.21544,-37.86249],[145.21495,-37.86232],[145.21447,-37.86214],[145.21418,-37.86202],[145.21332,-37.86172],[145.21159,-37.86119],[145.20945,-37.86056],[145.20895,-37.8604],[145.20836,-37.86022],[145.20786,-37.86005],[145.20742,-37.85992],[145.20708,-37.85984],[145.20681,-37.85979],[145.20648,-37.85974],[145.20607,-37.85969],[145.20576,-37.85966],[145.20547,-37.85963],[145.2039,-37.85952],[145.20287,-37.85944],[145.20212,-37.85938],[145.20177,-37.85934],[145.20143,-37.85929],[145.2011,-37.85923],[145.2007,-37.85915]]},"properties":{"name":"Burwood Highway","kind":"rail_proposed","operator":"","description":""}},{"type":"Feature","geometry":{"type":"LineString","coordinates":[[145.2007,-37.85915],[145.20018,-37.85904]]},"properties":{"name":"Burwood Highway","kind":"rail_proposed","operator":"","description":""}},{"type":"Feature","geometry":{"type":"LineString","coordinates":[[145.23718,-37.86956],[145.23621,-37.86924],[145.23483,-37.8688],[145.23407,-37.86856]]},"properties":{"name":"Burwood Highway","kind":"rail_proposed","operator":"","description":""}},{"type":"Feature","geometry":{"type":"LineString","coordinates":[[145.23407,-37.86856],[145.23384,-37.86849]]},"properties":{"name":"Burwood Highway","kind":"rail_proposed","operator":"","description":""}},{"type":"Feature","geometry":{"type":"LineString","coordinates":[[145.2372,-37.86953],[145.23723,-37.86954],[145.23727,-37.86956],[145.2373,-37.86957],[145.23733,-37.86959],[145.23736,-37.8696],[145.23739,-37.86962],[145.23743,-37.86964],[145.23747,-37.86965]]},"properties":{"name":"Burwood Highway","kind":"rail_proposed","operator":"","description":""}},{"type":"Feature","geometry":{"type":"LineString","coordinates":[[145.23718,-37.86956],[145.23722,-37.86957],[145.23725,-37.86958],[145.23729,-37.86958],[145.23733,-37.86959],[145.23737,-37.86959],[145.2374,-37.8696],[145.23744,-37.86961],[145.23748,-37.86962]]},"properties":{"name":"Burwood Highway","kind":"rail_proposed","operator":"","description":""}},{"type":"Feature","geometry":{"type":"LineString","coordinates":[[145.2372,-37.86953],[145.23748,-37.86962],[145.23775,-37.86971],[145.2378,-37.86972],[145.23785,-37.86974],[145.2379,-37.86975],[145.23795,-37.86976],[145.23811,-37.8698],[145.23816,-37.86981],[145.23821,-37.86982],[145.23826,-37.86984],[145.23832,-37.86985],[145.23919,-37.87014]]},"properties":{"name":"Burwood Highway","kind":"rail_proposed","operator":"","description":""}},{"type":"Feature","geometry":{"type":"LineString","coordinates":[[145.23915,-37.87024],[145.23831,-37.86997],[145.23827,-37.86995],[145.23823,-37.86994],[145.23819,-37.86992],[145.23815,-37.8699],[145.2379,-37.8698],[145.23786,-37.86978],[145.23782,-37.86977],[145.23779,-37.86976],[145.23775,-37.86974],[145.23747,-37.86965],[145.23735,-37.86961],[145.23718,-37.86956]]},"properties":{"name":"Burwood Highway","kind":"rail_proposed","operator":"","description":""}},{"type":"Feature","geometry":{"type":"LineString","coordinates":[[144.76311,-37.57071],[144.76376,-37.56975],[144.76431,-37.569],[144.76444,-37.56879],[144.76449,-37.56868],[144.76452,-37.56852],[144.76452,-37.56823],[144.76419,-37.56756],[144.76386,-37.56689],[144.76369,-37.56653],[144.76354,-37.56623]]},"properties":{"name":"Montego Boulevard","kind":"road_construction","operator":"","description":""}},{"type":"Feature","geometry":{"type":"LineString","coordinates":[[144.76185,-37.56779],[144.76241,-37.56762],[144.76305,-37.56742],[144.76314,-37.56742],[144.76318,-37.56748],[144.76335,-37.56782],[144.76344,-37.568],[144.76359,-37.56832],[144.76361,-37.56847],[144.76355,-37.5686],[144.76304,-37.5693]]},"properties":{"name":"Product Loop","kind":"road_construction","operator":"","description":""}},{"type":"Feature","geometry":{"type":"LineString","coordinates":[[144.96828,-37.4693],[144.96846,-37.46935],[144.96905,-37.46947],[144.96939,-37.46981],[144.97033,-37.47075],[144.97056,-37.47097],[144.97064,-37.47108],[144.97065,-37.47116]]},"properties":{"name":"Spruce Avenue","kind":"road_construction","operator":"","description":""}},{"type":"Feature","geometry":{"type":"LineString","coordinates":[[144.66044,-37.90014],[144.66199,-37.8975],[144.66231,-37.89698],[144.66257,-37.89662],[144.66312,-37.89596],[144.66369,-37.89532],[144.66471,-37.89431],[144.66526,-37.89384],[144.66564,-37.89354],[144.66603,-37.89327],[144.83235,-37.78794]]},"properties":{"name":"SRL West","kind":"rail_proposed","operator":"","description":""}},{"type":"Feature","geometry":{"type":"LineString","coordinates":[[144.88533,-37.8326],[144.88683,-37.82685]]},"properties":{"name":"Up Newport Line","kind":"rail_proposed","operator":"","description":"Track layout is approximate based on information currently provided by the LXRP"}},{"type":"Feature","geometry":{"type":"LineString","coordinates":[[144.88697,-37.82686],[144.8855,-37.83265]]},"properties":{"name":"Down Newport Line","kind":"rail_proposed","operator":"","description":"Track layout is approximate based on information currently provided by the LXRP"}},{"type":"Feature","geometry":{"type":"LineString","coordinates":[[144.88721,-37.82577],[144.88718,-37.8259],[144.88715,-37.82602],[144.88712,-37.82615],[144.8871,-37.82627],[144.88707,-37.8264],[144.88705,-37.82652],[144.88702,-37.82666],[144.88699,-37.82676],[144.88697,-37.82686]]},"properties":{"name":"Down Newport Line","kind":"rail_proposed","operator":"","description":"Track layout is approximate based on information currently provided by the LXRP"}},{"type":"Feature","geometry":{"type":"LineString","coordinates":[[144.8855,-37.83265],[144.88547,-37.83276],[144.88543,-37.83289],[144.88539,-37.83303],[144.88534,-37.83317],[144.8853,-37.8333],[144.88525,-37.83344],[144.8852,-37.83358],[144.88516,-37.83373],[144.88512,-37.83386]]},"properties":{"name":"Down Newport Line","kind":"rail_proposed","operator":"","description":"Track layout is approximate based on information currently provided by the LXRP"}},{"type":"Feature","geometry":{"type":"LineString","coordinates":[[144.88508,-37.83385],[144.88511,-37.83371],[144.88514,-37.83357],[144.88516,-37.83343],[144.88519,-37.83329],[144.88521,-37.83315],[144.88524,-37.833],[144.88527,-37.83286],[144.8853,-37.83273],[144.88533,-37.8326]]},"properties":{"name":"Up Newport Line","kind":"rail_proposed","operator":"","description":"Track layout is approximate based on information currently provided by the LXRP"}},{"type":"Feature","geometry":{"type":"LineString","coordinates":[[144.88683,-37.82685],[144.88686,-37.82674],[144.88689,-37.82663],[144.88693,-37.8265],[144.88697,-37.82639],[144.88701,-37.82626],[144.88704,-37.82614],[144.88709,-37.82601],[144.88712,-37.82589],[144.88716,-37.82577]]},"properties":{"name":"Up Newport Line","kind":"rail_proposed","operator":"","description":"Track layout is approximate based on information currently provided by the LXRP"}},{"type":"Feature","geometry":{"type":"LineString","coordinates":[[145.25871,-37.87434],[145.2584,-37.87424],[145.25817,-37.87418],[145.25788,-37.87412],[145.25763,-37.87405],[145.25665,-37.87373],[145.25639,-37.87365],[145.25631,-37.87359],[145.2562,-37.87349],[145.25611,-37.87339],[145.256,-37.87329]]},"properties":{"name":"Ovata Boulevard","kind":"road_construction","operator":"","description":""}},{"type":"Feature","geometry":{"type":"LineString","coordinates":[[145.27986,-38.0681],[145.27978,-38.06854],[145.27981,-38.06882],[145.2798,-38.069],[145.27984,-38.06908],[145.28059,-38.06918],[145.28237,-38.06939],[145.28283,-38.06941],[145.2831,-38.06945],[145.28388,-38.06954],[145.28474,-38.06964]]},"properties":{"name":"Shadetree Road","kind":"road_construction","operator":"","description":""}},{"type":"Feature","geometry":{"type":"LineString","coordinates":[[145.28059,-38.06918],[145.28072,-38.06846],[145.28083,-38.06783],[145.28096,-38.06779],[145.28113,-38.06779],[145.28259,-38.06796],[145.28262,-38.06805],[145.28251,-38.06867],[145.28237,-38.06939]]},"properties":{"name":"Creekstone Crescent","kind":"road_construction","operator":"","description":""}},{"type":"Feature","geometry":{"type":"LineString","coordinates":[[144.6311,-37.92535],[144.63097,-37.92532],[144.63079,-37.92522],[144.63061,-37.92514],[144.63039,-37.92507],[144.63012,-37.92502],[144.62916,-37.92489],[144.62456,-37.92433],[144.62417,-37.92425]]},"properties":{"name":"Ison Road","kind":"road_construction","operator":"","description":""}},{"type":"Feature","geometry":{"type":"LineString","coordinates":[[144.62432,-37.92412],[144.62462,-37.92417],[144.62522,-37.92424],[144.62748,-37.92453],[144.62911,-37.92472],[144.63031,-37.92487],[144.63065,-37.92495],[144.63082,-37.92502],[144.63104,-37.92507],[144.63114,-37.92509],[144.63123,-37.9251]]},"properties":{"name":"Ison Road","kind":"road_construction","operator":"","description":""}},{"type":"Feature","geometry":{"type":"LineString","coordinates":[[145.35758,-38.11041],[145.35805,-38.11048],[145.35813,-38.11049],[145.35886,-38.11058],[145.35964,-38.11067],[145.36042,-38.11077],[145.36216,-38.11098],[145.36291,-38.11108],[145.36305,-38.11105],[145.36322,-38.11015],[145.36328,-38.10997],[145.36343,-38.10922]]},"properties":{"name":"Kinship Street","kind":"road_construction","operator":"","description":""}},{"type":"Feature","geometry":{"type":"LineString","coordinates":[[145.36384,-38.1079],[145.36382,-38.10835],[145.36376,-38.10865],[145.36366,-38.10925],[145.36343,-38.10922],[145.36272,-38.10913],[145.36254,-38.10911],[145.36184,-38.10902]]},"properties":{"name":"Herringbone Way","kind":"road_construction","operator":"","description":""}},{"type":"Feature","geometry":{"type":"LineString","coordinates":[[144.59762,-37.73381],[144.5977,-37.73396],[144.59762,-37.73437],[144.59754,-37.73481],[144.59757,-37.7349],[144.59811,-37.73496],[144.59851,-37.73505],[144.59934,-37.73517]]},"properties":{"name":"Queensborough Crescent","kind":"road_construction","operator":"","description":""}},{"type":"Feature","geometry":{"type":"LineString","coordinates":[[144.6617,-37.82616],[144.66039,-37.82594],[144.6602,-37.82587],[144.66009,-37.8258],[144.65989,-37.82562],[144.65838,-37.82424],[144.65831,-37.82409],[144.65832,-37.82389],[144.65847,-37.82314],[144.65849,-37.82303]]},"properties":{"name":"Riland Boulevard","kind":"road_construction","operator":"","description":""}},{"type":"Feature","geometry":{"type":"LineString","coordinates":[[144.62793,-37.85198],[144.62798,-37.85211],[144.62807,-37.85235],[144.62795,-37.8528],[144.62757,-37.85276],[144.62597,-37.85306],[144.62584,-37.85298],[144.62577,-37.85263],[144.62585,-37.85255],[144.62666,-37.8524],[144.62687,-37.85231],[144.62798,-37.85211]]},"properties":{"name":"Bahamas Circuit","kind":"road_construction","operator":"","description":""}},{"type":"Feature","geometry":{"type":"LineString","coordinates":[[145.5379,-38.05855],[145.53784,-38.05868],[145.5378,-38.05878],[145.53776,-38.05887],[145.53766,-38.05936],[145.53758,-38.05946],[145.53754,-38.05957],[145.53744,-38.06007]]},"properties":{"name":"Forrestdale Parkway","kind":"road_construction","operator":"","description":""}},{"type":"Feature","geometry":{"type":"LineString","coordinates":[[144.74948,-37.86305],[144.74942,-37.86303],[144.74941,-37.86303],[144.74858,-37.86302],[144.74861,-37.86314],[144.74861,-37.86347],[144.74867,-37.86357],[144.74938,-37.86357],[144.74948,-37.86358]]},"properties":{"name":"Huxham Crescent","kind":"road_construction","operator":"","description":""}},{"type":"Feature","geometry":{"type":"LineString","coordinates":[[144.8612,-37.84821],[144.8628,-37.84839],[144.86425,-37.84856]]},"properties":{"name":"Western Standard Gauge Line","kind":"rail_construction","operator":"ARTC","description":""}},{"type":"Feature","geometry":{"type":"LineString","coordinates":[[144.87035,-37.84928],[144.87094,-37.84935],[144.87117,-37.84937],[144.8714,-37.84938],[144.87155,-37.84939],[144.8717,-37.8494],[144.87187,-37.84941],[144.87207,-37.84942],[144.87226,-37.84942],[144.87246,-37.84942],[144.87267,-37.84942],[144.87283,-37.84941],[144.87298,-37.8494],[144.87317,-37.84938],[144.87335,-37.84936]]},"properties":{"name":"Western Standard Gauge Line","kind":"rail_construction","operator":"ARTC","description":""}},{"type":"Feature","geometry":{"type":"LineString","coordinates":[[144.86883,-37.8491],[144.87035,-37.84928]]},"properties":{"name":"Western Standard Gauge Line","kind":"rail_construction","operator":"ARTC","description":""}},{"type":"Feature","geometry":{"type":"LineString","coordinates":[[144.86617,-37.84879],[144.86883,-37.8491]]},"properties":{"name":"Western Standard Gauge Line","kind":"rail_construction","operator":"ARTC","description":""}},{"type":"Feature","geometry":{"type":"LineString","coordinates":[[144.86425,-37.84856],[144.86617,-37.84879]]},"properties":{"name":"Western Standard Gauge Line","kind":"rail_construction","operator":"ARTC","description":""}},{"type":"Feature","geometry":{"type":"LineString","coordinates":[[144.66807,-37.83143],[144.6686,-37.83145],[144.66915,-37.83146],[144.67017,-37.83147],[144.67059,-37.83149],[144.6711,-37.83155],[144.67197,-37.83166],[144.67329,-37.83182],[144.67378,-37.83188],[144.67427,-37.83196],[144.67484,-37.83208],[144.67543,-37.83218],[144.67586,-37.83228],[144.67629,-37.83239],[144.67667,-37.83248]]},"properties":{"name":"Leakes Road","kind":"road_construction","operator":"","description":""}},{"type":"Feature","geometry":{"type":"LineString","coordinates":[[145.01872,-37.60039],[145.01842,-37.60035],[145.01813,-37.6003],[145.0176,-37.60009],[145.01694,-37.59978],[145.01672,-37.59968],[145.01657,-37.59961],[145.01631,-37.59941],[145.01615,-37.59918],[145.01607,-37.59897],[145.01607,-37.59871],[145.01613,-37.59823],[145.01617,-37.59802]]},"properties":{"name":"Ellesmere Boulevard","kind":"road_construction","operator":"","description":""}},{"type":"Feature","geometry":{"type":"LineString","coordinates":[[145.01588,-37.60082],[145.0152,-37.6006],[145.01497,-37.60055],[145.01408,-37.60047],[145.01404,-37.60037],[145.01411,-37.59992],[145.01419,-37.59936],[145.01428,-37.5988],[145.01438,-37.5981]]},"properties":{"name":"Foggs Street","kind":"road_construction","operator":"","description":""}},{"type":"Feature","geometry":{"type":"LineString","coordinates":[[144.75977,-37.87232],[144.75977,-37.87234],[144.75977,-37.87236],[144.75977,-37.87237],[144.75978,-37.87239],[144.75979,-37.8724],[144.75979,-37.87241],[144.7598,-37.87242],[144.75981,-37.87243],[144.75983,-37.87244],[144.75984,-37.87245],[144.75985,-37.87246],[144.75987,-37.87246],[144.75989,-37.87246],[144.75991,-37.87246],[144.75993,-37.87246],[144.75994,-37.87246]]},"properties":{"name":"Fitzpatrick Drive","kind":"road_construction","operator":"","description":""}},{"type":"Feature","geometry":{"type":"LineString","coordinates":[[144.75999,-37.87051],[144.75994,-37.87051],[144.75989,-37.8705],[144.75985,-37.87048],[144.75981,-37.87046],[144.75978,-37.87044],[144.75975,-37.87041],[144.7597,-37.87037],[144.75966,-37.87032],[144.75962,-37.87027],[144.75958,-37.8702],[144.75952,-37.8701],[144.75945,-37.86996]]},"properties":{"name":"Princes Freeway Onramp","kind":"road_construction","operator":"","description":""}},{"type":"Feature","geometry":{"type":"LineString","coordinates":[[144.75999,-37.87034],[144.76,-37.87012],[144.76,-37.87003],[144.76001,-37.86994],[144.76003,-37.86983],[144.76005,-37.86972],[144.76006,-37.86967],[144.76006,-37.86961]]},"properties":{"name":"Point Cook Road","kind":"road_construction","operator":"","description":""}},{"type":"Feature","geometry":{"type":"LineString","coordinates":[[144.58506,-37.47451],[144.5849,-37.47534],[144.58477,-37.47599],[144.58467,-37.47602],[144.58385,-37.47592],[144.58374,-37.47593],[144.5835,-37.47598],[144.58199,-37.4758],[144.58179,-37.47574],[144.5815,-37.47557]]},"properties":{"name":"Calaista Drive","kind":"road_construction","operator":"","description":""}},{"type":"Feature","geometry":{"type":"LineString","coordinates":[[144.58283,-37.47251],[144.58214,-37.47195],[144.58189,-37.47166],[144.58173,-37.47139],[144.58144,-37.4705],[144.5814,-37.47036],[144.58142,-37.47025],[144.58224,-37.4701],[144.58236,-37.47013],[144.58257,-37.47071],[144.58282,-37.47136],[144.58286,-37.47144],[144.58351,-37.47199]]},"properties":{"name":"Kubasi Loop","kind":"road_construction","operator":"","description":""}},{"type":"Feature","geometry":{"type":"LineString","coordinates":[[144.58133,-37.47365],[144.58168,-37.47339],[144.58208,-37.47308],[144.58233,-37.47289],[144.58283,-37.47251],[144.58307,-37.47233],[144.58351,-37.47199],[144.58397,-37.47164]]},"properties":{"name":"Glorion Entrace","kind":"road_construction","operator":"","description":""}},{"type":"Feature","geometry":{"type":"LineString","coordinates":[[145.04235,-37.9491],[145.04222,-37.94892],[145.04082,-37.94689],[145.03932,-37.94474],[145.03892,-37.94418]]},"properties":{"name":"Highett Level Crossing Removal","kind":"rail_proposed","operator":"Metro Trains Melbourne","description":""}},{"type":"Feature","geometry":{"type":"LineString","coordinates":[[145.04319,-37.95031],[145.04235,-37.9491]]},"properties":{"name":"Highett Level Crossing Removal","kind":"rail_proposed","operator":"Metro Trains Melbourne","description":""}},{"type":"Feature","geometry":{"type":"LineString","coordinates":[[145.03892,-37.94418],[145.03855,-37.94363],[145.03836,-37.94337],[145.03824,-37.94317],[145.03812,-37.94299]]},"properties":{"name":"Highett Level Crossing Removal","kind":"rail_proposed","operator":"Metro Trains Melbourne","description":""}},{"type":"Feature","geometry":{"type":"LineString","coordinates":[[145.12822,-38.10372],[145.12821,-38.10525],[145.12816,-38.10525],[145.12817,-38.10372],[145.12822,-38.10372]]},"properties":{"name":"Platform 1","kind":"rail_proposed","operator":"","description":""}},{"type":"Feature","geometry":{"type":"LineString","coordinates":[[145.12821,-38.10525],[145.12822,-38.10372],[145.12828,-38.10372],[145.12827,-38.10525],[145.12821,-38.10525]]},"properties":{"name":"Platform 2","kind":"rail_proposed","operator":"","description":""}},{"type":"Feature","geometry":{"type":"LineString","coordinates":[[145.12814,-38.10547],[145.12814,-38.10526],[145.12815,-38.10371],[145.12815,-38.10336],[145.12815,-38.10329],[145.12815,-38.10324]]},"properties":{"name":"Seaford Level Crossing Removal","kind":"rail_proposed","operator":"Metro Trains Melbourne","description":""}},{"type":"Feature","geometry":{"type":"LineString","coordinates":[[145.12828,-38.10323],[145.12828,-38.10336],[145.12829,-38.10371],[145.1283,-38.10525],[145.1283,-38.10547]]},"properties":{"name":"Seaford Level Crossing Removal","kind":"rail_proposed","operator":"Metro Trains Melbourne","description":""}},{"type":"Feature","geometry":{"type":"LineString","coordinates":[[145.12825,-38.10225],[145.12825,-38.10242],[145.12825,-38.1025],[145.12825,-38.10262],[145.12826,-38.10276],[145.12827,-38.10293],[145.12827,-38.10307],[145.12828,-38.10323]]},"properties":{"name":"Seaford Level Crossing Removal","kind":"rail_proposed","operator":"Metro Trains Melbourne","description":""}},{"type":"Feature","geometry":{"type":"LineString","coordinates":[[145.12815,-38.10324],[145.12816,-38.10291],[145.12818,-38.10265],[145.12819,-38.10236],[145.12819,-38.10225]]},"properties":{"name":"Seaford Level Crossing Removal","kind":"rail_proposed","operator":"Metro Trains Melbourne","description":""}},{"type":"Feature","geometry":{"type":"LineString","coordinates":[[145.12824,-38.10217],[145.12825,-38.10225]]},"properties":{"name":"Seaford Level Crossing Removal","kind":"rail_proposed","operator":"Metro Trains Melbourne","description":""}},{"type":"Feature","geometry":{"type":"LineString","coordinates":[[145.12819,-38.10225],[145.1282,-38.10222],[145.1282,-38.10217]]},"properties":{"name":"Seaford Level Crossing Removal","kind":"rail_proposed","operator":"Metro Trains Melbourne","description":""}},{"type":"Feature","geometry":{"type":"LineString","coordinates":[[145.12842,-38.10691],[145.12844,-38.10702],[145.12846,-38.10713],[145.12848,-38.10722],[145.12852,-38.10738],[145.12853,-38.10744],[145.12855,-38.10752]]},"properties":{"name":"Seaford Level Crossing Removal","kind":"rail_proposed","operator":"Metro Trains Melbourne","description":""}},{"type":"Feature","geometry":{"type":"LineString","coordinates":[[145.12836,-38.10707],[145.12832,-38.10692]]},"properties":{"name":"Seaford Level Crossing Removal","kind":"rail_proposed","operator":"Metro Trains Melbourne","description":""}},{"type":"Feature","geometry":{"type":"LineString","coordinates":[[145.12832,-38.10692],[145.1283,-38.10682],[145.12825,-38.10661],[145.12821,-38.10642],[145.1282,-38.1063],[145.12818,-38.10614],[145.12817,-38.10602],[145.12816,-38.10589],[145.12815,-38.10576],[145.12814,-38.10566],[145.12814,-38.10547]]},"properties":{"name":"Seaford Level Crossing Removal","kind":"rail_proposed","operator":"Metro Trains Melbourne","description":""}},{"type":"Feature","geometry":{"type":"LineString","coordinates":[[145.1283,-38.10547],[145.1283,-38.10557],[145.1283,-38.10573],[145.12831,-38.10596],[145.12832,-38.10608],[145.12832,-38.10619],[145.12833,-38.10632],[145.12835,-38.10649],[145.12837,-38.10663],[145.12839,-38.10679],[145.12842,-38.10691]]},"properties":{"name":"Seaford Level Crossing Removal","kind":"rail_proposed","operator":"Metro Trains Melbourne","description":""}},{"type":"Feature","geometry":{"type":"LineString","coordinates":[[144.73235,-37.81059],[144.7318,-37.81054],[144.73158,-37.81055],[144.73141,-37.81076],[144.72941,-37.81444],[144.72938,-37.81462],[144.72957,-37.8149],[144.72971,-37.81523],[144.72974,-37.81537],[144.72977,-37.81581],[144.72981,-37.81599]]},"properties":{"name":"Vulcan Drive","kind":"road_construction","operator":"","description":""}},{"type":"Feature","geometry":{"type":"LineString","coordinates":[[144.90645,-37.51721],[144.9062,-37.517],[144.90615,-37.51696],[144.90597,-37.51687],[144.90474,-37.51639],[144.90434,-37.51682],[144.90432,-37.51688],[144.90548,-37.51733],[144.9056,-37.51739],[144.90592,-37.51764]]},"properties":{"name":"Oakhill Loop","kind":"road_construction","operator":"","description":""}},{"type":"Feature","geometry":{"type":"LineString","coordinates":[[144.8621,-37.79901],[144.86211,-37.79897],[144.86234,-37.799],[144.86271,-37.79904],[144.86394,-37.79918],[144.86393,-37.79922],[144.8625,-37.79906],[144.8621,-37.79901]]},"properties":{"name":"Platform 1","kind":"rail_proposed","operator":"","description":""}},{"type":"Feature","geometry":{"type":"LineString","coordinates":[[144.86393,-37.79922],[144.86392,-37.79926],[144.8627,-37.79912],[144.86233,-37.79908],[144.86209,-37.79905],[144.8621,-37.79901],[144.8625,-37.79906],[144.86393,-37.79922]]},"properties":{"name":"Platform 2","kind":"rail_proposed","operator":"","description":""}},{"type":"Feature","geometry":{"type":"LineString","coordinates":[[145.18939,-37.80151],[145.18947,-37.8015],[145.18955,-37.80152],[145.18961,-37.80155],[145.18962,-37.80158],[145.18965,-37.80164],[145.18967,-37.80174],[145.18972,-37.80197]]},"properties":{"name":"Langford Crescent","kind":"road_construction","operator":"","description":""}},{"type":"Feature","geometry":{"type":"LineString","coordinates":[[145.18962,-37.80158],[145.1899,-37.80139],[145.18994,-37.80138],[145.18999,-37.80138],[145.19107,-37.80159],[145.1911,-37.80161],[145.19111,-37.80163],[145.19109,-37.8017],[145.19108,-37.80174],[145.19106,-37.80177],[145.19102,-37.80178],[145.19018,-37.80175],[145.18997,-37.80175],[145.18967,-37.80174]]},"properties":{"name":"Goodenia Loop","kind":"road_construction","operator":"","description":""}},{"type":"Feature","geometry":{"type":"LineString","coordinates":[[144.69072,-37.73992],[144.69083,-37.7393],[144.69097,-37.73848],[144.69102,-37.73823],[144.69106,-37.73811],[144.69106,-37.73789],[144.69105,-37.73751],[144.69107,-37.73738],[144.69114,-37.73701],[144.69114,-37.73695]]},"properties":{"name":"Silverfern Approach","kind":"road_construction","operator":"","description":""}},{"type":"Feature","geometry":{"type":"Point","coordinates":[115.84681,-32.07097]},"properties":{"name":"Fiona Stanley Hospital (Emergency Department)","kind":"hospital","operator":""}},{"type":"Feature","geometry":{"type":"Point","coordinates":[115.74434,-32.05635]},"properties":{"name":"Notre Dame School of Medicine","kind":"university","operator":""}},{"type":"Feature","geometry":{"type":"Point","coordinates":[115.86963,-31.95784]},"properties":{"name":"Southern Cross University","kind":"university","operator":"","description":"Wanjoo Southern Cross University"}},{"type":"Feature","geometry":{"type":"Point","coordinates":[115.81528,-31.96764]},"properties":{"name":"Sir Charles Gairdner Hospital","kind":"hospital","operator":""}},{"type":"Feature","geometry":{"type":"Point","coordinates":[115.81705,-31.98072]},"properties":{"name":"UWA Robotics Club","kind":"university","operator":"UWA"}},{"type":"Feature","geometry":{"type":"Point","coordinates":[115.81532,-31.96706]},"properties":{"name":"Queen Elizabeth II Medical Centre","kind":"hospital","operator":""}},{"type":"Feature","geometry":{"type":"Point","coordinates":[115.86635,-31.95333]},"properties":{"name":"Royal Perth Hospital","kind":"hospital","operator":"Government of Western Australia"}},{"type":"Feature","geometry":{"type":"Point","coordinates":[115.8349,-32.06656]},"properties":{"name":"Murdoch University","kind":"university","operator":""}},{"type":"Feature","geometry":{"type":"Point","coordinates":[115.84469,-32.06836]},"properties":{"name":"Saint John of God Murdoch Hospital","kind":"hospital","operator":""}},{"type":"Feature","geometry":{"type":"Point","coordinates":[115.89327,-32.00554]},"properties":{"name":"Curtin University (Bentley Campus)","kind":"university","operator":""}},{"type":"Feature","geometry":{"type":"Point","coordinates":[115.75224,-32.27788]},"properties":{"name":"Murdoch University (Rockingham Campus)","kind":"university","operator":""}},{"type":"Feature","geometry":{"type":"Point","coordinates":[116.02021,-32.13337]},"properties":{"name":"Armadale Kelmscott District Memorial Hospital","kind":"hospital","operator":""}},{"type":"Feature","geometry":{"type":"Point","coordinates":[115.77059,-32.29103]},"properties":{"name":"Rockingham General Hospital","kind":"hospital","operator":""}},{"type":"Feature","geometry":{"type":"LineString","coordinates":[[115.85195,-31.9435],[115.85192,-31.9435],[115.85179,-31.94346],[115.85171,-31.94345],[115.85167,-31.94344],[115.85159,-31.94344],[115.85109,-31.94345],[115.85047,-31.94346],[115.85025,-31.94347],[115.8502,-31.94347],[115.85015,-31.94348],[115.8501,-31.94348],[115.84983,-31.94354],[115.84979,-31.94355],[115.84975,-31.94355],[115.84971,-31.94355],[115.84966,-31.94355],[115.84962,-31.94355],[115.84958,-31.94355],[115.84954,-31.94354],[115.8495,-31.94353],[115.84946,-31.94352],[115.84942,-31.9435],[115.84938,-31.94349],[115.84935,-31.94347],[115.84919,-31.94336],[115.84886,-31.94313],[115.84878,-31.94308],[115.84858,-31.94296],[115.84833,-31.94282],[115.84827,-31.94279],[115.84825,-31.94278],[115.84824,-31.94277],[115.84823,-31.94276],[115.84822,-31.94275],[115.84822,-31.94274],[115.8482,-31.94258],[115.84818,-31.94246]]},"properties":{"name":"Mitchell Freeway PSP","kind":"road_construction","operator":"","description":""}},{"type":"Feature","geometry":{"type":"Point","coordinates":[115.77283,-31.75246]},"properties":{"name":"Edith Cowan University (Joondalup Campus)","kind":"university","operator":""}},{"type":"Feature","geometry":{"type":"Point","coordinates":[115.86036,-31.9462]},"properties":{"name":"Navitas English","kind":"university","operator":"Curtin University"}},{"type":"Feature","geometry":{"type":"LineString","coordinates":[[115.98919,-31.89585],[115.98928,-31.89616],[115.98942,-31.89691],[115.98952,-31.89746],[115.98956,-31.89791],[115.98958,-31.89824],[115.98956,-31.89881],[115.98953,-31.89949],[115.98953,-31.89983],[115.98955,-31.90051]]},"properties":{"name":"Planned/under construction","kind":"rail_construction","operator":"","description":""}},{"type":"Feature","geometry":{"type":"LineString","coordinates":[[115.98349,-31.8945],[115.98356,-31.89446],[115.98365,-31.89442],[115.98379,-31.89435],[115.98388,-31.89431],[115.98406,-31.89421],[115.98425,-31.89412],[115.98439,-31.89406],[115.98451,-31.89401],[115.98462,-31.89397],[115.98474,-31.89393],[115.98505,-31.89385],[115.98539,-31.89379],[115.98577,-31.89376],[115.98617,-31.89376],[115.98661,-31.89381],[115.98701,-31.8939],[115.98735,-31.89401],[115.98768,-31.89417],[115.98802,-31.89437],[115.9883,-31.89458],[115.98854,-31.8948],[115.98875,-31.89504]]},"properties":{"name":"Planned/under construction","kind":"rail_construction","operator":"","description":""}},{"type":"Feature","geometry":{"type":"LineString","coordinates":[[115.98875,-31.89504],[115.98901,-31.89544],[115.98914,-31.8957],[115.98919,-31.89585]]},"properties":{"name":"Planned/under construction","kind":"rail_construction","operator":"","description":""}},{"type":"Feature","geometry":{"type":"LineString","coordinates":[[115.75448,-32.04302],[115.75459,-32.04286],[115.75465,-32.04276],[115.75468,-32.0427],[115.75469,-32.04264],[115.7547,-32.04257],[115.7547,-32.04252],[115.75471,-32.04239]]},"properties":{"name":"12","kind":"road_construction","operator":"","description":""}},{"type":"Feature","geometry":{"type":"Point","coordinates":[116.00886,-31.89517]},"properties":{"name":"St John of God Midland Public and Private Hospitals","kind":"hospital","operator":""}},{"type":"Feature","geometry":{"type":"Point","coordinates":[115.76381,-32.53287]},"properties":{"name":"Peel Health Campus","kind":"hospital","operator":"Department of Health, Government of Western Australia"}},{"type":"Feature","geometry":{"type":"Point","coordinates":[115.76876,-31.74862]},"properties":{"name":"University","kind":"university","operator":""}},{"type":"Feature","geometry":{"type":"LineString","coordinates":[[115.75477,-32.04237],[115.75484,-32.04248],[115.75489,-32.04252],[115.75495,-32.04257],[115.755,-32.04261],[115.75505,-32.04264],[115.7551,-32.04265],[115.75514,-32.04266],[115.7552,-32.04266]]},"properties":{"name":"Canning Highway Exit","kind":"road_construction","operator":"","description":""}},{"type":"Feature","geometry":{"type":"LineString","coordinates":[[116.00085,-31.91723],[116.00087,-31.91712],[116.00095,-31.91678],[116.00106,-31.9163],[116.00134,-31.9152],[116.0017,-31.91401],[116.00184,-31.91343],[116.00201,-31.91246]]},"properties":{"name":"Lloyd Street","kind":"road_construction","operator":"","description":""}},{"type":"Feature","geometry":{"type":"LineString","coordinates":[[116.00218,-31.91244],[116.00205,-31.91347],[116.0019,-31.91402],[116.00153,-31.9153],[116.00128,-31.91632],[116.00116,-31.91679],[116.00107,-31.91712],[116.00104,-31.91723]]},"properties":{"name":"Lloyd Street","kind":"road_construction","operator":"","description":""}},{"type":"Feature","geometry":{"type":"Point","coordinates":[115.86937,-31.91912]},"properties":{"name":"Edith Cowan University (Mount Lawley Campus)","kind":"university","operator":""}},{"type":"Feature","geometry":{"type":"LineString","coordinates":[[115.83792,-31.64812],[115.83957,-31.65097],[115.84026,-31.65292],[115.84072,-31.655],[115.84087,-31.6588],[115.84116,-31.6708],[115.84171,-31.67345],[115.8437,-31.67882],[115.84895,-31.68602],[115.85005,-31.68765],[115.85057,-31.68891],[115.85114,-31.6919],[115.85168,-31.69579],[115.85189,-31.69732],[115.85304,-31.70267],[115.85406,-31.70511],[115.85889,-31.71361],[115.86729,-31.72692],[115.8753,-31.73738],[115.87569,-31.73805],[115.87605,-31.73925],[115.87632,-31.74059],[115.87647,-31.74193],[115.87647,-31.75233],[115.87648,-31.75285],[115.87653,-31.75339],[115.87666,-31.75392],[115.87679,-31.75433],[115.87885,-31.76085],[115.87901,-31.76136],[115.88032,-31.76544],[115.8813,-31.76795],[115.88156,-31.76846],[115.88203,-31.769],[115.88335,-31.76995],[115.88726,-31.77165],[115.89097,-31.77316],[115.89433,-31.77488],[115.89925,-31.77749],[115.90057,-31.77833],[115.90222,-31.77974],[115.90292,-31.78044],[115.9034,-31.78103],[115.90382,-31.78159],[115.90465,-31.78284],[115.90518,-31.78402],[115.90705,-31.78983],[115.9083,-31.79368],[115.90921,-31.79655],[115.9098,-31.79844],[115.91057,-31.80104],[115.91088,-31.80192],[115.9111,-31.80256],[115.91166,-31.80406],[115.91207,-31.80486],[115.91259,-31.80558],[115.91316,-31.80613],[115.91412,-31.8072],[115.91461,-31.80786],[115.91501,-31.80862],[115.91526,-31.80956],[115.91539,-31.81025],[115.9159,-31.81488]]},"properties":{"name":"Whiteman Yanchep Highway","kind":"road_proposed","operator":"","description":""}},{"type":"Feature","geometry":{"type":"LineString","coordinates":[[115.91443,-31.8143],[115.91376,-31.81122],[115.91329,-31.80934],[115.91284,-31.80811],[115.91204,-31.80617],[115.91146,-31.80462],[115.91085,-31.80279],[115.91037,-31.80137],[115.90977,-31.79948],[115.90887,-31.7966],[115.90797,-31.7937],[115.90672,-31.78991],[115.90478,-31.78404],[115.90423,-31.78283],[115.90351,-31.78181],[115.90295,-31.78104],[115.90192,-31.77992],[115.90018,-31.77852],[115.89905,-31.77774],[115.89408,-31.77514],[115.89069,-31.7734],[115.88887,-31.77269],[115.88741,-31.77214],[115.88484,-31.77114],[115.88244,-31.76993],[115.88158,-31.76922],[115.88115,-31.76872],[115.88075,-31.76806],[115.87992,-31.7655],[115.87862,-31.76148],[115.87843,-31.76092],[115.87624,-31.75449],[115.87609,-31.75405],[115.876,-31.75353],[115.87594,-31.75289],[115.87594,-31.75238],[115.87594,-31.74195],[115.87582,-31.74041],[115.87564,-31.73958],[115.87538,-31.73852],[115.87497,-31.73756],[115.86639,-31.72652],[115.85832,-31.71367],[115.85364,-31.70516],[115.85257,-31.70275],[115.85137,-31.69744],[115.85115,-31.69598],[115.85051,-31.69165],[115.85008,-31.68911],[115.84959,-31.6879],[115.84849,-31.68628],[115.84328,-31.67902],[115.84128,-31.67371],[115.84069,-31.67085],[115.84021,-31.65505],[115.83978,-31.65299],[115.83912,-31.65114],[115.83751,-31.64827]]},"properties":{"name":"Whiteman Yanchep Highway","kind":"road_proposed","operator":"","description":""}},{"type":"Feature","geometry":{"type":"LineString","coordinates":[[116.05573,-31.46085],[116.05597,-31.45949],[116.05265,-31.44917],[116.04291,-31.43807],[116.04258,-31.4124],[116.04188,-31.39118],[116.04222,-31.38533],[116.04222,-31.38357],[116.03993,-31.37797],[116.03887,-31.37562],[116.03875,-31.37276],[116.04068,-31.36551],[116.04132,-31.35869],[116.04388,-31.32679],[116.0436,-31.32515],[116.03836,-31.31144],[116.03372,-31.30173],[116.03385,-31.29879],[116.04355,-31.27565],[116.04385,-31.27253],[116.03982,-31.24806],[116.0399,-31.24502],[116.04123,-31.24109],[116.04192,-31.23911],[116.03827,-31.23008],[116.04003,-31.21489],[116.04338,-31.2117],[116.05059,-31.20149],[116.05673,-31.19386],[116.06128,-31.19066],[116.0651,-31.18953],[116.07441,-31.19004],[116.07853,-31.19349],[116.08338,-31.19555],[116.08784,-31.19588],[116.09561,-31.19503],[116.12428,-31.18817],[116.1293,-31.18817],[116.13548,-31.18696],[116.1399,-31.18563],[116.14234,-31.18083],[116.14423,-31.17495],[116.14556,-31.17282],[116.15127,-31.17165],[116.15595,-31.17146],[116.16264,-31.16952],[116.16891,-31.16548],[116.17174,-31.16195],[116.17492,-31.15923],[116.18067,-31.15729],[116.18225,-31.15644],[116.18378,-31.15379]]},"properties":{"name":"Great Northern Highway","kind":"road_proposed","operator":"","description":""}},{"type":"Feature","geometry":{"type":"LineString","coordinates":[[115.96703,-31.85714],[115.96682,-31.85741],[115.9667,-31.85772],[115.96659,-31.85805],[115.96652,-31.85822],[115.966,-31.85942],[115.96592,-31.85961],[115.96589,-31.85982],[115.96583,-31.86011],[115.96579,-31.86038],[115.96578,-31.86061],[115.96576,-31.86067],[115.96573,-31.86073]]},"properties":{"name":"Drumpellier Drive PSP","kind":"road_construction","operator":"","description":""}},{"type":"Feature","geometry":{"type":"LineString","coordinates":[[115.64446,-31.53693],[115.64446,-31.53731],[115.64439,-31.53758],[115.64431,-31.53778],[115.6443,-31.53789],[115.6443,-31.5383],[115.6443,-31.53901],[115.64431,-31.53933]]},"properties":{"name":"Capilano Avenue","kind":"road_construction","operator":"","description":""}},{"type":"Feature","geometry":{"type":"Point","coordinates":[115.84645,-32.07063]},"properties":{"name":"Fiona Stanley Hospital","kind":"hospital","operator":""}},{"type":"Feature","geometry":{"type":"LineString","coordinates":[[115.75115,-32.52193],[115.75104,-32.52197],[115.751,-32.52202],[115.75096,-32.52206],[115.75067,-32.52308],[115.75067,-32.52317],[115.75071,-32.52323],[115.7508,-32.52329]]},"properties":{"name":"Montana Loop","kind":"road_proposed","operator":"","description":""}},{"type":"Feature","geometry":{"type":"Point","coordinates":[115.77266,-31.73834]},"properties":{"name":"Joondalup Health Campus","kind":"hospital","operator":""}},{"type":"Feature","geometry":{"type":"Point","coordinates":[115.88603,-31.99426]},"properties":{"name":"Technology Park","kind":"university","operator":""}},{"type":"Feature","geometry":{"type":"Point","coordinates":[115.74417,-32.05691]},"properties":{"name":"University","kind":"university","operator":""}},{"type":"Feature","geometry":{"type":"LineString","coordinates":[[115.84176,-32.2643],[115.84227,-32.26465],[115.84307,-32.26518],[115.8434,-32.26539],[115.84368,-32.26561],[115.84381,-32.26579],[115.84382,-32.26585],[115.84385,-32.26599],[115.84385,-32.26624],[115.84389,-32.26633],[115.84406,-32.26649]]},"properties":{"name":"Worthington Circuit","kind":"road_construction","operator":"","description":""}},{"type":"Feature","geometry":{"type":"Point","coordinates":[115.79863,-31.95045]},"properties":{"name":"University of Western Australia (Shenton Park Field Station)","kind":"university","operator":""}},{"type":"Feature","geometry":{"type":"Point","coordinates":[115.80139,-31.95279]},"properties":{"name":"Curtin University (Shenton Park Campus)","kind":"university","operator":""}},{"type":"Feature","geometry":{"type":"Point","coordinates":[115.78518,-31.95168]},"properties":{"name":"UWA Sports Park","kind":"university","operator":""}},{"type":"Feature","geometry":{"type":"LineString","coordinates":[[115.85187,-32.12691],[115.85175,-32.12705],[115.85159,-32.12719],[115.8514,-32.12734],[115.85127,-32.12742],[115.85112,-32.12749],[115.85092,-32.12756],[115.85071,-32.12761],[115.85016,-32.1277],[115.84958,-32.12781],[115.84908,-32.12796],[115.84879,-32.12803]]},"properties":{"name":"Remembrance Avenue","kind":"road_construction","operator":"","description":""}},{"type":"Feature","geometry":{"type":"Point","coordinates":[116.00614,-31.89596]},"properties":{"name":"Curtin University Midland Campus","kind":"university","operator":"Curtin University"}},{"type":"Feature","geometry":{"type":"LineString","coordinates":[[115.9674,-31.85645],[115.96739,-31.85643],[115.96738,-31.8564],[115.96737,-31.85637],[115.96735,-31.85634],[115.96734,-31.85632],[115.96732,-31.85629],[115.9673,-31.85627],[115.96728,-31.85624],[115.96726,-31.85622],[115.96723,-31.8562],[115.96721,-31.85618],[115.96695,-31.85595],[115.96691,-31.8559],[115.96687,-31.85586],[115.96684,-31.85583],[115.96681,-31.85578]]},"properties":{"name":"Drumpellier Drive PSP","kind":"road_construction","operator":"","description":""}},{"type":"Feature","geometry":{"type":"LineString","coordinates":[[115.96436,-31.86166],[115.96442,-31.86165],[115.96446,-31.86159],[115.96448,-31.86155],[115.96451,-31.86152],[115.96453,-31.86149],[115.96456,-31.86147],[115.96463,-31.86145],[115.96468,-31.86143],[115.96471,-31.86141],[115.96474,-31.86139],[115.96476,-31.86137],[115.96497,-31.86096],[115.96499,-31.86094],[115.96501,-31.86091],[115.96504,-31.86089],[115.96507,-31.86087],[115.9651,-31.86086],[115.96516,-31.86085],[115.96556,-31.86082],[115.96566,-31.86078],[115.9657,-31.86076],[115.96573,-31.86073]]},"properties":{"name":"Drumpellier Drive PSP","kind":"road_construction","operator":"","description":""}},{"type":"Feature","geometry":{"type":"LineString","coordinates":[[115.82264,-32.63035],[115.82187,-32.63018],[115.82096,-32.62995],[115.82084,-32.62984],[115.82037,-32.62933],[115.82027,-32.62883],[115.82029,-32.62863],[115.82071,-32.6273],[115.8209,-32.62686],[115.82097,-32.62632],[115.82097,-32.62549],[115.8209,-32.62511]]},"properties":{"name":"James Eden Drive","kind":"road_proposed","operator":"","description":""}},{"type":"Feature","geometry":{"type":"Point","coordinates":[115.75563,-32.51562]},"properties":{"name":"Murdoch University - Mandurah Campus","kind":"university","operator":"Murdoch University"}},{"type":"Feature","geometry":{"type":"LineString","coordinates":[[115.96931,-32.26769],[115.96934,-32.26716],[115.96954,-32.26585],[115.96971,-32.26531],[115.96991,-32.26481],[115.97014,-32.26403],[115.97044,-32.262],[115.97052,-32.26135],[115.97277,-32.25098],[115.97345,-32.24927],[115.97361,-32.24799],[115.97346,-32.23707],[115.97345,-32.23661],[115.97337,-32.23582],[115.97334,-32.23517]]},"properties":{"name":"Tonkin Highway Extension","kind":"road_construction","operator":"","description":""}},{"type":"Feature","geometry":{"type":"LineString","coordinates":[[115.97388,-32.23544],[115.97378,-32.23657],[115.9738,-32.2378],[115.97394,-32.24776],[115.97378,-32.24927],[115.97312,-32.25105],[115.97086,-32.26136],[115.97077,-32.26201],[115.97048,-32.26408],[115.97025,-32.26496],[115.97011,-32.26539],[115.96994,-32.26589],[115.96976,-32.26716],[115.96974,-32.26769]]},"properties":{"name":"Tonkin Highway Extension","kind":"road_construction","operator":"","description":""}},{"type":"Feature","geometry":{"type":"LineString","coordinates":[[116.0151,-31.92131],[116.01416,-31.91934],[116.01363,-31.91889],[116.01308,-31.91854],[116.01241,-31.91829],[116.01164,-31.91809],[116.01065,-31.91787],[116.00904,-31.91767]]},"properties":{"name":"Great Eastern Highway Bypass","kind":"road_proposed","operator":"","description":""}},{"type":"Feature","geometry":{"type":"LineString","coordinates":[[116.01556,-31.91243],[116.01556,-31.91282],[116.01554,-31.91359],[116.01555,-31.91377],[116.01557,-31.91391],[116.01581,-31.91461],[116.01613,-31.91542],[116.01635,-31.91599],[116.01652,-31.91649],[116.01651,-31.91684],[116.01645,-31.91701],[116.01638,-31.91716],[116.01628,-31.91727],[116.01617,-31.9174],[116.01601,-31.91751],[116.01577,-31.91762],[116.01492,-31.91768]]},"properties":{"name":"Great Eastern Highway Bypass","kind":"road_proposed","operator":"","description":""}},{"type":"Feature","geometry":{"type":"Point","coordinates":[115.81705,-31.96926]},"properties":{"name":"Perth Children's Hospital","kind":"hospital","operator":""}},{"type":"Feature","geometry":{"type":"LineString","coordinates":[[115.99713,-31.92722],[115.99732,-31.92686],[115.99735,-31.92678],[115.99748,-31.9265],[115.99764,-31.9261],[115.99792,-31.92545],[115.99822,-31.92476],[115.99845,-31.92417],[115.9987,-31.92344],[115.99896,-31.92264],[115.99924,-31.92178]]},"properties":{"name":"Abernethy Road","kind":"road_proposed","operator":"","description":""}},{"type":"Feature","geometry":{"type":"LineString","coordinates":[[116.01495,-31.91744],[116.01563,-31.91732],[116.01598,-31.9172],[116.01624,-31.91698],[116.01636,-31.9168],[116.01641,-31.9166],[116.01638,-31.9164],[116.01627,-31.91621],[116.01608,-31.91605],[116.01589,-31.91597],[116.01566,-31.91594],[116.0154,-31.91597],[116.01517,-31.91608],[116.015,-31.91625],[116.01491,-31.91645],[116.0149,-31.91667],[116.01487,-31.91725]]},"properties":{"name":"Great Eastern Highway Bypass","kind":"road_proposed","operator":"","description":""}},{"type":"Feature","geometry":{"type":"LineString","coordinates":[[116.00965,-31.91752],[116.01145,-31.91727],[116.01235,-31.91695],[116.01311,-31.91652],[116.0139,-31.91571],[116.01465,-31.91445],[116.01507,-31.91304],[116.01558,-31.91115]]},"properties":{"name":"Great Eastern Highway Bypass","kind":"road_proposed","operator":"","description":""}},{"type":"Feature","geometry":{"type":"LineString","coordinates":[[115.99665,-32.01231],[115.99634,-32.01132],[115.99621,-32.01048],[115.99618,-32.00929],[115.99621,-32.00843],[115.99627,-32.00781],[115.99639,-32.00738],[115.99654,-32.0069],[115.99701,-32.00578],[115.99725,-32.00517],[115.9975,-32.00423],[115.99757,-32.00351],[115.99757,-32.00244]]},"properties":{"name":"Tonkin Highway Corridor Upgrade Stage 1","kind":"road_proposed","operator":"","description":""}},{"type":"Feature","geometry":{"type":"LineString","coordinates":[[115.9969,-32.01226],[115.99675,-32.01136],[115.99675,-32.0107],[115.99689,-32.00995],[115.99734,-32.00847],[115.99747,-32.00818],[115.99763,-32.00758],[115.99789,-32.00666],[115.99798,-32.00603],[115.99802,-32.0048],[115.99793,-32.0037],[115.99791,-32.00333]]},"properties":{"name":"Tonkin Highway Corridor Upgrade Stage 1","kind":"road_proposed","operator":"","description":""}},{"type":"Feature","geometry":{"type":"LineString","coordinates":[[115.99641,-32.0112],[115.99639,-32.00951],[115.99653,-32.00839],[115.99672,-32.00746],[115.99722,-32.00599],[115.99745,-32.0053],[115.99761,-32.00469],[115.99769,-32.00397]]},"properties":{"name":"Tonkin Highway Corridor Upgrade Stage 1","kind":"road_proposed","operator":"","description":""}},{"type":"Feature","geometry":{"type":"LineString","coordinates":[[115.99661,-32.0109],[115.99668,-32.00934],[115.99682,-32.00827],[115.997,-32.00745],[115.99745,-32.00597],[115.99774,-32.00486],[115.99781,-32.0044],[115.99793,-32.0037]]},"properties":{"name":"Tonkin Highway Corridor Upgrade Stage 1","kind":"road_proposed","operator":"","description":""}},{"type":"Feature","geometry":{"type":"LineString","coordinates":[[115.99513,-31.99755],[115.99459,-31.99712],[115.99397,-31.99655],[115.99285,-31.99553],[115.9914,-31.99415],[115.99138,-31.99413],[115.99026,-31.9931],[115.989,-31.99187],[115.98757,-31.99039],[115.98669,-31.9894]]},"properties":{"name":"Tonkin Highway Corridor Upgrade Stage 1","kind":"road_proposed","operator":"","description":""}},{"type":"Feature","geometry":{"type":"LineString","coordinates":[[115.99298,-31.99601],[115.99273,-31.99579],[115.99249,-31.99559],[115.99225,-31.9953],[115.99208,-31.99503],[115.99197,-31.99487],[115.99178,-31.99462],[115.9914,-31.99415]]},"properties":{"name":"Tonkin Highway Corridor Upgrade Stage 1","kind":"road_proposed","operator":"","description":""}},{"type":"Feature","geometry":{"type":"LineString","coordinates":[[116.02859,-31.875],[116.02886,-31.87356],[116.02945,-31.87198],[116.0303,-31.87048],[116.03203,-31.8682],[116.0333,-31.86648],[116.03542,-31.86327],[116.03732,-31.86086],[116.03887,-31.8594],[116.03892,-31.85936]]},"properties":{"name":"East Link WA Proposal","kind":"road_proposed","operator":"","description":""}},{"type":"Feature","geometry":{"type":"LineString","coordinates":[[116.02833,-31.87821],[116.02809,-31.87714],[116.02771,-31.87622],[116.0273,-31.8755],[116.02702,-31.87509],[116.02682,-31.87461],[116.02678,-31.87406],[116.02692,-31.87357],[116.02705,-31.87315],[116.02732,-31.87268],[116.0277,-31.87219],[116.02798,-31.8719],[116.02811,-31.87175],[116.02885,-31.87098],[116.02976,-31.87001],[116.03051,-31.86942],[116.03055,-31.86938],[116.03214,-31.86769],[116.03325,-31.86607],[116.03372,-31.86539],[116.03546,-31.86275],[116.03707,-31.86078]]},"properties":{"name":"East Link WA Proposal","kind":"road_proposed","operator":"","description":""}},{"type":"Feature","geometry":{"type":"LineString","coordinates":[[116.03741,-31.86044],[116.03888,-31.85871],[116.0395,-31.85798],[116.04037,-31.85712],[116.04112,-31.85672],[116.04172,-31.85651],[116.04236,-31.8564],[116.04307,-31.8564],[116.0438,-31.85638],[116.04453,-31.85629],[116.04507,-31.85615],[116.04609,-31.85587]]},"properties":{"name":"East Link WA Proposal","kind":"road_proposed","operator":"","description":""}},{"type":"Feature","geometry":{"type":"LineString","coordinates":[[116.03887,-31.8594],[116.03965,-31.85809],[116.04048,-31.85724],[116.04121,-31.85686],[116.04196,-31.85662],[116.04251,-31.85656],[116.04337,-31.85654],[116.04415,-31.85646],[116.04511,-31.85625]]},"properties":{"name":"East Link WA Proposal","kind":"road_proposed","operator":"","description":""}},{"type":"Feature","geometry":{"type":"LineString","coordinates":[[116.04591,-31.85594],[116.04843,-31.85583],[116.05022,-31.85595],[116.05408,-31.85665],[116.0555,-31.85684],[116.0566,-31.85687],[116.05794,-31.85675],[116.05922,-31.85646],[116.06013,-31.85607],[116.06117,-31.85563],[116.06209,-31.85492],[116.06353,-31.85351],[116.06528,-31.85132],[116.06672,-31.84943],[116.06715,-31.84883],[116.06955,-31.84538]]},"properties":{"name":"East Link WA Proposal","kind":"road_proposed","operator":"","description":""}},{"type":"Feature","geometry":{"type":"LineString","coordinates":[[116.0715,-31.84383],[116.06971,-31.84615],[116.06863,-31.84779],[116.06762,-31.84938],[116.06701,-31.85004],[116.06581,-31.85134],[116.06423,-31.8536],[116.06284,-31.85506],[116.0611,-31.85619],[116.0598,-31.8567],[116.05852,-31.85699],[116.0573,-31.85728],[116.05532,-31.85727],[116.05007,-31.85638],[116.04707,-31.85617],[116.04473,-31.8564]]},"properties":{"name":"East Link WA Proposal","kind":"road_proposed","operator":"","description":""}},{"type":"Feature","geometry":{"type":"LineString","coordinates":[[116.06715,-31.84883],[116.07143,-31.84504],[116.0759,-31.84007],[116.07652,-31.83938],[116.07803,-31.83763],[116.08008,-31.83584],[116.08142,-31.83485],[116.08389,-31.83359],[116.08542,-31.83299],[116.08745,-31.83254],[116.08913,-31.83237],[116.09206,-31.83241],[116.09391,-31.83247],[116.0969,-31.83245],[116.09889,-31.83215],[116.10119,-31.83164],[116.1042,-31.83068],[116.1142,-31.82606],[116.11523,-31.8255],[116.12158,-31.82208],[116.12566,-31.81971],[116.12784,-31.81868],[116.12957,-31.81798],[116.1335,-31.81707],[116.13454,-31.81689],[116.13682,-31.81648],[116.13876,-31.8162],[116.14309,-31.81608],[116.14804,-31.81608],[116.1523,-31.81577],[116.15738,-31.81498],[116.15946,-31.81419],[116.16099,-31.81363],[116.16487,-31.81196],[116.16917,-31.80913],[116.17121,-31.80706],[116.17145,-31.80682],[116.17311,-31.80483],[116.17489,-31.80267],[116.17612,-31.80158],[116.1781,-31.80021],[116.18223,-31.7978],[116.18469,-31.79641],[116.18574,-31.79583],[116.1895,-31.79378],[116.19341,-31.79157],[116.1958,-31.79023],[116.19865,-31.78893],[116.20146,-31.78835],[116.20431,-31.78798],[116.20657,-31.78793],[116.21308,-31.78815],[116.21435,-31.78801],[116.21554,-31.78789],[116.22077,-31.78599],[116.22378,-31.78495],[116.22804,-31.78398],[116.2342,-31.78343],[116.23795,-31.78367],[116.23896,-31.78374],[116.24476,-31.78456],[116.24874,-31.78528],[116.2532,-31.78554],[116.25808,-31.78549]]},"properties":{"name":"East Link WA Proposal","kind":"road_proposed","operator":"","description":""}},{"type":"Feature","geometry":{"type":"LineString","coordinates":[[116.25809,-31.78579],[116.25333,-31.78597],[116.24879,-31.78567],[116.24476,-31.78494],[116.23903,-31.78412],[116.23428,-31.78384],[116.22812,-31.7844],[116.22383,-31.78543],[116.22089,-31.78636],[116.21974,-31.78676],[116.21565,-31.7882],[116.21306,-31.78847],[116.20738,-31.78827],[116.20484,-31.78835],[116.20273,-31.78857],[116.20006,-31.78904],[116.19733,-31.78993],[116.19371,-31.79193],[116.18428,-31.79714],[116.18224,-31.79827],[116.17755,-31.80096],[116.17554,-31.80265],[116.17184,-31.80721],[116.16954,-31.80937],[116.16905,-31.80971],[116.16697,-31.81114],[116.16524,-31.81217],[116.16299,-31.81323],[116.1576,-31.81539],[116.15505,-31.8158],[116.14964,-31.81658],[116.13878,-31.8167],[116.1344,-31.81727],[116.13351,-31.81747],[116.13119,-31.818],[116.12814,-31.81903],[116.1252,-31.8205],[116.12374,-31.82122],[116.11769,-31.82471],[116.11294,-31.82716],[116.10533,-31.83065],[116.10202,-31.83188],[116.09772,-31.83273],[116.09445,-31.83296],[116.09115,-31.83284],[116.08803,-31.833],[116.08589,-31.83338],[116.0839,-31.83403],[116.08359,-31.83418],[116.08234,-31.8348],[116.08057,-31.83615],[116.07853,-31.83779],[116.07522,-31.84184],[116.07277,-31.8446],[116.07137,-31.84605],[116.0706,-31.84668],[116.06951,-31.84765],[116.06849,-31.84859],[116.06701,-31.85004]]},"properties":{"name":"East Link WA Proposal","kind":"road_proposed","operator":"","description":""}},{"type":"Feature","geometry":{"type":"LineString","coordinates":[[116.28162,-31.78804],[116.28635,-31.78849],[116.29568,-31.78854],[116.30531,-31.78801],[116.30764,-31.78758],[116.30836,-31.78745],[116.3095,-31.78726],[116.31138,-31.78688],[116.31577,-31.78584],[116.32032,-31.78508],[116.32408,-31.78481],[116.32782,-31.78497],[116.3338,-31.78561],[116.336,-31.78565],[116.3375,-31.78568],[116.33931,-31.78571],[116.35,-31.7855],[116.35221,-31.78521],[116.35364,-31.78479],[116.3552,-31.78401],[116.3579,-31.78199],[116.35922,-31.78048],[116.35994,-31.77906],[116.36072,-31.77731],[116.36145,-31.77633],[116.36206,-31.77572],[116.36275,-31.77516],[116.36431,-31.77419],[116.36938,-31.7721],[116.3755,-31.769],[116.37908,-31.76706],[116.38485,-31.76453],[116.38577,-31.76414],[116.38675,-31.76372],[116.38849,-31.76297],[116.39218,-31.76105],[116.39396,-31.75973],[116.39741,-31.75731],[116.4013,-31.75598],[116.40383,-31.75538],[116.40467,-31.75541],[116.40551,-31.75544],[116.40611,-31.75546],[116.4109,-31.75643],[116.41405,-31.75726],[116.41686,-31.75834],[116.42008,-31.75953],[116.42215,-31.75987],[116.42538,-31.76015],[116.42957,-31.75999],[116.43456,-31.759],[116.44094,-31.75625],[116.44995,-31.7506],[116.45593,-31.74684],[116.45977,-31.74415],[116.46394,-31.74182],[116.46858,-31.74034],[116.47818,-31.73748],[116.48195,-31.736],[116.48694,-31.73392],[116.49293,-31.7307],[116.50034,-31.72637],[116.50424,-31.7244],[116.5049,-31.72407],[116.50848,-31.72227],[116.51121,-31.72115],[116.51349,-31.72028],[116.51645,-31.71964],[116.52224,-31.71864],[116.52638,-31.71812],[116.52708,-31.71804],[116.5283,-31.71788],[116.53136,-31.71749],[116.53292,-31.71718],[116.53469,-31.71657],[116.5457,-31.71329],[116.55715,-31.7098],[116.56133,-31.7071],[116.56587,-31.70272],[116.56761,-31.70038],[116.56866,-31.69837],[116.56931,-31.69715],[116.57033,-31.69599],[116.57168,-31.69492],[116.57405,-31.69345],[116.57671,-31.69234],[116.57922,-31.69169],[116.58146,-31.69137],[116.5852,-31.68999],[116.59048,-31.68767],[116.59495,-31.68588],[116.59648,-31.68496],[116.60083,-31.68163],[116.60614,-31.67722],[116.60911,-31.67468],[116.61182,-31.67287],[116.61584,-31.67069],[116.61898,-31.66896],[116.62871,-31.66248]]},"properties":{"name":"East Link WA Proposal","kind":"road_proposed","operator":"","description":""}},{"type":"Feature","geometry":{"type":"LineString","coordinates":[[116.62871,-31.66255],[116.61919,-31.66932],[116.6147,-31.67167],[116.61202,-31.6731],[116.6094,-31.67508],[116.59712,-31.685],[116.5952,-31.68627],[116.58481,-31.69067],[116.58163,-31.69183],[116.57937,-31.69223],[116.57791,-31.69248],[116.57514,-31.6934],[116.57346,-31.69424],[116.57135,-31.69582],[116.57024,-31.69692],[116.56948,-31.69804],[116.56775,-31.70099],[116.56672,-31.70249],[116.56574,-31.70364],[116.56185,-31.70747],[116.56006,-31.70854],[116.55833,-31.70953],[116.55612,-31.71042],[116.533,-31.71751],[116.5236,-31.71875],[116.52219,-31.71894],[116.52213,-31.71895],[116.51872,-31.7195],[116.51656,-31.71982],[116.51442,-31.72034],[116.51143,-31.72153],[116.5087,-31.72267],[116.50119,-31.72645],[116.4966,-31.72903],[116.48738,-31.73422],[116.4792,-31.73768],[116.47315,-31.73946],[116.46423,-31.74224],[116.46025,-31.74447],[116.44826,-31.75216],[116.44435,-31.75467],[116.44134,-31.7566],[116.44001,-31.75725],[116.43487,-31.75925],[116.42964,-31.76021],[116.4253,-31.76036],[116.42195,-31.76007],[116.41997,-31.75974],[116.41722,-31.75872],[116.41403,-31.75747],[116.40939,-31.75632],[116.40754,-31.75596],[116.40605,-31.75564],[116.4039,-31.75563],[116.40208,-31.7561],[116.39876,-31.75711],[116.39712,-31.75818],[116.39292,-31.76101],[116.39105,-31.76212],[116.389,-31.76326],[116.38696,-31.76413],[116.3859,-31.76459],[116.38502,-31.76497],[116.37987,-31.76723],[116.376,-31.76935],[116.36982,-31.77254],[116.36517,-31.77466],[116.36275,-31.77617],[116.36167,-31.77713],[116.36113,-31.77798],[116.36038,-31.77937],[116.35976,-31.78054],[116.35881,-31.78172],[116.35738,-31.78314],[116.35728,-31.78322],[116.35487,-31.78481],[116.35318,-31.78549],[116.35123,-31.78589],[116.34524,-31.78613],[116.33385,-31.78593],[116.33302,-31.78591],[116.33251,-31.78586],[116.32676,-31.78527],[116.32392,-31.78517],[116.3202,-31.78563],[116.31718,-31.7862],[116.31219,-31.78716],[116.31088,-31.78742],[116.31033,-31.78753],[116.30536,-31.7885],[116.29589,-31.78906],[116.28764,-31.78891],[116.28326,-31.78871],[116.28157,-31.78845]]},"properties":{"name":"East Link WA Proposal","kind":"road_proposed","operator":"","description":""}},{"type":"Feature","geometry":{"type":"LineString","coordinates":[[115.98185,-31.74381],[115.98194,-31.74321],[115.982,-31.74261],[115.98202,-31.74201],[115.98201,-31.7414],[115.982,-31.73944],[115.98176,-31.73722],[115.98124,-31.73386]]},"properties":{"name":"Tonkin Highway","kind":"road_proposed","operator":"","description":""}},{"type":"Feature","geometry":{"type":"LineString","coordinates":[[115.9829,-31.74099],[115.98283,-31.74113],[115.98279,-31.74121],[115.98276,-31.74129],[115.98275,-31.74132],[115.98273,-31.74138],[115.98271,-31.74147],[115.98269,-31.74156],[115.98261,-31.74236],[115.98258,-31.74252],[115.98255,-31.74269],[115.98252,-31.74285],[115.98248,-31.74301],[115.98244,-31.74317],[115.98239,-31.74334],[115.98234,-31.7435],[115.98229,-31.74366],[115.98223,-31.74382],[115.98191,-31.74472],[115.98172,-31.7452],[115.98162,-31.74549],[115.9815,-31.74578],[115.98137,-31.74606],[115.98123,-31.74634],[115.98108,-31.74661],[115.98066,-31.7473]]},"properties":{"name":"Tonkin Highway On Ramp","kind":"road_proposed","operator":"","description":""}},{"type":"Feature","geometry":{"type":"LineString","coordinates":[[115.9807,-31.74652],[115.98084,-31.74623],[115.98098,-31.74593],[115.98109,-31.74563],[115.9812,-31.74533],[115.98129,-31.74502],[115.98136,-31.74471],[115.98143,-31.7444],[115.98147,-31.74408],[115.98151,-31.74377],[115.98153,-31.74345],[115.98153,-31.74314],[115.98152,-31.74282],[115.9815,-31.7425],[115.98146,-31.74219],[115.98143,-31.74196],[115.98146,-31.74155],[115.98148,-31.74148],[115.98148,-31.7414],[115.98147,-31.74133],[115.98145,-31.74128],[115.98145,-31.74125],[115.98141,-31.74118],[115.98136,-31.74112],[115.98126,-31.74101]]},"properties":{"name":"The Promenade Exit","kind":"road_proposed","operator":"","description":""}},{"type":"Feature","geometry":{"type":"LineString","coordinates":[[115.98117,-31.74028],[115.98125,-31.74016],[115.9813,-31.74007],[115.98134,-31.73997],[115.98137,-31.73987],[115.98139,-31.73977],[115.9814,-31.73967],[115.98141,-31.73957],[115.98141,-31.73947],[115.98141,-31.7384],[115.98146,-31.73805],[115.98141,-31.73739],[115.98115,-31.73551],[115.98124,-31.73386]]},"properties":{"name":"Tonkin Highway On Ramp","kind":"road_proposed","operator":"","description":""}},{"type":"Feature","geometry":{"type":"LineString","coordinates":[[115.98142,-31.73391],[115.98235,-31.73671],[115.98243,-31.73772],[115.98249,-31.73805],[115.98269,-31.73914],[115.98272,-31.73928],[115.98273,-31.73939],[115.98273,-31.73949],[115.98271,-31.73958],[115.98269,-31.73966],[115.98268,-31.73974],[115.98269,-31.73982],[115.98271,-31.73989],[115.98274,-31.73997],[115.98283,-31.74015]]},"properties":{"name":"Birralee Road Exit","kind":"road_proposed","operator":"","description":""}},{"type":"Feature","geometry":{"type":"LineString","coordinates":[[115.67349,-31.62169],[115.6734,-31.62166],[115.67281,-31.62153],[115.67231,-31.62145],[115.67148,-31.62133],[115.67103,-31.6212],[115.67058,-31.621],[115.67031,-31.62072],[115.67011,-31.62037],[115.67006,-31.62003],[115.67011,-31.61972],[115.67022,-31.61944],[115.67038,-31.61918],[115.67048,-31.61913],[115.67054,-31.61913]]},"properties":{"name":"Painted Parkway","kind":"road_construction","operator":"","description":""}},{"type":"Feature","geometry":{"type":"LineString","coordinates":[[115.75314,-32.08058],[115.75315,-32.08062],[115.75315,-32.08072],[115.75314,-32.08089],[115.75315,-32.08096],[115.75318,-32.08112],[115.7532,-32.08124],[115.75322,-32.08143],[115.75323,-32.08159],[115.75322,-32.08177],[115.75319,-32.0821],[115.75318,-32.08213]]},"properties":{"name":"Ocean Drive","kind":"road_proposed","operator":"","description":""}},{"type":"Feature","geometry":{"type":"LineString","coordinates":[[115.81709,-31.79964],[115.81733,-31.79956],[115.8176,-31.79954],[115.81795,-31.79958],[115.8184,-31.7997],[115.81891,-31.79983],[115.81946,-31.80001],[115.81996,-31.80021],[115.82045,-31.8004],[115.82138,-31.80075],[115.82256,-31.80115],[115.82365,-31.80147],[115.82462,-31.80175],[115.82556,-31.80198],[115.82648,-31.80219],[115.82664,-31.80225],[115.82675,-31.80233],[115.82677,-31.8024]]},"properties":{"name":"Whitfords Ave","kind":"road_construction","operator":"","description":""}},{"type":"Feature","geometry":{"type":"LineString","coordinates":[[115.8266,-31.8024],[115.82659,-31.80236],[115.82656,-31.80234],[115.82646,-31.8023],[115.8262,-31.80226],[115.82557,-31.80214],[115.82489,-31.80198],[115.82418,-31.8018],[115.8234,-31.80159],[115.82238,-31.80126],[115.82113,-31.80081],[115.82025,-31.80045],[115.81889,-31.79995]]},"properties":{"name":"Whitfords Ave","kind":"road_construction","operator":"","description":""}},{"type":"Feature","geometry":{"type":"LineString","coordinates":[[115.97315,-32.21778],[115.97303,-32.21091],[115.97302,-32.21073],[115.97297,-32.21054],[115.97291,-32.21031],[115.97285,-32.21013],[115.97276,-32.20996],[115.97267,-32.20983],[115.97232,-32.20937],[115.97201,-32.20895],[115.97149,-32.20841],[115.97098,-32.20781]]},"properties":{"name":"Tonkin Highway Extension","kind":"road_construction","operator":"","description":""}},{"type":"Feature","geometry":{"type":"LineString","coordinates":[[115.97117,-32.20773],[115.97175,-32.20838],[115.97249,-32.20921],[115.97261,-32.20939],[115.97292,-32.20985],[115.97303,-32.21005],[115.97314,-32.21027],[115.97323,-32.2105],[115.97328,-32.21065],[115.97332,-32.21081],[115.97334,-32.21095],[115.97335,-32.21109],[115.97346,-32.21765]]},"properties":{"name":"Tonkin Highway Extension","kind":"road_construction","operator":"","description":""}},{"type":"Feature","geometry":{"type":"LineString","coordinates":[[115.97117,-32.20773],[115.97163,-32.20811],[115.97177,-32.20821],[115.97195,-32.20825],[115.97216,-32.20825],[115.97232,-32.20821],[115.97246,-32.20813],[115.97255,-32.20799],[115.97259,-32.20783],[115.97257,-32.20767],[115.97248,-32.2075],[115.97235,-32.20738],[115.97219,-32.20729],[115.972,-32.20722],[115.97167,-32.20718],[115.97128,-32.20714],[115.96994,-32.20707]]},"properties":{"name":"Thomas Road offramp","kind":"road_construction","operator":"","description":""}},{"type":"Feature","geometry":{"type":"LineString","coordinates":[[115.97234,-32.20696],[115.97258,-32.20733],[115.97268,-32.20754],[115.97271,-32.20771],[115.9727,-32.20793],[115.97261,-32.20814],[115.97251,-32.20835],[115.97241,-32.20855],[115.97241,-32.20872],[115.97243,-32.20893],[115.97261,-32.20939]]},"properties":{"name":"Tonkin Highway onramp","kind":"road_construction","operator":"","description":""}},{"type":"Feature","geometry":{"type":"LineString","coordinates":[[115.96754,-32.20711],[115.96857,-32.20689],[115.96877,-32.20676],[115.96894,-32.2066],[115.96903,-32.20637],[115.96906,-32.20609],[115.96899,-32.20571],[115.9688,-32.20524],[115.96834,-32.20449]]},"properties":{"name":"Tonkin Highway onramp","kind":"road_construction","operator":"","description":""}},{"type":"Feature","geometry":{"type":"LineString","coordinates":[[115.97101,-32.20804],[115.97051,-32.20738],[115.97013,-32.20675],[115.96996,-32.20648],[115.96977,-32.20627],[115.96965,-32.20621],[115.96947,-32.20621],[115.96928,-32.20625],[115.96917,-32.20633],[115.96908,-32.20647],[115.96904,-32.20663],[115.96906,-32.20672],[115.96912,-32.20679],[115.96921,-32.20685],[115.96939,-32.20691],[115.96958,-32.20693],[115.96997,-32.20696]]},"properties":{"name":"Thomas Road offramp","kind":"road_construction","operator":"","description":""}},{"type":"Feature","geometry":{"type":"LineString","coordinates":[[115.96934,-32.20517],[115.96988,-32.20558],[115.97026,-32.20586],[115.97056,-32.20614],[115.97076,-32.2064],[115.97088,-32.20656],[115.97114,-32.2067],[115.97148,-32.20678],[115.97181,-32.20683],[115.9725,-32.20696]]},"properties":{"name":"Thomas Road offramp","kind":"road_construction","operator":"","description":""}},{"type":"Feature","geometry":{"type":"LineString","coordinates":[[115.92552,-31.85215],[115.92568,-31.85223],[115.92574,-31.85225],[115.92586,-31.85229],[115.92615,-31.85232],[115.92587,-31.85236],[115.92572,-31.85239],[115.9257,-31.85239],[115.92561,-31.85246],[115.9255,-31.85255]]},"properties":{"name":"Beechboro Road North","kind":"road_construction","operator":"","description":""}},{"type":"Feature","geometry":{"type":"LineString","coordinates":[[115.97737,-32.17072],[115.97736,-32.1708],[115.97725,-32.17101],[115.97717,-32.17108],[115.97677,-32.17133],[115.97667,-32.17134],[115.97658,-32.17128],[115.97598,-32.17059],[115.97486,-32.16927],[115.97477,-32.16911],[115.9746,-32.16869],[115.97453,-32.16853]]},"properties":{"name":"Brikenhead Road","kind":"road_construction","operator":"","description":""}},{"type":"Feature","geometry":{"type":"LineString","coordinates":[[115.79428,-32.08431],[115.7943,-32.08421],[115.79438,-32.08398],[115.79453,-32.08378],[115.79495,-32.08362],[115.79526,-32.08357],[115.79539,-32.08351],[115.79541,-32.0835],[115.79548,-32.08343],[115.79555,-32.08331],[115.79557,-32.08318],[115.79556,-32.08307],[115.79554,-32.08296]]},"properties":{"name":"Kwenda Approach","kind":"road_construction","operator":"","description":""}},{"type":"Feature","geometry":{"type":"LineString","coordinates":[[115.97389,-32.21903],[115.97388,-32.21917],[115.97381,-32.21931],[115.97375,-32.21936],[115.97369,-32.21941],[115.97354,-32.21949],[115.97337,-32.21951],[115.97319,-32.21949],[115.97303,-32.21942],[115.97291,-32.21931],[115.97285,-32.21917],[115.97283,-32.21902],[115.97288,-32.21887],[115.97298,-32.21875],[115.97313,-32.21866],[115.97329,-32.21862],[115.97346,-32.21863],[115.97362,-32.21868],[115.97375,-32.21877],[115.97385,-32.21889],[115.97389,-32.21903]]},"properties":{"name":"Tonkin Highway Extension","kind":"road_construction","operator":"","description":""}},{"type":"Feature","geometry":{"type":"LineString","coordinates":[[115.97346,-32.21765],[115.97356,-32.21797],[115.97368,-32.2184],[115.97376,-32.2186],[115.9739,-32.21878],[115.97407,-32.21887],[115.97439,-32.21902],[115.97504,-32.21922]]},"properties":{"name":"Abernethy Road realignment","kind":"road_construction","operator":"","description":""}},{"type":"Feature","geometry":{"type":"LineString","coordinates":[[115.97166,-32.21925],[115.97241,-32.21896],[115.97262,-32.21883],[115.97278,-32.21871],[115.97293,-32.21854],[115.97301,-32.2184],[115.97305,-32.21827],[115.97308,-32.21812],[115.97315,-32.21778]]},"properties":{"name":"Abernethy Road realignment","kind":"road_construction","operator":"","description":""}},{"type":"Feature","geometry":{"type":"LineString","coordinates":[[115.97293,-32.22039],[115.97289,-32.22022],[115.97282,-32.22018],[115.97274,-32.22016],[115.97264,-32.22016],[115.96982,-32.22102],[115.96971,-32.22103],[115.96959,-32.22101],[115.9695,-32.22097],[115.96938,-32.22087],[115.96924,-32.22067],[115.96887,-32.21988]]},"properties":{"name":"Tonkin Highway Extension and Thomas Road Upgrade","kind":"road_proposed","operator":"","description":""}},{"type":"Feature","geometry":{"type":"LineString","coordinates":[[116.00461,-32.31126],[116.00442,-32.31109],[116.00383,-32.31076],[116.00304,-32.31043],[115.99726,-32.30826],[115.99582,-32.30766],[115.99485,-32.30737],[115.98432,-32.30594],[115.98356,-32.30581],[115.9829,-32.30566]]},"properties":{"name":"Tonkin Highway Extension","kind":"road_construction","operator":"","description":""}},{"type":"Feature","geometry":{"type":"LineString","coordinates":[[115.98301,-32.30541],[115.98359,-32.3056],[115.98397,-32.30569],[115.98442,-32.30578],[115.99476,-32.30721],[115.99556,-32.3074],[115.99627,-32.30764],[116.00313,-32.31019],[116.00391,-32.31041],[116.00491,-32.31055]]},"properties":{"name":"Tonkin Highway Extension","kind":"road_construction","operator":"","description":""}},{"type":"Feature","geometry":{"type":"LineString","coordinates":[[115.97112,-32.29761],[115.97124,-32.29747],[115.97144,-32.29736],[115.97166,-32.29732],[115.97189,-32.29735],[115.97209,-32.29744],[115.97225,-32.29759],[115.97233,-32.29777],[115.97234,-32.29796],[115.97228,-32.29813],[115.97216,-32.29828],[115.972,-32.29838],[115.9718,-32.29844],[115.97159,-32.29844],[115.97139,-32.29839],[115.97122,-32.29829],[115.9711,-32.29815],[115.97103,-32.29798],[115.97103,-32.29781],[115.97112,-32.29761]]},"properties":{"name":"Tonkin Highway Extension","kind":"road_construction","operator":"","description":""}},{"type":"Feature","geometry":{"type":"LineString","coordinates":[[115.97103,-32.29484],[115.97121,-32.29589],[115.97142,-32.29643],[115.9717,-32.29692],[115.97208,-32.29726],[115.9726,-32.29752],[115.97301,-32.29774],[115.97384,-32.29795]]},"properties":{"name":"Mundijong Road offramp","kind":"road_construction","operator":"","description":""}},{"type":"Feature","geometry":{"type":"LineString","coordinates":[[115.97225,-32.29759],[115.97235,-32.29765],[115.97247,-32.2977],[115.97257,-32.29773],[115.97276,-32.29779],[115.97334,-32.29788],[115.97384,-32.29795],[115.97467,-32.29805],[115.97606,-32.29822],[115.97661,-32.29831],[115.97782,-32.29854],[115.97838,-32.29864],[115.9796,-32.29882]]},"properties":{"name":"Mundijong Road realignment","kind":"road_construction","operator":"","description":""}},{"type":"Feature","geometry":{"type":"LineString","coordinates":[[115.97417,-32.29983],[115.97353,-32.29949],[115.97295,-32.29915],[115.97221,-32.29884],[115.97126,-32.29852],[115.97073,-32.29829],[115.97008,-32.29802],[115.96908,-32.29773],[115.96846,-32.29763],[115.96772,-32.29753],[115.96704,-32.2974],[115.96656,-32.29731],[115.96593,-32.29721]]},"properties":{"name":"Mundijong Road offramp","kind":"road_construction","operator":"","description":""}},{"type":"Feature","geometry":{"type":"LineString","coordinates":[[115.97606,-32.29841],[115.9748,-32.29831],[115.97331,-32.29816],[115.9727,-32.29807],[115.97263,-32.29807],[115.97256,-32.29807],[115.97246,-32.29808],[115.97236,-32.2981],[115.97232,-32.29811],[115.97228,-32.29813]]},"properties":{"name":"Mundijong Road realignment","kind":"road_construction","operator":"","description":""}},{"type":"Feature","geometry":{"type":"LineString","coordinates":[[115.97308,-32.23429],[115.97289,-32.23411],[115.97279,-32.23389],[115.97278,-32.23365],[115.97287,-32.23342],[115.97304,-32.23323],[115.97328,-32.2331],[115.97356,-32.23305],[115.97382,-32.23307],[115.97406,-32.23316],[115.97426,-32.23331],[115.97439,-32.23351],[115.97443,-32.23373],[115.9744,-32.23395],[115.97428,-32.23415],[115.9741,-32.23431],[115.97386,-32.23442],[115.9736,-32.23445],[115.97332,-32.23441],[115.97308,-32.23429]]},"properties":{"name":"Tonkin Highway Extension","kind":"road_construction","operator":"","description":""}},{"type":"Feature","geometry":{"type":"LineString","coordinates":[[115.97426,-32.23331],[115.97458,-32.23347],[115.97487,-32.23355],[115.97519,-32.23366],[115.97583,-32.23399],[115.97659,-32.23445],[115.97736,-32.23489],[115.97854,-32.23533],[115.97966,-32.23553],[115.98081,-32.23566]]},"properties":{"name":"Orton Road alignment","kind":"road_construction","operator":"","description":""}},{"type":"Feature","geometry":{"type":"LineString","coordinates":[[115.96803,-32.23574],[115.96833,-32.2357],[115.96862,-32.23564],[115.96892,-32.23557],[115.96932,-32.23543],[115.96978,-32.23526],[115.97003,-32.23514],[115.97124,-32.23454],[115.97167,-32.23426],[115.97202,-32.23406],[115.97216,-32.23399],[115.97235,-32.23392],[115.9725,-32.23384],[115.97265,-32.23375],[115.97278,-32.23365]]},"properties":{"name":"Orton Road alignment","kind":"road_construction","operator":"","description":""}},{"type":"Feature","geometry":{"type":"LineString","coordinates":[[115.97308,-32.23429],[115.97284,-32.23415],[115.97271,-32.23413],[115.97258,-32.23412],[115.97245,-32.23411],[115.9723,-32.23413],[115.97217,-32.23417],[115.97196,-32.23427],[115.97167,-32.23445],[115.97108,-32.2348],[115.9703,-32.23518],[115.96982,-32.2354],[115.96949,-32.23553],[115.96918,-32.23563],[115.96894,-32.23569],[115.96869,-32.23574]]},"properties":{"name":"Orton Road alignment","kind":"road_construction","operator":"","description":""}},{"type":"Feature","geometry":{"type":"LineString","coordinates":[[115.97334,-32.23517],[115.9732,-32.23482],[115.97305,-32.23464],[115.97289,-32.23453],[115.97276,-32.23444],[115.97258,-32.23438],[115.97242,-32.23436],[115.97224,-32.23436],[115.97205,-32.23439],[115.97187,-32.23445],[115.97153,-32.23459],[115.97108,-32.2348]]},"properties":{"name":"Tonkin Highway Extension and Thomas Road Upgrade","kind":"road_construction","operator":"","description":""}},{"type":"Feature","geometry":{"type":"LineString","coordinates":[[115.98,-32.23566],[115.97892,-32.23556],[115.97817,-32.23541],[115.97736,-32.23509],[115.97666,-32.23473],[115.97604,-32.23432],[115.97561,-32.23406],[115.97537,-32.23397],[115.97514,-32.23392],[115.97492,-32.23392],[115.9747,-32.23394],[115.97447,-32.23403],[115.97428,-32.23415]]},"properties":{"name":"Tonkin Highway Extension and Thomas Road Upgrade","kind":"road_construction","operator":"","description":""}},{"type":"Feature","geometry":{"type":"LineString","coordinates":[[115.97604,-32.23432],[115.97573,-32.23426],[115.9755,-32.23425],[115.97525,-32.23427],[115.97501,-32.23434],[115.97474,-32.23445],[115.97449,-32.23457],[115.97427,-32.23474],[115.97408,-32.23502],[115.97388,-32.23544]]},"properties":{"name":"Tonkin Highway Extension and Thomas Road Upgrade","kind":"road_construction","operator":"","description":""}},{"type":"Feature","geometry":{"type":"LineString","coordinates":[[115.97159,-32.26934],[115.97151,-32.26926],[115.97146,-32.26916],[115.97145,-32.26905],[115.97149,-32.26895],[115.97157,-32.26886],[115.97167,-32.2688],[115.9718,-32.26878],[115.97191,-32.26879],[115.97202,-32.26883],[115.97211,-32.26889],[115.97217,-32.26898],[115.97219,-32.26908],[115.97218,-32.26918],[115.97213,-32.26927],[115.97205,-32.26934],[115.97195,-32.26939],[115.97183,-32.26941],[115.9717,-32.26939],[115.97159,-32.26934]]},"properties":{"name":"Bishop Road realignment","kind":"road_construction","operator":"","description":""}},{"type":"Feature","geometry":{"type":"LineString","coordinates":[[115.96703,-32.26932],[115.96694,-32.26924],[115.96689,-32.26914],[115.96689,-32.26903],[115.96693,-32.26893],[115.967,-32.26884],[115.96711,-32.26879],[115.96723,-32.26876],[115.96735,-32.26877],[115.96746,-32.26881],[115.96755,-32.26888],[115.96761,-32.26896],[115.96763,-32.26906],[115.96762,-32.26916],[115.96757,-32.26925],[115.96749,-32.26932],[115.96738,-32.26937],[115.96727,-32.26939],[115.96714,-32.26937],[115.96703,-32.26932]]},"properties":{"name":"Bishop Road realignment","kind":"road_construction","operator":"","description":""}},{"type":"Feature","geometry":{"type":"LineString","coordinates":[[115.97566,-32.26862],[115.9753,-32.26863],[115.97492,-32.26866],[115.97462,-32.26868],[115.97421,-32.26871],[115.97358,-32.26877],[115.9732,-32.26881],[115.97256,-32.26893],[115.97218,-32.26918]]},"properties":{"name":"Bishop Road realignment","kind":"road_construction","operator":"","description":""}},{"type":"Feature","geometry":{"type":"LineString","coordinates":[[115.96749,-32.26932],[115.96736,-32.26965],[115.96741,-32.26997],[115.96763,-32.27027],[115.96788,-32.2704],[115.96814,-32.27049],[115.9685,-32.27054],[115.96889,-32.27044],[115.96916,-32.27017],[115.96927,-32.26996]]},"properties":{"name":"Tonkin Highway onramp","kind":"road_construction","operator":"","description":""}},{"type":"Feature","geometry":{"type":"LineString","coordinates":[[115.9699,-32.26997],[115.97002,-32.27018],[115.9703,-32.27044],[115.97069,-32.27053],[115.971,-32.27048],[115.97127,-32.2704],[115.97148,-32.27027],[115.97169,-32.26992],[115.97173,-32.26967],[115.97159,-32.26934]]},"properties":{"name":"Bishop Roaf offramp","kind":"road_construction","operator":"","description":""}},{"type":"Feature","geometry":{"type":"LineString","coordinates":[[115.96948,-32.2745],[115.96926,-32.2735],[115.96902,-32.27275],[115.96853,-32.27214],[115.968,-32.27163],[115.96738,-32.27098],[115.96709,-32.27019],[115.96703,-32.26967],[115.96694,-32.26924]]},"properties":{"name":"Bishop Roaf offramp","kind":"road_construction","operator":"","description":""}},{"type":"Feature","geometry":{"type":"LineString","coordinates":[[115.97213,-32.26927],[115.97202,-32.27032],[115.97171,-32.27105],[115.97132,-32.27168],[115.97092,-32.27218],[115.9703,-32.27283],[115.97001,-32.27363],[115.96997,-32.27415],[115.96992,-32.27448]]},"properties":{"name":"Tonkin Highway onramp","kind":"road_construction","operator":"","description":""}},{"type":"Feature","geometry":{"type":"LineString","coordinates":[[116.00488,-32.31159],[116.00471,-32.31144],[116.00461,-32.31126],[116.00458,-32.31106],[116.00462,-32.31086],[116.00464,-32.31083],[116.00473,-32.31069],[116.00491,-32.31055],[116.00512,-32.31046],[116.00536,-32.31044],[116.00562,-32.31048],[116.00584,-32.3106],[116.006,-32.31077],[116.00608,-32.31098],[116.00608,-32.3112],[116.00598,-32.31141],[116.00581,-32.31157],[116.00558,-32.31168],[116.00533,-32.31172],[116.00509,-32.31168],[116.00488,-32.31159]]},"properties":{"name":"New South Western Highway roundabout","kind":"road_construction","operator":"","description":""}},{"type":"Feature","geometry":{"type":"LineString","coordinates":[[116.0063,-32.30863],[116.00622,-32.30856],[116.00618,-32.30847],[116.00617,-32.30837],[116.0062,-32.30827],[116.00626,-32.30818],[116.00636,-32.30812],[116.00647,-32.30809],[116.00659,-32.30808],[116.00671,-32.30812],[116.00681,-32.30818],[116.00687,-32.30827],[116.00691,-32.30837],[116.00689,-32.30847],[116.00684,-32.30857],[116.00676,-32.30865],[116.00664,-32.30869],[116.00652,-32.30871],[116.0064,-32.30868],[116.0063,-32.30863]]},"properties":{"name":"New South Western Highway roundabout","kind":"road_construction","operator":"","description":""}},{"type":"Feature","geometry":{"type":"LineString","coordinates":[[116.0048,-32.3161],[116.00483,-32.31576],[116.00486,-32.31523],[116.0049,-32.31467],[116.00494,-32.31404],[116.00505,-32.31334],[116.00505,-32.31248],[116.00488,-32.31159]]},"properties":{"name":"New South Western Highway roundabout","kind":"road_construction","operator":"","description":""}},{"type":"Feature","geometry":{"type":"Point","coordinates":[115.82288,-31.97381]},"properties":{"name":"University","kind":"university","operator":""}},{"type":"Feature","geometry":{"type":"LineString","coordinates":[[115.66956,-31.56897],[115.66968,-31.56892],[115.67044,-31.5689],[115.67049,-31.5689],[115.67056,-31.56967],[115.6708,-31.5705],[115.67077,-31.57108],[115.67076,-31.57112],[115.67063,-31.57178],[115.67048,-31.5725],[115.67038,-31.57314],[115.67009,-31.575],[115.67008,-31.57505]]},"properties":{"name":"Twilight Avenue","kind":"road_construction","operator":"","description":""}},{"type":"Feature","geometry":{"type":"Point","coordinates":[115.8961,-32.00764]},"properties":{"name":"316 Sciences","kind":"university_construction","operator":""}},{"type":"Feature","geometry":{"type":"LineString","coordinates":[[115.95581,-31.86073],[115.95616,-31.86076],[115.95672,-31.86082],[115.95715,-31.8609],[115.95762,-31.86103],[115.95814,-31.86122],[115.95831,-31.86128],[115.95854,-31.86135],[115.95893,-31.86143],[115.95956,-31.86155],[115.96092,-31.8618],[115.96129,-31.8619],[115.96174,-31.86207],[115.96229,-31.86235],[115.96244,-31.86239],[115.9626,-31.86239],[115.96265,-31.86238],[115.96267,-31.86237],[115.96278,-31.86233],[115.96334,-31.86211],[115.9636,-31.86204],[115.96377,-31.86202],[115.96384,-31.86201],[115.96393,-31.86203],[115.96408,-31.86205],[115.96423,-31.86207]]},"properties":{"name":"Reid Highway PSP","kind":"road_construction","operator":"","description":""}},{"type":"Feature","geometry":{"type":"LineString","coordinates":[[115.8806,-31.76293],[115.88072,-31.76298],[115.88081,-31.76306],[115.88087,-31.76316],[115.88089,-31.76327],[115.88086,-31.76338],[115.8808,-31.76348],[115.8807,-31.76355],[115.88058,-31.76359],[115.88045,-31.7636],[115.88032,-31.76357]]},"properties":{"name":"Whitman Yanchep Highway","kind":"road_proposed","operator":"","description":""}},{"type":"Feature","geometry":{"type":"LineString","coordinates":[[115.87836,-31.76403],[115.87825,-31.76397],[115.87817,-31.76388],[115.87813,-31.76378],[115.87813,-31.76366],[115.87818,-31.76356],[115.87826,-31.76347],[115.87837,-31.76341],[115.8785,-31.76338],[115.87864,-31.76339]]},"properties":{"name":"Whitman Yanchep Highway","kind":"road_proposed","operator":"","description":""}},{"type":"Feature","geometry":{"type":"LineString","coordinates":[[115.85063,-31.69083],[115.8511,-31.69081],[115.85141,-31.69084],[115.85168,-31.69098],[115.85187,-31.69122],[115.85195,-31.69144],[115.85192,-31.69169],[115.85186,-31.69182],[115.85174,-31.69195],[115.85152,-31.69208],[115.85134,-31.69215],[115.85092,-31.69225],[115.85054,-31.69227],[115.85026,-31.69227],[115.85003,-31.69222],[115.84986,-31.69212],[115.84966,-31.69195],[115.84956,-31.69174],[115.84954,-31.69151],[115.84961,-31.69129],[115.84978,-31.69109],[115.85,-31.69095],[115.85027,-31.69088],[115.85063,-31.69083]]},"properties":{"name":"Flynn Drive","kind":"road_proposed","operator":"","description":""}},{"type":"Feature","geometry":{"type":"LineString","coordinates":[[115.81924,-31.68596],[115.82114,-31.68593],[115.82315,-31.68592],[115.82747,-31.68591],[115.83006,-31.68593],[115.83398,-31.68634],[115.83737,-31.6873],[115.83995,-31.68855],[115.84257,-31.68999],[115.84478,-31.69126],[115.84567,-31.69163],[115.84649,-31.69175],[115.84731,-31.69171],[115.84903,-31.69155],[115.84943,-31.69141],[115.84961,-31.69129]]},"properties":{"name":"Flynn Drive","kind":"road_proposed","operator":"","description":""}},{"type":"Feature","geometry":{"type":"LineString","coordinates":[[115.84966,-31.69195],[115.84936,-31.69183],[115.84891,-31.69179],[115.84657,-31.69198],[115.84633,-31.69197],[115.84561,-31.69183],[115.8447,-31.69142],[115.8399,-31.68873],[115.83722,-31.68745],[115.83393,-31.68653],[115.83009,-31.68611],[115.81924,-31.68614]]},"properties":{"name":"Flynn Drive","kind":"road_proposed","operator":"","description":""}},{"type":"Feature","geometry":{"type":"LineString","coordinates":[[115.85168,-31.69098],[115.85197,-31.69114],[115.85257,-31.69124],[115.85487,-31.69111],[115.85732,-31.69096],[115.87755,-31.6909],[115.87832,-31.69083],[115.87937,-31.69052]]},"properties":{"name":"Flynn Drive","kind":"road_proposed","operator":"","description":""}},{"type":"Feature","geometry":{"type":"LineString","coordinates":[[115.95547,-31.84199],[115.95545,-31.84196],[115.95543,-31.84195],[115.95506,-31.84163]]},"properties":{"name":"Planned/under construction","kind":"rail_construction","operator":"","description":""}},{"type":"Feature","geometry":{"type":"LineString","coordinates":[[116.00408,-32.02735],[116.00434,-32.02756],[116.00483,-32.02799],[116.00551,-32.02853],[116.0061,-32.02898],[116.00662,-32.02938],[116.00668,-32.02943],[116.00689,-32.02962],[116.00725,-32.03007],[116.00787,-32.03088],[116.00828,-32.03158]]},"properties":{"name":"\u200b\u200b\u200b\u200b\u200b\u200b\u200b\u200b\u200b\u200b\u200b\u200bTonkin Highway Corridor Upgrage Stage 2","kind":"road_proposed","operator":"","description":""}},{"type":"Feature","geometry":{"type":"LineString","coordinates":[[116.00785,-32.03136],[116.00735,-32.03105],[116.00693,-32.03077],[116.00657,-32.03049],[116.00598,-32.03004],[116.00589,-32.02998],[116.00544,-32.02962],[116.005,-32.02913],[116.00451,-32.02857],[116.0042,-32.02804],[116.00383,-32.02736]]},"properties":{"name":"\u200b\u200b\u200b\u200b\u200b\u200b\u200b\u200b\u200b\u200b\u200b\u200bTonkin Highway Corridor Upgrage Stage 2","kind":"road_proposed","operator":"","description":""}},{"type":"Feature","geometry":{"type":"LineString","coordinates":[[115.99797,-31.91757],[115.99885,-31.91746],[115.99966,-31.91732],[116.00037,-31.91713],[116.00047,-31.9171],[116.00058,-31.91706],[116.00064,-31.91703],[116.00071,-31.91699],[116.00078,-31.91694],[116.00082,-31.91691],[116.00089,-31.91684],[116.00095,-31.91678]]},"properties":{"name":"Lloyd Street offramp","kind":"road_proposed","operator":"","description":""}},{"type":"Feature","geometry":{"type":"LineString","coordinates":[[116.00071,-31.91721],[116.00078,-31.91725],[116.00083,-31.91728],[116.00088,-31.91733],[116.0009,-31.91734],[116.00092,-31.91736],[116.00094,-31.91739],[116.00096,-31.91743],[116.00098,-31.91747]]},"properties":{"name":"Lloyd Street offramp","kind":"road_proposed","operator":"","description":""}},{"type":"Feature","geometry":{"type":"LineString","coordinates":[[116.00116,-31.91679],[116.00118,-31.91686],[116.00121,-31.91691],[116.00126,-31.91698],[116.0013,-31.91703],[116.00135,-31.91707],[116.00142,-31.9171],[116.00149,-31.91714],[116.00157,-31.91717],[116.00214,-31.91728],[116.00264,-31.91736],[116.00412,-31.91749]]},"properties":{"name":"Great Eastern Highway Bypass onramp","kind":"road_proposed","operator":"","description":""}},{"type":"Feature","geometry":{"type":"LineString","coordinates":[[116.00411,-31.91769],[116.0025,-31.91799],[116.00171,-31.91813],[116.00113,-31.91818],[116.00107,-31.91819],[116.00101,-31.91821],[116.00094,-31.91823],[116.00088,-31.91825],[116.00083,-31.91827],[116.00079,-31.9183],[116.00073,-31.91834],[116.00068,-31.91839]]},"properties":{"name":"Lloyd Street offramp","kind":"road_proposed","operator":"","description":""}},{"type":"Feature","geometry":{"type":"LineString","coordinates":[[116.00043,-31.91853],[116.00043,-31.9185],[116.00042,-31.91845],[116.00041,-31.91839],[116.00039,-31.91834],[116.00037,-31.9183],[116.00036,-31.91827],[116.00032,-31.91823],[116.00026,-31.91817],[116.00023,-31.91814],[116.00019,-31.91812],[116.00015,-31.9181],[116.00011,-31.91808],[115.9996,-31.918],[115.99865,-31.9179],[115.99757,-31.91777]]},"properties":{"name":"Great Eastern Highway Bypass onramp","kind":"road_proposed","operator":"","description":""}},{"type":"Feature","geometry":{"type":"LineString","coordinates":[[115.9674,-31.85645],[115.9674,-31.85661],[115.96739,-31.85665],[115.96738,-31.85669],[115.96736,-31.85673],[115.96734,-31.85676],[115.96731,-31.8568],[115.96703,-31.85714]]},"properties":{"name":"Drumpellier Drive PSP","kind":"road_construction","operator":"","description":""}},{"type":"Feature","geometry":{"type":"LineString","coordinates":[[116.01849,-31.89544],[116.01873,-31.89547]]},"properties":{"name":"Planned/under construction","kind":"rail_construction","operator":"","description":""}},{"type":"Feature","geometry":{"type":"LineString","coordinates":[[116.01776,-31.8954],[116.01741,-31.8954]]},"properties":{"name":"Planned/under construction","kind":"rail_construction","operator":"","description":""}},{"type":"Feature","geometry":{"type":"Point","coordinates":[115.86791,-31.95523]},"properties":{"name":"Royal Perth Hospital","kind":"hospital","operator":"Government of Western Australia"}},{"type":"Feature","geometry":{"type":"LineString","coordinates":[[115.97327,-32.16858],[115.97376,-32.16871],[115.97389,-32.16872],[115.97399,-32.16871],[115.97412,-32.16868],[115.97436,-32.16857],[115.97453,-32.16853],[115.97476,-32.16847],[115.97525,-32.16833]]},"properties":{"name":"Condamine Street","kind":"road_construction","operator":"","description":""}},{"type":"Feature","geometry":{"type":"LineString","coordinates":[[115.64364,-31.52262],[115.64359,-31.52211],[115.64354,-31.52171],[115.64348,-31.52118],[115.64339,-31.5206],[115.64319,-31.51997],[115.64251,-31.51833],[115.64145,-31.51656],[115.64041,-31.51505],[115.63914,-31.51316],[115.63785,-31.51159],[115.63457,-31.50873],[115.63003,-31.50512],[115.62655,-31.50264],[115.62189,-31.49938],[115.61428,-31.49419],[115.60877,-31.49106],[115.60839,-31.49085],[115.60787,-31.49061],[115.60675,-31.49033],[115.60594,-31.49029],[115.60545,-31.49028],[115.60417,-31.49058]]},"properties":{"name":"Planned/under construction","kind":"rail_proposed","operator":"","description":""}},{"type":"Feature","geometry":{"type":"LineString","coordinates":[[115.73027,-31.76587],[115.73023,-31.76549],[115.73023,-31.76531],[115.73043,-31.76505],[115.73058,-31.7648],[115.7306,-31.76469],[115.73055,-31.76457],[115.73027,-31.76425],[115.73021,-31.76411],[115.73025,-31.76401],[115.73029,-31.76395],[115.73035,-31.76386],[115.73039,-31.76375],[115.73042,-31.76365],[115.73036,-31.76343],[115.73037,-31.76338],[115.73042,-31.76327],[115.73043,-31.76316],[115.73043,-31.76271]]},"properties":{"name":"Ocean Reef PSP","kind":"road_construction","operator":"","description":""}},{"type":"Feature","geometry":{"type":"LineString","coordinates":[[115.98249,-31.89505],[115.9826,-31.89499],[115.98271,-31.89494],[115.98278,-31.8949],[115.98284,-31.89487],[115.98291,-31.89484]]},"properties":{"name":"Planned/under construction","kind":"rail_construction","operator":"","description":""}},{"type":"Feature","geometry":{"type":"LineString","coordinates":[[115.85234,-31.80772],[115.85302,-31.80772],[115.8538,-31.80772],[115.85452,-31.80772],[115.85462,-31.80774],[115.8547,-31.80775],[115.85502,-31.80788],[115.85522,-31.80795],[115.85537,-31.80798],[115.85549,-31.80794],[115.8556,-31.80784],[115.85564,-31.80777],[115.85581,-31.80743],[115.85598,-31.8069],[115.85603,-31.80647],[115.85603,-31.80588],[115.85596,-31.80579],[115.85584,-31.80574]]},"properties":{"name":"Coatbridge Parkway","kind":"road_proposed","operator":"","description":""}},{"type":"Feature","geometry":{"type":"LineString","coordinates":[[115.98112,-31.82874],[115.98112,-31.82883],[115.98172,-31.82884],[115.98178,-31.82883],[115.98184,-31.8288],[115.98186,-31.82875],[115.98187,-31.82869],[115.98187,-31.82848],[115.98187,-31.82735]]},"properties":{"name":"Aileron Loop","kind":"road_construction","operator":"","description":""}},{"type":"Feature","geometry":{"type":"LineString","coordinates":[[115.82231,-32.35713],[115.82231,-32.35698],[115.82237,-32.35689],[115.8225,-32.35685],[115.82437,-32.35685],[115.82519,-32.35685],[115.82557,-32.35685],[115.82593,-32.35684],[115.82674,-32.35684],[115.82775,-32.35685],[115.82789,-32.35677]]},"properties":{"name":"Prismatic Drive","kind":"road_construction","operator":"","description":""}},{"type":"Feature","geometry":{"type":"LineString","coordinates":[[115.76094,-32.29061],[115.7609,-32.29078],[115.76088,-32.29085],[115.76087,-32.29088],[115.76085,-32.29092],[115.76084,-32.29094],[115.76081,-32.29098],[115.76079,-32.29101],[115.76076,-32.29103],[115.76072,-32.29107],[115.76068,-32.2911],[115.76065,-32.29112],[115.76044,-32.29123],[115.76038,-32.29127]]},"properties":{"name":"Proposed Rockingham light rail","kind":"rail_proposed","operator":"","description":""}},{"type":"Feature","geometry":{"type":"LineString","coordinates":[[115.76006,-32.29144],[115.75993,-32.29152],[115.75986,-32.29156],[115.75977,-32.2916],[115.75971,-32.29163],[115.75964,-32.29167],[115.75957,-32.29169],[115.75951,-32.29171]]},"properties":{"name":"Proposed Rockingham light rail","kind":"rail_proposed","operator":"","description":""}},{"type":"Feature","geometry":{"type":"LineString","coordinates":[[115.76018,-32.29138],[115.76006,-32.29144]]},"properties":{"name":"Proposed Rockingham light rail","kind":"rail_proposed","operator":"","description":""}},{"type":"Feature","geometry":{"type":"LineString","coordinates":[[115.76026,-32.29133],[115.76019,-32.29137],[115.76018,-32.29138]]},"properties":{"name":"Proposed Rockingham light rail","kind":"rail_proposed","operator":"","description":""}},{"type":"Feature","geometry":{"type":"LineString","coordinates":[[115.76038,-32.29127],[115.76035,-32.29128],[115.76026,-32.29133]]},"properties":{"name":"Proposed Rockingham light rail","kind":"rail_proposed","operator":"","description":""}},{"type":"Feature","geometry":{"type":"LineString","coordinates":[[115.76035,-32.29124],[115.76053,-32.29115],[115.7606,-32.29111],[115.76064,-32.29108],[115.76067,-32.29106],[115.7607,-32.29104],[115.76073,-32.29101],[115.76075,-32.29098],[115.76078,-32.29095],[115.76079,-32.29092],[115.76081,-32.29088],[115.76082,-32.29085],[115.76083,-32.29081],[115.76085,-32.29075],[115.76087,-32.29071],[115.76089,-32.29067],[115.7609,-32.29065],[115.76093,-32.29061]]},"properties":{"name":"Proposed Rockingham light rail","kind":"rail_proposed","operator":"","description":""}},{"type":"Feature","geometry":{"type":"LineString","coordinates":[[115.7595,-32.29168],[115.75955,-32.29167],[115.7596,-32.29165],[115.75964,-32.29163],[115.75969,-32.29161],[115.75977,-32.29157],[115.75982,-32.29154],[115.75993,-32.29148],[115.76004,-32.29141]]},"properties":{"name":"Proposed Rockingham light rail","kind":"rail_proposed","operator":"","description":""}},{"type":"Feature","geometry":{"type":"LineString","coordinates":[[115.76015,-32.29135],[115.76024,-32.2913]]},"properties":{"name":"Proposed Rockingham light rail","kind":"rail_proposed","operator":"","description":""}},{"type":"Feature","geometry":{"type":"LineString","coordinates":[[115.76004,-32.29141],[115.76015,-32.29135]]},"properties":{"name":"Proposed Rockingham light rail","kind":"rail_proposed","operator":"","description":""}},{"type":"Feature","geometry":{"type":"LineString","coordinates":[[115.76024,-32.2913],[115.76033,-32.29125],[115.76035,-32.29124]]},"properties":{"name":"Proposed Rockingham light rail","kind":"rail_proposed","operator":"","description":""}},{"type":"Feature","geometry":{"type":"LineString","coordinates":[[115.79539,-32.08351],[115.79549,-32.08361],[115.79547,-32.08411],[115.79546,-32.0844],[115.79546,-32.08444],[115.79545,-32.08464],[115.79541,-32.08469],[115.79539,-32.08471],[115.79529,-32.08474],[115.79509,-32.08473],[115.79495,-32.08473]]},"properties":{"name":"Nyingarin Road","kind":"road_construction","operator":"","description":""}},{"type":"Feature","geometry":{"type":"LineString","coordinates":[[115.79548,-32.08625],[115.79565,-32.08623],[115.79587,-32.08613],[115.79613,-32.08611],[115.79628,-32.08606],[115.79633,-32.08595],[115.79633,-32.08564],[115.79636,-32.08557],[115.79646,-32.08549],[115.79654,-32.08542],[115.79654,-32.08515],[115.79646,-32.08459],[115.79643,-32.08443],[115.79634,-32.0841],[115.79623,-32.08369],[115.79618,-32.08355],[115.79607,-32.08351],[115.79599,-32.08352],[115.79579,-32.08355],[115.79549,-32.08361]]},"properties":{"name":"Gnargagin Avenue","kind":"road_construction","operator":"","description":""}},{"type":"Feature","geometry":{"type":"LineString","coordinates":[[115.79547,-32.08411],[115.79473,-32.08413],[115.79466,-32.08416],[115.79464,-32.0842],[115.79464,-32.08436],[115.79469,-32.08438],[115.79476,-32.08439],[115.79493,-32.0844],[115.79546,-32.0844]]},"properties":{"name":"Kambany Loop","kind":"road_construction","operator":"","description":""}},{"type":"Feature","geometry":{"type":"LineString","coordinates":[[115.79531,-32.08637],[115.79542,-32.08632],[115.79548,-32.08625],[115.79548,-32.08612],[115.79546,-32.0856],[115.79551,-32.0855],[115.79554,-32.08543],[115.79552,-32.08517],[115.79552,-32.08508],[115.79548,-32.08487],[115.79549,-32.08476],[115.79541,-32.08469]]},"properties":{"name":"Karda Way","kind":"road_construction","operator":"","description":""}},{"type":"Feature","geometry":{"type":"LineString","coordinates":[[115.64393,-31.52768],[115.6445,-31.52767],[115.64622,-31.52768],[115.64711,-31.52762],[115.64769,-31.52755],[115.64831,-31.52745],[115.64924,-31.52725],[115.65106,-31.52666],[115.65186,-31.52633]]},"properties":{"name":"Toreopango Avenue","kind":"road_construction","operator":"","description":""}},{"type":"Feature","geometry":{"type":"LineString","coordinates":[[115.73043,-31.76271],[115.73044,-31.76247],[115.73046,-31.76232],[115.73057,-31.76213],[115.73065,-31.76207],[115.73071,-31.76206],[115.73075,-31.76205],[115.73078,-31.76203],[115.73079,-31.76199],[115.73079,-31.76193],[115.73078,-31.7618],[115.73075,-31.76175],[115.73056,-31.76156],[115.73034,-31.76133],[115.73027,-31.76123],[115.73016,-31.76107],[115.72982,-31.76071],[115.72969,-31.76058],[115.72957,-31.76049],[115.72947,-31.76026],[115.72947,-31.76002],[115.7295,-31.75989],[115.7296,-31.75982],[115.72963,-31.7598],[115.72978,-31.75977],[115.72978,-31.75956],[115.72966,-31.75953],[115.72954,-31.75944],[115.72948,-31.75934],[115.7295,-31.7591],[115.72954,-31.75868],[115.72955,-31.75837],[115.72957,-31.75797],[115.72957,-31.75769],[115.72949,-31.75718],[115.72942,-31.75689],[115.72929,-31.75666],[115.72904,-31.75628],[115.72896,-31.75604],[115.72888,-31.75579],[115.72883,-31.75563],[115.72862,-31.75532],[115.7284,-31.75502],[115.72784,-31.75438],[115.72696,-31.75267]]},"properties":{"name":"New Ocean Reef PSP","kind":"road_construction","operator":"","description":""}},{"type":"Feature","geometry":{"type":"LineString","coordinates":[[115.85623,-32.10833],[115.85627,-32.10836],[115.85631,-32.10839],[115.85632,-32.10843],[115.85634,-32.10847],[115.85636,-32.1085],[115.85638,-32.10852],[115.85644,-32.10854],[115.85649,-32.10855]]},"properties":{"name":"Berrigan Drive Shared Path","kind":"road_construction","operator":"","description":""}},{"type":"Feature","geometry":{"type":"LineString","coordinates":[[115.6614,-31.54322],[115.66282,-31.54318],[115.66293,-31.54319],[115.66303,-31.54323],[115.66312,-31.54327],[115.66322,-31.54336],[115.66329,-31.54344],[115.66334,-31.54356],[115.66375,-31.54563],[115.66374,-31.54608]]},"properties":{"name":"Marker Drive","kind":"road_construction","operator":"","description":""}},{"type":"Feature","geometry":{"type":"LineString","coordinates":[[115.65514,-31.54039],[115.65501,-31.54023],[115.65483,-31.54006],[115.65466,-31.5398],[115.65462,-31.53963],[115.65472,-31.53933],[115.65521,-31.53948],[115.65527,-31.5395],[115.65537,-31.5395],[115.65572,-31.53932],[115.65558,-31.53911],[115.65537,-31.53894],[115.65522,-31.53888],[115.65489,-31.53879],[115.65486,-31.53876],[115.65485,-31.53873],[115.65505,-31.53815],[115.65507,-31.53812],[115.6551,-31.5381],[115.65514,-31.53811],[115.6556,-31.53823],[115.65642,-31.5389],[115.65675,-31.53918],[115.65698,-31.5395]]},"properties":{"name":"Apron View","kind":"road_construction","operator":"","description":""}},{"type":"Feature","geometry":{"type":"LineString","coordinates":[[115.66011,-31.53646],[115.66052,-31.53675],[115.66082,-31.53696],[115.66094,-31.53713],[115.66099,-31.53731],[115.661,-31.53768],[115.661,-31.53775],[115.66064,-31.5394],[115.66061,-31.53953],[115.6606,-31.53967],[115.66063,-31.53984],[115.66095,-31.54114],[115.66099,-31.54132],[115.66097,-31.54152],[115.66083,-31.54307]]},"properties":{"name":"Greenside Drive","kind":"road_construction","operator":"","description":""}},{"type":"Feature","geometry":{"type":"LineString","coordinates":[[115.65825,-31.54349],[115.65863,-31.54337],[115.65882,-31.54328],[115.65916,-31.54311],[115.65923,-31.543],[115.65898,-31.54242],[115.65842,-31.54115],[115.65817,-31.54068],[115.65813,-31.54049],[115.65811,-31.54014],[115.65791,-31.53983],[115.65772,-31.53955],[115.65741,-31.53929],[115.65698,-31.5395],[115.65514,-31.54039],[115.65492,-31.54058],[115.65485,-31.54067],[115.65456,-31.54118],[115.65461,-31.54132],[115.65523,-31.54158],[115.65533,-31.54166]]},"properties":{"name":"Victory Parade","kind":"road_construction","operator":"","description":""}},{"type":"Feature","geometry":{"type":"LineString","coordinates":[[115.66011,-31.53646],[115.65986,-31.53628],[115.65969,-31.53612],[115.65883,-31.53513],[115.65869,-31.535],[115.65846,-31.53486],[115.65707,-31.53428],[115.65696,-31.53414],[115.65693,-31.53403],[115.65693,-31.53389],[115.65695,-31.53378],[115.65711,-31.53298],[115.65725,-31.53226],[115.65726,-31.53206],[115.65722,-31.53172],[115.65712,-31.53149],[115.65695,-31.53135],[115.65665,-31.5312],[115.65627,-31.53111],[115.65592,-31.53105],[115.6557,-31.53103],[115.65542,-31.53101],[115.65522,-31.53105],[115.65422,-31.53128],[115.65312,-31.53151],[115.6527,-31.53161],[115.65095,-31.53202],[115.64914,-31.53244]]},"properties":{"name":"Greenside Drive","kind":"road_construction","operator":"","description":""}},{"type":"Feature","geometry":{"type":"LineString","coordinates":[[115.65318,-31.53341],[115.65328,-31.53339],[115.65465,-31.53309],[115.65478,-31.53307],[115.65492,-31.53308],[115.65504,-31.5331],[115.65515,-31.53312],[115.65521,-31.53314],[115.65537,-31.53322],[115.65546,-31.53329],[115.65551,-31.53339],[115.65554,-31.53352],[115.65553,-31.53364],[115.65552,-31.53368],[115.65498,-31.5354],[115.65495,-31.53551],[115.65493,-31.53561],[115.65496,-31.53567],[115.65576,-31.53626],[115.65611,-31.53625],[115.65662,-31.53646],[115.6567,-31.53653],[115.65675,-31.53666],[115.65685,-31.53675],[115.65769,-31.53709],[115.65784,-31.53711],[115.65817,-31.53712],[115.65826,-31.53714],[115.65834,-31.53723],[115.65869,-31.53771],[115.65875,-31.53776],[115.65884,-31.53775],[115.66011,-31.53646]]},"properties":{"name":"Topside Drive","kind":"road_construction","operator":"","description":""}},{"type":"Feature","geometry":{"type":"LineString","coordinates":[[115.65406,-31.52651],[115.65428,-31.52722],[115.65446,-31.5279],[115.65466,-31.52851],[115.65473,-31.5288],[115.65476,-31.52889],[115.65493,-31.52914],[115.65534,-31.52972],[115.65549,-31.52994],[115.65567,-31.53021],[115.65627,-31.53111]]},"properties":{"name":"Currumbin Drive","kind":"road_construction","operator":"","description":""}},{"type":"Feature","geometry":{"type":"LineString","coordinates":[[115.65237,-31.52908],[115.65258,-31.52901],[115.65318,-31.52887],[115.65389,-31.5287],[115.65466,-31.52851],[115.65494,-31.52843],[115.65582,-31.52797],[115.65646,-31.52765],[115.65716,-31.52727]]},"properties":{"name":"Benion Grove","kind":"road_construction","operator":"","description":""}},{"type":"Feature","geometry":{"type":"LineString","coordinates":[[115.65208,-31.53091],[115.65157,-31.52923],[115.65119,-31.52797],[115.6512,-31.52791],[115.65128,-31.52785],[115.65194,-31.52761],[115.65268,-31.52723],[115.65335,-31.52688],[115.65406,-31.52651],[115.65577,-31.52563],[115.65589,-31.52559],[115.65603,-31.52567],[115.65637,-31.52614],[115.65676,-31.5267],[115.65716,-31.52727],[115.65789,-31.5283],[115.65916,-31.53011]]},"properties":{"name":"Peppermint Avenue","kind":"road_construction","operator":"","description":""}},{"type":"Feature","geometry":{"type":"LineString","coordinates":[[115.62826,-31.52634],[115.62696,-31.52574],[115.62626,-31.52537],[115.62531,-31.52483],[115.62465,-31.52441],[115.62415,-31.52403],[115.62338,-31.52344],[115.62268,-31.52286],[115.62109,-31.52113],[115.62048,-31.52026],[115.61985,-31.51919],[115.619,-31.51742],[115.6186,-31.51609],[115.61799,-31.51404],[115.61761,-31.51277],[115.61719,-31.51181],[115.61704,-31.51147],[115.6166,-31.51076],[115.61608,-31.51007],[115.61463,-31.50862],[115.61168,-31.50568]]},"properties":{"name":"Toreopango Avenue","kind":"road_proposed","operator":"","description":""}},{"type":"Feature","geometry":{"type":"LineString","coordinates":[[115.65199,-31.50223],[115.65072,-31.50662],[115.64994,-31.50989],[115.64973,-31.51181],[115.64977,-31.51245],[115.65006,-31.51468],[115.65106,-31.51683],[115.65177,-31.51794],[115.65578,-31.52446],[115.65798,-31.52719],[115.65882,-31.52829],[115.6602,-31.53054],[115.66043,-31.53093],[115.66296,-31.53659],[115.66359,-31.53824],[115.66455,-31.54257],[115.66564,-31.54788],[115.66581,-31.54833],[115.66656,-31.54995],[115.66719,-31.551],[115.66765,-31.55171],[115.66799,-31.55217],[115.66904,-31.55321],[115.67406,-31.5578],[115.67468,-31.55837],[115.67616,-31.56039],[115.67662,-31.561],[115.67684,-31.56144],[115.6797,-31.56772],[115.67992,-31.56828],[115.68016,-31.56876],[115.68069,-31.57039],[115.68084,-31.57084],[115.68092,-31.57216],[115.68083,-31.57466],[115.68072,-31.57529],[115.68041,-31.57681],[115.67958,-31.58052],[115.67933,-31.58179],[115.67931,-31.58191],[115.67932,-31.58229]]},"properties":{"name":"Mitchell Freeway","kind":"road_proposed","operator":"","description":""}},{"type":"Feature","geometry":{"type":"LineString","coordinates":[[115.64993,-31.5367],[115.64965,-31.53603],[115.6496,-31.53599],[115.64951,-31.53597],[115.64776,-31.53652],[115.6461,-31.53739],[115.64575,-31.53755],[115.64501,-31.53778],[115.64431,-31.53778]]},"properties":{"name":"Pinnacle Parkway","kind":"road_construction","operator":"","description":""}},{"type":"Feature","geometry":{"type":"LineString","coordinates":[[116.01622,-31.89531],[116.01637,-31.89532],[116.01654,-31.89534],[116.01668,-31.89536],[116.01685,-31.89537]]},"properties":{"name":"Planned/under construction","kind":"rail_construction","operator":"","description":""}},{"type":"Feature","geometry":{"type":"LineString","coordinates":[[116.011,-31.89447],[116.01121,-31.8945],[116.01145,-31.89454],[116.01167,-31.89457],[116.0119,-31.89461]]},"properties":{"name":"Eastern Railway","kind":"rail_construction","operator":"","description":""}},{"type":"Feature","geometry":{"type":"LineString","coordinates":[[116.00698,-31.90284],[116.00706,-31.90281],[116.0071,-31.90279],[116.00714,-31.90278],[116.00716,-31.90276],[116.00719,-31.90274],[116.00725,-31.9027],[116.00839,-31.90149]]},"properties":{"name":"Lloyd Street","kind":"road_proposed","operator":"","description":""}},{"type":"Feature","geometry":{"type":"LineString","coordinates":[[116.00963,-31.90017],[116.01022,-31.89955],[116.01023,-31.89953],[116.01025,-31.8995],[116.01027,-31.89947],[116.01028,-31.89944],[116.01029,-31.89938],[116.0103,-31.89934]]},"properties":{"name":"Lloyd Street","kind":"road_proposed","operator":"","description":""}},{"type":"Feature","geometry":{"type":"LineString","coordinates":[[116.00855,-31.90158],[116.00754,-31.90274],[116.0075,-31.90279],[116.00747,-31.90284],[116.00744,-31.90289],[116.00741,-31.90295],[116.0074,-31.90298],[116.00739,-31.90301],[116.00738,-31.90308]]},"properties":{"name":"Lloyd Street","kind":"road_proposed","operator":"","description":""}},{"type":"Feature","geometry":{"type":"LineString","coordinates":[[116.00087,-31.91782],[116.00083,-31.91787],[116.00079,-31.91791],[116.00074,-31.91795],[116.00072,-31.91796],[116.00069,-31.91798],[116.00066,-31.91799],[116.00063,-31.918]]},"properties":{"name":"Great Eastern Highway Bypass onramp","kind":"road_proposed","operator":"","description":""}},{"type":"Feature","geometry":{"type":"LineString","coordinates":[[116.00081,-31.91802],[116.00079,-31.918],[116.00075,-31.91796],[116.00074,-31.91795],[116.00073,-31.91792],[116.00071,-31.91789],[116.00069,-31.91785],[116.00068,-31.9178]]},"properties":{"name":"Lloyd Street offramp","kind":"road_proposed","operator":"","description":""}},{"type":"Feature","geometry":{"type":"LineString","coordinates":[[116.05976,-31.5258],[116.05975,-31.52561],[116.05932,-31.52359],[116.05923,-31.5234],[116.05899,-31.5232],[116.05865,-31.52299],[116.05835,-31.52274],[116.05812,-31.52247],[116.05795,-31.52218],[116.05775,-31.5217],[116.05753,-31.52143],[116.05727,-31.5212],[116.05685,-31.52103],[116.05642,-31.52091],[116.05569,-31.5207],[116.05513,-31.52073],[116.05464,-31.52086],[116.05415,-31.52095],[116.05366,-31.52099],[116.05317,-31.52092],[116.05255,-31.52079],[116.05177,-31.52051],[116.05151,-31.52044]]},"properties":{"name":"Wattlebird Boulevard","kind":"road_proposed","operator":"","description":""}},{"type":"Feature","geometry":{"type":"LineString","coordinates":[[115.97167,-32.23426],[115.97201,-32.23395],[115.97228,-32.23368],[115.9726,-32.23334],[115.97285,-32.233],[115.97303,-32.23266],[115.9732,-32.23226],[115.97329,-32.23198],[115.97336,-32.23163]]},"properties":{"name":"Tonkin Highway Extension and Thomas Road Upgrade","kind":"road_construction","operator":"","description":""}},{"type":"Feature","geometry":{"type":"LineString","coordinates":[[115.98209,-32.30531],[115.98183,-32.30516],[115.9767,-32.30175],[115.97417,-32.29983],[115.97291,-32.29888],[115.97268,-32.29872],[115.97254,-32.29863],[115.97241,-32.29857],[115.97225,-32.29851],[115.9721,-32.29847],[115.97195,-32.29845],[115.9718,-32.29844]]},"properties":{"name":"Tonkin Highway Extension","kind":"road_construction","operator":"","description":""}},{"type":"Feature","geometry":{"type":"LineString","coordinates":[[115.97228,-32.29813],[115.97228,-32.2982],[115.9723,-32.29827],[115.97233,-32.29834],[115.97238,-32.2984],[115.97254,-32.2985],[115.97292,-32.29873],[115.97348,-32.29907],[115.97693,-32.30153],[115.982,-32.30493],[115.98221,-32.30506]]},"properties":{"name":"Tonkin Highway Extension","kind":"road_construction","operator":"","description":""}},{"type":"Feature","geometry":{"type":"LineString","coordinates":[[115.93934,-31.8626],[115.9399,-31.86263],[115.94043,-31.86261],[115.94093,-31.86258],[115.94161,-31.86259],[115.94279,-31.86262],[115.94327,-31.86261],[115.94405,-31.86261],[115.94422,-31.86257],[115.94447,-31.86241],[115.94462,-31.86231],[115.94482,-31.86219],[115.94508,-31.86207],[115.94531,-31.862],[115.94537,-31.86197],[115.94544,-31.86194],[115.94556,-31.86191],[115.94569,-31.86188],[115.94579,-31.86186],[115.94581,-31.86189],[115.94584,-31.86193],[115.94604,-31.86221],[115.94621,-31.86232],[115.94638,-31.86235],[115.94656,-31.86235],[115.94767,-31.86204],[115.94808,-31.8619],[115.94946,-31.86144],[115.94981,-31.86133],[115.95032,-31.86124],[115.95157,-31.86105],[115.95204,-31.86095],[115.95267,-31.86081],[115.95341,-31.86075],[115.9547,-31.86069],[115.9552,-31.8607]]},"properties":{"name":"Reid Highway PSP","kind":"road_construction","operator":"","description":""}},{"type":"Feature","geometry":{"type":"LineString","coordinates":[[115.96423,-31.86207],[115.96422,-31.86212],[115.96422,-31.86216],[115.96425,-31.86265],[115.96434,-31.86291],[115.96444,-31.86305],[115.96462,-31.86322],[115.96487,-31.86337],[115.96503,-31.86342],[115.96529,-31.86347],[115.96668,-31.86347],[115.96694,-31.86345],[115.96885,-31.86345],[115.97078,-31.86344],[115.97233,-31.86366],[115.97301,-31.86375],[115.97341,-31.8638],[115.97356,-31.86381],[115.97405,-31.86369],[115.97412,-31.86368],[115.9742,-31.86368],[115.97426,-31.86368],[115.97466,-31.86372],[115.97477,-31.86375]]},"properties":{"name":"Reid Highway PSP","kind":"road_construction","operator":"","description":""}},{"type":"Feature","geometry":{"type":"LineString","coordinates":[[115.84816,-31.94235],[115.84815,-31.94234],[115.84815,-31.94233],[115.84814,-31.94233],[115.84814,-31.94232],[115.84813,-31.94232],[115.84812,-31.94231],[115.84811,-31.94231],[115.8477,-31.94219],[115.84763,-31.94217],[115.84744,-31.94211],[115.84741,-31.94211],[115.84727,-31.94209],[115.84722,-31.94209],[115.8472,-31.94208],[115.84715,-31.94207],[115.84567,-31.94162],[115.84538,-31.94153],[115.84505,-31.94142],[115.84496,-31.94139],[115.84485,-31.94136],[115.84464,-31.94131],[115.8446,-31.9413],[115.84456,-31.94128],[115.84453,-31.94127],[115.84434,-31.9412]]},"properties":{"name":"Mitchell Freeway PSP","kind":"road_construction","operator":"","description":""}},{"type":"Feature","geometry":{"type":"Point","coordinates":[153.03926,-27.47643]},"properties":{"name":"Unilodge@Shafston","kind":"university","operator":""}},{"type":"Feature","geometry":{"type":"Point","coordinates":[153.02422,-27.46738]},"properties":{"name":"Central Queensland University Brisbane","kind":"university","operator":""}},{"type":"Feature","geometry":{"type":"Point","coordinates":[153.02824,-27.46488]},"properties":{"name":"Federation University Australia","kind":"university","operator":""}},{"type":"Feature","geometry":{"type":"Point","coordinates":[153.00507,-27.47688]},"properties":{"name":"SAE","kind":"university","operator":""}},{"type":"Feature","geometry":{"type":"Point","coordinates":[153.02321,-27.44864]},"properties":{"name":"School of Public Health","kind":"university","operator":"The University of Queensland"}},{"type":"Feature","geometry":{"type":"Point","coordinates":[153.02861,-27.46534]},"properties":{"name":"Skills Training College","kind":"university","operator":""}},{"type":"Feature","geometry":{"type":"Point","coordinates":[153.02656,-27.44751]},"properties":{"name":"Royal Brisbane and Women\u2019s Hospital","kind":"hospital","operator":"Queensland Health"}},{"type":"Feature","geometry":{"type":"Point","coordinates":[153.02337,-27.38819]},"properties":{"name":"The Prince Charles Hospital","kind":"hospital","operator":"Queensland Health"}},{"type":"Feature","geometry":{"type":"Point","coordinates":[153.0242,-27.44871]},"properties":{"name":"University of Queensland Medical School","kind":"university","operator":""}},{"type":"Feature","geometry":{"type":"Point","coordinates":[153.02135,-27.46117]},"properties":{"name":"St Andrews War Memorial Private Hospital","kind":"hospital","operator":"Uniting Care"}},{"type":"Feature","geometry":{"type":"Point","coordinates":[153.00358,-27.46795]},"properties":{"name":"Saint Francis Theological College","kind":"university","operator":""}},{"type":"Feature","geometry":{"type":"LineString","coordinates":[[152.97803,-27.12232],[152.97806,-27.12226],[152.9781,-27.12218],[152.97873,-27.12127],[152.97902,-27.12086],[152.97913,-27.12068],[152.97918,-27.12053],[152.97921,-27.12035],[152.97919,-27.12015],[152.97915,-27.11997],[152.97904,-27.11957],[152.97901,-27.11933],[152.97901,-27.11915],[152.97904,-27.11897],[152.97912,-27.11849],[152.97933,-27.11728],[152.97968,-27.11531],[152.97994,-27.1138],[152.98014,-27.11264],[152.98055,-27.11026],[152.9806,-27.10996]]},"properties":{"name":"Nolan Drive","kind":"road_construction","operator":"","description":""}},{"type":"Feature","geometry":{"type":"LineString","coordinates":[[153.10703,-27.77029],[153.1075,-27.76956],[153.10793,-27.76888],[153.108,-27.76877],[153.10833,-27.76826],[153.10839,-27.76817],[153.10866,-27.76774],[153.1098,-27.76598],[153.10981,-27.76595],[153.10983,-27.76592],[153.10986,-27.76588],[153.11004,-27.76557],[153.11026,-27.76516],[153.11052,-27.76461],[153.11103,-27.76346],[153.11111,-27.7633],[153.11139,-27.76263],[153.11164,-27.76211],[153.1119,-27.76165],[153.11219,-27.76115],[153.11261,-27.76056],[153.11296,-27.76011],[153.11338,-27.75963],[153.11388,-27.75909]]},"properties":{"name":"Beaudesert Railway (disused)","kind":"road_proposed","operator":"","description":""}},{"type":"Feature","geometry":{"type":"LineString","coordinates":[[153.11417,-27.75878],[153.11485,-27.75808],[153.11519,-27.75771],[153.1154,-27.75755],[153.11566,-27.7574],[153.11591,-27.7573],[153.11621,-27.75725],[153.1166,-27.75723],[153.11685,-27.7572],[153.11706,-27.75714],[153.11722,-27.7571],[153.11739,-27.75701],[153.11758,-27.7569],[153.11773,-27.75679],[153.11789,-27.75662],[153.118,-27.75649],[153.11811,-27.75629],[153.11826,-27.75598],[153.11837,-27.75578],[153.11853,-27.75558],[153.11879,-27.75535],[153.11904,-27.75519],[153.11928,-27.75508],[153.1196,-27.75497],[153.11991,-27.75493],[153.12021,-27.7549],[153.1213,-27.75486],[153.12155,-27.75482],[153.12179,-27.75476],[153.12194,-27.7547],[153.12215,-27.7546],[153.12234,-27.75447],[153.12255,-27.75431],[153.12276,-27.7541],[153.12318,-27.75366]]},"properties":{"name":"Beaudesert Railway (disused)","kind":"road_proposed","operator":"","description":""}},{"type":"Feature","geometry":{"type":"LineString","coordinates":[[153.12393,-27.75292],[153.12437,-27.75248],[153.12459,-27.75224],[153.12484,-27.75195],[153.12496,-27.75178],[153.1251,-27.75154],[153.12525,-27.75123],[153.12536,-27.75095],[153.12542,-27.75079],[153.12548,-27.75053],[153.12562,-27.74985],[153.12604,-27.7477],[153.12614,-27.74721],[153.12623,-27.74684],[153.12641,-27.74634],[153.12661,-27.74588],[153.12687,-27.74538],[153.12721,-27.74486],[153.1274,-27.74463],[153.12766,-27.74437],[153.128,-27.74413],[153.12863,-27.74375],[153.12897,-27.7435],[153.12933,-27.74317],[153.12961,-27.74282],[153.12983,-27.74248],[153.13003,-27.74213],[153.13073,-27.74099],[153.13164,-27.73947],[153.13186,-27.73908],[153.13209,-27.73865],[153.13231,-27.73818],[153.13252,-27.73767],[153.13275,-27.73706],[153.13292,-27.73655],[153.13338,-27.73492],[153.13352,-27.73444],[153.13372,-27.73385],[153.13396,-27.73327],[153.13421,-27.73271],[153.13455,-27.73203],[153.13515,-27.73081],[153.13537,-27.73034],[153.13663,-27.72775],[153.13752,-27.72593],[153.13795,-27.72509],[153.13845,-27.7241],[153.14019,-27.72053],[153.14137,-27.71811],[153.14145,-27.71792],[153.142,-27.71688],[153.14216,-27.71654],[153.14224,-27.7162],[153.14226,-27.71595],[153.14227,-27.71572],[153.1422,-27.71526]]},"properties":{"name":"Beaudesert Railway (disused)","kind":"road_proposed","operator":"","description":""}},{"type":"Feature","geometry":{"type":"LineString","coordinates":[[153.14207,-27.71458],[153.14193,-27.71392],[153.14191,-27.71378],[153.14186,-27.71347],[153.14186,-27.71314],[153.14187,-27.71285],[153.14198,-27.71258],[153.14208,-27.71236],[153.14221,-27.71214],[153.1424,-27.71191],[153.14259,-27.71176],[153.14282,-27.7116],[153.14301,-27.71152],[153.14331,-27.71142],[153.14362,-27.71137],[153.14388,-27.71137],[153.14431,-27.7114],[153.14449,-27.71141],[153.14486,-27.71142],[153.14517,-27.71138],[153.14547,-27.71129],[153.14549,-27.71127],[153.14589,-27.71107],[153.14603,-27.711],[153.14685,-27.71035]]},"properties":{"name":"Beaudesert Railway (disused)","kind":"road_proposed","operator":"","description":""}},{"type":"Feature","geometry":{"type":"Point","coordinates":[153.05286,-27.55404]},"properties":{"name":"Griffith University Nathan Campus","kind":"university","operator":""}},{"type":"Feature","geometry":{"type":"Point","coordinates":[153.0654,-27.54333]},"properties":{"name":"Griffith University Mount Gravatt Campus (Queensland Institute of Business and Technology)","kind":"university","operator":""}},{"type":"Feature","geometry":{"type":"Point","coordinates":[152.99744,-27.47834]},"properties":{"name":"The Wesley Hospital","kind":"hospital","operator":"UnitingCare Health"}},{"type":"Feature","geometry":{"type":"LineString","coordinates":[[152.94191,-27.83051],[152.94214,-27.83031],[152.94241,-27.83011],[152.94268,-27.82994],[152.94303,-27.82976],[152.9437,-27.82938],[152.95153,-27.82581],[152.95368,-27.82484],[152.95802,-27.82285],[152.95834,-27.82272],[152.9616,-27.82124],[152.96202,-27.82103],[152.96246,-27.82083],[152.96328,-27.82052],[152.96432,-27.82014],[152.96515,-27.81979],[152.96618,-27.81931],[152.96858,-27.81828],[152.96882,-27.81818],[152.96951,-27.81785]]},"properties":{"name":"Teviot Road","kind":"road_construction","operator":"","description":""}},{"type":"Feature","geometry":{"type":"Point","coordinates":[153.04873,-27.55979]},"properties":{"name":"Queen Elizabeth II Jubilee Hospital","kind":"hospital","operator":"Queensland Health"}},{"type":"Feature","geometry":{"type":"Point","coordinates":[153.09082,-27.38008]},"properties":{"name":"Australian Catholic University","kind":"university","operator":""}},{"type":"Feature","geometry":{"type":"Point","coordinates":[152.7632,-27.61887]},"properties":{"name":"St Andrews Private Hospital","kind":"hospital","operator":"Ramsay Health Care"}},{"type":"Feature","geometry":{"type":"Point","coordinates":[152.99314,-27.47804]},"properties":{"name":"Trinity Theological College","kind":"university","operator":""}},{"type":"Feature","geometry":{"type":"Point","coordinates":[152.75524,-27.62841]},"properties":{"name":"University of Southern Queensland Ipswich Campus","kind":"university","operator":""}},{"type":"Feature","geometry":{"type":"Point","coordinates":[153.02873,-27.48453]},"properties":{"name":"Mater Private Hospital","kind":"hospital","operator":""}},{"type":"Feature","geometry":{"type":"Point","coordinates":[153.02646,-27.48258]},"properties":{"name":"Griffith University South Bank Campus","kind":"university","operator":""}},{"type":"Feature","geometry":{"type":"Point","coordinates":[153.02638,-27.48389]},"properties":{"name":"Queensland Children's Hospital","kind":"hospital","operator":"Queensland Health"}},{"type":"Feature","geometry":{"type":"Point","coordinates":[153.02429,-27.48158]},"properties":{"name":"Queensland College of Art and Design","kind":"university","operator":""}},{"type":"Feature","geometry":{"type":"Point","coordinates":[152.77397,-27.39127]},"properties":{"name":"Seismic Station (Univ. of Qld)","kind":"university","operator":""}},{"type":"Feature","geometry":{"type":"Point","coordinates":[152.67901,-27.99919]},"properties":{"name":"Boonah Hospital","kind":"hospital","operator":"Qld Health"}},{"type":"Feature","geometry":{"type":"Point","coordinates":[153.02943,-27.46671]},"properties":{"name":"James Cook University","kind":"university","operator":""}},{"type":"Feature","geometry":{"type":"Point","coordinates":[153.02747,-27.48583]},"properties":{"name":"Mater Hospital Brisbane","kind":"hospital","operator":"Mater"}},{"type":"Feature","geometry":{"type":"LineString","coordinates":[[153.15559,-27.69531],[153.1556,-27.69523],[153.15571,-27.69458],[153.15588,-27.69419],[153.15605,-27.69391],[153.15627,-27.69365],[153.15652,-27.6934],[153.15665,-27.6932],[153.15677,-27.69295],[153.15685,-27.69268]]},"properties":{"name":"Beaudesert Railway (disused)","kind":"road_construction","operator":"","description":""}},{"type":"Feature","geometry":{"type":"Point","coordinates":[153.54544,-28.17705]},"properties":{"name":"Tweed Hospital","kind":"hospital","operator":"NSW Health"}},{"type":"Feature","geometry":{"type":"Point","coordinates":[153.1041,-27.22808]},"properties":{"name":"Redcliffe Hospital","kind":"hospital","operator":"Queensland Health"}},{"type":"Feature","geometry":{"type":"Point","coordinates":[152.9642,-27.08109]},"properties":{"name":"Caboolture Hospital","kind":"hospital","operator":"Queensland Health"}},{"type":"Feature","geometry":{"type":"Point","coordinates":[152.96595,-27.50414]},"properties":{"name":"University of Queensland Experimental Mine","kind":"university","operator":"University of Queensland"}},{"type":"Feature","geometry":{"type":"LineString","coordinates":[[153.03485,-27.2393],[153.03554,-27.23992],[153.03659,-27.24079],[153.03772,-27.24174],[153.03834,-27.24235],[153.03903,-27.24309],[153.03927,-27.24342],[153.03955,-27.24382],[153.04,-27.24467],[153.04017,-27.24515],[153.04028,-27.24562],[153.04035,-27.24617],[153.04036,-27.24683],[153.04029,-27.24763],[153.04022,-27.24806],[153.04011,-27.24847],[153.03995,-27.24887],[153.03979,-27.24926],[153.03958,-27.24971],[153.03932,-27.25024],[153.03894,-27.25076],[153.03847,-27.25136],[153.03768,-27.2522],[153.03628,-27.25346],[153.03483,-27.25475],[153.03387,-27.25561],[153.03325,-27.25616],[153.03272,-27.2567],[153.03218,-27.25727],[153.0318,-27.25778],[153.03147,-27.25846],[153.03124,-27.2591],[153.03091,-27.26048],[153.03038,-27.26418],[153.0303,-27.26498],[153.03013,-27.26599],[153.02958,-27.26913],[153.02931,-27.26965],[153.02907,-27.26985],[153.02879,-27.27001],[153.0281,-27.2704],[153.02735,-27.27067],[153.02588,-27.27126],[153.02381,-27.27177]]},"properties":{"name":"North South Urban Arterial","kind":"road_proposed","operator":"","description":""}},{"type":"Feature","geometry":{"type":"LineString","coordinates":[[153.14709,-27.71017],[153.14735,-27.70997],[153.14749,-27.70979],[153.14771,-27.70943],[153.14783,-27.70902],[153.14784,-27.70876],[153.14783,-27.70847],[153.1476,-27.70685],[153.14757,-27.70648],[153.14758,-27.70607],[153.14764,-27.7055],[153.1479,-27.70351],[153.14796,-27.70323],[153.14807,-27.70292],[153.14819,-27.70269],[153.14832,-27.70249],[153.14852,-27.70228],[153.14886,-27.70196],[153.15051,-27.70038]]},"properties":{"name":"Beaudesert Railway (disused)","kind":"road_proposed","operator":"","description":""}},{"type":"Feature","geometry":{"type":"Point","coordinates":[153.37537,-28.07092]},"properties":{"name":"Robina Hospital","kind":"hospital","operator":"Queensland Health"}},{"type":"Feature","geometry":{"type":"Point","coordinates":[153.48842,-28.154]},"properties":{"name":"John Flynn Private Hospital","kind":"hospital","operator":"Ramsay Health"}},{"type":"Feature","geometry":{"type":"LineString","coordinates":[[153.37126,-27.79433],[153.37126,-27.79456],[153.37122,-27.79502],[153.37114,-27.79562],[153.37105,-27.79627],[153.37105,-27.79659],[153.37107,-27.79677],[153.37113,-27.79692],[153.37163,-27.79747],[153.3718,-27.79772],[153.37201,-27.79831],[153.37211,-27.7985],[153.37227,-27.79867],[153.37244,-27.79882],[153.37268,-27.79897],[153.37342,-27.79928],[153.37407,-27.79964],[153.37459,-27.79985],[153.3748,-27.79988],[153.37502,-27.79987],[153.37523,-27.79985],[153.37547,-27.79978],[153.37566,-27.79964],[153.37629,-27.79906],[153.37665,-27.79883],[153.37703,-27.79871],[153.37768,-27.79863],[153.37832,-27.79861],[153.37869,-27.7986],[153.3789,-27.79855],[153.3791,-27.79845],[153.37926,-27.79833],[153.37981,-27.79751],[153.37997,-27.79715],[153.38047,-27.79584],[153.38062,-27.79527],[153.38067,-27.79492],[153.38063,-27.79459],[153.38044,-27.79408],[153.38033,-27.79376],[153.38033,-27.7936],[153.38038,-27.79332],[153.38066,-27.79285],[153.38089,-27.79257],[153.38107,-27.7923],[153.38122,-27.79194],[153.38132,-27.79155],[153.38175,-27.78883],[153.38175,-27.78857],[153.38172,-27.78836],[153.38166,-27.7881]]},"properties":{"name":"Moreton Drive","kind":"road_construction","operator":"","description":""}},{"type":"Feature","geometry":{"type":"Point","coordinates":[153.51844,-28.16886]},"properties":{"name":"Southern Cross University","kind":"university","operator":""}},{"type":"Feature","geometry":{"type":"LineString","coordinates":[[153.33967,-27.9285],[153.33976,-27.9285],[153.33995,-27.92853],[153.34018,-27.9286],[153.34024,-27.92866],[153.34026,-27.9287],[153.34026,-27.92871],[153.34026,-27.92876],[153.34023,-27.92882],[153.34019,-27.92886],[153.34014,-27.92888],[153.34007,-27.92888],[153.33996,-27.92886],[153.33974,-27.92881],[153.33966,-27.9288]]},"properties":{"name":"Country Club Drive","kind":"road_construction","operator":"","description":""}},{"type":"Feature","geometry":{"type":"Point","coordinates":[153.39324,-28.00784]},"properties":{"name":"Pindara Private Hospital","kind":"hospital","operator":""}},{"type":"Feature","geometry":{"type":"Point","coordinates":[152.91037,-27.68525]},"properties":{"name":"New hospital","kind":"hospital_construction","operator":"Aurecon Group"}},{"type":"Feature","geometry":{"type":"LineString","coordinates":[[153.15074,-27.70017],[153.151,-27.69991],[153.15135,-27.69964],[153.15177,-27.69943],[153.1522,-27.69933],[153.15264,-27.6993],[153.15302,-27.69932],[153.15341,-27.69929],[153.15383,-27.6992],[153.15406,-27.6991],[153.1542,-27.69905],[153.15462,-27.69879],[153.15491,-27.69846],[153.15509,-27.6981],[153.15516,-27.69784],[153.15559,-27.69531]]},"properties":{"name":"Beaudesert Railway (disused)","kind":"road_construction","operator":"","description":""}},{"type":"Feature","geometry":{"type":"Point","coordinates":[153.00239,-27.98484]},"properties":{"name":"Beaudesert Hospital","kind":"hospital","operator":"Qld Health"}},{"type":"Feature","geometry":{"type":"Point","coordinates":[152.99069,-27.48778]},"properties":{"name":"Toowong Office","kind":"university","operator":"University of Queensland"}},{"type":"Feature","geometry":{"type":"Point","coordinates":[152.95997,-27.07364]},"properties":{"name":"USC Caboolture","kind":"university","operator":"Regional Universities Network","description":"Campus is shared with TAFE"}},{"type":"Feature","geometry":{"type":"LineString","coordinates":[[152.92124,-27.0598],[152.92145,-27.05955],[152.92153,-27.05937],[152.92163,-27.05878],[152.9216,-27.05871],[152.92165,-27.05862],[152.92171,-27.05802],[152.92168,-27.05745],[152.92139,-27.0571],[152.92137,-27.05706],[152.92106,-27.05656],[152.92095,-27.05648],[152.92021,-27.05637],[152.92009,-27.05643],[152.92,-27.05701],[152.92004,-27.05709]]},"properties":{"name":"Central Springs Parade","kind":"road_construction","operator":"","description":""}},{"type":"Feature","geometry":{"type":"LineString","coordinates":[[153.49329,-28.1623],[153.49236,-28.16287],[153.49204,-28.16296],[153.49182,-28.16296],[153.49151,-28.16288],[153.49121,-28.1628],[153.48952,-28.16223],[153.48916,-28.16217],[153.48891,-28.16215],[153.48839,-28.16211],[153.48753,-28.16212],[153.48699,-28.16217],[153.4861,-28.16246],[153.48561,-28.16266],[153.48514,-28.1629],[153.48487,-28.16309],[153.48463,-28.16332],[153.48441,-28.16355],[153.48413,-28.1639],[153.48395,-28.16416],[153.48383,-28.16445],[153.48367,-28.16484],[153.48351,-28.16519],[153.48341,-28.16534],[153.48332,-28.16548],[153.48321,-28.16561],[153.48305,-28.16576],[153.48279,-28.16599],[153.48256,-28.16625],[153.48235,-28.16649],[153.48163,-28.16754],[153.48127,-28.16797],[153.48115,-28.16814],[153.48105,-28.16832],[153.48098,-28.16854],[153.48093,-28.16874],[153.48086,-28.16912],[153.48083,-28.16958],[153.48083,-28.17008],[153.48083,-28.17059],[153.48085,-28.1709],[153.48093,-28.17125],[153.48113,-28.17169],[153.48259,-28.17447],[153.48286,-28.17497],[153.48305,-28.17525],[153.48328,-28.17553],[153.48353,-28.17574],[153.48391,-28.17599],[153.48555,-28.17693],[153.48581,-28.17709],[153.48603,-28.17727],[153.48627,-28.17753],[153.48648,-28.17786],[153.48667,-28.17833],[153.48675,-28.17885],[153.48681,-28.18074],[153.48675,-28.18101],[153.48664,-28.18139],[153.48643,-28.18184],[153.48416,-28.18481],[153.48392,-28.18526],[153.48381,-28.18555],[153.48373,-28.18586],[153.48371,-28.18623],[153.48372,-28.18661],[153.4838,-28.187],[153.48404,-28.1874],[153.48436,-28.18787]]},"properties":{"name":"Cobaki Parkway","kind":"road_construction","operator":"","description":""}},{"type":"Feature","geometry":{"type":"LineString","coordinates":[[153.48098,-28.16854],[153.47739,-28.16703],[153.4768,-28.1668],[153.47639,-28.16662],[153.47596,-28.16656],[153.47546,-28.16657],[153.47484,-28.1667],[153.47453,-28.16681],[153.47434,-28.16687],[153.47402,-28.16703],[153.47377,-28.16721],[153.47373,-28.16723],[153.47354,-28.16744],[153.47329,-28.1677],[153.47308,-28.16808],[153.47291,-28.16843],[153.47282,-28.16861],[153.4727,-28.16878],[153.47254,-28.16891],[153.47225,-28.16908],[153.47208,-28.16928],[153.47202,-28.16945],[153.47167,-28.17185],[153.47171,-28.17244],[153.4719,-28.17274],[153.47265,-28.17332],[153.47414,-28.17433],[153.47518,-28.17528],[153.47552,-28.17565],[153.4757,-28.17602],[153.4757,-28.17645],[153.47537,-28.17769],[153.47496,-28.17881],[153.47486,-28.1792],[153.47483,-28.17958],[153.4749,-28.17983],[153.47501,-28.18013],[153.47516,-28.18034],[153.47541,-28.18055],[153.47564,-28.18067],[153.47602,-28.18081],[153.47977,-28.18158],[153.48027,-28.18175],[153.48074,-28.18198],[153.48179,-28.18291],[153.48304,-28.18421],[153.48332,-28.1844],[153.48416,-28.18481]]},"properties":{"name":"Sandy Road","kind":"road_construction","operator":"","description":""}},{"type":"Feature","geometry":{"type":"LineString","coordinates":[[152.96114,-27.18985],[152.96121,-27.18986],[152.96293,-27.1901],[152.963,-27.1901],[152.96307,-27.19009],[152.96313,-27.19006],[152.96318,-27.19002],[152.96322,-27.18998],[152.96324,-27.18993],[152.96338,-27.18917]]},"properties":{"name":"Grazier Street","kind":"road_construction","operator":"","description":""}},{"type":"Feature","geometry":{"type":"LineString","coordinates":[[152.92332,-27.06107],[152.92359,-27.05943],[152.92372,-27.05936],[152.92428,-27.05943],[152.92436,-27.05945],[152.92505,-27.05955],[152.92511,-27.05957],[152.92523,-27.05956],[152.92705,-27.05982]]},"properties":{"name":"Reedgrass Street","kind":"road_construction","operator":"","description":""}},{"type":"Feature","geometry":{"type":"LineString","coordinates":[[152.97467,-27.225],[152.97456,-27.22495],[152.9744,-27.22486],[152.9742,-27.22473],[152.974,-27.22458],[152.97397,-27.22454],[152.97395,-27.22451],[152.97391,-27.22441],[152.97391,-27.22437],[152.97391,-27.22433],[152.97392,-27.22431],[152.97393,-27.22429],[152.97396,-27.22427]]},"properties":{"name":"Stanley Circuit","kind":"road_construction","operator":"","description":""}},{"type":"Feature","geometry":{"type":"LineString","coordinates":[[153.02378,-27.45556],[153.02388,-27.45536]]},"properties":{"name":"Cross River Rail Up","kind":"rail_construction","operator":"","description":""}},{"type":"Feature","geometry":{"type":"Point","coordinates":[153.02809,-27.47721]},"properties":{"name":"QUT Garden Points campus","kind":"university","operator":"Queensland University of Technology"}},{"type":"Feature","geometry":{"type":"LineString","coordinates":[[153.02049,-27.45748],[153.02067,-27.45746],[153.02084,-27.45744],[153.02101,-27.45741],[153.02118,-27.45737],[153.02135,-27.45732],[153.02153,-27.45726],[153.02171,-27.45719],[153.02189,-27.45712],[153.02206,-27.45703],[153.02223,-27.45694],[153.02239,-27.45685],[153.02254,-27.45674],[153.02269,-27.45663]]},"properties":{"name":"Cross River Rail Down","kind":"rail_construction","operator":"","description":""}},{"type":"Feature","geometry":{"type":"LineString","coordinates":[[153.02051,-27.45758],[153.01915,-27.4577],[153.01893,-27.45771],[153.01843,-27.45775],[153.01822,-27.45777],[153.01802,-27.4578],[153.01783,-27.45784],[153.01763,-27.45789],[153.01744,-27.45794],[153.01725,-27.45801],[153.01707,-27.45808],[153.01688,-27.45816],[153.01671,-27.45825],[153.01654,-27.45835],[153.01637,-27.45845],[153.01621,-27.45856],[153.01606,-27.45868],[153.01591,-27.4588],[153.01578,-27.45893],[153.01564,-27.45907],[153.01552,-27.45921],[153.0154,-27.45936],[153.0153,-27.45951],[153.0152,-27.45967],[153.01511,-27.45983],[153.01503,-27.46],[153.01496,-27.46016],[153.0149,-27.46034],[153.01484,-27.46051],[153.0148,-27.46068],[153.01477,-27.46086],[153.01475,-27.46104],[153.01473,-27.46122],[153.01473,-27.46139],[153.01474,-27.46156],[153.01475,-27.46173],[153.01478,-27.4619],[153.01481,-27.46207],[153.01485,-27.46224],[153.01491,-27.46241],[153.01497,-27.46257],[153.01503,-27.46273],[153.01511,-27.46289],[153.0152,-27.46304],[153.01529,-27.46319],[153.01539,-27.46334],[153.0155,-27.46348],[153.01562,-27.46361],[153.01574,-27.46374],[153.01587,-27.46386],[153.016,-27.46398],[153.01614,-27.4641],[153.01629,-27.4642],[153.01644,-27.4643],[153.01659,-27.4644],[153.0193,-27.46564],[153.02108,-27.46647],[153.02139,-27.46661],[153.02169,-27.46677],[153.02199,-27.46693],[153.02229,-27.4671],[153.02257,-27.46727],[153.02285,-27.46746],[153.02312,-27.46764],[153.02339,-27.46784],[153.02365,-27.46804],[153.0239,-27.46825],[153.02415,-27.46846],[153.02439,-27.46868],[153.02463,-27.46891],[153.02735,-27.4717],[153.02794,-27.4723],[153.02884,-27.47323],[153.02896,-27.47336],[153.02908,-27.47348],[153.0292,-27.47359],[153.02933,-27.4737],[153.02946,-27.47381],[153.0296,-27.47391],[153.02975,-27.474],[153.0299,-27.47409],[153.03006,-27.47417],[153.03023,-27.47425],[153.03213,-27.47512],[153.03234,-27.47524],[153.03254,-27.47537],[153.03274,-27.4755],[153.03292,-27.47564],[153.0331,-27.47579],[153.03328,-27.47595],[153.03344,-27.47611],[153.0336,-27.47628],[153.03374,-27.47646],[153.03388,-27.47664],[153.03401,-27.47683],[153.03413,-27.47702],[153.03423,-27.47722],[153.03433,-27.47742],[153.03442,-27.47762],[153.0345,-27.47783],[153.03456,-27.47804],[153.03462,-27.47826],[153.03466,-27.47847],[153.0347,-27.47869],[153.03472,-27.47891],[153.03473,-27.47912],[153.03473,-27.47934],[153.03472,-27.47956],[153.0347,-27.47978],[153.03466,-27.48],[153.03376,-27.48532],[153.03353,-27.48667],[153.03348,-27.48687],[153.03342,-27.48707],[153.03336,-27.48727],[153.03329,-27.48746],[153.0332,-27.48765],[153.03311,-27.48784],[153.03301,-27.48802],[153.0329,-27.4882],[153.03278,-27.48838],[153.03265,-27.48855],[153.03251,-27.48872],[153.03237,-27.48888],[153.03222,-27.48903],[153.03173,-27.4895],[153.03158,-27.48968],[153.03143,-27.48985],[153.03129,-27.49004],[153.03117,-27.49023],[153.03105,-27.4904],[153.03095,-27.49059],[153.03086,-27.49077],[153.03078,-27.49096],[153.0307,-27.49115],[153.03064,-27.49135],[153.03058,-27.49155],[153.03054,-27.49174],[153.0305,-27.49194],[153.03048,-27.49215],[153.03046,-27.49235],[153.03045,-27.49255],[153.03046,-27.49275],[153.03047,-27.49295],[153.0305,-27.49315],[153.03053,-27.49336],[153.03057,-27.49356],[153.03079,-27.49448]]},"properties":{"name":"Cross River Rail Up","kind":"rail_construction","operator":"","description":""}},{"type":"Feature","geometry":{"type":"Point","coordinates":[152.90747,-27.68248]},"properties":{"name":"USQ Springfield Campus","kind":"university","operator":"University of Southern Queensland"}},{"type":"Feature","geometry":{"type":"Point","coordinates":[153.02366,-27.39092]},"properties":{"name":"St Vincent's Private Hospital Northside","kind":"hospital","operator":"SVPH"}},{"type":"Feature","geometry":{"type":"Point","coordinates":[153.2504,-27.54002]},"properties":{"name":"Redland Hospital","kind":"hospital","operator":""}},{"type":"Feature","geometry":{"type":"LineString","coordinates":[[152.95959,-26.95579],[152.95959,-26.95517],[152.95949,-26.95301],[152.95934,-26.95113],[152.95896,-26.94959],[152.95822,-26.94795],[152.95741,-26.9466],[152.95639,-26.945],[152.95575,-26.94337],[152.95533,-26.94199],[152.95498,-26.94033],[152.95492,-26.93886]]},"properties":{"name":"Beerburrum to Nambour Rail Upgrade","kind":"rail_proposed","operator":"","description":""}},{"type":"Feature","geometry":{"type":"LineString","coordinates":[[152.95494,-26.93837],[152.95495,-26.93822],[152.95497,-26.93758],[152.95514,-26.93568],[152.95549,-26.93372],[152.95688,-26.92746],[152.95754,-26.92425],[152.95803,-26.92237],[152.95838,-26.92035],[152.95839,-26.91967],[152.95831,-26.91899],[152.95825,-26.91873],[152.95801,-26.91768],[152.95735,-26.91477],[152.95729,-26.91422],[152.95731,-26.91368],[152.95739,-26.91304],[152.95762,-26.91179]]},"properties":{"name":"Beerburrum to Nambour Rail Upgrade","kind":"rail_proposed","operator":"","description":""}},{"type":"Feature","geometry":{"type":"LineString","coordinates":[[152.95492,-26.93886],[152.95493,-26.93874],[152.95493,-26.93863],[152.95494,-26.93837]]},"properties":{"name":"Beerburrum to Nambour Rail Upgrade","kind":"rail_proposed","operator":"","description":""}},{"type":"Feature","geometry":{"type":"LineString","coordinates":[[152.95717,-26.90061],[152.95712,-26.90054]]},"properties":{"name":"Beerburrum to Nambour Rail Upgrade","kind":"rail_proposed","operator":"","description":""}},{"type":"Feature","geometry":{"type":"LineString","coordinates":[[152.95764,-26.91168],[152.95827,-26.90829],[152.9586,-26.90642],[152.95872,-26.90508],[152.95871,-26.90464],[152.95864,-26.904],[152.95838,-26.90287],[152.95805,-26.90202],[152.95783,-26.90162],[152.95717,-26.90061]]},"properties":{"name":"Beerburrum to Nambour Rail Upgrade","kind":"rail_proposed","operator":"","description":""}},{"type":"Feature","geometry":{"type":"LineString","coordinates":[[152.95762,-26.91179],[152.95764,-26.91171],[152.95764,-26.91168]]},"properties":{"name":"Beerburrum to Nambour Rail Upgrade","kind":"rail_proposed","operator":"","description":""}},{"type":"Feature","geometry":{"type":"LineString","coordinates":[[152.95952,-26.9558],[152.95954,-26.95516],[152.95938,-26.95239],[152.95928,-26.95112],[152.95889,-26.94964],[152.95814,-26.94796],[152.95632,-26.94508],[152.95565,-26.94339],[152.95523,-26.94198],[152.95489,-26.94039],[152.95485,-26.93886]]},"properties":{"name":"Beerburrum to Nambour Rail Upgrade","kind":"rail_proposed","operator":"","description":""}},{"type":"Feature","geometry":{"type":"LineString","coordinates":[[152.95488,-26.93836],[152.95499,-26.93662],[152.95506,-26.93566],[152.95545,-26.93352],[152.95748,-26.92427],[152.95793,-26.9225],[152.95812,-26.92147],[152.95831,-26.92035],[152.95832,-26.91968]]},"properties":{"name":"Beerburrum to Nambour Rail Upgrade","kind":"rail_proposed","operator":"","description":""}},{"type":"Feature","geometry":{"type":"LineString","coordinates":[[152.95485,-26.93886],[152.95488,-26.93836]]},"properties":{"name":"Beerburrum to Nambour Rail Upgrade","kind":"rail_proposed","operator":"","description":""}},{"type":"Feature","geometry":{"type":"LineString","coordinates":[[152.95942,-26.95852],[152.95948,-26.9571],[152.95948,-26.95632]]},"properties":{"name":"Beerburrum to Nambour Rail Upgrade","kind":"rail_proposed","operator":"","description":""}},{"type":"Feature","geometry":{"type":"LineString","coordinates":[[152.95948,-26.95632],[152.95952,-26.9558]]},"properties":{"name":"Beerburrum to Nambour Rail Upgrade","kind":"rail_proposed","operator":"","description":""}},{"type":"Feature","geometry":{"type":"LineString","coordinates":[[152.95945,-26.95853],[152.95954,-26.95715],[152.95955,-26.95633]]},"properties":{"name":"Beerburrum to Nambour Rail Upgrade","kind":"rail_proposed","operator":"","description":""}},{"type":"Feature","geometry":{"type":"LineString","coordinates":[[152.95955,-26.95633],[152.95959,-26.95579]]},"properties":{"name":"Beerburrum to Nambour Rail Upgrade","kind":"rail_proposed","operator":"","description":""}},{"type":"Feature","geometry":{"type":"LineString","coordinates":[[152.76922,-27.671],[152.76969,-27.67106],[152.77013,-27.67112],[152.77066,-27.6712],[152.77153,-27.67143],[152.77238,-27.67157],[152.77247,-27.67157],[152.77254,-27.67157],[152.77259,-27.67159]]},"properties":{"name":"Binnies Road","kind":"road_construction","operator":"","description":""}},{"type":"Feature","geometry":{"type":"Point","coordinates":[153.03295,-27.23527]},"properties":{"name":"I Block","kind":"school_construction","operator":""}},{"type":"Feature","geometry":{"type":"LineString","coordinates":[[152.87729,-27.11366],[152.87764,-27.11226],[152.87793,-27.11138],[152.879,-27.10877],[152.87972,-27.10693],[152.88202,-27.10178],[152.88447,-27.09662],[152.88658,-27.09186],[152.88925,-27.08626],[152.89052,-27.08293],[152.89112,-27.08063],[152.89234,-27.07564],[152.89359,-27.07039],[152.8941,-27.06745],[152.89502,-27.06397],[152.89601,-27.06052],[152.89638,-27.05928],[152.89659,-27.05863],[152.89677,-27.05821],[152.89728,-27.05742],[152.89808,-27.05652],[152.8988,-27.05575],[152.89938,-27.05522],[152.8998,-27.05485]]},"properties":{"name":"Bruce Highway Western Alternative - Stage 1","kind":"road_proposed","operator":"","description":""}},{"type":"Feature","geometry":{"type":"LineString","coordinates":[[152.97449,-27.2256],[152.97401,-27.22531],[152.97383,-27.22516],[152.97342,-27.22461],[152.97301,-27.22412],[152.97237,-27.22326],[152.97177,-27.22246],[152.97138,-27.22186],[152.97101,-27.2212],[152.97076,-27.22063],[152.97053,-27.22002],[152.97034,-27.21946],[152.97022,-27.21895]]},"properties":{"name":"Thompson Road","kind":"road_proposed","operator":"","description":""}},{"type":"Feature","geometry":{"type":"LineString","coordinates":[[152.97697,-27.28693],[152.97739,-27.28701],[152.9777,-27.28705],[152.97811,-27.28712],[152.97869,-27.28721],[152.97919,-27.28729],[152.97961,-27.28734],[152.98006,-27.28737],[152.98031,-27.28736],[152.98056,-27.28731],[152.98092,-27.28717]]},"properties":{"name":"Francis Road","kind":"road_proposed","operator":"","description":""}},{"type":"Feature","geometry":{"type":"LineString","coordinates":[[152.97987,-27.28747],[152.97929,-27.28736],[152.97874,-27.28728],[152.97835,-27.28721],[152.97769,-27.28713],[152.97753,-27.28712],[152.9773,-27.28708],[152.97698,-27.28703]]},"properties":{"name":"Francis Road","kind":"road_proposed","operator":"","description":""}},{"type":"Feature","geometry":{"type":"LineString","coordinates":[[152.97542,-27.28674],[152.97569,-27.28673],[152.97582,-27.28675],[152.97592,-27.28677],[152.97622,-27.28683],[152.97652,-27.28687],[152.97671,-27.2869],[152.97686,-27.28691]]},"properties":{"name":"Francis Road","kind":"road_proposed","operator":"","description":""}},{"type":"Feature","geometry":{"type":"LineString","coordinates":[[153.34549,-27.94876],[153.34439,-27.94572],[153.34271,-27.94136],[153.34088,-27.93764],[153.3403,-27.93634],[153.33998,-27.93537],[153.33973,-27.93443],[153.33961,-27.9338],[153.33937,-27.93254],[153.33927,-27.93131],[153.33933,-27.93037],[153.33945,-27.92962],[153.33963,-27.92903],[153.34012,-27.92735],[153.34035,-27.9262],[153.34049,-27.92486],[153.34051,-27.92392],[153.34052,-27.92315],[153.34055,-27.9218],[153.34061,-27.92099],[153.34072,-27.91993],[153.34084,-27.91848],[153.34091,-27.91719],[153.34093,-27.91622],[153.34094,-27.91567],[153.34094,-27.91417],[153.34097,-27.91304],[153.341,-27.9086],[153.34091,-27.90723],[153.3408,-27.90633],[153.34061,-27.90534],[153.34033,-27.90391],[153.33991,-27.9024],[153.33935,-27.90085],[153.33861,-27.8991],[153.33799,-27.89757],[153.33723,-27.89566],[153.33647,-27.89383]]},"properties":{"name":"Coomera Connector Stage 1","kind":"road_construction","operator":"","description":""}},{"type":"Feature","geometry":{"type":"LineString","coordinates":[[153.34847,-27.98155],[153.34832,-27.98072],[153.34813,-27.97987],[153.34793,-27.97907],[153.34779,-27.97824],[153.34773,-27.97704],[153.3478,-27.97606],[153.34782,-27.97591],[153.3479,-27.97541],[153.34806,-27.97354],[153.34811,-27.97272],[153.34813,-27.97195],[153.34814,-27.97106],[153.34813,-27.96987],[153.34809,-27.9681],[153.34781,-27.96554],[153.34806,-27.96172],[153.34814,-27.96121],[153.34818,-27.9605],[153.34814,-27.95977],[153.34803,-27.95903],[153.34781,-27.95832],[153.34716,-27.95668],[153.34681,-27.95589],[153.34655,-27.95507],[153.34635,-27.95436],[153.34621,-27.95358],[153.34608,-27.95223],[153.34605,-27.95197]]},"properties":{"name":"Coomera Connector Stage 1","kind":"road_construction","operator":"","description":""}},{"type":"Feature","geometry":{"type":"LineString","coordinates":[[153.35511,-27.99736],[153.35508,-27.99729],[153.35506,-27.99725],[153.355,-27.99711],[153.3547,-27.99641],[153.35445,-27.99578],[153.35425,-27.9954],[153.35405,-27.9951],[153.3537,-27.99468]]},"properties":{"name":"Coomera Connector Stage 1","kind":"road_construction","operator":"","description":""}},{"type":"Feature","geometry":{"type":"LineString","coordinates":[[153.33668,-27.89377],[153.33701,-27.89454],[153.33815,-27.89747],[153.33882,-27.89913],[153.3394,-27.90043],[153.33972,-27.9012],[153.34009,-27.90238],[153.3405,-27.90389],[153.34082,-27.90533],[153.34097,-27.90631],[153.34117,-27.90843],[153.34116,-27.91058],[153.34119,-27.91413],[153.34118,-27.91497],[153.34116,-27.91658],[153.34109,-27.91818],[153.34093,-27.91986],[153.34077,-27.92121],[153.3407,-27.92242],[153.34069,-27.9235],[153.34069,-27.92439],[153.34067,-27.9249],[153.34061,-27.92566],[153.34044,-27.92685],[153.34004,-27.92837],[153.33978,-27.92923],[153.33966,-27.92964],[153.33954,-27.93039],[153.33948,-27.93132],[153.33959,-27.93256],[153.3398,-27.93376],[153.33987,-27.93418],[153.34002,-27.93479],[153.34018,-27.93533],[153.34049,-27.93628],[153.34067,-27.93678],[153.34109,-27.93767],[153.34227,-27.94004],[153.34277,-27.9411],[153.34319,-27.94225],[153.34352,-27.94299],[153.34453,-27.94565],[153.34483,-27.94628],[153.34568,-27.94871]]},"properties":{"name":"Coomera Connector Stage 1","kind":"road_construction","operator":"","description":""}},{"type":"Feature","geometry":{"type":"LineString","coordinates":[[153.3471,-27.9561],[153.34768,-27.95749],[153.348,-27.95829],[153.34818,-27.95889],[153.34832,-27.9597],[153.34838,-27.96053],[153.34825,-27.96179],[153.34793,-27.96551],[153.34824,-27.96773],[153.34833,-27.96972],[153.34832,-27.97109],[153.34829,-27.97182],[153.34825,-27.9741],[153.34802,-27.97574],[153.34788,-27.97741],[153.34794,-27.97817],[153.34805,-27.97899],[153.34829,-27.97993],[153.34849,-27.98081],[153.34862,-27.98159]]},"properties":{"name":"Coomera Connector Stage 1","kind":"road_construction","operator":"","description":""}},{"type":"Feature","geometry":{"type":"Point","coordinates":[152.95533,-27.07959]},"properties":{"name":"Caboolture Satellite Hospital","kind":"hospital","operator":"Queensland Health"}},{"type":"Feature","geometry":{"type":"LineString","coordinates":[[152.95479,-27.20786],[152.95152,-27.20743],[152.94812,-27.20675],[152.94446,-27.20576],[152.94155,-27.20476],[152.93882,-27.20372],[152.9331,-27.20145],[152.93198,-27.2009],[152.93042,-27.19969],[152.92767,-27.19702],[152.92593,-27.19548],[152.92506,-27.19466],[152.92403,-27.19365],[152.92323,-27.1926],[152.92272,-27.19205],[152.92221,-27.19148],[152.92107,-27.19045],[152.9206,-27.19019],[152.92021,-27.18996],[152.91941,-27.18967],[152.9186,-27.1895],[152.91672,-27.18925],[152.91281,-27.18883],[152.9092,-27.18831],[152.90798,-27.18808],[152.90703,-27.18787],[152.906,-27.18746],[152.90523,-27.18704],[152.90451,-27.18643],[152.90386,-27.18567],[152.90344,-27.18491],[152.90307,-27.18401],[152.90284,-27.18325],[152.90272,-27.18245],[152.90266,-27.18167],[152.9027,-27.18092],[152.9029,-27.1789],[152.90368,-27.174],[152.90429,-27.16825],[152.90448,-27.16673],[152.90444,-27.16563],[152.90422,-27.16466],[152.90357,-27.16308],[152.90316,-27.16182],[152.90285,-27.16083],[152.90262,-27.15957],[152.90255,-27.15817],[152.90254,-27.15631],[152.90241,-27.15412],[152.9018,-27.15176],[152.9015,-27.1508],[152.90128,-27.15013],[152.9007,-27.14861],[152.90036,-27.14795],[152.89996,-27.14744],[152.89949,-27.14704],[152.89904,-27.14676],[152.89745,-27.14604],[152.89303,-27.14416],[152.89143,-27.14329],[152.89026,-27.14255],[152.88918,-27.14159],[152.88731,-27.13931],[152.88618,-27.13826],[152.88481,-27.13732],[152.8833,-27.1366],[152.88189,-27.13601],[152.88002,-27.13522],[152.87867,-27.13446],[152.878,-27.13394],[152.87728,-27.13326],[152.87675,-27.13256],[152.87623,-27.13163],[152.87582,-27.13052],[152.87574,-27.12958],[152.87585,-27.12827],[152.87633,-27.12426],[152.8771,-27.11814],[152.87713,-27.11559],[152.87729,-27.11366]]},"properties":{"name":"Bruce Highway Western Alternative - Stage 2","kind":"road_proposed","operator":"","description":""}},{"type":"Feature","geometry":{"type":"LineString","coordinates":[[152.9,-27.05504],[152.89934,-27.05565],[152.89895,-27.05601],[152.89825,-27.05672],[152.8977,-27.0574],[152.89731,-27.05798],[152.89694,-27.0586],[152.89667,-27.05928],[152.89625,-27.06071],[152.89528,-27.06426],[152.89451,-27.06703],[152.89428,-27.0682],[152.89398,-27.07044],[152.8936,-27.07208],[152.89305,-27.07429],[152.89145,-27.08112],[152.89082,-27.08378],[152.89009,-27.08575],[152.88919,-27.08782],[152.88628,-27.09395],[152.88454,-27.098],[152.88278,-27.10142],[152.88175,-27.10371],[152.88052,-27.10649],[152.87963,-27.10851],[152.87879,-27.11064],[152.87836,-27.11194],[152.87818,-27.11264],[152.87795,-27.11371]]},"properties":{"name":"Bruce Highway Western Alternative - Stage 1","kind":"road_proposed","operator":"","description":""}},{"type":"Feature","geometry":{"type":"LineString","coordinates":[[152.87795,-27.11371],[152.87785,-27.11488],[152.8778,-27.11699],[152.87765,-27.1188],[152.87693,-27.12413],[152.87641,-27.12808],[152.8763,-27.12955],[152.87631,-27.13018],[152.87642,-27.1307],[152.87666,-27.13127],[152.87717,-27.1321],[152.87778,-27.13282],[152.87851,-27.13344],[152.87948,-27.13408],[152.88065,-27.13476],[152.8834,-27.13618],[152.88523,-27.13704],[152.88637,-27.13779],[152.88718,-27.13843],[152.8881,-27.13928],[152.88901,-27.14032],[152.88992,-27.14133],[152.8906,-27.14191],[152.8917,-27.14268],[152.89334,-27.14355],[152.89705,-27.1454],[152.89852,-27.14602],[152.89961,-27.14651],[152.89994,-27.14672],[152.90041,-27.14709],[152.90121,-27.14807],[152.90159,-27.14893],[152.90216,-27.15048],[152.90253,-27.15188],[152.90287,-27.15308],[152.90306,-27.15436],[152.9032,-27.1558],[152.90325,-27.15753],[152.90321,-27.15885],[152.90326,-27.15963],[152.90349,-27.16059],[152.90374,-27.16152],[152.90405,-27.16246],[152.90439,-27.16338],[152.90491,-27.16464],[152.9051,-27.16549],[152.90515,-27.16635],[152.90513,-27.16721],[152.90499,-27.16852],[152.90437,-27.17308],[152.90396,-27.1762],[152.90344,-27.17935],[152.90326,-27.18099],[152.90324,-27.18203],[152.9033,-27.18284],[152.90354,-27.1838],[152.90384,-27.18461],[152.90423,-27.1853],[152.90473,-27.18593],[152.90529,-27.18646],[152.9059,-27.18685],[152.90658,-27.18714],[152.90745,-27.18743],[152.90856,-27.18766],[152.91513,-27.18859],[152.91856,-27.18901],[152.91976,-27.18926],[152.92082,-27.18969],[152.92165,-27.19017],[152.92215,-27.19053],[152.92254,-27.19094],[152.9229,-27.19134],[152.92436,-27.193],[152.92553,-27.19424],[152.92693,-27.19555],[152.92967,-27.19822],[152.93162,-27.2],[152.93264,-27.20072],[152.93381,-27.20128],[152.93614,-27.20218],[152.94092,-27.20413],[152.94433,-27.20525],[152.9461,-27.20576],[152.94918,-27.20655],[152.95146,-27.207],[152.95486,-27.20744]]},"properties":{"name":"Bruce Highway Western Alternative - Stage 2","kind":"road_proposed","operator":"","description":""}},{"type":"Feature","geometry":{"type":"LineString","coordinates":[[152.90245,-27.14857],[152.90244,-27.1482],[152.90238,-27.14786],[152.90225,-27.14755],[152.90202,-27.14715],[152.90158,-27.14671],[152.90111,-27.14635],[152.90077,-27.14603],[152.90057,-27.14579],[152.90044,-27.1455],[152.90034,-27.14514]]},"properties":{"name":"Wingara Drive","kind":"road_proposed","operator":"","description":""}},{"type":"Feature","geometry":{"type":"LineString","coordinates":[[153.34049,-27.92486],[153.34041,-27.92474],[153.34035,-27.92375],[153.34036,-27.92305],[153.34036,-27.92252],[153.34028,-27.92201],[153.3402,-27.92171],[153.34016,-27.92154],[153.34015,-27.92114],[153.34025,-27.92074],[153.34033,-27.92047],[153.34041,-27.91996],[153.34042,-27.91987],[153.34045,-27.91951]]},"properties":{"name":"Gold Coast Highway Exit","kind":"road_construction","operator":"","description":""}},{"type":"Feature","geometry":{"type":"LineString","coordinates":[[153.28136,-27.59819],[153.28111,-27.59815],[153.28101,-27.59817],[153.28092,-27.59812],[153.2803,-27.59803],[153.28025,-27.59804],[153.28022,-27.59808],[153.27992,-27.5995],[153.27993,-27.59956],[153.27998,-27.59959],[153.28054,-27.59969],[153.28063,-27.59967],[153.28085,-27.59957]]},"properties":{"name":"Hazell Circuit","kind":"road_construction","operator":"","description":""}},{"type":"Feature","geometry":{"type":"LineString","coordinates":[[153.02938,-27.49942],[153.02954,-27.49924],[153.02963,-27.49915],[153.02977,-27.49902],[153.02991,-27.49889],[153.03027,-27.49858],[153.0304,-27.49846],[153.03051,-27.49834],[153.03061,-27.49822],[153.03071,-27.49808],[153.0308,-27.49795],[153.0308,-27.49793]]},"properties":{"name":"Cross River Rail Down","kind":"rail_construction","operator":"","description":""}},{"type":"Feature","geometry":{"type":"LineString","coordinates":[[153.03077,-27.49813],[153.03068,-27.49825],[153.03057,-27.49838],[153.03045,-27.4985],[153.03032,-27.49862],[153.03011,-27.4988],[153.02975,-27.49911],[153.02968,-27.49918],[153.0296,-27.49927],[153.02943,-27.49946],[153.02938,-27.49953]]},"properties":{"name":"Cross River Rail Up","kind":"rail_construction","operator":"","description":""}},{"type":"Feature","geometry":{"type":"LineString","coordinates":[[153.0308,-27.49793],[153.03087,-27.49781],[153.03094,-27.49766],[153.031,-27.49751],[153.03104,-27.49736],[153.03108,-27.49721],[153.0311,-27.49705],[153.03112,-27.4969],[153.03112,-27.49674],[153.03112,-27.49659],[153.0311,-27.49644],[153.03107,-27.49628],[153.03104,-27.49613],[153.03065,-27.4945],[153.03043,-27.49358],[153.03039,-27.49338],[153.03035,-27.49317],[153.03033,-27.49296],[153.03031,-27.49276],[153.03031,-27.49255],[153.03031,-27.49234],[153.03033,-27.49213],[153.03036,-27.49193],[153.03039,-27.49172],[153.03044,-27.49152],[153.0305,-27.49131],[153.03056,-27.49111],[153.03064,-27.49092],[153.03073,-27.49072],[153.03082,-27.49053],[153.03093,-27.49034],[153.03104,-27.49016],[153.03117,-27.48997],[153.03131,-27.48978],[153.03146,-27.4896],[153.03162,-27.48942],[153.03211,-27.48895],[153.03226,-27.4888],[153.0324,-27.48864],[153.03253,-27.48848],[153.03266,-27.48831],[153.03277,-27.48814],[153.03288,-27.48796],[153.03298,-27.48778],[153.03307,-27.4876],[153.03315,-27.48742],[153.03322,-27.48723],[153.03329,-27.48704],[153.03334,-27.48685],[153.03338,-27.48665],[153.03452,-27.47998],[153.03455,-27.47977],[153.03457,-27.47955],[153.03459,-27.47934],[153.03459,-27.47913],[153.03457,-27.47891],[153.03455,-27.4787],[153.03452,-27.47849],[153.03448,-27.47828],[153.03442,-27.47807],[153.03436,-27.47787],[153.03428,-27.47767],[153.0342,-27.47747],[153.0341,-27.47727],[153.034,-27.47708],[153.03388,-27.47689],[153.03376,-27.47671],[153.03362,-27.47653],[153.03348,-27.47636],[153.03333,-27.4762],[153.03317,-27.47604],[153.033,-27.47588],[153.03283,-27.47574],[153.03264,-27.4756],[153.03245,-27.47547],[153.03226,-27.47535],[153.03206,-27.47523],[153.03016,-27.47437],[153.02999,-27.47429],[153.02982,-27.4742],[153.02966,-27.4741],[153.02951,-27.47401],[153.02937,-27.4739],[153.02923,-27.4738],[153.0291,-27.47368],[153.02897,-27.47356],[153.02885,-27.47344],[153.02873,-27.47331],[153.02783,-27.47238],[153.02452,-27.46899],[153.02429,-27.46877],[153.02405,-27.46855],[153.02381,-27.46834],[153.02355,-27.46814],[153.0233,-27.46794],[153.02303,-27.46774],[153.02276,-27.46756],[153.02249,-27.46738],[153.02221,-27.46721],[153.02192,-27.46704],[153.02162,-27.46688],[153.02132,-27.46672],[153.02102,-27.46658],[153.01652,-27.46451],[153.01635,-27.46441],[153.0162,-27.4643],[153.01605,-27.46419],[153.0159,-27.46408],[153.01576,-27.46395],[153.01563,-27.46383],[153.0155,-27.46369],[153.01539,-27.46355],[153.01527,-27.46341],[153.01517,-27.46326],[153.01507,-27.4631],[153.01498,-27.46294],[153.0149,-27.46278],[153.01483,-27.46261],[153.01477,-27.46244],[153.01471,-27.46227],[153.01467,-27.4621],[153.01463,-27.46192],[153.01461,-27.46175],[153.01459,-27.46157],[153.01459,-27.46139],[153.01459,-27.46121],[153.0146,-27.46103],[153.01462,-27.46084],[153.01466,-27.46066],[153.0147,-27.46048],[153.01476,-27.4603],[153.01482,-27.46012],[153.01489,-27.45995],[153.01498,-27.45978],[153.01507,-27.45961],[153.01517,-27.45945],[153.01528,-27.45929],[153.0154,-27.45914],[153.01553,-27.45899],[153.01567,-27.45885],[153.01581,-27.45871],[153.01596,-27.45858],[153.01612,-27.45846],[153.01629,-27.45835],[153.01646,-27.45824],[153.01663,-27.45814],[153.01682,-27.45805],[153.017,-27.45796],[153.0172,-27.45789],[153.01739,-27.45782],[153.01759,-27.45776],[153.01779,-27.45771],[153.018,-27.45767],[153.0182,-27.45764],[153.01841,-27.45762],[153.01892,-27.45759],[153.01914,-27.45757],[153.02049,-27.45748]]},"properties":{"name":"Cross River Rail Down","kind":"rail_construction","operator":"","description":""}},{"type":"Feature","geometry":{"type":"LineString","coordinates":[[153.03079,-27.49448],[153.03098,-27.49529],[153.03118,-27.4961],[153.03121,-27.49627],[153.03123,-27.49643],[153.03125,-27.49659],[153.03125,-27.49675],[153.03124,-27.49691],[153.03121,-27.49707],[153.03118,-27.49723],[153.03114,-27.49738],[153.03109,-27.49754],[153.03103,-27.49769],[153.03095,-27.49784],[153.03087,-27.49798],[153.03078,-27.49812],[153.03077,-27.49813]]},"properties":{"name":"Cross River Rail Up","kind":"rail_construction","operator":"","description":""}},{"type":"Feature","geometry":{"type":"LineString","coordinates":[[153.02275,-27.45668],[153.02262,-27.45678],[153.02248,-27.45688],[153.02234,-27.45698],[153.02219,-27.45707],[153.02204,-27.45715],[153.02188,-27.45723],[153.02172,-27.45729],[153.02156,-27.45736],[153.02139,-27.45741],[153.02122,-27.45746],[153.02104,-27.4575],[153.02086,-27.45754],[153.02069,-27.45756],[153.02051,-27.45758]]},"properties":{"name":"Cross River Rail Up","kind":"rail_construction","operator":"","description":""}},{"type":"Feature","geometry":{"type":"LineString","coordinates":[[153.03313,-27.49683],[153.03313,-27.49686],[153.03312,-27.49687],[153.03309,-27.49688],[153.03219,-27.49674],[153.03212,-27.49673],[153.03205,-27.49675],[153.03197,-27.49677],[153.03191,-27.49681],[153.03185,-27.49683],[153.03178,-27.49683],[153.03173,-27.49681],[153.03168,-27.49676],[153.03167,-27.49671],[153.03167,-27.49666],[153.0317,-27.49662],[153.03174,-27.49658],[153.0318,-27.49656],[153.03187,-27.49657],[153.03193,-27.4966],[153.03196,-27.49665]]},"properties":{"name":"Yamma Bridge","kind":"road_construction","operator":"","description":""}},{"type":"Feature","geometry":{"type":"LineString","coordinates":[[153.0316,-27.49685],[153.03181,-27.49698],[153.03187,-27.49699],[153.03192,-27.497],[153.03198,-27.49697],[153.03202,-27.49694],[153.03203,-27.4969],[153.03203,-27.49684],[153.03196,-27.49665]]},"properties":{"name":"Yamma Bridge","kind":"road_construction","operator":"","description":""}},{"type":"Feature","geometry":{"type":"Point","coordinates":[153.40011,-27.49668]},"properties":{"name":"University of Queensland Morteon Bay Research Station","kind":"university","operator":""}},{"type":"Feature","geometry":{"type":"Point","coordinates":[153.03064,-27.49977]},"properties":{"name":"Pharmacy Australia Centre of Excellence","kind":"university","operator":"University of Queensland"}},{"type":"Feature","geometry":{"type":"Point","coordinates":[152.81659,-27.19169]},"properties":{"name":"University of Queensland Vets Dayboro","kind":"university","operator":""}},{"type":"Feature","geometry":{"type":"Point","coordinates":[153.02826,-27.46714]},"properties":{"name":"University of Queensland Brisbane City","kind":"university","operator":""}},{"type":"Feature","geometry":{"type":"LineString","coordinates":[[153.33945,-27.83007],[153.33898,-27.82906],[153.33823,-27.82673],[153.33777,-27.82395],[153.33758,-27.82092],[153.33741,-27.81926],[153.33732,-27.81881],[153.33699,-27.8181],[153.33635,-27.81736],[153.33523,-27.8165],[153.33292,-27.81527],[153.3171,-27.80881],[153.31582,-27.80813],[153.31413,-27.8068],[153.31192,-27.80493],[153.31037,-27.80316],[153.30892,-27.80123],[153.30774,-27.79983],[153.30657,-27.79839],[153.30549,-27.79732],[153.30412,-27.79612],[153.30198,-27.79502],[153.30037,-27.79396],[153.2968,-27.79124],[153.29643,-27.79091],[153.29246,-27.78741],[153.28938,-27.78455],[153.28578,-27.78104],[153.2846,-27.78008],[153.28345,-27.77915],[153.28146,-27.77767],[153.27959,-27.77632],[153.27706,-27.77442],[153.27403,-27.77211],[153.27288,-27.77114],[153.2697,-27.76795],[153.26792,-27.76538],[153.26734,-27.76368],[153.2669,-27.76201],[153.26676,-27.76065],[153.26681,-27.75764],[153.26707,-27.75623],[153.268,-27.75325],[153.26976,-27.74964],[153.27104,-27.74627],[153.27125,-27.74509],[153.27119,-27.74402],[153.27085,-27.74224],[153.27031,-27.73987],[153.2694,-27.73828],[153.26728,-27.73598],[153.26664,-27.73537],[153.26551,-27.73464],[153.26219,-27.73279],[153.26107,-27.73211],[153.26018,-27.73132],[153.25896,-27.73016],[153.25805,-27.72884],[153.25741,-27.72732],[153.25699,-27.72532],[153.25669,-27.72333],[153.25649,-27.72234],[153.25625,-27.72085],[153.25587,-27.71976],[153.25496,-27.71836],[153.25403,-27.71755],[153.25297,-27.7169],[153.25086,-27.71613],[153.2456,-27.71419],[153.23755,-27.71082],[153.23672,-27.71034],[153.23533,-27.70921],[153.23311,-27.70654],[153.23181,-27.70467],[153.22964,-27.7022],[153.22705,-27.69991],[153.22591,-27.69841],[153.22508,-27.69675],[153.22462,-27.69538],[153.22441,-27.69342],[153.22398,-27.69134],[153.22348,-27.69023],[153.22272,-27.68865],[153.22195,-27.68765],[153.2198,-27.68585],[153.21763,-27.68484],[153.21658,-27.68451],[153.21536,-27.6842],[153.21396,-27.68404],[153.21252,-27.684],[153.21015,-27.68441],[153.20513,-27.68604],[153.19928,-27.68834],[153.19693,-27.68892],[153.19524,-27.68899],[153.19313,-27.68868],[153.192,-27.68835]]},"properties":{"name":"Coomera Connector (Future Stages)","kind":"road_proposed","operator":"","description":""}},{"type":"Feature","geometry":{"type":"LineString","coordinates":[[153.19211,-27.68811],[153.19324,-27.68845],[153.19526,-27.68873],[153.19709,-27.68865],[153.19924,-27.68809],[153.205,-27.68582],[153.21024,-27.68412],[153.21263,-27.68375],[153.21395,-27.68382],[153.21525,-27.684],[153.21662,-27.68434],[153.21764,-27.68465],[153.21986,-27.68567],[153.22065,-27.68621],[153.22221,-27.68748],[153.22305,-27.68873],[153.22422,-27.69127],[153.22467,-27.69326],[153.22489,-27.69523],[153.22526,-27.6964],[153.22616,-27.69825],[153.22726,-27.69976],[153.22993,-27.70207],[153.23202,-27.70446],[153.23334,-27.70643],[153.23553,-27.70906],[153.23694,-27.71022],[153.23773,-27.71064],[153.24559,-27.71396],[153.25093,-27.71586],[153.25315,-27.71667],[153.25423,-27.71736],[153.25525,-27.71826],[153.25616,-27.71961],[153.25655,-27.72078],[153.25766,-27.72728],[153.25832,-27.7288],[153.25921,-27.73004],[153.26121,-27.73189],[153.26225,-27.73254],[153.26567,-27.73444],[153.26677,-27.73513],[153.2675,-27.73584],[153.26968,-27.73817],[153.27059,-27.73982],[153.2711,-27.74218],[153.27148,-27.74397],[153.27154,-27.74513],[153.27136,-27.74627],[153.27013,-27.74966],[153.26835,-27.75333],[153.26742,-27.75633],[153.26717,-27.75764],[153.26714,-27.7606],[153.26727,-27.76206],[153.26762,-27.76344],[153.26824,-27.76525],[153.27003,-27.76777],[153.2732,-27.77095],[153.27735,-27.77418],[153.27986,-27.77611],[153.28126,-27.77725],[153.28356,-27.7789],[153.28481,-27.77992],[153.28604,-27.78092],[153.29265,-27.78726],[153.29664,-27.79078],[153.29698,-27.79106],[153.30052,-27.79378],[153.30206,-27.79476],[153.30429,-27.79591],[153.30573,-27.79707],[153.30705,-27.79844],[153.30887,-27.80067],[153.3105,-27.80278],[153.31217,-27.8047],[153.31592,-27.8078],[153.31759,-27.80867],[153.33318,-27.81503],[153.33552,-27.81631],[153.33661,-27.81719],[153.33725,-27.81794],[153.33761,-27.81873],[153.33772,-27.8192],[153.33789,-27.82089],[153.33808,-27.82388],[153.33832,-27.82532],[153.33856,-27.82681],[153.33927,-27.829]]},"properties":{"name":"Coomera Connector (Future Stages)","kind":"road_proposed","operator":"","description":""}},{"type":"Feature","geometry":{"type":"LineString","coordinates":[[153.02269,-27.45663],[153.02291,-27.45645],[153.02319,-27.45618],[153.02332,-27.45603],[153.02345,-27.45587],[153.02355,-27.45572],[153.02364,-27.45558],[153.02368,-27.45552]]},"properties":{"name":"Cross River Rail Down","kind":"rail_construction","operator":"","description":""}},{"type":"Feature","geometry":{"type":"LineString","coordinates":[[153.02378,-27.45556],[153.02367,-27.45573],[153.02356,-27.4559],[153.02327,-27.45624],[153.02313,-27.4564],[153.02297,-27.45654],[153.02275,-27.45668]]},"properties":{"name":"Cross River Rail Up","kind":"rail_construction","operator":"","description":""}},{"type":"Feature","geometry":{"type":"LineString","coordinates":[[153.0395,-27.43318],[153.03952,-27.43334],[153.03962,-27.43417],[153.0396,-27.43456],[153.0395,-27.43518],[153.03927,-27.43645],[153.03921,-27.43676],[153.03916,-27.4372],[153.03919,-27.43757],[153.03927,-27.43812],[153.03927,-27.43851],[153.03923,-27.43872],[153.03914,-27.43909],[153.03901,-27.43941],[153.03874,-27.43989]]},"properties":{"name":"Planned/under construction","kind":"rail_construction","operator":"","description":""}},{"type":"Feature","geometry":{"type":"LineString","coordinates":[[152.85931,-27.62622],[152.85906,-27.62635],[152.85838,-27.62661],[152.85828,-27.62658],[152.85814,-27.62632],[152.85779,-27.62568],[152.85786,-27.62522],[152.85793,-27.62515],[152.85853,-27.6252],[152.85861,-27.62527],[152.85857,-27.62557],[152.85903,-27.6263],[152.85906,-27.62635]]},"properties":{"name":"Bloodstone Crescent","kind":"road_construction","operator":"","description":""}},{"type":"Feature","geometry":{"type":"LineString","coordinates":[[152.81439,-27.59811],[152.81432,-27.598],[152.81374,-27.59733],[152.81355,-27.59719],[152.81336,-27.59711],[152.81313,-27.59705],[152.81289,-27.597],[152.81137,-27.59678],[152.81133,-27.59678],[152.81128,-27.5968],[152.81124,-27.59682],[152.81122,-27.59687],[152.81113,-27.59734],[152.81112,-27.59739],[152.8111,-27.59742],[152.81107,-27.59744],[152.81104,-27.59745],[152.8106,-27.59739]]},"properties":{"name":"Peacock Drive","kind":"road_construction","operator":"","description":""}},{"type":"Feature","geometry":{"type":"LineString","coordinates":[[152.81327,-27.59801],[152.81328,-27.59791],[152.81327,-27.59784],[152.81322,-27.59779],[152.81316,-27.59775],[152.81119,-27.59747],[152.81114,-27.59745],[152.8111,-27.59742]]},"properties":{"name":"Denman Drive","kind":"road_construction","operator":"","description":""}},{"type":"Feature","geometry":{"type":"Point","coordinates":[153.10052,-27.58886]},"properties":{"name":"Eight Mile Plains Satellite Hospital","kind":"hospital_construction","operator":"Queensland Government"}},{"type":"Feature","geometry":{"type":"LineString","coordinates":[[153.2145,-27.76953],[153.21187,-27.76754],[153.21183,-27.7675],[153.21182,-27.76745],[153.21181,-27.76739],[153.21182,-27.76733],[153.21184,-27.76727],[153.21208,-27.76701]]},"properties":{"name":"Stephens Way","kind":"road_construction","operator":"","description":""}},{"type":"Feature","geometry":{"type":"LineString","coordinates":[[153.33991,-27.932],[153.33974,-27.93159],[153.33972,-27.93101],[153.33975,-27.93065],[153.33981,-27.93034],[153.33988,-27.9301],[153.34005,-27.92981],[153.34021,-27.92947],[153.34028,-27.92925],[153.34028,-27.92915],[153.34027,-27.92905],[153.34026,-27.929]]},"properties":{"name":"Country Club Drive","kind":"road_construction","operator":"","description":""}},{"type":"Feature","geometry":{"type":"LineString","coordinates":[[153.34061,-27.91943],[153.34052,-27.91972],[153.34049,-27.91999],[153.34044,-27.92055],[153.34039,-27.92105],[153.3403,-27.92136],[153.3402,-27.92171],[153.3401,-27.92204],[153.34006,-27.92236],[153.34005,-27.92281]]},"properties":{"name":"Country Club Drive","kind":"road_construction","operator":"","description":""}},{"type":"Feature","geometry":{"type":"LineString","coordinates":[[152.98545,-27.11399],[152.98492,-27.11432],[152.98478,-27.11439],[152.98468,-27.11442],[152.98459,-27.11444],[152.98438,-27.11444],[152.98216,-27.11411],[152.97994,-27.1138]]},"properties":{"name":"Port Binnli Drive","kind":"road_construction","operator":"","description":""}},{"type":"Feature","geometry":{"type":"LineString","coordinates":[[152.98459,-27.11444],[152.98456,-27.11463],[152.98438,-27.11619],[152.98418,-27.11685],[152.98395,-27.1177],[152.98388,-27.1178],[152.98381,-27.11787],[152.98368,-27.11788],[152.98157,-27.11758],[152.98035,-27.11742],[152.97933,-27.11728]]},"properties":{"name":"Notus Drive","kind":"road_construction","operator":"","description":""}},{"type":"Feature","geometry":{"type":"LineString","coordinates":[[152.98381,-27.11787],[152.98383,-27.11797],[152.98385,-27.11805],[152.98382,-27.11815],[152.98341,-27.11943],[152.98301,-27.1207],[152.98297,-27.12076],[152.98281,-27.12096]]},"properties":{"name":"Euros Lane","kind":"road_construction","operator":"","description":""}},{"type":"Feature","geometry":{"type":"LineString","coordinates":[[153.43115,-28.03572],[153.43115,-28.03593]]},"properties":{"name":"Gold Coast Light Rail Stage 3","kind":"rail_construction","operator":"","description":""}},{"type":"Feature","geometry":{"type":"Point","coordinates":[153.00161,-27.49425]},"properties":{"name":"University of Queensland, Avalon Theatre Precinct","kind":"university","operator":""}},{"type":"Feature","geometry":{"type":"LineString","coordinates":[[153.03945,-27.43318],[153.03956,-27.43423]]},"properties":{"name":"Planned/under construction","kind":"rail_construction","operator":"","description":""}},{"type":"Feature","geometry":{"type":"LineString","coordinates":[[153.02368,-27.45552],[153.0238,-27.45531]]},"properties":{"name":"Cross River Rail Down","kind":"rail_construction","operator":"","description":""}},{"type":"Feature","geometry":{"type":"LineString","coordinates":[[153.0238,-27.45531],[153.02382,-27.45526],[153.02406,-27.4548]]},"properties":{"name":"Cross River Rail Down","kind":"rail_construction","operator":"","description":""}},{"type":"Feature","geometry":{"type":"LineString","coordinates":[[153.02388,-27.45536],[153.02399,-27.45514],[153.02438,-27.45427]]},"properties":{"name":"Cross River Rail Up","kind":"rail_construction","operator":"","description":""}},{"type":"Feature","geometry":{"type":"LineString","coordinates":[[152.96029,-26.95334],[152.96044,-26.95334],[152.96068,-26.95337],[152.96092,-26.95348],[152.96114,-26.9536],[152.96133,-26.9538],[152.96143,-26.95404],[152.96148,-26.95436],[152.96143,-26.95463],[152.96133,-26.95485],[152.96121,-26.95499],[152.96105,-26.95513],[152.96084,-26.95527],[152.96055,-26.95543]]},"properties":{"name":"Beerburrum Road","kind":"road_proposed","operator":"","description":""}},{"type":"Feature","geometry":{"type":"LineString","coordinates":[[152.95751,-26.92945],[152.95773,-26.92745],[152.95818,-26.92521],[152.95858,-26.92345],[152.95881,-26.92199],[152.95886,-26.91983],[152.95875,-26.91817],[152.95851,-26.91703],[152.95836,-26.91659],[152.9581,-26.91582],[152.95785,-26.91499],[152.95775,-26.91387],[152.95784,-26.912]]},"properties":{"name":"Steve Irwin Way","kind":"road_construction","operator":"","description":""}},{"type":"Feature","geometry":{"type":"LineString","coordinates":[[152.99499,-27.48517],[152.99519,-27.48521],[152.99539,-27.48525],[152.99561,-27.4853],[152.99583,-27.48538],[152.99606,-27.48547],[152.99628,-27.48557],[152.9965,-27.48567],[152.99672,-27.48578],[152.99693,-27.4859],[152.99713,-27.48603],[152.99729,-27.48615],[152.99746,-27.48627]]},"properties":{"name":"Toowong to West End Green Bridge","kind":"road_proposed","operator":"","description":""}},{"type":"Feature","geometry":{"type":"LineString","coordinates":[[153.34173,-27.85003],[153.34228,-27.84945],[153.34311,-27.84874],[153.34373,-27.84821],[153.34396,-27.848],[153.34408,-27.84781],[153.34419,-27.84753],[153.34419,-27.84723],[153.34415,-27.84699],[153.34404,-27.84668]]},"properties":{"name":"Coomera Connector (Stage 2)","kind":"road_proposed","operator":"","description":""}},{"type":"Feature","geometry":{"type":"LineString","coordinates":[[153.34413,-27.84664],[153.34424,-27.84691],[153.34431,-27.84701],[153.34443,-27.84708],[153.34459,-27.84709],[153.34477,-27.84706],[153.34501,-27.84691],[153.34588,-27.84611]]},"properties":{"name":"Coomera Connector (Stage 2)","kind":"road_proposed","operator":"","description":""}},{"type":"Feature","geometry":{"type":"LineString","coordinates":[[153.33943,-27.82768],[153.33952,-27.82764],[153.33958,-27.82762],[153.33968,-27.82755],[153.33975,-27.82745],[153.33979,-27.82735],[153.33978,-27.82724],[153.33973,-27.82713],[153.33965,-27.82705],[153.33954,-27.82699],[153.33942,-27.82696],[153.3393,-27.82698]]},"properties":{"name":"Coomera Connector (Stage 2)","kind":"road_proposed","operator":"","description":""}},{"type":"Feature","geometry":{"type":"LineString","coordinates":[[153.3393,-27.82698],[153.33918,-27.82702],[153.33908,-27.82711],[153.33902,-27.82721],[153.33901,-27.82733],[153.33902,-27.82756],[153.33911,-27.82811],[153.33927,-27.829]]},"properties":{"name":"Coomera Connector (Stage 2)","kind":"road_proposed","operator":"","description":""}},{"type":"Feature","geometry":{"type":"LineString","coordinates":[[153.33832,-27.82532],[153.33861,-27.82618],[153.33885,-27.82652],[153.33911,-27.82674],[153.33943,-27.82689],[153.33956,-27.82693],[153.3397,-27.827],[153.33979,-27.8271],[153.33985,-27.82722],[153.33986,-27.82735],[153.33983,-27.82746],[153.33975,-27.82757],[153.33966,-27.82766],[153.33945,-27.82774],[153.33926,-27.82777]]},"properties":{"name":"Coomera Connector (Future Stages)","kind":"road_proposed","operator":"","description":""}},{"type":"Feature","geometry":{"type":"LineString","coordinates":[[153.30071,-27.7913],[153.29949,-27.79148],[153.29928,-27.79152],[153.29853,-27.79175],[153.29802,-27.79202],[153.29727,-27.79255],[153.29706,-27.79272],[153.29695,-27.7928],[153.29649,-27.79318]]},"properties":{"name":"Coomera Connector (Future Stages)","kind":"road_proposed","operator":"","description":""}},{"type":"Feature","geometry":{"type":"LineString","coordinates":[[153.29698,-27.79106],[153.2977,-27.79143],[153.29803,-27.79169],[153.2986,-27.7921],[153.29882,-27.79227],[153.29903,-27.7923],[153.29919,-27.79224],[153.29932,-27.79212],[153.29934,-27.79195],[153.29934,-27.79176],[153.29928,-27.79152]]},"properties":{"name":"Coomera Connector (Future Stages)","kind":"road_proposed","operator":"","description":""}},{"type":"Feature","geometry":{"type":"LineString","coordinates":[[153.30037,-27.79396],[153.29953,-27.79362],[153.29899,-27.79331],[153.29844,-27.79315],[153.29803,-27.7931],[153.29752,-27.79307],[153.2972,-27.79297],[153.29695,-27.7928]]},"properties":{"name":"Coomera Connector (Future Stages)","kind":"road_proposed","operator":"","description":""}},{"type":"Feature","geometry":{"type":"LineString","coordinates":[[153.29706,-27.79272],[153.29721,-27.79283],[153.29745,-27.79293],[153.29771,-27.79295],[153.29789,-27.79288],[153.29803,-27.79277],[153.29809,-27.79267],[153.29808,-27.79253],[153.29801,-27.79244],[153.29786,-27.79231],[153.29712,-27.79177],[153.2968,-27.79124]]},"properties":{"name":"Coomera Connector (Future Stages)","kind":"road_proposed","operator":"","description":""}},{"type":"Feature","geometry":{"type":"LineString","coordinates":[[153.27031,-27.73987],[153.26931,-27.73848],[153.26848,-27.73759],[153.26765,-27.73671],[153.26721,-27.73618],[153.26691,-27.73592],[153.26653,-27.73569],[153.26627,-27.73558]]},"properties":{"name":"Coomera Connector (Future Stages)","kind":"road_proposed","operator":"","description":""}},{"type":"Feature","geometry":{"type":"LineString","coordinates":[[153.21583,-27.68685],[153.21614,-27.68582],[153.21646,-27.68494],[153.21651,-27.6848],[153.21689,-27.68416],[153.21721,-27.68366],[153.21802,-27.68296],[153.22013,-27.68155],[153.22249,-27.68044],[153.22381,-27.67999]]},"properties":{"name":"Coomera Connector (Future Stages)","kind":"road_proposed","operator":"","description":""}},{"type":"Feature","geometry":{"type":"LineString","coordinates":[[153.22387,-27.68013],[153.22255,-27.68059],[153.22026,-27.68164],[153.21816,-27.68303],[153.21732,-27.68374],[153.21702,-27.68421],[153.21666,-27.68482],[153.2166,-27.68497],[153.21628,-27.68585],[153.21599,-27.68689]]},"properties":{"name":"Coomera Connector (Future Stages)","kind":"road_proposed","operator":"","description":""}},{"type":"Feature","geometry":{"type":"LineString","coordinates":[[153.21263,-27.68375],[153.21363,-27.68368],[153.21416,-27.68369],[153.21477,-27.68374],[153.21573,-27.68386],[153.21638,-27.68401],[153.21689,-27.68416],[153.21702,-27.68421],[153.21746,-27.68436],[153.21858,-27.6848],[153.21971,-27.68541],[153.22065,-27.68621]]},"properties":{"name":"Coomera Connector (Future Stages)","kind":"road_proposed","operator":"","description":""}},{"type":"Feature","geometry":{"type":"LineString","coordinates":[[153.2552,-27.77034],[153.25497,-27.76996],[153.25443,-27.76824],[153.25365,-27.76578],[153.25264,-27.76254],[153.25242,-27.76193]]},"properties":{"name":"Planned/under construction","kind":"rail_construction","operator":"","description":""}},{"type":"Feature","geometry":{"type":"LineString","coordinates":[[153.25522,-27.77053],[153.25471,-27.76998],[153.25434,-27.76918],[153.25406,-27.76831],[153.25329,-27.76587],[153.25238,-27.76296],[153.25231,-27.76257],[153.25242,-27.76193],[153.25246,-27.76169]]},"properties":{"name":"Planned/under construction","kind":"rail_construction","operator":"","description":""}},{"type":"Feature","geometry":{"type":"LineString","coordinates":[[153.25385,-27.76029],[153.25356,-27.75998],[153.25308,-27.75976],[153.25081,-27.7587]]},"properties":{"name":"Planned/under construction","kind":"rail_construction","operator":"","description":""}},{"type":"Feature","geometry":{"type":"LineString","coordinates":[[153.2558,-27.77241],[153.25571,-27.77204],[153.25547,-27.77157],[153.25531,-27.77112],[153.25522,-27.77053],[153.2552,-27.77034],[153.25517,-27.77017],[153.2551,-27.76857],[153.25509,-27.76833],[153.25501,-27.7681],[153.25428,-27.76564],[153.25371,-27.76373],[153.25349,-27.76313],[153.25314,-27.76244],[153.25274,-27.76201],[153.25246,-27.76169],[153.25231,-27.76132],[153.25204,-27.76064],[153.25181,-27.76],[153.25161,-27.75968],[153.25142,-27.75952],[153.25085,-27.7591],[153.25058,-27.75876],[153.25029,-27.75837]]},"properties":{"name":"Planned/under construction","kind":"rail_construction","operator":"","description":""}},{"type":"Feature","geometry":{"type":"LineString","coordinates":[[153.25445,-27.7623],[153.25419,-27.76182],[153.25391,-27.76157],[153.25361,-27.76144],[153.25325,-27.76138],[153.25301,-27.76132],[153.25258,-27.76115],[153.25225,-27.76091],[153.25204,-27.76064]]},"properties":{"name":"Planned/under construction","kind":"rail_construction","operator":"","description":""}},{"type":"Feature","geometry":{"type":"LineString","coordinates":[[153.25619,-27.77095],[153.25615,-27.77074],[153.25599,-27.7695],[153.25589,-27.76892],[153.2558,-27.76837],[153.25457,-27.76437],[153.25454,-27.76417],[153.25472,-27.76352],[153.25468,-27.76312]]},"properties":{"name":"Planned/under construction","kind":"rail_construction","operator":"","description":""}},{"type":"Feature","geometry":{"type":"LineString","coordinates":[[153.25662,-27.77527],[153.25605,-27.77388],[153.25581,-27.77318],[153.25577,-27.77283],[153.25579,-27.77253],[153.2558,-27.77241],[153.25594,-27.77187],[153.25616,-27.77104],[153.25619,-27.77095],[153.25651,-27.77008],[153.25692,-27.76893],[153.25698,-27.76857],[153.25697,-27.76829],[153.25575,-27.7644],[153.25561,-27.76399],[153.25538,-27.7638],[153.25489,-27.76343],[153.25476,-27.76328],[153.25468,-27.76312],[153.25445,-27.7623],[153.25404,-27.76083],[153.25385,-27.76029],[153.25363,-27.75964],[153.25354,-27.75949],[153.25342,-27.75936],[153.25332,-27.7593],[153.25252,-27.75897],[153.25209,-27.75878],[153.25186,-27.75874],[153.25112,-27.75875],[153.25081,-27.7587],[153.25045,-27.75853],[153.25029,-27.75837],[153.24946,-27.75733],[153.24912,-27.75705],[153.2477,-27.75563],[153.24591,-27.75344],[153.24514,-27.75297]]},"properties":{"name":"Planned/under construction","kind":"rail_construction","operator":"","description":""}},{"type":"Feature","geometry":{"type":"LineString","coordinates":[[152.9051,-27.09943],[152.9052,-27.09889],[152.9052,-27.09887],[152.90519,-27.09886],[152.90519,-27.09885],[152.90517,-27.09883],[152.90515,-27.09883],[152.90467,-27.09869],[152.90419,-27.09869],[152.90417,-27.09869],[152.90417,-27.0987],[152.90415,-27.0987],[152.90414,-27.09871],[152.90413,-27.09872],[152.90412,-27.09873],[152.90402,-27.09929]]},"properties":{"name":"Anore Circuit","kind":"road_construction","operator":"","description":""}},{"type":"Feature","geometry":{"type":"LineString","coordinates":[[152.90522,-27.10085],[152.90593,-27.10095],[152.90595,-27.10095],[152.90597,-27.10095],[152.90599,-27.10093],[152.90601,-27.10092],[152.90601,-27.1009],[152.90612,-27.10027],[152.90637,-27.09888],[152.90638,-27.09885],[152.90659,-27.09836]]},"properties":{"name":"Zephyr Street","kind":"road_construction","operator":"","description":""}},{"type":"Feature","geometry":{"type":"LineString","coordinates":[[152.90532,-27.10016],[152.90533,-27.10015],[152.90534,-27.10014],[152.90535,-27.10013],[152.90545,-27.09956],[152.90546,-27.09954],[152.90545,-27.09953],[152.90545,-27.09952],[152.90544,-27.09951],[152.90544,-27.0995],[152.90542,-27.09949],[152.90539,-27.09948],[152.90327,-27.09919]]},"properties":{"name":"Wyndham Street","kind":"road_construction","operator":"","description":""}},{"type":"Feature","geometry":{"type":"LineString","coordinates":[[152.9051,-27.10155],[152.90522,-27.10085],[152.90534,-27.10021],[152.90534,-27.10019],[152.90534,-27.10019],[152.90533,-27.10017],[152.90532,-27.10016],[152.90532,-27.10016],[152.9053,-27.10014],[152.90528,-27.10014],[152.90315,-27.09985]]},"properties":{"name":"Azure Drive","kind":"road_construction","operator":"","description":""}},{"type":"Feature","geometry":{"type":"LineString","coordinates":[[153.09605,-27.62163],[153.09621,-27.62225],[153.09676,-27.62669],[153.09734,-27.62967],[153.09773,-27.63127]]},"properties":{"name":"Gold Coast Line (Planned Deviation)","kind":"rail_proposed","operator":"Transport and Main Roads","description":"Planned deviation of the Gold Coast and Beenleigh lines as part of the Logan and Gold Coast Faster Rail project.."}},{"type":"Feature","geometry":{"type":"LineString","coordinates":[[153.09535,-27.61887],[153.09602,-27.6215]]},"properties":{"name":"Gold Coast Line (Planned Deviation)","kind":"rail_proposed","operator":"Transport and Main Roads","description":"Planned deviation of the Gold Coast and Beenleigh lines as part of the Logan and Gold Coast Faster Rail project.."}},{"type":"Feature","geometry":{"type":"LineString","coordinates":[[153.09602,-27.6215],[153.09605,-27.62163]]},"properties":{"name":"Gold Coast Line (Planned Deviation)","kind":"rail_proposed","operator":"Transport and Main Roads","description":"Planned deviation of the Gold Coast and Beenleigh lines as part of the Logan and Gold Coast Faster Rail project.."}},{"type":"Feature","geometry":{"type":"LineString","coordinates":[[153.40931,-28.03801],[153.40926,-28.03789],[153.4092,-28.03774],[153.40918,-28.0376],[153.40919,-28.03749],[153.40925,-28.03733],[153.40935,-28.03718],[153.40947,-28.03707],[153.40964,-28.03694],[153.40984,-28.03685],[153.41006,-28.03678],[153.41027,-28.03675],[153.41046,-28.03674],[153.41061,-28.03674],[153.41077,-28.03676],[153.41089,-28.03677],[153.411,-28.0368],[153.41106,-28.03682],[153.4111,-28.03683]]},"properties":{"name":"Lakeview Boulevard","kind":"road_construction","operator":"","description":""}},{"type":"Feature","geometry":{"type":"Point","coordinates":[153.02404,-27.46048]},"properties":{"name":"Bond University","kind":"university","operator":""}},{"type":"Feature","geometry":{"type":"LineString","coordinates":[[152.91731,-27.16801],[152.91773,-27.16779],[152.91801,-27.16714],[152.91831,-27.16642],[152.91851,-27.16596],[152.9185,-27.16581],[152.91841,-27.16571],[152.91829,-27.16565],[152.91774,-27.16552],[152.91765,-27.16548],[152.91752,-27.16514]]},"properties":{"name":"Redberry Crescent","kind":"road_construction","operator":"","description":""}},{"type":"Feature","geometry":{"type":"LineString","coordinates":[[153.44048,-28.06727],[153.44117,-28.06812],[153.44142,-28.06842],[153.44247,-28.06971],[153.44283,-28.07021],[153.44387,-28.07223],[153.44396,-28.07246],[153.44405,-28.07268],[153.44458,-28.07404],[153.44605,-28.07814],[153.44633,-28.07879],[153.44644,-28.07908],[153.44654,-28.07932],[153.44689,-28.08019],[153.44704,-28.08063],[153.44719,-28.08107],[153.44722,-28.08116],[153.44729,-28.08138],[153.44755,-28.0821],[153.44783,-28.08282],[153.44851,-28.08459],[153.44879,-28.08519],[153.44965,-28.08687],[153.44981,-28.08721],[153.45001,-28.08765],[153.45014,-28.08792],[153.45026,-28.08809],[153.45037,-28.08822],[153.45047,-28.0883],[153.45062,-28.08839],[153.45076,-28.08844],[153.45091,-28.08848],[153.45165,-28.08857],[153.45219,-28.08867],[153.45236,-28.08874],[153.4525,-28.0888],[153.45263,-28.0889],[153.45277,-28.08904],[153.45283,-28.08915],[153.45287,-28.08926],[153.45291,-28.08939],[153.45291,-28.0895],[153.45288,-28.08995],[153.45289,-28.09007],[153.45291,-28.09019],[153.45295,-28.0903],[153.453,-28.09038],[153.45306,-28.09045],[153.45318,-28.09056],[153.45373,-28.09107]]},"properties":{"name":"Gold Coast Light Rail Stage 3","kind":"rail_construction","operator":"","description":""}},{"type":"Feature","geometry":{"type":"LineString","coordinates":[[153.44055,-28.06724],[153.44165,-28.06858],[153.44254,-28.06969],[153.44264,-28.06985],[153.44275,-28.06999],[153.44287,-28.07018],[153.4439,-28.07224],[153.44401,-28.07249],[153.4446,-28.0739],[153.44462,-28.07396],[153.44501,-28.07516],[153.44509,-28.07536],[153.44514,-28.07549],[153.44519,-28.07565],[153.44594,-28.07768],[153.44604,-28.07795],[153.44642,-28.0789],[153.44649,-28.07906],[153.44655,-28.07923],[153.44693,-28.08018],[153.44706,-28.08058],[153.44715,-28.08081],[153.4473,-28.08124],[153.44745,-28.08167],[153.44844,-28.08437],[153.44858,-28.08469],[153.44879,-28.08515],[153.44904,-28.08562],[153.44959,-28.08668],[153.45012,-28.08778],[153.45027,-28.08802],[153.45042,-28.0882],[153.45063,-28.08835],[153.45084,-28.08843],[153.45105,-28.08847],[153.45165,-28.08854],[153.45222,-28.08863],[153.45242,-28.0887],[153.45258,-28.08878],[153.45272,-28.0889],[153.45282,-28.08902],[153.4529,-28.08916],[153.45294,-28.0893],[153.45296,-28.08949],[153.45292,-28.08979],[153.45291,-28.08999],[153.45293,-28.09017],[153.45298,-28.09032],[153.45307,-28.09043],[153.45334,-28.09068],[153.45375,-28.09105]]},"properties":{"name":"Gold Coast Light Rail Stage 3","kind":"rail_construction","operator":"","description":"Construction expected to start late 2022 for completion in 2024"}},{"type":"Feature","geometry":{"type":"LineString","coordinates":[[152.99473,-27.36006],[152.99471,-27.36002],[152.99465,-27.35999],[152.99457,-27.35999],[152.99451,-27.36001],[152.99445,-27.36002],[152.99317,-27.35985],[152.99313,-27.35982],[152.99311,-27.35978],[152.9931,-27.35956],[152.99312,-27.3595]]},"properties":{"name":"Evermore Place","kind":"road_construction","operator":"","description":""}},{"type":"Feature","geometry":{"type":"LineString","coordinates":[[152.99534,-27.73349],[152.99477,-27.73352],[152.99378,-27.73336],[152.99302,-27.73324],[152.9925,-27.73315],[152.9923,-27.7331],[152.99211,-27.73299],[152.99175,-27.73266],[152.99124,-27.73218]]},"properties":{"name":"Autumn Avenue","kind":"road_construction","operator":"","description":""}},{"type":"Feature","geometry":{"type":"LineString","coordinates":[[152.99887,-27.73322],[153.00025,-27.73347],[153.00142,-27.73368],[153.00147,-27.73372],[153.00148,-27.73377],[153.00144,-27.73398],[153.00142,-27.73403],[153.00137,-27.73407],[153.00043,-27.73456],[153.00012,-27.73477],[152.99947,-27.7352]]},"properties":{"name":"Peony Street","kind":"road_construction","operator":"","description":""}},{"type":"Feature","geometry":{"type":"LineString","coordinates":[[152.99891,-27.73289],[152.99892,-27.73294],[152.99887,-27.73322],[152.99882,-27.73354],[152.99875,-27.73389],[152.99875,-27.73392],[152.99872,-27.734],[152.99859,-27.73419]]},"properties":{"name":"Magenta Street","kind":"road_construction","operator":"","description":""}},{"type":"Feature","geometry":{"type":"LineString","coordinates":[[153.08976,-27.70769],[153.0889,-27.70757],[153.08886,-27.70753],[153.08884,-27.70746],[153.08894,-27.70696],[153.089,-27.70661],[153.08907,-27.70625],[153.08914,-27.70589],[153.08926,-27.7053]]},"properties":{"name":"Dorchester Drive","kind":"road_construction","operator":"","description":""}},{"type":"Feature","geometry":{"type":"LineString","coordinates":[[153.089,-27.70661],[153.0884,-27.70652],[153.08833,-27.70654],[153.0883,-27.70658],[153.08816,-27.70732],[153.08813,-27.70737],[153.08806,-27.7074],[153.08775,-27.70735]]},"properties":{"name":"Carrington Circuit","kind":"road_construction","operator":"","description":""}},{"type":"Feature","geometry":{"type":"LineString","coordinates":[[153.28786,-27.8655],[153.28774,-27.86567],[153.28768,-27.8657],[153.28763,-27.86569],[153.28752,-27.86562],[153.28604,-27.86473],[153.28599,-27.86467],[153.286,-27.8646],[153.28607,-27.86447]]},"properties":{"name":"Mapleton Street","kind":"road_construction","operator":"","description":""}},{"type":"Feature","geometry":{"type":"LineString","coordinates":[[153.27996,-27.86789],[153.2799,-27.86799],[153.27966,-27.86841],[153.27932,-27.86901],[153.27932,-27.86908],[153.27938,-27.86913],[153.27999,-27.86942],[153.28006,-27.86942],[153.2801,-27.86939],[153.28046,-27.86879],[153.28062,-27.86852]]},"properties":{"name":"Valley Circuit","kind":"road_construction","operator":"","description":""}},{"type":"Feature","geometry":{"type":"LineString","coordinates":[[153.27814,-27.86752],[153.2783,-27.86763],[153.27841,-27.8677],[153.27881,-27.86786],[153.27895,-27.8679],[153.27912,-27.86791],[153.27955,-27.86786],[153.27966,-27.86787],[153.2799,-27.86799]]},"properties":{"name":"Celeste Road","kind":"road_construction","operator":"","description":""}},{"type":"Feature","geometry":{"type":"LineString","coordinates":[[153.33057,-28.03256],[153.33051,-28.03286],[153.3298,-28.03322],[153.32911,-28.03356],[153.32831,-28.0338],[153.32758,-28.03415],[153.32718,-28.03435],[153.32709,-28.03446],[153.32706,-28.03479],[153.32707,-28.03492],[153.32719,-28.03506],[153.32734,-28.03515],[153.3274,-28.03523],[153.3274,-28.03532],[153.32723,-28.0356],[153.32707,-28.03588],[153.32706,-28.03607]]},"properties":{"name":"Triller Street","kind":"road_construction","operator":"","description":""}},{"type":"Feature","geometry":{"type":"LineString","coordinates":[[153.32758,-28.03415],[153.32841,-28.03535],[153.32847,-28.03538],[153.32855,-28.03538],[153.32905,-28.0351],[153.32911,-28.03505],[153.3291,-28.03499],[153.32831,-28.0338]]},"properties":{"name":"Prion Crescent","kind":"road_construction","operator":"","description":""}},{"type":"Feature","geometry":{"type":"LineString","coordinates":[[153.3298,-28.03322],[153.33053,-28.03427],[153.33059,-28.0343],[153.33066,-28.03429],[153.33116,-28.03402],[153.33122,-28.03397],[153.33121,-28.03391],[153.33108,-28.03371],[153.33051,-28.03286]]},"properties":{"name":"Teal Crescent","kind":"road_construction","operator":"","description":""}},{"type":"Feature","geometry":{"type":"LineString","coordinates":[[153.33057,-28.03256],[153.33047,-28.03254],[153.33036,-28.03248],[153.33032,-28.03236],[153.33032,-28.032],[153.33026,-28.0319],[153.32989,-28.03151],[153.32983,-28.03139],[153.32985,-28.03113],[153.32989,-28.031],[153.33008,-28.03076],[153.33019,-28.03069],[153.33064,-28.03064],[153.33076,-28.03066],[153.33109,-28.03089],[153.33194,-28.03099],[153.33217,-28.03102],[153.33234,-28.03109],[153.33264,-28.03127]]},"properties":{"name":"Diamond Circuit","kind":"road_construction","operator":"","description":""}},{"type":"Feature","geometry":{"type":"LineString","coordinates":[[153.3322,-28.03306],[153.3321,-28.03346],[153.33203,-28.03361],[153.33194,-28.03375],[153.33181,-28.0339],[153.33161,-28.03407],[153.33137,-28.03421],[153.32996,-28.03491],[153.32843,-28.03566],[153.32829,-28.03587],[153.32817,-28.03598],[153.32802,-28.03603],[153.32786,-28.03604],[153.32759,-28.03601],[153.32706,-28.03607]]},"properties":{"name":"Skyridge Boulevard","kind":"road_construction","operator":"","description":""}},{"type":"Feature","geometry":{"type":"LineString","coordinates":[[153.33256,-28.03378],[153.3325,-28.03383],[153.33231,-28.03412],[153.33216,-28.03429],[153.33197,-28.03445],[153.33168,-28.03461],[153.33095,-28.03496],[153.33021,-28.03532]]},"properties":{"name":"Songlark Street","kind":"road_construction","operator":"","description":""}},{"type":"Feature","geometry":{"type":"LineString","coordinates":[[153.33253,-28.0358],[153.3326,-28.0358],[153.33378,-28.03514],[153.33384,-28.03508],[153.33388,-28.03501],[153.33411,-28.03419],[153.3341,-28.03412],[153.33406,-28.03408],[153.33378,-28.03401]]},"properties":{"name":"Lyrebird Road","kind":"road_construction","operator":"","description":""}},{"type":"Feature","geometry":{"type":"LineString","coordinates":[[152.76355,-27.68965],[152.76332,-27.68981],[152.76325,-27.68984],[152.76315,-27.68985],[152.76243,-27.68974],[152.76235,-27.68974],[152.76231,-27.68977],[152.76229,-27.68982],[152.76218,-27.69036],[152.76208,-27.69085],[152.76209,-27.69091],[152.76212,-27.69094],[152.76217,-27.69097],[152.7635,-27.69117],[152.7636,-27.69116],[152.76369,-27.69112],[152.76435,-27.69067]]},"properties":{"name":"Red Ash Crescent","kind":"road_construction","operator":"","description":""}},{"type":"Feature","geometry":{"type":"LineString","coordinates":[[152.7648,-27.69109],[152.76471,-27.69092],[152.7645,-27.69064],[152.76441,-27.69053],[152.76412,-27.69016],[152.76404,-27.69006],[152.7637,-27.68963],[152.76366,-27.68958],[152.76361,-27.68952],[152.76281,-27.68851],[152.76276,-27.68839]]},"properties":{"name":"Grampian Drive","kind":"road_construction","operator":"","description":""}},{"type":"Feature","geometry":{"type":"LineString","coordinates":[[152.76529,-27.69094],[152.76573,-27.69067],[152.76578,-27.6906],[152.76581,-27.69052],[152.7659,-27.69004],[152.76601,-27.68942],[152.7661,-27.68891],[152.76608,-27.68885],[152.76602,-27.68881],[152.76521,-27.68868],[152.76511,-27.68869],[152.765,-27.68874],[152.76485,-27.68883],[152.76385,-27.68947]]},"properties":{"name":"River Lily Crescent","kind":"road_construction","operator":"","description":""}},{"type":"Feature","geometry":{"type":"LineString","coordinates":[[152.76235,-27.68974],[152.76233,-27.68965],[152.76233,-27.68958],[152.7624,-27.68918],[152.76245,-27.68913],[152.7625,-27.68911],[152.76257,-27.68911],[152.76303,-27.68917]]},"properties":{"name":"Clusterberry Close","kind":"road_construction","operator":"","description":""}},{"type":"Feature","geometry":{"type":"LineString","coordinates":[[152.76485,-27.68883],[152.76471,-27.68867],[152.76464,-27.68862],[152.76456,-27.6886],[152.76421,-27.68854],[152.7641,-27.68856],[152.76401,-27.68859],[152.76352,-27.68888]]},"properties":{"name":"Featherwood Court","kind":"road_construction","operator":"","description":""}},{"type":"Feature","geometry":{"type":"LineString","coordinates":[[152.7659,-27.69004],[152.76562,-27.68998],[152.76551,-27.68999],[152.76543,-27.69002],[152.76481,-27.69042],[152.76474,-27.69042],[152.76468,-27.6904],[152.76436,-27.69002],[152.76435,-27.68996],[152.76438,-27.68991],[152.76525,-27.68936],[152.76535,-27.68933],[152.76546,-27.68933],[152.76601,-27.68942]]},"properties":{"name":"Flat Pea Crescent","kind":"road_construction","operator":"","description":""}},{"type":"Feature","geometry":{"type":"LineString","coordinates":[[152.84242,-27.69687],[152.84249,-27.69676],[152.8431,-27.69605],[152.84355,-27.69551],[152.8436,-27.69544],[152.84359,-27.69537],[152.84353,-27.69527],[152.84349,-27.69523],[152.8434,-27.69521],[152.84224,-27.69513],[152.84212,-27.69514],[152.84147,-27.69527],[152.84135,-27.69527]]},"properties":{"name":"Rungulla Street","kind":"road_construction","operator":"","description":""}},{"type":"Feature","geometry":{"type":"LineString","coordinates":[[152.84178,-27.69673],[152.842,-27.69673],[152.84215,-27.69676],[152.84231,-27.69681],[152.84242,-27.69687],[152.84257,-27.69696],[152.84306,-27.69729],[152.84348,-27.69757],[152.84363,-27.69764],[152.84376,-27.69766],[152.84386,-27.69762],[152.84448,-27.69685],[152.8445,-27.69677],[152.84448,-27.69668],[152.84437,-27.69651],[152.84429,-27.69644],[152.84408,-27.6963],[152.84403,-27.69629],[152.84397,-27.69629],[152.84392,-27.69631]]},"properties":{"name":"Jimna Circuit","kind":"road_construction","operator":"","description":""}},{"type":"Feature","geometry":{"type":"LineString","coordinates":[[152.84135,-27.69527],[152.84134,-27.69551],[152.84138,-27.69574],[152.84143,-27.6959],[152.84149,-27.69603],[152.84171,-27.69641],[152.84176,-27.69653],[152.84178,-27.69673],[152.84158,-27.69678],[152.84106,-27.69702],[152.84091,-27.69707],[152.84021,-27.69717],[152.83999,-27.69722],[152.83927,-27.69758]]},"properties":{"name":"Explorers Road","kind":"road_construction","operator":"","description":""}},{"type":"Feature","geometry":{"type":"LineString","coordinates":[[152.84148,-27.69423],[152.84178,-27.69425],[152.84199,-27.69423],[152.84215,-27.69419],[152.84271,-27.69393],[152.84279,-27.69387],[152.84279,-27.6938],[152.84278,-27.69371],[152.84261,-27.69323],[152.84257,-27.69319],[152.84252,-27.69316],[152.84245,-27.69317],[152.84185,-27.69349]]},"properties":{"name":"Marley Close","kind":"road_construction","operator":"","description":""}},{"type":"Feature","geometry":{"type":"LineString","coordinates":[[152.83999,-27.69722],[152.83946,-27.69622],[152.83946,-27.69616],[152.83949,-27.69611],[152.83955,-27.69606],[152.84014,-27.6958],[152.84087,-27.69548],[152.84093,-27.6954]]},"properties":{"name":"Samford Place","kind":"road_construction","operator":"","description":""}},{"type":"Feature","geometry":{"type":"LineString","coordinates":[[153.32932,-27.86439],[153.32984,-27.86293],[153.33079,-27.86086],[153.33121,-27.8601],[153.33162,-27.8595],[153.33186,-27.85917],[153.33221,-27.85881],[153.33942,-27.8517],[153.33987,-27.85134],[153.34173,-27.85003],[153.34403,-27.84822],[153.34464,-27.84763],[153.34509,-27.8471],[153.34588,-27.84611],[153.34621,-27.84567],[153.34651,-27.84517],[153.3467,-27.84463],[153.34715,-27.84222],[153.34745,-27.8404],[153.34748,-27.83995],[153.3474,-27.83917],[153.34712,-27.83833],[153.34652,-27.83735],[153.3443,-27.83512],[153.34217,-27.83311],[153.34095,-27.8319],[153.34019,-27.83108],[153.33945,-27.83007]]},"properties":{"name":"Coomera Connector (Stage 2)","kind":"road_proposed","operator":"","description":""}},{"type":"Feature","geometry":{"type":"LineString","coordinates":[[153.33927,-27.829],[153.33983,-27.83012],[153.34066,-27.83117],[153.34242,-27.83291],[153.34683,-27.83727],[153.34739,-27.8382],[153.34766,-27.83918],[153.34773,-27.83981],[153.3477,-27.84042],[153.34742,-27.84209],[153.34703,-27.84441],[153.34681,-27.84517],[153.3465,-27.84573],[153.34618,-27.84618],[153.34536,-27.84718],[153.34479,-27.84786],[153.34423,-27.84841],[153.34205,-27.85011],[153.3402,-27.85137],[153.33955,-27.85193],[153.33251,-27.85877],[153.33201,-27.85927],[153.33174,-27.85963],[153.33144,-27.86011],[153.33092,-27.86123],[153.33018,-27.86308],[153.32974,-27.86445]]},"properties":{"name":"Coomera Connector (Stage 2)","kind":"road_proposed","operator":"","description":""}},{"type":"Feature","geometry":{"type":"LineString","coordinates":[[152.99123,-28.00158],[152.99148,-28.00159],[152.99156,-28.00162],[152.99161,-28.00172],[152.99156,-28.00255],[152.99154,-28.00296],[152.99155,-28.00311],[152.99162,-28.00326],[152.99162,-28.00328],[152.99207,-28.00394],[152.99223,-28.00416],[152.99235,-28.00423],[152.99249,-28.00428],[152.99264,-28.00429]]},"properties":{"name":"Falvelon Drive","kind":"road_construction","operator":"","description":""}},{"type":"Feature","geometry":{"type":"Point","coordinates":[152.99865,-27.47695]},"properties":{"name":"The Wesley Expansion","kind":"hospital_construction","operator":"UnitingCare Health"}},{"type":"Feature","geometry":{"type":"LineString","coordinates":[[152.77412,-27.66096],[152.77402,-27.66093],[152.77391,-27.66091],[152.7736,-27.66086],[152.77264,-27.66073],[152.77227,-27.66067],[152.77213,-27.66061],[152.77207,-27.66057],[152.77201,-27.66048],[152.77195,-27.66037],[152.77194,-27.66029],[152.77216,-27.65905],[152.7722,-27.65893]]},"properties":{"name":"Sunny Crescent","kind":"road_construction","operator":"","description":""}},{"type":"Feature","geometry":{"type":"LineString","coordinates":[[152.7736,-27.66086],[152.77355,-27.6612],[152.77356,-27.66129],[152.77356,-27.66138],[152.77356,-27.66156],[152.77355,-27.66184],[152.77357,-27.66194],[152.77361,-27.66203]]},"properties":{"name":"Plenty Place","kind":"road_construction","operator":"","description":""}},{"type":"Feature","geometry":{"type":"LineString","coordinates":[[152.77183,-27.66092],[152.77108,-27.66083],[152.77028,-27.66072],[152.77014,-27.66076],[152.76938,-27.66114],[152.76926,-27.66116],[152.76863,-27.66126],[152.76854,-27.66125],[152.76847,-27.66121],[152.76818,-27.66074]]},"properties":{"name":"Jovial Street","kind":"road_construction","operator":"","description":""}},{"type":"Feature","geometry":{"type":"LineString","coordinates":[[152.77356,-27.66156],[152.77286,-27.66148],[152.77187,-27.66134],[152.77181,-27.6613],[152.77179,-27.66122],[152.77183,-27.66092],[152.77185,-27.66083],[152.77189,-27.66074],[152.77196,-27.66067],[152.77207,-27.66057]]},"properties":{"name":"Gladden Street","kind":"road_construction","operator":"","description":""}},{"type":"Feature","geometry":{"type":"LineString","coordinates":[[152.77162,-27.66862],[152.77161,-27.66868],[152.77162,-27.66871],[152.77165,-27.66873],[152.77247,-27.66885],[152.7725,-27.66884],[152.77253,-27.66882],[152.77254,-27.66876]]},"properties":{"name":"Tango Way","kind":"road_construction","operator":"","description":""}},{"type":"Feature","geometry":{"type":"LineString","coordinates":[[152.64008,-27.57181],[152.63899,-27.57772],[152.63876,-27.57964],[152.63945,-27.58328],[152.64079,-27.58647],[152.6413,-27.58911],[152.64158,-27.59165],[152.64139,-27.59425],[152.64116,-27.59548],[152.6413,-27.59674],[152.64183,-27.59806],[152.64468,-27.60277],[152.64535,-27.60354],[152.64711,-27.6051],[152.65127,-27.60819],[152.65378,-27.61037],[152.65519,-27.6128],[152.65736,-27.61608],[152.66014,-27.61743],[152.66177,-27.61776],[152.66367,-27.61799],[152.66758,-27.61869],[152.66926,-27.61938],[152.67039,-27.62001],[152.67195,-27.62133],[152.67433,-27.62423],[152.67603,-27.62632],[152.67774,-27.62848],[152.67851,-27.62963],[152.67928,-27.63126],[152.68051,-27.63522],[152.68165,-27.63848],[152.68356,-27.64068],[152.68419,-27.64115],[152.68543,-27.64212],[152.68782,-27.6458],[152.68918,-27.64892],[152.69079,-27.65274],[152.69164,-27.65373],[152.69411,-27.65581],[152.70061,-27.66132],[152.70247,-27.6629],[152.7045,-27.66443],[152.70467,-27.66454],[152.70472,-27.66456],[152.70476,-27.66458],[152.70484,-27.66461],[152.70491,-27.66463],[152.7051,-27.66466],[152.70527,-27.66468],[152.70542,-27.66468],[152.70553,-27.66467],[152.70561,-27.66467],[152.70573,-27.66465],[152.70585,-27.66462],[152.70594,-27.66459],[152.70601,-27.66457],[152.70614,-27.66452],[152.70623,-27.66447],[152.70637,-27.6644],[152.7065,-27.66432],[152.70663,-27.66423],[152.70672,-27.66416],[152.70679,-27.66411],[152.7069,-27.66399],[152.70701,-27.66383],[152.70704,-27.66379],[152.70709,-27.66368],[152.70712,-27.6636],[152.70716,-27.66348],[152.70719,-27.66335],[152.70721,-27.66323],[152.70723,-27.66308],[152.70723,-27.66298]]},"properties":{"name":"Western Ipswich Bypass","kind":"road_proposed","operator":"","description":""}},{"type":"Feature","geometry":{"type":"LineString","coordinates":[[152.70061,-27.66132],[152.70084,-27.66166],[152.70091,-27.66179],[152.70098,-27.6619],[152.70105,-27.66201],[152.70111,-27.66213],[152.70116,-27.66225],[152.7012,-27.66237],[152.70123,-27.66249],[152.70125,-27.66262],[152.70127,-27.66274],[152.70127,-27.66287],[152.70127,-27.663],[152.70126,-27.66312],[152.70124,-27.66325],[152.70121,-27.66337],[152.70117,-27.66349],[152.70112,-27.66361],[152.70103,-27.6638],[152.70093,-27.66395],[152.70088,-27.66407],[152.70068,-27.66437]]},"properties":{"name":"Western Ipswich Bypass","kind":"road_proposed","operator":"","description":""}},{"type":"Feature","geometry":{"type":"LineString","coordinates":[[152.69121,-27.65321],[152.6915,-27.65347],[152.69218,-27.65399],[152.69266,-27.65419],[152.69276,-27.65422],[152.69293,-27.65426],[152.69312,-27.6543],[152.69331,-27.65432],[152.6934,-27.65432],[152.69364,-27.65432],[152.69413,-27.65432]]},"properties":{"name":"Western Ipswich Bypass","kind":"road_proposed","operator":"","description":""}},{"type":"Feature","geometry":{"type":"LineString","coordinates":[[152.68901,-27.67437],[152.68943,-27.67385],[152.68975,-27.6735],[152.6901,-27.67317],[152.70068,-27.66437],[152.70247,-27.6629],[152.70356,-27.66202],[152.7042,-27.66174],[152.70453,-27.66161],[152.70461,-27.66158],[152.70477,-27.66153],[152.70503,-27.66148],[152.70515,-27.66146],[152.70528,-27.66144],[152.70537,-27.66144],[152.70549,-27.66144],[152.70564,-27.66145],[152.70583,-27.66147],[152.70594,-27.66149],[152.70612,-27.66154],[152.70621,-27.66158],[152.70633,-27.66163],[152.70648,-27.66171],[152.70656,-27.66177],[152.70665,-27.66184],[152.70673,-27.66191],[152.70678,-27.66196],[152.70684,-27.66203],[152.70691,-27.66214],[152.70702,-27.66231],[152.70707,-27.66241],[152.70714,-27.66258],[152.70718,-27.66272],[152.70722,-27.66288],[152.70723,-27.66298]]},"properties":{"name":"Western Ipswich Bypass","kind":"road_proposed","operator":"","description":""}},{"type":"Feature","geometry":{"type":"LineString","coordinates":[[152.69835,-27.65767],[152.69806,-27.6575],[152.69791,-27.6574],[152.69778,-27.65729],[152.69766,-27.65717],[152.69743,-27.6569],[152.69723,-27.65659],[152.69707,-27.65625],[152.69694,-27.6559],[152.69678,-27.65556],[152.69656,-27.65524],[152.69635,-27.65499],[152.69612,-27.65475],[152.69587,-27.65455],[152.69559,-27.6544],[152.69527,-27.65432],[152.69501,-27.65431],[152.69488,-27.65431],[152.69461,-27.65431],[152.69413,-27.65432]]},"properties":{"name":"Western Ipswich Bypass","kind":"road_proposed","operator":"","description":""}},{"type":"Feature","geometry":{"type":"LineString","coordinates":[[152.69258,-27.6563],[152.69159,-27.65618],[152.69147,-27.65616],[152.69135,-27.65613],[152.69123,-27.6561],[152.69111,-27.65605],[152.691,-27.656],[152.6909,-27.65595],[152.69081,-27.65588],[152.69072,-27.65581],[152.69065,-27.65573],[152.69057,-27.65563],[152.69052,-27.65556],[152.69047,-27.65548],[152.69043,-27.6554],[152.6904,-27.65533],[152.69039,-27.65525],[152.6904,-27.65514],[152.69043,-27.65503],[152.69049,-27.65491],[152.69056,-27.6548],[152.69066,-27.65469],[152.6907,-27.65464],[152.69073,-27.65462],[152.6908,-27.65456],[152.69088,-27.65451],[152.69096,-27.65447],[152.69105,-27.65444],[152.69111,-27.65442],[152.69117,-27.65441],[152.69123,-27.65441],[152.69129,-27.65441],[152.69135,-27.65442],[152.6914,-27.65443],[152.69146,-27.65445],[152.69151,-27.65447],[152.69161,-27.65453],[152.69171,-27.6546],[152.69179,-27.65468],[152.69182,-27.65473],[152.69199,-27.65503],[152.69206,-27.65512]]},"properties":{"name":"Western Ipswich Bypass","kind":"road_proposed","operator":"","description":""}},{"type":"Feature","geometry":{"type":"LineString","coordinates":[[152.70061,-27.66132],[152.70108,-27.66152],[152.70139,-27.6616],[152.70154,-27.66163],[152.7017,-27.66166],[152.70186,-27.66169],[152.70201,-27.6617],[152.70217,-27.66172],[152.70233,-27.66173],[152.70249,-27.66173],[152.70265,-27.66173],[152.70297,-27.66171],[152.70312,-27.6617],[152.70328,-27.66168],[152.70344,-27.66165],[152.70359,-27.66162],[152.70375,-27.66158],[152.7039,-27.66154],[152.70447,-27.66137],[152.70486,-27.66114],[152.7052,-27.66094],[152.70545,-27.66081],[152.70586,-27.66062],[152.70628,-27.66044],[152.70671,-27.66027],[152.70693,-27.66019],[152.70736,-27.66005],[152.70759,-27.65999],[152.70803,-27.65987],[152.70848,-27.65977],[152.70871,-27.65973],[152.70917,-27.65966],[152.7094,-27.65962],[152.70987,-27.65958],[152.71033,-27.65954],[152.71115,-27.65947]]},"properties":{"name":"Western Ipswich Bypass","kind":"road_proposed","operator":"","description":""}},{"type":"Feature","geometry":{"type":"LineString","coordinates":[[152.69413,-27.65432],[152.69401,-27.65433],[152.69391,-27.65434],[152.6938,-27.65438],[152.69376,-27.65441],[152.69367,-27.65447],[152.69359,-27.65455],[152.69353,-27.65464],[152.69349,-27.65473],[152.69347,-27.65483],[152.69347,-27.65493],[152.69348,-27.65498],[152.6935,-27.65508],[152.69355,-27.65517],[152.69358,-27.65521],[152.69411,-27.65581]]},"properties":{"name":"Western Ipswich Bypass","kind":"road_proposed","operator":"","description":""}},{"type":"Feature","geometry":{"type":"LineString","coordinates":[[152.71235,-27.65965],[152.71157,-27.65963],[152.71101,-27.65962],[152.71045,-27.65964],[152.70985,-27.6597],[152.70953,-27.65975],[152.70943,-27.65977],[152.70928,-27.65982],[152.7092,-27.65985],[152.7091,-27.65989],[152.70896,-27.65996],[152.70879,-27.66004],[152.70863,-27.66014],[152.70853,-27.6602],[152.70833,-27.66035],[152.70816,-27.66049],[152.70806,-27.66058]]},"properties":{"name":"Western Ipswich Bypass","kind":"road_proposed","operator":"","description":""}},{"type":"Feature","geometry":{"type":"LineString","coordinates":[[152.70806,-27.66058],[152.70776,-27.66083],[152.70749,-27.66106],[152.70739,-27.66114],[152.70729,-27.6612],[152.70719,-27.66125],[152.70711,-27.66129],[152.70697,-27.66135],[152.70685,-27.66138],[152.70669,-27.66142],[152.70659,-27.66143],[152.70649,-27.66143],[152.70642,-27.66143],[152.7063,-27.66141],[152.70614,-27.66137],[152.70592,-27.6613],[152.70574,-27.66122],[152.70561,-27.66117],[152.70544,-27.66109],[152.70533,-27.66103],[152.7052,-27.66094],[152.70511,-27.66088],[152.70502,-27.66081],[152.70487,-27.66068],[152.70472,-27.66052],[152.70465,-27.66044],[152.70454,-27.66028],[152.70447,-27.66018],[152.70437,-27.65999],[152.70433,-27.65991],[152.70427,-27.65977],[152.7042,-27.65958],[152.70417,-27.65946],[152.70415,-27.65934],[152.70408,-27.65878]]},"properties":{"name":"Western Ipswich Bypass","kind":"road_proposed","operator":"","description":""}},{"type":"Feature","geometry":{"type":"LineString","coordinates":[[152.70723,-27.66298],[152.70751,-27.66149],[152.70753,-27.6614],[152.70758,-27.66126],[152.70765,-27.66111],[152.70769,-27.66104],[152.70776,-27.66093],[152.7079,-27.66076],[152.70806,-27.66058]]},"properties":{"name":"Western Ipswich Bypass","kind":"road_proposed","operator":"","description":""}},{"type":"Feature","geometry":{"type":"LineString","coordinates":[[152.64669,-27.59303],[152.64673,-27.5927],[152.64669,-27.59196],[152.64667,-27.59161],[152.64661,-27.59142],[152.64651,-27.59121],[152.64641,-27.59104],[152.6456,-27.58978]]},"properties":{"name":"Kinross Drive","kind":"road_construction","operator":"","description":""}},{"type":"Feature","geometry":{"type":"LineString","coordinates":[[152.64648,-27.59264],[152.64584,-27.59256],[152.64552,-27.59254],[152.64505,-27.59249],[152.64498,-27.59244],[152.64495,-27.59235],[152.64501,-27.59197],[152.645,-27.59176]]},"properties":{"name":"Moray Place","kind":"road_construction","operator":"","description":""}},{"type":"Feature","geometry":{"type":"LineString","coordinates":[[152.64312,-27.58917],[152.64332,-27.58995],[152.64342,-27.59025],[152.64351,-27.59055],[152.64365,-27.59097],[152.64377,-27.59117],[152.64422,-27.59197],[152.64427,-27.59212],[152.64415,-27.59279]]},"properties":{"name":"Tolmount Street","kind":"road_construction","operator":"","description":""}},{"type":"Feature","geometry":{"type":"LineString","coordinates":[[152.76048,-27.68126],[152.76028,-27.68128],[152.75866,-27.682],[152.7586,-27.68206],[152.75857,-27.68214],[152.7588,-27.68266],[152.75886,-27.6827],[152.75897,-27.6827],[152.76021,-27.6821],[152.76024,-27.68205],[152.76026,-27.68196],[152.76028,-27.68128]]},"properties":{"name":"Blossom Circuit","kind":"road_construction","operator":"","description":""}},{"type":"Feature","geometry":{"type":"Point","coordinates":[138.87012,-35.08212]},"properties":{"name":"Mount Barker District Soldiers\u2019 Memorial Hospital","kind":"hospital","operator":"SA Goverment"}},{"type":"Feature","geometry":{"type":"Point","coordinates":[138.60112,-34.92726]},"properties":{"name":"University of Sunshine Coast","kind":"university","operator":""}},{"type":"Feature","geometry":{"type":"Point","coordinates":[138.60643,-34.91981]},"properties":{"name":"University of South Australia, City East Campus","kind":"university","operator":"University of South Australia"}},{"type":"Feature","geometry":{"type":"Point","coordinates":[138.60031,-34.91137]},"properties":{"name":"Womens and Childrens Hospital","kind":"hospital","operator":""}},{"type":"Feature","geometry":{"type":"Point","coordinates":[138.5767,-34.94804]},"properties":{"name":"Ashford Hospital","kind":"hospital","operator":""}},{"type":"Feature","geometry":{"type":"LineString","coordinates":[[138.31834,-35.45307],[138.3184,-35.45303],[138.31847,-35.453],[138.31864,-35.45293],[138.31868,-35.45289],[138.31869,-35.45286],[138.3187,-35.45281],[138.31868,-35.45276],[138.31856,-35.4526],[138.31826,-35.45218],[138.31813,-35.45201],[138.31809,-35.45196],[138.31803,-35.45189],[138.31796,-35.45183],[138.31789,-35.45178],[138.31783,-35.45174],[138.31777,-35.4517],[138.31771,-35.45163],[138.31767,-35.45156]]},"properties":{"name":"Hobart Road","kind":"road_proposed","operator":"","description":""}},{"type":"Feature","geometry":{"type":"Point","coordinates":[138.60443,-34.91845]},"properties":{"name":"University of Adelaide","kind":"university","operator":""}},{"type":"Feature","geometry":{"type":"Point","coordinates":[138.61484,-34.93436]},"properties":{"name":"St Andrew\u2019s Hospital","kind":"hospital","operator":""}},{"type":"Feature","geometry":{"type":"Point","coordinates":[138.64764,-34.76365]},"properties":{"name":"University","kind":"university","operator":""}},{"type":"Feature","geometry":{"type":"Point","coordinates":[138.75546,-34.59383]},"properties":{"name":"Gawler Health Service","kind":"hospital","operator":""}},{"type":"Feature","geometry":{"type":"Point","coordinates":[138.60112,-34.92818]},"properties":{"name":"Carnegie Mellon University","kind":"university","operator":""}},{"type":"Feature","geometry":{"type":"Point","coordinates":[138.6818,-34.52803]},"properties":{"name":"University of Adelaide, Roseworthy Campus","kind":"university","operator":"University of Adelaide"}},{"type":"Feature","geometry":{"type":"Point","coordinates":[138.52016,-34.54676]},"properties":{"name":"University of Adelaide, Roseworthy Campus, Farm Animal Teaching Facility","kind":"university","operator":""}},{"type":"Feature","geometry":{"type":"Point","coordinates":[138.67967,-34.51146]},"properties":{"name":"University of Adelaide, Roseworthy Piggery","kind":"university","operator":""}},{"type":"Feature","geometry":{"type":"LineString","coordinates":[[139.01518,-34.7948],[139.01209,-34.79624],[139.00849,-34.79787],[139.00553,-34.79918],[139.00387,-34.79995],[138.99902,-34.80222],[138.99643,-34.80284],[138.99573,-34.803],[138.99492,-34.80326],[138.99426,-34.80353],[138.99101,-34.80487],[138.98836,-34.80609],[138.98819,-34.80617],[138.988,-34.80625],[138.98761,-34.80637],[138.98696,-34.80646],[138.98647,-34.80648],[138.98421,-34.80636],[138.98367,-34.80639],[138.98281,-34.80644],[138.98156,-34.80696],[138.98044,-34.80837],[138.97956,-34.80949],[138.97899,-34.81026],[138.97849,-34.81081],[138.97789,-34.81137],[138.9773,-34.81182],[138.97582,-34.81284],[138.97459,-34.8137],[138.97366,-34.81443],[138.973,-34.81497],[138.97268,-34.81531],[138.97229,-34.81574],[138.97145,-34.81711],[138.97054,-34.81824],[138.97014,-34.81869],[138.96962,-34.81913],[138.96762,-34.82043],[138.9649,-34.82201],[138.96317,-34.82356],[138.96269,-34.82398],[138.96258,-34.82411],[138.96226,-34.82446],[138.96184,-34.82513],[138.96153,-34.82602],[138.96085,-34.82766],[138.96058,-34.8283],[138.96013,-34.82974],[138.96012,-34.83023],[138.96011,-34.83091],[138.96009,-34.83155],[138.95987,-34.83418],[138.9598,-34.83504]]},"properties":{"name":"Mount Pleasant Railway","kind":"road_proposed","operator":"","description":""}},{"type":"Feature","geometry":{"type":"Point","coordinates":[138.6373,-34.96883]},"properties":{"name":"Plant Genomics Centre","kind":"university","operator":""}},{"type":"Feature","geometry":{"type":"Point","coordinates":[138.57258,-35.02481]},"properties":{"name":"Flinders University","kind":"university","operator":""}},{"type":"Feature","geometry":{"type":"Point","coordinates":[138.53372,-34.88419]},"properties":{"name":"The Queen Elizabeth Hospital","kind":"hospital","operator":""}},{"type":"Feature","geometry":{"type":"LineString","coordinates":[[138.48349,-35.19081],[138.4835,-35.19086],[138.48353,-35.19115],[138.48357,-35.19127],[138.48359,-35.19137],[138.48361,-35.19144],[138.48362,-35.19147],[138.48364,-35.19157],[138.48369,-35.19176],[138.48378,-35.19208],[138.48387,-35.19232],[138.4841,-35.19289],[138.48412,-35.19295],[138.48456,-35.19378],[138.48491,-35.19431],[138.48521,-35.19477],[138.48525,-35.19483],[138.48566,-35.19527],[138.48599,-35.19564],[138.4863,-35.19592],[138.48651,-35.19611],[138.48755,-35.19705],[138.48758,-35.19707],[138.48776,-35.19725],[138.48845,-35.19791],[138.48848,-35.19794],[138.48902,-35.19867],[138.48909,-35.19879],[138.48947,-35.19942],[138.4896,-35.19968],[138.48962,-35.19974],[138.48982,-35.20014],[138.4903,-35.20124],[138.49043,-35.20186],[138.49064,-35.20284],[138.4907,-35.20374],[138.49075,-35.20452],[138.49076,-35.20466],[138.49069,-35.20548],[138.4906,-35.20644],[138.49058,-35.20665],[138.49052,-35.20697],[138.49014,-35.20878],[138.4898,-35.21072],[138.48962,-35.21189],[138.48964,-35.21293],[138.48988,-35.21397],[138.49011,-35.21467],[138.49083,-35.21576],[138.49133,-35.21645],[138.49171,-35.21712],[138.49192,-35.21765],[138.49207,-35.21864],[138.49218,-35.21984],[138.49354,-35.23639],[138.494,-35.24275],[138.49384,-35.24366],[138.49331,-35.24487],[138.49226,-35.24601],[138.47338,-35.25823],[138.47201,-35.25956],[138.47083,-35.26175],[138.47055,-35.26324],[138.47159,-35.27722]]},"properties":{"name":"Aldinga Rail Extension (proposed)","kind":"rail_proposed","operator":"","description":""}},{"type":"Feature","geometry":{"type":"Point","coordinates":[138.60536,-34.92931]},"properties":{"name":"Calvary Adelaide Hospital","kind":"hospital","operator":""}},{"type":"Feature","geometry":{"type":"LineString","coordinates":[[138.52454,-34.81691],[138.52498,-34.81607],[138.52576,-34.81504],[138.52655,-34.81462],[138.52732,-34.81451],[138.52835,-34.81457],[138.52964,-34.81482],[138.5323,-34.81536]]},"properties":{"name":"Spur Line to Port Flat Siding","kind":"rail_proposed","operator":"","description":""}},{"type":"Feature","geometry":{"type":"LineString","coordinates":[[138.95952,-34.83948],[138.95946,-34.8404],[138.95944,-34.84077],[138.95935,-34.84228],[138.95926,-34.84374],[138.95919,-34.845],[138.95918,-34.84512],[138.95907,-34.84694],[138.95895,-34.84895],[138.95894,-34.84901],[138.95893,-34.84921],[138.9589,-34.84977],[138.95892,-34.85063],[138.95893,-34.85155],[138.95895,-34.85233],[138.95896,-34.85333],[138.95898,-34.85425],[138.95906,-34.8558],[138.95902,-34.85623],[138.95895,-34.85654],[138.95879,-34.85676],[138.95843,-34.85717],[138.95784,-34.85756],[138.95766,-34.85767],[138.95725,-34.85794],[138.95621,-34.85853],[138.95557,-34.85896],[138.95475,-34.85961],[138.95475,-34.85962],[138.95453,-34.8602],[138.95452,-34.86023],[138.95452,-34.86091],[138.95455,-34.86123],[138.95494,-34.86214],[138.95509,-34.86254],[138.95515,-34.8627],[138.95532,-34.86311],[138.95535,-34.86367],[138.95514,-34.86465],[138.95479,-34.86521],[138.95443,-34.86588],[138.95415,-34.86632],[138.95408,-34.86644],[138.95387,-34.86691],[138.95372,-34.86793],[138.95371,-34.86798]]},"properties":{"name":"Mount Pleasant Railway","kind":"road_proposed","operator":"","description":""}},{"type":"Feature","geometry":{"type":"LineString","coordinates":[[138.3209,-35.45215],[138.32088,-35.45205],[138.32084,-35.45195],[138.32077,-35.45187],[138.32067,-35.4518],[138.31981,-35.45122],[138.31976,-35.45117],[138.31973,-35.45113],[138.31971,-35.45107],[138.3197,-35.45101],[138.31978,-35.45056],[138.31978,-35.4505],[138.31976,-35.45043],[138.31971,-35.45038],[138.31966,-35.45035],[138.31959,-35.45032],[138.31925,-35.45028],[138.31916,-35.45028],[138.31906,-35.45031]]},"properties":{"name":"Meridian Circuit","kind":"road_proposed","operator":"","description":""}},{"type":"Feature","geometry":{"type":"LineString","coordinates":[[138.65253,-34.67533],[138.65255,-34.6753],[138.65293,-34.67471],[138.65333,-34.67409],[138.6537,-34.67353],[138.65407,-34.67296],[138.65413,-34.67279],[138.65411,-34.67223],[138.65413,-34.67209],[138.65551,-34.66979],[138.65557,-34.66952],[138.65576,-34.66887],[138.65592,-34.66854],[138.65623,-34.66803],[138.6564,-34.66768]]},"properties":{"name":"Brookmont Boulevard","kind":"road_construction","operator":"","description":""}},{"type":"Feature","geometry":{"type":"Point","coordinates":[138.62033,-34.80987]},"properties":{"name":"University of South Australia Mawson Lakes Campus","kind":"university","operator":"University of South Australia"}},{"type":"Feature","geometry":{"type":"Point","coordinates":[138.57199,-35.00795]},"properties":{"name":"Flinders University at Tonsley","kind":"university","operator":""}},{"type":"Feature","geometry":{"type":"LineString","coordinates":[[139.036,-34.77975],[139.03584,-34.77986],[139.03564,-34.77999],[139.03518,-34.78031],[139.03484,-34.78059],[139.03423,-34.78126],[139.03377,-34.78174],[139.03305,-34.78249],[139.03275,-34.7828],[139.03274,-34.78282],[139.03249,-34.78312],[139.03121,-34.78437],[139.02975,-34.78589],[139.02837,-34.78731],[139.02693,-34.78875],[139.02553,-34.78993],[139.02508,-34.79024],[139.02483,-34.79037]]},"properties":{"name":"Mount Pleasant Railway","kind":"road_proposed","operator":"","description":""}},{"type":"Feature","geometry":{"type":"Point","coordinates":[138.59084,-34.94213]},"properties":{"name":"Central Queensland University Adelaide","kind":"university","operator":""}},{"type":"Feature","geometry":{"type":"LineString","coordinates":[[138.74008,-34.56721],[138.74009,-34.56722],[138.74009,-34.56723],[138.7401,-34.56725],[138.7401,-34.56726],[138.73994,-34.56825],[138.73993,-34.56828],[138.73991,-34.5683],[138.73988,-34.5683],[138.73951,-34.56826]]},"properties":{"name":"Winsley Crescent","kind":"road_construction","operator":"","description":""}},{"type":"Feature","geometry":{"type":"LineString","coordinates":[[138.508,-34.58357],[138.50712,-34.58361],[138.50668,-34.58365],[138.50632,-34.58379],[138.50577,-34.58426],[138.50553,-34.58451],[138.50619,-34.58504],[138.50687,-34.58437],[138.50716,-34.58425]]},"properties":{"name":"Kelly Street","kind":"road_construction","operator":"","description":""}},{"type":"Feature","geometry":{"type":"LineString","coordinates":[[138.50517,-34.88499],[138.50517,-34.88492],[138.50514,-34.88452],[138.50519,-34.88448],[138.50545,-34.88447],[138.50628,-34.88443],[138.50633,-34.8844],[138.50633,-34.88425]]},"properties":{"name":"Karra Avenue","kind":"road_construction","operator":"","description":""}},{"type":"Feature","geometry":{"type":"LineString","coordinates":[[138.50836,-34.58645],[138.50834,-34.58566],[138.50833,-34.58531],[138.50823,-34.58503],[138.5081,-34.58468],[138.50802,-34.5844],[138.50803,-34.5842],[138.50803,-34.58406],[138.5081,-34.5837],[138.50806,-34.5836],[138.508,-34.58357]]},"properties":{"name":"Kelly Street","kind":"road_construction","operator":"","description":""}},{"type":"Feature","geometry":{"type":"Point","coordinates":[130.84541,-12.46774]},"properties":{"name":"Charles Darwin University - Waterfront","kind":"university","operator":""}},{"type":"Feature","geometry":{"type":"Point","coordinates":[130.8693,-12.37228]},"properties":{"name":"Charles Darwin University","kind":"university","operator":""}},{"type":"Feature","geometry":{"type":"Point","coordinates":[130.97759,-12.47635]},"properties":{"name":"Charles Darwin University Palmerston Campus","kind":"university","operator":""}},{"type":"Feature","geometry":{"type":"Point","coordinates":[130.88242,-12.35604]},"properties":{"name":"Royal Darwin Hospital","kind":"hospital","operator":"Top End Health Service"}},{"type":"Feature","geometry":{"type":"LineString","coordinates":[[131.01277,-12.5172],[131.01278,-12.51778],[131.01277,-12.51784],[131.01273,-12.51788],[131.01268,-12.5179],[131.01165,-12.51792],[131.01151,-12.51795],[131.01137,-12.518],[131.01126,-12.51807]]},"properties":{"name":"Stringybark Court","kind":"road_construction","operator":"","description":""}},{"type":"Feature","geometry":{"type":"LineString","coordinates":[[131.00148,-12.51538],[131.00158,-12.51526],[131.00192,-12.51489],[131.00203,-12.51471],[131.00215,-12.51452],[131.00229,-12.51417],[131.00233,-12.51405],[131.00245,-12.51367],[131.00247,-12.51357],[131.00254,-12.51325],[131.00257,-12.51288],[131.00256,-12.51201],[131.00257,-12.5115],[131.00257,-12.51066]]},"properties":{"name":"Tuckeroo Boulevard","kind":"road_construction","operator":"","description":""}},{"type":"Feature","geometry":{"type":"Point","coordinates":[130.87192,-12.37033]},"properties":{"name":"North Australian Research Unit","kind":"university","operator":"Australian National University"}},{"type":"Feature","geometry":{"type":"LineString","coordinates":[[130.93577,-12.45884],[130.93574,-12.45892],[130.9357,-12.45908],[130.93569,-12.45921],[130.93568,-12.45947],[130.93568,-12.45962],[130.93571,-12.4598],[130.93575,-12.45998],[130.93597,-12.46083]]},"properties":{"name":"Cloud Road","kind":"road_construction","operator":"","description":""}},{"type":"Feature","geometry":{"type":"LineString","coordinates":[[131.00359,-12.51504],[131.00347,-12.51509],[131.00289,-12.51533],[131.00208,-12.51566],[131.00207,-12.51567],[131.00206,-12.51568],[131.00205,-12.51569],[131.00204,-12.51571],[131.00205,-12.51573],[131.00205,-12.51575],[131.00234,-12.51622]]},"properties":{"name":"Bluegrass Street","kind":"road_construction","operator":"","description":""}},{"type":"Feature","geometry":{"type":"LineString","coordinates":[[130.93656,-12.44071],[130.93661,-12.44055],[130.93673,-12.44018],[130.93675,-12.44009],[130.93673,-12.44003],[130.93668,-12.43998],[130.93658,-12.43993],[130.93543,-12.43955],[130.93468,-12.43929]]},"properties":{"name":"Hereford Street","kind":"road_construction","operator":"","description":""}},{"type":"Feature","geometry":{"type":"LineString","coordinates":[[130.90048,-12.48368],[130.90111,-12.48361],[130.9012,-12.48358],[130.90126,-12.48345],[130.90131,-12.48323],[130.90132,-12.48292],[130.90131,-12.48267],[130.9013,-12.48171],[130.90125,-12.48122],[130.90112,-12.48074],[130.90108,-12.48023],[130.90108,-12.48002],[130.90113,-12.47947],[130.90126,-12.47903],[130.90139,-12.47873],[130.90158,-12.4784],[130.90169,-12.47825]]},"properties":{"name":"Lugger Road","kind":"road_construction","operator":"","description":""}},{"type":"Feature","geometry":{"type":"LineString","coordinates":[[130.99649,-12.48373],[130.99786,-12.48437],[130.99832,-12.4846],[130.9987,-12.4848],[130.99901,-12.48502],[130.99933,-12.48526],[130.99967,-12.4856],[130.99995,-12.48597],[131.00016,-12.4863],[131.00041,-12.48672],[131.0006,-12.4871],[131.00076,-12.4875],[131.0009,-12.48802],[131.00101,-12.48862],[131.00106,-12.48915],[131.00108,-12.48967],[131.00105,-12.49013],[131.00095,-12.49065],[131.00082,-12.4912],[131.00034,-12.49299],[131.00002,-12.49406],[130.99983,-12.4947],[130.99972,-12.49541],[130.99963,-12.49608],[130.99959,-12.49687],[130.9996,-12.49845],[130.99956,-12.50083],[130.99955,-12.50092],[130.99951,-12.50114]]},"properties":{"name":"Roystonea Avenue","kind":"road_construction","operator":"","description":""}},{"type":"Feature","geometry":{"type":"LineString","coordinates":[[130.93657,-12.45523],[130.93653,-12.45534],[130.93649,-12.45547],[130.93644,-12.45569],[130.9364,-12.45589],[130.93639,-12.45616],[130.93639,-12.45651],[130.9364,-12.45685],[130.9364,-12.45708],[130.93639,-12.45729],[130.93638,-12.45744],[130.93636,-12.45757],[130.9363,-12.45772],[130.93624,-12.45789],[130.93613,-12.45814],[130.93603,-12.45832],[130.93584,-12.45867],[130.93577,-12.45884]]},"properties":{"name":"Cloud Road","kind":"road_construction","operator":"","description":""}},{"type":"Feature","geometry":{"type":"LineString","coordinates":[[130.9656,-12.46565],[130.9646,-12.46565],[130.96455,-12.46566],[130.96452,-12.46567],[130.96448,-12.46568],[130.96446,-12.46571],[130.96444,-12.46574],[130.96418,-12.46625],[130.96411,-12.46638],[130.96408,-12.46644],[130.96407,-12.46648],[130.96407,-12.46651],[130.96407,-12.46654],[130.96407,-12.46701],[130.96406,-12.46756],[130.96407,-12.46759],[130.96408,-12.46762],[130.96411,-12.46765],[130.96414,-12.46767],[130.96417,-12.46768],[130.9642,-12.46768],[130.96617,-12.46768],[130.96621,-12.46767],[130.96625,-12.46766],[130.96627,-12.46764],[130.96629,-12.46762],[130.9663,-12.46759],[130.9663,-12.46757],[130.9663,-12.46754],[130.9663,-12.46708]]},"properties":{"name":"Barneson Street","kind":"road_construction","operator":"","description":""}},{"type":"Feature","geometry":{"type":"LineString","coordinates":[[130.96896,-12.46726],[130.96907,-12.46696],[130.96908,-12.46693],[130.96909,-12.4669],[130.96909,-12.46688],[130.96909,-12.46684],[130.96909,-12.4668],[130.96909,-12.46496]]},"properties":{"name":"Moyse Street","kind":"road_construction","operator":"","description":""}},{"type":"Feature","geometry":{"type":"LineString","coordinates":[[130.96909,-12.4668],[130.969,-12.4668],[130.96897,-12.4668],[130.96894,-12.46679],[130.96889,-12.46677],[130.96849,-12.46663],[130.96845,-12.46661],[130.96843,-12.46659],[130.96841,-12.46656],[130.9684,-12.46653],[130.9684,-12.46652],[130.9684,-12.4665],[130.9684,-12.46646],[130.96839,-12.46496]]},"properties":{"name":"Loveday Street","kind":"road_construction","operator":"","description":""}},{"type":"Feature","geometry":{"type":"LineString","coordinates":[[130.9684,-12.46652],[130.96834,-12.46653],[130.9683,-12.46654],[130.96827,-12.46654],[130.96783,-12.46654],[130.9678,-12.46653],[130.96776,-12.46652],[130.96773,-12.4665],[130.96771,-12.46647],[130.9677,-12.46644],[130.9677,-12.46641],[130.9677,-12.46502]]},"properties":{"name":"Homeyer Street","kind":"road_construction","operator":"","description":""}},{"type":"Feature","geometry":{"type":"LineString","coordinates":[[130.9663,-12.4664],[130.96686,-12.46641],[130.9669,-12.4664],[130.96694,-12.46638],[130.96697,-12.46635],[130.96699,-12.46632],[130.967,-12.46629],[130.967,-12.46626],[130.967,-12.46509]]},"properties":{"name":"Bosworth Street","kind":"road_construction","operator":"","description":""}},{"type":"Feature","geometry":{"type":"LineString","coordinates":[[130.97119,-12.46694],[130.97049,-12.46694],[130.96995,-12.46694],[130.96991,-12.46694],[130.96986,-12.46692],[130.96983,-12.4669],[130.96981,-12.46687],[130.9698,-12.46683],[130.96979,-12.46678],[130.96979,-12.46498]]},"properties":{"name":"Spooner Street","kind":"road_construction","operator":"","description":""}},{"type":"Feature","geometry":{"type":"LineString","coordinates":[[130.97294,-12.4676],[130.97279,-12.46755],[130.97263,-12.46751],[130.97253,-12.4675],[130.97244,-12.46749],[130.97223,-12.4675],[130.97201,-12.46751],[130.97181,-12.46752],[130.97119,-12.46752],[130.96985,-12.46752],[130.96975,-12.46752],[130.96966,-12.4675],[130.96957,-12.46747],[130.96896,-12.46726],[130.96839,-12.46706],[130.96824,-12.46702],[130.96812,-12.467],[130.96797,-12.46698],[130.96785,-12.46698],[130.96641,-12.46698]]},"properties":{"name":"Packard Avenue","kind":"road_construction","operator":"","description":""}},{"type":"Feature","geometry":{"type":"LineString","coordinates":[[130.9662,-12.46698],[130.96576,-12.46698],[130.9657,-12.46697],[130.96566,-12.46695],[130.96563,-12.46692],[130.96562,-12.4669],[130.96561,-12.46689],[130.9656,-12.46685],[130.9656,-12.4668],[130.9656,-12.46633],[130.9656,-12.46565],[130.9656,-12.46523],[130.96561,-12.4652],[130.96562,-12.46517],[130.96565,-12.46514],[130.96569,-12.46512],[130.96572,-12.46511],[130.96575,-12.46511],[130.9663,-12.46511],[130.96682,-12.46511],[130.9669,-12.4651],[130.967,-12.46509],[130.96705,-12.46509],[130.9672,-12.46507],[130.9677,-12.46502],[130.96814,-12.46498],[130.96829,-12.46497],[130.96839,-12.46496],[130.96842,-12.46496],[130.96909,-12.46496],[130.96959,-12.46496],[130.96969,-12.46497],[130.96979,-12.46498],[130.96989,-12.46499],[130.97049,-12.46507],[130.97093,-12.46513],[130.97102,-12.46516],[130.97108,-12.46519],[130.97112,-12.46523],[130.97115,-12.46528],[130.97118,-12.46534],[130.97118,-12.46538],[130.97118,-12.46544],[130.97119,-12.46694],[130.97119,-12.46752]]},"properties":{"name":"Plaisted Road","kind":"road_construction","operator":"","description":""}},{"type":"Feature","geometry":{"type":"LineString","coordinates":[[130.9372,-12.44107],[130.93689,-12.44196],[130.93689,-12.44201],[130.9369,-12.44206],[130.93692,-12.44208],[130.93696,-12.4421],[130.93772,-12.44236],[130.9378,-12.44238],[130.93788,-12.44238]]},"properties":{"name":"Zebu Street","kind":"road_construction","operator":"","description":""}},{"type":"Feature","geometry":{"type":"LineString","coordinates":[[130.99967,-12.51459],[130.99962,-12.51462],[130.99956,-12.51463],[130.99948,-12.51463],[130.99894,-12.51463],[130.99851,-12.51463],[130.99847,-12.51463],[130.99843,-12.51461],[130.9984,-12.51459],[130.99836,-12.51455],[130.99823,-12.51431],[130.9982,-12.51425],[130.99819,-12.51422],[130.99818,-12.51416],[130.99818,-12.51338],[130.99818,-12.51334],[130.99819,-12.51331],[130.99821,-12.51328],[130.99824,-12.51325],[130.99867,-12.51304],[130.9987,-12.51303],[130.99874,-12.51303],[130.99877,-12.51304],[130.9988,-12.51307],[130.9989,-12.51328],[130.99893,-12.51335],[130.99894,-12.51342],[130.99894,-12.51463]]},"properties":{"name":"Hollyleaf Circuit","kind":"road_construction","operator":"","description":""}},{"type":"Feature","geometry":{"type":"LineString","coordinates":[[131.00129,-12.51441],[131.00142,-12.51426],[131.00149,-12.51415],[131.00154,-12.514],[131.00171,-12.51337],[131.00174,-12.51318],[131.00177,-12.51269],[131.00177,-12.51261],[131.00175,-12.51258],[131.00172,-12.51255],[131.00169,-12.51254],[131.00162,-12.51253],[131.00107,-12.51253],[130.99986,-12.51254],[130.99978,-12.51254],[130.99971,-12.51256],[130.99949,-12.51265],[130.99944,-12.51267],[130.99943,-12.51271],[130.99943,-12.51273],[130.99943,-12.51276],[130.99961,-12.51309],[130.99963,-12.51315],[130.99964,-12.51323],[130.99964,-12.51393],[130.99965,-12.51447],[130.99965,-12.51455],[130.99967,-12.51459],[130.9997,-12.51462],[130.99975,-12.51463],[130.99986,-12.51463],[131.0003,-12.51463],[131.00036,-12.51463],[131.00043,-12.51465],[131.00052,-12.51469],[131.00073,-12.51486],[131.00077,-12.51489],[131.00082,-12.51489],[131.00088,-12.51488],[131.00092,-12.51485],[131.00129,-12.51441]]},"properties":{"name":"Honeygem Circuit","kind":"road_construction","operator":"","description":""}},{"type":"Feature","geometry":{"type":"LineString","coordinates":[[131.00024,-12.51134],[131.00031,-12.51113],[131.00033,-12.51106],[131.00034,-12.51096],[131.00034,-12.51021],[131.00033,-12.51011],[131.0003,-12.50999],[131.00002,-12.50926]]},"properties":{"name":"Bushapple Street","kind":"road_construction","operator":"","description":""}},{"type":"Feature","geometry":{"type":"LineString","coordinates":[[131.00257,-12.5115],[131.00176,-12.5115],[131.00104,-12.51151],[131.00088,-12.51151],[131.00078,-12.5115],[131.00064,-12.51146],[131.00024,-12.51134],[130.99953,-12.51114],[130.99889,-12.51095],[130.99885,-12.51093],[130.99882,-12.51089],[130.9988,-12.51083],[130.9988,-12.51077],[130.99887,-12.50983],[130.99889,-12.50978],[130.99892,-12.50972],[130.99898,-12.50967],[130.99904,-12.50965],[130.99936,-12.50952],[131.00002,-12.50926],[131.00068,-12.509],[131.00101,-12.50887],[131.00108,-12.50886],[131.00117,-12.50887],[131.00127,-12.5089],[131.00136,-12.50894],[131.00142,-12.50899],[131.00145,-12.50903],[131.00148,-12.50909],[131.00173,-12.50971],[131.00175,-12.50979],[131.00175,-12.50987],[131.00175,-12.51025],[131.00176,-12.5115]]},"properties":{"name":"Lemongrass Circuit","kind":"road_construction","operator":"","description":""}},{"type":"Feature","geometry":{"type":"LineString","coordinates":[[130.99772,-12.51573],[130.99786,-12.51568],[130.99802,-12.51564],[130.99807,-12.51563],[130.99812,-12.51563],[130.99819,-12.51564],[130.99826,-12.51566],[130.99864,-12.51582],[130.99915,-12.51603],[130.99924,-12.51607],[130.99931,-12.51607],[130.9994,-12.51604],[130.99946,-12.516],[130.99954,-12.51597],[130.99962,-12.51596],[130.99971,-12.51598],[130.99988,-12.51602],[130.99995,-12.51604],[131.00001,-12.51607]]},"properties":{"name":"Sandpalm Court","kind":"road_construction","operator":"","description":""}},{"type":"Feature","geometry":{"type":"LineString","coordinates":[[131.00249,-12.51966],[131.00239,-12.51966],[131.00221,-12.51964],[131.00189,-12.51957],[131.00154,-12.5194],[131.00127,-12.51918],[131.00105,-12.51886],[131.00092,-12.51854],[131.00088,-12.51826],[131.00087,-12.518]]},"properties":{"name":"Scarletgum Street","kind":"road_construction","operator":"","description":""}},{"type":"Feature","geometry":{"type":"LineString","coordinates":[[131.00996,-12.51899],[131.01071,-12.51874],[131.01093,-12.51866],[131.01103,-12.51865],[131.01117,-12.51864],[131.01156,-12.51866],[131.01226,-12.51869],[131.01263,-12.51871],[131.01269,-12.51872],[131.01272,-12.51874],[131.01276,-12.51877],[131.01278,-12.51881],[131.01295,-12.51936],[131.01296,-12.51943],[131.01297,-12.51951],[131.01298,-12.51986],[131.01298,-12.5199],[131.01299,-12.51995],[131.01301,-12.51997]]},"properties":{"name":"Pongamia Street","kind":"road_construction","operator":"","description":""}},{"type":"Feature","geometry":{"type":"LineString","coordinates":[[131.00977,-12.51854],[131.0092,-12.51873],[131.00916,-12.51875],[131.00913,-12.51879],[131.00913,-12.51883],[131.00914,-12.51887],[131.00934,-12.51945],[131.00936,-12.51952],[131.00936,-12.51959],[131.00936,-12.51993],[131.00935,-12.52061],[131.00934,-12.52104],[131.00935,-12.52108],[131.00937,-12.52111],[131.00941,-12.52114],[131.00981,-12.52131],[131.00987,-12.52132],[131.00997,-12.52133],[131.0111,-12.52136],[131.01147,-12.52137],[131.013,-12.52143]]},"properties":{"name":"Milkyplum Street","kind":"road_construction","operator":"","description":""}},{"type":"Feature","geometry":{"type":"LineString","coordinates":[[131.01297,-12.52265],[131.01299,-12.52254],[131.013,-12.52243],[131.01301,-12.52228],[131.013,-12.52212],[131.013,-12.52143],[131.01299,-12.52084],[131.01297,-12.52078],[131.01294,-12.52075],[131.0129,-12.52073],[131.01285,-12.52072],[131.0122,-12.5207],[131.01148,-12.52068],[131.01113,-12.52067],[131.01077,-12.52065],[131.01005,-12.52063],[131.00935,-12.52061]]},"properties":{"name":"Beautyleaf Street","kind":"road_construction","operator":"","description":""}},{"type":"Feature","geometry":{"type":"LineString","coordinates":[[131.01005,-12.52063],[131.01009,-12.51948],[131.01009,-12.51938],[131.01007,-12.51928],[131.01003,-12.51916],[131.00996,-12.51899],[131.00977,-12.51854],[131.00969,-12.51833]]},"properties":{"name":"Bamboo Street","kind":"road_construction","operator":"","description":""}},{"type":"Feature","geometry":{"type":"LineString","coordinates":[[130.89119,-12.34927],[130.89122,-12.34903],[130.89123,-12.34899],[130.89125,-12.34897],[130.89127,-12.34895],[130.89131,-12.34894],[130.89135,-12.34893],[130.89259,-12.34893],[130.89331,-12.34893],[130.8949,-12.34893]]},"properties":{"name":"Cycad Circuit","kind":"road_construction","operator":"","description":""}},{"type":"Feature","geometry":{"type":"LineString","coordinates":[[130.89394,-12.34735],[130.89552,-12.34736],[130.89557,-12.34735],[130.89561,-12.34733],[130.89563,-12.3473],[130.89564,-12.34726],[130.89565,-12.34722],[130.89565,-12.34667],[130.89564,-12.34663],[130.89563,-12.3466],[130.89561,-12.34657],[130.89557,-12.34655],[130.89553,-12.34655],[130.89394,-12.34655]]},"properties":{"name":"Canopy Crescent","kind":"road_construction","operator":"","description":""}},{"type":"Feature","geometry":{"type":"LineString","coordinates":[[130.89103,-12.34823],[130.89115,-12.34823],[130.89258,-12.34822],[130.89395,-12.34822],[130.89489,-12.34822],[130.89541,-12.34822],[130.8955,-12.34823],[130.89556,-12.34825],[130.8956,-12.34829],[130.89563,-12.34834],[130.89564,-12.34838],[130.89564,-12.34843],[130.89564,-12.3486],[130.89565,-12.34953]]},"properties":{"name":"Monsoon Road","kind":"road_construction","operator":"","description":""}},{"type":"Feature","geometry":{"type":"LineString","coordinates":[[130.88947,-12.34998],[130.89014,-12.34998],[130.89019,-12.34997],[130.89023,-12.34995],[130.89025,-12.34991],[130.89026,-12.34986],[130.89035,-12.34891],[130.89042,-12.34818]]},"properties":{"name":"Orion Street","kind":"road_construction","operator":"","description":""}},{"type":"Feature","geometry":{"type":"LineString","coordinates":[[130.88941,-12.35071],[130.88947,-12.34998],[130.88956,-12.34898],[130.88957,-12.34892],[130.88962,-12.34888],[130.88966,-12.34886],[130.88971,-12.34886],[130.89035,-12.34891]]},"properties":{"name":"Solstice Street","kind":"road_construction","operator":"","description":""}},{"type":"Feature","geometry":{"type":"LineString","coordinates":[[130.8871,-12.35071],[130.8871,-12.35034],[130.88711,-12.35027],[130.88714,-12.3502],[130.88718,-12.35014],[130.88757,-12.3497],[130.88805,-12.34918],[130.88808,-12.34912],[130.88811,-12.34906],[130.88812,-12.34898],[130.88815,-12.34871]]},"properties":{"name":"Manta Ray Street","kind":"road_construction","operator":"","description":""}},{"type":"Feature","geometry":{"type":"LineString","coordinates":[[130.88633,-12.35071],[130.88633,-12.35015],[130.88634,-12.35008],[130.88636,-12.35003],[130.8864,-12.34998],[130.88729,-12.34897],[130.88749,-12.34875],[130.88755,-12.3487],[130.88761,-12.34868],[130.88769,-12.34867],[130.88815,-12.34871],[130.88886,-12.34877]]},"properties":{"name":"Orca Street","kind":"road_construction","operator":"","description":""}},{"type":"Feature","geometry":{"type":"LineString","coordinates":[[130.88644,-12.34678],[130.88689,-12.34718],[130.88746,-12.34768],[130.88759,-12.3478],[130.88772,-12.34789],[130.88782,-12.34793],[130.88792,-12.34796],[130.88848,-12.34801],[130.88892,-12.34804],[130.89042,-12.34818],[130.89103,-12.34823]]},"properties":{"name":"Constellation Road","kind":"road_construction","operator":"","description":""}},{"type":"Feature","geometry":{"type":"LineString","coordinates":[[130.88897,-12.34708],[130.88923,-12.3473],[130.88931,-12.34733],[130.88939,-12.34735],[130.89016,-12.34742],[130.89022,-12.34742],[130.89026,-12.3474],[130.89029,-12.34736],[130.8903,-12.34731],[130.89033,-12.34681],[130.89033,-12.34674],[130.89031,-12.34668]]},"properties":{"name":"Cruciform Street","kind":"road_construction","operator":"","description":""}},{"type":"Feature","geometry":{"type":"LineString","coordinates":[[130.88527,-12.34978],[130.88591,-12.3494],[130.88601,-12.34931],[130.88613,-12.34918],[130.88674,-12.34849],[130.88696,-12.34824],[130.88746,-12.34768],[130.88891,-12.34605],[130.88943,-12.34546]]},"properties":{"name":"Bottlenose Road","kind":"road_construction","operator":"","description":""}},{"type":"Feature","geometry":{"type":"LineString","coordinates":[[130.8878,-12.34507],[130.88891,-12.34605],[130.88939,-12.34648],[130.88947,-12.34653],[130.88956,-12.3466],[130.88968,-12.34665],[130.88984,-12.34668],[130.89018,-12.34671],[130.89026,-12.34671],[130.89031,-12.34668],[130.89034,-12.34664],[130.89035,-12.34658],[130.8904,-12.34593]]},"properties":{"name":"Squadron Street","kind":"road_construction","operator":"","description":""}},{"type":"Feature","geometry":{"type":"LineString","coordinates":[[130.88834,-12.34449],[130.88888,-12.34497],[130.88925,-12.3453],[130.88943,-12.34546],[130.88977,-12.34577],[130.88989,-12.34584],[130.89003,-12.34589],[130.89027,-12.34592],[130.8904,-12.34593],[130.89113,-12.34599],[130.89121,-12.346]]},"properties":{"name":"Bunkers Boulevard","kind":"road_construction","operator":"","description":""}},{"type":"Feature","geometry":{"type":"LineString","coordinates":[[130.88942,-12.34437],[130.88997,-12.34486],[130.89019,-12.34502],[130.89034,-12.34512],[130.89041,-12.34518],[130.89044,-12.34523],[130.89045,-12.34529],[130.89045,-12.34537],[130.89044,-12.34547],[130.8904,-12.34593]]},"properties":{"name":"Sabre Street","kind":"road_construction","operator":"","description":""}},{"type":"Feature","geometry":{"type":"LineString","coordinates":[[130.88888,-12.34497],[130.88942,-12.34437],[130.88976,-12.34398],[130.88985,-12.34387],[130.8899,-12.34379],[130.88993,-12.34371],[130.8901,-12.34322],[130.89012,-12.34315],[130.89011,-12.3431],[130.89008,-12.34306],[130.89002,-12.34303],[130.88945,-12.34284]]},"properties":{"name":"Radar Street","kind":"road_construction","operator":"","description":""}},{"type":"Feature","geometry":{"type":"LineString","coordinates":[[130.8908,-12.35071],[130.88941,-12.35071],[130.8887,-12.35071],[130.8871,-12.35071],[130.88633,-12.35071],[130.88593,-12.35071],[130.88588,-12.3507],[130.88581,-12.35066],[130.88577,-12.3506],[130.88527,-12.34978],[130.88461,-12.34868],[130.88458,-12.3486],[130.88457,-12.34852],[130.88458,-12.34843],[130.88462,-12.34836],[130.88467,-12.34829],[130.88474,-12.34824],[130.88598,-12.34723],[130.88627,-12.347],[130.88635,-12.34692],[130.88644,-12.34678],[130.88669,-12.34632],[130.88677,-12.34622],[130.88688,-12.34609],[130.88723,-12.3457],[130.8878,-12.34507],[130.88834,-12.34449],[130.8891,-12.34365],[130.88917,-12.34356],[130.88922,-12.34346],[130.88928,-12.3433],[130.88945,-12.34284],[130.88952,-12.34263],[130.88963,-12.34241],[130.89024,-12.34105],[130.89029,-12.34098],[130.89037,-12.34094],[130.89044,-12.34094],[130.89052,-12.34095],[130.89182,-12.34143],[130.89194,-12.34148]]},"properties":{"name":"Strand Road","kind":"road_construction","operator":"","description":""}}]}