{"type":"FeatureCollection","features":[{"type":"Feature","geometry":{"type":"Point","coordinates":[145.14557,-37.88438]},"properties":{"cat":"hospital","name":"Waverley Private Hospital"}},{"type":"Feature","geometry":{"type":"Point","coordinates":[145.14641,-37.8847]},"properties":{"cat":"worship","name":"Christian Life Assembly Church"}},{"type":"Feature","geometry":{"type":"Point","coordinates":[144.94394,-37.76236]},"properties":{"cat":"worship","name":"St Joseph's"}},{"type":"Feature","geometry":{"type":"Point","coordinates":[145.21648,-37.85527]},"properties":{"cat":"worship","name":"Wantirna Seventh-day Adventist Church"}},{"type":"Feature","geometry":{"type":"Point","coordinates":[145.15225,-37.85319]},"properties":{"cat":"worship","name":"Burwood Heights Uniting Church"}},{"type":"Feature","geometry":{"type":"Point","coordinates":[144.95265,-37.74989]},"properties":{"cat":"worship","name":"St Fidelis"}},{"type":"Feature","geometry":{"type":"Point","coordinates":[145.14893,-37.87149]},"properties":{"cat":"worship","name":"Italian Pentecostal Church"}},{"type":"Feature","geometry":{"type":"Point","coordinates":[145.14918,-37.87049]},"properties":{"cat":"worship","name":"St Christophers Catholic Church"}},{"type":"Feature","geometry":{"type":"Point","coordinates":[145.15084,-37.85705]},"properties":{"cat":"worship","name":"Anglican Church of the Ascension"}},{"type":"Feature","geometry":{"type":"Point","coordinates":[145.28521,-37.7894]},"properties":{"cat":"worship","name":"The Oasis"}},{"type":"Feature","geometry":{"type":"Point","coordinates":[145.17856,-37.91048]},"properties":{"cat":"worship","name":"St Matthews Anglican Church"}},{"type":"Feature","geometry":{"type":"Point","coordinates":[145.20951,-37.94968]},"properties":{"cat":"worship","name":"Faith! Christian Church"}},{"type":"Feature","geometry":{"type":"Point","coordinates":[144.95485,-37.81708]},"properties":{"cat":"worship","name":"Saint Augustine's Catholic Church"}},{"type":"Feature","geometry":{"type":"Point","coordinates":[145.11896,-37.97292]},"properties":{"cat":"worship","name":"Christ Church Dingley"}},{"type":"Feature","geometry":{"type":"Point","coordinates":[145.13085,-37.96006]},"properties":{"cat":"worship","name":""}},{"type":"Feature","geometry":{"type":"Point","coordinates":[145.15462,-37.86286]},"properties":{"cat":"worship","name":"Redeemer Lutheran Church"}},{"type":"Feature","geometry":{"type":"Point","coordinates":[144.94917,-37.74683]},"properties":{"cat":"worship","name":"Anglican Church of Australia"}},{"type":"Feature","geometry":{"type":"Point","coordinates":[145.12472,-37.89486]},"properties":{"cat":"worship","name":"The Anglican Parish of Saint Philip"}},{"type":"Feature","geometry":{"type":"Point","coordinates":[145.10591,-37.8962]},"properties":{"cat":"worship","name":"Christ Our Holy Redeemer Parish"}},{"type":"Feature","geometry":{"type":"Point","coordinates":[145.10685,-37.8895]},"properties":{"cat":"worship","name":"Oakleigh Christian Fellowship"}},{"type":"Feature","geometry":{"type":"Point","coordinates":[145.12581,-37.87777]},"properties":{"cat":"worship","name":"St. Johns Mount Waverley"}},{"type":"Feature","geometry":{"type":"Point","coordinates":[145.17184,-37.79143]},"properties":{"cat":"supermarket","name":"Coles"}},{"type":"Feature","geometry":{"type":"Point","coordinates":[145.09031,-37.89733]},"properties":{"cat":"library","name":"Oakleigh Library (City Of Monash)"}},{"type":"Feature","geometry":{"type":"Point","coordinates":[145.12343,-37.86404]},"properties":{"cat":"worship","name":"St Luke's Uniting Church Mount Waverley"}},{"type":"Feature","geometry":{"type":"Point","coordinates":[145.12521,-37.86921]},"properties":{"cat":"worship","name":"St Stephen's Anglican Church"}},{"type":"Feature","geometry":{"type":"Point","coordinates":[145.15574,-37.90822]},"properties":{"cat":"worship","name":"Monash Christian Church"}},{"type":"Feature","geometry":{"type":"Point","coordinates":[144.94394,-37.76506]},"properties":{"cat":"worship","name":"St John Chrysostum"}},{"type":"Feature","geometry":{"type":"Point","coordinates":[145.14313,-37.91718]},"properties":{"cat":"worship","name":"Regeneration Church Monash"}},{"type":"Feature","geometry":{"type":"Point","coordinates":[144.94511,-37.76514]},"properties":{"cat":"worship","name":"Italian Pentecostal Church"}},{"type":"Feature","geometry":{"type":"Point","coordinates":[145.1726,-37.87523]},"properties":{"cat":"worship","name":"Glen Hill Community Church"}},{"type":"Feature","geometry":{"type":"Point","coordinates":[145.10282,-37.86786]},"properties":{"cat":"worship","name":"Ashwood Gospel Chapel"}},{"type":"Feature","geometry":{"type":"Point","coordinates":[145.10492,-37.8818]},"properties":{"cat":"worship","name":"Chadstone Church of Christ"}},{"type":"Feature","geometry":{"type":"Point","coordinates":[145.10189,-37.88021]},"properties":{"cat":"worship","name":"St Mary Magdalen's Parish"}},{"type":"Feature","geometry":{"type":"Point","coordinates":[145.09701,-37.87664]},"properties":{"cat":"worship","name":"Chadstone Baptist Church"}},{"type":"Feature","geometry":{"type":"Point","coordinates":[145.11351,-37.85622]},"properties":{"cat":"worship","name":"Burwood Adventist Community Church"}},{"type":"Feature","geometry":{"type":"Point","coordinates":[145.0837,-37.89647]},"properties":{"cat":"worship","name":"Oakleigh Greek Orthodox Church"}},{"type":"Feature","geometry":{"type":"Point","coordinates":[145.08695,-37.90187]},"properties":{"cat":"worship","name":"Sacred Heart Oakleigh Catholic"}},{"type":"Feature","geometry":{"type":"Point","coordinates":[145.07504,-37.90247]},"properties":{"cat":"worship","name":"Holy Nativity Anglican Church, Hughesdale"}},{"type":"Feature","geometry":{"type":"Point","coordinates":[145.08352,-37.88884]},"properties":{"cat":"worship","name":"Australian Free Church"}},{"type":"Feature","geometry":{"type":"Point","coordinates":[145.07602,-37.89743]},"properties":{"cat":"worship","name":"Hughesdale Seventh-day Adventist Church"}},{"type":"Feature","geometry":{"type":"Point","coordinates":[145.0765,-37.90876]},"properties":{"cat":"worship","name":"Uniting Church Coatsville"}},{"type":"Feature","geometry":{"type":"Point","coordinates":[145.08797,-37.89248]},"properties":{"cat":"worship","name":"Holy Trinity Oakleigh Anglican Church"}},{"type":"Feature","geometry":{"type":"Point","coordinates":[145.2404,-37.86826]},"properties":{"cat":"supermarket","name":"Coles"}},{"type":"Feature","geometry":{"type":"Point","coordinates":[145.16462,-37.83499]},"properties":{"cat":"shopping","name":"Target"}},{"type":"Feature","geometry":{"type":"Point","coordinates":[145.16433,-37.83496]},"properties":{"cat":"supermarket","name":"Coles"}},{"type":"Feature","geometry":{"type":"Point","coordinates":[145.16445,-37.83583]},"properties":{"cat":"supermarket","name":"Woolworths"}},{"type":"Feature","geometry":{"type":"Point","coordinates":[145.16525,-37.84505]},"properties":{"cat":"worship","name":"Greek Orthodox Parish of St. Andrew"}},{"type":"Feature","geometry":{"type":"Point","coordinates":[145.09264,-37.87843]},"properties":{"cat":"shopping","name":"Harvey Norman"}},{"type":"Feature","geometry":{"type":"Point","coordinates":[145.16495,-37.85261]},"properties":{"cat":"hospital","name":"Peter James Centre"}},{"type":"Feature","geometry":{"type":"Point","coordinates":[145.37878,-37.78509]},"properties":{"cat":"library","name":"Mount Evelyn Reading Room"}},{"type":"Feature","geometry":{"type":"Point","coordinates":[145.34563,-37.90741]},"properties":{"cat":"worship","name":"Tecoma Uniting Church"}},{"type":"Feature","geometry":{"type":"Point","coordinates":[145.31795,-37.8389]},"properties":{"cat":"worship","name":"Kilsyth South Baptist Church"}},{"type":"Feature","geometry":{"type":"Point","coordinates":[145.1909,-37.9078]},"properties":{"cat":"library","name":"Wheelers Hill Branch Library"}},{"type":"Feature","geometry":{"type":"Point","coordinates":[145.18132,-37.85448]},"properties":{"cat":"library","name":"Vermont South Library"}},{"type":"Feature","geometry":{"type":"Point","coordinates":[145.18169,-37.81752]},"properties":{"cat":"library","name":"Nunawading Library"}},{"type":"Feature","geometry":{"type":"Point","coordinates":[145.09425,-37.89998]},"properties":{"cat":"worship","name":"Bethel Bible Presbyterian Church"}},{"type":"Feature","geometry":{"type":"Point","coordinates":[144.89216,-38.36147]},"properties":{"cat":"supermarket","name":"Coles"}},{"type":"Feature","geometry":{"type":"Point","coordinates":[145.27917,-37.7942]},"properties":{"cat":"supermarket","name":"Coles"}},{"type":"Feature","geometry":{"type":"Point","coordinates":[145.1268,-37.81157]},"properties":{"cat":"worship","name":"True Jesus Church, Box Hill"}},{"type":"Feature","geometry":{"type":"Point","coordinates":[145.23755,-37.92089]},"properties":{"cat":"supermarket","name":"Coles"}},{"type":"Feature","geometry":{"type":"Point","coordinates":[145.23723,-37.9198]},"properties":{"cat":"library","name":"Rowville Library"}},{"type":"Feature","geometry":{"type":"Point","coordinates":[145.08455,-37.88554]},"properties":{"cat":"supermarket","name":"Coles"}},{"type":"Feature","geometry":{"type":"Point","coordinates":[145.08428,-37.88719]},"properties":{"cat":"supermarket","name":"Woolworths"}},{"type":"Feature","geometry":{"type":"Point","coordinates":[145.08394,-37.88638]},"properties":{"cat":"supermarket","name":"ALDI"}},{"type":"Feature","geometry":{"type":"Point","coordinates":[144.67711,-37.87518]},"properties":{"cat":"shopping","name":"Big W"}},{"type":"Feature","geometry":{"type":"Point","coordinates":[144.67943,-37.87478]},"properties":{"cat":"supermarket","name":"Coles"}},{"type":"Feature","geometry":{"type":"Point","coordinates":[144.68025,-37.875]},"properties":{"cat":"shopping","name":"Kmart"}},{"type":"Feature","geometry":{"type":"Point","coordinates":[144.96394,-37.80816]},"properties":{"cat":"library","name":"RMIT Swanston Library"}},{"type":"Feature","geometry":{"type":"Point","coordinates":[144.96409,-37.80597]},"properties":{"cat":"library","name":"RMIT Carlton Library"}},{"type":"Feature","geometry":{"type":"Point","coordinates":[145.1572,-37.82336]},"properties":{"cat":"worship","name":"St Thomas the Apostle"}},{"type":"Feature","geometry":{"type":"Point","coordinates":[144.96836,-37.79814]},"properties":{"cat":"supermarket","name":"Woolworths"}},{"type":"Feature","geometry":{"type":"Point","coordinates":[144.98071,-37.86344]},"properties":{"cat":"worship","name":"Sacred Heart Catholic Church"}},{"type":"Feature","geometry":{"type":"Point","coordinates":[144.97047,-37.85791]},"properties":{"cat":"worship","name":"Our Lady of Dolours Catholic Church"}},{"type":"Feature","geometry":{"type":"Point","coordinates":[144.99958,-37.86723]},"properties":{"cat":"worship","name":"Sassoon Yehuda Sephardi Synagogue"}},{"type":"Feature","geometry":{"type":"Point","coordinates":[144.99268,-37.91159]},"properties":{"cat":"worship","name":"St Andrew\u2019s Anglican Church"}},{"type":"Feature","geometry":{"type":"Point","coordinates":[145.01272,-37.87827]},"properties":{"cat":"worship","name":"St Mary's Anglican Church"}},{"type":"Feature","geometry":{"type":"Point","coordinates":[145.16419,-37.88676]},"properties":{"cat":"worship","name":"St Leonard's Catholic Church"}},{"type":"Feature","geometry":{"type":"Point","coordinates":[145.05345,-37.79946]},"properties":{"cat":"worship","name":"Leo Baeck Centre for Progressive Judaism"}},{"type":"Feature","geometry":{"type":"Point","coordinates":[145.31269,-37.78775]},"properties":{"cat":"worship","name":"St Margaret's Uniting Church"}},{"type":"Feature","geometry":{"type":"Point","coordinates":[145.31295,-37.78833]},"properties":{"cat":"worship","name":"St Francis in the Fields Anglican Church"}},{"type":"Feature","geometry":{"type":"Point","coordinates":[144.98175,-37.70997]},"properties":{"cat":"worship","name":"Linh Son Buddhist Temple"}},{"type":"Feature","geometry":{"type":"Point","coordinates":[145.05658,-37.83378]},"properties":{"cat":"worship","name":"Basilica of Our Lady of Victories"}},{"type":"Feature","geometry":{"type":"Point","coordinates":[145.29946,-38.01948]},"properties":{"cat":"library","name":"Narre Warren Library"}},{"type":"Feature","geometry":{"type":"Point","coordinates":[145.1487,-37.85354]},"properties":{"cat":"supermarket","name":"Coles"}},{"type":"Feature","geometry":{"type":"Point","coordinates":[145.04866,-37.87219]},"properties":{"cat":"worship","name":"Ewing Memorial Uniting Church"}},{"type":"Feature","geometry":{"type":"Point","coordinates":[145.00891,-37.85293]},"properties":{"cat":"worship","name":"Seventh Day Adventist Church"}},{"type":"Feature","geometry":{"type":"Point","coordinates":[145.0115,-37.8527]},"properties":{"cat":"worship","name":"St Alban's Anglican Church"}},{"type":"Feature","geometry":{"type":"Point","coordinates":[145.30807,-37.89438]},"properties":{"cat":"supermarket","name":"Maxi Foods"}},{"type":"Feature","geometry":{"type":"Point","coordinates":[145.10706,-37.80999]},"properties":{"cat":"worship","name":"St Augustine's Anglican Church"}},{"type":"Feature","geometry":{"type":"Point","coordinates":[145.00337,-37.94945]},"properties":{"cat":"supermarket","name":"Coles"}},{"type":"Feature","geometry":{"type":"Point","coordinates":[145.16487,-37.87472]},"properties":{"cat":"supermarket","name":"Woolworths"}},{"type":"Feature","geometry":{"type":"Point","coordinates":[145.16459,-37.87687]},"properties":{"cat":"supermarket","name":"Coles"}},{"type":"Feature","geometry":{"type":"Point","coordinates":[145.30204,-37.82293]},"properties":{"cat":"supermarket","name":"Woolworths"}},{"type":"Feature","geometry":{"type":"Point","coordinates":[145.31082,-37.80324]},"properties":{"cat":"supermarket","name":"Woolworths"}},{"type":"Feature","geometry":{"type":"Point","coordinates":[144.96534,-37.74334]},"properties":{"cat":"library","name":"Coburg Library"}},{"type":"Feature","geometry":{"type":"Point","coordinates":[145.18987,-37.90978]},"properties":{"cat":"supermarket","name":"Woolworths"}},{"type":"Feature","geometry":{"type":"Point","coordinates":[145.15456,-37.78192]},"properties":{"cat":"worship","name":"United Muslims Migrant Association (UMMA)"}},{"type":"Feature","geometry":{"type":"Point","coordinates":[145.25981,-37.97769]},"properties":{"cat":"library","name":"Endeavour Hills Library"}},{"type":"Feature","geometry":{"type":"Point","coordinates":[144.56576,-37.68568]},"properties":{"cat":"supermarket","name":"Coles"}},{"type":"Feature","geometry":{"type":"Point","coordinates":[144.56661,-37.68581]},"properties":{"cat":"supermarket","name":"Woolworths"}},{"type":"Feature","geometry":{"type":"Point","coordinates":[145.0007,-37.75977]},"properties":{"cat":"supermarket","name":"Psarakos Market"}},{"type":"Feature","geometry":{"type":"Point","coordinates":[145.00163,-37.76117]},"properties":{"cat":"worship","name":"Greek Orthodox Church of St. George"}},{"type":"Feature","geometry":{"type":"Point","coordinates":[145.28754,-37.86128]},"properties":{"cat":"supermarket","name":"Coles"}},{"type":"Feature","geometry":{"type":"Point","coordinates":[144.9659,-37.81695]},"properties":{"cat":"library","name":"City Library"}},{"type":"Feature","geometry":{"type":"Point","coordinates":[145.34945,-37.76008]},"properties":{"cat":"supermarket","name":"Woolworths"}},{"type":"Feature","geometry":{"type":"Point","coordinates":[144.99949,-37.89857]},"properties":{"cat":"worship","name":"St Stephen's Anglican Church"}},{"type":"Feature","geometry":{"type":"Point","coordinates":[145.12142,-37.91944]},"properties":{"cat":"worship","name":"All Saints Anglican Church, Clayton"}},{"type":"Feature","geometry":{"type":"Point","coordinates":[145.17369,-37.83522]},"properties":{"cat":"community","name":"Forest Hill Hall"}},{"type":"Feature","geometry":{"type":"Point","coordinates":[145.15322,-37.82067]},"properties":{"cat":"library","name":"Blackburn Library"}},{"type":"Feature","geometry":{"type":"Point","coordinates":[145.04595,-37.76635]},"properties":{"cat":"worship","name":"St. James' Anglican Church"}},{"type":"Feature","geometry":{"type":"Point","coordinates":[145.0432,-37.76889]},"properties":{"cat":"worship","name":"Ivanhoe Uniting Church"}},{"type":"Feature","geometry":{"type":"Point","coordinates":[145.09054,-37.7961]},"properties":{"cat":"worship","name":"St Aidan's Uniting Church"}},{"type":"Feature","geometry":{"type":"Point","coordinates":[145.3158,-37.80376]},"properties":{"cat":"worship","name":"Ebenezer Bible Presbyterian Church"}},{"type":"Feature","geometry":{"type":"Point","coordinates":[145.30502,-37.82775]},"properties":{"cat":"worship","name":"Canterbury Gardens Community Church"}},{"type":"Feature","geometry":{"type":"Point","coordinates":[145.12766,-37.87842]},"properties":{"cat":"supermarket","name":"Woolworths"}},{"type":"Feature","geometry":{"type":"Point","coordinates":[145.12851,-37.87635]},"properties":{"cat":"supermarket","name":"Ritchies"}},{"type":"Feature","geometry":{"type":"Point","coordinates":[145.47827,-38.07828]},"properties":{"cat":"shopping","name":"Target"}},{"type":"Feature","geometry":{"type":"Point","coordinates":[145.47903,-38.07781]},"properties":{"cat":"supermarket","name":"Coles"}},{"type":"Feature","geometry":{"type":"Point","coordinates":[145.48281,-38.07914]},"properties":{"cat":"supermarket","name":"Ritchies"}},{"type":"Feature","geometry":{"type":"Point","coordinates":[145.30531,-38.02167]},"properties":{"cat":"shopping","name":"Harvey Norman"}},{"type":"Feature","geometry":{"type":"Point","coordinates":[145.27826,-38.08165]},"properties":{"cat":"supermarket","name":"Woolworths"}},{"type":"Feature","geometry":{"type":"Point","coordinates":[145.47095,-38.08571]},"properties":{"cat":"supermarket","name":"Coles"}},{"type":"Feature","geometry":{"type":"Point","coordinates":[145.19305,-38.11543]},"properties":{"cat":"supermarket","name":"Coles"}},{"type":"Feature","geometry":{"type":"Point","coordinates":[145.12641,-38.1402]},"properties":{"cat":"supermarket","name":"Woolworths"}},{"type":"Feature","geometry":{"type":"Point","coordinates":[145.12341,-38.14218]},"properties":{"cat":"supermarket","name":"Coles"}},{"type":"Feature","geometry":{"type":"Point","coordinates":[145.13299,-37.98347]},"properties":{"cat":"supermarket","name":"Woolworths"}},{"type":"Feature","geometry":{"type":"Point","coordinates":[145.0549,-37.95905]},"properties":{"cat":"supermarket","name":"ALDI"}},{"type":"Feature","geometry":{"type":"Point","coordinates":[145.05124,-37.95891]},"properties":{"cat":"supermarket","name":"Coles"}},{"type":"Feature","geometry":{"type":"Point","coordinates":[145.03993,-38.21919]},"properties":{"cat":"supermarket","name":"Coles"}},{"type":"Feature","geometry":{"type":"Point","coordinates":[145.08988,-38.18381]},"properties":{"cat":"supermarket","name":"Woolworths"}},{"type":"Feature","geometry":{"type":"Point","coordinates":[144.9692,-37.82459]},"properties":{"cat":"library","name":"Southbank Library"}},{"type":"Feature","geometry":{"type":"Point","coordinates":[144.97969,-37.80189]},"properties":{"cat":"library","name":"Fitzroy Library"}},{"type":"Feature","geometry":{"type":"Point","coordinates":[145.17157,-38.22446]},"properties":{"cat":"supermarket","name":"Woolworths"}},{"type":"Feature","geometry":{"type":"Point","coordinates":[145.17037,-38.224]},"properties":{"cat":"supermarket","name":"Coles"}},{"type":"Feature","geometry":{"type":"Point","coordinates":[144.97646,-37.80438]},"properties":{"cat":"worship","name":"Bediuzzaman Said Nursi Cultural Foundation"}},{"type":"Feature","geometry":{"type":"Point","coordinates":[145.21369,-37.98285]},"properties":{"cat":"supermarket","name":"Coles"}},{"type":"Feature","geometry":{"type":"Point","coordinates":[144.95353,-37.79886]},"properties":{"cat":"supermarket","name":"North Melbourne IGA X-press"}},{"type":"Feature","geometry":{"type":"Point","coordinates":[144.96906,-37.79824]},"properties":{"cat":"worship","name":"Salvation Army Carlton"}},{"type":"Feature","geometry":{"type":"Point","coordinates":[145.15664,-38.11225]},"properties":{"cat":"supermarket","name":"Ritchies IGA"}},{"type":"Feature","geometry":{"type":"Point","coordinates":[144.96593,-37.74699]},"properties":{"cat":"worship","name":"Coburg Baptist Church"}},{"type":"Feature","geometry":{"type":"Point","coordinates":[144.96739,-37.73991]},"properties":{"cat":"worship","name":"Holy Trinity Anglican Church"}},{"type":"Feature","geometry":{"type":"Point","coordinates":[144.96779,-37.7383]},"properties":{"cat":"worship","name":"St Paul's Catholic Church"}},{"type":"Feature","geometry":{"type":"Point","coordinates":[144.85513,-37.83717]},"properties":{"cat":"worship","name":"The Dormition of Our Lady Greek Orthodox Church"}},{"type":"Feature","geometry":{"type":"Point","coordinates":[144.96138,-37.83303]},"properties":{"cat":"worship","name":"St. Eustathios Church"}},{"type":"Feature","geometry":{"type":"Point","coordinates":[145.09521,-37.85096]},"properties":{"cat":"worship","name":"Burwood Uniting Church"}},{"type":"Feature","geometry":{"type":"Point","coordinates":[145.17262,-37.99299]},"properties":{"cat":"supermarket","name":"Woolworths"}},{"type":"Feature","geometry":{"type":"Point","coordinates":[145.17195,-37.99228]},"properties":{"cat":"supermarket","name":"Coles"}},{"type":"Feature","geometry":{"type":"Point","coordinates":[145.12244,-37.92082]},"properties":{"cat":"hospital","name":"Jessie McPherson Private Hospital"}},{"type":"Feature","geometry":{"type":"Point","coordinates":[145.12726,-37.87472]},"properties":{"cat":"library","name":"Mt Waverley Library"}},{"type":"Feature","geometry":{"type":"Point","coordinates":[145.1207,-37.92255]},"properties":{"cat":"worship","name":"St. Peter"}},{"type":"Feature","geometry":{"type":"Point","coordinates":[145.09622,-37.84853]},"properties":{"cat":"worship","name":"St. Benedict's"}},{"type":"Feature","geometry":{"type":"Point","coordinates":[144.99479,-37.82549]},"properties":{"cat":"supermarket","name":"Coles"}},{"type":"Feature","geometry":{"type":"Point","coordinates":[145.30508,-37.65323]},"properties":{"cat":"library","name":"Yarra Plenty Regional Library"}},{"type":"Feature","geometry":{"type":"Point","coordinates":[144.99753,-37.88348]},"properties":{"cat":"worship","name":"St Clement's Anglican Church"}},{"type":"Feature","geometry":{"type":"Point","coordinates":[145.05871,-37.88453]},"properties":{"cat":"supermarket","name":"Woolworths"}},{"type":"Feature","geometry":{"type":"Point","coordinates":[144.58077,-37.42115]},"properties":{"cat":"worship","name":"Church of the Resurrection"}},{"type":"Feature","geometry":{"type":"Point","coordinates":[145.27245,-37.79767]},"properties":{"cat":"worship","name":"Sacred Heart Parish"}},{"type":"Feature","geometry":{"type":"Point","coordinates":[144.75304,-37.89525]},"properties":{"cat":"supermarket","name":"Coles"}},{"type":"Feature","geometry":{"type":"Point","coordinates":[145.12561,-37.78365]},"properties":{"cat":"shopping","name":"Myer"}},{"type":"Feature","geometry":{"type":"Point","coordinates":[145.12578,-37.78671]},"properties":{"cat":"supermarket","name":"Coles"}},{"type":"Feature","geometry":{"type":"Point","coordinates":[145.12628,-37.78672]},"properties":{"cat":"supermarket","name":"Woolworths"}},{"type":"Feature","geometry":{"type":"Point","coordinates":[145.12723,-37.96276]},"properties":{"cat":"worship","name":"Destiny Church"}},{"type":"Feature","geometry":{"type":"Point","coordinates":[145.02717,-37.86316]},"properties":{"cat":"shopping","name":"David Jones"}},{"type":"Feature","geometry":{"type":"Point","coordinates":[145.02711,-37.86288]},"properties":{"cat":"supermarket","name":"Woolworths"}},{"type":"Feature","geometry":{"type":"Point","coordinates":[145.12718,-37.78388]},"properties":{"cat":"shopping","name":"David Jones"}},{"type":"Feature","geometry":{"type":"Point","coordinates":[145.13454,-37.98196]},"properties":{"cat":"library","name":""}},{"type":"Feature","geometry":{"type":"Point","coordinates":[145.09263,-37.86521]},"properties":{"cat":"worship","name":"St Matthew's"}},{"type":"Feature","geometry":{"type":"Point","coordinates":[144.93879,-37.707]},"properties":{"cat":"supermarket","name":"Woolworths"}},{"type":"Feature","geometry":{"type":"Point","coordinates":[145.30076,-38.06862]},"properties":{"cat":"supermarket","name":"Coles"}},{"type":"Feature","geometry":{"type":"Point","coordinates":[144.4826,-37.68282]},"properties":{"cat":"worship","name":"Marianist Monastery"}},{"type":"Feature","geometry":{"type":"Point","coordinates":[145.06874,-37.65083]},"properties":{"cat":"supermarket","name":"Coles"}},{"type":"Feature","geometry":{"type":"Point","coordinates":[145.07415,-37.65205]},"properties":{"cat":"supermarket","name":"Woolworths"}},{"type":"Feature","geometry":{"type":"Point","coordinates":[144.92751,-37.79321]},"properties":{"cat":"worship","name":"Christ Church Kensington"}},{"type":"Feature","geometry":{"type":"Point","coordinates":[144.92735,-37.79408]},"properties":{"cat":"worship","name":"St Mary's Coptic Orthodox Church"}},{"type":"Feature","geometry":{"type":"Point","coordinates":[144.99278,-37.85864]},"properties":{"cat":"worship","name":"All Saints' Anglican Church"}},{"type":"Feature","geometry":{"type":"Point","coordinates":[144.94361,-37.82056]},"properties":{"cat":"supermarket","name":"Woolworths"}},{"type":"Feature","geometry":{"type":"Point","coordinates":[144.86079,-37.79306]},"properties":{"cat":"supermarket","name":"ALDI"}},{"type":"Feature","geometry":{"type":"Point","coordinates":[144.86036,-37.79366]},"properties":{"cat":"supermarket","name":"Coles"}},{"type":"Feature","geometry":{"type":"Point","coordinates":[145.11486,-37.98061]},"properties":{"cat":"worship","name":"Salvation Army"}},{"type":"Feature","geometry":{"type":"Point","coordinates":[144.99942,-37.84023]},"properties":{"cat":"library","name":"Toorak/South Yarra Library"}},{"type":"Feature","geometry":{"type":"Point","coordinates":[144.99336,-37.84492]},"properties":{"cat":"worship","name":"Greek Orthodox Church of Sts Constantine and Helen"}},{"type":"Feature","geometry":{"type":"Point","coordinates":[145.16294,-37.78536]},"properties":{"cat":"worship","name":"EDGE Church"}},{"type":"Feature","geometry":{"type":"Point","coordinates":[145.23992,-37.8689]},"properties":{"cat":"shopping","name":"Target"}},{"type":"Feature","geometry":{"type":"Point","coordinates":[145.24169,-37.86931]},"properties":{"cat":"shopping","name":"Kmart"}},{"type":"Feature","geometry":{"type":"Point","coordinates":[145.14864,-37.71516]},"properties":{"cat":"supermarket","name":"Coles"}},{"type":"Feature","geometry":{"type":"Point","coordinates":[145.15018,-37.71298]},"properties":{"cat":"supermarket","name":"Aldi"}},{"type":"Feature","geometry":{"type":"Point","coordinates":[144.99853,-37.82059]},"properties":{"cat":"worship","name":"Richmond Uniting Church"}},{"type":"Feature","geometry":{"type":"Point","coordinates":[144.99311,-37.84964]},"properties":{"cat":"library","name":"Prahran Library"}},{"type":"Feature","geometry":{"type":"Point","coordinates":[145.09259,-37.71269]},"properties":{"cat":"supermarket","name":"IGA"}},{"type":"Feature","geometry":{"type":"Point","coordinates":[145.10281,-37.70242]},"properties":{"cat":"supermarket","name":"Coles"}},{"type":"Feature","geometry":{"type":"Point","coordinates":[145.31537,-37.78773]},"properties":{"cat":"worship","name":"St Peter Julian Eymard Catholic Church"}},{"type":"Feature","geometry":{"type":"Point","coordinates":[145.10066,-37.95628]},"properties":{"cat":"worship","name":""}},{"type":"Feature","geometry":{"type":"Point","coordinates":[145.16899,-37.71718]},"properties":{"cat":"worship","name":"The Vine Baptist Church"}},{"type":"Feature","geometry":{"type":"Point","coordinates":[145.01968,-37.84209]},"properties":{"cat":"worship","name":"Toorak Uniting Church"}},{"type":"Feature","geometry":{"type":"Point","coordinates":[145.01476,-37.84206]},"properties":{"cat":"worship","name":"St John's Anglican Church"}},{"type":"Feature","geometry":{"type":"Point","coordinates":[144.9784,-37.41338]},"properties":{"cat":"supermarket","name":"Coles"}},{"type":"Feature","geometry":{"type":"Point","coordinates":[144.97809,-37.41236]},"properties":{"cat":"library","name":"Wallan Library"}},{"type":"Feature","geometry":{"type":"Point","coordinates":[144.97842,-37.41138]},"properties":{"cat":"supermarket","name":"Woolworths"}},{"type":"Feature","geometry":{"type":"Point","coordinates":[145.22127,-37.81551]},"properties":{"cat":"supermarket","name":"Coles"}},{"type":"Feature","geometry":{"type":"Point","coordinates":[145.22314,-37.81586]},"properties":{"cat":"supermarket","name":"Aldi"}},{"type":"Feature","geometry":{"type":"Point","coordinates":[145.22891,-37.8143]},"properties":{"cat":"shopping","name":"Target"}},{"type":"Feature","geometry":{"type":"Point","coordinates":[145.07041,-37.68291]},"properties":{"cat":"supermarket","name":"Coles"}},{"type":"Feature","geometry":{"type":"Point","coordinates":[145.02424,-37.73191]},"properties":{"cat":"worship","name":"St Nikola Macedonian Orthodox Church"}},{"type":"Feature","geometry":{"type":"Point","coordinates":[145.03132,-37.73194]},"properties":{"cat":"worship","name":"Reservoir Mosque"}},{"type":"Feature","geometry":{"type":"Point","coordinates":[145.00524,-37.84811]},"properties":{"cat":"supermarket","name":"Woolworths"}},{"type":"Feature","geometry":{"type":"Point","coordinates":[144.97778,-37.85916]},"properties":{"cat":"supermarket","name":"Woolworths Metro"}},{"type":"Feature","geometry":{"type":"Point","coordinates":[144.98986,-37.86869]},"properties":{"cat":"worship","name":"St Kilda South Port Uniting Church"}},{"type":"Feature","geometry":{"type":"Point","coordinates":[144.97881,-37.86852]},"properties":{"cat":"supermarket","name":"Woolworths"}},{"type":"Feature","geometry":{"type":"Point","coordinates":[144.9806,-37.86858]},"properties":{"cat":"supermarket","name":"Coles"}},{"type":"Feature","geometry":{"type":"Point","coordinates":[144.99956,-37.8455]},"properties":{"cat":"worship","name":"Uniting Church"}},{"type":"Feature","geometry":{"type":"Point","coordinates":[144.99963,-37.84447]},"properties":{"cat":"worship","name":"St Martin's Anglican Church"}},{"type":"Feature","geometry":{"type":"Point","coordinates":[144.9895,-37.87076]},"properties":{"cat":"worship","name":"Holy Trinity Anglican Church"}},{"type":"Feature","geometry":{"type":"Point","coordinates":[144.98275,-37.86004]},"properties":{"cat":"worship","name":""}},{"type":"Feature","geometry":{"type":"Point","coordinates":[145.04237,-37.87432]},"properties":{"cat":"worship","name":"St John's Anglican Church"}},{"type":"Feature","geometry":{"type":"Point","coordinates":[144.98955,-37.78886]},"properties":{"cat":"supermarket","name":"McCoppins Food & Wine"}},{"type":"Feature","geometry":{"type":"Point","coordinates":[145.00044,-37.85307]},"properties":{"cat":"worship","name":"Church of St Demetrios"}},{"type":"Feature","geometry":{"type":"Point","coordinates":[144.99273,-37.85155]},"properties":{"cat":"worship","name":"St Matthews Anglican Church"}},{"type":"Feature","geometry":{"type":"Point","coordinates":[145.06878,-37.97059]},"properties":{"cat":"supermarket","name":""}},{"type":"Feature","geometry":{"type":"Point","coordinates":[145.07243,-37.97418]},"properties":{"cat":"worship","name":"Mentone Baptist Church"}},{"type":"Feature","geometry":{"type":"Point","coordinates":[144.97755,-37.80271]},"properties":{"cat":"supermarket","name":"KimChi Korean Japanese Grocery"}},{"type":"Feature","geometry":{"type":"Point","coordinates":[144.97086,-37.83048]},"properties":{"cat":"library","name":"Christian Science Reading Room"}},{"type":"Feature","geometry":{"type":"Point","coordinates":[145.14381,-37.89152]},"properties":{"cat":"supermarket","name":"Coles"}},{"type":"Feature","geometry":{"type":"Point","coordinates":[144.96037,-37.8347]},"properties":{"cat":"library","name":"Emerald Hill Library"}},{"type":"Feature","geometry":{"type":"Point","coordinates":[145.37485,-37.91512]},"properties":{"cat":"worship","name":"Carlotta Tye Memorial Anglican"}},{"type":"Feature","geometry":{"type":"Point","coordinates":[144.97215,-37.81031]},"properties":{"cat":"university","name":"James Cook University"}},{"type":"Feature","geometry":{"type":"Point","coordinates":[144.96497,-37.81756]},"properties":{"cat":"supermarket","name":"Coles"}},{"type":"Feature","geometry":{"type":"Point","coordinates":[145.09101,-37.90097]},"properties":{"cat":"supermarket","name":"Woolworths"}},{"type":"Feature","geometry":{"type":"Point","coordinates":[144.9639,-37.81055]},"properties":{"cat":"worship","name":"CrossCulture Church of Christ"}},{"type":"Feature","geometry":{"type":"Point","coordinates":[144.96643,-37.81279]},"properties":{"cat":"shopping","name":"Kmart"}},{"type":"Feature","geometry":{"type":"Point","coordinates":[144.96664,-37.8134]},"properties":{"cat":"shopping","name":"TK Maxx"}},{"type":"Feature","geometry":{"type":"Point","coordinates":[144.95702,-37.82581]},"properties":{"cat":"supermarket","name":"IGA X-press + Liquor"}},{"type":"Feature","geometry":{"type":"Point","coordinates":[144.96116,-37.81648]},"properties":{"cat":"supermarket","name":"IGA"}},{"type":"Feature","geometry":{"type":"Point","coordinates":[145.21272,-37.93804]},"properties":{"cat":"hospital","name":"Emergency"}},{"type":"Feature","geometry":{"type":"Point","coordinates":[145.18284,-37.89127]},"properties":{"cat":"worship","name":"Waverley Baptist Church"}},{"type":"Feature","geometry":{"type":"Point","coordinates":[144.49205,-38.27939]},"properties":{"cat":"worship","name":"Barwon Heads Uniting Church"}},{"type":"Feature","geometry":{"type":"Point","coordinates":[144.49169,-38.28059]},"properties":{"cat":"supermarket","name":"Barwon Heads General Store"}},{"type":"Feature","geometry":{"type":"Point","coordinates":[144.7778,-37.69941]},"properties":{"cat":"supermarket","name":"Woolworths"}},{"type":"Feature","geometry":{"type":"Point","coordinates":[144.77531,-37.70078]},"properties":{"cat":"shopping","name":"Big W"}},{"type":"Feature","geometry":{"type":"Point","coordinates":[144.77851,-37.69931]},"properties":{"cat":"supermarket","name":"ALDI"}},{"type":"Feature","geometry":{"type":"Point","coordinates":[144.77518,-37.69771]},"properties":{"cat":"shopping","name":"Kmart"}},{"type":"Feature","geometry":{"type":"Point","coordinates":[145.12462,-38.13971]},"properties":{"cat":"shopping","name":"Kmart"}},{"type":"Feature","geometry":{"type":"Point","coordinates":[145.1236,-38.14202]},"properties":{"cat":"shopping","name":"Target"}},{"type":"Feature","geometry":{"type":"Point","coordinates":[144.99427,-37.75693]},"properties":{"cat":"worship","name":"Thornbury Church of Christ"}},{"type":"Feature","geometry":{"type":"Point","coordinates":[144.98235,-37.87344]},"properties":{"cat":"worship","name":"Elwood Shule"}},{"type":"Feature","geometry":{"type":"Point","coordinates":[145.44565,-37.92911]},"properties":{"cat":"library","name":"Emerald Library"}},{"type":"Feature","geometry":{"type":"Point","coordinates":[144.9651,-37.81121]},"properties":{"cat":"shopping","name":"Big W"}},{"type":"Feature","geometry":{"type":"Point","coordinates":[144.96556,-37.8111]},"properties":{"cat":"supermarket","name":"Woolworths"}},{"type":"Feature","geometry":{"type":"Point","coordinates":[145.28773,-37.8607]},"properties":{"cat":"shopping","name":"Kmart"}},{"type":"Feature","geometry":{"type":"Point","coordinates":[145.21835,-37.98658]},"properties":{"cat":"supermarket","name":"Coles"}},{"type":"Feature","geometry":{"type":"Point","coordinates":[144.94028,-37.84107]},"properties":{"cat":"supermarket","name":"About Life"}},{"type":"Feature","geometry":{"type":"Point","coordinates":[145.12498,-38.37302]},"properties":{"cat":"supermarket","name":"IGA"}},{"type":"Feature","geometry":{"type":"Point","coordinates":[144.93966,-37.84174]},"properties":{"cat":"supermarket","name":"Port Melbourne IGA"}},{"type":"Feature","geometry":{"type":"Point","coordinates":[144.99797,-37.9102]},"properties":{"cat":"worship","name":"St Cuthbert's Presbyterian Church"}},{"type":"Feature","geometry":{"type":"Point","coordinates":[144.60723,-37.88802]},"properties":{"cat":"supermarket","name":"Woolworths"}},{"type":"Feature","geometry":{"type":"Point","coordinates":[145.34684,-38.02951]},"properties":{"cat":"supermarket","name":"Woolworths"}},{"type":"Feature","geometry":{"type":"Point","coordinates":[145.17462,-37.99312]},"properties":{"cat":"shopping","name":"Kmart"}},{"type":"Feature","geometry":{"type":"Point","coordinates":[145.08426,-37.88452]},"properties":{"cat":"shopping","name":"Target"}},{"type":"Feature","geometry":{"type":"Point","coordinates":[145.0842,-37.88552]},"properties":{"cat":"shopping","name":"Kmart"}},{"type":"Feature","geometry":{"type":"Point","coordinates":[145.15021,-37.85387]},"properties":{"cat":"shopping","name":"Kmart"}},{"type":"Feature","geometry":{"type":"Point","coordinates":[145.0702,-37.65153]},"properties":{"cat":"shopping","name":"Kmart"}},{"type":"Feature","geometry":{"type":"Point","coordinates":[145.07284,-37.65199]},"properties":{"cat":"shopping","name":"Target Plenty Valley"}},{"type":"Feature","geometry":{"type":"Point","coordinates":[144.97645,-37.79224]},"properties":{"cat":"worship","name":"St Brigid's Church"}},{"type":"Feature","geometry":{"type":"Point","coordinates":[144.40402,-38.01799]},"properties":{"cat":"worship","name":"Holy Trinity Anglican Church"}},{"type":"Feature","geometry":{"type":"Point","coordinates":[144.40591,-38.01767]},"properties":{"cat":"worship","name":"Lifeway Christian Church"}},{"type":"Feature","geometry":{"type":"Point","coordinates":[145.16212,-37.88106]},"properties":{"cat":"worship","name":"Monash City Church of Christ"}},{"type":"Feature","geometry":{"type":"Point","coordinates":[145.14458,-37.90202]},"properties":{"cat":"worship","name":"Grace Baptist Community Church"}},{"type":"Feature","geometry":{"type":"Point","coordinates":[144.89536,-37.72729]},"properties":{"cat":"supermarket","name":"Coles"}},{"type":"Feature","geometry":{"type":"Point","coordinates":[145.30108,-38.01745]},"properties":{"cat":"supermarket","name":"Aldi"}},{"type":"Feature","geometry":{"type":"Point","coordinates":[144.97727,-37.80442]},"properties":{"cat":"supermarket","name":"Sika Supermarket"}},{"type":"Feature","geometry":{"type":"Point","coordinates":[145.61272,-37.78188]},"properties":{"cat":"supermarket","name":"Woolworths"}},{"type":"Feature","geometry":{"type":"Point","coordinates":[145.61212,-37.78248]},"properties":{"cat":"library","name":"Yarra Junction Library"}},{"type":"Feature","geometry":{"type":"Point","coordinates":[145.4374,-37.93254]},"properties":{"cat":"worship","name":"St. Marks Church"}},{"type":"Feature","geometry":{"type":"Point","coordinates":[144.965,-37.81118]},"properties":{"cat":"shopping","name":"Harvey Norman"}},{"type":"Feature","geometry":{"type":"Point","coordinates":[144.98913,-37.84405]},"properties":{"cat":"worship","name":"Holy Virgin's Protection"}},{"type":"Feature","geometry":{"type":"Point","coordinates":[145.51819,-37.65243]},"properties":{"cat":"supermarket","name":"Coles"}},{"type":"Feature","geometry":{"type":"Point","coordinates":[144.92789,-37.78715]},"properties":{"cat":"supermarket","name":"Woolworths"}},{"type":"Feature","geometry":{"type":"Point","coordinates":[145.16955,-38.22506]},"properties":{"cat":"shopping","name":"Target"}},{"type":"Feature","geometry":{"type":"Point","coordinates":[145.10374,-37.9404]},"properties":{"cat":"supermarket","name":"Woolworths"}},{"type":"Feature","geometry":{"type":"Point","coordinates":[144.96185,-37.77582]},"properties":{"cat":"supermarket","name":"Woolworths"}},{"type":"Feature","geometry":{"type":"Point","coordinates":[144.96263,-37.77585]},"properties":{"cat":"supermarket","name":"Coles"}},{"type":"Feature","geometry":{"type":"Point","coordinates":[144.96213,-37.77555]},"properties":{"cat":"shopping","name":"Kmart"}},{"type":"Feature","geometry":{"type":"Point","coordinates":[144.9518,-37.8148]},"properties":{"cat":"supermarket","name":"Coles"}},{"type":"Feature","geometry":{"type":"Point","coordinates":[145.00134,-37.76913]},"properties":{"cat":"supermarket","name":"Coles"}},{"type":"Feature","geometry":{"type":"Point","coordinates":[145.00005,-37.76896]},"properties":{"cat":"supermarket","name":"ALDI"}},{"type":"Feature","geometry":{"type":"Point","coordinates":[144.97591,-37.79793]},"properties":{"cat":"supermarket","name":"Casa Iberica"}},{"type":"Feature","geometry":{"type":"Point","coordinates":[145.71658,-38.00674]},"properties":{"cat":"community","name":"Tonimbuk Public Hall"}},{"type":"Feature","geometry":{"type":"Point","coordinates":[145.71818,-38.0984]},"properties":{"cat":"supermarket","name":"Foodworks"}},{"type":"Feature","geometry":{"type":"Point","coordinates":[145.18196,-37.85688]},"properties":{"cat":"worship","name":"Church of the Holy Name Anglican Church"}},{"type":"Feature","geometry":{"type":"Point","coordinates":[145.07783,-37.9935]},"properties":{"cat":"library","name":"Parkdale Library"}},{"type":"Feature","geometry":{"type":"Point","coordinates":[145.04809,-38.24535]},"properties":{"cat":"supermarket","name":"Woolworths"}},{"type":"Feature","geometry":{"type":"Point","coordinates":[144.88259,-37.85776]},"properties":{"cat":"supermarket","name":"Woolworths"}},{"type":"Feature","geometry":{"type":"Point","coordinates":[144.75594,-37.7778]},"properties":{"cat":"supermarket","name":"IGA Deer Park"}},{"type":"Feature","geometry":{"type":"Point","coordinates":[144.98017,-37.80594]},"properties":{"cat":"supermarket","name":"Foodworks"}},{"type":"Feature","geometry":{"type":"Point","coordinates":[145.035,-37.76251]},"properties":{"cat":"worship","name":"St Bernadette Church"}},{"type":"Feature","geometry":{"type":"Point","coordinates":[144.97115,-37.80989]},"properties":{"cat":"supermarket","name":"IGA"}},{"type":"Feature","geometry":{"type":"Point","coordinates":[144.97004,-37.81049]},"properties":{"cat":"supermarket","name":"Woolworths Metro"}},{"type":"Feature","geometry":{"type":"Point","coordinates":[145.13024,-37.93689]},"properties":{"cat":"worship","name":""}},{"type":"Feature","geometry":{"type":"Point","coordinates":[145.40883,-37.87535]},"properties":{"cat":"supermarket","name":"Woolworths"}},{"type":"Feature","geometry":{"type":"Point","coordinates":[144.54887,-38.25816]},"properties":{"cat":"supermarket","name":"Woolworths"}},{"type":"Feature","geometry":{"type":"Point","coordinates":[145.17731,-38.08326]},"properties":{"cat":"worship","name":"Shri Shiva Vishnu Temple"}},{"type":"Feature","geometry":{"type":"Point","coordinates":[145.18924,-38.0704]},"properties":{"cat":"worship","name":"Samoan Carrum Downs Seventh-day Adventist Church"}},{"type":"Feature","geometry":{"type":"Point","coordinates":[144.99276,-37.91333]},"properties":{"cat":"supermarket","name":"Coles"}},{"type":"Feature","geometry":{"type":"Point","coordinates":[144.9166,-37.63386]},"properties":{"cat":"worship","name":"Mosque"}},{"type":"Feature","geometry":{"type":"Point","coordinates":[145.06459,-37.90189]},"properties":{"cat":"worship","name":""}},{"type":"Feature","geometry":{"type":"Point","coordinates":[144.58887,-37.48953]},"properties":{"cat":"worship","name":""}},{"type":"Feature","geometry":{"type":"Point","coordinates":[144.96165,-37.79261]},"properties":{"cat":"worship","name":"Centre for Theology and Ministry"}},{"type":"Feature","geometry":{"type":"Point","coordinates":[145.32223,-38.01401]},"properties":{"cat":"supermarket","name":"Coles"}},{"type":"Feature","geometry":{"type":"Point","coordinates":[145.06918,-37.65055]},"properties":{"cat":"supermarket","name":"ALDI"}},{"type":"Feature","geometry":{"type":"Point","coordinates":[145.11367,-37.77295]},"properties":{"cat":"supermarket","name":"Woolworths"}},{"type":"Feature","geometry":{"type":"Point","coordinates":[144.97218,-37.70495]},"properties":{"cat":"worship","name":"Fawkner Mosque"}},{"type":"Feature","geometry":{"type":"Point","coordinates":[145.13629,-38.04517]},"properties":{"cat":"supermarket","name":"Chelsea Heights IGA"}},{"type":"Feature","geometry":{"type":"Point","coordinates":[145.13419,-37.91188]},"properties":{"cat":"worship","name":"Religious Centre"}},{"type":"Feature","geometry":{"type":"Point","coordinates":[145.00941,-37.81985]},"properties":{"cat":"supermarket","name":"IGA"}},{"type":"Feature","geometry":{"type":"Point","coordinates":[144.5826,-37.68385]},"properties":{"cat":"supermarket","name":"Morgan's IGA"}},{"type":"Feature","geometry":{"type":"Point","coordinates":[144.5786,-37.68417]},"properties":{"cat":"supermarket","name":"Foodworks"}},{"type":"Feature","geometry":{"type":"Point","coordinates":[144.70327,-37.88159]},"properties":{"cat":"supermarket","name":"Coles"}},{"type":"Feature","geometry":{"type":"Point","coordinates":[144.99566,-37.80938]},"properties":{"cat":"supermarket","name":"Aldi"}},{"type":"Feature","geometry":{"type":"Point","coordinates":[144.89742,-37.85763]},"properties":{"cat":"supermarket","name":"Coles"}},{"type":"Feature","geometry":{"type":"Point","coordinates":[144.9016,-37.86019]},"properties":{"cat":"worship","name":"Holy Trinity Anglican Church"}},{"type":"Feature","geometry":{"type":"Point","coordinates":[145.09185,-37.76527]},"properties":{"cat":"supermarket","name":"Coles"}},{"type":"Feature","geometry":{"type":"Point","coordinates":[145.08167,-37.65688]},"properties":{"cat":"supermarket","name":"Woolworths"}},{"type":"Feature","geometry":{"type":"Point","coordinates":[144.72635,-37.58289]},"properties":{"cat":"shopping","name":"Target"}},{"type":"Feature","geometry":{"type":"Point","coordinates":[144.71453,-37.58118]},"properties":{"cat":"supermarket","name":"Lucky 7"}},{"type":"Feature","geometry":{"type":"Point","coordinates":[144.71589,-37.56763]},"properties":{"cat":"worship","name":""}},{"type":"Feature","geometry":{"type":"Point","coordinates":[144.66285,-37.89921]},"properties":{"cat":"supermarket","name":"Woolworths"}},{"type":"Feature","geometry":{"type":"Point","coordinates":[144.88491,-37.68754]},"properties":{"cat":"supermarket","name":"Woolworths"}},{"type":"Feature","geometry":{"type":"Point","coordinates":[145.57161,-37.91883]},"properties":{"cat":"worship","name":"Roman Catholic Chapel"}},{"type":"Feature","geometry":{"type":"Point","coordinates":[145.57109,-37.91822]},"properties":{"cat":"worship","name":"Kennedy Chapel"}},{"type":"Feature","geometry":{"type":"Point","coordinates":[145.57959,-37.91693]},"properties":{"cat":"worship","name":"Training Ground Chapel"}},{"type":"Feature","geometry":{"type":"Point","coordinates":[144.72884,-37.58212]},"properties":{"cat":"supermarket","name":"Morgan's IGA"}},{"type":"Feature","geometry":{"type":"Point","coordinates":[145.22846,-37.81204]},"properties":{"cat":"supermarket","name":"Woolworths"}},{"type":"Feature","geometry":{"type":"Point","coordinates":[145.22966,-37.81183]},"properties":{"cat":"shopping","name":"Big W"}},{"type":"Feature","geometry":{"type":"Point","coordinates":[145.01883,-37.65434]},"properties":{"cat":"supermarket","name":"Coles"}},{"type":"Feature","geometry":{"type":"Point","coordinates":[144.99198,-37.86791]},"properties":{"cat":"supermarket","name":"Coles"}},{"type":"Feature","geometry":{"type":"Point","coordinates":[144.99128,-37.86824]},"properties":{"cat":"supermarket","name":"Woolworths"}},{"type":"Feature","geometry":{"type":"Point","coordinates":[145.00177,-37.76738]},"properties":{"cat":"supermarket","name":"Coles"}},{"type":"Feature","geometry":{"type":"Point","coordinates":[145.18859,-37.93559]},"properties":{"cat":"supermarket","name":"Woolworths"}},{"type":"Feature","geometry":{"type":"Point","coordinates":[145.18963,-37.93517]},"properties":{"cat":"shopping","name":"Big W"}},{"type":"Feature","geometry":{"type":"Point","coordinates":[145.19153,-37.93667]},"properties":{"cat":"supermarket","name":"ALDI"}},{"type":"Feature","geometry":{"type":"Point","coordinates":[145.1906,-37.93579]},"properties":{"cat":"supermarket","name":"Coles"}},{"type":"Feature","geometry":{"type":"Point","coordinates":[145.04526,-37.84584]},"properties":{"cat":"supermarket","name":"Coles"}},{"type":"Feature","geometry":{"type":"Point","coordinates":[144.96219,-37.80744]},"properties":{"cat":"supermarket","name":"Aldi"}},{"type":"Feature","geometry":{"type":"Point","coordinates":[144.96097,-37.80783]},"properties":{"cat":"supermarket","name":"IGA"}},{"type":"Feature","geometry":{"type":"Point","coordinates":[144.99558,-37.80937]},"properties":{"cat":"supermarket","name":"Woolworths"}},{"type":"Feature","geometry":{"type":"Point","coordinates":[145.33958,-38.06272]},"properties":{"cat":"supermarket","name":"ALDI Eden Rise"}},{"type":"Feature","geometry":{"type":"Point","coordinates":[145.3398,-38.06144]},"properties":{"cat":"supermarket","name":"Coles"}},{"type":"Feature","geometry":{"type":"Point","coordinates":[145.0161,-37.97489]},"properties":{"cat":"supermarket","name":"Black Rock Grocer"}},{"type":"Feature","geometry":{"type":"Point","coordinates":[145.2667,-37.84255]},"properties":{"cat":"supermarket","name":"Coles"}},{"type":"Feature","geometry":{"type":"Point","coordinates":[145.02197,-37.97643]},"properties":{"cat":"worship","name":"Black Rock Uniting Church"}},{"type":"Feature","geometry":{"type":"Point","coordinates":[145.17798,-37.87595]},"properties":{"cat":"supermarket","name":"French's IGA X-Press"}},{"type":"Feature","geometry":{"type":"Point","coordinates":[144.98563,-37.80974]},"properties":{"cat":"supermarket","name":"IGA"}},{"type":"Feature","geometry":{"type":"Point","coordinates":[145.12609,-38.13979]},"properties":{"cat":"supermarket","name":"ALDI"}},{"type":"Feature","geometry":{"type":"Point","coordinates":[144.96395,-37.80452]},"properties":{"cat":"worship","name":"Chinese Church of Christ"}},{"type":"Feature","geometry":{"type":"Point","coordinates":[144.99656,-37.87659]},"properties":{"cat":"supermarket","name":"IGA"}},{"type":"Feature","geometry":{"type":"Point","coordinates":[145.00293,-37.94904]},"properties":{"cat":"library","name":"Sandringham Library"}},{"type":"Feature","geometry":{"type":"Point","coordinates":[145.28185,-38.10713]},"properties":{"cat":"supermarket","name":"Coles"}},{"type":"Feature","geometry":{"type":"Point","coordinates":[145.28178,-38.10862]},"properties":{"cat":"shopping","name":"Kmart"}},{"type":"Feature","geometry":{"type":"Point","coordinates":[144.56631,-37.42257]},"properties":{"cat":"worship","name":"St Patrick's Catholic Church Macedon"}},{"type":"Feature","geometry":{"type":"Point","coordinates":[144.98383,-37.80057]},"properties":{"cat":"supermarket","name":"Hinoki Japanese Pantry"}},{"type":"Feature","geometry":{"type":"Point","coordinates":[144.98382,-37.80065]},"properties":{"cat":"supermarket","name":"Organic Wholefoods"}},{"type":"Feature","geometry":{"type":"Point","coordinates":[144.99224,-37.79989]},"properties":{"cat":"supermarket","name":"Foodworks"}},{"type":"Feature","geometry":{"type":"Point","coordinates":[144.92849,-37.7949]},"properties":{"cat":"worship","name":"Holy Rosary"}},{"type":"Feature","geometry":{"type":"Point","coordinates":[144.92986,-37.79432]},"properties":{"cat":"supermarket","name":"Foodworks"}},{"type":"Feature","geometry":{"type":"Point","coordinates":[144.92192,-37.76452]},"properties":{"cat":"supermarket","name":"Coles"}},{"type":"Feature","geometry":{"type":"Point","coordinates":[144.92307,-37.76574]},"properties":{"cat":"shopping","name":"Kmart"}},{"type":"Feature","geometry":{"type":"Point","coordinates":[145.70015,-37.75297]},"properties":{"cat":"worship","name":"Warburton Seventh-Day Adventist Church"}},{"type":"Feature","geometry":{"type":"Point","coordinates":[145.13192,-37.91301]},"properties":{"cat":"library","name":"Law Library"}},{"type":"Feature","geometry":{"type":"Point","coordinates":[145.14366,-37.92889]},"properties":{"cat":"shopping","name":"Harvey Norman"}},{"type":"Feature","geometry":{"type":"Point","coordinates":[144.94448,-37.76285]},"properties":{"cat":"worship","name":"St David's Uniting Church"}},{"type":"Feature","geometry":{"type":"Point","coordinates":[145.70732,-38.36982]},"properties":{"cat":"community","name":"Loch Community Centre"}},{"type":"Feature","geometry":{"type":"Point","coordinates":[145.04162,-37.77017]},"properties":{"cat":"supermarket","name":"Woolworths"}},{"type":"Feature","geometry":{"type":"Point","coordinates":[145.23766,-37.9203]},"properties":{"cat":"shopping","name":"Kmart"}},{"type":"Feature","geometry":{"type":"Point","coordinates":[145.76639,-38.3427]},"properties":{"cat":"supermarket","name":"Poowong IGA X-Press"}},{"type":"Feature","geometry":{"type":"Point","coordinates":[145.76561,-38.34311]},"properties":{"cat":"library","name":"Poowong library"}},{"type":"Feature","geometry":{"type":"Point","coordinates":[145.16227,-37.90481]},"properties":{"cat":"supermarket","name":"Coles"}},{"type":"Feature","geometry":{"type":"Point","coordinates":[145.16276,-37.90577]},"properties":{"cat":"supermarket","name":"ALDI"}},{"type":"Feature","geometry":{"type":"Point","coordinates":[144.67788,-37.4634]},"properties":{"cat":"supermarket","name":""}},{"type":"Feature","geometry":{"type":"Point","coordinates":[144.89131,-38.36144]},"properties":{"cat":"shopping","name":"Kmart"}},{"type":"Feature","geometry":{"type":"Point","coordinates":[144.96491,-38.33398]},"properties":{"cat":"supermarket","name":"Ritchies"}},{"type":"Feature","geometry":{"type":"Point","coordinates":[145.05469,-37.95852]},"properties":{"cat":"shopping","name":"David Jones"}},{"type":"Feature","geometry":{"type":"Point","coordinates":[145.05565,-37.95813]},"properties":{"cat":"shopping","name":"Big W"}},{"type":"Feature","geometry":{"type":"Point","coordinates":[145.0505,-37.95775]},"properties":{"cat":"shopping","name":"Kmart"}},{"type":"Feature","geometry":{"type":"Point","coordinates":[145.05122,-37.95834]},"properties":{"cat":"shopping","name":"Myer"}},{"type":"Feature","geometry":{"type":"Point","coordinates":[145.05564,-37.95793]},"properties":{"cat":"shopping","name":"Target"}},{"type":"Feature","geometry":{"type":"Point","coordinates":[145.47375,-38.06946]},"properties":{"cat":"worship","name":"St Patrick's Church"}},{"type":"Feature","geometry":{"type":"Point","coordinates":[145.07647,-37.84885]},"properties":{"cat":"supermarket","name":"Coles Local"}},{"type":"Feature","geometry":{"type":"Point","coordinates":[144.88823,-37.77261]},"properties":{"cat":"shopping","name":"Myer"}},{"type":"Feature","geometry":{"type":"Point","coordinates":[144.88919,-37.77451]},"properties":{"cat":"shopping","name":"Big W"}},{"type":"Feature","geometry":{"type":"Point","coordinates":[144.88289,-37.7154]},"properties":{"cat":"shopping","name":"Target"}},{"type":"Feature","geometry":{"type":"Point","coordinates":[144.88468,-37.71498]},"properties":{"cat":"supermarket","name":"Coles"}},{"type":"Feature","geometry":{"type":"Point","coordinates":[144.88724,-37.71464]},"properties":{"cat":"supermarket","name":"Woolworths"}},{"type":"Feature","geometry":{"type":"Point","coordinates":[144.88664,-37.71363]},"properties":{"cat":"shopping","name":"Kmart"}},{"type":"Feature","geometry":{"type":"Point","coordinates":[144.88822,-37.71387]},"properties":{"cat":"shopping","name":"Harris Scarfe"}},{"type":"Feature","geometry":{"type":"Point","coordinates":[145.25789,-38.0313]},"properties":{"cat":"worship","name":"Holy Trinity Hampton Park"}},{"type":"Feature","geometry":{"type":"Point","coordinates":[145.26638,-38.03274]},"properties":{"cat":"supermarket","name":"Woolworths"}},{"type":"Feature","geometry":{"type":"Point","coordinates":[145.16478,-37.87479]},"properties":{"cat":"shopping","name":"David Jones"}},{"type":"Feature","geometry":{"type":"Point","coordinates":[145.16438,-37.87593]},"properties":{"cat":"shopping","name":"Target"}},{"type":"Feature","geometry":{"type":"Point","coordinates":[145.17427,-38.22321]},"properties":{"cat":"worship","name":"St. Andrews Somerville"}},{"type":"Feature","geometry":{"type":"Point","coordinates":[145.04077,-37.9037]},"properties":{"cat":"supermarket","name":"IGA"}},{"type":"Feature","geometry":{"type":"Point","coordinates":[145.18232,-38.08875]},"properties":{"cat":"supermarket","name":"Ritchies SUPA IGA + Liquor"}},{"type":"Feature","geometry":{"type":"Point","coordinates":[145.10833,-37.68757]},"properties":{"cat":"supermarket","name":"IGA"}},{"type":"Feature","geometry":{"type":"Point","coordinates":[145.06462,-37.74352]},"properties":{"cat":"supermarket","name":"IGA"}},{"type":"Feature","geometry":{"type":"Point","coordinates":[145.18227,-37.84185]},"properties":{"cat":"worship","name":"Melbourne Asian Seventh-day Adventist Church"}},{"type":"Feature","geometry":{"type":"Point","coordinates":[144.8318,-37.78135]},"properties":{"cat":"shopping","name":"Big W"}},{"type":"Feature","geometry":{"type":"Point","coordinates":[144.83192,-37.7804]},"properties":{"cat":"supermarket","name":"Woolworths"}},{"type":"Feature","geometry":{"type":"Point","coordinates":[144.9228,-38.35154]},"properties":{"cat":"supermarket","name":"Coles"}},{"type":"Feature","geometry":{"type":"Point","coordinates":[145.36209,-37.77336]},"properties":{"cat":"worship","name":"Exclusive Brethren"}},{"type":"Feature","geometry":{"type":"Point","coordinates":[144.61452,-37.87575]},"properties":{"cat":"supermarket","name":"Coles"}},{"type":"Feature","geometry":{"type":"Point","coordinates":[144.52383,-38.26753]},"properties":{"cat":"supermarket","name":"Coles"}},{"type":"Feature","geometry":{"type":"Point","coordinates":[144.77591,-37.75043]},"properties":{"cat":"shopping","name":"Target"}},{"type":"Feature","geometry":{"type":"Point","coordinates":[144.77561,-37.75184]},"properties":{"cat":"supermarket","name":"Coles"}},{"type":"Feature","geometry":{"type":"Point","coordinates":[144.77341,-37.75083]},"properties":{"cat":"supermarket","name":"Woolworths"}},{"type":"Feature","geometry":{"type":"Point","coordinates":[144.74252,-37.73238]},"properties":{"cat":"supermarket","name":"Coles"}},{"type":"Feature","geometry":{"type":"Point","coordinates":[144.74274,-37.73084]},"properties":{"cat":"shopping","name":"Kmart"}},{"type":"Feature","geometry":{"type":"Point","coordinates":[144.7428,-37.73157]},"properties":{"cat":"supermarket","name":"ALDI"}},{"type":"Feature","geometry":{"type":"Point","coordinates":[145.06095,-37.7559]},"properties":{"cat":"hospital","name":"Mercy Hospital for Women"}},{"type":"Feature","geometry":{"type":"Point","coordinates":[145.12651,-37.785]},"properties":{"cat":"shopping","name":"Big W"}},{"type":"Feature","geometry":{"type":"Point","coordinates":[145.1265,-37.78474]},"properties":{"cat":"shopping","name":"Kmart"}},{"type":"Feature","geometry":{"type":"Point","coordinates":[145.09037,-37.90123]},"properties":{"cat":"supermarket","name":"Coles"}},{"type":"Feature","geometry":{"type":"Point","coordinates":[145.03575,-37.67493]},"properties":{"cat":"supermarket","name":"Coles"}},{"type":"Feature","geometry":{"type":"Point","coordinates":[145.28271,-38.1088]},"properties":{"cat":"shopping","name":"Target"}},{"type":"Feature","geometry":{"type":"Point","coordinates":[145.05628,-37.95894]},"properties":{"cat":"shopping","name":"Harris Scarfe"}},{"type":"Feature","geometry":{"type":"Point","coordinates":[144.97235,-37.76868]},"properties":{"cat":"supermarket","name":"IGA X-press"}},{"type":"Feature","geometry":{"type":"Point","coordinates":[145.10331,-37.70288]},"properties":{"cat":"supermarket","name":"ALDI"}},{"type":"Feature","geometry":{"type":"Point","coordinates":[145.26525,-38.10306]},"properties":{"cat":"supermarket","name":"Coles"}},{"type":"Feature","geometry":{"type":"Point","coordinates":[144.4402,-37.67514]},"properties":{"cat":"supermarket","name":"Coles"}},{"type":"Feature","geometry":{"type":"Point","coordinates":[144.89373,-37.72627]},"properties":{"cat":"supermarket","name":"La Manna Supermarket"}},{"type":"Feature","geometry":{"type":"Point","coordinates":[144.55751,-37.6856]},"properties":{"cat":"worship","name":""}},{"type":"Feature","geometry":{"type":"Point","coordinates":[144.72932,-37.5782]},"properties":{"cat":"supermarket","name":"Coles"}},{"type":"Feature","geometry":{"type":"Point","coordinates":[144.72761,-37.58108]},"properties":{"cat":"shopping","name":"Harris Scarfe"}},{"type":"Feature","geometry":{"type":"Point","coordinates":[145.03347,-37.98647]},"properties":{"cat":"supermarket","name":"IGA"}},{"type":"Feature","geometry":{"type":"Point","coordinates":[144.89136,-37.80675]},"properties":{"cat":"supermarket","name":"Foodworks"}},{"type":"Feature","geometry":{"type":"Point","coordinates":[145.12607,-38.37581]},"properties":{"cat":"worship","name":"Balnarring Uniting Church"}},{"type":"Feature","geometry":{"type":"Point","coordinates":[145.00609,-37.76158]},"properties":{"cat":"worship","name":"St George Greek Orthodox Church"}},{"type":"Feature","geometry":{"type":"Point","coordinates":[144.99577,-37.79997]},"properties":{"cat":"supermarket","name":"IGA"}},{"type":"Feature","geometry":{"type":"Point","coordinates":[145.08349,-37.9219]},"properties":{"cat":"supermarket","name":"Woolworths"}},{"type":"Feature","geometry":{"type":"Point","coordinates":[145.37584,-38.05338]},"properties":{"cat":"worship","name":"Beaconsfield Baptist Church"}},{"type":"Feature","geometry":{"type":"Point","coordinates":[145.00084,-37.76983]},"properties":{"cat":"library","name":"Northcote Library"}},{"type":"Feature","geometry":{"type":"Point","coordinates":[145.17736,-37.81268]},"properties":{"cat":"worship","name":"Lifespring Church"}},{"type":"Feature","geometry":{"type":"Point","coordinates":[145.05891,-37.83006]},"properties":{"cat":"shopping","name":"Kmart"}},{"type":"Feature","geometry":{"type":"Point","coordinates":[145.05897,-37.82943]},"properties":{"cat":"supermarket","name":"Woolworths"}},{"type":"Feature","geometry":{"type":"Point","coordinates":[145.05632,-37.82915]},"properties":{"cat":"supermarket","name":"Coles"}},{"type":"Feature","geometry":{"type":"Point","coordinates":[145.04072,-37.74877]},"properties":{"cat":"supermarket","name":"ALDI"}},{"type":"Feature","geometry":{"type":"Point","coordinates":[145.0423,-37.74923]},"properties":{"cat":"worship","name":"Yarra Plenty Church"}},{"type":"Feature","geometry":{"type":"Point","coordinates":[145.04267,-37.74911]},"properties":{"cat":"supermarket","name":"Heidelberg IGA"}},{"type":"Feature","geometry":{"type":"Point","coordinates":[145.00636,-37.78002]},"properties":{"cat":"worship","name":"Westgarth Baptist Church"}},{"type":"Feature","geometry":{"type":"Point","coordinates":[145.15296,-37.92996]},"properties":{"cat":"worship","name":""}},{"type":"Feature","geometry":{"type":"Point","coordinates":[145.07684,-37.7355]},"properties":{"cat":"worship","name":"St Martins Catholic Church"}},{"type":"Feature","geometry":{"type":"Point","coordinates":[144.7422,-38.34095]},"properties":{"cat":"worship","name":"St. Marys Catholic Church"}},{"type":"Feature","geometry":{"type":"Point","coordinates":[145.23922,-37.98534]},"properties":{"cat":"supermarket","name":""}},{"type":"Feature","geometry":{"type":"Point","coordinates":[145.23845,-37.9948]},"properties":{"cat":"library","name":""}},{"type":"Feature","geometry":{"type":"Point","coordinates":[145.23869,-37.99036]},"properties":{"cat":"worship","name":""}},{"type":"Feature","geometry":{"type":"Point","coordinates":[145.23548,-37.98758]},"properties":{"cat":"worship","name":"Trinity Methodist Church"}},{"type":"Feature","geometry":{"type":"Point","coordinates":[145.23838,-37.98788]},"properties":{"cat":"worship","name":"Doveton Baptist Church"}},{"type":"Feature","geometry":{"type":"Point","coordinates":[144.98101,-37.80629]},"properties":{"cat":"supermarket","name":"Aunt Maggies"}},{"type":"Feature","geometry":{"type":"Point","coordinates":[145.03402,-37.80522]},"properties":{"cat":"worship","name":"Holy Trinity Church"}},{"type":"Feature","geometry":{"type":"Point","coordinates":[145.25133,-37.9287]},"properties":{"cat":"supermarket","name":"ALDI"}},{"type":"Feature","geometry":{"type":"Point","coordinates":[145.25252,-37.9285]},"properties":{"cat":"supermarket","name":"Ritchies"}},{"type":"Feature","geometry":{"type":"Point","coordinates":[145.01628,-37.6535]},"properties":{"cat":"shopping","name":"Big W"}},{"type":"Feature","geometry":{"type":"Point","coordinates":[145.02129,-37.65277]},"properties":{"cat":"shopping","name":"Kmart"}},{"type":"Feature","geometry":{"type":"Point","coordinates":[145.01631,-37.65501]},"properties":{"cat":"supermarket","name":"ALDI"}},{"type":"Feature","geometry":{"type":"Point","coordinates":[145.01752,-37.65419]},"properties":{"cat":"supermarket","name":"Woolworths"}},{"type":"Feature","geometry":{"type":"Point","coordinates":[145.14488,-38.06862]},"properties":{"cat":"supermarket","name":"Coles"}},{"type":"Feature","geometry":{"type":"Point","coordinates":[144.80654,-37.72739]},"properties":{"cat":"supermarket","name":"Coles"}},{"type":"Feature","geometry":{"type":"Point","coordinates":[144.80773,-37.72702]},"properties":{"cat":"shopping","name":"Kmart"}},{"type":"Feature","geometry":{"type":"Point","coordinates":[144.80663,-37.72631]},"properties":{"cat":"supermarket","name":"ALDI"}},{"type":"Feature","geometry":{"type":"Point","coordinates":[145.24969,-38.07706]},"properties":{"cat":"supermarket","name":"Woolworths"}},{"type":"Feature","geometry":{"type":"Point","coordinates":[145.48366,-38.07708]},"properties":{"cat":"supermarket","name":"Woolworths"}},{"type":"Feature","geometry":{"type":"Point","coordinates":[145.48441,-38.07815]},"properties":{"cat":"shopping","name":"Big W"}},{"type":"Feature","geometry":{"type":"Point","coordinates":[144.9756,-37.53139]},"properties":{"cat":"worship","name":"Saint Prohor of Pcinja"}},{"type":"Feature","geometry":{"type":"Point","coordinates":[145.17306,-37.96541]},"properties":{"cat":"supermarket","name":"Coles"}},{"type":"Feature","geometry":{"type":"Point","coordinates":[145.17293,-37.97211]},"properties":{"cat":"worship","name":"St Anthony's Catholic Church"}},{"type":"Feature","geometry":{"type":"Point","coordinates":[145.16103,-37.78871]},"properties":{"cat":"supermarket","name":"KFL Supermarkets"}},{"type":"Feature","geometry":{"type":"Point","coordinates":[145.14832,-37.78797]},"properties":{"cat":"supermarket","name":"Jackson Court Corner Store Asian Grocery"}},{"type":"Feature","geometry":{"type":"Point","coordinates":[144.9158,-37.77298]},"properties":{"cat":"supermarket","name":"Woolworths Metro"}},{"type":"Feature","geometry":{"type":"Point","coordinates":[145.17203,-37.83437]},"properties":{"cat":"supermarket","name":"KFL Supermarkets"}},{"type":"Feature","geometry":{"type":"Point","coordinates":[145.25836,-37.97757]},"properties":{"cat":"supermarket","name":"Coles"}},{"type":"Feature","geometry":{"type":"Point","coordinates":[145.2593,-37.97627]},"properties":{"cat":"supermarket","name":"Woolworths"}},{"type":"Feature","geometry":{"type":"Point","coordinates":[145.36253,-37.7777]},"properties":{"cat":"worship","name":"Lilydale Seventh-day Adventist Church"}},{"type":"Feature","geometry":{"type":"Point","coordinates":[145.31677,-37.98094]},"properties":{"cat":"supermarket","name":"Marco's IGA"}},{"type":"Feature","geometry":{"type":"Point","coordinates":[145.19146,-38.30334]},"properties":{"cat":"worship","name":"Immaculate Conception Catholic Church"}},{"type":"Feature","geometry":{"type":"Point","coordinates":[145.1954,-37.92824]},"properties":{"cat":"worship","name":"Mulgrave Church of Christ"}},{"type":"Feature","geometry":{"type":"Point","coordinates":[145.15946,-38.19417]},"properties":{"cat":"supermarket","name":"Woolworths"}},{"type":"Feature","geometry":{"type":"Point","coordinates":[145.06177,-38.22101]},"properties":{"cat":"shopping","name":"Harvey Norman"}},{"type":"Feature","geometry":{"type":"Point","coordinates":[145.07711,-37.9841]},"properties":{"cat":"supermarket","name":"Woolworths"}},{"type":"Feature","geometry":{"type":"Point","coordinates":[145.11859,-37.926]},"properties":{"cat":"supermarket","name":"Coles"}},{"type":"Feature","geometry":{"type":"Point","coordinates":[145.11815,-37.92809]},"properties":{"cat":"supermarket","name":"Coles"}},{"type":"Feature","geometry":{"type":"Point","coordinates":[145.04211,-37.91952]},"properties":{"cat":"supermarket","name":"Woolworths"}},{"type":"Feature","geometry":{"type":"Point","coordinates":[145.08524,-38.00603]},"properties":{"cat":"supermarket","name":"Aldi"}},{"type":"Feature","geometry":{"type":"Point","coordinates":[145.0867,-38.00801]},"properties":{"cat":"supermarket","name":"Woolworths"}},{"type":"Feature","geometry":{"type":"Point","coordinates":[145.0889,-37.97108]},"properties":{"cat":"shopping","name":"Direct Factory Outlets"}},{"type":"Feature","geometry":{"type":"Point","coordinates":[145.09077,-37.97062]},"properties":{"cat":"supermarket","name":"ALDI"}},{"type":"Feature","geometry":{"type":"Point","coordinates":[145.09016,-37.97043]},"properties":{"cat":"shopping","name":"TK Maxx"}},{"type":"Feature","geometry":{"type":"Point","coordinates":[145.17632,-37.90481]},"properties":{"cat":"worship","name":"Wheelers Hill Uniting Church"}},{"type":"Feature","geometry":{"type":"Point","coordinates":[145.1664,-37.90775]},"properties":{"cat":"worship","name":"Good Shepherd Catholic Church"}},{"type":"Feature","geometry":{"type":"Point","coordinates":[145.19028,-38.2996]},"properties":{"cat":"worship","name":"Hastings Uniting Church"}},{"type":"Feature","geometry":{"type":"Point","coordinates":[145.03713,-37.99108]},"properties":{"cat":"worship","name":"St Michael & All Angels"}},{"type":"Feature","geometry":{"type":"Point","coordinates":[145.48765,-38.08233]},"properties":{"cat":"community","name":"Pakenham Masonic Centre"}},{"type":"Feature","geometry":{"type":"Point","coordinates":[145.02741,-37.6278]},"properties":{"cat":"supermarket","name":"Woolworths"}},{"type":"Feature","geometry":{"type":"Point","coordinates":[145.05671,-37.96796]},"properties":{"cat":"library","name":"Cheltenham Library"}},{"type":"Feature","geometry":{"type":"Point","coordinates":[145.03451,-37.71387]},"properties":{"cat":"supermarket","name":"Foodworks"}},{"type":"Feature","geometry":{"type":"Point","coordinates":[144.96938,-37.83003]},"properties":{"cat":"supermarket","name":"Foodworks"}},{"type":"Feature","geometry":{"type":"Point","coordinates":[145.48744,-38.19871]},"properties":{"cat":"supermarket","name":"Woolworths"}},{"type":"Feature","geometry":{"type":"Point","coordinates":[144.97814,-37.77889]},"properties":{"cat":"supermarket","name":"TT Mart"}},{"type":"Feature","geometry":{"type":"Point","coordinates":[145.04676,-37.74668]},"properties":{"cat":"worship","name":"St Pius X Catholic Church"}},{"type":"Feature","geometry":{"type":"Point","coordinates":[145.0472,-37.74738]},"properties":{"cat":"worship","name":"Church of Christ"}},{"type":"Feature","geometry":{"type":"Point","coordinates":[145.04047,-37.77102]},"properties":{"cat":"worship","name":"Mary Immaculate Catholic Church"}},{"type":"Feature","geometry":{"type":"Point","coordinates":[145.05701,-37.84627]},"properties":{"cat":"worship","name":"South Camberwell Uniting Church"}},{"type":"Feature","geometry":{"type":"Point","coordinates":[144.99793,-37.77299]},"properties":{"cat":"worship","name":"Northcote Uniting Church"}},{"type":"Feature","geometry":{"type":"Point","coordinates":[144.94676,-37.73921]},"properties":{"cat":"supermarket","name":"Piedemonte's IGA"}},{"type":"Feature","geometry":{"type":"Point","coordinates":[145.01794,-37.81901]},"properties":{"cat":"worship","name":"Christ Church Hawthorn"}},{"type":"Feature","geometry":{"type":"Point","coordinates":[145.34796,-37.90766]},"properties":{"cat":"worship","name":"Tibetan Buddhist Rime Institute"}},{"type":"Feature","geometry":{"type":"Point","coordinates":[145.05883,-37.6998]},"properties":{"cat":"supermarket","name":"Aldi"}},{"type":"Feature","geometry":{"type":"Point","coordinates":[144.99157,-37.88089]},"properties":{"cat":"supermarket","name":"Elwood Supermarket"}},{"type":"Feature","geometry":{"type":"Point","coordinates":[144.98776,-37.86503]},"properties":{"cat":"supermarket","name":"Aldi"}},{"type":"Feature","geometry":{"type":"Point","coordinates":[145.12107,-37.51173]},"properties":{"cat":"worship","name":""}},{"type":"Feature","geometry":{"type":"Point","coordinates":[145.11366,-37.51387]},"properties":{"cat":"worship","name":""}},{"type":"Feature","geometry":{"type":"Point","coordinates":[145.25685,-38.05226]},"properties":{"cat":"supermarket","name":"Coles"}},{"type":"Feature","geometry":{"type":"Point","coordinates":[144.92303,-37.76533]},"properties":{"cat":"supermarket","name":"ALDI"}},{"type":"Feature","geometry":{"type":"Point","coordinates":[145.30671,-38.0185]},"properties":{"cat":"supermarket","name":"Coles"}},{"type":"Feature","geometry":{"type":"Point","coordinates":[145.3021,-38.01696]},"properties":{"cat":"shopping","name":"Big W"}},{"type":"Feature","geometry":{"type":"Point","coordinates":[145.30067,-38.01686]},"properties":{"cat":"supermarket","name":"Woolworths"}},{"type":"Feature","geometry":{"type":"Point","coordinates":[145.30396,-38.01702]},"properties":{"cat":"shopping","name":"Kmart"}},{"type":"Feature","geometry":{"type":"Point","coordinates":[145.30438,-38.01854]},"properties":{"cat":"shopping","name":"Target"}},{"type":"Feature","geometry":{"type":"Point","coordinates":[144.8842,-37.83095]},"properties":{"cat":"worship","name":"Spotswood Seventh Day Adventist Church"}},{"type":"Feature","geometry":{"type":"Point","coordinates":[144.92001,-37.57445]},"properties":{"cat":"supermarket","name":"Woolworths"}},{"type":"Feature","geometry":{"type":"Point","coordinates":[144.91936,-37.79202]},"properties":{"cat":"supermarket","name":"IGA"}},{"type":"Feature","geometry":{"type":"Point","coordinates":[144.86055,-37.74971]},"properties":{"cat":"supermarket","name":"ALDI"}},{"type":"Feature","geometry":{"type":"Point","coordinates":[144.86097,-37.75025]},"properties":{"cat":"supermarket","name":"Woolworths"}},{"type":"Feature","geometry":{"type":"Point","coordinates":[144.75342,-37.75922]},"properties":{"cat":"supermarket","name":"Coles"}},{"type":"Feature","geometry":{"type":"Point","coordinates":[144.7516,-37.72304]},"properties":{"cat":"supermarket","name":"Woolworths"}},{"type":"Feature","geometry":{"type":"Point","coordinates":[144.73587,-37.88222]},"properties":{"cat":"library","name":"Point Cook Library"}},{"type":"Feature","geometry":{"type":"Point","coordinates":[145.27817,-37.98953]},"properties":{"cat":"worship","name":""}},{"type":"Feature","geometry":{"type":"Point","coordinates":[145.27737,-37.98965]},"properties":{"cat":"worship","name":""}},{"type":"Feature","geometry":{"type":"Point","coordinates":[145.21656,-38.01407]},"properties":{"cat":"shopping","name":"Harvey Norman"}},{"type":"Feature","geometry":{"type":"Point","coordinates":[145.11811,-38.02193]},"properties":{"cat":"supermarket","name":"Ritchie's IGA"}},{"type":"Feature","geometry":{"type":"Point","coordinates":[145.12099,-37.71651]},"properties":{"cat":"supermarket","name":"Natural Food Market"}},{"type":"Feature","geometry":{"type":"Point","coordinates":[145.12117,-37.71591]},"properties":{"cat":"supermarket","name":"Foodworks"}},{"type":"Feature","geometry":{"type":"Point","coordinates":[145.06094,-37.66668]},"properties":{"cat":"supermarket","name":"Woolworths"}},{"type":"Feature","geometry":{"type":"Point","coordinates":[145.05887,-37.66512]},"properties":{"cat":"worship","name":"St. Francis of Assissi Catholic Church"}},{"type":"Feature","geometry":{"type":"Point","coordinates":[144.71729,-38.17144]},"properties":{"cat":"supermarket","name":"Champions IGA St Leonards"}},{"type":"Feature","geometry":{"type":"Point","coordinates":[144.71564,-38.17157]},"properties":{"cat":"worship","name":""}},{"type":"Feature","geometry":{"type":"Point","coordinates":[144.71741,-38.17223]},"properties":{"cat":"worship","name":""}},{"type":"Feature","geometry":{"type":"Point","coordinates":[145.13789,-37.72062]},"properties":{"cat":"supermarket","name":"Tip Top Butchers"}},{"type":"Feature","geometry":{"type":"Point","coordinates":[144.95936,-37.80117]},"properties":{"cat":"library","name":"Giblin Eunson Library"}},{"type":"Feature","geometry":{"type":"Point","coordinates":[145.04888,-38.24654]},"properties":{"cat":"community","name":""}},{"type":"Feature","geometry":{"type":"Point","coordinates":[145.07684,-37.86333]},"properties":{"cat":"library","name":"Ashburton Library"}},{"type":"Feature","geometry":{"type":"Point","coordinates":[145.12534,-37.88483]},"properties":{"cat":"worship","name":"Mount Waverley Christadelphians"}},{"type":"Feature","geometry":{"type":"Point","coordinates":[145.13351,-37.87077]},"properties":{"cat":"worship","name":"The New Church Mount Waverley"}},{"type":"Feature","geometry":{"type":"Point","coordinates":[145.30495,-38.02299]},"properties":{"cat":"supermarket","name":"NQR"}},{"type":"Feature","geometry":{"type":"Point","coordinates":[144.77593,-37.87328]},"properties":{"cat":"supermarket","name":"Coles"}},{"type":"Feature","geometry":{"type":"Point","coordinates":[145.3062,-38.01735]},"properties":{"cat":"shopping","name":"Myer"}},{"type":"Feature","geometry":{"type":"Point","coordinates":[145.04326,-37.91884]},"properties":{"cat":"worship","name":"Bentleigh Uniting Church"}},{"type":"Feature","geometry":{"type":"Point","coordinates":[144.99893,-37.67776]},"properties":{"cat":"supermarket","name":"Supa IGA Thomastown"}},{"type":"Feature","geometry":{"type":"Point","coordinates":[145.00678,-37.67893]},"properties":{"cat":"library","name":"Thomastown Library"}},{"type":"Feature","geometry":{"type":"Point","coordinates":[144.91481,-37.78243]},"properties":{"cat":"supermarket","name":"Coles"}},{"type":"Feature","geometry":{"type":"Point","coordinates":[145.04023,-38.22376]},"properties":{"cat":"supermarket","name":"Aldi"}},{"type":"Feature","geometry":{"type":"Point","coordinates":[145.12937,-37.87612]},"properties":{"cat":"worship","name":"First Church of Christ, Scientist"}},{"type":"Feature","geometry":{"type":"Point","coordinates":[145.31072,-37.99362]},"properties":{"cat":"worship","name":"Mormon"}},{"type":"Feature","geometry":{"type":"Point","coordinates":[145.17707,-38.33668]},"properties":{"cat":"supermarket","name":"Bittern IGA"}},{"type":"Feature","geometry":{"type":"Point","coordinates":[145.16611,-37.92321]},"properties":{"cat":"supermarket","name":"IGA"}},{"type":"Feature","geometry":{"type":"Point","coordinates":[144.7901,-37.75874]},"properties":{"cat":"supermarket","name":"Coles"}},{"type":"Feature","geometry":{"type":"Point","coordinates":[145.3091,-38.01161]},"properties":{"cat":"worship","name":"Narre Warren Presbyterian Church of Eastern Australia"}},{"type":"Feature","geometry":{"type":"Point","coordinates":[144.9661,-37.80448]},"properties":{"cat":"supermarket","name":"IGA X-press plus Liquor"}},{"type":"Feature","geometry":{"type":"Point","coordinates":[145.15684,-37.93475]},"properties":{"cat":"supermarket","name":"Coles"}},{"type":"Feature","geometry":{"type":"Point","coordinates":[145.13296,-37.86927]},"properties":{"cat":"library","name":"Mount Waverley Secondary College Senior Library"}},{"type":"Feature","geometry":{"type":"Point","coordinates":[145.16959,-37.76171]},"properties":{"cat":"supermarket","name":"Aldi"}},{"type":"Feature","geometry":{"type":"Point","coordinates":[145.16973,-37.76127]},"properties":{"cat":"supermarket","name":"Coles"}},{"type":"Feature","geometry":{"type":"Point","coordinates":[145.16809,-37.76212]},"properties":{"cat":"supermarket","name":"Woolworths"}},{"type":"Feature","geometry":{"type":"Point","coordinates":[145.16957,-37.76245]},"properties":{"cat":"shopping","name":"Kmart"}},{"type":"Feature","geometry":{"type":"Point","coordinates":[144.589,-37.48601]},"properties":{"cat":"supermarket","name":"IGA"}},{"type":"Feature","geometry":{"type":"Point","coordinates":[144.59064,-37.48516]},"properties":{"cat":"supermarket","name":"Coles"}},{"type":"Feature","geometry":{"type":"Point","coordinates":[145.21632,-37.98603]},"properties":{"cat":"shopping","name":"Target"}},{"type":"Feature","geometry":{"type":"Point","coordinates":[145.15104,-37.85372]},"properties":{"cat":"supermarket","name":"ALDI"}},{"type":"Feature","geometry":{"type":"Point","coordinates":[145.0773,-37.86301]},"properties":{"cat":"supermarket","name":"Fresh Central"}},{"type":"Feature","geometry":{"type":"Point","coordinates":[145.07779,-37.86306]},"properties":{"cat":"supermarket","name":"IGA"}},{"type":"Feature","geometry":{"type":"Point","coordinates":[144.99107,-37.78889]},"properties":{"cat":"supermarket","name":"Woolworths Metro"}},{"type":"Feature","geometry":{"type":"Point","coordinates":[144.96163,-37.77091]},"properties":{"cat":"supermarket","name":"ALDI"}},{"type":"Feature","geometry":{"type":"Point","coordinates":[144.9394,-37.75816]},"properties":{"cat":"supermarket","name":"IGA"}},{"type":"Feature","geometry":{"type":"Point","coordinates":[144.95738,-37.82995]},"properties":{"cat":"supermarket","name":"Aldi"}},{"type":"Feature","geometry":{"type":"Point","coordinates":[145.22433,-37.99636]},"properties":{"cat":"worship","name":"Antiochian Orthodox Church of St Paul"}},{"type":"Feature","geometry":{"type":"Point","coordinates":[145.35266,-38.03395]},"properties":{"cat":"worship","name":"St Michael's"}},{"type":"Feature","geometry":{"type":"Point","coordinates":[145.34332,-37.80916]},"properties":{"cat":"worship","name":"Church Of Christ Montrose"}},{"type":"Feature","geometry":{"type":"Point","coordinates":[145.10679,-37.87558]},"properties":{"cat":"worship","name":"St Mark's Uniting Church"}},{"type":"Feature","geometry":{"type":"Point","coordinates":[145.07029,-37.72734]},"properties":{"cat":"supermarket","name":"IGA Xpress"}},{"type":"Feature","geometry":{"type":"Point","coordinates":[145.11754,-37.92804]},"properties":{"cat":"library","name":""}},{"type":"Feature","geometry":{"type":"Point","coordinates":[145.10227,-37.94028]},"properties":{"cat":"library","name":"Clarinda Library"}},{"type":"Feature","geometry":{"type":"Point","coordinates":[145.16731,-37.92442]},"properties":{"cat":"worship","name":"Mulgrave Uniting Church"}},{"type":"Feature","geometry":{"type":"Point","coordinates":[145.15932,-37.93312]},"properties":{"cat":"worship","name":"Saint John Vianney's"}},{"type":"Feature","geometry":{"type":"Point","coordinates":[145.16394,-37.93333]},"properties":{"cat":"worship","name":"St Luke's"}},{"type":"Feature","geometry":{"type":"Point","coordinates":[145.11279,-37.95727]},"properties":{"cat":"worship","name":"Bao Minh Buddhist Centre"}},{"type":"Feature","geometry":{"type":"Point","coordinates":[145.11514,-37.92859]},"properties":{"cat":"worship","name":"Greek Orthodox Parish of The Three Hierarchs"}},{"type":"Feature","geometry":{"type":"Point","coordinates":[144.96709,-37.79846]},"properties":{"cat":"supermarket","name":"King & Godfree"}},{"type":"Feature","geometry":{"type":"Point","coordinates":[145.43726,-38.07271]},"properties":{"cat":"supermarket","name":"Woolworths"}},{"type":"Feature","geometry":{"type":"Point","coordinates":[145.10223,-38.02662]},"properties":{"cat":"supermarket","name":"Foodworks"}},{"type":"Feature","geometry":{"type":"Point","coordinates":[145.28303,-37.80013]},"properties":{"cat":"supermarket","name":"Woolworths"}},{"type":"Feature","geometry":{"type":"Point","coordinates":[144.95509,-37.80825]},"properties":{"cat":"supermarket","name":"Xin Fang Supermarket"}},{"type":"Feature","geometry":{"type":"Point","coordinates":[144.81337,-37.78133]},"properties":{"cat":"community","name":"Kororoit Creek Neighbourhood House"}},{"type":"Feature","geometry":{"type":"Point","coordinates":[144.98902,-37.78908]},"properties":{"cat":"supermarket","name":"Frootz on Parade"}},{"type":"Feature","geometry":{"type":"Point","coordinates":[145.25684,-37.97856]},"properties":{"cat":"worship","name":"St Matthew's Community Church"}},{"type":"Feature","geometry":{"type":"Point","coordinates":[145.35423,-37.7564]},"properties":{"cat":"supermarket","name":"Coles"}},{"type":"Feature","geometry":{"type":"Point","coordinates":[145.30377,-38.02682]},"properties":{"cat":"supermarket","name":"Ritchies"}},{"type":"Feature","geometry":{"type":"Point","coordinates":[144.73601,-37.8826]},"properties":{"cat":"supermarket","name":"Aldi"}},{"type":"Feature","geometry":{"type":"Point","coordinates":[144.73464,-37.88251]},"properties":{"cat":"supermarket","name":"Coles"}},{"type":"Feature","geometry":{"type":"Point","coordinates":[144.736,-37.88413]},"properties":{"cat":"shopping","name":"Target"}},{"type":"Feature","geometry":{"type":"Point","coordinates":[144.98382,-37.80253]},"properties":{"cat":"supermarket","name":"Sonsa Foods"}},{"type":"Feature","geometry":{"type":"Point","coordinates":[144.91969,-37.68118]},"properties":{"cat":"shopping","name":"Kmart"}},{"type":"Feature","geometry":{"type":"Point","coordinates":[144.91821,-37.68037]},"properties":{"cat":"supermarket","name":"Woolworths"}},{"type":"Feature","geometry":{"type":"Point","coordinates":[144.92078,-37.67974]},"properties":{"cat":"shopping","name":"Big W"}},{"type":"Feature","geometry":{"type":"Point","coordinates":[144.91865,-37.67969]},"properties":{"cat":"supermarket","name":"Coles"}},{"type":"Feature","geometry":{"type":"Point","coordinates":[144.75152,-37.89518]},"properties":{"cat":"shopping","name":"Kmart"}},{"type":"Feature","geometry":{"type":"Point","coordinates":[144.75225,-37.8953]},"properties":{"cat":"supermarket","name":"ALDI"}},{"type":"Feature","geometry":{"type":"Point","coordinates":[144.95737,-37.83066]},"properties":{"cat":"supermarket","name":"Woolworths"}},{"type":"Feature","geometry":{"type":"Point","coordinates":[144.93843,-37.59767]},"properties":{"cat":"supermarket","name":"Woolworths"}},{"type":"Feature","geometry":{"type":"Point","coordinates":[145.10277,-37.70265]},"properties":{"cat":"shopping","name":"Kmart"}},{"type":"Feature","geometry":{"type":"Point","coordinates":[145.10148,-37.70338]},"properties":{"cat":"shopping","name":"Target"}},{"type":"Feature","geometry":{"type":"Point","coordinates":[144.95998,-37.68838]},"properties":{"cat":"shopping","name":"Kmart"}},{"type":"Feature","geometry":{"type":"Point","coordinates":[145.21773,-37.98748]},"properties":{"cat":"supermarket","name":"Woolworths"}},{"type":"Feature","geometry":{"type":"Point","coordinates":[144.99529,-37.84242]},"properties":{"cat":"shopping","name":"Target"}},{"type":"Feature","geometry":{"type":"Point","coordinates":[144.8897,-37.77329]},"properties":{"cat":"supermarket","name":"Woolworths"}},{"type":"Feature","geometry":{"type":"Point","coordinates":[144.96879,-37.81159]},"properties":{"cat":"worship","name":"Anglican Chinese Mission of the Epiphany"}},{"type":"Feature","geometry":{"type":"Point","coordinates":[144.49182,-38.00298]},"properties":{"cat":"supermarket","name":"Fruit 2 Go"}},{"type":"Feature","geometry":{"type":"Point","coordinates":[144.97808,-37.79966]},"properties":{"cat":"supermarket","name":"Vegetable Connection"}},{"type":"Feature","geometry":{"type":"Point","coordinates":[145.01122,-37.81211]},"properties":{"cat":"shopping","name":"Kmart"}},{"type":"Feature","geometry":{"type":"Point","coordinates":[144.77112,-37.78371]},"properties":{"cat":"supermarket","name":"Coles"}},{"type":"Feature","geometry":{"type":"Point","coordinates":[144.83206,-37.78342]},"properties":{"cat":"library","name":"Sunshine Library"}},{"type":"Feature","geometry":{"type":"Point","coordinates":[144.8899,-37.7911]},"properties":{"cat":"supermarket","name":"IGA Friendly Grocer"}},{"type":"Feature","geometry":{"type":"Point","coordinates":[144.93236,-37.63839]},"properties":{"cat":"supermarket","name":"Coles"}},{"type":"Feature","geometry":{"type":"Point","coordinates":[144.93289,-37.63792]},"properties":{"cat":"supermarket","name":"Aldi"}},{"type":"Feature","geometry":{"type":"Point","coordinates":[145.20901,-37.83644]},"properties":{"cat":"worship","name":""}},{"type":"Feature","geometry":{"type":"Point","coordinates":[144.95933,-37.82686]},"properties":{"cat":"supermarket","name":"Woolworths Metro"}},{"type":"Feature","geometry":{"type":"Point","coordinates":[145.21751,-38.01412]},"properties":{"cat":"shopping","name":"Harvey Norman Factory Outlet"}},{"type":"Feature","geometry":{"type":"Point","coordinates":[144.79945,-37.7024]},"properties":{"cat":"supermarket","name":"Woolworths"}},{"type":"Feature","geometry":{"type":"Point","coordinates":[144.96574,-37.7025]},"properties":{"cat":"supermarket","name":"IGA Fawkner"}},{"type":"Feature","geometry":{"type":"Point","coordinates":[144.92246,-37.6506]},"properties":{"cat":"supermarket","name":"Supa IGA"}},{"type":"Feature","geometry":{"type":"Point","coordinates":[144.96093,-37.80629]},"properties":{"cat":"supermarket","name":"Lin's Asian Grocery"}},{"type":"Feature","geometry":{"type":"Point","coordinates":[144.96305,-37.81858]},"properties":{"cat":"supermarket","name":"Dae Bark Mart"}},{"type":"Feature","geometry":{"type":"Point","coordinates":[145.04272,-37.88961]},"properties":{"cat":"supermarket","name":"Sarawan Spices Glen Huntly"}},{"type":"Feature","geometry":{"type":"Point","coordinates":[145.04282,-37.88962]},"properties":{"cat":"supermarket","name":"Nepsay Mart Glenhuntly"}},{"type":"Feature","geometry":{"type":"Point","coordinates":[145.0442,-37.88978]},"properties":{"cat":"supermarket","name":"India at home"}},{"type":"Feature","geometry":{"type":"Point","coordinates":[145.03436,-37.90352]},"properties":{"cat":"worship","name":"Anglican Church"}},{"type":"Feature","geometry":{"type":"Point","coordinates":[145.21516,-37.98647]},"properties":{"cat":"shopping","name":"Dimmeys"}},{"type":"Feature","geometry":{"type":"Point","coordinates":[145.50252,-38.08766]},"properties":{"cat":"supermarket","name":"Pakenham produce & saddlry"}},{"type":"Feature","geometry":{"type":"Point","coordinates":[145.30749,-37.89457]},"properties":{"cat":"worship","name":"St Thomas Anglican Church"}},{"type":"Feature","geometry":{"type":"Point","coordinates":[145.19869,-37.94669]},"properties":{"cat":"worship","name":"St Elizabeth's Catholic"}},{"type":"Feature","geometry":{"type":"Point","coordinates":[144.9279,-37.7304]},"properties":{"cat":"supermarket","name":"Pascoe Vale Express Store"}},{"type":"Feature","geometry":{"type":"Point","coordinates":[144.96897,-37.70336]},"properties":{"cat":"community","name":"Fawkner Occasional Care Centre"}},{"type":"Feature","geometry":{"type":"Point","coordinates":[144.96997,-37.70249]},"properties":{"cat":"library","name":"Fawkner Library"}},{"type":"Feature","geometry":{"type":"Point","coordinates":[145.0422,-37.90009]},"properties":{"cat":"community","name":"Connections Community House"}},{"type":"Feature","geometry":{"type":"Point","coordinates":[145.31729,-38.08593]},"properties":{"cat":"supermarket","name":"Woolworths"}},{"type":"Feature","geometry":{"type":"Point","coordinates":[145.02067,-37.65769]},"properties":{"cat":"worship","name":"Church of St George"}},{"type":"Feature","geometry":{"type":"Point","coordinates":[144.96652,-37.82769]},"properties":{"cat":"supermarket","name":"IGA"}},{"type":"Feature","geometry":{"type":"Point","coordinates":[144.96122,-37.82558]},"properties":{"cat":"library","name":"Southbank Library at Boyd"}},{"type":"Feature","geometry":{"type":"Point","coordinates":[144.65155,-37.90245]},"properties":{"cat":"supermarket","name":"IGA"}},{"type":"Feature","geometry":{"type":"Point","coordinates":[144.6578,-37.90516]},"properties":{"cat":"supermarket","name":"Aldi"}},{"type":"Feature","geometry":{"type":"Point","coordinates":[144.70244,-37.88206]},"properties":{"cat":"supermarket","name":"Woolworths"}},{"type":"Feature","geometry":{"type":"Point","coordinates":[145.00526,-37.74265]},"properties":{"cat":"worship","name":"Preston Seventh Day Adventist Church "}},{"type":"Feature","geometry":{"type":"Point","coordinates":[145.12932,-37.81957]},"properties":{"cat":"library","name":"Box Hill Library"}},{"type":"Feature","geometry":{"type":"Point","coordinates":[145.28759,-37.97741]},"properties":{"cat":"worship","name":"Biserica Penticostala Romana Filadelfia"}},{"type":"Feature","geometry":{"type":"Point","coordinates":[145.05454,-37.90155]},"properties":{"cat":"supermarket","name":"Pura Milk"}},{"type":"Feature","geometry":{"type":"Point","coordinates":[144.99868,-37.77175]},"properties":{"cat":"supermarket","name":"IGA"}},{"type":"Feature","geometry":{"type":"Point","coordinates":[144.94834,-37.81935]},"properties":{"cat":"supermarket","name":"The Dome Express"}},{"type":"Feature","geometry":{"type":"Point","coordinates":[144.7287,-37.89272]},"properties":{"cat":"supermarket","name":"Big Bazaar"}},{"type":"Feature","geometry":{"type":"Point","coordinates":[144.73249,-37.8843]},"properties":{"cat":"hospital","name":"Boardwalk Health MedicalCentre"}},{"type":"Feature","geometry":{"type":"Point","coordinates":[145.11819,-37.51415]},"properties":{"cat":"supermarket","name":"IGA"}},{"type":"Feature","geometry":{"type":"Point","coordinates":[145.20734,-37.74779]},"properties":{"cat":"supermarket","name":"Quintons SUPA IGA"}},{"type":"Feature","geometry":{"type":"Point","coordinates":[144.8331,-37.78481]},"properties":{"cat":"supermarket","name":"Sunshine Fruit Market"}},{"type":"Feature","geometry":{"type":"Point","coordinates":[144.83268,-37.78391]},"properties":{"cat":"supermarket","name":"\u0110\u1ea1i Ph\u00e1t Supermarket"}},{"type":"Feature","geometry":{"type":"Point","coordinates":[144.83261,-37.78368]},"properties":{"cat":"supermarket","name":"Hong Hung"}},{"type":"Feature","geometry":{"type":"Point","coordinates":[144.96,-37.68895]},"properties":{"cat":"supermarket","name":"Coles"}},{"type":"Feature","geometry":{"type":"Point","coordinates":[144.95998,-37.72018]},"properties":{"cat":"supermarket","name":"Friendly Grocer"}},{"type":"Feature","geometry":{"type":"Point","coordinates":[144.43928,-37.6749]},"properties":{"cat":"supermarket","name":"ALDI"}},{"type":"Feature","geometry":{"type":"Point","coordinates":[144.44116,-37.65947]},"properties":{"cat":"supermarket","name":"IGA"}},{"type":"Feature","geometry":{"type":"Point","coordinates":[144.5641,-37.68653]},"properties":{"cat":"shopping","name":"Kmart"}},{"type":"Feature","geometry":{"type":"Point","coordinates":[145.08498,-37.90766]},"properties":{"cat":"worship","name":"Oakleigh Baptist Church"}},{"type":"Feature","geometry":{"type":"Point","coordinates":[144.90138,-37.79327]},"properties":{"cat":"library","name":""}},{"type":"Feature","geometry":{"type":"Point","coordinates":[145.13798,-37.94052]},"properties":{"cat":"worship","name":"Westall Mosque"}},{"type":"Feature","geometry":{"type":"Point","coordinates":[145.12067,-37.9219]},"properties":{"cat":"hospital","name":"Monash Surgical Private"}},{"type":"Feature","geometry":{"type":"Point","coordinates":[145.02983,-37.65941]},"properties":{"cat":"supermarket","name":"ALDI"}},{"type":"Feature","geometry":{"type":"Point","coordinates":[145.09243,-37.99631]},"properties":{"cat":"worship","name":"Mordialloc Baptist Church"}},{"type":"Feature","geometry":{"type":"Point","coordinates":[145.06957,-37.9227]},"properties":{"cat":"community","name":"Moongala Women's Community House"}},{"type":"Feature","geometry":{"type":"Point","coordinates":[145.07101,-37.92305]},"properties":{"cat":"worship","name":"St Peter's Catholic Church"}},{"type":"Feature","geometry":{"type":"Point","coordinates":[145.05902,-37.82126]},"properties":{"cat":"worship","name":"St Mark's Anglican Church"}},{"type":"Feature","geometry":{"type":"Point","coordinates":[144.8998,-37.79939]},"properties":{"cat":"supermarket","name":"T\u00e2n M\u1ef9"}},{"type":"Feature","geometry":{"type":"Point","coordinates":[144.96735,-37.73957]},"properties":{"cat":"community","name":"Holy Trinity Church Hall"}},{"type":"Feature","geometry":{"type":"Point","coordinates":[144.94692,-37.72379]},"properties":{"cat":"supermarket","name":"Foodworks"}},{"type":"Feature","geometry":{"type":"Point","coordinates":[145.28139,-38.11032]},"properties":{"cat":"shopping","name":"TK Maxx"}},{"type":"Feature","geometry":{"type":"Point","coordinates":[144.96855,-37.69597]},"properties":{"cat":"supermarket","name":"Family Supermarket"}},{"type":"Feature","geometry":{"type":"Point","coordinates":[144.96793,-37.69591]},"properties":{"cat":"supermarket","name":"Anderson Road Fruit Market"}},{"type":"Feature","geometry":{"type":"Point","coordinates":[144.96586,-37.67934]},"properties":{"cat":"community","name":"Campbellfield Community Centre"}},{"type":"Feature","geometry":{"type":"Point","coordinates":[144.95754,-37.67571]},"properties":{"cat":"worship","name":"Uniting Church Campbellfield"}},{"type":"Feature","geometry":{"type":"Point","coordinates":[144.9781,-37.80261]},"properties":{"cat":"supermarket","name":"Foodworks"}},{"type":"Feature","geometry":{"type":"Point","coordinates":[145.23576,-37.79415]},"properties":{"cat":"supermarket","name":"Ritchies"}},{"type":"Feature","geometry":{"type":"Point","coordinates":[145.23682,-37.79224]},"properties":{"cat":"community","name":"North Ringwood Community House"}},{"type":"Feature","geometry":{"type":"Point","coordinates":[145.02058,-37.65267]},"properties":{"cat":"shopping","name":"Harris Scarfe"}},{"type":"Feature","geometry":{"type":"Point","coordinates":[144.96589,-37.74248]},"properties":{"cat":"supermarket","name":"Coles"}},{"type":"Feature","geometry":{"type":"Point","coordinates":[145.12897,-37.85091]},"properties":{"cat":"community","name":"Bennettswood Neighbourhood House"}},{"type":"Feature","geometry":{"type":"Point","coordinates":[145.28462,-37.86292]},"properties":{"cat":"community","name":"Boronia Progress Hall"}},{"type":"Feature","geometry":{"type":"Point","coordinates":[145.12697,-37.8168]},"properties":{"cat":"worship","name":"Evangelical Community Church Court Street"}},{"type":"Feature","geometry":{"type":"Point","coordinates":[144.96291,-37.7165]},"properties":{"cat":"worship","name":"Saint Mark's Church"}},{"type":"Feature","geometry":{"type":"Point","coordinates":[144.96695,-37.71028]},"properties":{"cat":"worship","name":"Saint Peter's Church"}},{"type":"Feature","geometry":{"type":"Point","coordinates":[145.24717,-37.81113]},"properties":{"cat":"worship","name":"Light Community Baptist Church"}},{"type":"Feature","geometry":{"type":"Point","coordinates":[144.94153,-37.79512]},"properties":{"cat":"supermarket","name":"IGA"}},{"type":"Feature","geometry":{"type":"Point","coordinates":[144.94165,-37.79418]},"properties":{"cat":"worship","name":"St Alban's Anglican Church"}},{"type":"Feature","geometry":{"type":"Point","coordinates":[145.13168,-37.95949]},"properties":{"cat":"worship","name":"New Covenant Pentecostal Church"}},{"type":"Feature","geometry":{"type":"Point","coordinates":[145.21225,-37.96993]},"properties":{"cat":"worship","name":"St Michael and St Luke"}},{"type":"Feature","geometry":{"type":"Point","coordinates":[145.04587,-37.87516]},"properties":{"cat":"worship","name":""}},{"type":"Feature","geometry":{"type":"Point","coordinates":[145.75993,-38.34375]},"properties":{"cat":"worship","name":""}},{"type":"Feature","geometry":{"type":"Point","coordinates":[144.96616,-37.74463]},"properties":{"cat":"supermarket","name":"KFL Supermarkets"}},{"type":"Feature","geometry":{"type":"Point","coordinates":[144.97542,-37.75559]},"properties":{"cat":"supermarket","name":"IGA"}},{"type":"Feature","geometry":{"type":"Point","coordinates":[144.99271,-37.73373]},"properties":{"cat":"worship","name":"St Raphael's Church"}},{"type":"Feature","geometry":{"type":"Point","coordinates":[144.59257,-37.48762]},"properties":{"cat":"library","name":"Gisborne Library"}},{"type":"Feature","geometry":{"type":"Point","coordinates":[144.99753,-37.81439]},"properties":{"cat":"community","name":"Belgium Avenue Neighbourhood House"}},{"type":"Feature","geometry":{"type":"Point","coordinates":[144.99729,-37.8139]},"properties":{"cat":"community","name":"Operation Stitches Community Centre"}},{"type":"Feature","geometry":{"type":"Point","coordinates":[144.88892,-37.7362]},"properties":{"cat":"library","name":""}},{"type":"Feature","geometry":{"type":"Point","coordinates":[144.97171,-37.75681]},"properties":{"cat":"hospital","name":"Brunswick Private Hospital"}},{"type":"Feature","geometry":{"type":"Point","coordinates":[145.12775,-37.83473]},"properties":{"cat":"community","name":"Box Hill South Neighbourhood House"}},{"type":"Feature","geometry":{"type":"Point","coordinates":[145.12221,-37.83338]},"properties":{"cat":"worship","name":"St Aidan's Anglican Church"}},{"type":"Feature","geometry":{"type":"Point","coordinates":[145.11224,-37.82979]},"properties":{"cat":"worship","name":"Our Lady of Perpetual Succour"}},{"type":"Feature","geometry":{"type":"Point","coordinates":[145.01882,-37.72971]},"properties":{"cat":"worship","name":"Holy Name Church"}},{"type":"Feature","geometry":{"type":"Point","coordinates":[145.34047,-38.04069]},"properties":{"cat":"library","name":"Federation University Library"}},{"type":"Feature","geometry":{"type":"Point","coordinates":[145.31604,-38.07253]},"properties":{"cat":"supermarket","name":"Eve IGA"}},{"type":"Feature","geometry":{"type":"Point","coordinates":[144.99298,-37.70168]},"properties":{"cat":"worship","name":"Saint Joseph the Worker"}},{"type":"Feature","geometry":{"type":"Point","coordinates":[145.03626,-38.21751]},"properties":{"cat":"library","name":"Mornington Peninsula Library"}},{"type":"Feature","geometry":{"type":"Point","coordinates":[144.91517,-37.78172]},"properties":{"cat":"shopping","name":"Target"}},{"type":"Feature","geometry":{"type":"Point","coordinates":[144.96076,-37.80852]},"properties":{"cat":"supermarket","name":"Hometown Asian Supermarket"}},{"type":"Feature","geometry":{"type":"Point","coordinates":[144.99271,-37.84745]},"properties":{"cat":"supermarket","name":"Woolworths"}},{"type":"Feature","geometry":{"type":"Point","coordinates":[145.06207,-37.83537]},"properties":{"cat":"community","name":"Camberwell City RSL"}},{"type":"Feature","geometry":{"type":"Point","coordinates":[144.8342,-37.78286]},"properties":{"cat":"supermarket","name":"ALDI"}},{"type":"Feature","geometry":{"type":"Point","coordinates":[145.09508,-37.85053]},"properties":{"cat":"supermarket","name":"IGA Burwood"}},{"type":"Feature","geometry":{"type":"Point","coordinates":[145.00741,-37.70843]},"properties":{"cat":"worship","name":"Saint George"}},{"type":"Feature","geometry":{"type":"Point","coordinates":[145.00517,-37.71607]},"properties":{"cat":"supermarket","name":"IGA"}},{"type":"Feature","geometry":{"type":"Point","coordinates":[145.00492,-37.71878]},"properties":{"cat":"worship","name":"Saint Gabriel's"}},{"type":"Feature","geometry":{"type":"Point","coordinates":[144.98354,-37.72968]},"properties":{"cat":"supermarket","name":"Woolworths"}},{"type":"Feature","geometry":{"type":"Point","coordinates":[144.97911,-37.79827]},"properties":{"cat":"supermarket","name":"Cheaper Buy Miles"}},{"type":"Feature","geometry":{"type":"Point","coordinates":[144.99123,-37.73251]},"properties":{"cat":"worship","name":""}},{"type":"Feature","geometry":{"type":"Point","coordinates":[144.91775,-37.75733]},"properties":{"cat":"worship","name":"Ukrainian Autocephalic Orthodox Church"}},{"type":"Feature","geometry":{"type":"Point","coordinates":[145.13193,-37.80204]},"properties":{"cat":"worship","name":"The Grove Uniting Church"}},{"type":"Feature","geometry":{"type":"Point","coordinates":[145.13178,-37.80262]},"properties":{"cat":"worship","name":"Saint Claires"}},{"type":"Feature","geometry":{"type":"Point","coordinates":[145.13205,-37.80232]},"properties":{"cat":"worship","name":"Former Wesleyan Chapel 1856"}},{"type":"Feature","geometry":{"type":"Point","coordinates":[145.12485,-38.14149]},"properties":{"cat":"shopping","name":"TK Maxx"}},{"type":"Feature","geometry":{"type":"Point","coordinates":[144.95192,-37.81476]},"properties":{"cat":"supermarket","name":"Crown Asian Supermarket"}},{"type":"Feature","geometry":{"type":"Point","coordinates":[145.0476,-37.71282]},"properties":{"cat":"supermarket","name":"Woolworths"}},{"type":"Feature","geometry":{"type":"Point","coordinates":[144.77693,-37.69521]},"properties":{"cat":"shopping","name":"Harvey Norman"}},{"type":"Feature","geometry":{"type":"Point","coordinates":[145.03634,-37.82088]},"properties":{"cat":"supermarket","name":"Woolworths Metro"}},{"type":"Feature","geometry":{"type":"Point","coordinates":[145.03292,-37.69924]},"properties":{"cat":"supermarket","name":"IGA"}},{"type":"Feature","geometry":{"type":"Point","coordinates":[145.04149,-37.85327]},"properties":{"cat":"supermarket","name":"IGA"}},{"type":"Feature","geometry":{"type":"Point","coordinates":[144.99075,-37.73538]},"properties":{"cat":"supermarket","name":"IGA"}},{"type":"Feature","geometry":{"type":"Point","coordinates":[145.05797,-37.69728]},"properties":{"cat":"supermarket","name":"Coles"}},{"type":"Feature","geometry":{"type":"Point","coordinates":[145.11126,-37.95779]},"properties":{"cat":"worship","name":"Kingston City Church"}},{"type":"Feature","geometry":{"type":"Point","coordinates":[145.13022,-37.91093]},"properties":{"cat":"supermarket","name":"Science Store"}},{"type":"Feature","geometry":{"type":"Point","coordinates":[144.80614,-37.79761]},"properties":{"cat":"supermarket","name":"Coles"}},{"type":"Feature","geometry":{"type":"Point","coordinates":[145.23343,-37.88189]},"properties":{"cat":"supermarket","name":"KFL Supermarkets"}},{"type":"Feature","geometry":{"type":"Point","coordinates":[144.95708,-37.80633]},"properties":{"cat":"shopping","name":"Queen Victoria Market - A Shed"}},{"type":"Feature","geometry":{"type":"Point","coordinates":[145.11836,-37.8001]},"properties":{"cat":"worship","name":"Evangelical Chinese Church"}},{"type":"Feature","geometry":{"type":"Point","coordinates":[145.27914,-37.79492]},"properties":{"cat":"worship","name":""}},{"type":"Feature","geometry":{"type":"Point","coordinates":[144.89138,-37.81663]},"properties":{"cat":"supermarket","name":"IGA"}},{"type":"Feature","geometry":{"type":"Point","coordinates":[144.91951,-37.77966]},"properties":{"cat":"community","name":"Network West"}},{"type":"Feature","geometry":{"type":"Point","coordinates":[145.07892,-37.79432]},"properties":{"cat":"worship","name":"North Balwyn Baptist Church"}},{"type":"Feature","geometry":{"type":"Point","coordinates":[145.10379,-37.79507]},"properties":{"cat":"worship","name":"St Bridget's Catholic Church"}},{"type":"Feature","geometry":{"type":"Point","coordinates":[145.17747,-38.22499]},"properties":{"cat":"supermarket","name":"ALDI"}},{"type":"Feature","geometry":{"type":"Point","coordinates":[145.05888,-37.88467]},"properties":{"cat":"supermarket","name":"ALDI"}},{"type":"Feature","geometry":{"type":"Point","coordinates":[145.15822,-38.09572]},"properties":{"cat":"worship","name":"Antioch House"}},{"type":"Feature","geometry":{"type":"Point","coordinates":[145.22997,-37.81179]},"properties":{"cat":"supermarket","name":"Coles"}},{"type":"Feature","geometry":{"type":"Point","coordinates":[145.05889,-37.83434]},"properties":{"cat":"library","name":"Camberwell Library"}},{"type":"Feature","geometry":{"type":"Point","coordinates":[145.07267,-37.79221]},"properties":{"cat":"worship","name":"St Fanourios & St Marina Greek Orthodox Church"}},{"type":"Feature","geometry":{"type":"Point","coordinates":[145.30629,-37.79052]},"properties":{"cat":"worship","name":"Mooroolbark Baptist Church"}},{"type":"Feature","geometry":{"type":"Point","coordinates":[144.7425,-37.86739]},"properties":{"cat":"supermarket","name":"Woolworths"}},{"type":"Feature","geometry":{"type":"Point","coordinates":[145.21674,-37.98595]},"properties":{"cat":"supermarket","name":"Aldi"}},{"type":"Feature","geometry":{"type":"Point","coordinates":[144.77434,-37.75006]},"properties":{"cat":"supermarket","name":"Aldi"}},{"type":"Feature","geometry":{"type":"Point","coordinates":[144.77501,-37.87283]},"properties":{"cat":"shopping","name":"Big W"}},{"type":"Feature","geometry":{"type":"Point","coordinates":[145.00519,-37.90609]},"properties":{"cat":"supermarket","name":"Coles"}},{"type":"Feature","geometry":{"type":"Point","coordinates":[144.67733,-37.87421]},"properties":{"cat":"supermarket","name":"Woolworths"}},{"type":"Feature","geometry":{"type":"Point","coordinates":[144.68718,-37.86238]},"properties":{"cat":"supermarket","name":"Woolworths"}},{"type":"Feature","geometry":{"type":"Point","coordinates":[145.07153,-37.86277]},"properties":{"cat":"worship","name":"Anglican church of St Oswald"}},{"type":"Feature","geometry":{"type":"Point","coordinates":[145.45909,-37.77715]},"properties":{"cat":"supermarket","name":"Woolworths"}},{"type":"Feature","geometry":{"type":"Point","coordinates":[145.0721,-37.70117]},"properties":{"cat":"supermarket","name":"Foodworks"}},{"type":"Feature","geometry":{"type":"Point","coordinates":[145.24833,-38.00533]},"properties":{"cat":"supermarket","name":"Woolworths"}},{"type":"Feature","geometry":{"type":"Point","coordinates":[145.05785,-37.69794]},"properties":{"cat":"worship","name":"St Damian's Church"}},{"type":"Feature","geometry":{"type":"Point","coordinates":[144.70372,-37.84901]},"properties":{"cat":"supermarket","name":"Coles"}},{"type":"Feature","geometry":{"type":"Point","coordinates":[144.7053,-37.84905]},"properties":{"cat":"supermarket","name":"ALDI"}},{"type":"Feature","geometry":{"type":"Point","coordinates":[145.30491,-38.03239]},"properties":{"cat":"worship","name":"Faith Christian Church, Casey"}},{"type":"Feature","geometry":{"type":"Point","coordinates":[145.76761,-38.11202]},"properties":{"cat":"supermarket","name":"Longwarry Supermarket"}},{"type":"Feature","geometry":{"type":"Point","coordinates":[145.15939,-37.67353]},"properties":{"cat":"supermarket","name":"Coles"}},{"type":"Feature","geometry":{"type":"Point","coordinates":[145.08984,-38.18514]},"properties":{"cat":"supermarket","name":"Ritchies"}},{"type":"Feature","geometry":{"type":"Point","coordinates":[144.93051,-37.78843]},"properties":{"cat":"library","name":"Flemington Library"}},{"type":"Feature","geometry":{"type":"Point","coordinates":[145.62995,-38.0719]},"properties":{"cat":"worship","name":"Corpus Christi Church, Tynong"}},{"type":"Feature","geometry":{"type":"Point","coordinates":[145.07083,-37.68431]},"properties":{"cat":"worship","name":"Bundoora Presbyterian Church"}},{"type":"Feature","geometry":{"type":"Point","coordinates":[144.41037,-38.02356]},"properties":{"cat":"supermarket","name":"Coles"}},{"type":"Feature","geometry":{"type":"Point","coordinates":[145.08257,-37.70905]},"properties":{"cat":"supermarket","name":"Andres SUPA IGA"}},{"type":"Feature","geometry":{"type":"Point","coordinates":[145.17737,-37.87658]},"properties":{"cat":"community","name":"Kerrie Neighbourhood House"}},{"type":"Feature","geometry":{"type":"Point","coordinates":[144.96417,-37.75608]},"properties":{"cat":"supermarket","name":"Gervasi FoodWorks"}},{"type":"Feature","geometry":{"type":"Point","coordinates":[145.02898,-37.7248]},"properties":{"cat":"supermarket","name":"ALDI"}},{"type":"Feature","geometry":{"type":"Point","coordinates":[145.02811,-37.7255]},"properties":{"cat":"supermarket","name":"Coles"}},{"type":"Feature","geometry":{"type":"Point","coordinates":[145.02917,-37.72433]},"properties":{"cat":"shopping","name":"Kmart"}},{"type":"Feature","geometry":{"type":"Point","coordinates":[144.99355,-37.84791]},"properties":{"cat":"supermarket","name":"Coles"}},{"type":"Feature","geometry":{"type":"Point","coordinates":[145.35222,-37.9091]},"properties":{"cat":"community","name":"Mi Place"}},{"type":"Feature","geometry":{"type":"Point","coordinates":[145.02478,-37.82675]},"properties":{"cat":"worship","name":"St Anthony's"}},{"type":"Feature","geometry":{"type":"Point","coordinates":[144.99586,-37.79738]},"properties":{"cat":"library","name":"Collingwood Toy Library"}},{"type":"Feature","geometry":{"type":"Point","coordinates":[144.91953,-37.67835]},"properties":{"cat":"supermarket","name":"Aldi"}},{"type":"Feature","geometry":{"type":"Point","coordinates":[144.56212,-37.68686]},"properties":{"cat":"shopping","name":"Big W"}},{"type":"Feature","geometry":{"type":"Point","coordinates":[144.56108,-37.68689]},"properties":{"cat":"supermarket","name":"Woolworths"}},{"type":"Feature","geometry":{"type":"Point","coordinates":[144.56047,-37.68686]},"properties":{"cat":"supermarket","name":"Aldi"}},{"type":"Feature","geometry":{"type":"Point","coordinates":[144.93277,-37.78391]},"properties":{"cat":"community","name":"St Brendan's Church Hall"}},{"type":"Feature","geometry":{"type":"Point","coordinates":[144.99644,-37.83714]},"properties":{"cat":"shopping","name":"Big W"}},{"type":"Feature","geometry":{"type":"Point","coordinates":[144.99699,-37.83719]},"properties":{"cat":"supermarket","name":"Woolworths"}},{"type":"Feature","geometry":{"type":"Point","coordinates":[144.95035,-37.73157]},"properties":{"cat":"supermarket","name":"Coles"}},{"type":"Feature","geometry":{"type":"Point","coordinates":[144.91291,-37.59368]},"properties":{"cat":"shopping","name":"Big W"}},{"type":"Feature","geometry":{"type":"Point","coordinates":[144.91501,-37.59237]},"properties":{"cat":"supermarket","name":"Coles"}},{"type":"Feature","geometry":{"type":"Point","coordinates":[144.91481,-37.59419]},"properties":{"cat":"supermarket","name":"Woolworths"}},{"type":"Feature","geometry":{"type":"Point","coordinates":[144.91315,-37.59228]},"properties":{"cat":"shopping","name":"Kmart"}},{"type":"Feature","geometry":{"type":"Point","coordinates":[144.88251,-37.63934]},"properties":{"cat":"supermarket","name":"Coles"}},{"type":"Feature","geometry":{"type":"Point","coordinates":[145.06333,-37.95318]},"properties":{"cat":"supermarket","name":"IGA Cheltenham"}},{"type":"Feature","geometry":{"type":"Point","coordinates":[145.29235,-37.79628]},"properties":{"cat":"community","name":"Wyreena Community Arts Centre"}},{"type":"Feature","geometry":{"type":"Point","coordinates":[144.96749,-37.81211]},"properties":{"cat":"supermarket","name":"Tang Asian Grocery"}},{"type":"Feature","geometry":{"type":"Point","coordinates":[145.34717,-37.76603]},"properties":{"cat":"library","name":"Lilydale Library"}},{"type":"Feature","geometry":{"type":"Point","coordinates":[144.9445,-37.83577]},"properties":{"cat":"library","name":"Port Melbourne Library"}},{"type":"Feature","geometry":{"type":"Point","coordinates":[145.10218,-37.80385]},"properties":{"cat":"supermarket","name":"Coles"}},{"type":"Feature","geometry":{"type":"Point","coordinates":[144.90886,-37.57112]},"properties":{"cat":"community","name":"Newbury Child and Community Centre"}},{"type":"Feature","geometry":{"type":"Point","coordinates":[145.39171,-37.79229]},"properties":{"cat":"worship","name":"Mahamevnawa Buddhist Meditation Centre"}},{"type":"Feature","geometry":{"type":"Point","coordinates":[145.00005,-37.76367]},"properties":{"cat":"worship","name":"Northcote Baptist Church"}},{"type":"Feature","geometry":{"type":"Point","coordinates":[144.95576,-37.8292]},"properties":{"cat":"worship","name":"PlanetShakers"}},{"type":"Feature","geometry":{"type":"Point","coordinates":[145.12019,-37.76548]},"properties":{"cat":"worship","name":"St. Marks Templestowe"}},{"type":"Feature","geometry":{"type":"Point","coordinates":[145.30076,-38.06736]},"properties":{"cat":"shopping","name":"Kmart"}},{"type":"Feature","geometry":{"type":"Point","coordinates":[145.30099,-38.06647]},"properties":{"cat":"supermarket","name":"Woolworths"}},{"type":"Feature","geometry":{"type":"Point","coordinates":[145.30059,-38.06773]},"properties":{"cat":"supermarket","name":"ALDI"}},{"type":"Feature","geometry":{"type":"Point","coordinates":[145.01276,-37.69519]},"properties":{"cat":"supermarket","name":"Pickles and Spices"}},{"type":"Feature","geometry":{"type":"Point","coordinates":[145.07849,-37.70411]},"properties":{"cat":"worship","name":"St. Ignatious Chapel"}},{"type":"Feature","geometry":{"type":"Point","coordinates":[145.40891,-38.00465]},"properties":{"cat":"worship","name":"St. John's Anglican"}},{"type":"Feature","geometry":{"type":"Point","coordinates":[144.98362,-37.8038]},"properties":{"cat":"supermarket","name":"Coles"}},{"type":"Feature","geometry":{"type":"Point","coordinates":[145.16472,-37.91498]},"properties":{"cat":"worship","name":""}},{"type":"Feature","geometry":{"type":"Point","coordinates":[145.17756,-38.33603]},"properties":{"cat":"community","name":"Bittern Hall"}},{"type":"Feature","geometry":{"type":"Point","coordinates":[145.29395,-38.1002]},"properties":{"cat":"supermarket","name":"Woolworths"}},{"type":"Feature","geometry":{"type":"Point","coordinates":[145.29332,-38.10001]},"properties":{"cat":"supermarket","name":"Aldi"}},{"type":"Feature","geometry":{"type":"Point","coordinates":[145.45893,-37.77843]},"properties":{"cat":"supermarket","name":"Aldi"}},{"type":"Feature","geometry":{"type":"Point","coordinates":[145.03575,-37.82322]},"properties":{"cat":"community","name":"Boroondara Youth Hub"}},{"type":"Feature","geometry":{"type":"Point","coordinates":[144.96087,-37.80974]},"properties":{"cat":"supermarket","name":"Crown Asian Supermarket"}},{"type":"Feature","geometry":{"type":"Point","coordinates":[144.69621,-37.83565]},"properties":{"cat":"library","name":"Julia Gillard Library"}},{"type":"Feature","geometry":{"type":"Point","coordinates":[145.19016,-37.91769]},"properties":{"cat":"worship","name":"St Justin's Catholic Parish"}},{"type":"Feature","geometry":{"type":"Point","coordinates":[144.8477,-37.82848]},"properties":{"cat":"supermarket","name":"ALDI"}},{"type":"Feature","geometry":{"type":"Point","coordinates":[144.97768,-37.80755]},"properties":{"cat":"worship","name":"St Mary of the Cross Chapel"}},{"type":"Feature","geometry":{"type":"Point","coordinates":[145.16306,-37.87911]},"properties":{"cat":"supermarket","name":"Astee"}},{"type":"Feature","geometry":{"type":"Point","coordinates":[145.22862,-37.81183]},"properties":{"cat":"shopping","name":"Kmart"}},{"type":"Feature","geometry":{"type":"Point","coordinates":[144.99807,-37.8104]},"properties":{"cat":"supermarket","name":"T\u00e2n Hung Asian Grocery"}},{"type":"Feature","geometry":{"type":"Point","coordinates":[144.99737,-37.81033]},"properties":{"cat":"supermarket","name":"Richmond Grocery Store"}},{"type":"Feature","geometry":{"type":"Point","coordinates":[144.93858,-37.78494]},"properties":{"cat":"supermarket","name":"IGA"}},{"type":"Feature","geometry":{"type":"Point","coordinates":[144.89753,-37.8014]},"properties":{"cat":"supermarket","name":"Coles"}},{"type":"Feature","geometry":{"type":"Point","coordinates":[144.7344,-37.88435]},"properties":{"cat":"supermarket","name":"Woolworths"}},{"type":"Feature","geometry":{"type":"Point","coordinates":[144.88583,-37.82966]},"properties":{"cat":"supermarket","name":"Local Grocer IGA"}},{"type":"Feature","geometry":{"type":"Point","coordinates":[144.99357,-37.84586]},"properties":{"cat":"supermarket","name":"Aldi"}},{"type":"Feature","geometry":{"type":"Point","coordinates":[145.16582,-37.9808]},"properties":{"cat":"supermarket","name":"Foodworks"}},{"type":"Feature","geometry":{"type":"Point","coordinates":[144.66086,-38.26836]},"properties":{"cat":"supermarket","name":"IGA Local Grocer"}},{"type":"Feature","geometry":{"type":"Point","coordinates":[144.77425,-37.70017]},"properties":{"cat":"library","name":"Brimbank Library"}},{"type":"Feature","geometry":{"type":"Point","coordinates":[145.16561,-37.83608]},"properties":{"cat":"shopping","name":"Harris Scarfe"}},{"type":"Feature","geometry":{"type":"Point","coordinates":[145.12692,-37.95966]},"properties":{"cat":"worship","name":"Enjoy Church East"}},{"type":"Feature","geometry":{"type":"Point","coordinates":[145.32472,-38.10361]},"properties":{"cat":"supermarket","name":"Woolworths"}},{"type":"Feature","geometry":{"type":"Point","coordinates":[145.1277,-37.58703]},"properties":{"cat":"supermarket","name":"Woolworths"}},{"type":"Feature","geometry":{"type":"Point","coordinates":[144.70716,-37.85125]},"properties":{"cat":"supermarket","name":"International Foods"}},{"type":"Feature","geometry":{"type":"Point","coordinates":[145.0383,-37.75608]},"properties":{"cat":"community","name":"Bellfield Community Centre"}},{"type":"Feature","geometry":{"type":"Point","coordinates":[145.01795,-37.77833]},"properties":{"cat":"worship","name":"Merri Creek Anglican Church"}},{"type":"Feature","geometry":{"type":"Point","coordinates":[145.15217,-37.82286]},"properties":{"cat":"worship","name":""}},{"type":"Feature","geometry":{"type":"Point","coordinates":[145.05539,-37.96614]},"properties":{"cat":"supermarket","name":"The Fruit Men"}},{"type":"Feature","geometry":{"type":"Point","coordinates":[145.08163,-37.825]},"properties":{"cat":"supermarket","name":"IGA"}},{"type":"Feature","geometry":{"type":"Point","coordinates":[145.02812,-37.86463]},"properties":{"cat":"supermarket","name":"Shahi India"}},{"type":"Feature","geometry":{"type":"Point","coordinates":[144.54512,-38.16858]},"properties":{"cat":"supermarket","name":"Woolworths"}},{"type":"Feature","geometry":{"type":"Point","coordinates":[145.14835,-37.96874]},"properties":{"cat":"worship","name":"New Apostolic Church"}},{"type":"Feature","geometry":{"type":"Point","coordinates":[145.09474,-37.79124]},"properties":{"cat":"supermarket","name":"ALDI"}},{"type":"Feature","geometry":{"type":"Point","coordinates":[145.18815,-37.83367]},"properties":{"cat":"worship","name":"Stairway Church"}},{"type":"Feature","geometry":{"type":"Point","coordinates":[145.19346,-37.81605]},"properties":{"cat":"supermarket","name":"KT Mart Asian Grocery"}},{"type":"Feature","geometry":{"type":"Point","coordinates":[144.7751,-37.87185]},"properties":{"cat":"supermarket","name":"Aldi"}},{"type":"Feature","geometry":{"type":"Point","coordinates":[145.34503,-38.0321]},"properties":{"cat":"supermarket","name":"Coles"}},{"type":"Feature","geometry":{"type":"Point","coordinates":[145.16227,-37.78944]},"properties":{"cat":"worship","name":"Church Of God"}},{"type":"Feature","geometry":{"type":"Point","coordinates":[145.40895,-37.87639]},"properties":{"cat":"supermarket","name":"ALDI"}},{"type":"Feature","geometry":{"type":"Point","coordinates":[145.0627,-37.80155]},"properties":{"cat":"supermarket","name":"Boccaccio SUPA IGA"}},{"type":"Feature","geometry":{"type":"Point","coordinates":[145.13212,-38.15369]},"properties":{"cat":"community","name":"Frankston Men's Shed"}},{"type":"Feature","geometry":{"type":"Point","coordinates":[145.07135,-37.94316]},"properties":{"cat":"supermarket","name":"USA Foods"}},{"type":"Feature","geometry":{"type":"Point","coordinates":[145.21315,-37.93867]},"properties":{"cat":"hospital","name":"The Valley Private Hospital"}},{"type":"Feature","geometry":{"type":"Point","coordinates":[145.00344,-37.94844]},"properties":{"cat":"community","name":"Sandringham District Masonic Hall"}},{"type":"Feature","geometry":{"type":"Point","coordinates":[145.00249,-37.94828]},"properties":{"cat":"worship","name":"Sandringham Baptist Church"}},{"type":"Feature","geometry":{"type":"Point","coordinates":[145.00619,-37.95092]},"properties":{"cat":"worship","name":"The Uniting Church in Australia"}},{"type":"Feature","geometry":{"type":"Point","coordinates":[145.00817,-37.84056]},"properties":{"cat":"supermarket","name":"Woolworths"}},{"type":"Feature","geometry":{"type":"Point","coordinates":[144.68181,-37.87833]},"properties":{"cat":"worship","name":"Werribee Baptist Church"}},{"type":"Feature","geometry":{"type":"Point","coordinates":[145.14973,-37.97202]},"properties":{"cat":"supermarket","name":"Springvale South SUPA IGA"}},{"type":"Feature","geometry":{"type":"Point","coordinates":[144.67382,-37.84001]},"properties":{"cat":"supermarket","name":"Woolworths"}},{"type":"Feature","geometry":{"type":"Point","coordinates":[145.16457,-37.88857]},"properties":{"cat":"community","name":"Blackflat Community Centre"}},{"type":"Feature","geometry":{"type":"Point","coordinates":[145.22463,-38.01615]},"properties":{"cat":"supermarket","name":"Hindustan Wholesale & Retail Groceries"}},{"type":"Feature","geometry":{"type":"Point","coordinates":[144.9771,-37.74882]},"properties":{"cat":"worship","name":"Gracetree"}},{"type":"Feature","geometry":{"type":"Point","coordinates":[145.18026,-38.01026]},"properties":{"cat":"worship","name":"Dhamma Sarana Temple"}},{"type":"Feature","geometry":{"type":"Point","coordinates":[145.17422,-38.01551]},"properties":{"cat":"worship","name":"Gurudwarra Sri Guru Granth Sahib Keysborough"}},{"type":"Feature","geometry":{"type":"Point","coordinates":[145.03791,-37.94757]},"properties":{"cat":"community","name":"Highett Neighbourhood Community House"}},{"type":"Feature","geometry":{"type":"Point","coordinates":[145.21776,-37.77239]},"properties":{"cat":"worship","name":"Saint Anne's Catholic Church"}},{"type":"Feature","geometry":{"type":"Point","coordinates":[145.13018,-37.78772]},"properties":{"cat":"worship","name":"Doncaster Church of Christ"}},{"type":"Feature","geometry":{"type":"Point","coordinates":[145.35954,-37.93015]},"properties":{"cat":"supermarket","name":"Unwrapped Pantry"}},{"type":"Feature","geometry":{"type":"Point","coordinates":[144.89735,-37.80099]},"properties":{"cat":"shopping","name":"Kmart"}},{"type":"Feature","geometry":{"type":"Point","coordinates":[145.22174,-37.84665]},"properties":{"cat":"worship","name":"Polish seventh-day Adventist"}},{"type":"Feature","geometry":{"type":"Point","coordinates":[145.32051,-38.11911]},"properties":{"cat":"supermarket","name":"Coles"}},{"type":"Feature","geometry":{"type":"Point","coordinates":[145.25703,-37.91399]},"properties":{"cat":"supermarket","name":"IGA"}},{"type":"Feature","geometry":{"type":"Point","coordinates":[145.13613,-37.91172]},"properties":{"cat":"supermarket","name":"The Monash Merchant"}},{"type":"Feature","geometry":{"type":"Point","coordinates":[145.08249,-37.79465]},"properties":{"cat":"worship","name":"Rhema Chinese Christian Church of Melbourne"}},{"type":"Feature","geometry":{"type":"Point","coordinates":[145.21797,-37.98906]},"properties":{"cat":"worship","name":"St Mary's Catholic Church Dandenong"}},{"type":"Feature","geometry":{"type":"Point","coordinates":[145.18593,-37.97522]},"properties":{"cat":"hospital","name":"Chandler Road Medical Centre"}},{"type":"Feature","geometry":{"type":"Point","coordinates":[145.13885,-38.14638]},"properties":{"cat":"worship","name":"Frankston Seventh Day Adventist Church"}},{"type":"Feature","geometry":{"type":"Point","coordinates":[144.96256,-37.76643]},"properties":{"cat":"supermarket","name":"Mediterranean Wholesalers Supermarket"}},{"type":"Feature","geometry":{"type":"Point","coordinates":[145.3528,-37.75278]},"properties":{"cat":"worship","name":"St Patrick's"}},{"type":"Feature","geometry":{"type":"Point","coordinates":[145.35417,-37.75302]},"properties":{"cat":"worship","name":"St John the Bapist"}},{"type":"Feature","geometry":{"type":"Point","coordinates":[145.12128,-37.81955]},"properties":{"cat":"supermarket","name":"Woolworths"}},{"type":"Feature","geometry":{"type":"Point","coordinates":[145.00572,-37.7165]},"properties":{"cat":"library","name":"Reservoir Public Library and Community Centre"}},{"type":"Feature","geometry":{"type":"Point","coordinates":[145.12631,-37.85161]},"properties":{"cat":"worship","name":"St Scholastica's Catholic Church"}},{"type":"Feature","geometry":{"type":"Point","coordinates":[144.87813,-37.79765]},"properties":{"cat":"library","name":"West Footscray Library"}},{"type":"Feature","geometry":{"type":"Point","coordinates":[145.06197,-37.72158]},"properties":{"cat":"community","name":"Springthorpe Country Club"}},{"type":"Feature","geometry":{"type":"Point","coordinates":[144.9884,-37.74952]},"properties":{"cat":"worship","name":"St. Mark Coptic Orthodox church - Melbourne"}},{"type":"Feature","geometry":{"type":"Point","coordinates":[145.09543,-37.7752]},"properties":{"cat":"worship","name":"Sts. Bishoy and Shenouda Coptic Orthodox Church"}},{"type":"Feature","geometry":{"type":"Point","coordinates":[145.01113,-37.71701]},"properties":{"cat":"supermarket","name":"Paradise Food City"}},{"type":"Feature","geometry":{"type":"Point","coordinates":[145.00998,-37.71715]},"properties":{"cat":"supermarket","name":"Magid Supermarket"}},{"type":"Feature","geometry":{"type":"Point","coordinates":[145.00967,-37.71712]},"properties":{"cat":"supermarket","name":"One Way Fresh Supermarket"}},{"type":"Feature","geometry":{"type":"Point","coordinates":[145.00945,-37.71709]},"properties":{"cat":"supermarket","name":""}},{"type":"Feature","geometry":{"type":"Point","coordinates":[144.96123,-37.80956]},"properties":{"cat":"supermarket","name":"Woolworths Metro"}},{"type":"Feature","geometry":{"type":"Point","coordinates":[145.61209,-37.78248]},"properties":{"cat":"library","name":"Yarra Junction public library"}},{"type":"Feature","geometry":{"type":"Point","coordinates":[145.09386,-37.79157]},"properties":{"cat":"supermarket","name":"Foodworks"}},{"type":"Feature","geometry":{"type":"Point","coordinates":[144.94416,-37.76464]},"properties":{"cat":"supermarket","name":"Foodworks"}},{"type":"Feature","geometry":{"type":"Point","coordinates":[145.00643,-37.62133]},"properties":{"cat":"supermarket","name":"Coles"}},{"type":"Feature","geometry":{"type":"Point","coordinates":[144.95533,-37.80598]},"properties":{"cat":"community","name":"Victorian Elderly Chinese Welfare Society"}},{"type":"Feature","geometry":{"type":"Point","coordinates":[144.95622,-37.79993]},"properties":{"cat":"hospital","name":"Victorian Comprehensive Cancer Centre"}},{"type":"Feature","geometry":{"type":"Point","coordinates":[144.95679,-37.80039]},"properties":{"cat":"hospital","name":"Peter MacCallum Cancer Centre"}},{"type":"Feature","geometry":{"type":"Point","coordinates":[144.96508,-37.82247]},"properties":{"cat":"supermarket","name":"IGA"}},{"type":"Feature","geometry":{"type":"Point","coordinates":[144.94976,-37.80356]},"properties":{"cat":"library","name":"North Melbourne Library"}},{"type":"Feature","geometry":{"type":"Point","coordinates":[144.94961,-37.80407]},"properties":{"cat":"community","name":"Lithuanian Club"}},{"type":"Feature","geometry":{"type":"Point","coordinates":[144.94973,-37.80375]},"properties":{"cat":"community","name":"The Centre"}},{"type":"Feature","geometry":{"type":"Point","coordinates":[145.0814,-37.81471]},"properties":{"cat":"worship","name":"St Barnabas Anglican Church"}},{"type":"Feature","geometry":{"type":"Point","coordinates":[144.72673,-37.8979]},"properties":{"cat":"supermarket","name":"Woolworths"}},{"type":"Feature","geometry":{"type":"Point","coordinates":[144.71106,-37.87505]},"properties":{"cat":"shopping","name":"Harvey Norman - Hoppers Crossing"}},{"type":"Feature","geometry":{"type":"Point","coordinates":[144.98286,-37.78475]},"properties":{"cat":"library","name":"Bargoonga Nganjin, North Fitzroy Library"}},{"type":"Feature","geometry":{"type":"Point","coordinates":[144.97329,-37.83514]},"properties":{"cat":"community","name":"Alan Roberts International Medical Graduates Support & Advisory Services Pty ( ARIMGSAS )"}},{"type":"Feature","geometry":{"type":"Point","coordinates":[144.77543,-37.85283]},"properties":{"cat":"supermarket","name":"Foodworks"}},{"type":"Feature","geometry":{"type":"Point","coordinates":[144.96581,-37.76631]},"properties":{"cat":"hospital","name":""}},{"type":"Feature","geometry":{"type":"Point","coordinates":[144.67713,-37.87623]},"properties":{"cat":"shopping","name":"Target"}},{"type":"Feature","geometry":{"type":"Point","coordinates":[144.74157,-37.7116]},"properties":{"cat":"supermarket","name":"Coles"}},{"type":"Feature","geometry":{"type":"Point","coordinates":[145.08412,-37.80345]},"properties":{"cat":"supermarket","name":"IGA"}},{"type":"Feature","geometry":{"type":"Point","coordinates":[145.1607,-38.01175]},"properties":{"cat":"supermarket","name":"Woolworths"}},{"type":"Feature","geometry":{"type":"Point","coordinates":[144.57425,-37.70173]},"properties":{"cat":"supermarket","name":"Coles"}},{"type":"Feature","geometry":{"type":"Point","coordinates":[145.42402,-37.86576]},"properties":{"cat":"worship","name":"Monbulk Christian Fellowship"}},{"type":"Feature","geometry":{"type":"Point","coordinates":[145.51737,-37.65313]},"properties":{"cat":"library","name":""}},{"type":"Feature","geometry":{"type":"Point","coordinates":[144.66681,-37.85563]},"properties":{"cat":"worship","name":"St. Philip's Lutheran Church"}},{"type":"Feature","geometry":{"type":"Point","coordinates":[144.96094,-37.83193]},"properties":{"cat":"supermarket","name":"Coles"}},{"type":"Feature","geometry":{"type":"Point","coordinates":[144.99555,-37.81213]},"properties":{"cat":"worship","name":"Salvation Army"}},{"type":"Feature","geometry":{"type":"Point","coordinates":[145.40951,-38.00409]},"properties":{"cat":"supermarket","name":"Foodworks"}},{"type":"Feature","geometry":{"type":"Point","coordinates":[144.99396,-37.82096]},"properties":{"cat":"worship","name":"Salvation Army"}},{"type":"Feature","geometry":{"type":"Point","coordinates":[144.99344,-37.7266]},"properties":{"cat":"worship","name":"St Mark's Anglican Church"}},{"type":"Feature","geometry":{"type":"Point","coordinates":[145.03622,-37.79626]},"properties":{"cat":"library","name":"Kew Toy Library"}},{"type":"Feature","geometry":{"type":"Point","coordinates":[145.02274,-37.88062]},"properties":{"cat":"library","name":"Caulfield Library"}},{"type":"Feature","geometry":{"type":"Point","coordinates":[144.9641,-37.81202]},"properties":{"cat":"shopping","name":"Muji"}},{"type":"Feature","geometry":{"type":"Point","coordinates":[145.00389,-37.88471]},"properties":{"cat":"supermarket","name":"GloHealth"}},{"type":"Feature","geometry":{"type":"Point","coordinates":[145.69684,-37.75309]},"properties":{"cat":"supermarket","name":"IGA"}},{"type":"Feature","geometry":{"type":"Point","coordinates":[144.6665,-37.8597]},"properties":{"cat":"supermarket","name":"Coles"}},{"type":"Feature","geometry":{"type":"Point","coordinates":[144.88168,-37.84298]},"properties":{"cat":"library","name":"Newport Library"}},{"type":"Feature","geometry":{"type":"Point","coordinates":[145.21332,-37.98881]},"properties":{"cat":"library","name":"Dandenong Library"}},{"type":"Feature","geometry":{"type":"Point","coordinates":[145.21025,-37.97057]},"properties":{"cat":"worship","name":"Seventh Day Adventist (Polish)"}},{"type":"Feature","geometry":{"type":"Point","coordinates":[144.62881,-37.89174]},"properties":{"cat":"worship","name":"Wyndham Community Church"}},{"type":"Feature","geometry":{"type":"Point","coordinates":[144.84842,-37.82291]},"properties":{"cat":"community","name":"Brooklyn Community Centre"}},{"type":"Feature","geometry":{"type":"Point","coordinates":[144.83059,-37.78479]},"properties":{"cat":"community","name":"IPC Health Inc."}},{"type":"Feature","geometry":{"type":"Point","coordinates":[145.17083,-37.78988]},"properties":{"cat":"worship","name":"St David's Anglican Church"}},{"type":"Feature","geometry":{"type":"Point","coordinates":[145.13118,-37.78709]},"properties":{"cat":"library","name":"Doncaster Library"}},{"type":"Feature","geometry":{"type":"Point","coordinates":[145.11188,-37.77318]},"properties":{"cat":"supermarket","name":"ALDI"}},{"type":"Feature","geometry":{"type":"Point","coordinates":[145.17732,-37.95231]},"properties":{"cat":"hospital","name":"Davell Lodge"}},{"type":"Feature","geometry":{"type":"Point","coordinates":[145.20174,-37.97419]},"properties":{"cat":"supermarket","name":"LH Supermarket"}},{"type":"Feature","geometry":{"type":"Point","coordinates":[145.1205,-37.92403]},"properties":{"cat":"supermarket","name":"India At Home"}},{"type":"Feature","geometry":{"type":"Point","coordinates":[145.0284,-37.72329]},"properties":{"cat":"worship","name":"Salvation Army Reservoir"}},{"type":"Feature","geometry":{"type":"Point","coordinates":[145.1042,-37.76802]},"properties":{"cat":"worship","name":"Pathway Baptist Church"}},{"type":"Feature","geometry":{"type":"Point","coordinates":[145.09193,-37.76567]},"properties":{"cat":"supermarket","name":"Smart Supermarket"}},{"type":"Feature","geometry":{"type":"Point","coordinates":[145.00224,-37.73833]},"properties":{"cat":"supermarket","name":"ARC Asian Grocers"}},{"type":"Feature","geometry":{"type":"Point","coordinates":[144.89875,-37.86163]},"properties":{"cat":"worship","name":"Williamstown Uniting Church"}},{"type":"Feature","geometry":{"type":"Point","coordinates":[145.12119,-37.82836]},"properties":{"cat":"supermarket","name":"Roaring Bear Asian Grocery"}},{"type":"Feature","geometry":{"type":"Point","coordinates":[145.1427,-37.96205]},"properties":{"cat":"supermarket","name":"My Tam Grocery"}},{"type":"Feature","geometry":{"type":"Point","coordinates":[145.14323,-37.9621]},"properties":{"cat":"supermarket","name":"Pride Of Punjab"}},{"type":"Feature","geometry":{"type":"Point","coordinates":[145.16607,-37.94096]},"properties":{"cat":"supermarket","name":"Savemore"}},{"type":"Feature","geometry":{"type":"Point","coordinates":[145.15354,-37.94898]},"properties":{"cat":"supermarket","name":"One Stop Minimart"}},{"type":"Feature","geometry":{"type":"Point","coordinates":[145.15171,-37.95175]},"properties":{"cat":"supermarket","name":"Vacancy"}},{"type":"Feature","geometry":{"type":"Point","coordinates":[145.15113,-37.94889]},"properties":{"cat":"supermarket","name":"Thai Hoa Long Co"}},{"type":"Feature","geometry":{"type":"Point","coordinates":[145.15293,-37.94595]},"properties":{"cat":"supermarket","name":"Shahi"}},{"type":"Feature","geometry":{"type":"Point","coordinates":[145.15048,-37.95058]},"properties":{"cat":"supermarket","name":"KFL Supermarkets"}},{"type":"Feature","geometry":{"type":"Point","coordinates":[145.17699,-37.96818]},"properties":{"cat":"community","name":"South East Community Links Youth Links"}},{"type":"Feature","geometry":{"type":"Point","coordinates":[145.17438,-37.9657]},"properties":{"cat":"supermarket","name":"Siem Reap's Grocery"}},{"type":"Feature","geometry":{"type":"Point","coordinates":[145.16662,-37.9601]},"properties":{"cat":"worship","name":"Giac Hoang Temple"}},{"type":"Feature","geometry":{"type":"Point","coordinates":[145.01696,-37.67302]},"properties":{"cat":"supermarket","name":"Coles"}},{"type":"Feature","geometry":{"type":"Point","coordinates":[145.01619,-37.67305]},"properties":{"cat":"supermarket","name":"Zahra Grocery"}},{"type":"Feature","geometry":{"type":"Point","coordinates":[145.21269,-37.98641]},"properties":{"cat":"supermarket","name":"Maiwand Supermarket"}},{"type":"Feature","geometry":{"type":"Point","coordinates":[145.21477,-37.98682]},"properties":{"cat":"supermarket","name":"MJ Butcher Fruit Veg"}},{"type":"Feature","geometry":{"type":"Point","coordinates":[144.96446,-37.81666]},"properties":{"cat":"supermarket","name":"Woolworths Metro"}},{"type":"Feature","geometry":{"type":"Point","coordinates":[145.14929,-37.97207]},"properties":{"cat":"worship","name":"Springvale South Church of Christ"}},{"type":"Feature","geometry":{"type":"Point","coordinates":[145.14978,-37.97185]},"properties":{"cat":"supermarket","name":"Koh's Market Place"}},{"type":"Feature","geometry":{"type":"Point","coordinates":[145.14902,-37.97152]},"properties":{"cat":"supermarket","name":"Tr\u01b0\u1eddng Giang Grocery"}},{"type":"Feature","geometry":{"type":"Point","coordinates":[145.14963,-37.97177]},"properties":{"cat":"supermarket","name":"Mekong Groceries"}},{"type":"Feature","geometry":{"type":"Point","coordinates":[145.14901,-37.97167]},"properties":{"cat":"supermarket","name":"C\u01b0\u1eddng Ph\u00e1t"}},{"type":"Feature","geometry":{"type":"Point","coordinates":[144.75453,-37.69386]},"properties":{"cat":"supermarket","name":"Foodworks"}},{"type":"Feature","geometry":{"type":"Point","coordinates":[144.78092,-37.7261]},"properties":{"cat":"supermarket","name":"Morgan's IGA"}},{"type":"Feature","geometry":{"type":"Point","coordinates":[145.21218,-37.98499]},"properties":{"cat":"supermarket","name":"Dandy Bahar Supermarket"}},{"type":"Feature","geometry":{"type":"Point","coordinates":[145.21367,-37.98526]},"properties":{"cat":"supermarket","name":"C.J. Spifes & Videos"}},{"type":"Feature","geometry":{"type":"Point","coordinates":[145.21428,-37.9844]},"properties":{"cat":"supermarket","name":"Rockyz Minimart"}},{"type":"Feature","geometry":{"type":"Point","coordinates":[145.21264,-37.98524]},"properties":{"cat":"supermarket","name":"King Supermarket"}},{"type":"Feature","geometry":{"type":"Point","coordinates":[145.21232,-37.98635]},"properties":{"cat":"supermarket","name":"Sadaqat"}},{"type":"Feature","geometry":{"type":"Point","coordinates":[145.09075,-37.90034]},"properties":{"cat":"supermarket","name":"Golden Groceries"}},{"type":"Feature","geometry":{"type":"Point","coordinates":[145.16485,-37.87503]},"properties":{"cat":"supermarket","name":"ALDI"}},{"type":"Feature","geometry":{"type":"Point","coordinates":[145.12472,-37.91243]},"properties":{"cat":"worship","name":"Monash Uniting Church"}},{"type":"Feature","geometry":{"type":"Point","coordinates":[144.98816,-37.75115]},"properties":{"cat":"supermarket","name":"Thornbury Cellars IGA"}},{"type":"Feature","geometry":{"type":"Point","coordinates":[144.86472,-37.83736]},"properties":{"cat":"worship","name":""}},{"type":"Feature","geometry":{"type":"Point","coordinates":[145.06334,-37.98303]},"properties":{"cat":"library","name":"Mentone Public Library"}},{"type":"Feature","geometry":{"type":"Point","coordinates":[145.05755,-37.88538]},"properties":{"cat":"supermarket","name":"OK Asian Supermarket"}},{"type":"Feature","geometry":{"type":"Point","coordinates":[145.05759,-37.88523]},"properties":{"cat":"supermarket","name":"Indian Grocery"}},{"type":"Feature","geometry":{"type":"Point","coordinates":[145.21523,-37.98929]},"properties":{"cat":"supermarket","name":"MKS Spices n Things"}},{"type":"Feature","geometry":{"type":"Point","coordinates":[145.21522,-37.98625]},"properties":{"cat":"supermarket","name":"African Products"}},{"type":"Feature","geometry":{"type":"Point","coordinates":[145.21483,-37.9884]},"properties":{"cat":"supermarket","name":"Bestway Supermarket"}},{"type":"Feature","geometry":{"type":"Point","coordinates":[145.23812,-37.8677]},"properties":{"cat":"library","name":"Knox Library \u2013 Ngarrgoo"}},{"type":"Feature","geometry":{"type":"Point","coordinates":[144.65477,-38.26964]},"properties":{"cat":"supermarket","name":"Queenscliff General Store"}},{"type":"Feature","geometry":{"type":"Point","coordinates":[145.03547,-37.79602]},"properties":{"cat":"supermarket","name":"Kew Friendly Supermarket"}},{"type":"Feature","geometry":{"type":"Point","coordinates":[145.21867,-37.98658]},"properties":{"cat":"shopping","name":"Kmart"}},{"type":"Feature","geometry":{"type":"Point","coordinates":[145.21616,-37.98587]},"properties":{"cat":"shopping","name":"TK Maxx"}},{"type":"Feature","geometry":{"type":"Point","coordinates":[145.36076,-37.8479]},"properties":{"cat":"supermarket","name":"Mt Dandenong IGA"}},{"type":"Feature","geometry":{"type":"Point","coordinates":[145.27119,-37.78247]},"properties":{"cat":"worship","name":"Outer Eastern Lutheran Church"}},{"type":"Feature","geometry":{"type":"Point","coordinates":[145.28862,-37.79734]},"properties":{"cat":"worship","name":"The Church of Jesus Christ of Latter-day Saints"}},{"type":"Feature","geometry":{"type":"Point","coordinates":[145.08441,-37.99716]},"properties":{"cat":"supermarket","name":"4 Cousins"}},{"type":"Feature","geometry":{"type":"Point","coordinates":[145.15099,-37.95029]},"properties":{"cat":"supermarket","name":"Frozen Mart"}},{"type":"Feature","geometry":{"type":"Point","coordinates":[144.43366,-37.6749]},"properties":{"cat":"worship","name":"Masonic Lodge"}},{"type":"Feature","geometry":{"type":"Point","coordinates":[145.0569,-37.96698]},"properties":{"cat":"supermarket","name":"Foodworks"}},{"type":"Feature","geometry":{"type":"Point","coordinates":[145.11302,-37.72714]},"properties":{"cat":"supermarket","name":"L' Plenty food"}},{"type":"Feature","geometry":{"type":"Point","coordinates":[145.1418,-38.00136]},"properties":{"cat":"worship","name":"Croatian Catholic Centre"}},{"type":"Feature","geometry":{"type":"Point","coordinates":[144.96211,-37.76549]},"properties":{"cat":"worship","name":"Brunswick Baptist Church"}},{"type":"Feature","geometry":{"type":"Point","coordinates":[144.93243,-37.66578]},"properties":{"cat":"worship","name":"Holy Child Church"}},{"type":"Feature","geometry":{"type":"Point","coordinates":[144.69227,-37.83737]},"properties":{"cat":"supermarket","name":"Aldi"}},{"type":"Feature","geometry":{"type":"Point","coordinates":[144.69126,-37.83728]},"properties":{"cat":"supermarket","name":"Coles"}},{"type":"Feature","geometry":{"type":"Point","coordinates":[144.69319,-37.83757]},"properties":{"cat":"shopping","name":"Kmart"}},{"type":"Feature","geometry":{"type":"Point","coordinates":[145.43494,-38.06426]},"properties":{"cat":"supermarket","name":"Woolworths"}},{"type":"Feature","geometry":{"type":"Point","coordinates":[145.18961,-37.91048]},"properties":{"cat":"supermarket","name":"Four Seasons Supermarket"}},{"type":"Feature","geometry":{"type":"Point","coordinates":[144.93654,-37.78416]},"properties":{"cat":"worship","name":"St Vincent Liem Church"}},{"type":"Feature","geometry":{"type":"Point","coordinates":[144.93478,-37.78315]},"properties":{"cat":"supermarket","name":"Organic Wholefoods"}},{"type":"Feature","geometry":{"type":"Point","coordinates":[145.21967,-37.73764]},"properties":{"cat":"library","name":"Warrandyte Library"}},{"type":"Feature","geometry":{"type":"Point","coordinates":[145.30389,-37.99222]},"properties":{"cat":"worship","name":""}},{"type":"Feature","geometry":{"type":"Point","coordinates":[145.01811,-37.7779]},"properties":{"cat":"supermarket","name":"Oasis"}},{"type":"Feature","geometry":{"type":"Point","coordinates":[145.0358,-37.91104]},"properties":{"cat":"community","name":"Progress Hall"}},{"type":"Feature","geometry":{"type":"Point","coordinates":[145.01755,-37.77706]},"properties":{"cat":"worship","name":"Alphington Uniting Church"}},{"type":"Feature","geometry":{"type":"Point","coordinates":[145.01833,-37.77626]},"properties":{"cat":"supermarket","name":"IGA"}},{"type":"Feature","geometry":{"type":"Point","coordinates":[145.21835,-37.98822]},"properties":{"cat":"supermarket","name":""}},{"type":"Feature","geometry":{"type":"Point","coordinates":[145.01876,-37.77656]},"properties":{"cat":"supermarket","name":"Cardamones Food and Wine"}},{"type":"Feature","geometry":{"type":"Point","coordinates":[144.44104,-37.67658]},"properties":{"cat":"community","name":"Bacchus Marsh Public Hall"}},{"type":"Feature","geometry":{"type":"Point","coordinates":[145.20997,-37.96586]},"properties":{"cat":"community","name":"Dandenong North senior citizens Centre"}},{"type":"Feature","geometry":{"type":"Point","coordinates":[144.96978,-37.70279]},"properties":{"cat":"community","name":"Fawkner Community & Sports Hall"}},{"type":"Feature","geometry":{"type":"Point","coordinates":[144.96964,-37.70306]},"properties":{"cat":"community","name":"Fawkner Senior Citizens Centre"}},{"type":"Feature","geometry":{"type":"Point","coordinates":[144.96984,-37.70302]},"properties":{"cat":"community","name":"Yooralla Community Hub"}},{"type":"Feature","geometry":{"type":"Point","coordinates":[144.96056,-37.80676]},"properties":{"cat":"community","name":"Drill Hall (for Praying Jum'ah)"}},{"type":"Feature","geometry":{"type":"Point","coordinates":[144.99671,-37.6997]},"properties":{"cat":"supermarket","name":"Seven Days Food Store"}},{"type":"Feature","geometry":{"type":"Point","coordinates":[144.96385,-37.7579]},"properties":{"cat":"supermarket","name":"Woolworths Metro"}},{"type":"Feature","geometry":{"type":"Point","coordinates":[144.45401,-38.18499]},"properties":{"cat":"supermarket","name":"ALDI"}},{"type":"Feature","geometry":{"type":"Point","coordinates":[144.45496,-38.18483]},"properties":{"cat":"shopping","name":"Kmart"}},{"type":"Feature","geometry":{"type":"Point","coordinates":[145.00371,-37.7389]},"properties":{"cat":"supermarket","name":"Quoc Te United Asian Food Stores"}},{"type":"Feature","geometry":{"type":"Point","coordinates":[145.00369,-37.739]},"properties":{"cat":"supermarket","name":"Dong Thinh International Food Store"}},{"type":"Feature","geometry":{"type":"Point","coordinates":[145.00369,-37.73905]},"properties":{"cat":"supermarket","name":"Big 8 Asian Foods"}},{"type":"Feature","geometry":{"type":"Point","coordinates":[145.00357,-37.73975]},"properties":{"cat":"supermarket","name":"888 Supermarket"}},{"type":"Feature","geometry":{"type":"Point","coordinates":[145.28251,-38.11163]},"properties":{"cat":"supermarket","name":"Mrs Wan's Asian Mart Cranbourne"}},{"type":"Feature","geometry":{"type":"Point","coordinates":[145.28328,-38.11229]},"properties":{"cat":"supermarket","name":"Cranbourne Fresh Food Centre"}},{"type":"Feature","geometry":{"type":"Point","coordinates":[145.28305,-38.11031]},"properties":{"cat":"supermarket","name":"Casey Asian Mart"}},{"type":"Feature","geometry":{"type":"Point","coordinates":[144.66301,-37.90988]},"properties":{"cat":"worship","name":"reSOUL Church"}},{"type":"Feature","geometry":{"type":"Point","coordinates":[145.34104,-37.53177]},"properties":{"cat":"supermarket","name":"Foodmart Kinglake"}},{"type":"Feature","geometry":{"type":"Point","coordinates":[145.37277,-37.91255]},"properties":{"cat":"community","name":"Selby Community House"}},{"type":"Feature","geometry":{"type":"Point","coordinates":[144.97643,-37.77872]},"properties":{"cat":"supermarket","name":"IGA"}},{"type":"Feature","geometry":{"type":"Point","coordinates":[144.99188,-37.76807]},"properties":{"cat":"community","name":"WeCycle"}},{"type":"Feature","geometry":{"type":"Point","coordinates":[145.02414,-37.87748]},"properties":{"cat":"hospital","name":"Orthodontist"}},{"type":"Feature","geometry":{"type":"Point","coordinates":[144.8336,-37.7824]},"properties":{"cat":"supermarket","name":"Bestow"}},{"type":"Feature","geometry":{"type":"Point","coordinates":[144.83246,-37.78423]},"properties":{"cat":"supermarket","name":"B\u00ecnh H\u01b0ng"}},{"type":"Feature","geometry":{"type":"Point","coordinates":[144.83329,-37.78167]},"properties":{"cat":"shopping","name":"Dimmeys"}},{"type":"Feature","geometry":{"type":"Point","coordinates":[144.83248,-37.78417]},"properties":{"cat":"supermarket","name":"V\u1ea1n H\u01b0ng"}},{"type":"Feature","geometry":{"type":"Point","coordinates":[144.83369,-37.78242]},"properties":{"cat":"supermarket","name":"Little India Groceries"}},{"type":"Feature","geometry":{"type":"Point","coordinates":[144.83242,-37.78447]},"properties":{"cat":"supermarket","name":"T\u00e0i Ph\u00e1t"}},{"type":"Feature","geometry":{"type":"Point","coordinates":[144.83361,-37.78491]},"properties":{"cat":"supermarket","name":"Sunshine Fresh Fruit Market"}},{"type":"Feature","geometry":{"type":"Point","coordinates":[144.83272,-37.78618]},"properties":{"cat":"supermarket","name":"Roshan"}},{"type":"Feature","geometry":{"type":"Point","coordinates":[145.09103,-37.59374]},"properties":{"cat":"worship","name":"Encompass Church Plenty Valley"}},{"type":"Feature","geometry":{"type":"Point","coordinates":[145.08995,-37.59403]},"properties":{"cat":"supermarket","name":"Woolworths"}},{"type":"Feature","geometry":{"type":"Point","coordinates":[144.89312,-38.39762]},"properties":{"cat":"worship","name":"Life Church Peninsula"}},{"type":"Feature","geometry":{"type":"Point","coordinates":[145.05153,-38.23306]},"properties":{"cat":"supermarket","name":"Coles"}},{"type":"Feature","geometry":{"type":"Point","coordinates":[144.85146,-37.77813]},"properties":{"cat":"supermarket","name":"Coles"}},{"type":"Feature","geometry":{"type":"Point","coordinates":[145.04228,-37.84563]},"properties":{"cat":"supermarket","name":"Woolworths"}},{"type":"Feature","geometry":{"type":"Point","coordinates":[144.89024,-37.79854]},"properties":{"cat":"worship","name":"St Matthews"}},{"type":"Feature","geometry":{"type":"Point","coordinates":[144.87709,-37.79724]},"properties":{"cat":"supermarket","name":"Bharat Traders"}},{"type":"Feature","geometry":{"type":"Point","coordinates":[145.26439,-38.03439]},"properties":{"cat":"worship","name":"Hampton Park Baptist Church"}},{"type":"Feature","geometry":{"type":"Point","coordinates":[145.2645,-38.03456]},"properties":{"cat":"supermarket","name":"Pacific Mart"}},{"type":"Feature","geometry":{"type":"Point","coordinates":[145.26446,-38.03299]},"properties":{"cat":"shopping","name":"Salvos"}},{"type":"Feature","geometry":{"type":"Point","coordinates":[145.26469,-38.03483]},"properties":{"cat":"worship","name":"Aspire Church"}},{"type":"Feature","geometry":{"type":"Point","coordinates":[145.26597,-38.03303]},"properties":{"cat":"supermarket","name":"Indah Asian Market"}},{"type":"Feature","geometry":{"type":"Point","coordinates":[145.26622,-38.03511]},"properties":{"cat":"supermarket","name":"Sti Lankan"}},{"type":"Feature","geometry":{"type":"Point","coordinates":[145.05816,-37.88777]},"properties":{"cat":"library","name":"Carnegie Library"}},{"type":"Feature","geometry":{"type":"Point","coordinates":[144.80093,-37.74352]},"properties":{"cat":"supermarket","name":"Thuan Khiem"}},{"type":"Feature","geometry":{"type":"Point","coordinates":[144.86859,-37.80073]},"properties":{"cat":"supermarket","name":""}},{"type":"Feature","geometry":{"type":"Point","coordinates":[144.83092,-37.78783]},"properties":{"cat":"supermarket","name":"African Groceries"}},{"type":"Feature","geometry":{"type":"Point","coordinates":[145.19011,-38.26149]},"properties":{"cat":"supermarket","name":"Tyabb IGA"}},{"type":"Feature","geometry":{"type":"Point","coordinates":[145.1619,-37.94168]},"properties":{"cat":"worship","name":"City of Hope"}},{"type":"Feature","geometry":{"type":"Point","coordinates":[144.91929,-37.75711]},"properties":{"cat":"worship","name":"Salvation Army"}},{"type":"Feature","geometry":{"type":"Point","coordinates":[145.09018,-37.90648]},"properties":{"cat":"worship","name":""}},{"type":"Feature","geometry":{"type":"Point","coordinates":[145.12203,-37.82579]},"properties":{"cat":"worship","name":""}},{"type":"Feature","geometry":{"type":"Point","coordinates":[145.12274,-37.82173]},"properties":{"cat":"worship","name":"Wesley Uniting Church"}},{"type":"Feature","geometry":{"type":"Point","coordinates":[145.12314,-37.82311]},"properties":{"cat":"worship","name":"New Apostolic Church Australia"}},{"type":"Feature","geometry":{"type":"Point","coordinates":[145.12277,-37.82526]},"properties":{"cat":"community","name":"Box Hill Community Arts Centre"}},{"type":"Feature","geometry":{"type":"Point","coordinates":[145.00421,-37.74064]},"properties":{"cat":"worship","name":"The Salvation Army Preston"}},{"type":"Feature","geometry":{"type":"Point","coordinates":[145.00426,-37.74731]},"properties":{"cat":"worship","name":"St John\u2019s Greek Orthodox Church"}},{"type":"Feature","geometry":{"type":"Point","coordinates":[145.00178,-37.74963]},"properties":{"cat":"worship","name":"Northern Community Church"}},{"type":"Feature","geometry":{"type":"Point","coordinates":[145.10356,-37.90996]},"properties":{"cat":"supermarket","name":"Huntingdale IGA X-press"}},{"type":"Feature","geometry":{"type":"Point","coordinates":[144.89856,-37.79949]},"properties":{"cat":"supermarket","name":"KFL Supermarkets"}},{"type":"Feature","geometry":{"type":"Point","coordinates":[145.15153,-37.95056]},"properties":{"cat":"library","name":"The Little Library"}},{"type":"Feature","geometry":{"type":"Point","coordinates":[145.14446,-37.97378]},"properties":{"cat":"worship","name":"Wat Buddharangsi Melbourne"}},{"type":"Feature","geometry":{"type":"Point","coordinates":[145.11674,-38.0547]},"properties":{"cat":"worship","name":"Freeway Baptist Church"}},{"type":"Feature","geometry":{"type":"Point","coordinates":[145.11914,-38.0354]},"properties":{"cat":"community","name":"Edithvale Family & Children Centre"}},{"type":"Feature","geometry":{"type":"Point","coordinates":[144.96633,-37.74361]},"properties":{"cat":"supermarket","name":"Magid Afghan Supermarket"}},{"type":"Feature","geometry":{"type":"Point","coordinates":[145.11671,-38.05103]},"properties":{"cat":"library","name":"Chelsea Library"}},{"type":"Feature","geometry":{"type":"Point","coordinates":[145.11665,-38.0512]},"properties":{"cat":"community","name":"Chelsea Community Support Services"}},{"type":"Feature","geometry":{"type":"Point","coordinates":[145.12476,-38.14379]},"properties":{"cat":"worship","name":"Revival Centre Church"}},{"type":"Feature","geometry":{"type":"Point","coordinates":[145.09087,-37.89871]},"properties":{"cat":"supermarket","name":"Friendly Cellars"}},{"type":"Feature","geometry":{"type":"Point","coordinates":[144.87795,-37.79764]},"properties":{"cat":"worship","name":"Melbourne Chinese Bible"}},{"type":"Feature","geometry":{"type":"Point","coordinates":[145.05675,-37.96527]},"properties":{"cat":"worship","name":"Saint Matthew's Anglican Church"}},{"type":"Feature","geometry":{"type":"Point","coordinates":[145.02229,-37.88681]},"properties":{"cat":"supermarket","name":"Foodworks"}},{"type":"Feature","geometry":{"type":"Point","coordinates":[145.01914,-37.88626]},"properties":{"cat":"worship","name":"Catholic Parish of Holy Cross"}},{"type":"Feature","geometry":{"type":"Point","coordinates":[145.00794,-37.95179]},"properties":{"cat":"worship","name":"Sacred Heart"}},{"type":"Feature","geometry":{"type":"Point","coordinates":[145.02558,-37.95475]},"properties":{"cat":"supermarket","name":"IGA"}},{"type":"Feature","geometry":{"type":"Point","coordinates":[144.88853,-37.74333]},"properties":{"cat":"worship","name":"St John Bosco's Catholic Church"}},{"type":"Feature","geometry":{"type":"Point","coordinates":[144.96283,-37.76209]},"properties":{"cat":"supermarket","name":"Hyper Panda"}},{"type":"Feature","geometry":{"type":"Point","coordinates":[144.96173,-37.79298]},"properties":{"cat":"library","name":"Dalton McCaughey Library"}},{"type":"Feature","geometry":{"type":"Point","coordinates":[145.12612,-37.82026]},"properties":{"cat":"supermarket","name":"Asian Taiwanese Grocery"}},{"type":"Feature","geometry":{"type":"Point","coordinates":[145.12356,-37.82019]},"properties":{"cat":"supermarket","name":"Box Hill Asian Grocery Centre"}},{"type":"Feature","geometry":{"type":"Point","coordinates":[145.09842,-37.8231]},"properties":{"cat":"community","name":"Viv\u2019s Community Kitchen"}},{"type":"Feature","geometry":{"type":"Point","coordinates":[144.89804,-37.80169]},"properties":{"cat":"shopping","name":"Savers"}},{"type":"Feature","geometry":{"type":"Point","coordinates":[145.75203,-37.86312]},"properties":{"cat":"worship","name":"Union Church"}},{"type":"Feature","geometry":{"type":"Point","coordinates":[145.52999,-37.77946]},"properties":{"cat":"supermarket","name":"Foodworks"}},{"type":"Feature","geometry":{"type":"Point","coordinates":[145.45701,-37.77908]},"properties":{"cat":"worship","name":"St Paul's Anglican Church"}},{"type":"Feature","geometry":{"type":"Point","coordinates":[144.79041,-37.75858]},"properties":{"cat":"supermarket","name":"Minh Vi"}},{"type":"Feature","geometry":{"type":"Point","coordinates":[145.14082,-38.15923]},"properties":{"cat":"supermarket","name":"IGA"}},{"type":"Feature","geometry":{"type":"Point","coordinates":[144.96321,-37.75988]},"properties":{"cat":"community","name":"Don Bosco Youth Centre"}},{"type":"Feature","geometry":{"type":"Point","coordinates":[144.59058,-37.67946]},"properties":{"cat":"worship","name":"Melton Uniting Church"}},{"type":"Feature","geometry":{"type":"Point","coordinates":[145.28531,-37.7839]},"properties":{"cat":"worship","name":"Crossroads Christian Fellowship"}},{"type":"Feature","geometry":{"type":"Point","coordinates":[145.01397,-37.67783]},"properties":{"cat":"supermarket","name":"Fortune IGA"}},{"type":"Feature","geometry":{"type":"Point","coordinates":[145.12459,-37.81933]},"properties":{"cat":"supermarket","name":"Seoul Grocery"}},{"type":"Feature","geometry":{"type":"Point","coordinates":[145.14548,-37.99222]},"properties":{"cat":"supermarket","name":"IGA"}},{"type":"Feature","geometry":{"type":"Point","coordinates":[145.14608,-37.99237]},"properties":{"cat":"supermarket","name":"Aldi"}},{"type":"Feature","geometry":{"type":"Point","coordinates":[144.94068,-37.79636]},"properties":{"cat":"supermarket","name":"Woolworths"}},{"type":"Feature","geometry":{"type":"Point","coordinates":[145.05884,-37.83055]},"properties":{"cat":"supermarket","name":"Aldi"}},{"type":"Feature","geometry":{"type":"Point","coordinates":[145.01018,-37.8631]},"properties":{"cat":"supermarket","name":"Woolworths Metro"}},{"type":"Feature","geometry":{"type":"Point","coordinates":[144.9501,-37.82107]},"properties":{"cat":"supermarket","name":"Woolworths"}},{"type":"Feature","geometry":{"type":"Point","coordinates":[144.96322,-37.81012]},"properties":{"cat":"supermarket","name":"Coles"}},{"type":"Feature","geometry":{"type":"Point","coordinates":[144.8931,-37.76446]},"properties":{"cat":"library","name":"Little library"}},{"type":"Feature","geometry":{"type":"Point","coordinates":[145.25209,-38.02995]},"properties":{"cat":"worship","name":"St Peter and Paul Melkite Church"}},{"type":"Feature","geometry":{"type":"Point","coordinates":[144.82431,-37.63932]},"properties":{"cat":"community","name":"Calabria Club"}},{"type":"Feature","geometry":{"type":"Point","coordinates":[144.92349,-37.68545]},"properties":{"cat":"worship","name":"St Dominic's Catholic Church"}},{"type":"Feature","geometry":{"type":"Point","coordinates":[145.05207,-37.79854]},"properties":{"cat":"supermarket","name":"IGA"}},{"type":"Feature","geometry":{"type":"Point","coordinates":[145.07104,-37.79281]},"properties":{"cat":"supermarket","name":"ABC Supermarket"}},{"type":"Feature","geometry":{"type":"Point","coordinates":[144.992,-37.8467]},"properties":{"cat":"supermarket","name":"The Source Bulk Foods"}},{"type":"Feature","geometry":{"type":"Point","coordinates":[144.97188,-37.76985]},"properties":{"cat":"community","name":"Affirmation Station"}},{"type":"Feature","geometry":{"type":"Point","coordinates":[145.19132,-37.81601]},"properties":{"cat":"worship","name":"All Saints Anglican Church"}},{"type":"Feature","geometry":{"type":"Point","coordinates":[144.97252,-37.81353]},"properties":{"cat":"university","name":"Monash University - City Campus"}},{"type":"Feature","geometry":{"type":"Point","coordinates":[145.01868,-37.77746]},"properties":{"cat":"community","name":"Fairfield Community Centre"}},{"type":"Feature","geometry":{"type":"Point","coordinates":[144.93913,-37.81209]},"properties":{"cat":"supermarket","name":"Woolworths"}},{"type":"Feature","geometry":{"type":"Point","coordinates":[144.54021,-38.24602]},"properties":{"cat":"supermarket","name":"Woolworths"}},{"type":"Feature","geometry":{"type":"Point","coordinates":[145.05101,-37.98203]},"properties":{"cat":"community","name":"Beaumaris Men's Shed"}},{"type":"Feature","geometry":{"type":"Point","coordinates":[145.05054,-37.98203]},"properties":{"cat":"community","name":"Beaumaris Theatre Inc"}},{"type":"Feature","geometry":{"type":"Point","coordinates":[144.71293,-37.59384]},"properties":{"cat":"supermarket","name":"Woolworths"}},{"type":"Feature","geometry":{"type":"Point","coordinates":[145.00681,-37.88494]},"properties":{"cat":"supermarket","name":"Coles"}},{"type":"Feature","geometry":{"type":"Point","coordinates":[145.09524,-37.6]},"properties":{"cat":"supermarket","name":"Coles"}},{"type":"Feature","geometry":{"type":"Point","coordinates":[144.96352,-37.76701]},"properties":{"cat":"worship","name":"Brunswick Spiritual Church"}},{"type":"Feature","geometry":{"type":"Point","coordinates":[145.13397,-37.849]},"properties":{"cat":"supermarket","name":"Woolworths"}},{"type":"Feature","geometry":{"type":"Point","coordinates":[144.65952,-38.12048]},"properties":{"cat":"community","name":"Portarlington Community Cupboard"}},{"type":"Feature","geometry":{"type":"Point","coordinates":[144.96658,-37.74626]},"properties":{"cat":"community","name":"Melita Social Club"}},{"type":"Feature","geometry":{"type":"Point","coordinates":[144.96296,-37.76699]},"properties":{"cat":"community","name":"Toscana Social Club"}},{"type":"Feature","geometry":{"type":"Point","coordinates":[144.99494,-37.8002]},"properties":{"cat":"supermarket","name":"Woolworths Metro"}},{"type":"Feature","geometry":{"type":"Point","coordinates":[144.93101,-37.78729]},"properties":{"cat":"worship","name":"The Presbyterian Church of St James"}},{"type":"Feature","geometry":{"type":"Point","coordinates":[144.99759,-37.81823]},"properties":{"cat":"supermarket","name":"Frederick's Local Grocery"}},{"type":"Feature","geometry":{"type":"Point","coordinates":[144.99401,-37.81682]},"properties":{"cat":"hospital","name":"Epworth Richmond Emergency Department"}},{"type":"Feature","geometry":{"type":"Point","coordinates":[144.96925,-37.79264]},"properties":{"cat":"supermarket","name":"Carlton Supermarket"}},{"type":"Feature","geometry":{"type":"Point","coordinates":[144.6542,-38.11659]},"properties":{"cat":"worship","name":"St John's"}},{"type":"Feature","geometry":{"type":"Point","coordinates":[144.40379,-38.16374]},"properties":{"cat":"worship","name":"Presbyterian Church of Eastern Australia"}},{"type":"Feature","geometry":{"type":"Point","coordinates":[144.93949,-37.81269]},"properties":{"cat":"supermarket","name":"East West Marketplace"}},{"type":"Feature","geometry":{"type":"Point","coordinates":[145.37899,-37.72918]},"properties":{"cat":"shopping","name":"North Gateway Shopping Plaza"}},{"type":"Feature","geometry":{"type":"Point","coordinates":[145.07733,-37.834]},"properties":{"cat":"supermarket","name":"Woolworths"}},{"type":"Feature","geometry":{"type":"Point","coordinates":[144.91553,-37.75442]},"properties":{"cat":"supermarket","name":"Foodworks"}},{"type":"Feature","geometry":{"type":"Point","coordinates":[145.12743,-37.81891]},"properties":{"cat":"worship","name":"St Peter's"}},{"type":"Feature","geometry":{"type":"Point","coordinates":[145.11251,-37.8076]},"properties":{"cat":"community","name":"Strabane Hall"}},{"type":"Feature","geometry":{"type":"Point","coordinates":[145.09984,-37.82031]},"properties":{"cat":"worship","name":"Our Holy Redeemer"}},{"type":"Feature","geometry":{"type":"Point","coordinates":[144.96122,-37.72792]},"properties":{"cat":"community","name":"Alevi Community Centre"}},{"type":"Feature","geometry":{"type":"Point","coordinates":[144.97847,-37.77212]},"properties":{"cat":"supermarket","name":"Coles"}},{"type":"Feature","geometry":{"type":"Point","coordinates":[144.65106,-37.83396]},"properties":{"cat":"supermarket","name":"Coles"}},{"type":"Feature","geometry":{"type":"Point","coordinates":[144.77142,-37.91122]},"properties":{"cat":"supermarket","name":"IGA"}},{"type":"Feature","geometry":{"type":"Point","coordinates":[145.14053,-37.92113]},"properties":{"cat":"shopping","name":"Kmart"}},{"type":"Feature","geometry":{"type":"Point","coordinates":[145.13993,-37.92122]},"properties":{"cat":"supermarket","name":"Woolworths"}},{"type":"Feature","geometry":{"type":"Point","coordinates":[144.9511,-37.83301]},"properties":{"cat":"worship","name":"GRII Melbourne"}},{"type":"Feature","geometry":{"type":"Point","coordinates":[144.66332,-37.90041]},"properties":{"cat":"supermarket","name":"NQR"}},{"type":"Feature","geometry":{"type":"Point","coordinates":[144.52303,-38.26581]},"properties":{"cat":"community","name":"Grove Pavilion"}},{"type":"Feature","geometry":{"type":"Point","coordinates":[145.13404,-37.84945]},"properties":{"cat":"supermarket","name":"Hu Hui Supermarket"}},{"type":"Feature","geometry":{"type":"Point","coordinates":[145.07376,-37.79527]},"properties":{"cat":"worship","name":"St Hilary's"}},{"type":"Feature","geometry":{"type":"Point","coordinates":[145.14791,-37.78817]},"properties":{"cat":"supermarket","name":"ALDI"}},{"type":"Feature","geometry":{"type":"Point","coordinates":[144.96201,-37.82409]},"properties":{"cat":"supermarket","name":"Foodworks"}},{"type":"Feature","geometry":{"type":"Point","coordinates":[145.12034,-37.8196]},"properties":{"cat":"supermarket","name":"Coles"}},{"type":"Feature","geometry":{"type":"Point","coordinates":[145.25063,-38.10807]},"properties":{"cat":"supermarket","name":"Woolworths"}},{"type":"Feature","geometry":{"type":"Point","coordinates":[145.51529,-37.65408]},"properties":{"cat":"supermarket","name":"IGA Xpress"}},{"type":"Feature","geometry":{"type":"Point","coordinates":[144.88116,-37.72533]},"properties":{"cat":"supermarket","name":"IGA Xpress"}},{"type":"Feature","geometry":{"type":"Point","coordinates":[145.05261,-38.22032]},"properties":{"cat":"supermarket","name":"Beleura Hill Shop"}},{"type":"Feature","geometry":{"type":"Point","coordinates":[144.92189,-37.76461]},"properties":{"cat":"supermarket","name":"Yahweh"}},{"type":"Feature","geometry":{"type":"Point","coordinates":[145.1237,-37.85723]},"properties":{"cat":"supermarket","name":"Andrew Street Grocer"}},{"type":"Feature","geometry":{"type":"Point","coordinates":[144.70666,-37.96562]},"properties":{"cat":"supermarket","name":"Wyndham Harbour Mini Mart"}},{"type":"Feature","geometry":{"type":"Point","coordinates":[144.73982,-37.899]},"properties":{"cat":"supermarket","name":"IGA Point Cook"}},{"type":"Feature","geometry":{"type":"Point","coordinates":[145.34346,-38.00016]},"properties":{"cat":"community","name":"Harkaway Public Hall"}},{"type":"Feature","geometry":{"type":"Point","coordinates":[145.3118,-37.98791]},"properties":{"cat":"worship","name":"Hung An Tu"}},{"type":"Feature","geometry":{"type":"Point","coordinates":[145.10673,-37.78639]},"properties":{"cat":"supermarket","name":"Orlando's"}},{"type":"Feature","geometry":{"type":"Point","coordinates":[145.09344,-38.17858]},"properties":{"cat":"community","name":"Mount Eliza Men's Shed"}},{"type":"Feature","geometry":{"type":"Point","coordinates":[144.92878,-37.6914]},"properties":{"cat":"community","name":"Broadmeadows Women's Community House"}},{"type":"Feature","geometry":{"type":"Point","coordinates":[144.92622,-37.69054]},"properties":{"cat":"community","name":"Broadmeadows Community Hub"}},{"type":"Feature","geometry":{"type":"Point","coordinates":[145.35489,-37.92708]},"properties":{"cat":"worship","name":"Science of Spirituality Meditation Centre"}},{"type":"Feature","geometry":{"type":"Point","coordinates":[144.97587,-37.77696]},"properties":{"cat":"library","name":"1 John Street Little Library"}},{"type":"Feature","geometry":{"type":"Point","coordinates":[144.73142,-37.86998]},"properties":{"cat":"supermarket","name":"Grocer eez"}},{"type":"Feature","geometry":{"type":"Point","coordinates":[145.65375,-37.755]},"properties":{"cat":"library","name":"Street Library"}},{"type":"Feature","geometry":{"type":"Point","coordinates":[145.35189,-37.93001]},"properties":{"cat":"worship","name":"Belgrave Family Church"}},{"type":"Feature","geometry":{"type":"Point","coordinates":[144.99234,-37.84596]},"properties":{"cat":"supermarket","name":"Lee's Asian Grocery"}},{"type":"Feature","geometry":{"type":"Point","coordinates":[144.99261,-37.84593]},"properties":{"cat":"supermarket","name":"Paddlewheel"}},{"type":"Feature","geometry":{"type":"Point","coordinates":[145.27056,-37.85842]},"properties":{"cat":"worship","name":"Knox Community Baptist Church"}},{"type":"Feature","geometry":{"type":"Point","coordinates":[144.96212,-37.8499]},"properties":{"cat":"library","name":"Middle Park Library"}},{"type":"Feature","geometry":{"type":"Point","coordinates":[145.01637,-37.84165]},"properties":{"cat":"worship","name":"St Peter's Catholic Church"}},{"type":"Feature","geometry":{"type":"Point","coordinates":[145.50935,-37.65774]},"properties":{"cat":"worship","name":"Liberty Church"}},{"type":"Feature","geometry":{"type":"Point","coordinates":[144.57082,-37.72217]},"properties":{"cat":"supermarket","name":"Woolworths"}},{"type":"Feature","geometry":{"type":"Point","coordinates":[144.72394,-37.59447]},"properties":{"cat":"supermarket","name":"Foodworks"}},{"type":"Feature","geometry":{"type":"Point","coordinates":[144.92127,-37.53651]},"properties":{"cat":"supermarket","name":"Coles"}},{"type":"Feature","geometry":{"type":"Point","coordinates":[145.10878,-38.16692]},"properties":{"cat":"supermarket","name":"Foodworks"}},{"type":"Feature","geometry":{"type":"Point","coordinates":[144.96915,-37.73639]},"properties":{"cat":"supermarket","name":"Richies IGA Fine Food and Wine Merchants"}},{"type":"Feature","geometry":{"type":"Point","coordinates":[145.12355,-37.82032]},"properties":{"cat":"worship","name":"Baptist Church"}},{"type":"Feature","geometry":{"type":"Point","coordinates":[144.99393,-37.80974]},"properties":{"cat":"supermarket","name":"Wing Chong Asian Supermarket"}},{"type":"Feature","geometry":{"type":"Point","coordinates":[145.16733,-38.15194]},"properties":{"cat":"supermarket","name":"Aldi"}},{"type":"Feature","geometry":{"type":"Point","coordinates":[145.16673,-38.15175]},"properties":{"cat":"supermarket","name":"Coles"}},{"type":"Feature","geometry":{"type":"Point","coordinates":[144.98794,-37.88543]},"properties":{"cat":"supermarket","name":"Foodworks"}},{"type":"Feature","geometry":{"type":"Point","coordinates":[144.89715,-37.75498]},"properties":{"cat":"supermarket","name":"Boundy's Supa IGA"}},{"type":"Feature","geometry":{"type":"Point","coordinates":[145.13932,-38.14759]},"properties":{"cat":"shopping","name":"Harris Scarfe"}},{"type":"Feature","geometry":{"type":"Point","coordinates":[145.30405,-38.01793]},"properties":{"cat":"shopping","name":"Harris Scarfe"}},{"type":"Feature","geometry":{"type":"Point","coordinates":[144.93871,-37.73074]},"properties":{"cat":"supermarket","name":"Pascoe Vale Mini Mart"}},{"type":"Feature","geometry":{"type":"Point","coordinates":[144.9374,-37.72927]},"properties":{"cat":"community","name":"Sussex Neighbourhood House"}},{"type":"Feature","geometry":{"type":"Point","coordinates":[144.94059,-37.72009]},"properties":{"cat":"supermarket","name":"IGA"}},{"type":"Feature","geometry":{"type":"Point","coordinates":[144.67015,-37.7228]},"properties":{"cat":"supermarket","name":"Coles"}},{"type":"Feature","geometry":{"type":"Point","coordinates":[145.33337,-38.09424]},"properties":{"cat":"supermarket","name":"Aldi Clyde North"}},{"type":"Feature","geometry":{"type":"Point","coordinates":[144.67823,-37.87423]},"properties":{"cat":"supermarket","name":"Aldi"}},{"type":"Feature","geometry":{"type":"Point","coordinates":[144.67818,-37.87478]},"properties":{"cat":"shopping","name":"TK Maxx"}},{"type":"Feature","geometry":{"type":"Point","coordinates":[145.22817,-37.81394]},"properties":{"cat":"shopping","name":"Harris Scarfe"}},{"type":"Feature","geometry":{"type":"Point","coordinates":[145.24026,-37.86874]},"properties":{"cat":"shopping","name":"Harris Scarfe"}},{"type":"Feature","geometry":{"type":"Point","coordinates":[145.24195,-37.86865]},"properties":{"cat":"shopping","name":"TK Maxx"}},{"type":"Feature","geometry":{"type":"Point","coordinates":[144.88429,-37.71515]},"properties":{"cat":"supermarket","name":"Aldi"}},{"type":"Feature","geometry":{"type":"Point","coordinates":[144.88434,-37.68753]},"properties":{"cat":"supermarket","name":"ALDI"}},{"type":"Feature","geometry":{"type":"Point","coordinates":[144.91439,-37.59464]},"properties":{"cat":"supermarket","name":"Aldi"}},{"type":"Feature","geometry":{"type":"Point","coordinates":[145.00448,-37.88413]},"properties":{"cat":"library","name":"Elsternwick Library"}},{"type":"Feature","geometry":{"type":"Point","coordinates":[144.95489,-37.7647]},"properties":{"cat":"community","name":"Dar-al Awda Community Centre"}},{"type":"Feature","geometry":{"type":"Point","coordinates":[144.56066,-37.68646]},"properties":{"cat":"shopping","name":"Harris Scarfe"}},{"type":"Feature","geometry":{"type":"Point","coordinates":[144.88008,-37.69186]},"properties":{"cat":"worship","name":"Living Hope Family Church"}},{"type":"Feature","geometry":{"type":"Point","coordinates":[145.02588,-37.87324]},"properties":{"cat":"worship","name":"St Aloysius (Newman Parish)"}},{"type":"Feature","geometry":{"type":"Point","coordinates":[144.89885,-37.80294]},"properties":{"cat":"supermarket","name":"Ecopact Groceries"}},{"type":"Feature","geometry":{"type":"Point","coordinates":[145.10171,-37.8263]},"properties":{"cat":"worship","name":"Surrey Hills Uniting Church"}},{"type":"Feature","geometry":{"type":"Point","coordinates":[145.09901,-37.8297]},"properties":{"cat":"worship","name":"Melbourne Latvian Evangelical Lutheran Church"}},{"type":"Feature","geometry":{"type":"Point","coordinates":[145.16571,-38.15349]},"properties":{"cat":"shopping","name":"TK Maxx"}},{"type":"Feature","geometry":{"type":"Point","coordinates":[144.60225,-37.71403]},"properties":{"cat":"supermarket","name":"Coles"}},{"type":"Feature","geometry":{"type":"Point","coordinates":[144.98365,-37.7987]},"properties":{"cat":"supermarket","name":"Aldi"}},{"type":"Feature","geometry":{"type":"Point","coordinates":[144.98598,-37.7654]},"properties":{"cat":"worship","name":"Reach Community Church"}},{"type":"Feature","geometry":{"type":"Point","coordinates":[144.65907,-37.90286]},"properties":{"cat":"supermarket","name":"Coles"}},{"type":"Feature","geometry":{"type":"Point","coordinates":[144.65784,-37.90386]},"properties":{"cat":"library","name":"Wyndham Library Service - Werribee Branch"}},{"type":"Feature","geometry":{"type":"Point","coordinates":[144.67428,-37.86128]},"properties":{"cat":"supermarket","name":"IGA"}},{"type":"Feature","geometry":{"type":"Point","coordinates":[145.16465,-37.87532]},"properties":{"cat":"shopping","name":"Target"}},{"type":"Feature","geometry":{"type":"Point","coordinates":[145.16521,-37.87486]},"properties":{"cat":"shopping","name":"TK Maxx"}},{"type":"Feature","geometry":{"type":"Point","coordinates":[145.32621,-38.08263]},"properties":{"cat":"community","name":"Arbourlea Family and Community Centre"}},{"type":"Feature","geometry":{"type":"Point","coordinates":[145.3267,-38.08254]},"properties":{"cat":"worship","name":"Living Way Church Melbourne"}},{"type":"Feature","geometry":{"type":"Point","coordinates":[144.68306,-37.86287]},"properties":{"cat":"worship","name":"Equip Church International"}},{"type":"Feature","geometry":{"type":"Point","coordinates":[145.64678,-37.76921]},"properties":{"cat":"worship","name":"Wesburn Baptist Church"}},{"type":"Feature","geometry":{"type":"Point","coordinates":[145.20949,-37.74213]},"properties":{"cat":"worship","name":"St Stephen's"}},{"type":"Feature","geometry":{"type":"Point","coordinates":[145.21161,-37.74102]},"properties":{"cat":"worship","name":"Warrandyte Community Church"}},{"type":"Feature","geometry":{"type":"Point","coordinates":[145.20636,-37.74585]},"properties":{"cat":"worship","name":"Warrandyte Uniting Church"}},{"type":"Feature","geometry":{"type":"Point","coordinates":[145.2723,-37.73571]},"properties":{"cat":"supermarket","name":"IGA"}},{"type":"Feature","geometry":{"type":"Point","coordinates":[145.27089,-37.73825]},"properties":{"cat":"worship","name":"St Mark's"}},{"type":"Feature","geometry":{"type":"Point","coordinates":[145.21341,-37.74501]},"properties":{"cat":"worship","name":"St. Gerard's"}},{"type":"Feature","geometry":{"type":"Point","coordinates":[145.13569,-37.68487]},"properties":{"cat":"supermarket","name":"Woolworths"}},{"type":"Feature","geometry":{"type":"Point","coordinates":[145.15886,-37.67464]},"properties":{"cat":"supermarket","name":"IGA"}},{"type":"Feature","geometry":{"type":"Point","coordinates":[145.00751,-37.81099]},"properties":{"cat":"supermarket","name":"Green Square IGA plus Liquor"}},{"type":"Feature","geometry":{"type":"Point","coordinates":[145.33758,-37.81252]},"properties":{"cat":"worship","name":"Montrose Uniting Church"}},{"type":"Feature","geometry":{"type":"Point","coordinates":[145.2554,-38.09141]},"properties":{"cat":"supermarket","name":"Universal Way Spices"}},{"type":"Feature","geometry":{"type":"Point","coordinates":[145.25111,-38.10849]},"properties":{"cat":"supermarket","name":"Homeland Spices Grocery Store"}},{"type":"Feature","geometry":{"type":"Point","coordinates":[145.25113,-38.1084]},"properties":{"cat":"supermarket","name":"Kuya JJ Asian Grocery"}},{"type":"Feature","geometry":{"type":"Point","coordinates":[145.26564,-38.10284]},"properties":{"cat":"supermarket","name":"Casey Supermarket & Butcher"}},{"type":"Feature","geometry":{"type":"Point","coordinates":[145.24085,-38.11583]},"properties":{"cat":"supermarket","name":"IGA"}},{"type":"Feature","geometry":{"type":"Point","coordinates":[145.29163,-38.08485]},"properties":{"cat":"supermarket","name":"Apna Bazaar Indian Supermarket"}},{"type":"Feature","geometry":{"type":"Point","coordinates":[144.59676,-37.46214]},"properties":{"cat":"worship","name":"House of The Rock Church"}},{"type":"Feature","geometry":{"type":"Point","coordinates":[145.28215,-38.11083]},"properties":{"cat":"supermarket","name":"NQR"}},{"type":"Feature","geometry":{"type":"Point","coordinates":[144.96408,-37.74285]},"properties":{"cat":"library","name":"Coburg Station Book Fridge"}},{"type":"Feature","geometry":{"type":"Point","coordinates":[145.07219,-37.79302]},"properties":{"cat":"supermarket","name":"Balwyn North Asian Supermarket"}},{"type":"Feature","geometry":{"type":"Point","coordinates":[145.18691,-38.10298]},"properties":{"cat":"library","name":""}},{"type":"Feature","geometry":{"type":"Point","coordinates":[145.11131,-37.77309]},"properties":{"cat":"community","name":"Lower Templestowe Community Centre"}},{"type":"Feature","geometry":{"type":"Point","coordinates":[145.22891,-37.81294]},"properties":{"cat":"shopping","name":"Myer"}},{"type":"Feature","geometry":{"type":"Point","coordinates":[145.27855,-37.79345]},"properties":{"cat":"supermarket","name":"Aldi"}},{"type":"Feature","geometry":{"type":"Point","coordinates":[145.14191,-37.82111]},"properties":{"cat":"supermarket","name":"IGA"}},{"type":"Feature","geometry":{"type":"Point","coordinates":[145.12843,-38.08892]},"properties":{"cat":"supermarket","name":"IGA Express"}},{"type":"Feature","geometry":{"type":"Point","coordinates":[145.24191,-37.78359]},"properties":{"cat":"community","name":"Ringwood Men's Shed"}},{"type":"Feature","geometry":{"type":"Point","coordinates":[144.79722,-37.73257]},"properties":{"cat":"worship","name":"Ch\u00f9a B\u1ed3 \u0110\u1ec1"}},{"type":"Feature","geometry":{"type":"Point","coordinates":[144.84349,-37.84284]},"properties":{"cat":"shopping","name":"TK Maxx"}},{"type":"Feature","geometry":{"type":"Point","coordinates":[144.76899,-37.87115]},"properties":{"cat":"worship","name":"St. Clements Anglican Church"}},{"type":"Feature","geometry":{"type":"Point","coordinates":[144.77163,-37.8714]},"properties":{"cat":"worship","name":"Altona Meadows / Laverton Uniting Church"}},{"type":"Feature","geometry":{"type":"Point","coordinates":[144.99148,-37.76497]},"properties":{"cat":"community","name":"Black Spark Cultural Centre"}},{"type":"Feature","geometry":{"type":"Point","coordinates":[144.96064,-37.77493]},"properties":{"cat":"supermarket","name":"Cheaper Buy Miles"}},{"type":"Feature","geometry":{"type":"Point","coordinates":[144.96342,-37.75857]},"properties":{"cat":"supermarket","name":"Terra Madre"}},{"type":"Feature","geometry":{"type":"Point","coordinates":[145.35138,-37.75654]},"properties":{"cat":"hospital","name":"Yarra Ranges Health"}},{"type":"Feature","geometry":{"type":"Point","coordinates":[145.0075,-37.928]},"properties":{"cat":"library","name":"Cornish Library"}},{"type":"Feature","geometry":{"type":"Point","coordinates":[144.89036,-37.77183]},"properties":{"cat":"shopping","name":"David Jones"}},{"type":"Feature","geometry":{"type":"Point","coordinates":[144.89049,-37.77196]},"properties":{"cat":"shopping","name":"Kmart"}},{"type":"Feature","geometry":{"type":"Point","coordinates":[145.65234,-37.75548]},"properties":{"cat":"worship","name":"River Valley Church"}},{"type":"Feature","geometry":{"type":"Point","coordinates":[145.42785,-37.78027]},"properties":{"cat":"supermarket","name":"IGA"}},{"type":"Feature","geometry":{"type":"Point","coordinates":[145.43555,-37.79063]},"properties":{"cat":"worship","name":"Wandin/Seville Uniting Church"}},{"type":"Feature","geometry":{"type":"Point","coordinates":[145.4332,-37.78886]},"properties":{"cat":"worship","name":"St James Anglican Church"}},{"type":"Feature","geometry":{"type":"Point","coordinates":[145.29403,-37.77107]},"properties":{"cat":"supermarket","name":"Coles"}},{"type":"Feature","geometry":{"type":"Point","coordinates":[145.04877,-37.72064]},"properties":{"cat":"supermarket","name":"Agora IGA Xpress"}},{"type":"Feature","geometry":{"type":"Point","coordinates":[144.94618,-37.81104]},"properties":{"cat":"worship","name":"Hillsong Melbourne City Campus"}},{"type":"Feature","geometry":{"type":"Point","coordinates":[145.5061,-37.65597]},"properties":{"cat":"supermarket","name":"Spiral Tubes"}},{"type":"Feature","geometry":{"type":"Point","coordinates":[144.9153,-37.61616]},"properties":{"cat":"supermarket","name":"Woolworths"}},{"type":"Feature","geometry":{"type":"Point","coordinates":[145.25596,-37.77929]},"properties":{"cat":"worship","name":"St James' Anglican Church"}},{"type":"Feature","geometry":{"type":"Point","coordinates":[144.79833,-37.74422]},"properties":{"cat":"supermarket","name":"St Albans Supermarket & Halal Meat"}},{"type":"Feature","geometry":{"type":"Point","coordinates":[145.02989,-37.88543]},"properties":{"cat":"worship","name":"Caulfield Presbyterian Church"}},{"type":"Feature","geometry":{"type":"Point","coordinates":[144.62241,-37.89478]},"properties":{"cat":"supermarket","name":"IGA"}},{"type":"Feature","geometry":{"type":"Point","coordinates":[145.03898,-38.21781]},"properties":{"cat":"supermarket","name":"Woolworths"}},{"type":"Feature","geometry":{"type":"Point","coordinates":[144.99887,-37.81739]},"properties":{"cat":"supermarket","name":"Coles"}},{"type":"Feature","geometry":{"type":"Point","coordinates":[145.34532,-38.03082]},"properties":{"cat":"library","name":"Berwick Library"}},{"type":"Feature","geometry":{"type":"Point","coordinates":[144.76555,-37.69543]},"properties":{"cat":"supermarket","name":"Overton Lea Indian Groceries"}},{"type":"Feature","geometry":{"type":"Point","coordinates":[145.23301,-37.80608]},"properties":{"cat":"worship","name":"Ringwood Seventh-day Adventist Church"}},{"type":"Feature","geometry":{"type":"Point","coordinates":[144.92789,-37.79324]},"properties":{"cat":"community","name":"Kensington Neighborhood House"}},{"type":"Feature","geometry":{"type":"Point","coordinates":[144.95949,-37.73123]},"properties":{"cat":"shopping","name":"RSEA Safety"}},{"type":"Feature","geometry":{"type":"Point","coordinates":[144.96356,-37.82581]},"properties":{"cat":"supermarket","name":"Woolworths"}},{"type":"Feature","geometry":{"type":"Point","coordinates":[145.37909,-37.72514]},"properties":{"cat":"supermarket","name":"Foodworks"}},{"type":"Feature","geometry":{"type":"Point","coordinates":[145.23724,-37.79608]},"properties":{"cat":"worship","name":"North Ringwood Uniting Church"}},{"type":"Feature","geometry":{"type":"Point","coordinates":[145.27948,-37.97689]},"properties":{"cat":"worship","name":"Narrehills Family Church"}},{"type":"Feature","geometry":{"type":"Point","coordinates":[145.28054,-37.97329]},"properties":{"cat":"worship","name":"Shri Sanatan Dharam Society of Victoria (Aust) Inc"}},{"type":"Feature","geometry":{"type":"Point","coordinates":[145.27366,-37.97394]},"properties":{"cat":"worship","name":"Grace Community Bible Church"}},{"type":"Feature","geometry":{"type":"Point","coordinates":[145.07907,-37.82323]},"properties":{"cat":"worship","name":"Canterbury Baptist Church"}},{"type":"Feature","geometry":{"type":"Point","coordinates":[145.01134,-37.81832]},"properties":{"cat":"shopping","name":"Harvey Norman"}},{"type":"Feature","geometry":{"type":"Point","coordinates":[145.25614,-37.82667]},"properties":{"cat":"supermarket","name":"ABC Supermarket"}},{"type":"Feature","geometry":{"type":"Point","coordinates":[145.51596,-37.65507]},"properties":{"cat":"worship","name":"Healesville Seventh Day Adventist Church"}},{"type":"Feature","geometry":{"type":"Point","coordinates":[145.1241,-37.82067]},"properties":{"cat":"supermarket","name":"Korean World"}},{"type":"Feature","geometry":{"type":"Point","coordinates":[144.81723,-37.79856]},"properties":{"cat":"supermarket","name":"Cam Ngoc Asian Grocery"}},{"type":"Feature","geometry":{"type":"Point","coordinates":[144.81776,-37.79852]},"properties":{"cat":"supermarket","name":"IGA"}},{"type":"Feature","geometry":{"type":"Point","coordinates":[145.5172,-37.65289]},"properties":{"cat":"community","name":"The community link"}},{"type":"Feature","geometry":{"type":"Point","coordinates":[145.12813,-37.75705]},"properties":{"cat":"supermarket","name":"The South African Shop"}},{"type":"Feature","geometry":{"type":"Point","coordinates":[145.00027,-37.75973]},"properties":{"cat":"supermarket","name":"Naturally On High"}},{"type":"Feature","geometry":{"type":"Point","coordinates":[145.10263,-37.92887]},"properties":{"cat":"worship","name":"Clarinda Presbyterian Church"}},{"type":"Feature","geometry":{"type":"Point","coordinates":[145.12025,-37.9209]},"properties":{"cat":"hospital","name":"Monash House"}},{"type":"Feature","geometry":{"type":"Point","coordinates":[144.90363,-38.3569]},"properties":{"cat":"community","name":"Mornington Peninsula Youth Services"}},{"type":"Feature","geometry":{"type":"Point","coordinates":[145.02531,-37.68138]},"properties":{"cat":"supermarket","name":"Foodworks"}},{"type":"Feature","geometry":{"type":"Point","coordinates":[144.68039,-37.88955]},"properties":{"cat":"worship","name":"Seventh-day Adventist Church"}},{"type":"Feature","geometry":{"type":"Point","coordinates":[145.27187,-37.81143]},"properties":{"cat":"worship","name":"Eastfield Gospel Hall"}},{"type":"Feature","geometry":{"type":"Point","coordinates":[145.28977,-38.14978]},"properties":{"cat":"supermarket","name":"Coles"}},{"type":"Feature","geometry":{"type":"Point","coordinates":[145.26957,-37.82006]},"properties":{"cat":"worship","name":"South Croydon Anglican Church"}},{"type":"Feature","geometry":{"type":"Point","coordinates":[144.99368,-37.84585]},"properties":{"cat":"supermarket","name":"Fuji Mart"}},{"type":"Feature","geometry":{"type":"Point","coordinates":[145.06189,-38.2191]},"properties":{"cat":"shopping","name":"Harris Scarfe"}},{"type":"Feature","geometry":{"type":"Point","coordinates":[145.03824,-37.87604]},"properties":{"cat":"supermarket","name":"Coles"}},{"type":"Feature","geometry":{"type":"Point","coordinates":[144.92851,-37.77611]},"properties":{"cat":"supermarket","name":"Woolworths Metro"}},{"type":"Feature","geometry":{"type":"Point","coordinates":[145.23879,-37.86773]},"properties":{"cat":"supermarket","name":"ALDI"}},{"type":"Feature","geometry":{"type":"Point","coordinates":[145.23792,-37.86777]},"properties":{"cat":"supermarket","name":"Woolworths"}},{"type":"Feature","geometry":{"type":"Point","coordinates":[145.2873,-38.05163]},"properties":{"cat":"supermarket","name":"IGA"}},{"type":"Feature","geometry":{"type":"Point","coordinates":[145.20526,-37.9742]},"properties":{"cat":"supermarket","name":"Woolworths"}},{"type":"Feature","geometry":{"type":"Point","coordinates":[144.94157,-37.79485]},"properties":{"cat":"supermarket","name":"Tiem Tap Hoa Asian Grocer"}},{"type":"Feature","geometry":{"type":"Point","coordinates":[145.28191,-38.10809]},"properties":{"cat":"shopping","name":"Harris Scarfe"}},{"type":"Feature","geometry":{"type":"Point","coordinates":[144.96315,-37.76191]},"properties":{"cat":"worship","name":"ICMG Brunswick"}},{"type":"Feature","geometry":{"type":"Point","coordinates":[145.10004,-37.60257]},"properties":{"cat":"supermarket","name":"Woolworths"}},{"type":"Feature","geometry":{"type":"Point","coordinates":[145.09985,-37.60191]},"properties":{"cat":"library","name":"Mernda Library"}},{"type":"Feature","geometry":{"type":"Point","coordinates":[145.01631,-37.97388]},"properties":{"cat":"supermarket","name":"Woolworths Metro"}},{"type":"Feature","geometry":{"type":"Point","coordinates":[144.74306,-37.73014]},"properties":{"cat":"supermarket","name":"Woolworths"}},{"type":"Feature","geometry":{"type":"Point","coordinates":[144.72602,-37.71258]},"properties":{"cat":"supermarket","name":"IGA"}},{"type":"Feature","geometry":{"type":"Point","coordinates":[144.99024,-37.8389]},"properties":{"cat":"supermarket","name":"Gum Tree Good Food"}},{"type":"Feature","geometry":{"type":"Point","coordinates":[144.97302,-37.76344]},"properties":{"cat":"supermarket","name":"Organic Wholefoods"}},{"type":"Feature","geometry":{"type":"Point","coordinates":[144.97313,-37.76275]},"properties":{"cat":"community","name":"Cyprus Community of Melbourne & Victoria"}},{"type":"Feature","geometry":{"type":"Point","coordinates":[144.97333,-37.76315]},"properties":{"cat":"supermarket","name":"Foodworks"}},{"type":"Feature","geometry":{"type":"Point","coordinates":[144.95878,-37.81007]},"properties":{"cat":"supermarket","name":"Woolworths Metro"}},{"type":"Feature","geometry":{"type":"Point","coordinates":[144.89047,-38.36153]},"properties":{"cat":"supermarket","name":"Woolworths"}},{"type":"Feature","geometry":{"type":"Point","coordinates":[145.09544,-37.79046]},"properties":{"cat":"library","name":"Greythorn Library Lounge"}},{"type":"Feature","geometry":{"type":"Point","coordinates":[144.95166,-37.81512]},"properties":{"cat":"shopping","name":"Harris Scarfe"}},{"type":"Feature","geometry":{"type":"Point","coordinates":[145.33176,-38.12214]},"properties":{"cat":"community","name":"Eliston Family & Community Centre"}},{"type":"Feature","geometry":{"type":"Point","coordinates":[144.9626,-37.7652]},"properties":{"cat":"community","name":"Pontiaki Estia"}},{"type":"Feature","geometry":{"type":"Point","coordinates":[145.08336,-37.80409]},"properties":{"cat":"worship","name":""}},{"type":"Feature","geometry":{"type":"Point","coordinates":[144.77422,-37.70004]},"properties":{"cat":"community","name":"Sydenham Neighbourhood House"}},{"type":"Feature","geometry":{"type":"Point","coordinates":[144.95978,-37.80238]},"properties":{"cat":"library","name":"Law Library"}},{"type":"Feature","geometry":{"type":"Point","coordinates":[144.66143,-38.26764]},"properties":{"cat":"community","name":"Wirrng Wirrng"}},{"type":"Feature","geometry":{"type":"Point","coordinates":[144.96291,-37.79739]},"properties":{"cat":"library","name":"Architecture, Building & Planning Library"}},{"type":"Feature","geometry":{"type":"Point","coordinates":[144.69416,-37.88908]},"properties":{"cat":"library","name":"J.A. Gilruth Library"}},{"type":"Feature","geometry":{"type":"Point","coordinates":[145.19434,-37.8278]},"properties":{"cat":"supermarket","name":"IGA"}},{"type":"Feature","geometry":{"type":"Point","coordinates":[145.05439,-37.84306]},"properties":{"cat":"supermarket","name":"Serendipity"}},{"type":"Feature","geometry":{"type":"Point","coordinates":[145.15351,-37.81128]},"properties":{"cat":"supermarket","name":"Coles"}},{"type":"Feature","geometry":{"type":"Point","coordinates":[145.15273,-37.81234]},"properties":{"cat":"supermarket","name":"Woolworths"}},{"type":"Feature","geometry":{"type":"Point","coordinates":[145.1521,-37.81128]},"properties":{"cat":"supermarket","name":"Aldi"}},{"type":"Feature","geometry":{"type":"Point","coordinates":[144.60514,-37.87603]},"properties":{"cat":"library","name":"Wyndham Library Service - Manor Lakes Branch"}},{"type":"Feature","geometry":{"type":"Point","coordinates":[145.10621,-37.76699]},"properties":{"cat":"worship","name":"CityLife Church - Manningham"}},{"type":"Feature","geometry":{"type":"Point","coordinates":[145.08999,-37.79006]},"properties":{"cat":"worship","name":"\uba5c\ubc88\ud55c\uc778\uc7a5\ub85c\uad50\ud68c KPCM (Korean Presbyterian Church of Melbourne)"}},{"type":"Feature","geometry":{"type":"Point","coordinates":[144.96112,-37.77119]},"properties":{"cat":"community","name":"St Ambrose's Community Centre"}},{"type":"Feature","geometry":{"type":"Point","coordinates":[145.10926,-37.88215]},"properties":{"cat":"supermarket","name":"Srini's Ceylon Madura"}},{"type":"Feature","geometry":{"type":"Point","coordinates":[145.16836,-37.94129]},"properties":{"cat":"supermarket","name":"ALDI"}},{"type":"Feature","geometry":{"type":"Point","coordinates":[145.16792,-37.94137]},"properties":{"cat":"shopping","name":"Springvale Mega Centre"}},{"type":"Feature","geometry":{"type":"Point","coordinates":[145.05242,-37.94275]},"properties":{"cat":"worship","name":"Melbourne Shwetamber Jain Sangh"}},{"type":"Feature","geometry":{"type":"Point","coordinates":[145.68977,-37.75314]},"properties":{"cat":"community","name":"Warburton Online"}},{"type":"Feature","geometry":{"type":"Point","coordinates":[144.82735,-37.77557]},"properties":{"cat":"shopping","name":"Harvey Norman"}},{"type":"Feature","geometry":{"type":"Point","coordinates":[144.99828,-37.90434]},"properties":{"cat":"supermarket","name":"Dockendorf Grocer"}},{"type":"Feature","geometry":{"type":"Point","coordinates":[145.05177,-37.85758]},"properties":{"cat":"worship","name":"St Roch's Catholic Church, Glen Iris"}},{"type":"Feature","geometry":{"type":"Point","coordinates":[144.95128,-37.81519]},"properties":{"cat":"shopping","name":"TK Maxx"}},{"type":"Feature","geometry":{"type":"Point","coordinates":[144.663,-37.90158]},"properties":{"cat":"community","name":"Wyndham Community & Education Centre"}},{"type":"Feature","geometry":{"type":"Point","coordinates":[145.13282,-37.78739]},"properties":{"cat":"hospital","name":"Doncaster Private Hospital"}},{"type":"Feature","geometry":{"type":"Point","coordinates":[144.92829,-37.78938]},"properties":{"cat":"community","name":"Kensington Compost Hub"}},{"type":"Feature","geometry":{"type":"Point","coordinates":[144.92793,-37.79718]},"properties":{"cat":"community","name":"Kensington Community Food Forest"}},{"type":"Feature","geometry":{"type":"Point","coordinates":[145.26708,-37.84287]},"properties":{"cat":"supermarket","name":"Bayswater Fresh"}},{"type":"Feature","geometry":{"type":"Point","coordinates":[144.96023,-37.72061]},"properties":{"cat":"library","name":"Merlo little library"}},{"type":"Feature","geometry":{"type":"Point","coordinates":[144.96176,-37.80626]},"properties":{"cat":"supermarket","name":"Mr. Dad Super Market"}},{"type":"Feature","geometry":{"type":"Point","coordinates":[145.12252,-37.81963]},"properties":{"cat":"supermarket","name":"Tan Huang Asian Grocer"}},{"type":"Feature","geometry":{"type":"Point","coordinates":[145.14943,-37.78839]},"properties":{"cat":"supermarket","name":"Persian Halal Butchery & Grocery"}},{"type":"Feature","geometry":{"type":"Point","coordinates":[145.27154,-37.60148]},"properties":{"cat":"community","name":""}},{"type":"Feature","geometry":{"type":"Point","coordinates":[144.97693,-37.83855]},"properties":{"cat":"supermarket","name":"Fawkner Express Grovery Store"}},{"type":"Feature","geometry":{"type":"Point","coordinates":[144.95835,-37.81768]},"properties":{"cat":"supermarket","name":"IGA X-press"}},{"type":"Feature","geometry":{"type":"Point","coordinates":[144.97573,-37.81242]},"properties":{"cat":"university","name":"Victorian Academy of Teaching and Leadership"}},{"type":"Feature","geometry":{"type":"Point","coordinates":[145.35425,-38.03139]},"properties":{"cat":"worship","name":"Berwick Anglican Church"}},{"type":"Feature","geometry":{"type":"Point","coordinates":[145.19241,-37.95423]},"properties":{"cat":"community","name":"Jan Wilson Community Centre"}},{"type":"Feature","geometry":{"type":"Point","coordinates":[144.88047,-37.63893]},"properties":{"cat":"supermarket","name":"IGA Greenvale"}},{"type":"Feature","geometry":{"type":"Point","coordinates":[144.95842,-37.80772]},"properties":{"cat":"library","name":"narrm ngarrgu Library and Family Services"}},{"type":"Feature","geometry":{"type":"Point","coordinates":[144.96019,-37.80674]},"properties":{"cat":"community","name":"Multicultural Hub"}},{"type":"Feature","geometry":{"type":"Point","coordinates":[145.00916,-37.85375]},"properties":{"cat":"worship","name":"Our Lady of Lourdes"}},{"type":"Feature","geometry":{"type":"Point","coordinates":[144.91554,-37.7715]},"properties":{"cat":"supermarket","name":"IGA Local Grocer Plus Liquor Moonee Ponds"}},{"type":"Feature","geometry":{"type":"Point","coordinates":[145.26798,-38.03541]},"properties":{"cat":"worship","name":"Uniting Church Hallam"}},{"type":"Feature","geometry":{"type":"Point","coordinates":[145.00228,-37.75716]},"properties":{"cat":"worship","name":"Darebin Presbyterian Church"}},{"type":"Feature","geometry":{"type":"Point","coordinates":[145.35062,-38.03239]},"properties":{"cat":"worship","name":"Saint Andrews Uniting Church"}},{"type":"Feature","geometry":{"type":"Point","coordinates":[145.0139,-37.89695]},"properties":{"cat":"hospital","name":"Calvary Kooyong Bethlehem Hospital"}},{"type":"Feature","geometry":{"type":"Point","coordinates":[145.09233,-37.87849]},"properties":{"cat":"supermarket","name":"Coles"}},{"type":"Feature","geometry":{"type":"Point","coordinates":[144.94302,-37.80722]},"properties":{"cat":"supermarket","name":"Woolworths Metro"}},{"type":"Feature","geometry":{"type":"Point","coordinates":[144.96527,-37.70266]},"properties":{"cat":"supermarket","name":"Fawkner Mini mart"}},{"type":"Feature","geometry":{"type":"Point","coordinates":[144.96238,-37.73789]},"properties":{"cat":"library","name":"Kirrip biik Park Free mini library"}},{"type":"Feature","geometry":{"type":"Point","coordinates":[144.95817,-37.73061]},"properties":{"cat":"worship","name":"The Redeemed Christian Church of God King's Court"}},{"type":"Feature","geometry":{"type":"Point","coordinates":[144.96582,-37.817]},"properties":{"cat":"university","name":"Box Hill Institute"}},{"type":"Feature","geometry":{"type":"Point","coordinates":[144.96534,-37.74196]},"properties":{"cat":"supermarket","name":"Mahalaxmi Grocery and convenience store"}},{"type":"Feature","geometry":{"type":"Point","coordinates":[144.96459,-37.74125]},"properties":{"cat":"shopping","name":"Dimmeys"}},{"type":"Feature","geometry":{"type":"Point","coordinates":[144.88314,-37.8318]},"properties":{"cat":"supermarket","name":"Woolworths"}},{"type":"Feature","geometry":{"type":"Point","coordinates":[145.12458,-38.14119]},"properties":{"cat":"shopping","name":"TK Maxx"}},{"type":"Feature","geometry":{"type":"Point","coordinates":[144.92381,-37.76907]},"properties":{"cat":"worship","name":"St Dimitrios"}},{"type":"Feature","geometry":{"type":"Point","coordinates":[144.77143,-37.78472]},"properties":{"cat":"supermarket","name":"NQR"}},{"type":"Feature","geometry":{"type":"Point","coordinates":[144.77642,-37.70221]},"properties":{"cat":"shopping","name":"TK Maxx"}},{"type":"Feature","geometry":{"type":"Point","coordinates":[145.06817,-37.75656]},"properties":{"cat":"supermarket","name":"Heidelberg Pickles And Pappads"}},{"type":"Feature","geometry":{"type":"Point","coordinates":[145.36237,-38.0949]},"properties":{"cat":"supermarket","name":"Coles"}},{"type":"Feature","geometry":{"type":"Point","coordinates":[145.04647,-37.94525]},"properties":{"cat":"worship","name":"Leighmoor Uniting Church"}},{"type":"Feature","geometry":{"type":"Point","coordinates":[145.06123,-37.93601]},"properties":{"cat":"supermarket","name":"Foodworks"}},{"type":"Feature","geometry":{"type":"Point","coordinates":[145.04104,-37.93407]},"properties":{"cat":"worship","name":"St. James Lutheran Chuch"}},{"type":"Feature","geometry":{"type":"Point","coordinates":[145.20532,-37.87487]},"properties":{"cat":"supermarket","name":"Big Watermelon"}},{"type":"Feature","geometry":{"type":"Point","coordinates":[144.99357,-37.83831]},"properties":{"cat":"supermarket","name":"Claremont Supermarket"}},{"type":"Feature","geometry":{"type":"Point","coordinates":[144.86942,-37.69438]},"properties":{"cat":"worship","name":"Samoan Independent Adventist Church"}},{"type":"Feature","geometry":{"type":"Point","coordinates":[145.27075,-37.7735]},"properties":{"cat":"community","name":"Yarrunga Community Centre"}},{"type":"Feature","geometry":{"type":"Point","coordinates":[144.967,-37.81147]},"properties":{"cat":"worship","name":"Chinese Masonic Society"}},{"type":"Feature","geometry":{"type":"Point","coordinates":[145.0115,-37.87126]},"properties":{"cat":"worship","name":"Mizrachi Org"}},{"type":"Feature","geometry":{"type":"Point","coordinates":[145.02997,-37.76625]},"properties":{"cat":"supermarket","name":"Bivihome"}},{"type":"Feature","geometry":{"type":"Point","coordinates":[145.26013,-37.97669]},"properties":{"cat":"shopping","name":"Kmart"}},{"type":"Feature","geometry":{"type":"Point","coordinates":[145.25861,-37.97722]},"properties":{"cat":"supermarket","name":"ALDI"}},{"type":"Feature","geometry":{"type":"Point","coordinates":[145.34429,-37.75991]},"properties":{"cat":"library","name":""}},{"type":"Feature","geometry":{"type":"Point","coordinates":[144.94173,-37.83864]},"properties":{"cat":"supermarket","name":"Coles"}},{"type":"Feature","geometry":{"type":"Point","coordinates":[144.88664,-37.77522]},"properties":{"cat":"supermarket","name":"Coles"}},{"type":"Feature","geometry":{"type":"Point","coordinates":[144.89944,-37.5734]},"properties":{"cat":"supermarket","name":"Coles"}},{"type":"Feature","geometry":{"type":"Point","coordinates":[144.95687,-37.81561]},"properties":{"cat":"library","name":"Legal Aid public law library"}},{"type":"Feature","geometry":{"type":"Point","coordinates":[144.96329,-37.81015]},"properties":{"cat":"worship","name":"City on a Hill Melbourne"}},{"type":"Feature","geometry":{"type":"Point","coordinates":[145.03429,-37.91763]},"properties":{"cat":"supermarket","name":"Bentleigh Supermarket"}},{"type":"Feature","geometry":{"type":"Point","coordinates":[145.05861,-37.88573]},"properties":{"cat":"supermarket","name":"IGA"}},{"type":"Feature","geometry":{"type":"Point","coordinates":[144.88107,-37.81687]},"properties":{"cat":"supermarket","name":"Coles"}},{"type":"Feature","geometry":{"type":"Point","coordinates":[145.32768,-38.13136]},"properties":{"cat":"community","name":"Clyde Family and Communitty Center"}},{"type":"Feature","geometry":{"type":"Point","coordinates":[144.9072,-37.71913]},"properties":{"cat":"supermarket","name":"IGA"}},{"type":"Feature","geometry":{"type":"Point","coordinates":[144.61452,-37.91124]},"properties":{"cat":"supermarket","name":"Coles"}},{"type":"Feature","geometry":{"type":"Point","coordinates":[145.333,-38.09412]},"properties":{"cat":"supermarket","name":"Sri Kumaran Stores"}},{"type":"Feature","geometry":{"type":"Point","coordinates":[145.12049,-37.81839]},"properties":{"cat":"shopping","name":"Dimmeys"}},{"type":"Feature","geometry":{"type":"Point","coordinates":[144.68938,-37.88356]},"properties":{"cat":"supermarket","name":"Foodworks"}},{"type":"Feature","geometry":{"type":"Point","coordinates":[144.88325,-37.78272]},"properties":{"cat":"worship","name":"Christian Pentecost Church of Australia"}},{"type":"Feature","geometry":{"type":"Point","coordinates":[145.11541,-37.81287]},"properties":{"cat":"worship","name":"Melbourne Buddhist Temple"}},{"type":"Feature","geometry":{"type":"Point","coordinates":[145.10528,-37.82048]},"properties":{"cat":"supermarket","name":"Foodworks"}},{"type":"Feature","geometry":{"type":"Point","coordinates":[145.11947,-37.82008]},"properties":{"cat":"community","name":"Box Hill Senior Citizens Centre"}},{"type":"Feature","geometry":{"type":"Point","coordinates":[144.7895,-37.79219]},"properties":{"cat":"supermarket","name":"Morgan's IGA"}},{"type":"Feature","geometry":{"type":"Point","coordinates":[144.96359,-37.79862]},"properties":{"cat":"library","name":"Rowden White Library (Levels 2 & 3)"}},{"type":"Feature","geometry":{"type":"Point","coordinates":[144.96217,-37.8105]},"properties":{"cat":"supermarket","name":"Pantre"}},{"type":"Feature","geometry":{"type":"Point","coordinates":[144.95072,-37.80334]},"properties":{"cat":"community","name":"Czech House"}},{"type":"Feature","geometry":{"type":"Point","coordinates":[144.96308,-37.81034]},"properties":{"cat":"supermarket","name":"Hometown Grocer"}},{"type":"Feature","geometry":{"type":"Point","coordinates":[145.51648,-37.65293]},"properties":{"cat":"community","name":"Healesville Senior Citizens Centre"}},{"type":"Feature","geometry":{"type":"Point","coordinates":[144.89289,-37.73813]},"properties":{"cat":"supermarket","name":"Woolworths"}},{"type":"Feature","geometry":{"type":"Point","coordinates":[144.91861,-37.70711]},"properties":{"cat":"supermarket","name":"IGA"}},{"type":"Feature","geometry":{"type":"Point","coordinates":[144.8285,-37.86958]},"properties":{"cat":"community","name":"Louis Joel Arts & Community Centre"}},{"type":"Feature","geometry":{"type":"Point","coordinates":[144.96532,-37.80005]},"properties":{"cat":"supermarket","name":"IGA"}},{"type":"Feature","geometry":{"type":"Point","coordinates":[144.94796,-37.80578]},"properties":{"cat":"worship","name":"West Melbourne Baptist Church & Community Centre"}},{"type":"Feature","geometry":{"type":"Point","coordinates":[144.96144,-37.81096]},"properties":{"cat":"supermarket","name":"Tan Hung Asian Grocer"}},{"type":"Feature","geometry":{"type":"Point","coordinates":[144.95684,-37.75991]},"properties":{"cat":"worship","name":"St. Eleftherios"}},{"type":"Feature","geometry":{"type":"Point","coordinates":[145.1783,-37.96427]},"properties":{"cat":"worship","name":"Chinese Christian Teo-chew Church of Melbourne"}},{"type":"Feature","geometry":{"type":"Point","coordinates":[144.97629,-37.86064]},"properties":{"cat":"community","name":"Victorian Pride Centre"}},{"type":"Feature","geometry":{"type":"Point","coordinates":[144.80099,-37.74384]},"properties":{"cat":"supermarket","name":"Minh H\u01b0ng"}},{"type":"Feature","geometry":{"type":"Point","coordinates":[144.99015,-37.83002]},"properties":{"cat":"supermarket","name":"IGA Local Grocer Cremorne"}},{"type":"Feature","geometry":{"type":"Point","coordinates":[144.96504,-37.74152]},"properties":{"cat":"supermarket","name":"Coburg Pasal"}},{"type":"Feature","geometry":{"type":"Point","coordinates":[144.91818,-37.75687]},"properties":{"cat":"worship","name":"St Johns Uniting Church"}},{"type":"Feature","geometry":{"type":"Point","coordinates":[144.89399,-37.86642]},"properties":{"cat":"community","name":"Williamstown Italian Social Club"}},{"type":"Feature","geometry":{"type":"Point","coordinates":[145.09276,-37.82197]},"properties":{"cat":"worship","name":"The Salvation Army Chinese Corps Church"}},{"type":"Feature","geometry":{"type":"Point","coordinates":[145.00888,-37.64376]},"properties":{"cat":"worship","name":"Arabic Baptist Church"}},{"type":"Feature","geometry":{"type":"Point","coordinates":[145.19227,-37.81746]},"properties":{"cat":"supermarket","name":"Santosh Indian Grocery"}},{"type":"Feature","geometry":{"type":"Point","coordinates":[144.93029,-37.7884]},"properties":{"cat":"supermarket","name":"KFL Supermarkets"}},{"type":"Feature","geometry":{"type":"Point","coordinates":[144.93016,-37.78839]},"properties":{"cat":"supermarket","name":"Cheaper Buy Miles"}},{"type":"Feature","geometry":{"type":"Point","coordinates":[145.10579,-37.97123]},"properties":{"cat":"worship","name":"St. George Jacobite Syrian Orthodox Church"}},{"type":"Feature","geometry":{"type":"Point","coordinates":[145.36866,-38.04702]},"properties":{"cat":"supermarket","name":"GreenSoul Organics"}},{"type":"Feature","geometry":{"type":"Point","coordinates":[145.61097,-37.78197]},"properties":{"cat":"worship","name":"Open Door at Zac's Place"}},{"type":"Feature","geometry":{"type":"Point","coordinates":[145.08445,-37.82329]},"properties":{"cat":"worship","name":"Canterbury Christadelphian Hall"}},{"type":"Feature","geometry":{"type":"Point","coordinates":[145.10276,-37.96088]},"properties":{"cat":"supermarket","name":"Bakaloumas Fresh Fruit & Vegetable Market"}},{"type":"Feature","geometry":{"type":"Point","coordinates":[145.13306,-37.91196]},"properties":{"cat":"supermarket","name":"Monash Mini Merchant"}},{"type":"Feature","geometry":{"type":"Point","coordinates":[145.13061,-37.91343]},"properties":{"cat":"library","name":"Manga Library"}},{"type":"Feature","geometry":{"type":"Point","coordinates":[145.30653,-38.02382]},"properties":{"cat":"community","name":"Narre Warren Youth Information Centre"}},{"type":"Feature","geometry":{"type":"Point","coordinates":[144.93835,-37.81476]},"properties":{"cat":"supermarket","name":"Xpress Supermarket"}},{"type":"Feature","geometry":{"type":"Point","coordinates":[145.12048,-37.81855]},"properties":{"cat":"supermarket","name":"Hui-Hui Supermarket"}},{"type":"Feature","geometry":{"type":"Point","coordinates":[144.95378,-37.76571]},"properties":{"cat":"supermarket","name":"Basfoods Direct"}},{"type":"Feature","geometry":{"type":"Point","coordinates":[145.34005,-38.06203]},"properties":{"cat":"supermarket","name":"Coles.Partner_Pickup"}},{"type":"Feature","geometry":{"type":"Point","coordinates":[145.32289,-37.80149]},"properties":{"cat":"community","name":"Japara House"}},{"type":"Feature","geometry":{"type":"Point","coordinates":[145.32196,-37.80093]},"properties":{"cat":"community","name":"Japara House"}},{"type":"Feature","geometry":{"type":"Point","coordinates":[144.92344,-37.70812]},"properties":{"cat":"library","name":"Glenroy Library"}},{"type":"Feature","geometry":{"type":"Point","coordinates":[144.74787,-37.69158]},"properties":{"cat":"supermarket","name":"Woolworths"}},{"type":"Feature","geometry":{"type":"Point","coordinates":[144.60416,-37.68685]},"properties":{"cat":"shopping","name":"Harvey Norman"}},{"type":"Feature","geometry":{"type":"Point","coordinates":[144.98199,-37.75731]},"properties":{"cat":"worship","name":"Our Lady of Lebanon Church Melbourne"}},{"type":"Feature","geometry":{"type":"Point","coordinates":[145.11577,-37.84569]},"properties":{"cat":"library","name":""}},{"type":"Feature","geometry":{"type":"Point","coordinates":[144.6132,-37.87565]},"properties":{"cat":"shopping","name":"Kmart"}},{"type":"Feature","geometry":{"type":"Point","coordinates":[144.86679,-37.7445]},"properties":{"cat":"supermarket","name":"Foodworks Keilor East"}},{"type":"Feature","geometry":{"type":"Point","coordinates":[144.97252,-37.82291]},"properties":{"cat":"community","name":"Camp Sovereignty"}},{"type":"Feature","geometry":{"type":"Point","coordinates":[145.00125,-37.81893]},"properties":{"cat":"shopping","name":"Dimmeys"}},{"type":"Feature","geometry":{"type":"Point","coordinates":[144.95736,-37.8032]},"properties":{"cat":"supermarket","name":"Woolworths Metro"}},{"type":"Feature","geometry":{"type":"Point","coordinates":[144.62879,-37.71377]},"properties":{"cat":"supermarket","name":"IGA"}},{"type":"Feature","geometry":{"type":"Point","coordinates":[144.91845,-37.6326]},"properties":{"cat":"supermarket","name":"Foodworks"}},{"type":"Feature","geometry":{"type":"Point","coordinates":[145.09158,-37.76537]},"properties":{"cat":"library","name":"Bulleen Library"}},{"type":"Feature","geometry":{"type":"Point","coordinates":[145.00644,-37.62171]},"properties":{"cat":"supermarket","name":"Aldi"}},{"type":"Feature","geometry":{"type":"Point","coordinates":[145.00461,-37.87667]},"properties":{"cat":"library","name":""}},{"type":"Feature","geometry":{"type":"Point","coordinates":[144.94984,-37.79456]},"properties":{"cat":"supermarket","name":"Royal Supermarket"}},{"type":"Feature","geometry":{"type":"Point","coordinates":[144.72101,-37.8202]},"properties":{"cat":"supermarket","name":"Coles"}},{"type":"Feature","geometry":{"type":"Point","coordinates":[144.69977,-37.88297]},"properties":{"cat":"supermarket","name":"Dehli Haat"}},{"type":"Feature","geometry":{"type":"Point","coordinates":[145.0571,-37.88777]},"properties":{"cat":"supermarket","name":"MVJ"}},{"type":"Feature","geometry":{"type":"Point","coordinates":[145.07578,-37.82367]},"properties":{"cat":"worship","name":"Canterbury Presbyterian Church"}},{"type":"Feature","geometry":{"type":"Point","coordinates":[144.9282,-37.76252]},"properties":{"cat":"worship","name":"Essendon Presbyterian Church"}},{"type":"Feature","geometry":{"type":"Point","coordinates":[145.02512,-37.64771]},"properties":{"cat":"worship","name":"Epping Presbyterian Church"}},{"type":"Feature","geometry":{"type":"Point","coordinates":[145.01672,-37.90067]},"properties":{"cat":"worship","name":"Gardenvale Presbyterian Church"}},{"type":"Feature","geometry":{"type":"Point","coordinates":[145.11887,-37.51382]},"properties":{"cat":"worship","name":"Whittlesea Presbyterian Church"}},{"type":"Feature","geometry":{"type":"Point","coordinates":[145.09395,-37.60887]},"properties":{"cat":"worship","name":"Mernda Presbyterian Church"}},{"type":"Feature","geometry":{"type":"Point","coordinates":[145.14417,-37.78193]},"properties":{"cat":"worship","name":"Doncaster Presbyterian Church"}},{"type":"Feature","geometry":{"type":"Point","coordinates":[144.58705,-37.48976]},"properties":{"cat":"worship","name":"Gisborne Presbyterian Church"}},{"type":"Feature","geometry":{"type":"Point","coordinates":[144.90801,-38.37372]},"properties":{"cat":"worship","name":"Bayview Church"}},{"type":"Feature","geometry":{"type":"Point","coordinates":[144.95815,-37.80423]},"properties":{"cat":"worship","name":"Glory City Church"}},{"type":"Feature","geometry":{"type":"Point","coordinates":[144.90195,-37.7408]},"properties":{"cat":"worship","name":"Essendon Uniting Church"}},{"type":"Feature","geometry":{"type":"Point","coordinates":[144.94219,-37.82014]},"properties":{"cat":"supermarket","name":"Golden Express Supermarket"}},{"type":"Feature","geometry":{"type":"Point","coordinates":[145.05114,-37.8591]},"properties":{"cat":"worship","name":"St James Anglican Church"}},{"type":"Feature","geometry":{"type":"Point","coordinates":[145.34575,-38.11746]},"properties":{"cat":"shopping","name":""}},{"type":"Feature","geometry":{"type":"Point","coordinates":[145.3448,-38.11765]},"properties":{"cat":"supermarket","name":"Woolworths"}},{"type":"Feature","geometry":{"type":"Point","coordinates":[144.95834,-37.81418]},"properties":{"cat":"library","name":"Law Library Victoria"}},{"type":"Feature","geometry":{"type":"Point","coordinates":[144.97511,-37.76902]},"properties":{"cat":"community","name":"Cross Street Music Hall"}},{"type":"Feature","geometry":{"type":"Point","coordinates":[145.18378,-37.84059]},"properties":{"cat":"worship","name":"St Timothy's Catholic Church"}},{"type":"Feature","geometry":{"type":"Point","coordinates":[144.95297,-37.72121]},"properties":{"cat":"library","name":"Little free library"}},{"type":"Feature","geometry":{"type":"Point","coordinates":[145.00692,-38.29192]},"properties":{"cat":"worship","name":"Chapel"}},{"type":"Feature","geometry":{"type":"Point","coordinates":[145.14006,-37.92051]},"properties":{"cat":"shopping","name":"Kmart"}},{"type":"Feature","geometry":{"type":"Point","coordinates":[144.97084,-37.83233]},"properties":{"cat":"supermarket","name":"Woolworths Metro"}},{"type":"Feature","geometry":{"type":"Point","coordinates":[144.96451,-37.80817]},"properties":{"cat":"university","name":"RMIT Security Office"}},{"type":"Feature","geometry":{"type":"Point","coordinates":[145.25438,-37.99843]},"properties":{"cat":"community","name":"Hallam Community Learning Centre"}},{"type":"Feature","geometry":{"type":"Point","coordinates":[145.12225,-37.82892]},"properties":{"cat":"supermarket","name":"Tatsing Food Stores"}},{"type":"Feature","geometry":{"type":"Point","coordinates":[145.12279,-37.82496]},"properties":{"cat":"supermarket","name":"Happinest Supermarket"}},{"type":"Feature","geometry":{"type":"Point","coordinates":[144.96496,-37.74995]},"properties":{"cat":"community","name":"Anatolia Cultural Centre"}},{"type":"Feature","geometry":{"type":"Point","coordinates":[144.59935,-37.89573]},"properties":{"cat":"supermarket","name":"Coles"}},{"type":"Feature","geometry":{"type":"Point","coordinates":[145.38827,-38.06645]},"properties":{"cat":"supermarket","name":"Oz Indian Groceries"}},{"type":"Feature","geometry":{"type":"Point","coordinates":[145.0197,-38.37321]},"properties":{"cat":"worship","name":"Red Hill Greek Orthdox"}},{"type":"Feature","geometry":{"type":"Point","coordinates":[145.01124,-38.3703]},"properties":{"cat":"worship","name":"St Georges"}},{"type":"Feature","geometry":{"type":"Point","coordinates":[144.6615,-37.88881]},"properties":{"cat":"supermarket","name":"Sims IGA Plus Liquor"}},{"type":"Feature","geometry":{"type":"Point","coordinates":[145.02443,-37.8748]},"properties":{"cat":"community","name":"NCJWA Vic"}},{"type":"Feature","geometry":{"type":"Point","coordinates":[145.03912,-37.82247]},"properties":{"cat":"library","name":"Swinburne Library"}},{"type":"Feature","geometry":{"type":"Point","coordinates":[145.03859,-37.82124]},"properties":{"cat":"worship","name":"Multi-Faith Centre"}},{"type":"Feature","geometry":{"type":"Point","coordinates":[144.96518,-37.74524]},"properties":{"cat":"community","name":"Catalyst Social Centre"}},{"type":"Feature","geometry":{"type":"Point","coordinates":[145.1221,-37.81839]},"properties":{"cat":"supermarket","name":"Goldplus Supermarket"}},{"type":"Feature","geometry":{"type":"Point","coordinates":[145.01323,-38.26769]},"properties":{"cat":"supermarket","name":"Mount Martha Ritchies IGA"}},{"type":"Feature","geometry":{"type":"Point","coordinates":[144.97882,-37.80765]},"properties":{"cat":"library","name":""}},{"type":"Feature","geometry":{"type":"Point","coordinates":[145.01156,-37.81399]},"properties":{"cat":"supermarket","name":"Coles"}},{"type":"Feature","geometry":{"type":"Point","coordinates":[144.96593,-37.7443]},"properties":{"cat":"supermarket","name":"Coburg International Food Mart"}},{"type":"Feature","geometry":{"type":"Point","coordinates":[144.95711,-37.83465]},"properties":{"cat":"community","name":"Studio Hall"}},{"type":"Feature","geometry":{"type":"Point","coordinates":[144.78309,-37.86881]},"properties":{"cat":"supermarket","name":"Friendly Grocer"}},{"type":"Feature","geometry":{"type":"Point","coordinates":[144.96359,-37.80848]},"properties":{"cat":"university","name":"School of Global, Urban & Social Studies"}},{"type":"Feature","geometry":{"type":"Point","coordinates":[144.96387,-37.80841]},"properties":{"cat":"university","name":"School of Property"}},{"type":"Feature","geometry":{"type":"Point","coordinates":[144.96377,-37.80864]},"properties":{"cat":"university","name":"School of Education"}},{"type":"Feature","geometry":{"type":"Point","coordinates":[144.96374,-37.80855]},"properties":{"cat":"university","name":"School of Fashion & Textiles"}},{"type":"Feature","geometry":{"type":"Point","coordinates":[144.96517,-37.80739]},"properties":{"cat":"university","name":"School of Law"}},{"type":"Feature","geometry":{"type":"Point","coordinates":[144.96252,-37.80802]},"properties":{"cat":"university","name":"School of Accounting"}},{"type":"Feature","geometry":{"type":"Point","coordinates":[144.96247,-37.80811]},"properties":{"cat":"university","name":"School of Economics"}},{"type":"Feature","geometry":{"type":"Point","coordinates":[144.96253,-37.80818]},"properties":{"cat":"university","name":"School of Management"}},{"type":"Feature","geometry":{"type":"Point","coordinates":[144.96261,-37.80643]},"properties":{"cat":"university","name":"School of Architecture & Urban Design"}},{"type":"Feature","geometry":{"type":"Point","coordinates":[144.96422,-37.80727]},"properties":{"cat":"university","name":"School of Design"}},{"type":"Feature","geometry":{"type":"Point","coordinates":[144.96412,-37.80734]},"properties":{"cat":"university","name":"School of Media & Communication"}},{"type":"Feature","geometry":{"type":"Point","coordinates":[144.96465,-37.80846]},"properties":{"cat":"university","name":"School of Science"}},{"type":"Feature","geometry":{"type":"Point","coordinates":[144.96436,-37.8087]},"properties":{"cat":"university","name":"School of Art"}},{"type":"Feature","geometry":{"type":"Point","coordinates":[144.96356,-37.80745]},"properties":{"cat":"university","name":"School of Computing Technologies"}},{"type":"Feature","geometry":{"type":"Point","coordinates":[144.96352,-37.80768]},"properties":{"cat":"university","name":"School of Engineering"}},{"type":"Feature","geometry":{"type":"Point","coordinates":[144.95784,-37.77134]},"properties":{"cat":"university","name":"School of Fashion & Textiles"}},{"type":"Feature","geometry":{"type":"Point","coordinates":[144.95854,-37.77177]},"properties":{"cat":"university","name":"School of Fashion & Textiles"}},{"type":"Feature","geometry":{"type":"Point","coordinates":[144.95798,-37.7724]},"properties":{"cat":"university","name":"Student Lounge"}},{"type":"Feature","geometry":{"type":"Point","coordinates":[144.95747,-37.77135]},"properties":{"cat":"university","name":"School of Fashion & Textiles"}},{"type":"Feature","geometry":{"type":"Point","coordinates":[144.95765,-37.77227]},"properties":{"cat":"library","name":"RMIT University Brunswick Library"}},{"type":"Feature","geometry":{"type":"Point","coordinates":[144.95816,-37.77288]},"properties":{"cat":"university","name":"Screen Print Workshop"}},{"type":"Feature","geometry":{"type":"Point","coordinates":[144.95842,-37.77276]},"properties":{"cat":"university","name":"Fashion Design Studio"}},{"type":"Feature","geometry":{"type":"Point","coordinates":[144.95844,-37.77221]},"properties":{"cat":"university","name":"Knit/Weave Studio"}},{"type":"Feature","geometry":{"type":"Point","coordinates":[144.96338,-37.8075]},"properties":{"cat":"university","name":"School of Science"}},{"type":"Feature","geometry":{"type":"Point","coordinates":[144.96309,-37.80879]},"properties":{"cat":"university","name":"School of Design"}},{"type":"Feature","geometry":{"type":"Point","coordinates":[144.9646,-37.80745]},"properties":{"cat":"university","name":"Research & Innovation Portfolio"}},{"type":"Feature","geometry":{"type":"Point","coordinates":[144.9645,-37.80917]},"properties":{"cat":"university","name":"School of Art"}},{"type":"Feature","geometry":{"type":"Point","coordinates":[144.96426,-37.80846]},"properties":{"cat":"university","name":"School of Art"}},{"type":"Feature","geometry":{"type":"Point","coordinates":[144.96317,-37.80755]},"properties":{"cat":"university","name":"Apple Foundation"}},{"type":"Feature","geometry":{"type":"Point","coordinates":[145.209,-37.98805]},"properties":{"cat":"worship","name":"Salvation Army"}},{"type":"Feature","geometry":{"type":"Point","coordinates":[144.96526,-37.80896]},"properties":{"cat":"university","name":"Chancellery"}},{"type":"Feature","geometry":{"type":"Point","coordinates":[144.96425,-37.80899]},"properties":{"cat":"university","name":"School of Art"}},{"type":"Feature","geometry":{"type":"Point","coordinates":[145.07149,-37.67694]},"properties":{"cat":"university","name":"School of Engineering"}},{"type":"Feature","geometry":{"type":"Point","coordinates":[145.06473,-37.68064]},"properties":{"cat":"university","name":"School of Education"}},{"type":"Feature","geometry":{"type":"Point","coordinates":[145.06301,-37.68107]},"properties":{"cat":"library","name":"RMIT Bundoora Library"}},{"type":"Feature","geometry":{"type":"Point","coordinates":[145.06434,-37.68145]},"properties":{"cat":"university","name":"School of Health & Biomedical Sciences"}},{"type":"Feature","geometry":{"type":"Point","coordinates":[144.96267,-37.80782]},"properties":{"cat":"university","name":"School of Art"}},{"type":"Feature","geometry":{"type":"Point","coordinates":[144.96357,-37.80647]},"properties":{"cat":"university","name":"STEM College"}},{"type":"Feature","geometry":{"type":"Point","coordinates":[144.96225,-37.80794]},"properties":{"cat":"university","name":"School of Art"}},{"type":"Feature","geometry":{"type":"Point","coordinates":[144.96135,-37.80822]},"properties":{"cat":"university","name":"RMIT UP"}},{"type":"Feature","geometry":{"type":"Point","coordinates":[144.96401,-37.80638]},"properties":{"cat":"university","name":"CODE"}},{"type":"Feature","geometry":{"type":"Point","coordinates":[144.96265,-37.80613]},"properties":{"cat":"university","name":"School of Architecture & Urban Design"}},{"type":"Feature","geometry":{"type":"Point","coordinates":[144.964,-37.80656]},"properties":{"cat":"university","name":"RMIT Activator"}},{"type":"Feature","geometry":{"type":"Point","coordinates":[144.96412,-37.8087]},"properties":{"cat":"university","name":"Education Portfolio"}},{"type":"Feature","geometry":{"type":"Point","coordinates":[144.78482,-37.88312]},"properties":{"cat":"supermarket","name":"The Local Grocery Store"}},{"type":"Feature","geometry":{"type":"Point","coordinates":[144.98465,-37.79783]},"properties":{"cat":"supermarket","name":"Clay Health and Organics"}},{"type":"Feature","geometry":{"type":"Point","coordinates":[145.30253,-38.02098]},"properties":{"cat":"shopping","name":"TK max"}},{"type":"Feature","geometry":{"type":"Point","coordinates":[145.19265,-37.81536]},"properties":{"cat":"supermarket","name":"Woolworths"}},{"type":"Feature","geometry":{"type":"Point","coordinates":[144.58201,-37.68493]},"properties":{"cat":"library","name":"Melton Library & Learning Hub"}},{"type":"Feature","geometry":{"type":"Point","coordinates":[145.04322,-37.94909]},"properties":{"cat":"library","name":"Highett Library"}},{"type":"Feature","geometry":{"type":"Point","coordinates":[144.8919,-37.54407]},"properties":{"cat":"supermarket","name":"Coles"}},{"type":"Feature","geometry":{"type":"Point","coordinates":[144.96129,-37.8247]},"properties":{"cat":"supermarket","name":""}},{"type":"Feature","geometry":{"type":"Point","coordinates":[144.93557,-37.7906]},"properties":{"cat":"supermarket","name":"Ballbayan Groceries"}},{"type":"Feature","geometry":{"type":"Point","coordinates":[144.83144,-37.7169]},"properties":{"cat":"library","name":"Keilor Library"}},{"type":"Feature","geometry":{"type":"Point","coordinates":[144.96563,-37.81782]},"properties":{"cat":"supermarket","name":"Tan Hung Asian Supermarket"}},{"type":"Feature","geometry":{"type":"Point","coordinates":[145.16575,-37.83496]},"properties":{"cat":"supermarket","name":"Aldi"}},{"type":"Feature","geometry":{"type":"Point","coordinates":[145.16584,-37.8357]},"properties":{"cat":"shopping","name":"TK Maxx"}},{"type":"Feature","geometry":{"type":"Point","coordinates":[145.17131,-37.89061]},"properties":{"cat":"worship","name":"St Barnabas Glen Waverley Anglican Church"}},{"type":"Feature","geometry":{"type":"Point","coordinates":[145.12406,-37.92003]},"properties":{"cat":"hospital","name":"Monash Medical Centre, Clayton Campus"}},{"type":"Feature","geometry":{"type":"Point","coordinates":[145.25438,-37.80691]},"properties":{"cat":"hospital","name":"Maroondah Hospital"}},{"type":"Feature","geometry":{"type":"Point","coordinates":[145.08254,-37.88641]},"properties":{"cat":"shopping","name":"Chadstone Shopping Centre"}},{"type":"Feature","geometry":{"type":"Point","coordinates":[145.19012,-37.93535]},"properties":{"cat":"shopping","name":"Waverley Gardens Shopping Centre"}},{"type":"Feature","geometry":{"type":"Point","coordinates":[144.96001,-37.76978]},"properties":{"cat":"supermarket","name":"Woolworths"}},{"type":"Feature","geometry":{"type":"Point","coordinates":[144.95565,-37.79865]},"properties":{"cat":"hospital","name":"The Royal Melbourne Hospital"}},{"type":"Feature","geometry":{"type":"Point","coordinates":[144.95755,-37.77212]},"properties":{"cat":"university","name":"RMIT University (Brunswick Campus)"}},{"type":"Feature","geometry":{"type":"Point","coordinates":[145.11918,-37.81515]},"properties":{"cat":"hospital","name":"Epworth Eastern"}},{"type":"Feature","geometry":{"type":"Point","coordinates":[145.11841,-37.81362]},"properties":{"cat":"hospital","name":"Box Hill Hospital"}},{"type":"Feature","geometry":{"type":"Point","coordinates":[145.14906,-37.87301]},"properties":{"cat":"worship","name":"Syndal Baptist Church"}},{"type":"Feature","geometry":{"type":"Point","coordinates":[144.95267,-37.74987]},"properties":{"cat":"worship","name":"Saint Fidelius"}},{"type":"Feature","geometry":{"type":"Point","coordinates":[144.95884,-37.75428]},"properties":{"cat":"hospital","name":"John Fawkner Private Hospital"}},{"type":"Feature","geometry":{"type":"Point","coordinates":[145.13647,-37.91063]},"properties":{"cat":"university","name":"Monash University, Clayton Campus"}},{"type":"Feature","geometry":{"type":"Point","coordinates":[145.13209,-37.90967]},"properties":{"cat":"library","name":"Hargrave-Andrew Library"}},{"type":"Feature","geometry":{"type":"Point","coordinates":[145.16244,-37.90554]},"properties":{"cat":"shopping","name":"Brandon Park Shopping Centre"}},{"type":"Feature","geometry":{"type":"Point","coordinates":[145.22222,-37.81558]},"properties":{"cat":"shopping","name":"Ringwood Square Shopping Centre"}},{"type":"Feature","geometry":{"type":"Point","coordinates":[145.20929,-37.85971]},"properties":{"cat":"university","name":"Melbourne School of Theology"}},{"type":"Feature","geometry":{"type":"Point","coordinates":[145.18256,-37.85508]},"properties":{"cat":"shopping","name":"Vermont South Shopping Centre"}},{"type":"Feature","geometry":{"type":"Point","coordinates":[145.14369,-37.89154]},"properties":{"cat":"shopping","name":"Pinewood Shopping Centre"}},{"type":"Feature","geometry":{"type":"Point","coordinates":[144.96764,-37.8168]},"properties":{"cat":"worship","name":"Saint Paul's Cathedral"}},{"type":"Feature","geometry":{"type":"Point","coordinates":[144.9671,-37.82072]},"properties":{"cat":"worship","name":"Saint Johns Southgate"}},{"type":"Feature","geometry":{"type":"Point","coordinates":[144.96773,-37.81478]},"properties":{"cat":"worship","name":"Collins Street Baptist Church"}},{"type":"Feature","geometry":{"type":"Point","coordinates":[144.9685,-37.81451]},"properties":{"cat":"worship","name":"Scots Church"}},{"type":"Feature","geometry":{"type":"Point","coordinates":[144.69792,-37.88709]},"properties":{"cat":"hospital","name":"Werribee Mercy Hospital"}},{"type":"Feature","geometry":{"type":"Point","coordinates":[144.90987,-37.73274]},"properties":{"cat":"shopping","name":"Direct Factory Outlets"}},{"type":"Feature","geometry":{"type":"Point","coordinates":[144.90788,-37.73343]},"properties":{"cat":"shopping","name":"Homemaker Centre"}},{"type":"Feature","geometry":{"type":"Point","coordinates":[144.90555,-37.734]},"properties":{"cat":"shopping","name":"Homemaker Centre"}},{"type":"Feature","geometry":{"type":"Point","coordinates":[144.90405,-37.73288]},"properties":{"cat":"shopping","name":"Homemaker Centre"}},{"type":"Feature","geometry":{"type":"Point","coordinates":[144.96489,-37.79943]},"properties":{"cat":"hospital","name":"Royal Dental Hospital of Melbourne"}},{"type":"Feature","geometry":{"type":"Point","coordinates":[144.96549,-37.8097]},"properties":{"cat":"library","name":"State Library Victoria"}},{"type":"Feature","geometry":{"type":"Point","coordinates":[144.95935,-37.79837]},"properties":{"cat":"library","name":"Baillieu Library"}},{"type":"Feature","geometry":{"type":"Point","coordinates":[144.96925,-37.81431]},"properties":{"cat":"worship","name":"St Michael's Uniting Church"}},{"type":"Feature","geometry":{"type":"Point","coordinates":[144.90857,-37.74416]},"properties":{"cat":"supermarket","name":"IGA"}},{"type":"Feature","geometry":{"type":"Point","coordinates":[144.95986,-37.68822]},"properties":{"cat":"shopping","name":"Campbellfield Plaza"}},{"type":"Feature","geometry":{"type":"Point","coordinates":[145.02729,-37.68781]},"properties":{"cat":"shopping","name":"Harvey Norman"}},{"type":"Feature","geometry":{"type":"Point","coordinates":[145.05891,-37.82987]},"properties":{"cat":"shopping","name":"Camberwell Central"}},{"type":"Feature","geometry":{"type":"Point","coordinates":[144.96282,-37.79936]},"properties":{"cat":"library","name":"Eastern Resource Centre Library (Building 171)"}},{"type":"Feature","geometry":{"type":"Point","coordinates":[145.24378,-37.87053]},"properties":{"cat":"shopping","name":""}},{"type":"Feature","geometry":{"type":"Point","coordinates":[145.2415,-37.869]},"properties":{"cat":"shopping","name":"Westfield Knox"}},{"type":"Feature","geometry":{"type":"Point","coordinates":[145.16493,-37.83549]},"properties":{"cat":"shopping","name":"Forest Hill Chase"}},{"type":"Feature","geometry":{"type":"Point","coordinates":[145.21263,-37.86882]},"properties":{"cat":"worship","name":"Melbourne Australia Temple"}},{"type":"Feature","geometry":{"type":"Point","coordinates":[144.90764,-37.73347]},"properties":{"cat":"shopping","name":"DFO Essendon"}},{"type":"Feature","geometry":{"type":"Point","coordinates":[145.23529,-37.87354]},"properties":{"cat":"university","name":"Swinburne University of Technology - Wantirna Campus"}},{"type":"Feature","geometry":{"type":"Point","coordinates":[144.97473,-37.80683]},"properties":{"cat":"hospital","name":"St Vincent's Hospital"}},{"type":"Feature","geometry":{"type":"Point","coordinates":[145.12141,-37.81956]},"properties":{"cat":"shopping","name":"Box Hill Central South"}},{"type":"Feature","geometry":{"type":"Point","coordinates":[145.12062,-37.81846]},"properties":{"cat":"shopping","name":"Box Hill Central North"}},{"type":"Feature","geometry":{"type":"Point","coordinates":[145.05891,-37.75661]},"properties":{"cat":"hospital","name":"Austin Hospital"}},{"type":"Feature","geometry":{"type":"Point","coordinates":[144.83127,-37.78168]},"properties":{"cat":"shopping","name":"Sunshine Marketplace"}},{"type":"Feature","geometry":{"type":"Point","coordinates":[144.81744,-37.7588]},"properties":{"cat":"hospital","name":"Sunshine Hospital"}},{"type":"Feature","geometry":{"type":"Point","coordinates":[145.26656,-37.84243]},"properties":{"cat":"shopping","name":"Mountain High Shopping Centre"}},{"type":"Feature","geometry":{"type":"Point","coordinates":[145.27585,-37.88388]},"properties":{"cat":"shopping","name":"Mountain Gate Shopping Centre"}},{"type":"Feature","geometry":{"type":"Point","coordinates":[145.18157,-37.81904]},"properties":{"cat":"shopping","name":"Harvey Norman"}},{"type":"Feature","geometry":{"type":"Point","coordinates":[145.17149,-37.81943]},"properties":{"cat":"shopping","name":"Brand Smart Outlet Mall"}},{"type":"Feature","geometry":{"type":"Point","coordinates":[145.21636,-37.85295]},"properties":{"cat":"worship","name":"Grace Church of Christ"}},{"type":"Feature","geometry":{"type":"Point","coordinates":[144.91948,-37.67998]},"properties":{"cat":"shopping","name":"Broadmeadows Shopping Centre"}},{"type":"Feature","geometry":{"type":"Point","coordinates":[144.88491,-38.36288]},"properties":{"cat":"hospital","name":"Rosebud Hospital"}},{"type":"Feature","geometry":{"type":"Point","coordinates":[144.94953,-37.79381]},"properties":{"cat":"hospital","name":"Royal Children's Hospital"}},{"type":"Feature","geometry":{"type":"Point","coordinates":[145.2792,-37.79363]},"properties":{"cat":"shopping","name":"Croydon Central"}},{"type":"Feature","geometry":{"type":"Point","coordinates":[145.27871,-37.79363]},"properties":{"cat":"shopping","name":"Croydon Central"}},{"type":"Feature","geometry":{"type":"Point","coordinates":[145.14988,-37.85347]},"properties":{"cat":"shopping","name":"Burwood One"}},{"type":"Feature","geometry":{"type":"Point","coordinates":[144.92195,-37.76461]},"properties":{"cat":"shopping","name":"Moonee Ponds Central"}},{"type":"Feature","geometry":{"type":"Point","coordinates":[144.92141,-37.76775]},"properties":{"cat":"supermarket","name":"Woolworths"}},{"type":"Feature","geometry":{"type":"Point","coordinates":[145.23653,-37.91942]},"properties":{"cat":"shopping","name":"Stud Park Shopping Centre"}},{"type":"Feature","geometry":{"type":"Point","coordinates":[145.23728,-37.92053]},"properties":{"cat":"shopping","name":"Stud Park Shopping Centre"}},{"type":"Feature","geometry":{"type":"Point","coordinates":[145.237,-37.91832]},"properties":{"cat":"shopping","name":""}},{"type":"Feature","geometry":{"type":"Point","coordinates":[144.92409,-37.72187]},"properties":{"cat":"community","name":"Jessica Morris Community Hall"}},{"type":"Feature","geometry":{"type":"Point","coordinates":[145.01081,-37.81318]},"properties":{"cat":"shopping","name":"Victoria Gardens Shopping Centre"}},{"type":"Feature","geometry":{"type":"Point","coordinates":[145.06475,-37.79302]},"properties":{"cat":"supermarket","name":"Coles Local"}},{"type":"Feature","geometry":{"type":"Point","coordinates":[145.08236,-37.88612]},"properties":{"cat":"shopping","name":"Chadstone Shopping Centre"}},{"type":"Feature","geometry":{"type":"Point","coordinates":[144.8854,-37.74857]},"properties":{"cat":"hospital","name":"Essendon Private Hospital"}},{"type":"Feature","geometry":{"type":"Point","coordinates":[144.92374,-37.74256]},"properties":{"cat":"worship","name":"St Vincent de Paul Catholic Church"}},{"type":"Feature","geometry":{"type":"Point","coordinates":[144.95246,-37.81011]},"properties":{"cat":"worship","name":"Saint James Old Cathedral"}},{"type":"Feature","geometry":{"type":"Point","coordinates":[144.67959,-37.87484]},"properties":{"cat":"shopping","name":"Pacific Werribee"}},{"type":"Feature","geometry":{"type":"Point","coordinates":[145.30362,-38.01782]},"properties":{"cat":"shopping","name":"Westfield Fountain Gate Shopping Centre"}},{"type":"Feature","geometry":{"type":"Point","coordinates":[144.9653,-37.80584]},"properties":{"cat":"university","name":"RMIT University"}},{"type":"Feature","geometry":{"type":"Point","coordinates":[144.86099,-37.74998]},"properties":{"cat":"shopping","name":"Milleara Shopping Centre"}},{"type":"Feature","geometry":{"type":"Point","coordinates":[145.34767,-37.76482]},"properties":{"cat":"university","name":"Box Hill Institute (Lilydale Campus)"}},{"type":"Feature","geometry":{"type":"Point","coordinates":[144.9638,-37.74387]},"properties":{"cat":"supermarket","name":"Woolworths"}},{"type":"Feature","geometry":{"type":"Point","coordinates":[144.8846,-37.77235]},"properties":{"cat":"shopping","name":"Harvey Norman"}},{"type":"Feature","geometry":{"type":"Point","coordinates":[145.01251,-37.78918]},"properties":{"cat":"hospital","name":"Thomas Embling Hospital"}},{"type":"Feature","geometry":{"type":"Point","coordinates":[144.99597,-37.84245]},"properties":{"cat":"shopping","name":"Jam Factory"}},{"type":"Feature","geometry":{"type":"Point","coordinates":[144.89287,-37.73794]},"properties":{"cat":"shopping","name":"Niddrie Central"}},{"type":"Feature","geometry":{"type":"Point","coordinates":[144.89286,-37.73815]},"properties":{"cat":"supermarket","name":"Woolworths"}},{"type":"Feature","geometry":{"type":"Point","coordinates":[144.96816,-37.79804]},"properties":{"cat":"shopping","name":"Lygon Court Shopping Centre"}},{"type":"Feature","geometry":{"type":"Point","coordinates":[145.00174,-37.76823]},"properties":{"cat":"shopping","name":"Northcote Plaza Shopping Centre"}},{"type":"Feature","geometry":{"type":"Point","coordinates":[144.95868,-37.78398]},"properties":{"cat":"university","name":"Monash University"}},{"type":"Feature","geometry":{"type":"Point","coordinates":[145.06346,-37.68021]},"properties":{"cat":"university","name":"RMIT University (Bundoora West Campus)"}},{"type":"Feature","geometry":{"type":"Point","coordinates":[145.07302,-37.67694]},"properties":{"cat":"university","name":"RMIT University (Bundoora East Campus)"}},{"type":"Feature","geometry":{"type":"Point","coordinates":[144.98439,-37.81227]},"properties":{"cat":"hospital","name":"St Vincent's Private Hospital East Melbourne"}},{"type":"Feature","geometry":{"type":"Point","coordinates":[145.24985,-37.89453]},"properties":{"cat":"shopping","name":"Knoxfield Shopping Strip"}},{"type":"Feature","geometry":{"type":"Point","coordinates":[145.0569,-37.96245]},"properties":{"cat":"worship","name":"Southern Community Church of Christ"}},{"type":"Feature","geometry":{"type":"Point","coordinates":[145.11102,-37.95822]},"properties":{"cat":"worship","name":"Kingston Christian Centre"}},{"type":"Feature","geometry":{"type":"Point","coordinates":[145.04757,-37.72085]},"properties":{"cat":"university","name":"La Trobe University (Bundoora Campus)"}},{"type":"Feature","geometry":{"type":"Point","coordinates":[145.04494,-37.87725]},"properties":{"cat":"university","name":"Monash University (Caulfield campus)"}},{"type":"Feature","geometry":{"type":"Point","coordinates":[145.13624,-38.15278]},"properties":{"cat":"university","name":"Monash University (Peninsula Campus)"}},{"type":"Feature","geometry":{"type":"Point","coordinates":[145.12884,-38.15099]},"properties":{"cat":"hospital","name":"Frankston Hospital"}},{"type":"Feature","geometry":{"type":"Point","coordinates":[145.04292,-37.87616]},"properties":{"cat":"shopping","name":"Caulfield Plaza Shopping Centre"}},{"type":"Feature","geometry":{"type":"Point","coordinates":[144.95908,-37.8043]},"properties":{"cat":"supermarket","name":"KT Mart"}},{"type":"Feature","geometry":{"type":"Point","coordinates":[144.85893,-37.74479]},"properties":{"cat":"worship","name":"St Peter's Parish Church"}},{"type":"Feature","geometry":{"type":"Point","coordinates":[145.39465,-37.79705]},"properties":{"cat":"worship","name":"Discovery Church"}},{"type":"Feature","geometry":{"type":"Point","coordinates":[145.25026,-37.92599]},"properties":{"cat":"worship","name":"Rowville Baptist"}},{"type":"Feature","geometry":{"type":"Point","coordinates":[145.31448,-37.89895]},"properties":{"cat":"hospital","name":"Angliss Hospital"}},{"type":"Feature","geometry":{"type":"Point","coordinates":[145.05281,-37.80841]},"properties":{"cat":"hospital","name":"St George's Health Service"}},{"type":"Feature","geometry":{"type":"Point","coordinates":[144.77468,-37.75108]},"properties":{"cat":"shopping","name":"Brimbank Shopping Centre"}},{"type":"Feature","geometry":{"type":"Point","coordinates":[145.00358,-37.75116]},"properties":{"cat":"supermarket","name":"Woolworths"}},{"type":"Feature","geometry":{"type":"Point","coordinates":[145.27459,-37.83126]},"properties":{"cat":"worship","name":"Truth and Liberation Concern"}},{"type":"Feature","geometry":{"type":"Point","coordinates":[145.30792,-37.8091]},"properties":{"cat":"worship","name":"The Revival Fellowship"}},{"type":"Feature","geometry":{"type":"Point","coordinates":[145.28313,-37.79972]},"properties":{"cat":"shopping","name":"Civic Square Shopping Centre"}},{"type":"Feature","geometry":{"type":"Point","coordinates":[145.22295,-37.8656]},"properties":{"cat":"worship","name":""}},{"type":"Feature","geometry":{"type":"Point","coordinates":[145.15278,-37.8116]},"properties":{"cat":"shopping","name":"Blackburn Square"}},{"type":"Feature","geometry":{"type":"Point","coordinates":[144.56328,-37.68625]},"properties":{"cat":"shopping","name":"Woodgrove Shopping Centre"}},{"type":"Feature","geometry":{"type":"Point","coordinates":[145.07849,-37.95595]},"properties":{"cat":"hospital","name":"Kingston Centre"}},{"type":"Feature","geometry":{"type":"Point","coordinates":[145.26333,-37.96666]},"properties":{"cat":"worship","name":"South Eastern Christian Centre"}},{"type":"Feature","geometry":{"type":"Point","coordinates":[145.13721,-38.17837]},"properties":{"cat":"worship","name":"Peninsula City Church"}},{"type":"Feature","geometry":{"type":"Point","coordinates":[144.95984,-37.81037]},"properties":{"cat":"worship","name":"Welsh Church"}},{"type":"Feature","geometry":{"type":"Point","coordinates":[145.10247,-37.70307]},"properties":{"cat":"shopping","name":"Greensborough Plaza"}},{"type":"Feature","geometry":{"type":"Point","coordinates":[145.15561,-37.83322]},"properties":{"cat":"hospital","name":"Eastern Health Blackburn"}},{"type":"Feature","geometry":{"type":"Point","coordinates":[144.89872,-37.8049]},"properties":{"cat":"university","name":"Victoria University (Footscray Nicholson Campus)"}},{"type":"Feature","geometry":{"type":"Point","coordinates":[144.97808,-37.77764]},"properties":{"cat":"worship","name":"Our Lady Help of Christians Church"}},{"type":"Feature","geometry":{"type":"Point","coordinates":[145.3017,-37.82289]},"properties":{"cat":"shopping","name":"Canterbury Gardens Shopping Centre"}},{"type":"Feature","geometry":{"type":"Point","coordinates":[144.79746,-37.75289]},"properties":{"cat":"university","name":"Victoria University (St Albans Campus)"}},{"type":"Feature","geometry":{"type":"Point","coordinates":[144.88881,-37.77328]},"properties":{"cat":"shopping","name":"Highpoint Shopping Centre"}},{"type":"Feature","geometry":{"type":"Point","coordinates":[145.0417,-37.76866]},"properties":{"cat":"shopping","name":"Ivanhoe Plaza"}},{"type":"Feature","geometry":{"type":"Point","coordinates":[145.22765,-37.88979]},"properties":{"cat":"worship","name":"St Jude's Parish"}},{"type":"Feature","geometry":{"type":"Point","coordinates":[145.1135,-37.77302]},"properties":{"cat":"shopping","name":"Macedon Plaza"}},{"type":"Feature","geometry":{"type":"Point","coordinates":[145.15463,-37.78197]},"properties":{"cat":"worship","name":""}},{"type":"Feature","geometry":{"type":"Point","coordinates":[144.99304,-37.81718]},"properties":{"cat":"hospital","name":"Epworth Richmond Hospital"}},{"type":"Feature","geometry":{"type":"Point","coordinates":[145.33891,-38.03968]},"properties":{"cat":"university","name":"Federation University Berwick Campus"}},{"type":"Feature","geometry":{"type":"Point","coordinates":[144.83579,-37.77684]},"properties":{"cat":"university","name":"Victoria University Sunshine Campus"}},{"type":"Feature","geometry":{"type":"Point","coordinates":[145.28609,-37.80159]},"properties":{"cat":"library","name":"CD"}},{"type":"Feature","geometry":{"type":"Point","coordinates":[145.04233,-38.22449]},"properties":{"cat":"hospital","name":"The Bays Cancer Care Centre"}},{"type":"Feature","geometry":{"type":"Point","coordinates":[145.16736,-37.8233]},"properties":{"cat":"worship","name":"Victorian Conference of the Seventh-Day Adventist Church"}},{"type":"Feature","geometry":{"type":"Point","coordinates":[145.28427,-38.03452]},"properties":{"cat":"supermarket","name":"ALDI"}},{"type":"Feature","geometry":{"type":"Point","coordinates":[145.218,-37.97636]},"properties":{"cat":"hospital","name":"Dandenong Hospital"}},{"type":"Feature","geometry":{"type":"Point","coordinates":[144.99187,-37.85241]},"properties":{"cat":"university","name":"Swinburne University of Technology (Prahran Campus)"}},{"type":"Feature","geometry":{"type":"Point","coordinates":[145.04753,-37.75441]},"properties":{"cat":"hospital","name":"Heidelberg Repatriation Hospital"}},{"type":"Feature","geometry":{"type":"Point","coordinates":[145.02282,-37.8288]},"properties":{"cat":"university","name":"The University of Melbourne, Burnley Campus"}},{"type":"Feature","geometry":{"type":"Point","coordinates":[145.04756,-38.24561]},"properties":{"cat":"shopping","name":"Bentons Square"}},{"type":"Feature","geometry":{"type":"Point","coordinates":[145.01577,-37.8044]},"properties":{"cat":"hospital","name":"Caritas Christi Hospice"}},{"type":"Feature","geometry":{"type":"Point","coordinates":[145.26573,-38.0337]},"properties":{"cat":"shopping","name":"Hampton Park Central"}},{"type":"Feature","geometry":{"type":"Point","coordinates":[145.0177,-37.74755]},"properties":{"cat":"shopping","name":"Harvey Norman"}},{"type":"Feature","geometry":{"type":"Point","coordinates":[145.2937,-37.88944]},"properties":{"cat":"supermarket","name":"Woolworths"}},{"type":"Feature","geometry":{"type":"Point","coordinates":[144.97803,-37.80736]},"properties":{"cat":"university","name":"Australian Catholic University"}},{"type":"Feature","geometry":{"type":"Point","coordinates":[145.16566,-38.1526]},"properties":{"cat":"shopping","name":"Karingal Hub Shopping Centre"}},{"type":"Feature","geometry":{"type":"Point","coordinates":[145.16983,-38.22431]},"properties":{"cat":"shopping","name":"Somerville Shopping Centre"}},{"type":"Feature","geometry":{"type":"Point","coordinates":[145.1375,-38.14848]},"properties":{"cat":"shopping","name":"Frankston Power Centre"}},{"type":"Feature","geometry":{"type":"Point","coordinates":[145.18484,-38.10199]},"properties":{"cat":"shopping","name":"Carrum Downs Shopping Centre"}},{"type":"Feature","geometry":{"type":"Point","coordinates":[145.19659,-38.15049]},"properties":{"cat":"shopping","name":"The Gateway Shopping Centre"}},{"type":"Feature","geometry":{"type":"Point","coordinates":[145.12659,-38.10929]},"properties":{"cat":"supermarket","name":"Woolworths"}},{"type":"Feature","geometry":{"type":"Point","coordinates":[145.1611,-38.11026]},"properties":{"cat":"supermarket","name":"ALDI"}},{"type":"Feature","geometry":{"type":"Point","coordinates":[145.14471,-38.14728]},"properties":{"cat":"supermarket","name":"Ritchies IGA"}},{"type":"Feature","geometry":{"type":"Point","coordinates":[145.20812,-38.14183]},"properties":{"cat":"shopping","name":"Langwarrin Shopping Centre"}},{"type":"Feature","geometry":{"type":"Point","coordinates":[145.21752,-37.98667]},"properties":{"cat":"shopping","name":"Dandenong Square"}},{"type":"Feature","geometry":{"type":"Point","coordinates":[145.18295,-38.08868]},"properties":{"cat":"shopping","name":"The local village @ Carrum Downs"}},{"type":"Feature","geometry":{"type":"Point","coordinates":[145.43998,-37.93275]},"properties":{"cat":"supermarket","name":"Ritchies IGA"}},{"type":"Feature","geometry":{"type":"Point","coordinates":[144.99871,-37.85489]},"properties":{"cat":"hospital","name":"The Avenue Hospital"}},{"type":"Feature","geometry":{"type":"Point","coordinates":[145.01738,-37.88288]},"properties":{"cat":"hospital","name":"Caulfield Hospital"}},{"type":"Feature","geometry":{"type":"Point","coordinates":[144.86437,-37.78206]},"properties":{"cat":"shopping","name":"Braybrook Plaza"}},{"type":"Feature","geometry":{"type":"Point","coordinates":[145.18989,-38.30893]},"properties":{"cat":"shopping","name":"Kmart"}},{"type":"Feature","geometry":{"type":"Point","coordinates":[145.19106,-38.30902]},"properties":{"cat":"supermarket","name":"Woolworths"}},{"type":"Feature","geometry":{"type":"Point","coordinates":[145.1938,-38.30808]},"properties":{"cat":"library","name":"Hastings Library"}},{"type":"Feature","geometry":{"type":"Point","coordinates":[145.1237,-38.14585]},"properties":{"cat":"library","name":"Frankston Library"}},{"type":"Feature","geometry":{"type":"Point","coordinates":[145.0271,-37.86304]},"properties":{"cat":"shopping","name":"Malvern Central Shopping Centre"}},{"type":"Feature","geometry":{"type":"Point","coordinates":[145.0336,-37.86183]},"properties":{"cat":"hospital","name":"Cabrini Hospital"}},{"type":"Feature","geometry":{"type":"Point","coordinates":[145.08874,-37.97117]},"properties":{"cat":"shopping","name":"DFO Moorabbin"}},{"type":"Feature","geometry":{"type":"Point","coordinates":[145.03199,-37.85667]},"properties":{"cat":"library","name":"Malvern Library"}},{"type":"Feature","geometry":{"type":"Point","coordinates":[144.77536,-37.70064]},"properties":{"cat":"shopping","name":"Watergardens Town Centre"}},{"type":"Feature","geometry":{"type":"Point","coordinates":[145.01394,-37.65347]},"properties":{"cat":"hospital","name":"The Northern Hospital"}},{"type":"Feature","geometry":{"type":"Point","coordinates":[145.01931,-37.65416]},"properties":{"cat":"shopping","name":"Pacific Epping"}},{"type":"Feature","geometry":{"type":"Point","coordinates":[144.94882,-37.77241]},"properties":{"cat":"supermarket","name":"Coles"}},{"type":"Feature","geometry":{"type":"Point","coordinates":[144.96612,-37.82023]},"properties":{"cat":"shopping","name":"Southgate"}},{"type":"Feature","geometry":{"type":"Point","coordinates":[145.1125,-37.84469]},"properties":{"cat":"university","name":"Deakin University - Burwood Campus"}},{"type":"Feature","geometry":{"type":"Point","coordinates":[144.94242,-37.70937]},"properties":{"cat":"community","name":"Hadfield Community Hall"}},{"type":"Feature","geometry":{"type":"Point","coordinates":[145.22528,-37.84861]},"properties":{"cat":"hospital","name":"Wantirna Health"}},{"type":"Feature","geometry":{"type":"Point","coordinates":[145.0033,-37.86952]},"properties":{"cat":"hospital","name":"Masada Private Hospital"}},{"type":"Feature","geometry":{"type":"Point","coordinates":[145.16045,-37.8981]},"properties":{"cat":"hospital","name":"The Victorian Rehabilitation Centre"}},{"type":"Feature","geometry":{"type":"Point","coordinates":[144.96068,-37.77176]},"properties":{"cat":"library","name":"Brunswick Library"}},{"type":"Feature","geometry":{"type":"Point","coordinates":[144.99895,-37.81485]},"properties":{"cat":"hospital","name":"The Melbourne Clinic"}},{"type":"Feature","geometry":{"type":"Point","coordinates":[145.25678,-38.05223]},"properties":{"cat":"shopping","name":"Lynbrook Village"}},{"type":"Feature","geometry":{"type":"Point","coordinates":[145.12791,-38.10984]},"properties":{"cat":"community","name":""}},{"type":"Feature","geometry":{"type":"Point","coordinates":[145.1844,-37.83747]},"properties":{"cat":"supermarket","name":"Woolworths"}},{"type":"Feature","geometry":{"type":"Point","coordinates":[144.94782,-37.77795]},"properties":{"cat":"hospital","name":"Royal Melbourne Hospital - Royal Park Campus"}},{"type":"Feature","geometry":{"type":"Point","coordinates":[144.94739,-37.78063]},"properties":{"cat":"hospital","name":"Orygen Youth Health"}},{"type":"Feature","geometry":{"type":"Point","coordinates":[144.93816,-37.81302]},"properties":{"cat":"shopping","name":"The District Docklands"}},{"type":"Feature","geometry":{"type":"Point","coordinates":[145.48241,-38.0741]},"properties":{"cat":"community","name":"Living and Learning in Cardinia"}},{"type":"Feature","geometry":{"type":"Point","coordinates":[145.04103,-37.88892]},"properties":{"cat":"supermarket","name":"Woolworths"}},{"type":"Feature","geometry":{"type":"Point","coordinates":[145.05859,-37.88478]},"properties":{"cat":"shopping","name":"Carnegie Central"}},{"type":"Feature","geometry":{"type":"Point","coordinates":[145.03851,-37.91755]},"properties":{"cat":"supermarket","name":"Coles"}},{"type":"Feature","geometry":{"type":"Point","coordinates":[145.14349,-38.06767]},"properties":{"cat":"shopping","name":"Lakeview Shopping Centre"}},{"type":"Feature","geometry":{"type":"Point","coordinates":[144.93074,-37.8311]},"properties":{"cat":"supermarket","name":"Woolworths"}},{"type":"Feature","geometry":{"type":"Point","coordinates":[145.02928,-37.80629]},"properties":{"cat":"supermarket","name":"Leo's Fine Food & Wine"}},{"type":"Feature","geometry":{"type":"Point","coordinates":[145.22807,-37.84942]},"properties":{"cat":"hospital","name":"Knox Private Hospital"}},{"type":"Feature","geometry":{"type":"Point","coordinates":[145.06241,-37.98162]},"properties":{"cat":"supermarket","name":"Woolworths"}},{"type":"Feature","geometry":{"type":"Point","coordinates":[145.06437,-37.98407]},"properties":{"cat":"supermarket","name":"Coles"}},{"type":"Feature","geometry":{"type":"Point","coordinates":[144.97607,-37.80748]},"properties":{"cat":"hospital","name":"St Vincents Private Hospital Fitzroy"}},{"type":"Feature","geometry":{"type":"Point","coordinates":[144.92175,-37.70397]},"properties":{"cat":"community","name":"Glenroy Community Centre"}},{"type":"Feature","geometry":{"type":"Point","coordinates":[144.83369,-37.78226]},"properties":{"cat":"shopping","name":"Sunshine Plaza"}},{"type":"Feature","geometry":{"type":"Point","coordinates":[144.86133,-37.79381]},"properties":{"cat":"shopping","name":"Central West Shopping Centre"}},{"type":"Feature","geometry":{"type":"Point","coordinates":[145.13441,-37.85278]},"properties":{"cat":"supermarket","name":"Woolworths"}},{"type":"Feature","geometry":{"type":"Point","coordinates":[144.99649,-37.83921]},"properties":{"cat":"shopping","name":"Como Centre"}},{"type":"Feature","geometry":{"type":"Point","coordinates":[145.17108,-37.79145]},"properties":{"cat":"shopping","name":"Tunstall Square"}},{"type":"Feature","geometry":{"type":"Point","coordinates":[145.03894,-37.93472]},"properties":{"cat":"supermarket","name":"Woolworths"}},{"type":"Feature","geometry":{"type":"Point","coordinates":[145.06204,-37.69129]},"properties":{"cat":"hospital","name":"Northpark Private Hospital"}},{"type":"Feature","geometry":{"type":"Point","coordinates":[145.29562,-38.11374]},"properties":{"cat":"library","name":"Cranbourne Library"}},{"type":"Feature","geometry":{"type":"Point","coordinates":[145.1151,-37.90805]},"properties":{"cat":"worship","name":"Clayton Chinese Christian Church"}},{"type":"Feature","geometry":{"type":"Point","coordinates":[144.98747,-37.81569]},"properties":{"cat":"hospital","name":"Epworth Cliveden"}},{"type":"Feature","geometry":{"type":"Point","coordinates":[144.94423,-37.79642]},"properties":{"cat":"worship","name":"Ss Peter & Paul Ukrainian Catholic Cathedral"}},{"type":"Feature","geometry":{"type":"Point","coordinates":[144.97858,-37.41201]},"properties":{"cat":"shopping","name":"Wellington Square Shopping Centre"}},{"type":"Feature","geometry":{"type":"Point","coordinates":[145.28604,-37.80164]},"properties":{"cat":"university","name":"Swinburne University of Technology - Croydon Campus"}},{"type":"Feature","geometry":{"type":"Point","coordinates":[145.07079,-37.68117]},"properties":{"cat":"shopping","name":"Uni Hill Factory Outlets"}},{"type":"Feature","geometry":{"type":"Point","coordinates":[145.07109,-37.68288]},"properties":{"cat":"shopping","name":"University Hill Town Centre"}},{"type":"Feature","geometry":{"type":"Point","coordinates":[144.94561,-37.79402]},"properties":{"cat":"worship","name":"Saint Michaels Catholic Church"}},{"type":"Feature","geometry":{"type":"Point","coordinates":[144.98888,-37.86782]},"properties":{"cat":"library","name":"St Kilda Public Library"}},{"type":"Feature","geometry":{"type":"Point","coordinates":[144.9758,-37.86362]},"properties":{"cat":"worship","name":"Christ Church St Kilda"}},{"type":"Feature","geometry":{"type":"Point","coordinates":[145.11583,-38.05433]},"properties":{"cat":"supermarket","name":"Woolworths"}},{"type":"Feature","geometry":{"type":"Point","coordinates":[144.97639,-37.86071]},"properties":{"cat":"community","name":"Victorian Pride Centre"}},{"type":"Feature","geometry":{"type":"Point","coordinates":[144.97701,-37.83392]},"properties":{"cat":"worship","name":"Chapel of St Peter"}},{"type":"Feature","geometry":{"type":"Point","coordinates":[145.16384,-37.88223]},"properties":{"cat":"library","name":"Glen Waverley Public Library"}},{"type":"Feature","geometry":{"type":"Point","coordinates":[144.95738,-37.83076]},"properties":{"cat":"shopping","name":"South Melbourne Central"}},{"type":"Feature","geometry":{"type":"Point","coordinates":[145.22527,-37.84538]},"properties":{"cat":"community","name":"Chinese Association of Victoria"}},{"type":"Feature","geometry":{"type":"Point","coordinates":[145.22171,-37.84612]},"properties":{"cat":"worship","name":"Seventh-day Adventist Church"}},{"type":"Feature","geometry":{"type":"Point","coordinates":[145.07144,-37.65134]},"properties":{"cat":"shopping","name":"Westfield Plenty Valley"}},{"type":"Feature","geometry":{"type":"Point","coordinates":[145.16709,-37.82416]},"properties":{"cat":"worship","name":"SDA Victorian Conference Headquarters"}},{"type":"Feature","geometry":{"type":"Point","coordinates":[144.96384,-37.81344]},"properties":{"cat":"shopping","name":"Myer"}},{"type":"Feature","geometry":{"type":"Point","coordinates":[144.96385,-37.81241]},"properties":{"cat":"shopping","name":"Emporium"}},{"type":"Feature","geometry":{"type":"Point","coordinates":[144.96258,-37.81153]},"properties":{"cat":"worship","name":"St Francis' Church"}},{"type":"Feature","geometry":{"type":"Point","coordinates":[144.96889,-37.81003]},"properties":{"cat":"university","name":"Southern Cross University"}},{"type":"Feature","geometry":{"type":"Point","coordinates":[144.96291,-37.81491]},"properties":{"cat":"shopping","name":"Galleria"}},{"type":"Feature","geometry":{"type":"Point","coordinates":[144.96815,-37.81672]},"properties":{"cat":"university","name":"Torrens University Flinders Street Campus"}},{"type":"Feature","geometry":{"type":"Point","coordinates":[144.96492,-37.81535]},"properties":{"cat":"shopping","name":"Collins Arcade"}},{"type":"Feature","geometry":{"type":"Point","coordinates":[144.96438,-37.81561]},"properties":{"cat":"shopping","name":"Block Arcade"}},{"type":"Feature","geometry":{"type":"Point","coordinates":[144.96331,-37.81359]},"properties":{"cat":"shopping","name":"Melbourne's GPO"}},{"type":"Feature","geometry":{"type":"Point","coordinates":[145.01891,-37.65382]},"properties":{"cat":"shopping","name":""}},{"type":"Feature","geometry":{"type":"Point","coordinates":[144.77415,-37.70016]},"properties":{"cat":"community","name":"Sydenham Community Hub"}},{"type":"Feature","geometry":{"type":"Point","coordinates":[145.09215,-37.97121]},"properties":{"cat":"shopping","name":"Kingston Central Plaza"}},{"type":"Feature","geometry":{"type":"Point","coordinates":[145.14615,-37.71623]},"properties":{"cat":"library","name":"Eltham Library"}},{"type":"Feature","geometry":{"type":"Point","coordinates":[145.14449,-37.72031]},"properties":{"cat":"community","name":"Eltham Community and Reception Centre"}},{"type":"Feature","geometry":{"type":"Point","coordinates":[145.14628,-37.71419]},"properties":{"cat":"community","name":"Eltham Scouts Hall"}},{"type":"Feature","geometry":{"type":"Point","coordinates":[145.14659,-37.71425]},"properties":{"cat":"community","name":"Eltham Guides Hall"}},{"type":"Feature","geometry":{"type":"Point","coordinates":[145.21301,-37.93868]},"properties":{"cat":"hospital","name":"Mulgrave Private Hospital"}},{"type":"Feature","geometry":{"type":"Point","coordinates":[145.27779,-37.87532]},"properties":{"cat":"worship","name":"The Salvation Army Corps"}},{"type":"Feature","geometry":{"type":"Point","coordinates":[145.28697,-37.86032]},"properties":{"cat":"shopping","name":"Boronia Mall Shopping Centre"}},{"type":"Feature","geometry":{"type":"Point","coordinates":[145.08992,-38.18383]},"properties":{"cat":"shopping","name":"Eliza Square"}},{"type":"Feature","geometry":{"type":"Point","coordinates":[145.17092,-37.89011]},"properties":{"cat":"worship","name":"St Barnabas Ministry Centre"}},{"type":"Feature","geometry":{"type":"Point","coordinates":[145.28462,-37.86294]},"properties":{"cat":"community","name":"Boronia Progress Hall"}},{"type":"Feature","geometry":{"type":"Point","coordinates":[145.26512,-37.84206]},"properties":{"cat":"shopping","name":"Mountain High Shopping Centre"}},{"type":"Feature","geometry":{"type":"Point","coordinates":[144.60719,-37.88739]},"properties":{"cat":"supermarket","name":"ALDI"}},{"type":"Feature","geometry":{"type":"Point","coordinates":[144.6073,-37.88802]},"properties":{"cat":"shopping","name":"Wyndham Vale Square Shopping Centre"}},{"type":"Feature","geometry":{"type":"Point","coordinates":[145.24089,-37.8594]},"properties":{"cat":"supermarket","name":"IGA"}},{"type":"Feature","geometry":{"type":"Point","coordinates":[145.10009,-37.7048]},"properties":{"cat":"supermarket","name":"Woolworths"}},{"type":"Feature","geometry":{"type":"Point","coordinates":[145.16211,-37.88109]},"properties":{"cat":"worship","name":""}},{"type":"Feature","geometry":{"type":"Point","coordinates":[145.125,-38.10326]},"properties":{"cat":"community","name":"Seaford Life Saving Club"}},{"type":"Feature","geometry":{"type":"Point","coordinates":[144.89561,-37.72725]},"properties":{"cat":"shopping","name":"Essendon Fields Central"}},{"type":"Feature","geometry":{"type":"Point","coordinates":[144.95187,-37.81581]},"properties":{"cat":"shopping","name":"Spencer Outlet Centre"}},{"type":"Feature","geometry":{"type":"Point","coordinates":[145.20778,-38.14136]},"properties":{"cat":"shopping","name":""}},{"type":"Feature","geometry":{"type":"Point","coordinates":[145.12784,-38.10389]},"properties":{"cat":"community","name":"Seaford Scout Hall"}},{"type":"Feature","geometry":{"type":"Point","coordinates":[145.16282,-37.88214]},"properties":{"cat":"worship","name":"Glen Waverley Uniting Church"}},{"type":"Feature","geometry":{"type":"Point","coordinates":[144.95048,-37.76969]},"properties":{"cat":"university","name":"University of Melbourne Archives"}},{"type":"Feature","geometry":{"type":"Point","coordinates":[145.13772,-38.16334]},"properties":{"cat":"supermarket","name":"Ritchies IGA"}},{"type":"Feature","geometry":{"type":"Point","coordinates":[145.17215,-38.22416]},"properties":{"cat":"shopping","name":"Somerville Plaza"}},{"type":"Feature","geometry":{"type":"Point","coordinates":[145.19142,-38.3063]},"properties":{"cat":"supermarket","name":"Coles"}},{"type":"Feature","geometry":{"type":"Point","coordinates":[144.95474,-37.81491]},"properties":{"cat":"university","name":"Victoria University (City King Campus)"}},{"type":"Feature","geometry":{"type":"Point","coordinates":[144.88656,-37.67644]},"properties":{"cat":"supermarket","name":"IGA"}},{"type":"Feature","geometry":{"type":"Point","coordinates":[145.33572,-38.04881]},"properties":{"cat":"worship","name":"Berwick Church of Christ"}},{"type":"Feature","geometry":{"type":"Point","coordinates":[145.09035,-37.90101]},"properties":{"cat":"shopping","name":"Oakleigh Central"}},{"type":"Feature","geometry":{"type":"Point","coordinates":[145.10402,-37.94095]},"properties":{"cat":"shopping","name":""}},{"type":"Feature","geometry":{"type":"Point","coordinates":[145.30014,-38.11492]},"properties":{"cat":"worship","name":"Blue Hills Chapel"}},{"type":"Feature","geometry":{"type":"Point","coordinates":[144.97798,-37.79785]},"properties":{"cat":"supermarket","name":"Coles Local"}},{"type":"Feature","geometry":{"type":"Point","coordinates":[144.82999,-37.86892]},"properties":{"cat":"supermarket","name":"Coles"}},{"type":"Feature","geometry":{"type":"Point","coordinates":[145.32263,-38.0143]},"properties":{"cat":"shopping","name":"Parkhill Plaza Shopping Centre"}},{"type":"Feature","geometry":{"type":"Point","coordinates":[144.75262,-37.89545]},"properties":{"cat":"shopping","name":"Sanctuary Lakes Shopping Centre"}},{"type":"Feature","geometry":{"type":"Point","coordinates":[144.89644,-37.85828]},"properties":{"cat":"library","name":"Williamstown Library"}},{"type":"Feature","geometry":{"type":"Point","coordinates":[145.10222,-37.94042]},"properties":{"cat":"community","name":"Clarinda Community Centre"}},{"type":"Feature","geometry":{"type":"Point","coordinates":[145.05172,-37.85475]},"properties":{"cat":"worship","name":"St Andrew's Uniting Church"}},{"type":"Feature","geometry":{"type":"Point","coordinates":[145.03104,-37.76353]},"properties":{"cat":"hospital","name":"North Eastern Rehabilitation Centre"}},{"type":"Feature","geometry":{"type":"Point","coordinates":[144.93205,-37.63863]},"properties":{"cat":"shopping","name":"Roxburgh Village Shopping Centre"}},{"type":"Feature","geometry":{"type":"Point","coordinates":[145.00271,-37.75142]},"properties":{"cat":"shopping","name":"Preston South Shopping Centre"}},{"type":"Feature","geometry":{"type":"Point","coordinates":[144.95714,-37.79827]},"properties":{"cat":"hospital","name":"Melbourne Private Hospital"}},{"type":"Feature","geometry":{"type":"Point","coordinates":[145.07082,-37.89679]},"properties":{"cat":"community","name":"Murrumbeena Park Community Hub"}},{"type":"Feature","geometry":{"type":"Point","coordinates":[144.9978,-37.91073]},"properties":{"cat":"library","name":"Brighton Library"}},{"type":"Feature","geometry":{"type":"Point","coordinates":[144.99118,-37.9118]},"properties":{"cat":"hospital","name":"Brighton Cabrini"}},{"type":"Feature","geometry":{"type":"Point","coordinates":[144.99378,-37.92009]},"properties":{"cat":"worship","name":"St Joan of Arc Catholic Church"}},{"type":"Feature","geometry":{"type":"Point","coordinates":[144.87414,-37.70216]},"properties":{"cat":"library","name":"Tullamarine Library"}},{"type":"Feature","geometry":{"type":"Point","coordinates":[144.5636,-37.42273]},"properties":{"cat":"supermarket","name":"Macedon IGA plus Liquor"}},{"type":"Feature","geometry":{"type":"Point","coordinates":[144.7403,-37.73329]},"properties":{"cat":"library","name":"Caroline Springs Library"}},{"type":"Feature","geometry":{"type":"Point","coordinates":[145.03037,-37.73853]},"properties":{"cat":"shopping","name":"Northland Shopping Centre"}},{"type":"Feature","geometry":{"type":"Point","coordinates":[145.1487,-37.71499]},"properties":{"cat":"shopping","name":"Eltham Village Shopping Centre"}},{"type":"Feature","geometry":{"type":"Point","coordinates":[144.95496,-37.79893]},"properties":{"cat":"hospital","name":"Royal Women's Hospital"}},{"type":"Feature","geometry":{"type":"Point","coordinates":[144.99489,-37.898]},"properties":{"cat":"worship","name":""}},{"type":"Feature","geometry":{"type":"Point","coordinates":[145.34776,-38.04492]},"properties":{"cat":"hospital","name":"Monash Health Casey Hospital"}},{"type":"Feature","geometry":{"type":"Point","coordinates":[145.07101,-37.6513]},"properties":{"cat":"shopping","name":"Westfield Plenty Valley"}},{"type":"Feature","geometry":{"type":"Point","coordinates":[144.88209,-37.6394]},"properties":{"cat":"shopping","name":"Greenvale Shopping Centre"}},{"type":"Feature","geometry":{"type":"Point","coordinates":[145.24379,-37.8114]},"properties":{"cat":"hospital","name":"Ringwood Private Hospital"}},{"type":"Feature","geometry":{"type":"Point","coordinates":[144.95894,-37.81186]},"properties":{"cat":"university","name":"Victoria Law School"}},{"type":"Feature","geometry":{"type":"Point","coordinates":[144.93988,-37.59805]},"properties":{"cat":"shopping","name":"Craigieburn Plaza"}},{"type":"Feature","geometry":{"type":"Point","coordinates":[145.08551,-37.81364]},"properties":{"cat":"library","name":"Balwyn Library"}},{"type":"Feature","geometry":{"type":"Point","coordinates":[145.08508,-37.8156]},"properties":{"cat":"community","name":"The Evergreen Club of Balwyn for Senior Citizens"}},{"type":"Feature","geometry":{"type":"Point","coordinates":[145.28891,-37.88821]},"properties":{"cat":"supermarket","name":"ALDI"}},{"type":"Feature","geometry":{"type":"Point","coordinates":[144.70301,-37.88177]},"properties":{"cat":"shopping","name":"Hoppers Crossing Shopping Centre"}},{"type":"Feature","geometry":{"type":"Point","coordinates":[144.99568,-37.8094]},"properties":{"cat":"shopping","name":"The Hive"}},{"type":"Feature","geometry":{"type":"Point","coordinates":[145.15025,-37.71412]},"properties":{"cat":"supermarket","name":"Woolworths"}},{"type":"Feature","geometry":{"type":"Point","coordinates":[145.08459,-37.99749]},"properties":{"cat":"shopping","name":"Parkdale Plaza"}},{"type":"Feature","geometry":{"type":"Point","coordinates":[145.0771,-37.98413]},"properties":{"cat":"shopping","name":"Thrift Park Shopping Centre"}},{"type":"Feature","geometry":{"type":"Point","coordinates":[144.89226,-37.78428]},"properties":{"cat":"supermarket","name":"Aldi"}},{"type":"Feature","geometry":{"type":"Point","coordinates":[144.72657,-37.57999]},"properties":{"cat":"shopping","name":"Big W"}},{"type":"Feature","geometry":{"type":"Point","coordinates":[144.72594,-37.58045]},"properties":{"cat":"supermarket","name":"NQR"}},{"type":"Feature","geometry":{"type":"Point","coordinates":[144.7279,-37.57825]},"properties":{"cat":"supermarket","name":"Woolworths"}},{"type":"Feature","geometry":{"type":"Point","coordinates":[144.82926,-37.86902]},"properties":{"cat":"library","name":"Altona Library"}},{"type":"Feature","geometry":{"type":"Point","coordinates":[144.72967,-37.57823]},"properties":{"cat":"shopping","name":"Sunbury Square Shopping Centre"}},{"type":"Feature","geometry":{"type":"Point","coordinates":[145.34872,-37.76044]},"properties":{"cat":"shopping","name":""}},{"type":"Feature","geometry":{"type":"Point","coordinates":[145.02564,-37.87319]},"properties":{"cat":"worship","name":"St Aloysius (Newman Parish)"}},{"type":"Feature","geometry":{"type":"Point","coordinates":[144.45354,-38.18539]},"properties":{"cat":"shopping","name":"Gateway Plaza Shopping Centre"}},{"type":"Feature","geometry":{"type":"Point","coordinates":[145.33965,-38.06181]},"properties":{"cat":"shopping","name":"Eden Rise"}},{"type":"Feature","geometry":{"type":"Point","coordinates":[145.2627,-37.84089]},"properties":{"cat":"supermarket","name":"Woolworths"}},{"type":"Feature","geometry":{"type":"Point","coordinates":[144.94509,-37.75857]},"properties":{"cat":"supermarket","name":"Albion Budget Supermarket"}},{"type":"Feature","geometry":{"type":"Point","coordinates":[145.03407,-37.9825]},"properties":{"cat":"library","name":"Beaumaris Community Centre"}},{"type":"Feature","geometry":{"type":"Point","coordinates":[144.95805,-37.79128]},"properties":{"cat":"worship","name":""}},{"type":"Feature","geometry":{"type":"Point","coordinates":[144.95781,-37.7933]},"properties":{"cat":"worship","name":"Saint Carthages"}},{"type":"Feature","geometry":{"type":"Point","coordinates":[144.83351,-37.71925]},"properties":{"cat":"library","name":"Keilor Village Library"}},{"type":"Feature","geometry":{"type":"Point","coordinates":[144.738,-38.33922]},"properties":{"cat":"supermarket","name":"Ritchies"}},{"type":"Feature","geometry":{"type":"Point","coordinates":[145.05103,-38.23358]},"properties":{"cat":"shopping","name":"Home Co. Mornington"}},{"type":"Feature","geometry":{"type":"Point","coordinates":[145.27532,-37.88369]},"properties":{"cat":"supermarket","name":"Coles"}},{"type":"Feature","geometry":{"type":"Point","coordinates":[144.923,-37.76565]},"properties":{"cat":"shopping","name":"Moonee Ponds Central"}},{"type":"Feature","geometry":{"type":"Point","coordinates":[144.9224,-37.76646]},"properties":{"cat":"shopping","name":"Moonee Ponds Central"}},{"type":"Feature","geometry":{"type":"Point","coordinates":[144.92445,-37.76478]},"properties":{"cat":"library","name":"Sam Merrifield Library"}},{"type":"Feature","geometry":{"type":"Point","coordinates":[145.01558,-37.92243]},"properties":{"cat":"community","name":"Brighton Bayside Men's Shed"}},{"type":"Feature","geometry":{"type":"Point","coordinates":[145.02327,-37.78953]},"properties":{"cat":"hospital","name":"Royal Talbot Rehabilitation Centre"}},{"type":"Feature","geometry":{"type":"Point","coordinates":[145.0874,-37.65002]},"properties":{"cat":"shopping","name":"Home Consortium South Morang"}},{"type":"Feature","geometry":{"type":"Point","coordinates":[144.91419,-37.79874]},"properties":{"cat":"worship","name":""}},{"type":"Feature","geometry":{"type":"Point","coordinates":[145.0639,-37.92076]},"properties":{"cat":"hospital","name":"Monash Medical Centre Moorabbin"}},{"type":"Feature","geometry":{"type":"Point","coordinates":[145.26549,-38.03321]},"properties":{"cat":"supermarket","name":"Dandy Mart"}},{"type":"Feature","geometry":{"type":"Point","coordinates":[145.14586,-37.99463]},"properties":{"cat":"library","name":"MacGregor Library"}},{"type":"Feature","geometry":{"type":"Point","coordinates":[145.14458,-37.99782]},"properties":{"cat":"library","name":"Newlands Library & Resource Centre"}},{"type":"Feature","geometry":{"type":"Point","coordinates":[145.06097,-37.75466]},"properties":{"cat":"hospital","name":"Warringal Private Hospital"}},{"type":"Feature","geometry":{"type":"Point","coordinates":[144.98733,-38.33032]},"properties":{"cat":"supermarket","name":"ALDI"}},{"type":"Feature","geometry":{"type":"Point","coordinates":[145.35251,-37.90896]},"properties":{"cat":"library","name":"Belgrave Library"}},{"type":"Feature","geometry":{"type":"Point","coordinates":[144.96493,-38.3335]},"properties":{"cat":"shopping","name":"Dromana Hub Shopping Centre"}},{"type":"Feature","geometry":{"type":"Point","coordinates":[145.35657,-37.93361]},"properties":{"cat":"worship","name":"Belgrave South Baptist Church"}},{"type":"Feature","geometry":{"type":"Point","coordinates":[144.88748,-38.38442]},"properties":{"cat":"university","name":"Chisholm Institute of TAFE - Mornington Peninsula Campus"}},{"type":"Feature","geometry":{"type":"Point","coordinates":[145.35814,-37.93169]},"properties":{"cat":"supermarket","name":"IGA"}},{"type":"Feature","geometry":{"type":"Point","coordinates":[145.49087,-37.93415]},"properties":{"cat":"worship","name":"St. Luke's Church"}},{"type":"Feature","geometry":{"type":"Point","coordinates":[145.26617,-37.84306]},"properties":{"cat":"supermarket","name":"Aldi"}},{"type":"Feature","geometry":{"type":"Point","coordinates":[145.26548,-37.84245]},"properties":{"cat":"supermarket","name":"Food Factory Sales"}},{"type":"Feature","geometry":{"type":"Point","coordinates":[145.55104,-37.95301]},"properties":{"cat":"supermarket","name":"IGA"}},{"type":"Feature","geometry":{"type":"Point","coordinates":[145.04036,-38.22343]},"properties":{"cat":"shopping","name":"Mornington Village Shopping Centre"}},{"type":"Feature","geometry":{"type":"Point","coordinates":[145.35291,-37.9079]},"properties":{"cat":"worship","name":"St. Thomas More Church"}},{"type":"Feature","geometry":{"type":"Point","coordinates":[145.17292,-37.99249]},"properties":{"cat":"shopping","name":"Parkmore Shopping Centre"}},{"type":"Feature","geometry":{"type":"Point","coordinates":[145.05324,-37.95851]},"properties":{"cat":"shopping","name":"Westfield Southland"}},{"type":"Feature","geometry":{"type":"Point","coordinates":[145.30381,-38.0189]},"properties":{"cat":"shopping","name":"Westfield Fountain Gate Shopping Centre"}},{"type":"Feature","geometry":{"type":"Point","coordinates":[145.03932,-38.21881]},"properties":{"cat":"shopping","name":"Mornington Central"}},{"type":"Feature","geometry":{"type":"Point","coordinates":[145.35269,-37.90954]},"properties":{"cat":"supermarket","name":"Woolworths"}},{"type":"Feature","geometry":{"type":"Point","coordinates":[145.27781,-37.8837]},"properties":{"cat":"supermarket","name":"Woolworths"}},{"type":"Feature","geometry":{"type":"Point","coordinates":[144.4398,-37.67532]},"properties":{"cat":"shopping","name":"Bacchus Marsh Village Shopping Centre"}},{"type":"Feature","geometry":{"type":"Point","coordinates":[144.43731,-37.67431]},"properties":{"cat":"supermarket","name":"Foodworks"}},{"type":"Feature","geometry":{"type":"Point","coordinates":[145.33918,-38.06168]},"properties":{"cat":"shopping","name":"Eden Rise Shopping Centre"}},{"type":"Feature","geometry":{"type":"Point","coordinates":[144.92793,-37.78729]},"properties":{"cat":"shopping","name":"Newmarket Plaza"}},{"type":"Feature","geometry":{"type":"Point","coordinates":[144.96278,-37.81079]},"properties":{"cat":"shopping","name":"Melbourne Central"}},{"type":"Feature","geometry":{"type":"Point","coordinates":[144.96571,-37.81068]},"properties":{"cat":"shopping","name":"QV"}},{"type":"Feature","geometry":{"type":"Point","coordinates":[145.06116,-38.21983]},"properties":{"cat":"shopping","name":"HomeCo. Peninsula"}},{"type":"Feature","geometry":{"type":"Point","coordinates":[145.25948,-37.97682]},"properties":{"cat":"shopping","name":"Endeavour Hills Shopping Centre"}},{"type":"Feature","geometry":{"type":"Point","coordinates":[144.75268,-37.89568]},"properties":{"cat":"shopping","name":"Sanctuary Lakes Shopping Centre"}},{"type":"Feature","geometry":{"type":"Point","coordinates":[145.23518,-37.92097]},"properties":{"cat":"supermarket","name":"Woolworths"}},{"type":"Feature","geometry":{"type":"Point","coordinates":[145.16526,-37.8764]},"properties":{"cat":"shopping","name":"The Glen"}},{"type":"Feature","geometry":{"type":"Point","coordinates":[145.06855,-37.75573]},"properties":{"cat":"shopping","name":"Warringal Shopping Centre"}},{"type":"Feature","geometry":{"type":"Point","coordinates":[144.83099,-37.78172]},"properties":{"cat":"shopping","name":"Sunshine Marketplace"}},{"type":"Feature","geometry":{"type":"Point","coordinates":[145.02975,-37.73927]},"properties":{"cat":"shopping","name":"Myer"}},{"type":"Feature","geometry":{"type":"Point","coordinates":[144.96827,-37.75874]},"properties":{"cat":"worship","name":""}},{"type":"Feature","geometry":{"type":"Point","coordinates":[144.61303,-37.87354]},"properties":{"cat":"shopping","name":"Manor Lakes Central Shopping Centre"}},{"type":"Feature","geometry":{"type":"Point","coordinates":[145.03124,-37.737]},"properties":{"cat":"shopping","name":"Target"}},{"type":"Feature","geometry":{"type":"Point","coordinates":[145.03012,-37.7369]},"properties":{"cat":"shopping","name":"Kmart"}},{"type":"Feature","geometry":{"type":"Point","coordinates":[145.02829,-37.73916]},"properties":{"cat":"supermarket","name":"Coles"}},{"type":"Feature","geometry":{"type":"Point","coordinates":[145.31286,-37.7583]},"properties":{"cat":"shopping","name":"Chirnside Park Shopping Centre"}},{"type":"Feature","geometry":{"type":"Point","coordinates":[145.29468,-38.09982]},"properties":{"cat":"shopping","name":"Hunt Club Village"}},{"type":"Feature","geometry":{"type":"Point","coordinates":[144.92473,-37.76439]},"properties":{"cat":"community","name":"Faith Communities Council of Victoria"}},{"type":"Feature","geometry":{"type":"Point","coordinates":[144.85096,-37.77844]},"properties":{"cat":"shopping","name":"HomeCo"}},{"type":"Feature","geometry":{"type":"Point","coordinates":[145.01101,-37.813]},"properties":{"cat":"shopping","name":""}},{"type":"Feature","geometry":{"type":"Point","coordinates":[144.74336,-37.73174]},"properties":{"cat":"shopping","name":"CS Square Shopping Centre"}},{"type":"Feature","geometry":{"type":"Point","coordinates":[145.06771,-37.75569]},"properties":{"cat":"shopping","name":"TK Maxx"}},{"type":"Feature","geometry":{"type":"Point","coordinates":[145.06934,-37.75571]},"properties":{"cat":"supermarket","name":"Coles"}},{"type":"Feature","geometry":{"type":"Point","coordinates":[145.06881,-37.75528]},"properties":{"cat":"supermarket","name":"Aldi"}},{"type":"Feature","geometry":{"type":"Point","coordinates":[145.05932,-37.75688]},"properties":{"cat":"hospital","name":"Olivia Newton-John Cancer and Wellness Centre"}},{"type":"Feature","geometry":{"type":"Point","coordinates":[145.04186,-37.76815]},"properties":{"cat":"supermarket","name":"Coles"}},{"type":"Feature","geometry":{"type":"Point","coordinates":[145.03561,-37.67481]},"properties":{"cat":"shopping","name":"Lalor Plaza Shopping Centre"}},{"type":"Feature","geometry":{"type":"Point","coordinates":[144.92282,-38.35142]},"properties":{"cat":"shopping","name":""}},{"type":"Feature","geometry":{"type":"Point","coordinates":[145.37524,-37.65747]},"properties":{"cat":"supermarket","name":"Ritchies"}},{"type":"Feature","geometry":{"type":"Point","coordinates":[144.96599,-37.77182]},"properties":{"cat":"worship","name":"Brunswick Christian Fellowship"}},{"type":"Feature","geometry":{"type":"Point","coordinates":[145.28206,-38.10867]},"properties":{"cat":"shopping","name":"Cranbourne Park"}},{"type":"Feature","geometry":{"type":"Point","coordinates":[144.9875,-37.75956]},"properties":{"cat":"community","name":"Leinster Grove Community Centre"}},{"type":"Feature","geometry":{"type":"Point","coordinates":[144.96154,-37.77268]},"properties":{"cat":"worship","name":"Brunswick Uniting Church"}},{"type":"Feature","geometry":{"type":"Point","coordinates":[145.1263,-37.78468]},"properties":{"cat":"shopping","name":"Westfield Doncaster"}},{"type":"Feature","geometry":{"type":"Point","coordinates":[145.05641,-37.88768]},"properties":{"cat":"supermarket","name":"Woolworths"}},{"type":"Feature","geometry":{"type":"Point","coordinates":[145.13878,-38.07168]},"properties":{"cat":"community","name":""}},{"type":"Feature","geometry":{"type":"Point","coordinates":[144.96444,-37.81329]},"properties":{"cat":"shopping","name":"David Jones"}},{"type":"Feature","geometry":{"type":"Point","coordinates":[145.13807,-38.15312]},"properties":{"cat":"worship","name":"The Church of Jesus Christ of Latter-day Saints"}},{"type":"Feature","geometry":{"type":"Point","coordinates":[145.06071,-37.86689]},"properties":{"cat":"hospital","name":"Malvern Private Hospital"}},{"type":"Feature","geometry":{"type":"Point","coordinates":[145.12719,-37.58583]},"properties":{"cat":"library","name":""}},{"type":"Feature","geometry":{"type":"Point","coordinates":[144.91677,-37.70524]},"properties":{"cat":"supermarket","name":"Coles"}},{"type":"Feature","geometry":{"type":"Point","coordinates":[145.29211,-38.08502]},"properties":{"cat":"shopping","name":"Spring Hill Shopping Centre"}},{"type":"Feature","geometry":{"type":"Point","coordinates":[145.11813,-37.78838]},"properties":{"cat":"supermarket","name":"No 1 Asian Supermarket"}},{"type":"Feature","geometry":{"type":"Point","coordinates":[145.26886,-37.85557]},"properties":{"cat":"hospital","name":"The Melbourne Eastern Private Hospital"}},{"type":"Feature","geometry":{"type":"Point","coordinates":[145.13355,-37.83779]},"properties":{"cat":"shopping","name":"HomeCo"}},{"type":"Feature","geometry":{"type":"Point","coordinates":[145.00019,-37.76899]},"properties":{"cat":"shopping","name":"Northcote Central"}},{"type":"Feature","geometry":{"type":"Point","coordinates":[144.99939,-37.76916]},"properties":{"cat":"shopping","name":"Northcote Plaza"}},{"type":"Feature","geometry":{"type":"Point","coordinates":[144.94725,-37.81959]},"properties":{"cat":"community","name":"The Hub @ Docklands"}},{"type":"Feature","geometry":{"type":"Point","coordinates":[144.83,-38.37209]},"properties":{"cat":"supermarket","name":"Woolworths"}},{"type":"Feature","geometry":{"type":"Point","coordinates":[145.00839,-37.84056]},"properties":{"cat":"shopping","name":"Tok H Centre"}},{"type":"Feature","geometry":{"type":"Point","coordinates":[144.99362,-37.84725]},"properties":{"cat":"shopping","name":"Pran Central"}},{"type":"Feature","geometry":{"type":"Point","coordinates":[145.44527,-37.92763]},"properties":{"cat":"supermarket","name":"Woolworths"}},{"type":"Feature","geometry":{"type":"Point","coordinates":[145.14403,-37.92726]},"properties":{"cat":"shopping","name":"Springvale Homemaker Centre"}},{"type":"Feature","geometry":{"type":"Point","coordinates":[145.16899,-38.15762]},"properties":{"cat":"hospital","name":"Peninsula Private Hospital"}},{"type":"Feature","geometry":{"type":"Point","coordinates":[145.25199,-37.92833]},"properties":{"cat":"shopping","name":"Wellington Village Shopping Centre"}},{"type":"Feature","geometry":{"type":"Point","coordinates":[145.14736,-37.83125]},"properties":{"cat":"supermarket","name":"Woolworths"}},{"type":"Feature","geometry":{"type":"Point","coordinates":[145.00199,-37.73897]},"properties":{"cat":"shopping","name":"Preston Market"}},{"type":"Feature","geometry":{"type":"Point","coordinates":[145.14467,-38.06858]},"properties":{"cat":"shopping","name":"Gladesville Shopping Centre"}},{"type":"Feature","geometry":{"type":"Point","coordinates":[144.80731,-37.72693]},"properties":{"cat":"shopping","name":"Keilor Central Shopping Centre"}},{"type":"Feature","geometry":{"type":"Point","coordinates":[145.24994,-38.07776]},"properties":{"cat":"shopping","name":"Marriott Waters Shopping Centre"}},{"type":"Feature","geometry":{"type":"Point","coordinates":[145.041,-37.94905]},"properties":{"cat":"supermarket","name":"Woolworths"}},{"type":"Feature","geometry":{"type":"Point","coordinates":[144.83138,-37.71678]},"properties":{"cat":"community","name":"Keilor Community Hub"}},{"type":"Feature","geometry":{"type":"Point","coordinates":[145.08452,-37.92228]},"properties":{"cat":"shopping","name":"The Links"}},{"type":"Feature","geometry":{"type":"Point","coordinates":[145.15262,-37.95677]},"properties":{"cat":"library","name":"Springvale Library"}},{"type":"Feature","geometry":{"type":"Point","coordinates":[145.1185,-37.70741]},"properties":{"cat":"community","name":"Briar Hill Community Hall"}},{"type":"Feature","geometry":{"type":"Point","coordinates":[144.58904,-37.48664]},"properties":{"cat":"shopping","name":"The Village Gisborne"}},{"type":"Feature","geometry":{"type":"Point","coordinates":[145.18964,-38.30368]},"properties":{"cat":"hospital","name":"The Bays Hospital"}},{"type":"Feature","geometry":{"type":"Point","coordinates":[145.19558,-37.92786]},"properties":{"cat":"university","name":"Churches of Christ Theological College"}},{"type":"Feature","geometry":{"type":"Point","coordinates":[145.02181,-37.8282]},"properties":{"cat":"library","name":"Burnley Library Building (914)"}},{"type":"Feature","geometry":{"type":"Point","coordinates":[145.48346,-38.07576]},"properties":{"cat":"library","name":"Casey-Cardinia Library Co. (Pakenham Branch)"}},{"type":"Feature","geometry":{"type":"Point","coordinates":[145.35415,-37.92615]},"properties":{"cat":"worship","name":"St. Martin's Anglican"}},{"type":"Feature","geometry":{"type":"Point","coordinates":[144.97958,-37.77331]},"properties":{"cat":"worship","name":""}},{"type":"Feature","geometry":{"type":"Point","coordinates":[145.10721,-37.6996]},"properties":{"cat":"community","name":"Diamond Valley Living and Learning Centre"}},{"type":"Feature","geometry":{"type":"Point","coordinates":[144.98088,-37.76256]},"properties":{"cat":"worship","name":"The Russian Orthodox Most Holy Mother of God Cathedral (and School)"}},{"type":"Feature","geometry":{"type":"Point","coordinates":[144.43954,-37.67507]},"properties":{"cat":"shopping","name":"Bacchus Marsh Village Shopping Centre"}},{"type":"Feature","geometry":{"type":"Point","coordinates":[144.43891,-37.67566]},"properties":{"cat":"shopping","name":""}},{"type":"Feature","geometry":{"type":"Point","coordinates":[144.88188,-37.83094]},"properties":{"cat":"community","name":"Spotswood Community House"}},{"type":"Feature","geometry":{"type":"Point","coordinates":[144.74159,-37.71121]},"properties":{"cat":"shopping","name":"Taylors Hill Village"}},{"type":"Feature","geometry":{"type":"Point","coordinates":[144.72836,-37.89292]},"properties":{"cat":"shopping","name":"Boardwalk Central Shopping Centre"}},{"type":"Feature","geometry":{"type":"Point","coordinates":[144.72839,-37.89373]},"properties":{"cat":"supermarket","name":"Hua Li Ansian Grocery"}},{"type":"Feature","geometry":{"type":"Point","coordinates":[145.16457,-37.85274]},"properties":{"cat":"hospital","name":"Peter James Centre"}},{"type":"Feature","geometry":{"type":"Point","coordinates":[145.17561,-37.81492]},"properties":{"cat":"community","name":"Nunawading Community Hub"}},{"type":"Feature","geometry":{"type":"Point","coordinates":[144.97632,-37.81016]},"properties":{"cat":"worship","name":"Saint Patrick's Cathedral"}},{"type":"Feature","geometry":{"type":"Point","coordinates":[145.04842,-37.71998]},"properties":{"cat":"library","name":"Borchardt Library"}},{"type":"Feature","geometry":{"type":"Point","coordinates":[145.04077,-37.91952]},"properties":{"cat":"library","name":"Bentleigh Library"}},{"type":"Feature","geometry":{"type":"Point","coordinates":[144.83223,-38.37277]},"properties":{"cat":"worship","name":"Holy Family Catholic Church"}},{"type":"Feature","geometry":{"type":"Point","coordinates":[145.14984,-38.19355]},"properties":{"cat":"worship","name":"Baxter Masonic Lodge"}},{"type":"Feature","geometry":{"type":"Point","coordinates":[145.14932,-38.17314]},"properties":{"cat":"hospital","name":"Golf Links Road Rehabilitation Centre"}},{"type":"Feature","geometry":{"type":"Point","coordinates":[145.09249,-37.87747]},"properties":{"cat":"shopping","name":"Chadstone Lifestyle Precinct"}},{"type":"Feature","geometry":{"type":"Point","coordinates":[145.04109,-38.23045]},"properties":{"cat":"hospital","name":"The Mornington Centre"}},{"type":"Feature","geometry":{"type":"Point","coordinates":[145.16565,-38.10586]},"properties":{"cat":"worship","name":"Fire Church"}},{"type":"Feature","geometry":{"type":"Point","coordinates":[145.33118,-37.90418]},"properties":{"cat":"supermarket","name":"IGA"}},{"type":"Feature","geometry":{"type":"Point","coordinates":[144.69354,-37.88954]},"properties":{"cat":"university","name":"The University of Melbourne, Werribee Campus"}},{"type":"Feature","geometry":{"type":"Point","coordinates":[145.33272,-37.90369]},"properties":{"cat":"worship","name":"Upwey Baptist Church"}},{"type":"Feature","geometry":{"type":"Point","coordinates":[145.29213,-37.88817]},"properties":{"cat":"community","name":"Each Courthouse Venue"}},{"type":"Feature","geometry":{"type":"Point","coordinates":[144.73566,-37.88306]},"properties":{"cat":"shopping","name":"Point Cook Town Centre"}},{"type":"Feature","geometry":{"type":"Point","coordinates":[145.12357,-38.07667]},"properties":{"cat":"supermarket","name":"ALDI"}},{"type":"Feature","geometry":{"type":"Point","coordinates":[145.29284,-38.085]},"properties":{"cat":"supermarket","name":"Coles"}},{"type":"Feature","geometry":{"type":"Point","coordinates":[145.48426,-38.20068]},"properties":{"cat":"hospital","name":"Koo Wee Rup Hospital"}},{"type":"Feature","geometry":{"type":"Point","coordinates":[144.77589,-37.87281]},"properties":{"cat":"shopping","name":"Central Square Shopping Centre"}},{"type":"Feature","geometry":{"type":"Point","coordinates":[144.90447,-38.35745]},"properties":{"cat":"library","name":"Rosebud Library"}},{"type":"Feature","geometry":{"type":"Point","coordinates":[145.02912,-37.86043]},"properties":{"cat":"supermarket","name":"Coles"}},{"type":"Feature","geometry":{"type":"Point","coordinates":[145.10413,-37.72629]},"properties":{"cat":"supermarket","name":"Yallambie Food Mart"}},{"type":"Feature","geometry":{"type":"Point","coordinates":[144.72867,-37.89934]},"properties":{"cat":"community","name":"Featherbrook Community Centre"}},{"type":"Feature","geometry":{"type":"Point","coordinates":[144.70423,-37.87795]},"properties":{"cat":"community","name":"Central Park Community Centre"}},{"type":"Feature","geometry":{"type":"Point","coordinates":[144.88021,-37.79814]},"properties":{"cat":"supermarket","name":"IGA"}},{"type":"Feature","geometry":{"type":"Point","coordinates":[145.05482,-37.96562]},"properties":{"cat":"worship","name":"Cheltenham Presbyterian Church"}},{"type":"Feature","geometry":{"type":"Point","coordinates":[145.24186,-37.89889]},"properties":{"cat":"shopping","name":"HomeCo"}},{"type":"Feature","geometry":{"type":"Point","coordinates":[145.14509,-38.14746]},"properties":{"cat":"supermarket","name":"NQR"}},{"type":"Feature","geometry":{"type":"Point","coordinates":[144.76101,-37.86727]},"properties":{"cat":"supermarket","name":"Spicelines"}},{"type":"Feature","geometry":{"type":"Point","coordinates":[145.16941,-37.76047]},"properties":{"cat":"community","name":"Pines Learning & Activity Centre"}},{"type":"Feature","geometry":{"type":"Point","coordinates":[145.06102,-37.66685]},"properties":{"cat":"shopping","name":"Mill Park Stables Shopping Centre"}},{"type":"Feature","geometry":{"type":"Point","coordinates":[145.13801,-37.72035]},"properties":{"cat":"shopping","name":"Eltham Ridge Shopping Centre"}},{"type":"Feature","geometry":{"type":"Point","coordinates":[145.17199,-38.09801]},"properties":{"cat":"shopping","name":"Carrum Downs Lifestyle Centre"}},{"type":"Feature","geometry":{"type":"Point","coordinates":[145.26962,-37.79671]},"properties":{"cat":"worship","name":"Benedictine Monastery"}},{"type":"Feature","geometry":{"type":"Point","coordinates":[145.08317,-37.81264]},"properties":{"cat":"supermarket","name":"Woolworths"}},{"type":"Feature","geometry":{"type":"Point","coordinates":[145.09374,-37.86642]},"properties":{"cat":"supermarket","name":"Woolworths"}},{"type":"Feature","geometry":{"type":"Point","coordinates":[145.11486,-37.84767]},"properties":{"cat":"university","name":"Deakin University"}},{"type":"Feature","geometry":{"type":"Point","coordinates":[145.34688,-38.06605]},"properties":{"cat":"community","name":""}},{"type":"Feature","geometry":{"type":"Point","coordinates":[145.0181,-37.96088]},"properties":{"cat":"hospital","name":"Sandringham & District Memorial Hospital"}},{"type":"Feature","geometry":{"type":"Point","coordinates":[145.31265,-37.99364]},"properties":{"cat":"worship","name":"Narre Warren Baptist Church"}},{"type":"Feature","geometry":{"type":"Point","coordinates":[144.75912,-37.88601]},"properties":{"cat":"community","name":"Seabrook Community Centre"}},{"type":"Feature","geometry":{"type":"Point","coordinates":[144.78982,-37.75852]},"properties":{"cat":"shopping","name":"Cairnlea Town Centre"}},{"type":"Feature","geometry":{"type":"Point","coordinates":[144.96815,-37.81004]},"properties":{"cat":"worship","name":"Wesley Uniting Church"}},{"type":"Feature","geometry":{"type":"Point","coordinates":[144.9097,-37.75117]},"properties":{"cat":"worship","name":"St Therese's Church"}},{"type":"Feature","geometry":{"type":"Point","coordinates":[144.66137,-37.8891]},"properties":{"cat":"shopping","name":""}},{"type":"Feature","geometry":{"type":"Point","coordinates":[144.99303,-37.80452]},"properties":{"cat":"library","name":"Collingwood Library"}},{"type":"Feature","geometry":{"type":"Point","coordinates":[144.9751,-37.80984]},"properties":{"cat":"worship","name":"St Peter's Eastern Hill"}},{"type":"Feature","geometry":{"type":"Point","coordinates":[144.98672,-37.8012]},"properties":{"cat":"worship","name":"St Martin's Community Church"}},{"type":"Feature","geometry":{"type":"Point","coordinates":[145.2665,-38.00483]},"properties":{"cat":"supermarket","name":"Coles"}},{"type":"Feature","geometry":{"type":"Point","coordinates":[144.97071,-37.83037]},"properties":{"cat":"worship","name":"First Church of Christ, Scientist"}},{"type":"Feature","geometry":{"type":"Point","coordinates":[145.11476,-37.847]},"properties":{"cat":"library","name":"Deakin University Library"}},{"type":"Feature","geometry":{"type":"Point","coordinates":[145.25697,-37.7971]},"properties":{"cat":"supermarket","name":"Coles"}},{"type":"Feature","geometry":{"type":"Point","coordinates":[145.26929,-37.78328]},"properties":{"cat":"supermarket","name":"Jefferies | Your Local Provedore"}},{"type":"Feature","geometry":{"type":"Point","coordinates":[145.00283,-37.75209]},"properties":{"cat":"supermarket","name":"ALDI"}},{"type":"Feature","geometry":{"type":"Point","coordinates":[145.08598,-37.86391]},"properties":{"cat":"community","name":"1st Ashburton Scouts"}},{"type":"Feature","geometry":{"type":"Point","coordinates":[145.06557,-37.86072]},"properties":{"cat":"worship","name":"Glen Iris Road Uniting Church"}},{"type":"Feature","geometry":{"type":"Point","coordinates":[145.16883,-37.76182]},"properties":{"cat":"shopping","name":"The Pines Shopping Centre"}},{"type":"Feature","geometry":{"type":"Point","coordinates":[145.38059,-38.05276]},"properties":{"cat":"community","name":"Beaconsfield Community Complex"}},{"type":"Feature","geometry":{"type":"Point","coordinates":[145.36892,-38.04414]},"properties":{"cat":"supermarket","name":"Woolworths"}},{"type":"Feature","geometry":{"type":"Point","coordinates":[145.368,-38.04475]},"properties":{"cat":"supermarket","name":"Aldi"}},{"type":"Feature","geometry":{"type":"Point","coordinates":[145.03513,-37.82214]},"properties":{"cat":"worship","name":"Immaculate Conception Church"}},{"type":"Feature","geometry":{"type":"Point","coordinates":[144.98293,-37.7835]},"properties":{"cat":"supermarket","name":"Piedimonte's Supa IGA plus Liquor"}},{"type":"Feature","geometry":{"type":"Point","coordinates":[144.9611,-37.8325]},"properties":{"cat":"worship","name":"St Luke's Anglican Church"}},{"type":"Feature","geometry":{"type":"Point","coordinates":[145.31402,-37.78597]},"properties":{"cat":"shopping","name":"Mooroolbark Terrace"}},{"type":"Feature","geometry":{"type":"Point","coordinates":[144.75165,-37.72301]},"properties":{"cat":"shopping","name":"Watervale Shopping Centre"}},{"type":"Feature","geometry":{"type":"Point","coordinates":[144.78075,-37.72564]},"properties":{"cat":"shopping","name":"Delahey Village"}},{"type":"Feature","geometry":{"type":"Point","coordinates":[144.77114,-37.78381]},"properties":{"cat":"shopping","name":""}},{"type":"Feature","geometry":{"type":"Point","coordinates":[145.43739,-38.07278]},"properties":{"cat":"shopping","name":""}},{"type":"Feature","geometry":{"type":"Point","coordinates":[144.6872,-37.862]},"properties":{"cat":"shopping","name":"Hogan's Corner Shopping Centre"}},{"type":"Feature","geometry":{"type":"Point","coordinates":[144.91481,-37.78205]},"properties":{"cat":"shopping","name":"Showgrounds Village"}},{"type":"Feature","geometry":{"type":"Point","coordinates":[144.97814,-37.80882]},"properties":{"cat":"worship","name":"Church of the Holy Annunciation"}},{"type":"Feature","geometry":{"type":"Point","coordinates":[144.44122,-37.65943]},"properties":{"cat":"shopping","name":"Darley Plaza"}},{"type":"Feature","geometry":{"type":"Point","coordinates":[144.56678,-37.6856]},"properties":{"cat":"shopping","name":"Coburns Central"}},{"type":"Feature","geometry":{"type":"Point","coordinates":[144.5632,-37.68627]},"properties":{"cat":"shopping","name":"Woodgrove Shopping Centre"}},{"type":"Feature","geometry":{"type":"Point","coordinates":[145.16772,-37.85933]},"properties":{"cat":"worship","name":"Crossway Baptist Church"}},{"type":"Feature","geometry":{"type":"Point","coordinates":[144.99739,-37.74289]},"properties":{"cat":"library","name":"C"}},{"type":"Feature","geometry":{"type":"Point","coordinates":[145.09766,-38.01963]},"properties":{"cat":"worship","name":"Aspendale Presbyterian Church"}},{"type":"Feature","geometry":{"type":"Point","coordinates":[144.9303,-37.67321]},"properties":{"cat":"shopping","name":"Dallas Shopping Centre"}},{"type":"Feature","geometry":{"type":"Point","coordinates":[144.93026,-37.67354]},"properties":{"cat":"supermarket","name":"Foodworks"}},{"type":"Feature","geometry":{"type":"Point","coordinates":[145.08158,-37.65679]},"properties":{"cat":"shopping","name":"Rivergum Village Shopping Centre"}},{"type":"Feature","geometry":{"type":"Point","coordinates":[145.09277,-37.71225]},"properties":{"cat":"shopping","name":"Diamond Village Shopping Centre"}},{"type":"Feature","geometry":{"type":"Point","coordinates":[145.51831,-37.65263]},"properties":{"cat":"shopping","name":"Healesville Walk Shopping Centre"}},{"type":"Feature","geometry":{"type":"Point","coordinates":[145.43115,-37.78203]},"properties":{"cat":"community","name":"Wandin North Public Hall"}},{"type":"Feature","geometry":{"type":"Point","coordinates":[145.35417,-37.75646]},"properties":{"cat":"shopping","name":"Lilydale Village"}},{"type":"Feature","geometry":{"type":"Point","coordinates":[145.08634,-38.005]},"properties":{"cat":"community","name":"Mordialloc Men's Shed"}},{"type":"Feature","geometry":{"type":"Point","coordinates":[145.08432,-38.00426]},"properties":{"cat":"worship","name":"Saint Brigid's Catholic Church"}},{"type":"Feature","geometry":{"type":"Point","coordinates":[144.57441,-37.70216]},"properties":{"cat":"shopping","name":"Melton Station Square"}},{"type":"Feature","geometry":{"type":"Point","coordinates":[145.30589,-37.76638]},"properties":{"cat":"shopping","name":"Chirnside Homemaker Centre"}},{"type":"Feature","geometry":{"type":"Point","coordinates":[145.15263,-38.13919]},"properties":{"cat":"shopping","name":"Karingal Village"}},{"type":"Feature","geometry":{"type":"Point","coordinates":[145.3002,-38.06769]},"properties":{"cat":"shopping","name":"Casey Central"}},{"type":"Feature","geometry":{"type":"Point","coordinates":[145.1891,-38.16469]},"properties":{"cat":"worship","name":"St Thomas"}},{"type":"Feature","geometry":{"type":"Point","coordinates":[145.08349,-37.86434]},"properties":{"cat":"worship","name":"Saint Michaels Parish"}},{"type":"Feature","geometry":{"type":"Point","coordinates":[145.08112,-37.86453]},"properties":{"cat":"worship","name":"Ashburton Uniting"}},{"type":"Feature","geometry":{"type":"Point","coordinates":[145.07896,-37.86222]},"properties":{"cat":"worship","name":"Ashburton Baptist Church"}},{"type":"Feature","geometry":{"type":"Point","coordinates":[144.84752,-37.82787]},"properties":{"cat":"shopping","name":"Altona Gate Shopping Centre"}},{"type":"Feature","geometry":{"type":"Point","coordinates":[145.05637,-37.82901]},"properties":{"cat":"shopping","name":"Camberwell Place"}},{"type":"Feature","geometry":{"type":"Point","coordinates":[145.30969,-37.80272]},"properties":{"cat":"shopping","name":"Kilsyth Shopping Centre"}},{"type":"Feature","geometry":{"type":"Point","coordinates":[145.31123,-37.80292]},"properties":{"cat":"shopping","name":"Churinga Village Shopping Centre"}},{"type":"Feature","geometry":{"type":"Point","coordinates":[145.18945,-37.9105]},"properties":{"cat":"shopping","name":"Wheelers Hill Shopping Centre"}},{"type":"Feature","geometry":{"type":"Point","coordinates":[144.77695,-37.75194]},"properties":{"cat":"library","name":"Brimbank Libraries Deer Park Branch"}},{"type":"Feature","geometry":{"type":"Point","coordinates":[144.8469,-37.83604]},"properties":{"cat":"library","name":"Altona North Community Library"}},{"type":"Feature","geometry":{"type":"Point","coordinates":[145.1177,-38.022]},"properties":{"cat":"shopping","name":"Aspendale Gardens Shopping Centre"}},{"type":"Feature","geometry":{"type":"Point","coordinates":[144.70484,-37.84931]},"properties":{"cat":"shopping","name":"Wyndham Village Shopping Centre"}},{"type":"Feature","geometry":{"type":"Point","coordinates":[145.0091,-37.67165]},"properties":{"cat":"worship","name":"Thomastown Lutheran Church"}},{"type":"Feature","geometry":{"type":"Point","coordinates":[145.04206,-37.84603]},"properties":{"cat":"shopping","name":"HomeCo"}},{"type":"Feature","geometry":{"type":"Point","coordinates":[144.969,-37.7958]},"properties":{"cat":"worship","name":"Church of All Nations"}},{"type":"Feature","geometry":{"type":"Point","coordinates":[145.75221,-37.86378]},"properties":{"cat":"community","name":"Powelltown Hall"}},{"type":"Feature","geometry":{"type":"Point","coordinates":[145.00267,-37.80207]},"properties":{"cat":"worship","name":"Good Shepherd Chapel"}},{"type":"Feature","geometry":{"type":"Point","coordinates":[145.52899,-37.64685]},"properties":{"cat":"hospital","name":"Healesville & District Hospital"}},{"type":"Feature","geometry":{"type":"Point","coordinates":[144.92198,-37.65077]},"properties":{"cat":"shopping","name":"Meadow Heights Shopping Centre"}},{"type":"Feature","geometry":{"type":"Point","coordinates":[145.00284,-37.73714]},"properties":{"cat":"supermarket","name":"Woolworths"}},{"type":"Feature","geometry":{"type":"Point","coordinates":[145.03093,-37.80576]},"properties":{"cat":"supermarket","name":"Woolworths"}},{"type":"Feature","geometry":{"type":"Point","coordinates":[145.00738,-37.66398]},"properties":{"cat":"worship","name":"Open House Christian Church"}},{"type":"Feature","geometry":{"type":"Point","coordinates":[145.15063,-37.94905]},"properties":{"cat":"shopping","name":"Golden Plaza"}},{"type":"Feature","geometry":{"type":"Point","coordinates":[145.15175,-37.95136]},"properties":{"cat":"shopping","name":"Than Thien Springvale Fresh Market"}},{"type":"Feature","geometry":{"type":"Point","coordinates":[145.1507,-37.95034]},"properties":{"cat":"shopping","name":"Springvale Shopping Centre"}},{"type":"Feature","geometry":{"type":"Point","coordinates":[145.15159,-37.9534]},"properties":{"cat":"supermarket","name":"Woolworths"}},{"type":"Feature","geometry":{"type":"Point","coordinates":[145.21504,-37.98633]},"properties":{"cat":"shopping","name":"Dandenong Arcade"}},{"type":"Feature","geometry":{"type":"Point","coordinates":[145.69704,-37.75303]},"properties":{"cat":"worship","name":"Warburton Presbyterian Church"}},{"type":"Feature","geometry":{"type":"Point","coordinates":[145.28111,-38.11341]},"properties":{"cat":"hospital","name":"Cranbourne Integrated Care Centre"}},{"type":"Feature","geometry":{"type":"Point","coordinates":[145.00183,-37.73991]},"properties":{"cat":"supermarket","name":"ALDI"}},{"type":"Feature","geometry":{"type":"Point","coordinates":[144.9615,-37.70609]},"properties":{"cat":"worship","name":"Saint Nektarios"}},{"type":"Feature","geometry":{"type":"Point","coordinates":[145.002,-37.76787]},"properties":{"cat":"shopping","name":"Northcote Plaza Shopping Centre"}},{"type":"Feature","geometry":{"type":"Point","coordinates":[144.97078,-37.82806]},"properties":{"cat":"worship","name":"St Martin's Chapel"}},{"type":"Feature","geometry":{"type":"Point","coordinates":[144.98324,-37.80964]},"properties":{"cat":"hospital","name":"East Melbourne Specialist Day Hospital"}},{"type":"Feature","geometry":{"type":"Point","coordinates":[144.97583,-37.81103]},"properties":{"cat":"worship","name":"German Lutheran Trinity Church"}},{"type":"Feature","geometry":{"type":"Point","coordinates":[144.96721,-37.71179]},"properties":{"cat":"worship","name":"Quang Duc Monastery"}},{"type":"Feature","geometry":{"type":"Point","coordinates":[144.95469,-37.743]},"properties":{"cat":"community","name":"Carinya Centre"}},{"type":"Feature","geometry":{"type":"Point","coordinates":[144.95899,-37.7218]},"properties":{"cat":"worship","name":"Saint Linus Church"}},{"type":"Feature","geometry":{"type":"Point","coordinates":[144.98471,-37.8114]},"properties":{"cat":"worship","name":"Melbourne Unitarian Peace Memorial Church"}},{"type":"Feature","geometry":{"type":"Point","coordinates":[144.97421,-37.80906]},"properties":{"cat":"worship","name":"Melbourne City Synagogue"}},{"type":"Feature","geometry":{"type":"Point","coordinates":[144.98639,-37.81504]},"properties":{"cat":"library","name":"East Melbourne Library and Community Centre"}},{"type":"Feature","geometry":{"type":"Point","coordinates":[145.10836,-37.68961]},"properties":{"cat":"library","name":"Diamond Valley Library"}},{"type":"Feature","geometry":{"type":"Point","coordinates":[145.47938,-38.07785]},"properties":{"cat":"shopping","name":"Pakenham Place Shopping Centre"}},{"type":"Feature","geometry":{"type":"Point","coordinates":[144.9864,-37.80061]},"properties":{"cat":"worship","name":"St Joseph's Church"}},{"type":"Feature","geometry":{"type":"Point","coordinates":[144.9611,-37.82563]},"properties":{"cat":"community","name":"Boyd Community Hub"}},{"type":"Feature","geometry":{"type":"Point","coordinates":[145.34117,-37.90771]},"properties":{"cat":"worship","name":"Hope in the Hills Christian Church"}},{"type":"Feature","geometry":{"type":"Point","coordinates":[144.9215,-37.75982]},"properties":{"cat":"worship","name":"St Monica's"}},{"type":"Feature","geometry":{"type":"Point","coordinates":[145.47135,-38.0853]},"properties":{"cat":"shopping","name":"The Heritage Shopping Centre"}},{"type":"Feature","geometry":{"type":"Point","coordinates":[144.99304,-37.80314]},"properties":{"cat":"worship","name":"St Philip's Anglican Church"}},{"type":"Feature","geometry":{"type":"Point","coordinates":[144.97682,-37.80945]},"properties":{"cat":"worship","name":"New Temple Church"}},{"type":"Feature","geometry":{"type":"Point","coordinates":[144.98056,-37.80925]},"properties":{"cat":"university","name":"Catholic Theological College"}},{"type":"Feature","geometry":{"type":"Point","coordinates":[144.98191,-37.80158]},"properties":{"cat":"worship","name":"St Mark's Anglican Church"}},{"type":"Feature","geometry":{"type":"Point","coordinates":[144.98162,-37.80182]},"properties":{"cat":"community","name":"St Mark's Community Centre"}},{"type":"Feature","geometry":{"type":"Point","coordinates":[144.98922,-37.81017]},"properties":{"cat":"worship","name":"St Nicholas Antiochian Orthodox Church"}},{"type":"Feature","geometry":{"type":"Point","coordinates":[144.99079,-37.81042]},"properties":{"cat":"worship","name":"St John the Evangelist Church"}},{"type":"Feature","geometry":{"type":"Point","coordinates":[145.20753,-37.7477]},"properties":{"cat":"shopping","name":"Goldfields Shopping Centre"}},{"type":"Feature","geometry":{"type":"Point","coordinates":[145.03424,-37.98314]},"properties":{"cat":"community","name":"Beaumaris Community Centre Tennis Club"}},{"type":"Feature","geometry":{"type":"Point","coordinates":[144.83256,-37.78434]},"properties":{"cat":"supermarket","name":"Thu\u1eadn H\u01b0ng"}},{"type":"Feature","geometry":{"type":"Point","coordinates":[144.96473,-37.67546]},"properties":{"cat":"supermarket","name":"Campbellfield Welcome Mart"}},{"type":"Feature","geometry":{"type":"Point","coordinates":[144.83231,-37.78526]},"properties":{"cat":"worship","name":"Avalokitesvara Yuan Tong Monastery"}},{"type":"Feature","geometry":{"type":"Point","coordinates":[144.96382,-37.76525]},"properties":{"cat":"worship","name":"Parish of Saint Vasilios"}},{"type":"Feature","geometry":{"type":"Point","coordinates":[145.25074,-38.07806]},"properties":{"cat":"supermarket","name":"ALDI"}},{"type":"Feature","geometry":{"type":"Point","coordinates":[144.96387,-38.334]},"properties":{"cat":"worship","name":"St Mark's Anglican Church"}},{"type":"Feature","geometry":{"type":"Point","coordinates":[145.0294,-37.67913]},"properties":{"cat":"worship","name":"Church of the Transfiguration"}},{"type":"Feature","geometry":{"type":"Point","coordinates":[145.02835,-37.6796]},"properties":{"cat":"worship","name":"Church of the Transfiguration"}},{"type":"Feature","geometry":{"type":"Point","coordinates":[145.12042,-37.9188]},"properties":{"cat":"worship","name":"Clayton Presbyterian Church"}},{"type":"Feature","geometry":{"type":"Point","coordinates":[144.96679,-38.33386]},"properties":{"cat":"worship","name":"Dromana Presbyterian Church"}},{"type":"Feature","geometry":{"type":"Point","coordinates":[144.96707,-38.33351]},"properties":{"cat":"community","name":"Dromana Community House"}},{"type":"Feature","geometry":{"type":"Point","coordinates":[144.95567,-38.33886]},"properties":{"cat":"worship","name":"Our Lady of Perpetual Help Catholic Church Dromana"}},{"type":"Feature","geometry":{"type":"Point","coordinates":[144.95573,-38.33874]},"properties":{"cat":"worship","name":""}},{"type":"Feature","geometry":{"type":"Point","coordinates":[144.96437,-37.74329]},"properties":{"cat":"worship","name":"Coburg Uniting Church"}},{"type":"Feature","geometry":{"type":"Point","coordinates":[144.94191,-37.73127]},"properties":{"cat":"worship","name":"Saint Oliver Plunkett's Church"}},{"type":"Feature","geometry":{"type":"Point","coordinates":[144.91069,-37.74374]},"properties":{"cat":"supermarket","name":"Coles"}},{"type":"Feature","geometry":{"type":"Point","coordinates":[145.19566,-37.83549]},"properties":{"cat":"worship","name":"St. Lukes Anglican Church"}},{"type":"Feature","geometry":{"type":"Point","coordinates":[144.94828,-37.75379]},"properties":{"cat":"worship","name":"Moreland Baptist Church"}},{"type":"Feature","geometry":{"type":"Point","coordinates":[144.96748,-37.74106]},"properties":{"cat":"worship","name":"Uniting Church Second Wesleyan Methodist Chapel"}},{"type":"Feature","geometry":{"type":"Point","coordinates":[145.00204,-37.7162]},"properties":{"cat":"worship","name":"St Andrew's Presbyterian Church"}},{"type":"Feature","geometry":{"type":"Point","coordinates":[144.92551,-37.71349]},"properties":{"cat":"community","name":"Oak Park Stadium"}},{"type":"Feature","geometry":{"type":"Point","coordinates":[144.94771,-37.72325]},"properties":{"cat":"hospital","name":"Dorset Rehabilitation Centre"}},{"type":"Feature","geometry":{"type":"Point","coordinates":[144.93791,-37.7374]},"properties":{"cat":"worship","name":"Uniting Church Pascoe Vale South"}},{"type":"Feature","geometry":{"type":"Point","coordinates":[144.90099,-37.79867]},"properties":{"cat":"supermarket","name":"D&K"}},{"type":"Feature","geometry":{"type":"Point","coordinates":[144.9024,-37.79985]},"properties":{"cat":"supermarket","name":"Th\u00e0nh Ph\u00e1t"}},{"type":"Feature","geometry":{"type":"Point","coordinates":[144.97751,-37.74805]},"properties":{"cat":"worship","name":"Saint Mary's"}},{"type":"Feature","geometry":{"type":"Point","coordinates":[144.97506,-37.75517]},"properties":{"cat":"worship","name":"Coburg Mosque"}},{"type":"Feature","geometry":{"type":"Point","coordinates":[144.89746,-37.80124]},"properties":{"cat":"shopping","name":"18 Albert Footscray Plaza"}},{"type":"Feature","geometry":{"type":"Point","coordinates":[144.90332,-37.86549]},"properties":{"cat":"worship","name":"Williamstown Presbyterian Church"}},{"type":"Feature","geometry":{"type":"Point","coordinates":[144.99283,-37.73753]},"properties":{"cat":"worship","name":"Darebin North West Uniting Church"}},{"type":"Feature","geometry":{"type":"Point","coordinates":[144.96341,-37.67926]},"properties":{"cat":"worship","name":"Our Lady Guardian of Plants"}},{"type":"Feature","geometry":{"type":"Point","coordinates":[144.93134,-37.67214]},"properties":{"cat":"supermarket","name":"Fresh Plus "}},{"type":"Feature","geometry":{"type":"Point","coordinates":[144.93719,-37.72019]},"properties":{"cat":"worship","name":"Kent Road Congregation"}},{"type":"Feature","geometry":{"type":"Point","coordinates":[145.43514,-38.0644]},"properties":{"cat":"shopping","name":"Arena Shopping Centre"}},{"type":"Feature","geometry":{"type":"Point","coordinates":[144.80168,-37.74488]},"properties":{"cat":"supermarket","name":"Woolworths"}},{"type":"Feature","geometry":{"type":"Point","coordinates":[144.9219,-37.65514]},"properties":{"cat":"community","name":"Meadow Heights (Buchan Street) Community Centre"}},{"type":"Feature","geometry":{"type":"Point","coordinates":[144.92059,-37.65333]},"properties":{"cat":"worship","name":"Holy Child Parish (Chapel of Ease)"}},{"type":"Feature","geometry":{"type":"Point","coordinates":[144.92061,-37.65196]},"properties":{"cat":"worship","name":"Meadow Heights Mosque"}},{"type":"Feature","geometry":{"type":"Point","coordinates":[144.9212,-37.6528]},"properties":{"cat":"community","name":"Visy Cares Learning Centre"}},{"type":"Feature","geometry":{"type":"Point","coordinates":[144.92431,-37.66269]},"properties":{"cat":"community","name":"Melba Vale Community Centre"}},{"type":"Feature","geometry":{"type":"Point","coordinates":[144.94159,-37.66852]},"properties":{"cat":"worship","name":"Broadmeadows Mosque (Cami)"}},{"type":"Feature","geometry":{"type":"Point","coordinates":[144.93152,-37.66909]},"properties":{"cat":"community","name":"Lynda Blundell Centre"}},{"type":"Feature","geometry":{"type":"Point","coordinates":[144.88551,-37.71383]},"properties":{"cat":"shopping","name":"Westfield Airport West Shopping Centre"}},{"type":"Feature","geometry":{"type":"Point","coordinates":[144.89288,-37.69619]},"properties":{"cat":"worship","name":"Gladstone Park Uniting Church"}},{"type":"Feature","geometry":{"type":"Point","coordinates":[145.08373,-37.92443]},"properties":{"cat":"worship","name":"South Oakleigh Gospel Hall"}},{"type":"Feature","geometry":{"type":"Point","coordinates":[145.1908,-37.81737]},"properties":{"cat":"worship","name":"St John's Mitcham"}},{"type":"Feature","geometry":{"type":"Point","coordinates":[144.88442,-37.73162]},"properties":{"cat":"community","name":"Bowes Avenue Community Centre"}},{"type":"Feature","geometry":{"type":"Point","coordinates":[144.91222,-37.68461]},"properties":{"cat":"hospital","name":"Broadmeadows Hospital"}},{"type":"Feature","geometry":{"type":"Point","coordinates":[144.98061,-37.86899]},"properties":{"cat":"shopping","name":"Acland Court"}},{"type":"Feature","geometry":{"type":"Point","coordinates":[144.96814,-37.69753]},"properties":{"cat":"worship","name":"Saint Matthew's Church"}},{"type":"Feature","geometry":{"type":"Point","coordinates":[145.1766,-37.82071]},"properties":{"cat":"supermarket","name":"Thai Sun Food Market"}},{"type":"Feature","geometry":{"type":"Point","coordinates":[145.11376,-37.69949]},"properties":{"cat":"community","name":"Greenhills Scout Hall"}},{"type":"Feature","geometry":{"type":"Point","coordinates":[145.17532,-37.82006]},"properties":{"cat":"supermarket","name":"Canton Asian Grocery"}},{"type":"Feature","geometry":{"type":"Point","coordinates":[145.74753,-37.50898]},"properties":{"cat":"supermarket","name":"Marysville Grocer"}},{"type":"Feature","geometry":{"type":"Point","coordinates":[145.14956,-37.67376]},"properties":{"cat":"worship","name":"St John's Anglican Church"}},{"type":"Feature","geometry":{"type":"Point","coordinates":[144.67413,-37.84023]},"properties":{"cat":"shopping","name":"Tarneit Gardens Shopping Centre"}},{"type":"Feature","geometry":{"type":"Point","coordinates":[144.67517,-37.83818]},"properties":{"cat":"community","name":"Penrose Promenade Community Hub"}},{"type":"Feature","geometry":{"type":"Point","coordinates":[145.16743,-37.88977]},"properties":{"cat":"worship","name":"LifeGate Church of Christ"}},{"type":"Feature","geometry":{"type":"Point","coordinates":[144.99725,-37.71741]},"properties":{"cat":"hospital","name":"Reservoir Private Hospital"}},{"type":"Feature","geometry":{"type":"Point","coordinates":[145.09809,-37.82319]},"properties":{"cat":"community","name":"Surrey Hills Neighbourhood Centre"}},{"type":"Feature","geometry":{"type":"Point","coordinates":[145.19475,-37.81048]},"properties":{"cat":"hospital","name":"Mitcham Private Hospital"}},{"type":"Feature","geometry":{"type":"Point","coordinates":[144.86452,-37.73362]},"properties":{"cat":"worship","name":"Brimbank Church of Christ"}},{"type":"Feature","geometry":{"type":"Point","coordinates":[144.85968,-37.74943]},"properties":{"cat":"worship","name":""}},{"type":"Feature","geometry":{"type":"Point","coordinates":[144.85963,-37.7493]},"properties":{"cat":"worship","name":""}},{"type":"Feature","geometry":{"type":"Point","coordinates":[145.01937,-37.67314]},"properties":{"cat":"community","name":"French Street Hall"}},{"type":"Feature","geometry":{"type":"Point","coordinates":[145.01491,-37.68148]},"properties":{"cat":"worship","name":""}},{"type":"Feature","geometry":{"type":"Point","coordinates":[144.91774,-37.75654]},"properties":{"cat":"worship","name":"St. John's Uniting Church"}},{"type":"Feature","geometry":{"type":"Point","coordinates":[144.99337,-37.72659]},"properties":{"cat":"worship","name":"St Mark's Anglican Church"}},{"type":"Feature","geometry":{"type":"Point","coordinates":[144.59054,-37.48757]},"properties":{"cat":"supermarket","name":"Foodworks"}},{"type":"Feature","geometry":{"type":"Point","coordinates":[144.9964,-37.8096]},"properties":{"cat":"supermarket","name":"Minh Phat Asian Supermarket"}},{"type":"Feature","geometry":{"type":"Point","coordinates":[145.21466,-37.87799]},"properties":{"cat":"worship","name":"CityLife Church"}},{"type":"Feature","geometry":{"type":"Point","coordinates":[144.98334,-37.81414]},"properties":{"cat":"worship","name":"Holy Trinity Anglican Church"}},{"type":"Feature","geometry":{"type":"Point","coordinates":[144.86092,-37.75816]},"properties":{"cat":"worship","name":"St Martin de Porres"}},{"type":"Feature","geometry":{"type":"Point","coordinates":[144.86305,-37.76552]},"properties":{"cat":"library","name":"Avondale Heights Library and Learning Centre"}},{"type":"Feature","geometry":{"type":"Point","coordinates":[144.86338,-37.76743]},"properties":{"cat":"supermarket","name":"Coles"}},{"type":"Feature","geometry":{"type":"Point","coordinates":[145.18653,-37.87708]},"properties":{"cat":"worship","name":"The Salvation Army Waverley Temple"}},{"type":"Feature","geometry":{"type":"Point","coordinates":[145.17434,-38.22327]},"properties":{"cat":"worship","name":"St. Andrews Somerville"}},{"type":"Feature","geometry":{"type":"Point","coordinates":[144.96654,-37.8059]},"properties":{"cat":"worship","name":"Lygon Street Christian Chapel"}},{"type":"Feature","geometry":{"type":"Point","coordinates":[144.91506,-37.77608]},"properties":{"cat":"community","name":"Ascot Vale Neighbourhood Centre"}},{"type":"Feature","geometry":{"type":"Point","coordinates":[144.69247,-37.41152]},"properties":{"cat":"worship","name":"Rowallan Chapel"}},{"type":"Feature","geometry":{"type":"Point","coordinates":[144.98259,-37.84615]},"properties":{"cat":"hospital","name":"Alfred Hospital"}},{"type":"Feature","geometry":{"type":"Point","coordinates":[144.49158,-38.28018]},"properties":{"cat":"worship","name":"All Saints Anglican Church"}},{"type":"Feature","geometry":{"type":"Point","coordinates":[144.52267,-38.26656]},"properties":{"cat":"shopping","name":"Ocean Plaza"}},{"type":"Feature","geometry":{"type":"Point","coordinates":[144.52208,-38.2663]},"properties":{"cat":"library","name":"Ocean Grove Library"}},{"type":"Feature","geometry":{"type":"Point","coordinates":[144.52459,-38.26416]},"properties":{"cat":"worship","name":"St Peter's Anglican Church"}},{"type":"Feature","geometry":{"type":"Point","coordinates":[144.57019,-38.1742]},"properties":{"cat":"community","name":"Springdale Neighbourhood Centre"}},{"type":"Feature","geometry":{"type":"Point","coordinates":[144.56946,-38.17366]},"properties":{"cat":"worship","name":"Drysdale Uniting Church"}},{"type":"Feature","geometry":{"type":"Point","coordinates":[144.57198,-38.1737]},"properties":{"cat":"supermarket","name":"Aldi"}},{"type":"Feature","geometry":{"type":"Point","coordinates":[144.56956,-38.17245]},"properties":{"cat":"supermarket","name":"Woolworths"}},{"type":"Feature","geometry":{"type":"Point","coordinates":[144.56996,-38.17251]},"properties":{"cat":"library","name":"Drysdale Library"}},{"type":"Feature","geometry":{"type":"Point","coordinates":[144.57362,-38.16963]},"properties":{"cat":"worship","name":"St. James Anglican Church"}},{"type":"Feature","geometry":{"type":"Point","coordinates":[144.54994,-38.17936]},"properties":{"cat":"worship","name":"Drysdale Community Church"}},{"type":"Feature","geometry":{"type":"Point","coordinates":[144.46831,-38.19066]},"properties":{"cat":"worship","name":"Leopold Uniting Church"}},{"type":"Feature","geometry":{"type":"Point","coordinates":[144.47076,-38.18695]},"properties":{"cat":"supermarket","name":"Foodworks"}},{"type":"Feature","geometry":{"type":"Point","coordinates":[144.45395,-38.1856]},"properties":{"cat":"supermarket","name":"Coles"}},{"type":"Feature","geometry":{"type":"Point","coordinates":[144.75387,-37.75926]},"properties":{"cat":"shopping","name":"Burnside Shopping Centre"}},{"type":"Feature","geometry":{"type":"Point","coordinates":[144.40966,-38.02204]},"properties":{"cat":"community","name":"Lara Community Centre"}},{"type":"Feature","geometry":{"type":"Point","coordinates":[144.41102,-38.02214]},"properties":{"cat":"library","name":"Lara Library"}},{"type":"Feature","geometry":{"type":"Point","coordinates":[144.40755,-38.02258]},"properties":{"cat":"supermarket","name":"Asia Verse"}},{"type":"Feature","geometry":{"type":"Point","coordinates":[144.98136,-37.7361]},"properties":{"cat":"community","name":"Newlands Elderly Citizens Clubrooms"}},{"type":"Feature","geometry":{"type":"Point","coordinates":[144.90698,-37.78002]},"properties":{"cat":"worship","name":"All Saints Ascot Vale"}},{"type":"Feature","geometry":{"type":"Point","coordinates":[144.90692,-37.77995]},"properties":{"cat":"worship","name":"All Saints Anglican Church"}},{"type":"Feature","geometry":{"type":"Point","coordinates":[144.88643,-37.77336]},"properties":{"cat":"library","name":"Maribyrnong Library"}},{"type":"Feature","geometry":{"type":"Point","coordinates":[144.91966,-37.57469]},"properties":{"cat":"shopping","name":"Highlands Shopping Centre"}},{"type":"Feature","geometry":{"type":"Point","coordinates":[144.99401,-37.80453]},"properties":{"cat":"community","name":"Stanton Street Hall"}},{"type":"Feature","geometry":{"type":"Point","coordinates":[145.28423,-38.11157]},"properties":{"cat":"supermarket","name":"ALDI"}},{"type":"Feature","geometry":{"type":"Point","coordinates":[144.56708,-37.68552]},"properties":{"cat":"shopping","name":"Coburns Central"}},{"type":"Feature","geometry":{"type":"Point","coordinates":[144.99251,-37.81601]},"properties":{"cat":"hospital","name":"Epworth Rehabilitation"}},{"type":"Feature","geometry":{"type":"Point","coordinates":[144.82794,-37.78406]},"properties":{"cat":"worship","name":"Sunshine Presbyterian Church"}},{"type":"Feature","geometry":{"type":"Point","coordinates":[144.88587,-37.79319]},"properties":{"cat":"hospital","name":"Western Private Hospital"}},{"type":"Feature","geometry":{"type":"Point","coordinates":[145.26862,-37.83138]},"properties":{"cat":"worship","name":"Calvary Baptist Church"}},{"type":"Feature","geometry":{"type":"Point","coordinates":[144.9247,-37.76531]},"properties":{"cat":"worship","name":"The Anglican Parish St Thomas"}},{"type":"Feature","geometry":{"type":"Point","coordinates":[145.21611,-37.98339]},"properties":{"cat":"supermarket","name":"ALDI"}},{"type":"Feature","geometry":{"type":"Point","coordinates":[144.965,-37.69797]},"properties":{"cat":"worship","name":"Imam Ali Islamic Centre"}},{"type":"Feature","geometry":{"type":"Point","coordinates":[145.00432,-37.71475]},"properties":{"cat":"worship","name":"Saint George's"}},{"type":"Feature","geometry":{"type":"Point","coordinates":[145.14786,-38.12278]},"properties":{"cat":"community","name":"Frankston North Community Centre (HIPPY)"}},{"type":"Feature","geometry":{"type":"Point","coordinates":[145.25703,-37.87664]},"properties":{"cat":"worship","name":"Our Saviour's Lutheran Church"}},{"type":"Feature","geometry":{"type":"Point","coordinates":[145.22766,-37.82165]},"properties":{"cat":"worship","name":"Salvation Army Ringwood Corp"}},{"type":"Feature","geometry":{"type":"Point","coordinates":[145.22779,-37.8222]},"properties":{"cat":"worship","name":"Ringwood Lutheran Church"}},{"type":"Feature","geometry":{"type":"Point","coordinates":[144.77189,-37.71718]},"properties":{"cat":"community","name":"Delahey Community Centre"}},{"type":"Feature","geometry":{"type":"Point","coordinates":[144.43356,-37.67794]},"properties":{"cat":"hospital","name":"Bacchus Marsh & Melton Regional Hospital"}},{"type":"Feature","geometry":{"type":"Point","coordinates":[144.85038,-37.72799]},"properties":{"cat":"worship","name":""}},{"type":"Feature","geometry":{"type":"Point","coordinates":[144.85058,-37.72811]},"properties":{"cat":"worship","name":"Brimbank Anglican Church"}},{"type":"Feature","geometry":{"type":"Point","coordinates":[145.05853,-37.69502]},"properties":{"cat":"supermarket","name":"Woolworths"}},{"type":"Feature","geometry":{"type":"Point","coordinates":[144.55815,-37.68738]},"properties":{"cat":"hospital","name":"Melton Health Hub"}},{"type":"Feature","geometry":{"type":"Point","coordinates":[144.693,-37.83649]},"properties":{"cat":"shopping","name":"Tarneit Central Shopping Centre"}},{"type":"Feature","geometry":{"type":"Point","coordinates":[145.28174,-37.80061]},"properties":{"cat":"library","name":"Croydon Library"}},{"type":"Feature","geometry":{"type":"Point","coordinates":[145.03559,-37.82505]},"properties":{"cat":"community","name":"Hawthorn Early Years"}},{"type":"Feature","geometry":{"type":"Point","coordinates":[144.44154,-37.67661]},"properties":{"cat":"library","name":"Lerderderg Library"}},{"type":"Feature","geometry":{"type":"Point","coordinates":[145.0237,-37.80651]},"properties":{"cat":"hospital","name":"St Vincent's Private Hospital Kew"}},{"type":"Feature","geometry":{"type":"Point","coordinates":[144.80125,-37.77159]},"properties":{"cat":"worship","name":""}},{"type":"Feature","geometry":{"type":"Point","coordinates":[145.08353,-37.7104]},"properties":{"cat":"library","name":"Watsonia Library"}},{"type":"Feature","geometry":{"type":"Point","coordinates":[144.9982,-37.82246]},"properties":{"cat":"worship","name":"St Stephen's Anglican Church"}},{"type":"Feature","geometry":{"type":"Point","coordinates":[144.99803,-37.82187]},"properties":{"cat":"worship","name":"St Ignatius' Church"}},{"type":"Feature","geometry":{"type":"Point","coordinates":[144.99828,-37.82532]},"properties":{"cat":"library","name":"Richmond Library"}},{"type":"Feature","geometry":{"type":"Point","coordinates":[144.84745,-37.83286]},"properties":{"cat":"community","name":"Walker Close Community Centre"}},{"type":"Feature","geometry":{"type":"Point","coordinates":[145.15825,-38.09678]},"properties":{"cat":"worship","name":"Antioch House"}},{"type":"Feature","geometry":{"type":"Point","coordinates":[145.0594,-37.6943]},"properties":{"cat":"supermarket","name":"Psarakos Market"}},{"type":"Feature","geometry":{"type":"Point","coordinates":[145.17271,-38.10057]},"properties":{"cat":"worship","name":"The Salvation Army Community Church"}},{"type":"Feature","geometry":{"type":"Point","coordinates":[144.82859,-37.64275]},"properties":{"cat":"worship","name":"Uniting Church Bulla"}},{"type":"Feature","geometry":{"type":"Point","coordinates":[145.18367,-38.1021]},"properties":{"cat":"supermarket","name":"Woolworths"}},{"type":"Feature","geometry":{"type":"Point","coordinates":[145.18565,-38.10246]},"properties":{"cat":"shopping","name":"Kmart"}},{"type":"Feature","geometry":{"type":"Point","coordinates":[144.80518,-37.71505]},"properties":{"cat":"worship","name":""}},{"type":"Feature","geometry":{"type":"Point","coordinates":[145.15585,-38.15319]},"properties":{"cat":"hospital","name":"St John Of God Frankston Rehabilitation Hospital"}},{"type":"Feature","geometry":{"type":"Point","coordinates":[144.91943,-37.7795]},"properties":{"cat":"community","name":"Wingate Avenue Community Centre"}},{"type":"Feature","geometry":{"type":"Point","coordinates":[144.92221,-37.772]},"properties":{"cat":"worship","name":"Ascot Vale Uniting Church"}},{"type":"Feature","geometry":{"type":"Point","coordinates":[145.01455,-37.67234]},"properties":{"cat":"supermarket","name":"Woolworths"}},{"type":"Feature","geometry":{"type":"Point","coordinates":[145.34919,-37.76092]},"properties":{"cat":"supermarket","name":"Aldi"}},{"type":"Feature","geometry":{"type":"Point","coordinates":[145.34838,-37.76084]},"properties":{"cat":"shopping","name":"Big W"}},{"type":"Feature","geometry":{"type":"Point","coordinates":[145.08022,-37.69678]},"properties":{"cat":"community","name":"Demolished"}},{"type":"Feature","geometry":{"type":"Point","coordinates":[145.19201,-37.96621]},"properties":{"cat":"hospital","name":"South Eastern Private Hospital"}},{"type":"Feature","geometry":{"type":"Point","coordinates":[145.03451,-37.80778]},"properties":{"cat":"library","name":"Kew Library"}},{"type":"Feature","geometry":{"type":"Point","coordinates":[145.1459,-37.99208]},"properties":{"cat":"shopping","name":"HomeCo"}},{"type":"Feature","geometry":{"type":"Point","coordinates":[144.81862,-37.72589]},"properties":{"cat":"community","name":"Brimbank Bicycle Education Centre"}},{"type":"Feature","geometry":{"type":"Point","coordinates":[145.21186,-38.17083]},"properties":{"cat":"worship","name":"Bait-us-Salam"}},{"type":"Feature","geometry":{"type":"Point","coordinates":[144.99822,-37.77581]},"properties":{"cat":"worship","name":"Macedonian Bulgarian Eastern Orthodox Church"}},{"type":"Feature","geometry":{"type":"Point","coordinates":[144.99681,-37.77447]},"properties":{"cat":"worship","name":"St. Josephs Church"}},{"type":"Feature","geometry":{"type":"Point","coordinates":[145.00594,-37.74019]},"properties":{"cat":"library","name":"Preston Library"}},{"type":"Feature","geometry":{"type":"Point","coordinates":[144.95584,-37.80416]},"properties":{"cat":"worship","name":"Greek Free Church"}},{"type":"Feature","geometry":{"type":"Point","coordinates":[144.97772,-37.81119]},"properties":{"cat":"hospital","name":"St Vincents on the Park"}},{"type":"Feature","geometry":{"type":"Point","coordinates":[145.08132,-37.88764]},"properties":{"cat":"shopping","name":"Myer"}},{"type":"Feature","geometry":{"type":"Point","coordinates":[145.08011,-37.88672]},"properties":{"cat":"shopping","name":"David Jones"}},{"type":"Feature","geometry":{"type":"Point","coordinates":[145.02844,-37.73831]},"properties":{"cat":"supermarket","name":"Woolworths"}},{"type":"Feature","geometry":{"type":"Point","coordinates":[145.45444,-38.05983]},"properties":{"cat":"shopping","name":"Home Consortium Pakenham"}},{"type":"Feature","geometry":{"type":"Point","coordinates":[144.77818,-37.70815]},"properties":{"cat":"worship","name":"Brimbank City Community Church"}},{"type":"Feature","geometry":{"type":"Point","coordinates":[144.96459,-37.81443]},"properties":{"cat":"shopping","name":"Melbourne Walk"}},{"type":"Feature","geometry":{"type":"Point","coordinates":[144.97184,-37.81354]},"properties":{"cat":"university","name":"Australian National University"}},{"type":"Feature","geometry":{"type":"Point","coordinates":[144.96328,-37.7631]},"properties":{"cat":"supermarket","name":"Brunswick Supa IGA"}},{"type":"Feature","geometry":{"type":"Point","coordinates":[145.03043,-37.85781]},"properties":{"cat":"worship","name":"St Joseph's Malvern"}},{"type":"Feature","geometry":{"type":"Point","coordinates":[145.06996,-37.69146]},"properties":{"cat":"library","name":"Nash Resouce Centre - Library"}},{"type":"Feature","geometry":{"type":"Point","coordinates":[144.91902,-37.59546]},"properties":{"cat":"hospital","name":"Craigieburn Community Hospital"}},{"type":"Feature","geometry":{"type":"Point","coordinates":[144.69808,-37.74156]},"properties":{"cat":"worship","name":"Sri Durga Temple"}},{"type":"Feature","geometry":{"type":"Point","coordinates":[145.09188,-37.76593]},"properties":{"cat":"shopping","name":"Bulleen Plaza"}},{"type":"Feature","geometry":{"type":"Point","coordinates":[145.16449,-38.15374]},"properties":{"cat":"shopping","name":"Big W"}},{"type":"Feature","geometry":{"type":"Point","coordinates":[145.16707,-38.153]},"properties":{"cat":"supermarket","name":"Woolworths"}},{"type":"Feature","geometry":{"type":"Point","coordinates":[144.6516,-37.73052]},"properties":{"cat":"worship","name":"St Petka Serbian Orthodox Church"}},{"type":"Feature","geometry":{"type":"Point","coordinates":[145.26874,-37.60287]},"properties":{"cat":"worship","name":"St. Andrews Church"}},{"type":"Feature","geometry":{"type":"Point","coordinates":[144.94862,-37.8079]},"properties":{"cat":"supermarket","name":"ALDI"}},{"type":"Feature","geometry":{"type":"Point","coordinates":[144.94979,-37.80458]},"properties":{"cat":"supermarket","name":"North Melbourne Supa IGA + Liquor"}},{"type":"Feature","geometry":{"type":"Point","coordinates":[144.90747,-38.35611]},"properties":{"cat":"supermarket","name":"Woolworths"}},{"type":"Feature","geometry":{"type":"Point","coordinates":[145.03344,-37.95585]},"properties":{"cat":"supermarket","name":"Aldi"}},{"type":"Feature","geometry":{"type":"Point","coordinates":[145.13746,-38.14713]},"properties":{"cat":"shopping","name":"Harvey Norman"}},{"type":"Feature","geometry":{"type":"Point","coordinates":[144.90984,-37.59044]},"properties":{"cat":"library","name":"Craigieburn Library"}},{"type":"Feature","geometry":{"type":"Point","coordinates":[145.07187,-37.79419]},"properties":{"cat":"community","name":"Marwal Centre"}},{"type":"Feature","geometry":{"type":"Point","coordinates":[144.86109,-37.74961]},"properties":{"cat":"shopping","name":"Milleara Shopping Centre"}},{"type":"Feature","geometry":{"type":"Point","coordinates":[145.05559,-37.70161]},"properties":{"cat":"hospital","name":"Bundoora Extended Care Centre"}},{"type":"Feature","geometry":{"type":"Point","coordinates":[145.14032,-38.00837]},"properties":{"cat":"worship","name":"The Church of Jesus Christ of Latter-day Saints"}},{"type":"Feature","geometry":{"type":"Point","coordinates":[145.00208,-37.93712]},"properties":{"cat":"supermarket","name":"Woolworths"}},{"type":"Feature","geometry":{"type":"Point","coordinates":[145.08314,-37.7101]},"properties":{"cat":"worship","name":"Holy Spirit Anglican Church"}},{"type":"Feature","geometry":{"type":"Point","coordinates":[144.98374,-37.81459]},"properties":{"cat":"community","name":"Holy Trinity Parish Hall"}},{"type":"Feature","geometry":{"type":"Point","coordinates":[144.89459,-38.35913]},"properties":{"cat":"shopping","name":""}},{"type":"Feature","geometry":{"type":"Point","coordinates":[144.89364,-38.35963]},"properties":{"cat":"supermarket","name":"ALDI"}},{"type":"Feature","geometry":{"type":"Point","coordinates":[145.15489,-38.11755]},"properties":{"cat":"worship","name":"Frankston Presbyterian Church"}},{"type":"Feature","geometry":{"type":"Point","coordinates":[145.28699,-38.11318]},"properties":{"cat":"worship","name":"Cranbourne Presbyterian Church"}},{"type":"Feature","geometry":{"type":"Point","coordinates":[145.12889,-38.10304]},"properties":{"cat":"worship","name":"Seaford Uniting Church"}},{"type":"Feature","geometry":{"type":"Point","coordinates":[145.14941,-37.97185]},"properties":{"cat":"shopping","name":"Springvale South Shopping Village"}},{"type":"Feature","geometry":{"type":"Point","coordinates":[144.98947,-37.74424]},"properties":{"cat":"supermarket","name":"Bell Cellar & Grocery"}},{"type":"Feature","geometry":{"type":"Point","coordinates":[144.66071,-37.90373]},"properties":{"cat":"shopping","name":"Olde Dairy Plaza"}},{"type":"Feature","geometry":{"type":"Point","coordinates":[144.93891,-37.79154]},"properties":{"cat":"community","name":"AMSSA Youth Connect"}},{"type":"Feature","geometry":{"type":"Point","coordinates":[144.93784,-37.79312]},"properties":{"cat":"worship","name":"LIFE Church"}},{"type":"Feature","geometry":{"type":"Point","coordinates":[145.45471,-38.06457]},"properties":{"cat":"supermarket","name":"ALDI"}},{"type":"Feature","geometry":{"type":"Point","coordinates":[145.45556,-38.06333]},"properties":{"cat":"supermarket","name":"Coles"}},{"type":"Feature","geometry":{"type":"Point","coordinates":[145.484,-38.07764]},"properties":{"cat":"shopping","name":"Pakenham Central Marketplace"}},{"type":"Feature","geometry":{"type":"Point","coordinates":[145.50677,-38.06286]},"properties":{"cat":"supermarket","name":"Coles"}},{"type":"Feature","geometry":{"type":"Point","coordinates":[145.05991,-37.69971]},"properties":{"cat":"worship","name":"St Peter\u2019s Anglican Church"}},{"type":"Feature","geometry":{"type":"Point","coordinates":[145.0577,-37.69804]},"properties":{"cat":"worship","name":"St Damian's Church"}},{"type":"Feature","geometry":{"type":"Point","coordinates":[145.22565,-37.81611]},"properties":{"cat":"supermarket","name":"Soon Lee Asian Grocery"}},{"type":"Feature","geometry":{"type":"Point","coordinates":[145.23255,-37.81341]},"properties":{"cat":"worship","name":"Planetshakers Church East Campus"}},{"type":"Feature","geometry":{"type":"Point","coordinates":[144.96109,-37.77559]},"properties":{"cat":"shopping","name":"Barkly Square"}},{"type":"Feature","geometry":{"type":"Point","coordinates":[145.00439,-37.73826]},"properties":{"cat":"worship","name":"All Saints Church"}},{"type":"Feature","geometry":{"type":"Point","coordinates":[144.96199,-37.77189]},"properties":{"cat":"worship","name":"Christ Church Brunswick"}},{"type":"Feature","geometry":{"type":"Point","coordinates":[145.166,-37.9177]},"properties":{"cat":"community","name":"Mulgrave Community Centre"}},{"type":"Feature","geometry":{"type":"Point","coordinates":[145.3758,-38.05339]},"properties":{"cat":"worship","name":"Beaconsfield Baptist Church"}},{"type":"Feature","geometry":{"type":"Point","coordinates":[145.32141,-38.01494]},"properties":{"cat":"community","name":"Rossmoyne Family & Community Centre"}},{"type":"Feature","geometry":{"type":"Point","coordinates":[145.47061,-38.06214]},"properties":{"cat":"worship","name":"St. James Church"}},{"type":"Feature","geometry":{"type":"Point","coordinates":[145.02875,-37.72494]},"properties":{"cat":"shopping","name":"Summerhill Shopping Centre"}},{"type":"Feature","geometry":{"type":"Point","coordinates":[144.91849,-37.68252]},"properties":{"cat":"library","name":"Hume Global Learning Centre - Broadmeadows"}},{"type":"Feature","geometry":{"type":"Point","coordinates":[145.21336,-37.98799]},"properties":{"cat":"worship","name":"Wesleyan Methodist Church of australia"}},{"type":"Feature","geometry":{"type":"Point","coordinates":[145.21491,-37.98681]},"properties":{"cat":"shopping","name":"Venture Plaza"}},{"type":"Feature","geometry":{"type":"Point","coordinates":[145.21518,-37.98647]},"properties":{"cat":"shopping","name":"Dandenong Hub"}},{"type":"Feature","geometry":{"type":"Point","coordinates":[145.03706,-38.21848]},"properties":{"cat":"worship","name":"St Peters Anglican Church, Mornington"}},{"type":"Feature","geometry":{"type":"Point","coordinates":[145.06966,-37.7579]},"properties":{"cat":"community","name":"Masonic Hall"}},{"type":"Feature","geometry":{"type":"Point","coordinates":[145.18905,-38.30887]},"properties":{"cat":"supermarket","name":"ALDI"}},{"type":"Feature","geometry":{"type":"Point","coordinates":[145.17246,-38.22528]},"properties":{"cat":"community","name":"Somerville Recreation Centre"}},{"type":"Feature","geometry":{"type":"Point","coordinates":[144.98992,-37.83847]},"properties":{"cat":"shopping","name":"South Yarra Arcade"}},{"type":"Feature","geometry":{"type":"Point","coordinates":[144.71239,-37.57827]},"properties":{"cat":"supermarket","name":"ALDI"}},{"type":"Feature","geometry":{"type":"Point","coordinates":[144.96454,-37.85062]},"properties":{"cat":"supermarket","name":"IGA"}},{"type":"Feature","geometry":{"type":"Point","coordinates":[144.95957,-37.84881]},"properties":{"cat":"library","name":"Carmelite Library"}},{"type":"Feature","geometry":{"type":"Point","coordinates":[144.95923,-37.84865]},"properties":{"cat":"worship","name":"Our Lady of Mount Carmel Church"}},{"type":"Feature","geometry":{"type":"Point","coordinates":[144.96375,-37.85075]},"properties":{"cat":"supermarket","name":"Gumtree"}},{"type":"Feature","geometry":{"type":"Point","coordinates":[144.96203,-37.84988]},"properties":{"cat":"community","name":"Middle Park Community Centre"}},{"type":"Feature","geometry":{"type":"Point","coordinates":[144.7997,-37.70249]},"properties":{"cat":"shopping","name":"Taylors Lakes Shopping Centre"}},{"type":"Feature","geometry":{"type":"Point","coordinates":[144.96261,-37.83454]},"properties":{"cat":"university","name":"JMC Academy (Park Street Campus)"}},{"type":"Feature","geometry":{"type":"Point","coordinates":[145.24306,-37.87266]},"properties":{"cat":"community","name":"Knowles Lodge"}},{"type":"Feature","geometry":{"type":"Point","coordinates":[145.24106,-37.87206]},"properties":{"cat":"community","name":""}},{"type":"Feature","geometry":{"type":"Point","coordinates":[145.33898,-38.0712]},"properties":{"cat":"library","name":""}},{"type":"Feature","geometry":{"type":"Point","coordinates":[144.91368,-37.59309]},"properties":{"cat":"shopping","name":"Craigieburn Central"}},{"type":"Feature","geometry":{"type":"Point","coordinates":[144.92051,-37.8366]},"properties":{"cat":"community","name":"Fishermans Bend Community Centre"}},{"type":"Feature","geometry":{"type":"Point","coordinates":[144.94274,-37.8358]},"properties":{"cat":"worship","name":"Port Melbourne Uniting Church"}},{"type":"Feature","geometry":{"type":"Point","coordinates":[144.94169,-37.83982]},"properties":{"cat":"worship","name":"Holy Trinity Anglican Church"}},{"type":"Feature","geometry":{"type":"Point","coordinates":[144.94158,-37.8379]},"properties":{"cat":"community","name":"Port Melbourne Neighbourhood Centre"}},{"type":"Feature","geometry":{"type":"Point","coordinates":[145.44488,-37.65984]},"properties":{"cat":"worship","name":"Tarrawarra Abbey"}},{"type":"Feature","geometry":{"type":"Point","coordinates":[145.12971,-37.87369]},"properties":{"cat":"worship","name":"Holy Family Catholic Church"}},{"type":"Feature","geometry":{"type":"Point","coordinates":[144.96865,-37.74502]},"properties":{"cat":"community","name":"Coburg Elderly Citizens' Clubrooms"}},{"type":"Feature","geometry":{"type":"Point","coordinates":[144.95219,-37.83377]},"properties":{"cat":"community","name":"Sol Green Community Centre"}},{"type":"Feature","geometry":{"type":"Point","coordinates":[145.00769,-37.82453]},"properties":{"cat":"worship","name":"The Holy Trinity"}},{"type":"Feature","geometry":{"type":"Point","coordinates":[145.00796,-37.82268]},"properties":{"cat":"worship","name":"St Georges Uniting Church"}},{"type":"Feature","geometry":{"type":"Point","coordinates":[144.95298,-37.80594]},"properties":{"cat":"worship","name":"Saint Mary Star of the Sea"}},{"type":"Feature","geometry":{"type":"Point","coordinates":[145.11916,-37.68173]},"properties":{"cat":"worship","name":"St Thomas the Apostle Catholic Church"}},{"type":"Feature","geometry":{"type":"Point","coordinates":[145.11991,-37.68385]},"properties":{"cat":"worship","name":"Serbian Orthodox Church of St. Sava"}},{"type":"Feature","geometry":{"type":"Point","coordinates":[145.1231,-37.6776]},"properties":{"cat":"worship","name":"Diamond Valley Baptist Church"}},{"type":"Feature","geometry":{"type":"Point","coordinates":[145.12486,-37.67591]},"properties":{"cat":"worship","name":"Kingdom Hall of Jehovah's Witnesses"}},{"type":"Feature","geometry":{"type":"Point","coordinates":[145.08042,-37.70461]},"properties":{"cat":"worship","name":"Irish Martyrs Chapel"}},{"type":"Feature","geometry":{"type":"Point","coordinates":[145.1991,-37.92096]},"properties":{"cat":"worship","name":"Mulgrave Reserve Gospel Chapel"}},{"type":"Feature","geometry":{"type":"Point","coordinates":[145.10464,-37.82805]},"properties":{"cat":"hospital","name":"BlueCross Broughtonlea"}},{"type":"Feature","geometry":{"type":"Point","coordinates":[144.91557,-37.774]},"properties":{"cat":"library","name":"Ascot Vale Library"}},{"type":"Feature","geometry":{"type":"Point","coordinates":[145.29093,-37.88989]},"properties":{"cat":"library","name":"Ferntree Gully Library"}},{"type":"Feature","geometry":{"type":"Point","coordinates":[144.98027,-37.80331]},"properties":{"cat":"community","name":"Yarra Community Youth Centre"}},{"type":"Feature","geometry":{"type":"Point","coordinates":[145.05965,-37.83073]},"properties":{"cat":"community","name":"Camberwell Community Centre"}},{"type":"Feature","geometry":{"type":"Point","coordinates":[145.22925,-37.8149]},"properties":{"cat":"library","name":"Realm"}},{"type":"Feature","geometry":{"type":"Point","coordinates":[145.28523,-37.85896]},"properties":{"cat":"worship","name":"St Pauls"}},{"type":"Feature","geometry":{"type":"Point","coordinates":[144.97949,-37.79425]},"properties":{"cat":"supermarket","name":"Fitzroy IGA"}},{"type":"Feature","geometry":{"type":"Point","coordinates":[144.69607,-37.83547]},"properties":{"cat":"community","name":"Tarneit Community Learning Centre"}},{"type":"Feature","geometry":{"type":"Point","coordinates":[145.07994,-37.81293]},"properties":{"cat":"worship","name":"St Barnabas Anglican Church"}},{"type":"Feature","geometry":{"type":"Point","coordinates":[145.00731,-37.71452]},"properties":{"cat":"supermarket","name":"Coles"}},{"type":"Feature","geometry":{"type":"Point","coordinates":[145.31469,-37.8553]},"properties":{"cat":"worship","name":"Sri Vakrathunda Vinayagar Temple"}},{"type":"Feature","geometry":{"type":"Point","coordinates":[144.93165,-37.78441]},"properties":{"cat":"worship","name":"St Brendan's"}},{"type":"Feature","geometry":{"type":"Point","coordinates":[144.96525,-37.79873]},"properties":{"cat":"community","name":"Kathleen Syme Library and Community Centre"}},{"type":"Feature","geometry":{"type":"Point","coordinates":[145.14347,-38.06888]},"properties":{"cat":"community","name":"Patterson Lakes Community Centre"}},{"type":"Feature","geometry":{"type":"Point","coordinates":[145.09236,-37.97085]},"properties":{"cat":"shopping","name":"Kingston Central Plaza"}},{"type":"Feature","geometry":{"type":"Point","coordinates":[145.07512,-37.80163]},"properties":{"cat":"community","name":"1st North Balwyn Scout Group"}},{"type":"Feature","geometry":{"type":"Point","coordinates":[145.0725,-37.99084]},"properties":{"cat":"hospital","name":"Como Private Hospital"}},{"type":"Feature","geometry":{"type":"Point","coordinates":[144.89575,-37.80126]},"properties":{"cat":"community","name":"African Australian Community Centre"}},{"type":"Feature","geometry":{"type":"Point","coordinates":[144.89582,-37.80077]},"properties":{"cat":"worship","name":"St John's Anglican Church"}},{"type":"Feature","geometry":{"type":"Point","coordinates":[145.02179,-37.94531]},"properties":{"cat":"supermarket","name":"Coles"}},{"type":"Feature","geometry":{"type":"Point","coordinates":[145.02295,-37.73263]},"properties":{"cat":"community","name":"East Preston Senior Citizens and Youth Club Centre"}},{"type":"Feature","geometry":{"type":"Point","coordinates":[145.02323,-37.6737]},"properties":{"cat":"worship","name":"The Arabic Assembly of God in Melbourne"}},{"type":"Feature","geometry":{"type":"Point","coordinates":[145.15975,-37.97216]},"properties":{"cat":"worship","name":"Kingdom Hall of Jehovah's Witnesses"}},{"type":"Feature","geometry":{"type":"Point","coordinates":[145.1184,-37.81484]},"properties":{"cat":"hospital","name":"Eastern Health"}},{"type":"Feature","geometry":{"type":"Point","coordinates":[145.06283,-38.21993]},"properties":{"cat":"supermarket","name":"Aldi"}},{"type":"Feature","geometry":{"type":"Point","coordinates":[144.89588,-37.80013]},"properties":{"cat":"library","name":"Footscray Library"}},{"type":"Feature","geometry":{"type":"Point","coordinates":[144.65347,-38.11576]},"properties":{"cat":"supermarket","name":"Woolworths"}},{"type":"Feature","geometry":{"type":"Point","coordinates":[145.02285,-37.8217]},"properties":{"cat":"hospital","name":"Epworth Hawthorn"}},{"type":"Feature","geometry":{"type":"Point","coordinates":[144.94054,-37.82002]},"properties":{"cat":"library","name":"Library at the Dock"}},{"type":"Feature","geometry":{"type":"Point","coordinates":[145.15196,-37.95079]},"properties":{"cat":"shopping","name":"Springvale Centre"}},{"type":"Feature","geometry":{"type":"Point","coordinates":[145.09862,-37.76192]},"properties":{"cat":"library","name":"Manningham Toy Library"}},{"type":"Feature","geometry":{"type":"Point","coordinates":[144.9576,-37.84043]},"properties":{"cat":"worship","name":"St Silas Anglican Church"}},{"type":"Feature","geometry":{"type":"Point","coordinates":[144.98599,-37.87312]},"properties":{"cat":"community","name":""}},{"type":"Feature","geometry":{"type":"Point","coordinates":[144.98809,-37.8715]},"properties":{"cat":"community","name":"Latvian House"}},{"type":"Feature","geometry":{"type":"Point","coordinates":[144.99075,-37.88065]},"properties":{"cat":"worship","name":""}},{"type":"Feature","geometry":{"type":"Point","coordinates":[144.99092,-37.88058]},"properties":{"cat":"worship","name":"Elwood Presbyterian Church"}},{"type":"Feature","geometry":{"type":"Point","coordinates":[144.98165,-37.88243]},"properties":{"cat":"worship","name":"Catholic Parish of Sacred Heart and Columba"}},{"type":"Feature","geometry":{"type":"Point","coordinates":[144.57884,-37.68302]},"properties":{"cat":"supermarket","name":"ALDI"}},{"type":"Feature","geometry":{"type":"Point","coordinates":[144.80242,-37.7453]},"properties":{"cat":"community","name":"St Albans Community Centre"}},{"type":"Feature","geometry":{"type":"Point","coordinates":[144.89898,-37.79323]},"properties":{"cat":"university","name":"Victoria University (Footscray Park Campus) Building M"}},{"type":"Feature","geometry":{"type":"Point","coordinates":[145.0314,-37.86249]},"properties":{"cat":"worship","name":"Malvern Presbyterian Church"}},{"type":"Feature","geometry":{"type":"Point","coordinates":[145.28165,-37.86109]},"properties":{"cat":"supermarket","name":"NQR Boronia"}},{"type":"Feature","geometry":{"type":"Point","coordinates":[145.28438,-37.86166]},"properties":{"cat":"supermarket","name":"Woolworths"}},{"type":"Feature","geometry":{"type":"Point","coordinates":[144.96095,-37.77098]},"properties":{"cat":"worship","name":"St Ambrose"}},{"type":"Feature","geometry":{"type":"Point","coordinates":[144.70143,-37.57058]},"properties":{"cat":"worship","name":"Kingdom Hall of Jehovah's Witnesses"}},{"type":"Feature","geometry":{"type":"Point","coordinates":[144.77325,-37.70253]},"properties":{"cat":"worship","name":"Kingdom Hall of Jehovah's Witnesses"}},{"type":"Feature","geometry":{"type":"Point","coordinates":[144.86051,-37.71624]},"properties":{"cat":"worship","name":"Kingdom Hall of Jehovah's Witnesses"}},{"type":"Feature","geometry":{"type":"Point","coordinates":[144.92499,-37.73045]},"properties":{"cat":"worship","name":"Kingdom Hall of Jehovah's Witnesses"}},{"type":"Feature","geometry":{"type":"Point","coordinates":[145.02408,-37.69623]},"properties":{"cat":"worship","name":"Kingdom Hall of Jehovah's Witnesses"}},{"type":"Feature","geometry":{"type":"Point","coordinates":[144.82377,-37.78574]},"properties":{"cat":"worship","name":"Kingdom Hall of Jehovah's Witnesses"}},{"type":"Feature","geometry":{"type":"Point","coordinates":[145.00885,-37.7434]},"properties":{"cat":"worship","name":"Kingdom Hall of Jehovah's Witnesses"}},{"type":"Feature","geometry":{"type":"Point","coordinates":[144.43857,-37.66234]},"properties":{"cat":"worship","name":"Kingdom Hall of Jehovah's Witnesses"}},{"type":"Feature","geometry":{"type":"Point","coordinates":[144.88476,-37.82833]},"properties":{"cat":"worship","name":"Kingdom Hall of Jehovah's Witnesses"}},{"type":"Feature","geometry":{"type":"Point","coordinates":[144.66976,-37.84698]},"properties":{"cat":"worship","name":"Kingdom Hall of Jehovah's Witnesses"}},{"type":"Feature","geometry":{"type":"Point","coordinates":[145.14548,-37.75443]},"properties":{"cat":"worship","name":"Kingdom Hall of Jehovah's Witnesses"}},{"type":"Feature","geometry":{"type":"Point","coordinates":[145.05345,-37.84682]},"properties":{"cat":"worship","name":"Kingdom Hall of Jehovah's Witnesses"}},{"type":"Feature","geometry":{"type":"Point","coordinates":[145.39923,-37.80114]},"properties":{"cat":"worship","name":"Kingdom Hall of Jehovah's Witnesses"}},{"type":"Feature","geometry":{"type":"Point","coordinates":[145.51267,-37.6644]},"properties":{"cat":"worship","name":"Kingdom Hall of Jehovah's Witnesses"}},{"type":"Feature","geometry":{"type":"Point","coordinates":[144.98559,-37.86742]},"properties":{"cat":"worship","name":"Kingdom Hall of Jehovah's Witnesses"}},{"type":"Feature","geometry":{"type":"Point","coordinates":[145.07182,-37.90892]},"properties":{"cat":"worship","name":"Kingdom Hall of Jehovah's Witnesses"}},{"type":"Feature","geometry":{"type":"Point","coordinates":[145.11449,-37.86051]},"properties":{"cat":"worship","name":"Kingdom Hall of Jehovah's Witnesses"}},{"type":"Feature","geometry":{"type":"Point","coordinates":[145.11246,-37.96269]},"properties":{"cat":"worship","name":"Kingdom Hall of Jehovah's Witnesses"}},{"type":"Feature","geometry":{"type":"Point","coordinates":[144.79019,-37.88509]},"properties":{"cat":"worship","name":"Kingdom Hall of Jehovah's Witnesses"}},{"type":"Feature","geometry":{"type":"Point","coordinates":[145.19723,-37.97193]},"properties":{"cat":"worship","name":"Kingdom Hall of Jehovah's Witnesses"}},{"type":"Feature","geometry":{"type":"Point","coordinates":[145.34458,-37.90986]},"properties":{"cat":"worship","name":"Kingdom Hall of Jehovah's Witnesses"}},{"type":"Feature","geometry":{"type":"Point","coordinates":[145.31353,-37.99739]},"properties":{"cat":"worship","name":"Kingdom Hall of Jehovah's Witnesses"}},{"type":"Feature","geometry":{"type":"Point","coordinates":[145.19003,-38.11998]},"properties":{"cat":"worship","name":"Kingdom Hall of Jehovah's Witnesses"}},{"type":"Feature","geometry":{"type":"Point","coordinates":[145.03789,-38.24693]},"properties":{"cat":"worship","name":"Kingdom Hall of Jehovah's Witnesses"}},{"type":"Feature","geometry":{"type":"Point","coordinates":[145.60679,-37.77947]},"properties":{"cat":"worship","name":"Kingdom Hall of Jehovah's Witnesses"}},{"type":"Feature","geometry":{"type":"Point","coordinates":[145.62247,-38.07852]},"properties":{"cat":"worship","name":"Kingdom Hall of Jehovah's Witnesses"}},{"type":"Feature","geometry":{"type":"Point","coordinates":[144.91069,-38.36974]},"properties":{"cat":"worship","name":"Kingdom Hall of Jehovah's Witnesses"}},{"type":"Feature","geometry":{"type":"Point","coordinates":[145.19156,-38.29325]},"properties":{"cat":"worship","name":"Kingdom Hall of Jehovah's Witnesses"}},{"type":"Feature","geometry":{"type":"Point","coordinates":[144.55869,-37.64776]},"properties":{"cat":"worship","name":"Assembly Hall of Jehovah's Witnesses"}},{"type":"Feature","geometry":{"type":"Point","coordinates":[145.39051,-37.89084]},"properties":{"cat":"community","name":""}},{"type":"Feature","geometry":{"type":"Point","coordinates":[145.00921,-37.88611]},"properties":{"cat":"hospital","name":"Cabrini Rehabilitation - Glen Huntly"}},{"type":"Feature","geometry":{"type":"Point","coordinates":[145.01038,-37.88484]},"properties":{"cat":"hospital","name":"Cabrini Rehabilitation - Hopetoun Road"}},{"type":"Feature","geometry":{"type":"Point","coordinates":[145.18683,-38.1031]},"properties":{"cat":"community","name":"Lyrebird Community Centre"}},{"type":"Feature","geometry":{"type":"Point","coordinates":[144.85243,-37.81648]},"properties":{"cat":"supermarket","name":"Stan Cash"}},{"type":"Feature","geometry":{"type":"Point","coordinates":[144.81604,-37.74187]},"properties":{"cat":"worship","name":"Kingdom Hall of Jehovah's Witnesses"}},{"type":"Feature","geometry":{"type":"Point","coordinates":[145.02469,-37.69632]},"properties":{"cat":"worship","name":"Kingdom Hall Jehovah's Witnesses"}},{"type":"Feature","geometry":{"type":"Point","coordinates":[144.93503,-37.65454]},"properties":{"cat":"worship","name":"Kingdom Hall of Jehovah's Witnesses"}},{"type":"Feature","geometry":{"type":"Point","coordinates":[144.93721,-37.65968]},"properties":{"cat":"worship","name":"Saint Mary's Church Melbourne"}},{"type":"Feature","geometry":{"type":"Point","coordinates":[144.82353,-37.78574]},"properties":{"cat":"worship","name":""}},{"type":"Feature","geometry":{"type":"Point","coordinates":[145.23455,-38.20358]},"properties":{"cat":"community","name":"Pearcedale Public Hall"}},{"type":"Feature","geometry":{"type":"Point","coordinates":[145.22729,-38.20234]},"properties":{"cat":"community","name":"Pearcedale Community Centre"}},{"type":"Feature","geometry":{"type":"Point","coordinates":[145.2344,-38.20309]},"properties":{"cat":"worship","name":"St Peter's"}},{"type":"Feature","geometry":{"type":"Point","coordinates":[144.9211,-37.71992]},"properties":{"cat":"worship","name":"Saint Francis De Sales"}},{"type":"Feature","geometry":{"type":"Point","coordinates":[145.03781,-38.24738]},"properties":{"cat":"community","name":"The Salvation Army Mornington Mission Centre"}},{"type":"Feature","geometry":{"type":"Point","coordinates":[145.0374,-38.25286]},"properties":{"cat":"worship","name":""}},{"type":"Feature","geometry":{"type":"Point","coordinates":[144.77356,-37.7024]},"properties":{"cat":"worship","name":"Kingdom Hall of Jehovah's Witnesses"}},{"type":"Feature","geometry":{"type":"Point","coordinates":[145.16479,-37.97276]},"properties":{"cat":"worship","name":"Thi\u1ec1n T\u1ef1 Ph\u00e1p Hoa"}},{"type":"Feature","geometry":{"type":"Point","coordinates":[145.0059,-37.88264]},"properties":{"cat":"worship","name":"St Joseph's Catholic Church"}},{"type":"Feature","geometry":{"type":"Point","coordinates":[145.02999,-37.73846]},"properties":{"cat":"shopping","name":"Northland Shopping Centre"}},{"type":"Feature","geometry":{"type":"Point","coordinates":[144.95913,-37.7541]},"properties":{"cat":"hospital","name":"John Fawkner Private Hospital"}},{"type":"Feature","geometry":{"type":"Point","coordinates":[144.91114,-37.77368]},"properties":{"cat":"worship","name":"St Mary's Church"}},{"type":"Feature","geometry":{"type":"Point","coordinates":[145.17438,-38.23187]},"properties":{"cat":"worship","name":"St John's Presbyterian Church"}},{"type":"Feature","geometry":{"type":"Point","coordinates":[145.14314,-37.96158]},"properties":{"cat":"supermarket","name":"ALDI"}},{"type":"Feature","geometry":{"type":"Point","coordinates":[145.00649,-37.62251]},"properties":{"cat":"community","name":"Galada Community Centre"}},{"type":"Feature","geometry":{"type":"Point","coordinates":[145.07943,-37.62965]},"properties":{"cat":"supermarket","name":"Coles"}},{"type":"Feature","geometry":{"type":"Point","coordinates":[145.20854,-37.99406]},"properties":{"cat":"worship","name":"Albanian Sakie Islamic Centre"}},{"type":"Feature","geometry":{"type":"Point","coordinates":[144.86154,-37.8461]},"properties":{"cat":"worship","name":"Australian Islamic Centre"}},{"type":"Feature","geometry":{"type":"Point","coordinates":[145.1754,-38.00106]},"properties":{"cat":"worship","name":"Serbian Orthodox"}},{"type":"Feature","geometry":{"type":"Point","coordinates":[145.17981,-38.00899]},"properties":{"cat":"worship","name":"Divine Mercy Shrine"}},{"type":"Feature","geometry":{"type":"Point","coordinates":[145.17779,-38.01196]},"properties":{"cat":"worship","name":""}},{"type":"Feature","geometry":{"type":"Point","coordinates":[145.17737,-38.01241]},"properties":{"cat":"worship","name":"Keysborough Turkish Islamic Centre"}},{"type":"Feature","geometry":{"type":"Point","coordinates":[145.17451,-38.01527]},"properties":{"cat":"worship","name":"Gurudwara Sri Guru Granth Sahib Keysborough"}},{"type":"Feature","geometry":{"type":"Point","coordinates":[145.14086,-38.10657]},"properties":{"cat":"worship","name":"St Anne's Catholic Church"}},{"type":"Feature","geometry":{"type":"Point","coordinates":[144.99321,-37.73906]},"properties":{"cat":"worship","name":"Umar bin Al-Khattab Mosque"}},{"type":"Feature","geometry":{"type":"Point","coordinates":[145.3292,-38.13223]},"properties":{"cat":"worship","name":""}},{"type":"Feature","geometry":{"type":"Point","coordinates":[145.12148,-37.91863]},"properties":{"cat":"hospital","name":"Sir John Monash Private Hospital"}},{"type":"Feature","geometry":{"type":"Point","coordinates":[145.26603,-37.82194]},"properties":{"cat":"worship","name":"Kingdom Hall of Jehovah's Witnesses"}},{"type":"Feature","geometry":{"type":"Point","coordinates":[145.07494,-37.64899]},"properties":{"cat":"shopping","name":"South Morang Central"}},{"type":"Feature","geometry":{"type":"Point","coordinates":[145.27002,-37.73817]},"properties":{"cat":"shopping","name":"The Village Centre"}},{"type":"Feature","geometry":{"type":"Point","coordinates":[145.26961,-37.73888]},"properties":{"cat":"community","name":"Wonga Park Community Hall"}},{"type":"Feature","geometry":{"type":"Point","coordinates":[145.00007,-37.76505]},"properties":{"cat":"community","name":"Victorian Aboriginal Community Services Association Ltd"}},{"type":"Feature","geometry":{"type":"Point","coordinates":[144.5863,-37.68246]},"properties":{"cat":"community","name":"Melton Community Hall"}},{"type":"Feature","geometry":{"type":"Point","coordinates":[144.84595,-37.84115]},"properties":{"cat":"worship","name":"The Dormition Of Our Lady"}},{"type":"Feature","geometry":{"type":"Point","coordinates":[144.94893,-37.52647]},"properties":{"cat":"worship","name":"Presbyterian Church"}},{"type":"Feature","geometry":{"type":"Point","coordinates":[145.17863,-37.97187]},"properties":{"cat":"hospital","name":"The Queen Elizabeth Centre"}},{"type":"Feature","geometry":{"type":"Point","coordinates":[144.84546,-37.84477]},"properties":{"cat":"supermarket","name":"Aldi"}},{"type":"Feature","geometry":{"type":"Point","coordinates":[144.94761,-37.80356]},"properties":{"cat":"worship","name":""}},{"type":"Feature","geometry":{"type":"Point","coordinates":[144.96725,-37.7963]},"properties":{"cat":"worship","name":"St Jude's Anglican Church"}},{"type":"Feature","geometry":{"type":"Point","coordinates":[144.6614,-37.88913]},"properties":{"cat":"shopping","name":"Werribee Village Shopping Centre"}},{"type":"Feature","geometry":{"type":"Point","coordinates":[144.95399,-37.83547]},"properties":{"cat":"worship","name":"St Peter and Paul's Catholic Church"}},{"type":"Feature","geometry":{"type":"Point","coordinates":[144.75225,-37.72288]},"properties":{"cat":"community","name":"Taylors Hill Children's & Community Centre"}},{"type":"Feature","geometry":{"type":"Point","coordinates":[145.18474,-37.99701]},"properties":{"cat":"supermarket","name":"New Eastland Pty Ltd"}},{"type":"Feature","geometry":{"type":"Point","coordinates":[145.37927,-37.72521]},"properties":{"cat":"shopping","name":"The Lodge Shopping Centre"}},{"type":"Feature","geometry":{"type":"Point","coordinates":[145.38207,-37.73337]},"properties":{"cat":"community","name":"Coldstream Community Centre"}},{"type":"Feature","geometry":{"type":"Point","coordinates":[145.08782,-37.80264]},"properties":{"cat":"community","name":""}},{"type":"Feature","geometry":{"type":"Point","coordinates":[145.22973,-37.89979]},"properties":{"cat":"worship","name":"Church@1330"}},{"type":"Feature","geometry":{"type":"Point","coordinates":[145.23299,-37.90123]},"properties":{"cat":"supermarket","name":"ALDI"}},{"type":"Feature","geometry":{"type":"Point","coordinates":[145.14944,-37.71532]},"properties":{"cat":"shopping","name":"Eltham Terrace"}},{"type":"Feature","geometry":{"type":"Point","coordinates":[144.73163,-37.57963]},"properties":{"cat":"worship","name":"St Mary's Sunbury"}},{"type":"Feature","geometry":{"type":"Point","coordinates":[144.73183,-37.58044]},"properties":{"cat":"worship","name":"St Andrew's Sunbury"}},{"type":"Feature","geometry":{"type":"Point","coordinates":[144.778,-37.91253]},"properties":{"cat":"community","name":"Saltwater Coast Lifestyle Centre"}},{"type":"Feature","geometry":{"type":"Point","coordinates":[144.88788,-37.79887]},"properties":{"cat":"community","name":"Footscray Drill Hall"}},{"type":"Feature","geometry":{"type":"Point","coordinates":[145.0569,-37.83255]},"properties":{"cat":"worship","name":"St John's Anglican Church"}},{"type":"Feature","geometry":{"type":"Point","coordinates":[144.88164,-37.82884]},"properties":{"cat":"worship","name":"St Mark's Anglican Church"}},{"type":"Feature","geometry":{"type":"Point","coordinates":[145.50956,-37.81274]},"properties":{"cat":"community","name":""}},{"type":"Feature","geometry":{"type":"Point","coordinates":[145.0424,-37.87437]},"properties":{"cat":"worship","name":""}},{"type":"Feature","geometry":{"type":"Point","coordinates":[144.88618,-37.81785]},"properties":{"cat":"community","name":"Yarraville Community Centre"}},{"type":"Feature","geometry":{"type":"Point","coordinates":[144.9146,-37.79891]},"properties":{"cat":"worship","name":""}},{"type":"Feature","geometry":{"type":"Point","coordinates":[144.9066,-37.80107]},"properties":{"cat":"worship","name":"St Monica's Catholic Church"}},{"type":"Feature","geometry":{"type":"Point","coordinates":[145.13636,-37.63964]},"properties":{"cat":"community","name":"Yarrambat Memorial Hall"}},{"type":"Feature","geometry":{"type":"Point","coordinates":[144.89394,-37.75359]},"properties":{"cat":"worship","name":"Aberfeldie Baptist Church"}},{"type":"Feature","geometry":{"type":"Point","coordinates":[145.0445,-37.71589]},"properties":{"cat":"hospital","name":"La Trobe Private Hospital"}},{"type":"Feature","geometry":{"type":"Point","coordinates":[144.59075,-37.48751]},"properties":{"cat":"supermarket","name":"Foodworks"}},{"type":"Feature","geometry":{"type":"Point","coordinates":[144.89286,-37.82172]},"properties":{"cat":"community","name":"Yarraville Community Centre"}},{"type":"Feature","geometry":{"type":"Point","coordinates":[144.90029,-38.35635]},"properties":{"cat":"community","name":"Rosebud Memorial Hall"}},{"type":"Feature","geometry":{"type":"Point","coordinates":[144.84488,-37.84274]},"properties":{"cat":"supermarket","name":"Woolworths"}},{"type":"Feature","geometry":{"type":"Point","coordinates":[144.72683,-37.89796]},"properties":{"cat":"shopping","name":"Featherbrook Shopping Centre"}},{"type":"Feature","geometry":{"type":"Point","coordinates":[144.74782,-37.89634]},"properties":{"cat":"community","name":"Jamieson Way Community Centre"}},{"type":"Feature","geometry":{"type":"Point","coordinates":[145.05089,-37.93589]},"properties":{"cat":"hospital","name":"Holmesglen Private Hospital"}},{"type":"Feature","geometry":{"type":"Point","coordinates":[144.78309,-37.87791]},"properties":{"cat":"community","name":""}},{"type":"Feature","geometry":{"type":"Point","coordinates":[144.88478,-37.8283]},"properties":{"cat":"worship","name":"Kingdom Hall of Jehovah's Witnesses"}},{"type":"Feature","geometry":{"type":"Point","coordinates":[144.89622,-37.82135]},"properties":{"cat":"supermarket","name":"Alligator Brand Pasta"}},{"type":"Feature","geometry":{"type":"Point","coordinates":[144.89017,-37.8096]},"properties":{"cat":"worship","name":"Seddon Uniting Church"}},{"type":"Feature","geometry":{"type":"Point","coordinates":[145.34636,-37.87495]},"properties":{"cat":"community","name":"Ferny Creek Recreation Reserve Hall"}},{"type":"Feature","geometry":{"type":"Point","coordinates":[145.03721,-37.80649]},"properties":{"cat":"worship","name":"Kew Baptist Church"}},{"type":"Feature","geometry":{"type":"Point","coordinates":[145.17127,-37.80805]},"properties":{"cat":"worship","name":"Nunawading Gospel Hall"}},{"type":"Feature","geometry":{"type":"Point","coordinates":[145.23232,-37.81623]},"properties":{"cat":"worship","name":"Our Lady of Perpetual Help"}},{"type":"Feature","geometry":{"type":"Point","coordinates":[144.88047,-37.8166]},"properties":{"cat":"worship","name":"The Church of Jesus Christ of Latter-day Saints"}},{"type":"Feature","geometry":{"type":"Point","coordinates":[144.88048,-37.81599]},"properties":{"cat":"worship","name":""}},{"type":"Feature","geometry":{"type":"Point","coordinates":[145.17257,-37.96641]},"properties":{"cat":"worship","name":"Saint Columba's Uniting Church"}},{"type":"Feature","geometry":{"type":"Point","coordinates":[144.86649,-37.79488]},"properties":{"cat":"worship","name":"Tottenham Baptist Church"}},{"type":"Feature","geometry":{"type":"Point","coordinates":[144.84678,-37.82796]},"properties":{"cat":"shopping","name":"Kmart"}},{"type":"Feature","geometry":{"type":"Point","coordinates":[144.848,-37.82824]},"properties":{"cat":"supermarket","name":"Coles"}},{"type":"Feature","geometry":{"type":"Point","coordinates":[145.17978,-37.7957]},"properties":{"cat":"worship","name":"Donvale Presbyterian Church"}},{"type":"Feature","geometry":{"type":"Point","coordinates":[145.1361,-38.02426]},"properties":{"cat":"worship","name":""}},{"type":"Feature","geometry":{"type":"Point","coordinates":[144.84634,-37.8271]},"properties":{"cat":"community","name":"2nd Altona Scouts"}},{"type":"Feature","geometry":{"type":"Point","coordinates":[144.88848,-37.81369]},"properties":{"cat":"worship","name":"Fo Guang Shan"}},{"type":"Feature","geometry":{"type":"Point","coordinates":[144.88556,-37.81217]},"properties":{"cat":"worship","name":""}},{"type":"Feature","geometry":{"type":"Point","coordinates":[145.16049,-38.01198]},"properties":{"cat":"shopping","name":"Keysborough South Shopping Centre"}},{"type":"Feature","geometry":{"type":"Point","coordinates":[145.15766,-37.67245]},"properties":{"cat":"community","name":"Nillumbik Youth Hub"}},{"type":"Feature","geometry":{"type":"Point","coordinates":[145.05005,-37.79548]},"properties":{"cat":"worship","name":"St Anne's Church"}},{"type":"Feature","geometry":{"type":"Point","coordinates":[145.06234,-37.79501]},"properties":{"cat":"library","name":"Kew High School Library"}},{"type":"Feature","geometry":{"type":"Point","coordinates":[145.0679,-38.26531]},"properties":{"cat":"worship","name":"New Peninsula Baptist Church"}},{"type":"Feature","geometry":{"type":"Point","coordinates":[144.89157,-37.81597]},"properties":{"cat":"worship","name":"St. Nicholas Greek Orthodox Church"}},{"type":"Feature","geometry":{"type":"Point","coordinates":[144.89252,-37.81608]},"properties":{"cat":"worship","name":"Autocephalous Orthodox Church of Belarus"}},{"type":"Feature","geometry":{"type":"Point","coordinates":[144.84679,-37.72391]},"properties":{"cat":"worship","name":"St Augustine's Church"}},{"type":"Feature","geometry":{"type":"Point","coordinates":[144.84749,-37.72381]},"properties":{"cat":"worship","name":"Arise Church"}},{"type":"Feature","geometry":{"type":"Point","coordinates":[145.16405,-37.88672]},"properties":{"cat":"worship","name":""}},{"type":"Feature","geometry":{"type":"Point","coordinates":[145.16458,-37.88855]},"properties":{"cat":"community","name":""}},{"type":"Feature","geometry":{"type":"Point","coordinates":[145.31251,-37.78582]},"properties":{"cat":"library","name":"Mooroolbark Library"}},{"type":"Feature","geometry":{"type":"Point","coordinates":[145.22159,-37.81674]},"properties":{"cat":"supermarket","name":"Mr Rhino Supermarket"}},{"type":"Feature","geometry":{"type":"Point","coordinates":[145.12398,-37.91828]},"properties":{"cat":"community","name":"Fregon Hall"}},{"type":"Feature","geometry":{"type":"Point","coordinates":[144.99331,-37.72681]},"properties":{"cat":"worship","name":""}},{"type":"Feature","geometry":{"type":"Point","coordinates":[144.74279,-37.86734]},"properties":{"cat":"shopping","name":"Williams Landing Shopping Centre"}},{"type":"Feature","geometry":{"type":"Point","coordinates":[145.24953,-37.87269]},"properties":{"cat":"worship","name":"Hillsong Melbourne East"}},{"type":"Feature","geometry":{"type":"Point","coordinates":[144.70221,-37.88784]},"properties":{"cat":"hospital","name":"St Vincent's Private Hospital Werribee"}},{"type":"Feature","geometry":{"type":"Point","coordinates":[144.70145,-37.88657]},"properties":{"cat":"hospital","name":"Wyndham Private Medical Centre"}},{"type":"Feature","geometry":{"type":"Point","coordinates":[144.6983,-37.88985]},"properties":{"cat":"university","name":"Victoria University Werribee Campus"}},{"type":"Feature","geometry":{"type":"Point","coordinates":[144.89531,-37.80013]},"properties":{"cat":"worship","name":""}},{"type":"Feature","geometry":{"type":"Point","coordinates":[144.8817,-37.84297]},"properties":{"cat":"community","name":"Newport Community Hub"}},{"type":"Feature","geometry":{"type":"Point","coordinates":[144.82826,-37.86653]},"properties":{"cat":"worship","name":"St. Mary's Church"}},{"type":"Feature","geometry":{"type":"Point","coordinates":[144.74639,-37.69924]},"properties":{"cat":"community","name":"Parkwood Green Community Centre"}},{"type":"Feature","geometry":{"type":"Point","coordinates":[144.87869,-37.8423]},"properties":{"cat":"worship","name":"Christ Church Anglican Newport"}},{"type":"Feature","geometry":{"type":"Point","coordinates":[144.88107,-37.84199]},"properties":{"cat":"worship","name":"Newport Baptist Church"}},{"type":"Feature","geometry":{"type":"Point","coordinates":[144.96818,-37.82323]},"properties":{"cat":"library","name":"NGV Library"}},{"type":"Feature","geometry":{"type":"Point","coordinates":[144.82891,-37.86982]},"properties":{"cat":"community","name":"Altona Senior Citizens Centre"}},{"type":"Feature","geometry":{"type":"Point","coordinates":[144.88035,-37.84248]},"properties":{"cat":"community","name":"Newport Community Education Centre"}},{"type":"Feature","geometry":{"type":"Point","coordinates":[145.0377,-37.80384]},"properties":{"cat":"supermarket","name":"Coles"}},{"type":"Feature","geometry":{"type":"Point","coordinates":[145.12087,-37.82936]},"properties":{"cat":"supermarket","name":"ALDI"}},{"type":"Feature","geometry":{"type":"Point","coordinates":[145.3649,-37.82839]},"properties":{"cat":"community","name":"Farndons Hall"}},{"type":"Feature","geometry":{"type":"Point","coordinates":[144.68087,-37.90981]},"properties":{"cat":"worship","name":"Plymouth Brethren Christian Church"}},{"type":"Feature","geometry":{"type":"Point","coordinates":[144.96196,-37.83667]},"properties":{"cat":"community","name":"Koolin-ngal Family Centre"}},{"type":"Feature","geometry":{"type":"Point","coordinates":[144.8728,-37.80876]},"properties":{"cat":"worship","name":"Corpus Christi"}},{"type":"Feature","geometry":{"type":"Point","coordinates":[145.07498,-37.6486]},"properties":{"cat":"supermarket","name":"Woolworths"}},{"type":"Feature","geometry":{"type":"Point","coordinates":[145.15299,-37.95048]},"properties":{"cat":"supermarket","name":"Nan Yang Supermarket"}},{"type":"Feature","geometry":{"type":"Point","coordinates":[145.1507,-37.952]},"properties":{"cat":"worship","name":"Springvale Church of Christ"}},{"type":"Feature","geometry":{"type":"Point","coordinates":[145.1473,-37.94641]},"properties":{"cat":"worship","name":"St John's German Lutheran Church"}},{"type":"Feature","geometry":{"type":"Point","coordinates":[145.14759,-37.94577]},"properties":{"cat":"worship","name":"Chin Lien Quan Yin Temple"}},{"type":"Feature","geometry":{"type":"Point","coordinates":[145.14993,-37.9456]},"properties":{"cat":"worship","name":"Melbourne Hosanna Church of Christ"}},{"type":"Feature","geometry":{"type":"Point","coordinates":[145.14914,-37.94562]},"properties":{"cat":"worship","name":"Guan Di Temple"}},{"type":"Feature","geometry":{"type":"Point","coordinates":[145.15057,-37.94639]},"properties":{"cat":"worship","name":"St Athanasios Greek Orthodox Church"}},{"type":"Feature","geometry":{"type":"Point","coordinates":[145.15019,-37.95657]},"properties":{"cat":"worship","name":"Church of the Ascension"}},{"type":"Feature","geometry":{"type":"Point","coordinates":[145.15026,-37.95375]},"properties":{"cat":"worship","name":"St Joseph's Catholic Church Springvale"}},{"type":"Feature","geometry":{"type":"Point","coordinates":[145.17459,-37.96579]},"properties":{"cat":"shopping","name":"Noble Plaza"}},{"type":"Feature","geometry":{"type":"Point","coordinates":[145.20606,-37.98354]},"properties":{"cat":"worship","name":"Dhamma Deepa Meditation Centre"}},{"type":"Feature","geometry":{"type":"Point","coordinates":[145.20583,-37.98083]},"properties":{"cat":"worship","name":"Presbyterian Church Dandenong"}},{"type":"Feature","geometry":{"type":"Point","coordinates":[145.01818,-37.67308]},"properties":{"cat":"library","name":"Lalor Library"}},{"type":"Feature","geometry":{"type":"Point","coordinates":[145.01707,-37.67241]},"properties":{"cat":"supermarket","name":"Kim Oanh"}},{"type":"Feature","geometry":{"type":"Point","coordinates":[145.01687,-37.67366]},"properties":{"cat":"supermarket","name":"Thi\u1ec7n Li\u00ean"}},{"type":"Feature","geometry":{"type":"Point","coordinates":[145.01679,-37.67382]},"properties":{"cat":"supermarket","name":"\u0110\u00f4ng Ti\u1ebfn"}},{"type":"Feature","geometry":{"type":"Point","coordinates":[145.0168,-37.67396]},"properties":{"cat":"supermarket","name":"Dandy Mart"}},{"type":"Feature","geometry":{"type":"Point","coordinates":[145.0162,-37.674]},"properties":{"cat":"supermarket","name":"Santino Continental Grocery"}},{"type":"Feature","geometry":{"type":"Point","coordinates":[145.01636,-37.67304]},"properties":{"cat":"supermarket","name":"Zahra Grocery"}},{"type":"Feature","geometry":{"type":"Point","coordinates":[145.01639,-37.67288]},"properties":{"cat":"supermarket","name":"Global Coffee & Niuts"}},{"type":"Feature","geometry":{"type":"Point","coordinates":[145.01474,-37.6736]},"properties":{"cat":"worship","name":"Assembly of God Church of Samoa in Melbourne"}},{"type":"Feature","geometry":{"type":"Point","coordinates":[145.01883,-37.67227]},"properties":{"cat":"worship","name":"St Luke's Parish Church"}},{"type":"Feature","geometry":{"type":"Point","coordinates":[145.01936,-37.67313]},"properties":{"cat":"community","name":"French Street Hall"}},{"type":"Feature","geometry":{"type":"Point","coordinates":[145.15962,-37.96364]},"properties":{"cat":"worship","name":"Christian Chinese Reformed Church"}},{"type":"Feature","geometry":{"type":"Point","coordinates":[145.16107,-37.96476]},"properties":{"cat":"worship","name":"Noble Park Christian Church"}},{"type":"Feature","geometry":{"type":"Point","coordinates":[145.1605,-37.96433]},"properties":{"cat":"worship","name":""}},{"type":"Feature","geometry":{"type":"Point","coordinates":[145.15492,-37.96449]},"properties":{"cat":"worship","name":"Springvale Vietnamese Evangelical Church"}},{"type":"Feature","geometry":{"type":"Point","coordinates":[145.17516,-37.9697]},"properties":{"cat":"worship","name":"Noble Park Mosque"}},{"type":"Feature","geometry":{"type":"Point","coordinates":[144.99679,-37.78344]},"properties":{"cat":"worship","name":"All Saints Anglican Church Northcote"}},{"type":"Feature","geometry":{"type":"Point","coordinates":[145.00104,-37.75985]},"properties":{"cat":"supermarket","name":"Psarakos Market"}},{"type":"Feature","geometry":{"type":"Point","coordinates":[145.0016,-37.76123]},"properties":{"cat":"worship","name":""}},{"type":"Feature","geometry":{"type":"Point","coordinates":[145.11909,-37.92626]},"properties":{"cat":"supermarket","name":"Hong Kong Supermarket"}},{"type":"Feature","geometry":{"type":"Point","coordinates":[145.11898,-37.92686]},"properties":{"cat":"shopping","name":"Clayton Plaza"}},{"type":"Feature","geometry":{"type":"Point","coordinates":[145.11893,-37.92762]},"properties":{"cat":"supermarket","name":"Top Mart"}},{"type":"Feature","geometry":{"type":"Point","coordinates":[145.14847,-37.96883]},"properties":{"cat":"worship","name":"New Apostolic Church"}},{"type":"Feature","geometry":{"type":"Point","coordinates":[145.14838,-37.9684]},"properties":{"cat":"worship","name":"Wat Khmer Melbourne"}},{"type":"Feature","geometry":{"type":"Point","coordinates":[145.14846,-37.96732]},"properties":{"cat":"worship","name":"Hoa Nghiem Buddhist Temple"}},{"type":"Feature","geometry":{"type":"Point","coordinates":[145.11648,-37.92659]},"properties":{"cat":"worship","name":"Clayton Uniting Church"}},{"type":"Feature","geometry":{"type":"Point","coordinates":[144.74301,-37.73135]},"properties":{"cat":"shopping","name":"CS Square Shopping Centre"}},{"type":"Feature","geometry":{"type":"Point","coordinates":[144.74168,-37.73275]},"properties":{"cat":"shopping","name":"Central Shopping Centre Caroline Springs"}},{"type":"Feature","geometry":{"type":"Point","coordinates":[145.11942,-37.92502]},"properties":{"cat":"supermarket","name":"Sarawan Spices & Home Entertainment"}},{"type":"Feature","geometry":{"type":"Point","coordinates":[145.11942,-37.92844]},"properties":{"cat":"supermarket","name":"Alishaan India"}},{"type":"Feature","geometry":{"type":"Point","coordinates":[145.21214,-37.98559]},"properties":{"cat":"supermarket","name":"Dandy Supermarket & Halal Meat"}},{"type":"Feature","geometry":{"type":"Point","coordinates":[145.21154,-37.98592]},"properties":{"cat":"worship","name":"Dandenong Regional Uniting Church"}},{"type":"Feature","geometry":{"type":"Point","coordinates":[145.14594,-37.94858]},"properties":{"cat":"worship","name":"Wat Dhamaran Temple"}},{"type":"Feature","geometry":{"type":"Point","coordinates":[145.14688,-37.94869]},"properties":{"cat":"worship","name":"Springvale Uniting Church"}},{"type":"Feature","geometry":{"type":"Point","coordinates":[145.1176,-37.9255]},"properties":{"cat":"worship","name":"Church of Christ Fellowship Clayton"}},{"type":"Feature","geometry":{"type":"Point","coordinates":[145.11868,-37.92381]},"properties":{"cat":"worship","name":"Cook Island Seventh-day Adventist Church"}},{"type":"Feature","geometry":{"type":"Point","coordinates":[145.12882,-37.93546]},"properties":{"cat":"community","name":"Greek Orthodox Community Centre of Clayton"}},{"type":"Feature","geometry":{"type":"Point","coordinates":[145.12886,-37.93595]},"properties":{"cat":"worship","name":"Greek Orthodox Church (St Spyridon)"}},{"type":"Feature","geometry":{"type":"Point","coordinates":[145.00122,-37.75692]},"properties":{"cat":"worship","name":""}},{"type":"Feature","geometry":{"type":"Point","coordinates":[144.88999,-37.79163]},"properties":{"cat":"worship","name":"H\u1ed9i Th\u00e1nh Tin L\u00e0nh Vi\u1ec7t Nam C&MA Footscray"}},{"type":"Feature","geometry":{"type":"Point","coordinates":[145.21247,-37.98809]},"properties":{"cat":"supermarket","name":"Gulistan Supermarket"}},{"type":"Feature","geometry":{"type":"Point","coordinates":[145.21229,-37.98653]},"properties":{"cat":"supermarket","name":"Bamyan"}},{"type":"Feature","geometry":{"type":"Point","coordinates":[145.17648,-37.96641]},"properties":{"cat":"supermarket","name":"Surur African Variety"}},{"type":"Feature","geometry":{"type":"Point","coordinates":[145.09042,-37.89999]},"properties":{"cat":"supermarket","name":"Asian Supermarket"}},{"type":"Feature","geometry":{"type":"Point","coordinates":[145.08686,-37.89791]},"properties":{"cat":"worship","name":"Oakleigh Church of Christ"}},{"type":"Feature","geometry":{"type":"Point","coordinates":[145.09033,-37.8978]},"properties":{"cat":"worship","name":"Oakleigh Uniting Church"}},{"type":"Feature","geometry":{"type":"Point","coordinates":[145.09069,-37.8967]},"properties":{"cat":"worship","name":"Archangel Michael & St Anthony's Coptic Orthodox Church"}},{"type":"Feature","geometry":{"type":"Point","coordinates":[145.20818,-37.98667]},"properties":{"cat":"worship","name":"Dandenong Australian-Filipino Seventh-Day Adventist Church"}},{"type":"Feature","geometry":{"type":"Point","coordinates":[145.20832,-37.98541]},"properties":{"cat":"worship","name":"Holy Trinity Lutheran Church"}},{"type":"Feature","geometry":{"type":"Point","coordinates":[145.2029,-37.98267]},"properties":{"cat":"supermarket","name":"Babylon Groceries"}},{"type":"Feature","geometry":{"type":"Point","coordinates":[145.20255,-37.98252]},"properties":{"cat":"supermarket","name":"Dandenong IGA Plus Liquor"}},{"type":"Feature","geometry":{"type":"Point","coordinates":[145.14615,-37.9492]},"properties":{"cat":"worship","name":"Springvale Seventh Day Adventist Church"}},{"type":"Feature","geometry":{"type":"Point","coordinates":[145.1541,-37.95182]},"properties":{"cat":"community","name":"Greek Community of Springvale & Districts"}},{"type":"Feature","geometry":{"type":"Point","coordinates":[145.15313,-37.96205]},"properties":{"cat":"worship","name":"Maranatha Romanian Baptist Church"}},{"type":"Feature","geometry":{"type":"Point","coordinates":[145.15831,-37.95512]},"properties":{"cat":"worship","name":"The Salvation Army Springvale Chinese Corps"}},{"type":"Feature","geometry":{"type":"Point","coordinates":[145.19461,-37.97951]},"properties":{"cat":"worship","name":"First Hungarian Baptist Church"}},{"type":"Feature","geometry":{"type":"Point","coordinates":[144.89238,-37.86341]},"properties":{"cat":"hospital","name":"Williamstown Hospital"}},{"type":"Feature","geometry":{"type":"Point","coordinates":[144.89172,-37.81652]},"properties":{"cat":"supermarket","name":"Woolworths Metro"}},{"type":"Feature","geometry":{"type":"Point","coordinates":[145.34462,-37.81043]},"properties":{"cat":"library","name":"Montrose Library"}},{"type":"Feature","geometry":{"type":"Point","coordinates":[145.34317,-37.81066]},"properties":{"cat":"supermarket","name":"Montrose IGA"}},{"type":"Feature","geometry":{"type":"Point","coordinates":[145.04282,-37.82472]},"properties":{"cat":"worship","name":"Auburn Uniting Church"}},{"type":"Feature","geometry":{"type":"Point","coordinates":[145.1266,-38.06109]},"properties":{"cat":"worship","name":"Chelsea Baptist Church"}},{"type":"Feature","geometry":{"type":"Point","coordinates":[145.12658,-38.06104]},"properties":{"cat":"worship","name":"Chelsea Baptist Church"}},{"type":"Feature","geometry":{"type":"Point","coordinates":[144.69222,-37.83727]},"properties":{"cat":"shopping","name":"Tarneit Central Shopping Centre"}},{"type":"Feature","geometry":{"type":"Point","coordinates":[145.45042,-38.07966]},"properties":{"cat":"shopping","name":""}},{"type":"Feature","geometry":{"type":"Point","coordinates":[145.45041,-38.07932]},"properties":{"cat":"shopping","name":""}},{"type":"Feature","geometry":{"type":"Point","coordinates":[145.18503,-38.29748]},"properties":{"cat":"community","name":"Hastings Community Hub"}},{"type":"Feature","geometry":{"type":"Point","coordinates":[144.98907,-37.79078]},"properties":{"cat":"worship","name":"Sveti Nikola Taveli\u0107 Catholic Church"}},{"type":"Feature","geometry":{"type":"Point","coordinates":[144.98824,-37.79034]},"properties":{"cat":"worship","name":"St John the Baptist Catholic Church"}},{"type":"Feature","geometry":{"type":"Point","coordinates":[144.99067,-37.78746]},"properties":{"cat":"worship","name":"Clifton Hill Presbyterian Church"}},{"type":"Feature","geometry":{"type":"Point","coordinates":[144.40898,-38.02268]},"properties":{"cat":"supermarket","name":"Woolworths"}},{"type":"Feature","geometry":{"type":"Point","coordinates":[144.4431,-37.67355]},"properties":{"cat":"worship","name":"St Bernards"}},{"type":"Feature","geometry":{"type":"Point","coordinates":[145.25708,-37.7808]},"properties":{"cat":"worship","name":"Croydon Hills Baptist Church"}},{"type":"Feature","geometry":{"type":"Point","coordinates":[144.94595,-37.75431]},"properties":{"cat":"library","name":"Campbell Turnbull Library"}},{"type":"Feature","geometry":{"type":"Point","coordinates":[144.43751,-37.66281]},"properties":{"cat":"worship","name":"Bacchus Marsh Baptist church"}},{"type":"Feature","geometry":{"type":"Point","coordinates":[145.37451,-37.85674]},"properties":{"cat":"community","name":"Olinda Community House"}},{"type":"Feature","geometry":{"type":"Point","coordinates":[144.58853,-37.71597]},"properties":{"cat":"community","name":"Bridge Road Childrens and Community Centre"}},{"type":"Feature","geometry":{"type":"Point","coordinates":[145.3643,-37.82606]},"properties":{"cat":"worship","name":"St Michael and All Angels' Anglican Church"}},{"type":"Feature","geometry":{"type":"Point","coordinates":[145.12356,-37.91941]},"properties":{"cat":"hospital","name":"Monash Children's Hospital"}},{"type":"Feature","geometry":{"type":"Point","coordinates":[145.13148,-37.81842]},"properties":{"cat":"worship","name":"St Francis Xavier Box Hill"}},{"type":"Feature","geometry":{"type":"Point","coordinates":[145.32573,-38.10448]},"properties":{"cat":"community","name":"Selandra Community Hub"}},{"type":"Feature","geometry":{"type":"Point","coordinates":[145.00145,-37.93665]},"properties":{"cat":"community","name":"Hampton Community Centre"}},{"type":"Feature","geometry":{"type":"Point","coordinates":[145.06758,-37.98627]},"properties":{"cat":"worship","name":"St Augustine's Anglican Church"}},{"type":"Feature","geometry":{"type":"Point","coordinates":[145.0667,-37.98727]},"properties":{"cat":"worship","name":"Mentone Uniting Church"}},{"type":"Feature","geometry":{"type":"Point","coordinates":[145.01894,-37.77749]},"properties":{"cat":"library","name":"Fairfield Library"}},{"type":"Feature","geometry":{"type":"Point","coordinates":[145.06886,-37.98322]},"properties":{"cat":"worship","name":"St Patrick's Catholic Church"}},{"type":"Feature","geometry":{"type":"Point","coordinates":[144.79773,-37.79314]},"properties":{"cat":"community","name":""}},{"type":"Feature","geometry":{"type":"Point","coordinates":[144.79267,-37.78341]},"properties":{"cat":"worship","name":"Croatian Catholic Centre"}},{"type":"Feature","geometry":{"type":"Point","coordinates":[145.13679,-37.58853]},"properties":{"cat":"community","name":"Brookwood Community Centre"}},{"type":"Feature","geometry":{"type":"Point","coordinates":[144.8854,-38.37453]},"properties":{"cat":"community","name":"Seawinds Community Hub"}},{"type":"Feature","geometry":{"type":"Point","coordinates":[144.96929,-37.70403]},"properties":{"cat":"community","name":"Fawkner Community House"}},{"type":"Feature","geometry":{"type":"Point","coordinates":[145.16544,-38.01214]},"properties":{"cat":"worship","name":"Saints Hoan-Thien Catholic Centre"}},{"type":"Feature","geometry":{"type":"Point","coordinates":[144.84449,-37.84105]},"properties":{"cat":"community","name":"Hobsons Bay Greek Community Hall"}},{"type":"Feature","geometry":{"type":"Point","coordinates":[145.15328,-38.17617]},"properties":{"cat":"worship","name":"Connect Christian Church"}},{"type":"Feature","geometry":{"type":"Point","coordinates":[145.14463,-37.99454]},"properties":{"cat":"worship","name":"David Bradshaw Chapel"}},{"type":"Feature","geometry":{"type":"Point","coordinates":[144.80123,-37.7381]},"properties":{"cat":"worship","name":"Grow Church"}},{"type":"Feature","geometry":{"type":"Point","coordinates":[145.06322,-37.83182]},"properties":{"cat":"community","name":"St Christopher's Catholic Church Hall"}},{"type":"Feature","geometry":{"type":"Point","coordinates":[145.06321,-37.83155]},"properties":{"cat":"worship","name":"St Christopher's Catholic Church"}},{"type":"Feature","geometry":{"type":"Point","coordinates":[145.06174,-37.83148]},"properties":{"cat":"community","name":"Trinity Presbyterian Church Hall"}},{"type":"Feature","geometry":{"type":"Point","coordinates":[145.06186,-37.83171]},"properties":{"cat":"worship","name":"Trinity Presbyterian Church, Camberwell"}},{"type":"Feature","geometry":{"type":"Point","coordinates":[144.89077,-37.6889]},"properties":{"cat":"library","name":"Gladstone Park Library"}},{"type":"Feature","geometry":{"type":"Point","coordinates":[144.89603,-37.67572]},"properties":{"cat":"library","name":"Library"}},{"type":"Feature","geometry":{"type":"Point","coordinates":[144.71767,-38.31934]},"properties":{"cat":"community","name":"The Portsea Camp"}},{"type":"Feature","geometry":{"type":"Point","coordinates":[145.79457,-38.29997]},"properties":{"cat":"community","name":"Poowong North Hall"}},{"type":"Feature","geometry":{"type":"Point","coordinates":[145.19163,-38.1516]},"properties":{"cat":"community","name":"Langwarrin Men's Shed"}},{"type":"Feature","geometry":{"type":"Point","coordinates":[145.25103,-37.81004]},"properties":{"cat":"worship","name":"Uniting Church"}},{"type":"Feature","geometry":{"type":"Point","coordinates":[145.001,-37.75243]},"properties":{"cat":"community","name":"Nevoliany Scopia Social Club"}},{"type":"Feature","geometry":{"type":"Point","coordinates":[145.148,-37.71403]},"properties":{"cat":"shopping","name":"Eltham Square"}},{"type":"Feature","geometry":{"type":"Point","coordinates":[144.43676,-37.67331]},"properties":{"cat":"worship","name":"St Andrews Church"}},{"type":"Feature","geometry":{"type":"Point","coordinates":[144.43605,-37.67321]},"properties":{"cat":"worship","name":"Holy Trinity Anglican Church"}},{"type":"Feature","geometry":{"type":"Point","coordinates":[144.44293,-37.6736]},"properties":{"cat":"worship","name":"Bell Tower"}},{"type":"Feature","geometry":{"type":"Point","coordinates":[145.07734,-37.83342]},"properties":{"cat":"supermarket","name":"Coles"}},{"type":"Feature","geometry":{"type":"Point","coordinates":[145.05642,-37.95017]},"properties":{"cat":"community","name":""}},{"type":"Feature","geometry":{"type":"Point","coordinates":[144.44249,-37.6763]},"properties":{"cat":"worship","name":"Bacchus Marsh Christian Church"}},{"type":"Feature","geometry":{"type":"Point","coordinates":[144.87133,-37.78726]},"properties":{"cat":"worship","name":"Church of Christ Maidstone"}},{"type":"Feature","geometry":{"type":"Point","coordinates":[144.87937,-37.78781]},"properties":{"cat":"worship","name":"Maidstone Mosque"}},{"type":"Feature","geometry":{"type":"Point","coordinates":[144.8744,-37.77976]},"properties":{"cat":"worship","name":""}},{"type":"Feature","geometry":{"type":"Point","coordinates":[144.88096,-37.78736]},"properties":{"cat":"worship","name":"Our Lady of Perpetual Help Catholic Church"}},{"type":"Feature","geometry":{"type":"Point","coordinates":[145.12779,-37.69162]},"properties":{"cat":"worship","name":"St Katherine's Anglican Church"}},{"type":"Feature","geometry":{"type":"Point","coordinates":[144.96459,-37.80823]},"properties":{"cat":"university","name":"RMIT University"}},{"type":"Feature","geometry":{"type":"Point","coordinates":[144.83187,-37.7839]},"properties":{"cat":"supermarket","name":"T\u00e2n \u0110\u1ea1i"}},{"type":"Feature","geometry":{"type":"Point","coordinates":[144.83432,-37.78547]},"properties":{"cat":"worship","name":"Sunshine Uniting Church"}},{"type":"Feature","geometry":{"type":"Point","coordinates":[145.15153,-37.70742]},"properties":{"cat":"worship","name":"Eltham Presbyterian Church"}},{"type":"Feature","geometry":{"type":"Point","coordinates":[145.00101,-37.76008]},"properties":{"cat":"supermarket","name":"Psarakos Market"}},{"type":"Feature","geometry":{"type":"Point","coordinates":[144.99939,-37.76431]},"properties":{"cat":"community","name":"Free to Feed"}},{"type":"Feature","geometry":{"type":"Point","coordinates":[144.95514,-37.54061]},"properties":{"cat":"community","name":""}},{"type":"Feature","geometry":{"type":"Point","coordinates":[145.10047,-37.59708]},"properties":{"cat":"worship","name":"St Joseph's Catholic Church"}},{"type":"Feature","geometry":{"type":"Point","coordinates":[145.35154,-37.90909]},"properties":{"cat":"community","name":"Belgrave Community Hub"}},{"type":"Feature","geometry":{"type":"Point","coordinates":[145.34481,-38.04534]},"properties":{"cat":"hospital","name":"St John of God Berwick Hospital"}},{"type":"Feature","geometry":{"type":"Point","coordinates":[145.01731,-37.70806]},"properties":{"cat":"worship","name":"Reservoir Vietnamese Baptist Church"}},{"type":"Feature","geometry":{"type":"Point","coordinates":[145.00745,-37.7083]},"properties":{"cat":"worship","name":""}},{"type":"Feature","geometry":{"type":"Point","coordinates":[145.17621,-38.22939]},"properties":{"cat":"community","name":"1st Somerville Scout Hall"}},{"type":"Feature","geometry":{"type":"Point","coordinates":[144.98293,-37.70696]},"properties":{"cat":"worship","name":"Ahlulbait Mosque"}},{"type":"Feature","geometry":{"type":"Point","coordinates":[144.66978,-37.84675]},"properties":{"cat":"worship","name":"Kingdom Hall of Jehovah's Witnesses"}},{"type":"Feature","geometry":{"type":"Point","coordinates":[145.00532,-37.74252]},"properties":{"cat":"worship","name":""}},{"type":"Feature","geometry":{"type":"Point","coordinates":[145.44431,-37.92797]},"properties":{"cat":"worship","name":"Emerald Uniting Church"}},{"type":"Feature","geometry":{"type":"Point","coordinates":[145.26422,-38.03401]},"properties":{"cat":"library","name":"Hampton Park Library"}},{"type":"Feature","geometry":{"type":"Point","coordinates":[145.068,-37.87883]},"properties":{"cat":"supermarket","name":"East Malvern IGA Xpress Plus Liquor"}},{"type":"Feature","geometry":{"type":"Point","coordinates":[145.15443,-37.94234]},"properties":{"cat":"shopping","name":"Vinnies"}},{"type":"Feature","geometry":{"type":"Point","coordinates":[145.16173,-37.94177]},"properties":{"cat":"community","name":"RSCV"}},{"type":"Feature","geometry":{"type":"Point","coordinates":[145.05556,-37.88639]},"properties":{"cat":"worship","name":"Carnegie Church of Christ"}},{"type":"Feature","geometry":{"type":"Point","coordinates":[145.05825,-37.88721]},"properties":{"cat":"community","name":"Carnegie Children's Multipurpose Centre"}},{"type":"Feature","geometry":{"type":"Point","coordinates":[145.0581,-37.88767]},"properties":{"cat":"community","name":"Carnegie Library & Community Centre"}},{"type":"Feature","geometry":{"type":"Point","coordinates":[145.04936,-38.22479]},"properties":{"cat":"hospital","name":"Beleura Private Hospital"}},{"type":"Feature","geometry":{"type":"Point","coordinates":[144.80089,-37.74407]},"properties":{"cat":"supermarket","name":"KFL"}},{"type":"Feature","geometry":{"type":"Point","coordinates":[145.19546,-38.06535]},"properties":{"cat":"worship","name":"The Resurrection of Saint Lazarus Church"}},{"type":"Feature","geometry":{"type":"Point","coordinates":[144.79978,-37.74322]},"properties":{"cat":"supermarket","name":"IGA"}},{"type":"Feature","geometry":{"type":"Point","coordinates":[144.80062,-37.74167]},"properties":{"cat":"library","name":"St Albans Library"}},{"type":"Feature","geometry":{"type":"Point","coordinates":[144.80274,-37.74489]},"properties":{"cat":"community","name":"St Albans Community Youth Inc"}},{"type":"Feature","geometry":{"type":"Point","coordinates":[144.80168,-37.74589]},"properties":{"cat":"shopping","name":"St Albans Market"}},{"type":"Feature","geometry":{"type":"Point","coordinates":[144.79776,-37.7428]},"properties":{"cat":"worship","name":"St Albans Croatian Seventh-Day Adventist Church"}},{"type":"Feature","geometry":{"type":"Point","coordinates":[144.79917,-37.74167]},"properties":{"cat":"worship","name":"St Albans Uniting Church"}},{"type":"Feature","geometry":{"type":"Point","coordinates":[144.79778,-37.73935]},"properties":{"cat":"worship","name":"St Albans Anglican Church"}},{"type":"Feature","geometry":{"type":"Point","coordinates":[144.79788,-37.74376]},"properties":{"cat":"supermarket","name":"Parachinar Supermarket"}},{"type":"Feature","geometry":{"type":"Point","coordinates":[144.80599,-37.73443]},"properties":{"cat":"supermarket","name":"Foodworks"}},{"type":"Feature","geometry":{"type":"Point","coordinates":[144.80359,-37.73517]},"properties":{"cat":"worship","name":"War Memorial Greek Orthodox Church"}},{"type":"Feature","geometry":{"type":"Point","coordinates":[144.79947,-37.74544]},"properties":{"cat":"worship","name":"St John the Merciful and St Barbara"}},{"type":"Feature","geometry":{"type":"Point","coordinates":[144.80079,-37.7387]},"properties":{"cat":"worship","name":"Ch\u00f9a Ho\u1eb1ng Ph\u00e1p"}},{"type":"Feature","geometry":{"type":"Point","coordinates":[144.80034,-37.73798]},"properties":{"cat":"worship","name":"Sacred Heart Church"}},{"type":"Feature","geometry":{"type":"Point","coordinates":[144.90123,-37.8012]},"properties":{"cat":"supermarket","name":"Western Halal Meat"}},{"type":"Feature","geometry":{"type":"Point","coordinates":[144.90124,-37.80113]},"properties":{"cat":"supermarket","name":"Salaam Namasthe"}},{"type":"Feature","geometry":{"type":"Point","coordinates":[144.99664,-37.77961]},"properties":{"cat":"supermarket","name":"Terra Madre"}},{"type":"Feature","geometry":{"type":"Point","coordinates":[144.89918,-37.80063]},"properties":{"cat":"supermarket","name":"Famous Halal Quality"}},{"type":"Feature","geometry":{"type":"Point","coordinates":[144.96031,-37.77069]},"properties":{"cat":"community","name":"Balam Balam Place"}},{"type":"Feature","geometry":{"type":"Point","coordinates":[145.17082,-38.23134]},"properties":{"cat":"community","name":"Somerville Senior Citizens Community Centre"}},{"type":"Feature","geometry":{"type":"Point","coordinates":[145.17055,-38.23181]},"properties":{"cat":"community","name":"Annie Sage Community House"}},{"type":"Feature","geometry":{"type":"Point","coordinates":[145.1043,-37.91139]},"properties":{"cat":"worship","name":"Sankat Mochan Samiti Temple"}},{"type":"Feature","geometry":{"type":"Point","coordinates":[144.99301,-37.7716]},"properties":{"cat":"worship","name":"Holy Monastery of Axion Estin"}},{"type":"Feature","geometry":{"type":"Point","coordinates":[145.0582,-37.92048]},"properties":{"cat":"supermarket","name":"Ritchies"}},{"type":"Feature","geometry":{"type":"Point","coordinates":[145.05134,-37.92056]},"properties":{"cat":"worship","name":"St John's Anglican Church Bentleigh"}},{"type":"Feature","geometry":{"type":"Point","coordinates":[145.05158,-37.91942]},"properties":{"cat":"worship","name":"Temple Society Australia"}},{"type":"Feature","geometry":{"type":"Point","coordinates":[145.13954,-38.00967]},"properties":{"cat":"community","name":"Lemnian Community of Victoria"}},{"type":"Feature","geometry":{"type":"Point","coordinates":[145.11388,-38.04991]},"properties":{"cat":"community","name":"Chelsea Activity Hub"}},{"type":"Feature","geometry":{"type":"Point","coordinates":[145.11604,-38.05336]},"properties":{"cat":"supermarket","name":"NQR"}},{"type":"Feature","geometry":{"type":"Point","coordinates":[145.11671,-38.05473]},"properties":{"cat":"shopping","name":"Chelsea Market"}},{"type":"Feature","geometry":{"type":"Point","coordinates":[145.11842,-38.05411]},"properties":{"cat":"worship","name":"St Andrews Uniting Church"}},{"type":"Feature","geometry":{"type":"Point","coordinates":[145.11842,-38.05404]},"properties":{"cat":"worship","name":""}},{"type":"Feature","geometry":{"type":"Point","coordinates":[145.1185,-38.05557]},"properties":{"cat":"worship","name":"St Joseph\u2019s Catholic Church Chelsea"}},{"type":"Feature","geometry":{"type":"Point","coordinates":[145.11715,-38.05195]},"properties":{"cat":"worship","name":"Chelsea Community Church of Christ"}},{"type":"Feature","geometry":{"type":"Point","coordinates":[145.11714,-38.05192]},"properties":{"cat":"worship","name":""}},{"type":"Feature","geometry":{"type":"Point","coordinates":[145.11769,-38.05024]},"properties":{"cat":"worship","name":"St Chad's Anglican Church Chelsea"}},{"type":"Feature","geometry":{"type":"Point","coordinates":[145.11772,-38.05028]},"properties":{"cat":"worship","name":""}},{"type":"Feature","geometry":{"type":"Point","coordinates":[145.11766,-38.05014]},"properties":{"cat":"worship","name":"St Chad's Anglican Church Chelsea"}},{"type":"Feature","geometry":{"type":"Point","coordinates":[145.1466,-37.97403]},"properties":{"cat":"worship","name":"Bright Moon Buddhist Society"}},{"type":"Feature","geometry":{"type":"Point","coordinates":[145.11003,-38.03797]},"properties":{"cat":"worship","name":"Edithvale Uniting Church"}},{"type":"Feature","geometry":{"type":"Point","coordinates":[145.11001,-38.03802]},"properties":{"cat":"worship","name":"Edithvale Uniting Church"}},{"type":"Feature","geometry":{"type":"Point","coordinates":[145.1071,-38.03659]},"properties":{"cat":"supermarket","name":"IGA Friendly Grocer"}},{"type":"Feature","geometry":{"type":"Point","coordinates":[144.85159,-37.77426]},"properties":{"cat":"worship","name":"Quang Minh Buddhist Temple"}},{"type":"Feature","geometry":{"type":"Point","coordinates":[145.00462,-37.74503]},"properties":{"cat":"worship","name":"Sacred Heart Catholic Church"}},{"type":"Feature","geometry":{"type":"Point","coordinates":[145.01713,-37.91612]},"properties":{"cat":"worship","name":"St. Finbar's East Brighton Parish"}},{"type":"Feature","geometry":{"type":"Point","coordinates":[145.35592,-37.7554]},"properties":{"cat":"worship","name":""}},{"type":"Feature","geometry":{"type":"Point","coordinates":[145.05683,-37.96222]},"properties":{"cat":"worship","name":""}},{"type":"Feature","geometry":{"type":"Point","coordinates":[145.05678,-37.9627]},"properties":{"cat":"worship","name":""}},{"type":"Feature","geometry":{"type":"Point","coordinates":[145.06598,-37.83266]},"properties":{"cat":"worship","name":"Vision Church of Christ Camberwell"}},{"type":"Feature","geometry":{"type":"Point","coordinates":[145.06596,-37.83282]},"properties":{"cat":"community","name":"Vision Church of Christ Camberwell Hall"}},{"type":"Feature","geometry":{"type":"Point","coordinates":[145.00577,-37.72997]},"properties":{"cat":"worship","name":""}},{"type":"Feature","geometry":{"type":"Point","coordinates":[145.00567,-37.9522]},"properties":{"cat":"worship","name":"All Souls Anglican Church"}},{"type":"Feature","geometry":{"type":"Point","coordinates":[145.0049,-37.95286]},"properties":{"cat":"community","name":"Sandybeach Centre"}},{"type":"Feature","geometry":{"type":"Point","coordinates":[145.05952,-37.9655]},"properties":{"cat":"worship","name":"Our Lady of The Assumption Catholic Church"}},{"type":"Feature","geometry":{"type":"Point","coordinates":[144.53941,-38.24687]},"properties":{"cat":"shopping","name":"Kingston Village Shopping Centre"}},{"type":"Feature","geometry":{"type":"Point","coordinates":[145.08831,-38.00503]},"properties":{"cat":"worship","name":"Mordialloc Presbyterian Church"}},{"type":"Feature","geometry":{"type":"Point","coordinates":[145.08685,-38.00424]},"properties":{"cat":"library","name":"Kingston Toy Library"}},{"type":"Feature","geometry":{"type":"Point","coordinates":[145.14172,-37.80887]},"properties":{"cat":"worship","name":"NewHope Baptist Church"}},{"type":"Feature","geometry":{"type":"Point","coordinates":[145.17083,-37.76742]},"properties":{"cat":"worship","name":"Templestowe Baptist Church"}},{"type":"Feature","geometry":{"type":"Point","coordinates":[145.00336,-37.94268]},"properties":{"cat":"hospital","name":"Linacre Private Hospital"}},{"type":"Feature","geometry":{"type":"Point","coordinates":[145.11696,-37.71374]},"properties":{"cat":"worship","name":"Montmorency Community Church"}},{"type":"Feature","geometry":{"type":"Point","coordinates":[145.0368,-37.80568]},"properties":{"cat":"university","name":"University of Divinity"}},{"type":"Feature","geometry":{"type":"Point","coordinates":[145.25025,-37.8651]},"properties":{"cat":"worship","name":"Bright Church"}},{"type":"Feature","geometry":{"type":"Point","coordinates":[145.1472,-37.72064]},"properties":{"cat":"worship","name":"Saint Margaret's Anglican Church"}},{"type":"Feature","geometry":{"type":"Point","coordinates":[145.14719,-37.71518]},"properties":{"cat":"community","name":"Eltham Senior Citizens Centre"}},{"type":"Feature","geometry":{"type":"Point","coordinates":[145.14638,-37.72014]},"properties":{"cat":"worship","name":"Eltham Uniting Church"}},{"type":"Feature","geometry":{"type":"Point","coordinates":[145.1518,-37.70158]},"properties":{"cat":"community","name":"Eltham Men's Shed"}},{"type":"Feature","geometry":{"type":"Point","coordinates":[145.02749,-37.8668]},"properties":{"cat":"worship","name":"St Paul's"}},{"type":"Feature","geometry":{"type":"Point","coordinates":[144.76873,-37.86558]},"properties":{"cat":"community","name":"Laverton Community Hub"}},{"type":"Feature","geometry":{"type":"Point","coordinates":[144.87298,-37.63411]},"properties":{"cat":"worship","name":"Greenvale Seventh-Day Adventist Church"}},{"type":"Feature","geometry":{"type":"Point","coordinates":[145.30545,-38.02748]},"properties":{"cat":"worship","name":"Seventh Day Adventist Church"}},{"type":"Feature","geometry":{"type":"Point","coordinates":[145.05261,-37.87306]},"properties":{"cat":"worship","name":""}},{"type":"Feature","geometry":{"type":"Point","coordinates":[145.15375,-38.17638]},"properties":{"cat":"worship","name":"Connect Kids"}},{"type":"Feature","geometry":{"type":"Point","coordinates":[145.15579,-38.16498]},"properties":{"cat":"supermarket","name":"Grocery Outlet"}},{"type":"Feature","geometry":{"type":"Point","coordinates":[144.89544,-37.80332]},"properties":{"cat":"community","name":"Phoenix Youth Centre"}},{"type":"Feature","geometry":{"type":"Point","coordinates":[144.76129,-37.86771]},"properties":{"cat":"supermarket","name":"IGA"}},{"type":"Feature","geometry":{"type":"Point","coordinates":[145.124,-38.1418]},"properties":{"cat":"shopping","name":"Bayside Shopping Centre"}},{"type":"Feature","geometry":{"type":"Point","coordinates":[145.16244,-37.9267]},"properties":{"cat":"community","name":"Wellington Reserve Community Centre"}},{"type":"Feature","geometry":{"type":"Point","coordinates":[144.89127,-38.36133]},"properties":{"cat":"shopping","name":""}},{"type":"Feature","geometry":{"type":"Point","coordinates":[144.77482,-37.87358]},"properties":{"cat":"library","name":"Altona Meadows Library"}},{"type":"Feature","geometry":{"type":"Point","coordinates":[144.71654,-37.62602]},"properties":{"cat":"supermarket","name":""}},{"type":"Feature","geometry":{"type":"Point","coordinates":[144.87658,-37.64857]},"properties":{"cat":"worship","name":"Uniting Church Greenvale"}},{"type":"Feature","geometry":{"type":"Point","coordinates":[144.96229,-37.7756]},"properties":{"cat":"shopping","name":"Barkly Square"}},{"type":"Feature","geometry":{"type":"Point","coordinates":[144.79817,-37.74839]},"properties":{"cat":"university","name":"Victoria University - Student Paramedics Association"}},{"type":"Feature","geometry":{"type":"Point","coordinates":[144.84069,-37.79781]},"properties":{"cat":"worship","name":"Australia Light Foundation Mosque and Community Centre"}},{"type":"Feature","geometry":{"type":"Point","coordinates":[145.02727,-37.64012]},"properties":{"cat":"worship","name":"The Church of Jesus Christ of Latter-day Saints"}},{"type":"Feature","geometry":{"type":"Point","coordinates":[145.18111,-38.08325]},"properties":{"cat":"worship","name":""}},{"type":"Feature","geometry":{"type":"Point","coordinates":[145.03405,-37.9176]},"properties":{"cat":"supermarket","name":"Aldi"}},{"type":"Feature","geometry":{"type":"Point","coordinates":[145.23455,-37.85321]},"properties":{"cat":"worship","name":""}},{"type":"Feature","geometry":{"type":"Point","coordinates":[145.12344,-38.0759]},"properties":{"cat":"supermarket","name":"Goodfellows Carrum Village Foodstore"}},{"type":"Feature","geometry":{"type":"Point","coordinates":[145.03011,-37.85525]},"properties":{"cat":"worship","name":"St George\u2019s Anglican Church"}},{"type":"Feature","geometry":{"type":"Point","coordinates":[144.96237,-37.72337]},"properties":{"cat":"supermarket","name":"ALDI"}},{"type":"Feature","geometry":{"type":"Point","coordinates":[145.04809,-37.72041]},"properties":{"cat":"library","name":"Book return chutes"}},{"type":"Feature","geometry":{"type":"Point","coordinates":[145.1181,-37.7045]},"properties":{"cat":"worship","name":""}},{"type":"Feature","geometry":{"type":"Point","coordinates":[145.141,-37.59175]},"properties":{"cat":"worship","name":"Hazelglen Uniting Church"}},{"type":"Feature","geometry":{"type":"Point","coordinates":[145.06863,-37.75909]},"properties":{"cat":"supermarket","name":"Woolworths"}},{"type":"Feature","geometry":{"type":"Point","coordinates":[144.82253,-37.7832]},"properties":{"cat":"worship","name":"Slovak Baptist Church & GraceWest Bible Church"}},{"type":"Feature","geometry":{"type":"Point","coordinates":[144.81867,-37.77871]},"properties":{"cat":"worship","name":"Good Shepherd Christian Church"}},{"type":"Feature","geometry":{"type":"Point","coordinates":[144.93987,-37.82015]},"properties":{"cat":"community","name":"Community Hub at the Dock"}},{"type":"Feature","geometry":{"type":"Point","coordinates":[145.06358,-37.75616]},"properties":{"cat":"worship","name":"Heidelberg Uniting Church"}},{"type":"Feature","geometry":{"type":"Point","coordinates":[145.06641,-37.75788]},"properties":{"cat":"worship","name":"St John's Catholic Church"}},{"type":"Feature","geometry":{"type":"Point","coordinates":[145.0653,-37.75431]},"properties":{"cat":"worship","name":"Heidelberg Presbyterian Church"}},{"type":"Feature","geometry":{"type":"Point","coordinates":[144.81974,-37.78229]},"properties":{"cat":"worship","name":"St Theresa's Catholic Church"}},{"type":"Feature","geometry":{"type":"Point","coordinates":[145.11871,-37.85443]},"properties":{"cat":"community","name":""}},{"type":"Feature","geometry":{"type":"Point","coordinates":[144.8245,-37.63919]},"properties":{"cat":"community","name":""}},{"type":"Feature","geometry":{"type":"Point","coordinates":[145.06697,-37.74295]},"properties":{"cat":"library","name":"Rosanna Library"}},{"type":"Feature","geometry":{"type":"Point","coordinates":[145.12369,-37.82035]},"properties":{"cat":"worship","name":"Box Hill Baptist Church"}},{"type":"Feature","geometry":{"type":"Point","coordinates":[144.65273,-37.82751]},"properties":{"cat":"worship","name":"SMVS Swaminarayan Temple"}},{"type":"Feature","geometry":{"type":"Point","coordinates":[145.11913,-37.81922]},"properties":{"cat":"worship","name":"Holy Cross Greek Orthodox Church"}},{"type":"Feature","geometry":{"type":"Point","coordinates":[145.11886,-37.81964]},"properties":{"cat":"community","name":"Greek Orthodox Community of Box Hill & Districts Cultural & Community Centre"}},{"type":"Feature","geometry":{"type":"Point","coordinates":[145.00482,-37.7187]},"properties":{"cat":"worship","name":""}},{"type":"Feature","geometry":{"type":"Point","coordinates":[145.29605,-38.1207]},"properties":{"cat":"community","name":"Livingston Family and Community Centre"}},{"type":"Feature","geometry":{"type":"Point","coordinates":[145.23767,-37.8148]},"properties":{"cat":"community","name":"Central Ringwood Community Centre"}},{"type":"Feature","geometry":{"type":"Point","coordinates":[145.11218,-37.83553]},"properties":{"cat":"worship","name":"Wattle Park Chapel"}},{"type":"Feature","geometry":{"type":"Point","coordinates":[145.11241,-37.83553]},"properties":{"cat":"worship","name":"Wattle Park Chapel"}},{"type":"Feature","geometry":{"type":"Point","coordinates":[144.98831,-37.79584]},"properties":{"cat":"community","name":"Crossroads"}},{"type":"Feature","geometry":{"type":"Point","coordinates":[145.07485,-37.99522]},"properties":{"cat":"worship","name":"Archangels"}},{"type":"Feature","geometry":{"type":"Point","coordinates":[144.86454,-37.73361]},"properties":{"cat":"worship","name":""}},{"type":"Feature","geometry":{"type":"Point","coordinates":[144.90892,-37.59223]},"properties":{"cat":"shopping","name":"Craigieburn Junction"}},{"type":"Feature","geometry":{"type":"Point","coordinates":[145.09548,-37.79026]},"properties":{"cat":"community","name":"Greythorn Community Hub"}},{"type":"Feature","geometry":{"type":"Point","coordinates":[144.90965,-37.59048]},"properties":{"cat":"library","name":""}},{"type":"Feature","geometry":{"type":"Point","coordinates":[145.13979,-37.91257]},"properties":{"cat":"hospital","name":"Victorian Heart Hospital"}},{"type":"Feature","geometry":{"type":"Point","coordinates":[145.31773,-37.78574]},"properties":{"cat":"community","name":""}},{"type":"Feature","geometry":{"type":"Point","coordinates":[145.00176,-37.41765]},"properties":{"cat":"worship","name":"Wallan Gateway Church and Community Centre"}},{"type":"Feature","geometry":{"type":"Point","coordinates":[144.9237,-37.79714]},"properties":{"cat":"community","name":"The Venny"}},{"type":"Feature","geometry":{"type":"Point","coordinates":[144.87901,-37.62379]},"properties":{"cat":"community","name":"Greenvale West Integrated Community Centre"}},{"type":"Feature","geometry":{"type":"Point","coordinates":[144.90437,-37.60229]},"properties":{"cat":"community","name":"Aitken Hill Integrated Community Centre"}},{"type":"Feature","geometry":{"type":"Point","coordinates":[144.90444,-37.60207]},"properties":{"cat":"community","name":""}},{"type":"Feature","geometry":{"type":"Point","coordinates":[144.93045,-37.788]},"properties":{"cat":"supermarket","name":"Foodworks"}},{"type":"Feature","geometry":{"type":"Point","coordinates":[144.83654,-37.78565]},"properties":{"cat":"worship","name":""}},{"type":"Feature","geometry":{"type":"Point","coordinates":[144.71268,-37.59403]},"properties":{"cat":"shopping","name":"HomeCo"}},{"type":"Feature","geometry":{"type":"Point","coordinates":[144.95958,-37.81161]},"properties":{"cat":"university","name":"Victoria University - City Queen Campus"}},{"type":"Feature","geometry":{"type":"Point","coordinates":[144.89418,-37.56531]},"properties":{"cat":"community","name":""}},{"type":"Feature","geometry":{"type":"Point","coordinates":[145.09469,-37.59996]},"properties":{"cat":"shopping","name":"Mernda Junction Shopping Centre"}},{"type":"Feature","geometry":{"type":"Point","coordinates":[144.95274,-37.47129]},"properties":{"cat":"community","name":""}},{"type":"Feature","geometry":{"type":"Point","coordinates":[144.95288,-37.47171]},"properties":{"cat":"community","name":"Club Mandalay"}},{"type":"Feature","geometry":{"type":"Point","coordinates":[144.9797,-37.47457]},"properties":{"cat":"community","name":"Beveridge Community Centre"}},{"type":"Feature","geometry":{"type":"Point","coordinates":[145.26698,-37.84277]},"properties":{"cat":"library","name":"Bayswater Library"}},{"type":"Feature","geometry":{"type":"Point","coordinates":[145.13419,-37.84955]},"properties":{"cat":"shopping","name":"Burwood Brickworks Shopping Centre"}},{"type":"Feature","geometry":{"type":"Point","coordinates":[145.30433,-38.03592]},"properties":{"cat":"worship","name":"Maranatha Romanian Baptist Church"}},{"type":"Feature","geometry":{"type":"Point","coordinates":[145.26135,-38.0717]},"properties":{"cat":"worship","name":"Nanaksar Thath Lynbrook"}},{"type":"Feature","geometry":{"type":"Point","coordinates":[145.70969,-38.18688]},"properties":{"cat":"community","name":""}},{"type":"Feature","geometry":{"type":"Point","coordinates":[145.24112,-37.91857]},"properties":{"cat":"worship","name":"Rowville Uniting Church"}},{"type":"Feature","geometry":{"type":"Point","coordinates":[144.66137,-37.85486]},"properties":{"cat":"worship","name":"Melbourne Grand Mosque"}},{"type":"Feature","geometry":{"type":"Point","coordinates":[144.62749,-37.87623]},"properties":{"cat":"community","name":"Wunggurrwil Dhurrung Centre"}},{"type":"Feature","geometry":{"type":"Point","coordinates":[144.67652,-37.86101]},"properties":{"cat":"community","name":"The Grange Community Centre"}},{"type":"Feature","geometry":{"type":"Point","coordinates":[144.71231,-37.86588]},"properties":{"cat":"worship","name":"Suburban Baptist Church"}},{"type":"Feature","geometry":{"type":"Point","coordinates":[144.95944,-37.72011]},"properties":{"cat":"community","name":"Merlynston Progress Hall"}},{"type":"Feature","geometry":{"type":"Point","coordinates":[144.54026,-38.24737]},"properties":{"cat":"supermarket","name":"Aldi"}},{"type":"Feature","geometry":{"type":"Point","coordinates":[144.92083,-37.53624]},"properties":{"cat":"shopping","name":"Merrifield City Shopping Centre"}},{"type":"Feature","geometry":{"type":"Point","coordinates":[145.49592,-38.06799]},"properties":{"cat":"worship","name":"Pakenham Baptist Church"}},{"type":"Feature","geometry":{"type":"Point","coordinates":[145.13836,-37.78786]},"properties":{"cat":"worship","name":"Holy Trinity Anglican Church"}},{"type":"Feature","geometry":{"type":"Point","coordinates":[144.89398,-37.79859]},"properties":{"cat":"worship","name":"Footscray Community Uniting Church"}},{"type":"Feature","geometry":{"type":"Point","coordinates":[144.72565,-37.75319]},"properties":{"cat":"community","name":"Portugese Association of Victoria"}},{"type":"Feature","geometry":{"type":"Point","coordinates":[144.96239,-37.80825]},"properties":{"cat":"university","name":"RMIT University (City Campus)"}},{"type":"Feature","geometry":{"type":"Point","coordinates":[144.96391,-37.80608]},"properties":{"cat":"university","name":"RMIT University (City Campus)"}},{"type":"Feature","geometry":{"type":"Point","coordinates":[144.96269,-37.80622]},"properties":{"cat":"university","name":""}},{"type":"Feature","geometry":{"type":"Point","coordinates":[144.89919,-37.80349]},"properties":{"cat":"library","name":"Footscray Mechanics' Institute Library"}},{"type":"Feature","geometry":{"type":"Point","coordinates":[145.04272,-37.76769]},"properties":{"cat":"worship","name":"Ivanhoe Baptist Church Chapel"}},{"type":"Feature","geometry":{"type":"Point","coordinates":[145.05842,-37.77294]},"properties":{"cat":"supermarket","name":"Foodworks"}},{"type":"Feature","geometry":{"type":"Point","coordinates":[144.90658,-37.79654]},"properties":{"cat":"community","name":"Angliss Seniors Centre"}},{"type":"Feature","geometry":{"type":"Point","coordinates":[144.90702,-37.79724]},"properties":{"cat":"community","name":"Angliss Neighbourhood House"}},{"type":"Feature","geometry":{"type":"Point","coordinates":[144.88479,-37.78874]},"properties":{"cat":"worship","name":""}},{"type":"Feature","geometry":{"type":"Point","coordinates":[144.64563,-37.88668]},"properties":{"cat":"worship","name":"The Church of Jesus Christ of Latter-day Saints"}},{"type":"Feature","geometry":{"type":"Point","coordinates":[144.66247,-37.883]},"properties":{"cat":"worship","name":"Werribee Church of Christ"}},{"type":"Feature","geometry":{"type":"Point","coordinates":[144.61422,-38.2855]},"properties":{"cat":"supermarket","name":"IGA"}},{"type":"Feature","geometry":{"type":"Point","coordinates":[144.65166,-37.83402]},"properties":{"cat":"shopping","name":"Riverdale Village Town Centre"}},{"type":"Feature","geometry":{"type":"Point","coordinates":[144.77054,-37.91095]},"properties":{"cat":"community","name":"SaltWater Community Centre"}},{"type":"Feature","geometry":{"type":"Point","coordinates":[145.05956,-37.77371]},"properties":{"cat":"worship","name":"St George's Anglican Church"}},{"type":"Feature","geometry":{"type":"Point","coordinates":[145.04601,-37.76611]},"properties":{"cat":"worship","name":"St James Anglican Church"}},{"type":"Feature","geometry":{"type":"Point","coordinates":[145.04246,-37.76762]},"properties":{"cat":"community","name":"Livingstone Community Center"}},{"type":"Feature","geometry":{"type":"Point","coordinates":[144.97315,-37.64745]},"properties":{"cat":"worship","name":"St George Chaldean Catholic Church and Parish Centre"}},{"type":"Feature","geometry":{"type":"Point","coordinates":[145.0318,-37.94632]},"properties":{"cat":"worship","name":"St Agnes' Catholic Church"}},{"type":"Feature","geometry":{"type":"Point","coordinates":[145.13364,-37.82648]},"properties":{"cat":"university","name":"University of Divinity, Yarra Theological Union"}},{"type":"Feature","geometry":{"type":"Point","coordinates":[145.04814,-37.80857]},"properties":{"cat":"hospital","name":"Adeney Private Hospital"}},{"type":"Feature","geometry":{"type":"Point","coordinates":[145.10762,-37.94367]},"properties":{"cat":"community","name":"Sundowner Community Centre"}},{"type":"Feature","geometry":{"type":"Point","coordinates":[145.24174,-37.78365]},"properties":{"cat":"community","name":"Parkwood Community Hub"}},{"type":"Feature","geometry":{"type":"Point","coordinates":[144.89822,-37.79469]},"properties":{"cat":"hospital","name":"Footscray Hospital"}},{"type":"Feature","geometry":{"type":"Point","coordinates":[145.15258,-37.79112]},"properties":{"cat":"worship","name":"St Peter and Paul's Parish Church"}},{"type":"Feature","geometry":{"type":"Point","coordinates":[144.95357,-37.80317]},"properties":{"cat":"worship","name":"St Mary's Anglican Church"}},{"type":"Feature","geometry":{"type":"Point","coordinates":[145.37011,-37.88437]},"properties":{"cat":"supermarket","name":"Kallista Organic Market"}},{"type":"Feature","geometry":{"type":"Point","coordinates":[145.02183,-37.88499]},"properties":{"cat":"library","name":"Lamm Jewish Library of Australia"}},{"type":"Feature","geometry":{"type":"Point","coordinates":[144.95415,-37.84904]},"properties":{"cat":"community","name":"Mary Kehoe Community Centre"}},{"type":"Feature","geometry":{"type":"Point","coordinates":[144.95523,-37.84633]},"properties":{"cat":"worship","name":"Albert Park Baptist Church"}},{"type":"Feature","geometry":{"type":"Point","coordinates":[144.95394,-37.848]},"properties":{"cat":"worship","name":"International Society for Krishna Consciousness (ISKCON)"}},{"type":"Feature","geometry":{"type":"Point","coordinates":[144.95407,-37.8482]},"properties":{"cat":"worship","name":"International Society for Krishna Consciousness (ISKCON)"}},{"type":"Feature","geometry":{"type":"Point","coordinates":[144.94903,-37.84738]},"properties":{"cat":"supermarket","name":"Foodworks"}},{"type":"Feature","geometry":{"type":"Point","coordinates":[145.30326,-37.76204]},"properties":{"cat":"worship","name":"Life Ministry Church"}},{"type":"Feature","geometry":{"type":"Point","coordinates":[145.30422,-37.76253]},"properties":{"cat":"worship","name":"Melbourne Burmese Community Church (MBCC)"}},{"type":"Feature","geometry":{"type":"Point","coordinates":[145.03633,-37.82087]},"properties":{"cat":"shopping","name":"Glenferrie Centre"}},{"type":"Feature","geometry":{"type":"Point","coordinates":[145.03547,-37.82003]},"properties":{"cat":"supermarket","name":"Coles Local"}},{"type":"Feature","geometry":{"type":"Point","coordinates":[145.1344,-37.91299]},"properties":{"cat":"library","name":"Sir Louis Matheson Library"}},{"type":"Feature","geometry":{"type":"Point","coordinates":[144.57377,-37.70655]},"properties":{"cat":"community","name":""}},{"type":"Feature","geometry":{"type":"Point","coordinates":[144.57372,-37.70685]},"properties":{"cat":"community","name":""}},{"type":"Feature","geometry":{"type":"Point","coordinates":[144.7025,-37.57831]},"properties":{"cat":"worship","name":"Sunbury Baptist Church"}},{"type":"Feature","geometry":{"type":"Point","coordinates":[145.22394,-37.81765]},"properties":{"cat":"supermarket","name":"NQR"}},{"type":"Feature","geometry":{"type":"Point","coordinates":[144.95634,-37.84135]},"properties":{"cat":"library","name":"Albert Park Library"}},{"type":"Feature","geometry":{"type":"Point","coordinates":[145.31456,-37.98134]},"properties":{"cat":"worship","name":"Narre Warren North Uniting Church"}},{"type":"Feature","geometry":{"type":"Point","coordinates":[145.19185,-38.15158]},"properties":{"cat":"community","name":"Langwarrin Hall"}},{"type":"Feature","geometry":{"type":"Point","coordinates":[144.9556,-37.84135]},"properties":{"cat":"supermarket","name":"Gumtree"}},{"type":"Feature","geometry":{"type":"Point","coordinates":[144.95399,-37.84151]},"properties":{"cat":"supermarket","name":"Foodworks"}},{"type":"Feature","geometry":{"type":"Point","coordinates":[145.34348,-38.00001]},"properties":{"cat":"community","name":"Harkaway Public Hall"}},{"type":"Feature","geometry":{"type":"Point","coordinates":[145.04213,-38.22358]},"properties":{"cat":"hospital","name":"The Bays Hospital"}},{"type":"Feature","geometry":{"type":"Point","coordinates":[145.0919,-38.18597]},"properties":{"cat":"worship","name":""}},{"type":"Feature","geometry":{"type":"Point","coordinates":[144.92879,-37.69141]},"properties":{"cat":"community","name":"Broadmeadows Women's Community House"}},{"type":"Feature","geometry":{"type":"Point","coordinates":[144.76913,-37.69695]},"properties":{"cat":"worship","name":""}},{"type":"Feature","geometry":{"type":"Point","coordinates":[144.77211,-37.69964]},"properties":{"cat":"worship","name":"Emmaus Catholic Church"}},{"type":"Feature","geometry":{"type":"Point","coordinates":[144.91378,-37.7989]},"properties":{"cat":"worship","name":""}},{"type":"Feature","geometry":{"type":"Point","coordinates":[145.08929,-38.19582]},"properties":{"cat":"worship","name":"St James the Less"}},{"type":"Feature","geometry":{"type":"Point","coordinates":[145.12545,-38.14006]},"properties":{"cat":"shopping","name":"Bayside Shopping Centre"}},{"type":"Feature","geometry":{"type":"Point","coordinates":[145.31053,-37.75372]},"properties":{"cat":"community","name":"Chirnside Park Community Hub"}},{"type":"Feature","geometry":{"type":"Point","coordinates":[145.00402,-37.93867]},"properties":{"cat":"worship","name":"Holy Trinity Hampton"}},{"type":"Feature","geometry":{"type":"Point","coordinates":[144.96847,-37.78512]},"properties":{"cat":"worship","name":""}},{"type":"Feature","geometry":{"type":"Point","coordinates":[145.08985,-38.18504]},"properties":{"cat":"shopping","name":"Ritchies Village Shopping Centre"}},{"type":"Feature","geometry":{"type":"Point","coordinates":[145.02445,-37.93289]},"properties":{"cat":"community","name":"Castlefield Community Centre"}},{"type":"Feature","geometry":{"type":"Point","coordinates":[145.08904,-38.19522]},"properties":{"cat":"worship","name":""}},{"type":"Feature","geometry":{"type":"Point","coordinates":[145.08932,-38.19558]},"properties":{"cat":"worship","name":""}},{"type":"Feature","geometry":{"type":"Point","coordinates":[145.02317,-37.93869]},"properties":{"cat":"worship","name":"Immaculate Heart of Mary"}},{"type":"Feature","geometry":{"type":"Point","coordinates":[144.81118,-37.78309]},"properties":{"cat":"community","name":"Cyprus Community Centre"}},{"type":"Feature","geometry":{"type":"Point","coordinates":[144.95214,-37.54022]},"properties":{"cat":"worship","name":"Maranatha Church"}},{"type":"Feature","geometry":{"type":"Point","coordinates":[145.00837,-37.9338]},"properties":{"cat":"worship","name":"Our Lady of Perpetual Succour and Saint Andrew's Church"}},{"type":"Feature","geometry":{"type":"Point","coordinates":[145.00832,-37.93394]},"properties":{"cat":"community","name":""}},{"type":"Feature","geometry":{"type":"Point","coordinates":[144.8141,-37.8646]},"properties":{"cat":"supermarket","name":"Goods Grocer"}},{"type":"Feature","geometry":{"type":"Point","coordinates":[144.9578,-37.83682]},"properties":{"cat":"community","name":"South Melbourne Community Centre"}},{"type":"Feature","geometry":{"type":"Point","coordinates":[144.58702,-37.67086]},"properties":{"cat":"community","name":"Kurunjang Communnity Hub"}},{"type":"Feature","geometry":{"type":"Point","coordinates":[145.0698,-37.88412]},"properties":{"cat":"worship","name":"Holy Eucharist and St Mary's Catholic Church"}},{"type":"Feature","geometry":{"type":"Point","coordinates":[145.03371,-37.82321]},"properties":{"cat":"university","name":"Swinburne University"}},{"type":"Feature","geometry":{"type":"Point","coordinates":[145.03525,-37.82563]},"properties":{"cat":"worship","name":"Hawthorn Presbyterian Church"}},{"type":"Feature","geometry":{"type":"Point","coordinates":[145.03463,-37.82825]},"properties":{"cat":"supermarket","name":"Ritches IGA"}},{"type":"Feature","geometry":{"type":"Point","coordinates":[145.13733,-38.02358]},"properties":{"cat":"community","name":"Slovenian Association Springvale"}},{"type":"Feature","geometry":{"type":"Point","coordinates":[145.08165,-37.87971]},"properties":{"cat":"library","name":"Phoenix Park Library"}},{"type":"Feature","geometry":{"type":"Point","coordinates":[145.025,-37.87327]},"properties":{"cat":"supermarket","name":"IGA"}},{"type":"Feature","geometry":{"type":"Point","coordinates":[145.03047,-37.92726]},"properties":{"cat":"community","name":"15th Brighton Scout Hall"}},{"type":"Feature","geometry":{"type":"Point","coordinates":[144.57134,-37.72208]},"properties":{"cat":"shopping","name":"Opalia Plaza"}},{"type":"Feature","geometry":{"type":"Point","coordinates":[145.14938,-37.67988]},"properties":{"cat":"community","name":"Diamond Creek Men's Shed"}},{"type":"Feature","geometry":{"type":"Point","coordinates":[145.1489,-37.67984]},"properties":{"cat":"community","name":"Diamond Creek Scout Hall"}},{"type":"Feature","geometry":{"type":"Point","coordinates":[145.1002,-37.82662]},"properties":{"cat":"worship","name":"Saint Stephen's Presbyterian Church"}},{"type":"Feature","geometry":{"type":"Point","coordinates":[144.95675,-37.83473]},"properties":{"cat":"worship","name":"South Port Uniting Church"}},{"type":"Feature","geometry":{"type":"Point","coordinates":[144.96318,-37.8368]},"properties":{"cat":"worship","name":"See Yup temple"}},{"type":"Feature","geometry":{"type":"Point","coordinates":[144.94771,-37.83535]},"properties":{"cat":"community","name":"Community Room"}},{"type":"Feature","geometry":{"type":"Point","coordinates":[145.19659,-38.15121]},"properties":{"cat":"supermarket","name":"Coles"}},{"type":"Feature","geometry":{"type":"Point","coordinates":[145.03367,-37.83473]},"properties":{"cat":"worship","name":"All Saints Anglican Church"}},{"type":"Feature","geometry":{"type":"Point","coordinates":[144.72716,-37.71622]},"properties":{"cat":"community","name":"Fraser Rise Children's & Community Centre"}},{"type":"Feature","geometry":{"type":"Point","coordinates":[144.72606,-37.71244]},"properties":{"cat":"shopping","name":"City Vista Shopping Centre"}},{"type":"Feature","geometry":{"type":"Point","coordinates":[144.95331,-37.81902]},"properties":{"cat":"supermarket","name":"Woolworths Metro"}},{"type":"Feature","geometry":{"type":"Point","coordinates":[145.37885,-37.78698]},"properties":{"cat":"supermarket","name":"IGA"}},{"type":"Feature","geometry":{"type":"Point","coordinates":[145.37758,-37.7849]},"properties":{"cat":"worship","name":"Mount Evelyn Presbyterian Church"}},{"type":"Feature","geometry":{"type":"Point","coordinates":[144.79202,-37.75753]},"properties":{"cat":"worship","name":"An Quang Buddhist Temple"}},{"type":"Feature","geometry":{"type":"Point","coordinates":[145.13029,-37.85107]},"properties":{"cat":"worship","name":"Burwood Community Presbyterian Church"}},{"type":"Feature","geometry":{"type":"Point","coordinates":[144.68677,-37.89847]},"properties":{"cat":"library","name":"Knowledge Resource Centre"}},{"type":"Feature","geometry":{"type":"Point","coordinates":[144.91447,-37.77296]},"properties":{"cat":"worship","name":"Ascot Vale Seventh Day Adventist Church."}},{"type":"Feature","geometry":{"type":"Point","coordinates":[144.93701,-37.84012]},"properties":{"cat":"worship","name":"St Joseph's"}},{"type":"Feature","geometry":{"type":"Point","coordinates":[144.68179,-37.87839]},"properties":{"cat":"worship","name":"Werribee Baptist Church"}},{"type":"Feature","geometry":{"type":"Point","coordinates":[145.24415,-38.05562]},"properties":{"cat":"worship","name":"Lyndhurst Samoan Presbyterian Church"}},{"type":"Feature","geometry":{"type":"Point","coordinates":[145.07601,-37.97874]},"properties":{"cat":"community","name":"Henry Jones Scout Hall"}},{"type":"Feature","geometry":{"type":"Point","coordinates":[144.73889,-37.57216]},"properties":{"cat":"library","name":""}},{"type":"Feature","geometry":{"type":"Point","coordinates":[145.37385,-37.58833]},"properties":{"cat":"community","name":"Steels Creek Community Centre"}},{"type":"Feature","geometry":{"type":"Point","coordinates":[144.6574,-37.80012]},"properties":{"cat":"worship","name":""}},{"type":"Feature","geometry":{"type":"Point","coordinates":[144.78271,-37.69626]},"properties":{"cat":"worship","name":""}},{"type":"Feature","geometry":{"type":"Point","coordinates":[145.14638,-37.94344]},"properties":{"cat":"community","name":"Springvale Reserve Hall"}},{"type":"Feature","geometry":{"type":"Point","coordinates":[145.09641,-37.8485]},"properties":{"cat":"worship","name":""}},{"type":"Feature","geometry":{"type":"Point","coordinates":[144.96906,-37.73657]},"properties":{"cat":"shopping","name":"Pentridge Shopping Centre"}},{"type":"Feature","geometry":{"type":"Point","coordinates":[144.89237,-37.80473]},"properties":{"cat":"worship","name":"St Prophet Ilija Macedonian Orthodox Church"}},{"type":"Feature","geometry":{"type":"Point","coordinates":[144.89157,-37.80601]},"properties":{"cat":"supermarket","name":"The Happy Apple"}},{"type":"Feature","geometry":{"type":"Point","coordinates":[145.00036,-37.86629]},"properties":{"cat":"worship","name":"Holy Trinity St Nicholas - Sakharov Hall"}},{"type":"Feature","geometry":{"type":"Point","coordinates":[145.00063,-37.8669]},"properties":{"cat":"community","name":"Glenfern"}},{"type":"Feature","geometry":{"type":"Point","coordinates":[144.73626,-37.58012]},"properties":{"cat":"worship","name":"Our Lady of Mount Carmel"}},{"type":"Feature","geometry":{"type":"Point","coordinates":[144.90102,-38.35566]},"properties":{"cat":"community","name":"Rosebud Youth Hall"}},{"type":"Feature","geometry":{"type":"Point","coordinates":[144.96033,-37.77058]},"properties":{"cat":"community","name":""}},{"type":"Feature","geometry":{"type":"Point","coordinates":[145.27538,-37.86191]},"properties":{"cat":"worship","name":""}},{"type":"Feature","geometry":{"type":"Point","coordinates":[144.57292,-38.17417]},"properties":{"cat":"supermarket","name":"Coles"}},{"type":"Feature","geometry":{"type":"Point","coordinates":[144.73492,-37.58234]},"properties":{"cat":"worship","name":"Bethany Lutheran Church"}},{"type":"Feature","geometry":{"type":"Point","coordinates":[145.151,-38.17654]},"properties":{"cat":"community","name":"Clarke Centre"}},{"type":"Feature","geometry":{"type":"Point","coordinates":[145.1478,-38.17801]},"properties":{"cat":"community","name":"Parkside Centre"}},{"type":"Feature","geometry":{"type":"Point","coordinates":[145.14605,-38.17485]},"properties":{"cat":"community","name":"Robinsons Centre"}},{"type":"Feature","geometry":{"type":"Point","coordinates":[145.11822,-37.68529]},"properties":{"cat":"worship","name":"Calvary Lutheran Church"}},{"type":"Feature","geometry":{"type":"Point","coordinates":[145.045,-37.76606]},"properties":{"cat":"library","name":"Ivanhoe Libary"}},{"type":"Feature","geometry":{"type":"Point","coordinates":[145.17848,-37.7013]},"properties":{"cat":"community","name":"Research Scout Hall"}},{"type":"Feature","geometry":{"type":"Point","coordinates":[144.64969,-37.90176]},"properties":{"cat":"worship","name":"St Andrew's Catholic Church"}},{"type":"Feature","geometry":{"type":"Point","coordinates":[144.65012,-37.9019]},"properties":{"cat":"worship","name":"St Andrew's Catholic Church"}},{"type":"Feature","geometry":{"type":"Point","coordinates":[145.07067,-37.9256]},"properties":{"cat":"community","name":"1st Moorabbin Central Scout Hall"}},{"type":"Feature","geometry":{"type":"Point","coordinates":[144.76647,-37.69412]},"properties":{"cat":"worship","name":"Town Well Uniting Church"}},{"type":"Feature","geometry":{"type":"Point","coordinates":[144.91554,-37.77344]},"properties":{"cat":"supermarket","name":"The Happy Apple"}},{"type":"Feature","geometry":{"type":"Point","coordinates":[145.23714,-37.79243]},"properties":{"cat":"worship","name":"Holy Spirit Catholic Church"}},{"type":"Feature","geometry":{"type":"Point","coordinates":[145.19582,-37.81795]},"properties":{"cat":"community","name":""}},{"type":"Feature","geometry":{"type":"Point","coordinates":[145.23597,-37.79428]},"properties":{"cat":"shopping","name":"Ringwood North Shopping Centre"}},{"type":"Feature","geometry":{"type":"Point","coordinates":[145.04851,-37.73598]},"properties":{"cat":"supermarket","name":"Foodworks"}},{"type":"Feature","geometry":{"type":"Point","coordinates":[145.22913,-37.81304]},"properties":{"cat":"shopping","name":"Eastland"}},{"type":"Feature","geometry":{"type":"Point","coordinates":[145.02528,-37.68176]},"properties":{"cat":"worship","name":"Wat Eysanmeanchey"}},{"type":"Feature","geometry":{"type":"Point","coordinates":[145.16047,-37.67481]},"properties":{"cat":"worship","name":"Diamond Creek Uniting Church"}},{"type":"Feature","geometry":{"type":"Point","coordinates":[145.10356,-37.94163]},"properties":{"cat":"worship","name":"Clarinda Baptist Church"}},{"type":"Feature","geometry":{"type":"Point","coordinates":[145.0027,-37.93863]},"properties":{"cat":"library","name":"Hampton Library"}},{"type":"Feature","geometry":{"type":"Point","coordinates":[145.31848,-37.79249]},"properties":{"cat":"hospital","name":"Mooroolbark Residential Aged Care Facility"}},{"type":"Feature","geometry":{"type":"Point","coordinates":[145.20753,-37.74545]},"properties":{"cat":"community","name":"Warrandyte Community Hall"}},{"type":"Feature","geometry":{"type":"Point","coordinates":[144.99394,-37.84287]},"properties":{"cat":"worship","name":"St Joseph's South Yarra"}},{"type":"Feature","geometry":{"type":"Point","coordinates":[145.13579,-37.6849]},"properties":{"cat":"shopping","name":"St Helena Marketplace"}},{"type":"Feature","geometry":{"type":"Point","coordinates":[145.12751,-37.6834]},"properties":{"cat":"worship","name":"Plymouth Brethren Christian Church"}},{"type":"Feature","geometry":{"type":"Point","coordinates":[145.15568,-37.67433]},"properties":{"cat":"community","name":"Diamond Creek Community Centre"}},{"type":"Feature","geometry":{"type":"Point","coordinates":[145.05397,-37.6612]},"properties":{"cat":"worship","name":"Mill Park Baptist Church"}},{"type":"Feature","geometry":{"type":"Point","coordinates":[145.19965,-37.85822]},"properties":{"cat":"hospital","name":"Vermont Private Hospital"}},{"type":"Feature","geometry":{"type":"Point","coordinates":[145.00458,-37.9396]},"properties":{"cat":"worship","name":""}},{"type":"Feature","geometry":{"type":"Point","coordinates":[145.04266,-37.72824]},"properties":{"cat":"community","name":"Austrian Club Melbourne"}},{"type":"Feature","geometry":{"type":"Point","coordinates":[145.02588,-37.86946]},"properties":{"cat":"community","name":""}},{"type":"Feature","geometry":{"type":"Point","coordinates":[144.91393,-37.77344]},"properties":{"cat":"worship","name":"Dwell"}},{"type":"Feature","geometry":{"type":"Point","coordinates":[144.97437,-37.8039]},"properties":{"cat":"worship","name":"Ursula Frayne Memorial Chapel"}},{"type":"Feature","geometry":{"type":"Point","coordinates":[145.00798,-37.81563]},"properties":{"cat":"worship","name":"St James Church"}},{"type":"Feature","geometry":{"type":"Point","coordinates":[145.06771,-37.97525]},"properties":{"cat":"supermarket","name":"ALDI"}},{"type":"Feature","geometry":{"type":"Point","coordinates":[145.33998,-38.21677]},"properties":{"cat":"community","name":""}},{"type":"Feature","geometry":{"type":"Point","coordinates":[145.12969,-37.68843]},"properties":{"cat":"community","name":"Leith Park Hall"}},{"type":"Feature","geometry":{"type":"Point","coordinates":[145.14431,-37.72142]},"properties":{"cat":"community","name":""}},{"type":"Feature","geometry":{"type":"Point","coordinates":[145.14443,-37.72153]},"properties":{"cat":"community","name":""}},{"type":"Feature","geometry":{"type":"Point","coordinates":[145.1446,-37.7214]},"properties":{"cat":"community","name":""}},{"type":"Feature","geometry":{"type":"Point","coordinates":[145.15999,-38.11796]},"properties":{"cat":"supermarket","name":"Foodworks"}},{"type":"Feature","geometry":{"type":"Point","coordinates":[145.32508,-38.05521]},"properties":{"cat":"worship","name":"Sakyamuni Sambuddha Vihara"}},{"type":"Feature","geometry":{"type":"Point","coordinates":[145.40343,-38.0693]},"properties":{"cat":"community","name":""}},{"type":"Feature","geometry":{"type":"Point","coordinates":[145.01167,-37.85454]},"properties":{"cat":"supermarket","name":"IGA"}},{"type":"Feature","geometry":{"type":"Point","coordinates":[145.29934,-37.84445]},"properties":{"cat":"supermarket","name":"IGA"}},{"type":"Feature","geometry":{"type":"Point","coordinates":[144.59676,-37.46211]},"properties":{"cat":"worship","name":"House of The Rock Church"}},{"type":"Feature","geometry":{"type":"Point","coordinates":[144.777,-37.75298]},"properties":{"cat":"worship","name":"The Church of Jesus Christ of Latter-day Saints"}},{"type":"Feature","geometry":{"type":"Point","coordinates":[145.07562,-37.83916]},"properties":{"cat":"worship","name":"Camberwell Methodist Church"}},{"type":"Feature","geometry":{"type":"Point","coordinates":[145.23238,-37.8018]},"properties":{"cat":"community","name":"North Ringwood Senior Citizens Centre"}},{"type":"Feature","geometry":{"type":"Point","coordinates":[145.22786,-37.817]},"properties":{"cat":"community","name":"The Base Youth Community Centre"}},{"type":"Feature","geometry":{"type":"Point","coordinates":[145.22962,-37.81639]},"properties":{"cat":"worship","name":"First Church of Christ Scientist, Ringwood"}},{"type":"Feature","geometry":{"type":"Point","coordinates":[145.23023,-37.8161]},"properties":{"cat":"worship","name":"Uniting Church"}},{"type":"Feature","geometry":{"type":"Point","coordinates":[145.23264,-37.81552]},"properties":{"cat":"worship","name":"Ringwood Church of Christ"}},{"type":"Feature","geometry":{"type":"Point","coordinates":[145.13305,-38.1547]},"properties":{"cat":"hospital","name":"Frankston Private Hospital"}},{"type":"Feature","geometry":{"type":"Point","coordinates":[144.99271,-37.84773]},"properties":{"cat":"library","name":"Prahran Square Library"}},{"type":"Feature","geometry":{"type":"Point","coordinates":[145.24366,-37.83042]},"properties":{"cat":"supermarket","name":"Fair Price Supermarket"}},{"type":"Feature","geometry":{"type":"Point","coordinates":[145.28124,-37.79763]},"properties":{"cat":"supermarket","name":"European Grocery Store"}},{"type":"Feature","geometry":{"type":"Point","coordinates":[145.28106,-37.79845]},"properties":{"cat":"supermarket","name":"Rangoon City Mart"}},{"type":"Feature","geometry":{"type":"Point","coordinates":[145.28123,-37.79908]},"properties":{"cat":"community","name":"EV's Youth Centre"}},{"type":"Feature","geometry":{"type":"Point","coordinates":[145.24327,-37.81855]},"properties":{"cat":"supermarket","name":"Golden Burma Grocery"}},{"type":"Feature","geometry":{"type":"Point","coordinates":[145.00953,-37.64946]},"properties":{"cat":"hospital","name":"Epping Private Hospital"}},{"type":"Feature","geometry":{"type":"Point","coordinates":[145.2906,-37.89991]},"properties":{"cat":"worship","name":"Ferntree Gully Community of Christ"}},{"type":"Feature","geometry":{"type":"Point","coordinates":[144.96912,-37.80281]},"properties":{"cat":"worship","name":"Sacred Heart Church"}},{"type":"Feature","geometry":{"type":"Point","coordinates":[144.67756,-37.46326]},"properties":{"cat":"supermarket","name":"Foodworks"}},{"type":"Feature","geometry":{"type":"Point","coordinates":[145.26393,-37.85405]},"properties":{"cat":"worship","name":"Temple Society"}},{"type":"Feature","geometry":{"type":"Point","coordinates":[145.29431,-37.88225]},"properties":{"cat":"supermarket","name":"IGA"}},{"type":"Feature","geometry":{"type":"Point","coordinates":[145.29661,-37.88264]},"properties":{"cat":"supermarket","name":"Foodworks"}},{"type":"Feature","geometry":{"type":"Point","coordinates":[145.35211,-37.75928]},"properties":{"cat":"community","name":"Lilydale Community House"}},{"type":"Feature","geometry":{"type":"Point","coordinates":[145.20751,-38.14118]},"properties":{"cat":"supermarket","name":"Woolworths"}},{"type":"Feature","geometry":{"type":"Point","coordinates":[145.12607,-38.06308]},"properties":{"cat":"community","name":""}},{"type":"Feature","geometry":{"type":"Point","coordinates":[145.13234,-38.06029]},"properties":{"cat":"community","name":"Bonbeach YCW"}},{"type":"Feature","geometry":{"type":"Point","coordinates":[145.17153,-37.78972]},"properties":{"cat":"hospital","name":"Donvale Rehabilitation Hospital"}},{"type":"Feature","geometry":{"type":"Point","coordinates":[145.45637,-37.77938]},"properties":{"cat":"community","name":"Seville Hall"}},{"type":"Feature","geometry":{"type":"Point","coordinates":[145.05004,-37.79446]},"properties":{"cat":"worship","name":"Old Hall"}},{"type":"Feature","geometry":{"type":"Point","coordinates":[145.05027,-37.7946]},"properties":{"cat":"worship","name":"Saint Paul's"}},{"type":"Feature","geometry":{"type":"Point","coordinates":[145.19752,-37.79684]},"properties":{"cat":"worship","name":"The Coptic Orthodox Church - Diocese Of Melbourne"}},{"type":"Feature","geometry":{"type":"Point","coordinates":[144.99291,-37.91325]},"properties":{"cat":"shopping","name":"Dendy Plaza"}},{"type":"Feature","geometry":{"type":"Point","coordinates":[145.05448,-37.84624]},"properties":{"cat":"hospital","name":"Epworth Camberwell"}},{"type":"Feature","geometry":{"type":"Point","coordinates":[144.99468,-37.9146]},"properties":{"cat":"shopping","name":""}},{"type":"Feature","geometry":{"type":"Point","coordinates":[144.99485,-37.9148]},"properties":{"cat":"shopping","name":""}},{"type":"Feature","geometry":{"type":"Point","coordinates":[144.99538,-37.91546]},"properties":{"cat":"supermarket","name":"Woolworths"}},{"type":"Feature","geometry":{"type":"Point","coordinates":[145.18022,-38.08847]},"properties":{"cat":"worship","name":"Serbian Orthodox Church of St. King Stephen of Dechany"}},{"type":"Feature","geometry":{"type":"Point","coordinates":[145.18725,-38.16933]},"properties":{"cat":"worship","name":"Serbian Orthodox Church of St. Basil of Ostrog"}},{"type":"Feature","geometry":{"type":"Point","coordinates":[145.11107,-37.72797]},"properties":{"cat":"supermarket","name":"ALDI"}},{"type":"Feature","geometry":{"type":"Point","coordinates":[145.14008,-37.68704]},"properties":{"cat":"library","name":""}},{"type":"Feature","geometry":{"type":"Point","coordinates":[144.98081,-37.76595]},"properties":{"cat":"community","name":"The Cretan Brotherhood of Melbourne and Victoria"}},{"type":"Feature","geometry":{"type":"Point","coordinates":[144.97028,-37.6726]},"properties":{"cat":"worship","name":"Samadhi Buddhist Meditation Centre"}},{"type":"Feature","geometry":{"type":"Point","coordinates":[145.05559,-37.95955]},"properties":{"cat":"supermarket","name":"Woolworths"}},{"type":"Feature","geometry":{"type":"Point","coordinates":[145.11531,-37.87703]},"properties":{"cat":"worship","name":"Mount Waverley Community Church of the Nazarene"}},{"type":"Feature","geometry":{"type":"Point","coordinates":[145.03748,-38.23002]},"properties":{"cat":"worship","name":"Mornington Church of Christ"}},{"type":"Feature","geometry":{"type":"Point","coordinates":[145.4642,-37.77325]},"properties":{"cat":"community","name":"Seville Community House"}},{"type":"Feature","geometry":{"type":"Point","coordinates":[145.12563,-37.61586]},"properties":{"cat":"shopping","name":""}},{"type":"Feature","geometry":{"type":"Point","coordinates":[145.1255,-37.61544]},"properties":{"cat":"shopping","name":""}},{"type":"Feature","geometry":{"type":"Point","coordinates":[145.12681,-37.61526]},"properties":{"cat":"community","name":"Orchard Road Community & Early Learning Centre"}},{"type":"Feature","geometry":{"type":"Point","coordinates":[145.14011,-37.68924]},"properties":{"cat":"library","name":""}},{"type":"Feature","geometry":{"type":"Point","coordinates":[145.23137,-37.80974]},"properties":{"cat":"worship","name":"Mullum Mullum Anglican Church"}},{"type":"Feature","geometry":{"type":"Point","coordinates":[145.43263,-37.78115]},"properties":{"cat":"community","name":"Wandin Senior Citizens Centre"}},{"type":"Feature","geometry":{"type":"Point","coordinates":[145.13066,-37.67752]},"properties":{"cat":"worship","name":"Plymouth Brethren Christian Church"}},{"type":"Feature","geometry":{"type":"Point","coordinates":[145.28452,-37.86383]},"properties":{"cat":"library","name":"Boronia Library"}},{"type":"Feature","geometry":{"type":"Point","coordinates":[145.12873,-37.75768]},"properties":{"cat":"supermarket","name":"IGA"}},{"type":"Feature","geometry":{"type":"Point","coordinates":[145.1281,-37.75751]},"properties":{"cat":"worship","name":"Manningham Christian Centre"}},{"type":"Feature","geometry":{"type":"Point","coordinates":[145.25562,-38.05168]},"properties":{"cat":"community","name":"Lynbrook Community Centre"}},{"type":"Feature","geometry":{"type":"Point","coordinates":[145.12156,-37.68063]},"properties":{"cat":"community","name":""}},{"type":"Feature","geometry":{"type":"Point","coordinates":[144.75684,-37.70109]},"properties":{"cat":"worship","name":""}},{"type":"Feature","geometry":{"type":"Point","coordinates":[144.79696,-37.74409]},"properties":{"cat":"supermarket","name":"MA-B1 African Market"}},{"type":"Feature","geometry":{"type":"Point","coordinates":[144.80372,-37.74441]},"properties":{"cat":"supermarket","name":"MKS Spices 'n Things"}},{"type":"Feature","geometry":{"type":"Point","coordinates":[144.74203,-37.72915]},"properties":{"cat":"worship","name":"Red Door Church"}},{"type":"Feature","geometry":{"type":"Point","coordinates":[145.46705,-38.06035]},"properties":{"cat":"worship","name":"Chapel"}},{"type":"Feature","geometry":{"type":"Point","coordinates":[144.91547,-37.61621]},"properties":{"cat":"shopping","name":"Greenvale Lakes Shopping Centre"}},{"type":"Feature","geometry":{"type":"Point","coordinates":[144.73888,-37.73025]},"properties":{"cat":"worship","name":"St Catherine of Siena Catholic Church"}},{"type":"Feature","geometry":{"type":"Point","coordinates":[145.12616,-38.10359]},"properties":{"cat":"supermarket","name":"Seaford Friendly Grocer"}},{"type":"Feature","geometry":{"type":"Point","coordinates":[144.93381,-37.71644]},"properties":{"cat":"worship","name":"Voice of Christ"}},{"type":"Feature","geometry":{"type":"Point","coordinates":[145.17202,-37.82874]},"properties":{"cat":"community","name":"Forest Hills Community Centre"}},{"type":"Feature","geometry":{"type":"Point","coordinates":[144.80141,-37.73159]},"properties":{"cat":"library","name":""}},{"type":"Feature","geometry":{"type":"Point","coordinates":[144.77553,-37.70451]},"properties":{"cat":"worship","name":"Saint Mary's Holy Mother of God Macedonian Orthodox Church"}},{"type":"Feature","geometry":{"type":"Point","coordinates":[144.79254,-37.74158]},"properties":{"cat":"worship","name":"Panjtan Centre"}},{"type":"Feature","geometry":{"type":"Point","coordinates":[145.0588,-37.64752]},"properties":{"cat":"worship","name":"Plenty Valley Uniting Church"}},{"type":"Feature","geometry":{"type":"Point","coordinates":[145.04293,-37.82385]},"properties":{"cat":"worship","name":"Zion Strict Baptist Chapel"}},{"type":"Feature","geometry":{"type":"Point","coordinates":[145.04398,-37.82325]},"properties":{"cat":"worship","name":"Radiant Baptist Church"}},{"type":"Feature","geometry":{"type":"Point","coordinates":[144.96203,-37.83421]},"properties":{"cat":"university","name":"JMC Academy (Bank Street Campus)"}},{"type":"Feature","geometry":{"type":"Point","coordinates":[144.96221,-37.83414]},"properties":{"cat":"university","name":"JMC Academy (169 Bank)"}},{"type":"Feature","geometry":{"type":"Point","coordinates":[145.24629,-37.91133]},"properties":{"cat":"worship","name":"RAFT Anglican Church"}},{"type":"Feature","geometry":{"type":"Point","coordinates":[144.82984,-37.78906]},"properties":{"cat":"worship","name":"Hope of Life Community Church"}},{"type":"Feature","geometry":{"type":"Point","coordinates":[145.13587,-37.61263]},"properties":{"cat":"worship","name":"Plymouth Bretheren Christian Church"}},{"type":"Feature","geometry":{"type":"Point","coordinates":[145.24724,-37.90774]},"properties":{"cat":"worship","name":"Hillview Community Church"}},{"type":"Feature","geometry":{"type":"Point","coordinates":[145.24561,-37.90761]},"properties":{"cat":"worship","name":"Restore Community Church"}},{"type":"Feature","geometry":{"type":"Point","coordinates":[145.23921,-37.91753]},"properties":{"cat":"community","name":"Peppertree Hill Community Centre"}},{"type":"Feature","geometry":{"type":"Point","coordinates":[145.23388,-37.91562]},"properties":{"cat":"worship","name":"Australia for Christ Church"}},{"type":"Feature","geometry":{"type":"Point","coordinates":[145.10377,-37.80199]},"properties":{"cat":"worship","name":"Koonung Heights Uniting Church"}},{"type":"Feature","geometry":{"type":"Point","coordinates":[144.73518,-37.58091]},"properties":{"cat":"community","name":"Hume Global Learning Centre - Sunbury"}},{"type":"Feature","geometry":{"type":"Point","coordinates":[144.73471,-37.58069]},"properties":{"cat":"library","name":"Sunbury Library"}},{"type":"Feature","geometry":{"type":"Point","coordinates":[145.41051,-38.05924]},"properties":{"cat":"worship","name":"Officer Union Church"}},{"type":"Feature","geometry":{"type":"Point","coordinates":[145.27864,-37.97229]},"properties":{"cat":"worship","name":"The First Romanian Baptist Church"}},{"type":"Feature","geometry":{"type":"Point","coordinates":[145.07904,-37.82322]},"properties":{"cat":"worship","name":""}},{"type":"Feature","geometry":{"type":"Point","coordinates":[144.98533,-37.84064]},"properties":{"cat":"worship","name":"South Yarra Presbyterian Church"}},{"type":"Feature","geometry":{"type":"Point","coordinates":[144.98585,-37.8386]},"properties":{"cat":"worship","name":"Christ Church Anglican Church"}},{"type":"Feature","geometry":{"type":"Point","coordinates":[144.97694,-37.83523]},"properties":{"cat":"worship","name":"St Thomas Aquinas' Church"}},{"type":"Feature","geometry":{"type":"Point","coordinates":[144.97666,-37.83642]},"properties":{"cat":"worship","name":"Melbourne Synagogue"}},{"type":"Feature","geometry":{"type":"Point","coordinates":[144.76957,-37.69696]},"properties":{"cat":"worship","name":""}},{"type":"Feature","geometry":{"type":"Point","coordinates":[144.46432,-38.18598]},"properties":{"cat":"library","name":"Leopold Library"}},{"type":"Feature","geometry":{"type":"Point","coordinates":[144.55612,-38.1882]},"properties":{"cat":"worship","name":""}},{"type":"Feature","geometry":{"type":"Point","coordinates":[144.87191,-37.79322]},"properties":{"cat":"worship","name":"West Footscray Presbyterian Church"}},{"type":"Feature","geometry":{"type":"Point","coordinates":[145.14323,-38.06882]},"properties":{"cat":"library","name":"Kingston Libraries Patterson Lakes"}},{"type":"Feature","geometry":{"type":"Point","coordinates":[145.1434,-38.06767]},"properties":{"cat":"supermarket","name":"Woolworths"}},{"type":"Feature","geometry":{"type":"Point","coordinates":[145.14691,-38.06973]},"properties":{"cat":"community","name":""}},{"type":"Feature","geometry":{"type":"Point","coordinates":[145.51361,-37.65413]},"properties":{"cat":"supermarket","name":"ALDI"}},{"type":"Feature","geometry":{"type":"Point","coordinates":[145.27063,-37.76359]},"properties":{"cat":"worship","name":"Christian Reformed Church of Wonga Park"}},{"type":"Feature","geometry":{"type":"Point","coordinates":[144.68323,-37.82477]},"properties":{"cat":"community","name":"Tarneit North Community Centre"}},{"type":"Feature","geometry":{"type":"Point","coordinates":[145.07098,-37.70171]},"properties":{"cat":"shopping","name":""}},{"type":"Feature","geometry":{"type":"Point","coordinates":[145.07143,-37.70206]},"properties":{"cat":"shopping","name":""}},{"type":"Feature","geometry":{"type":"Point","coordinates":[144.81627,-37.79045]},"properties":{"cat":"community","name":"Glengala Hall"}},{"type":"Feature","geometry":{"type":"Point","coordinates":[145.316,-38.15459]},"properties":{"cat":"worship","name":"Wat Lao Cranbourne"}},{"type":"Feature","geometry":{"type":"Point","coordinates":[145.00651,-37.93316]},"properties":{"cat":"community","name":""}},{"type":"Feature","geometry":{"type":"Point","coordinates":[145.23415,-37.79385]},"properties":{"cat":"community","name":"Ringwood North Maternal & Child Health Centre"}},{"type":"Feature","geometry":{"type":"Point","coordinates":[145.06959,-37.67463]},"properties":{"cat":"worship","name":"St Petka's Macedonian Orthodox Church"}},{"type":"Feature","geometry":{"type":"Point","coordinates":[145.0179,-37.81924]},"properties":{"cat":"worship","name":""}},{"type":"Feature","geometry":{"type":"Point","coordinates":[144.70252,-37.74175]},"properties":{"cat":"worship","name":"Paramitha Buddhist Viharaya"}},{"type":"Feature","geometry":{"type":"Point","coordinates":[144.70464,-37.73571]},"properties":{"cat":"worship","name":"Kundrathu Kumaran Temple"}},{"type":"Feature","geometry":{"type":"Point","coordinates":[145.23261,-37.93824]},"properties":{"cat":"community","name":"Polish House Syrena"}},{"type":"Feature","geometry":{"type":"Point","coordinates":[145.31538,-37.78491]},"properties":{"cat":"supermarket","name":"Coles"}},{"type":"Feature","geometry":{"type":"Point","coordinates":[145.25401,-37.9068]},"properties":{"cat":"community","name":""}},{"type":"Feature","geometry":{"type":"Point","coordinates":[145.12669,-38.37305]},"properties":{"cat":"worship","name":"St. Marks Anglican"}},{"type":"Feature","geometry":{"type":"Point","coordinates":[145.17567,-37.86563]},"properties":{"cat":"library","name":""}},{"type":"Feature","geometry":{"type":"Point","coordinates":[145.00105,-37.75776]},"properties":{"cat":"worship","name":"The Salvation Army"}},{"type":"Feature","geometry":{"type":"Point","coordinates":[145.0914,-37.86511]},"properties":{"cat":"worship","name":"Ashburton Presbyterian Church"}},{"type":"Feature","geometry":{"type":"Point","coordinates":[145.07488,-37.6604]},"properties":{"cat":"library","name":"Mill Park Library"}},{"type":"Feature","geometry":{"type":"Point","coordinates":[144.82038,-37.7093]},"properties":{"cat":"community","name":"Overnewton Gatehouse Hall"}},{"type":"Feature","geometry":{"type":"Point","coordinates":[145.08218,-37.71179]},"properties":{"cat":"shopping","name":""}},{"type":"Feature","geometry":{"type":"Point","coordinates":[145.0823,-37.71102]},"properties":{"cat":"shopping","name":""}},{"type":"Feature","geometry":{"type":"Point","coordinates":[145.08259,-37.70943]},"properties":{"cat":"shopping","name":""}},{"type":"Feature","geometry":{"type":"Point","coordinates":[145.08277,-37.7086]},"properties":{"cat":"shopping","name":""}},{"type":"Feature","geometry":{"type":"Point","coordinates":[145.08197,-37.71328]},"properties":{"cat":"shopping","name":""}},{"type":"Feature","geometry":{"type":"Point","coordinates":[145.08174,-37.71372]},"properties":{"cat":"shopping","name":""}},{"type":"Feature","geometry":{"type":"Point","coordinates":[145.06783,-37.63735]},"properties":{"cat":"shopping","name":""}},{"type":"Feature","geometry":{"type":"Point","coordinates":[145.06804,-37.63711]},"properties":{"cat":"shopping","name":""}},{"type":"Feature","geometry":{"type":"Point","coordinates":[145.08821,-37.65159]},"properties":{"cat":"community","name":"Mill Park ATSS"}},{"type":"Feature","geometry":{"type":"Point","coordinates":[145.08173,-37.71252]},"properties":{"cat":"shopping","name":""}},{"type":"Feature","geometry":{"type":"Point","coordinates":[144.80559,-37.72679]},"properties":{"cat":"community","name":"Keilor Downs Hall"}},{"type":"Feature","geometry":{"type":"Point","coordinates":[145.25167,-37.81213]},"properties":{"cat":"supermarket","name":"IGA"}},{"type":"Feature","geometry":{"type":"Point","coordinates":[144.8177,-37.78945]},"properties":{"cat":"worship","name":"Greek Orthodoch Church of St Andrew Hall"}},{"type":"Feature","geometry":{"type":"Point","coordinates":[145.16838,-38.23309]},"properties":{"cat":"worship","name":""}},{"type":"Feature","geometry":{"type":"Point","coordinates":[145.24929,-37.81324]},"properties":{"cat":"community","name":"Ringwood East Senior Citizens Centre"}},{"type":"Feature","geometry":{"type":"Point","coordinates":[145.24997,-37.81255]},"properties":{"cat":"supermarket","name":"Chinland Asian Grocery"}},{"type":"Feature","geometry":{"type":"Point","coordinates":[144.90073,-38.35732]},"properties":{"cat":"worship","name":"All Saints Anglican Church"}},{"type":"Feature","geometry":{"type":"Point","coordinates":[145.27017,-37.81184]},"properties":{"cat":"supermarket","name":"Golden Triangle Asian Grocery"}},{"type":"Feature","geometry":{"type":"Point","coordinates":[145.27012,-37.81191]},"properties":{"cat":"supermarket","name":"Eastfield Natural Foods"}},{"type":"Feature","geometry":{"type":"Point","coordinates":[144.94181,-37.793]},"properties":{"cat":"community","name":"Jean McKendry Neighbourhood Centre"}},{"type":"Feature","geometry":{"type":"Point","coordinates":[144.8986,-37.80303]},"properties":{"cat":"worship","name":"Jesus is the Way Christian Church"}},{"type":"Feature","geometry":{"type":"Point","coordinates":[145.15831,-37.6719]},"properties":{"cat":"worship","name":"Sacred Heart Catholic Church"}},{"type":"Feature","geometry":{"type":"Point","coordinates":[145.24851,-37.81161]},"properties":{"cat":"community","name":"Mullum Mullum Indigenous Gathering Place"}},{"type":"Feature","geometry":{"type":"Point","coordinates":[145.1693,-37.82446]},"properties":{"cat":"worship","name":"Nunawading Seventh-day Adventist Church"}},{"type":"Feature","geometry":{"type":"Point","coordinates":[145.14097,-37.61258]},"properties":{"cat":"worship","name":"Valley Presbyterian Church"}},{"type":"Feature","geometry":{"type":"Point","coordinates":[145.31434,-37.78495]},"properties":{"cat":"supermarket","name":"Lai Grocery"}},{"type":"Feature","geometry":{"type":"Point","coordinates":[145.17806,-38.10317]},"properties":{"cat":"library","name":"St Joachim's School Library"}},{"type":"Feature","geometry":{"type":"Point","coordinates":[144.90449,-38.357]},"properties":{"cat":"shopping","name":""}},{"type":"Feature","geometry":{"type":"Point","coordinates":[145.12262,-37.67032]},"properties":{"cat":"community","name":"Plenty Community Hall"}},{"type":"Feature","geometry":{"type":"Point","coordinates":[145.03875,-37.91059]},"properties":{"cat":"community","name":"1st McKinnon Scout Group"}},{"type":"Feature","geometry":{"type":"Point","coordinates":[144.6668,-37.85565]},"properties":{"cat":"worship","name":""}},{"type":"Feature","geometry":{"type":"Point","coordinates":[145.15512,-37.66252]},"properties":{"cat":"worship","name":"Plymouth Brethren Christian Church"}},{"type":"Feature","geometry":{"type":"Point","coordinates":[145.14925,-37.83958]},"properties":{"cat":"community","name":"Aurora School Community Learning Room"}},{"type":"Feature","geometry":{"type":"Point","coordinates":[145.14409,-37.683]},"properties":{"cat":"worship","name":"Plymouth Brethren Christian Church"}},{"type":"Feature","geometry":{"type":"Point","coordinates":[145.28985,-38.14971]},"properties":{"cat":"shopping","name":"Botanic Ridge Village"}},{"type":"Feature","geometry":{"type":"Point","coordinates":[145.09989,-37.60243]},"properties":{"cat":"shopping","name":"Mernda Town Centre"}},{"type":"Feature","geometry":{"type":"Point","coordinates":[144.77177,-37.91136]},"properties":{"cat":"shopping","name":"Tribeca Village"}},{"type":"Feature","geometry":{"type":"Point","coordinates":[144.88107,-37.84005]},"properties":{"cat":"worship","name":"Sacred Heart Catholic Church"}},{"type":"Feature","geometry":{"type":"Point","coordinates":[145.3105,-37.78429]},"properties":{"cat":"supermarket","name":"Win Grocery"}},{"type":"Feature","geometry":{"type":"Point","coordinates":[145.31126,-37.78568]},"properties":{"cat":"supermarket","name":"KKJ Grocery"}},{"type":"Feature","geometry":{"type":"Point","coordinates":[145.31123,-37.78586]},"properties":{"cat":"supermarket","name":"Masala Pantry"}},{"type":"Feature","geometry":{"type":"Point","coordinates":[144.96393,-37.74312]},"properties":{"cat":"worship","name":"The Presentation of our Lord"}},{"type":"Feature","geometry":{"type":"Point","coordinates":[145.03267,-37.78234]},"properties":{"cat":"community","name":"1st Alphington Scout Group"}},{"type":"Feature","geometry":{"type":"Point","coordinates":[145.07474,-37.95973]},"properties":{"cat":"worship","name":"Bayside Church"}},{"type":"Feature","geometry":{"type":"Point","coordinates":[145.09723,-37.82416]},"properties":{"cat":"supermarket","name":"Coles Local"}},{"type":"Feature","geometry":{"type":"Point","coordinates":[144.75225,-37.72287]},"properties":{"cat":"community","name":"Taylors Hill Children's & Community Centre"}},{"type":"Feature","geometry":{"type":"Point","coordinates":[145.12154,-37.81733]},"properties":{"cat":"worship","name":"St Andrew\u2019s & Hanbit Uniting Church"}},{"type":"Feature","geometry":{"type":"Point","coordinates":[144.69,-37.89067]},"properties":{"cat":"university","name":"Werribee Campus Holding Paddocks"}},{"type":"Feature","geometry":{"type":"Point","coordinates":[144.69298,-37.89133]},"properties":{"cat":"university","name":"Werribee Campus Holding Paddocks"}},{"type":"Feature","geometry":{"type":"Point","coordinates":[145.30916,-37.80279]},"properties":{"cat":"supermarket","name":"NQR"}},{"type":"Feature","geometry":{"type":"Point","coordinates":[144.96865,-37.82476]},"properties":{"cat":"university","name":"The University of Melbourne, Southbank Campus"}},{"type":"Feature","geometry":{"type":"Point","coordinates":[145.20621,-37.81704]},"properties":{"cat":"worship","name":"Wat Lao"}},{"type":"Feature","geometry":{"type":"Point","coordinates":[144.88022,-37.8279]},"properties":{"cat":"community","name":"Spotswood-Kingsville RSL"}},{"type":"Feature","geometry":{"type":"Point","coordinates":[145.14651,-37.81715]},"properties":{"cat":"worship","name":"The Church of Jesus Christ of Latter-day Saints"}},{"type":"Feature","geometry":{"type":"Point","coordinates":[145.15184,-37.80995]},"properties":{"cat":"worship","name":"St Alfred's Anglican Church"}},{"type":"Feature","geometry":{"type":"Point","coordinates":[145.48954,-38.08353]},"properties":{"cat":"worship","name":"Salvation Army Pakenham"}},{"type":"Feature","geometry":{"type":"Point","coordinates":[145.15605,-37.8156]},"properties":{"cat":"worship","name":"One Community Church"}},{"type":"Feature","geometry":{"type":"Point","coordinates":[144.74534,-37.43357]},"properties":{"cat":"worship","name":""}},{"type":"Feature","geometry":{"type":"Point","coordinates":[145.23303,-37.84775]},"properties":{"cat":"supermarket","name":"Ritchies"}},{"type":"Feature","geometry":{"type":"Point","coordinates":[145.14969,-37.71488]},"properties":{"cat":"shopping","name":"Eltham Town Mall"}},{"type":"Feature","geometry":{"type":"Point","coordinates":[144.99658,-37.85893]},"properties":{"cat":"worship","name":"St Mary's Church East St Kilda"}},{"type":"Feature","geometry":{"type":"Point","coordinates":[145.27655,-37.91146]},"properties":{"cat":"worship","name":"Rowville Seventh-Day Adventist Church"}},{"type":"Feature","geometry":{"type":"Point","coordinates":[145.23187,-37.89838]},"properties":{"cat":"supermarket","name":"Woolworths"}},{"type":"Feature","geometry":{"type":"Point","coordinates":[145.0126,-37.68286]},"properties":{"cat":"community","name":"Spring Stret Community Hall"}},{"type":"Feature","geometry":{"type":"Point","coordinates":[145.0023,-37.81819]},"properties":{"cat":"worship","name":"Neuma Church"}},{"type":"Feature","geometry":{"type":"Point","coordinates":[144.77806,-37.7473]},"properties":{"cat":"worship","name":"Deer Park Mosque"}},{"type":"Feature","geometry":{"type":"Point","coordinates":[145.08329,-37.83479]},"properties":{"cat":"worship","name":"St Dominic's Church"}},{"type":"Feature","geometry":{"type":"Point","coordinates":[145.23786,-37.89696]},"properties":{"cat":"community","name":"Rosa Benedikt Communuity Centre"}},{"type":"Feature","geometry":{"type":"Point","coordinates":[145.11892,-38.14725]},"properties":{"cat":"worship","name":"St Pauls Anglican Church"}},{"type":"Feature","geometry":{"type":"Point","coordinates":[145.47576,-37.88813]},"properties":{"cat":"community","name":"Macclesfield Hall"}},{"type":"Feature","geometry":{"type":"Point","coordinates":[144.98249,-37.80047]},"properties":{"cat":"community","name":"Russian House"}},{"type":"Feature","geometry":{"type":"Point","coordinates":[144.98234,-37.80041]},"properties":{"cat":"library","name":"Russian House Library"}},{"type":"Feature","geometry":{"type":"Point","coordinates":[145.05243,-37.81138]},"properties":{"cat":"worship","name":"St Hilary's Anglican Church"}},{"type":"Feature","geometry":{"type":"Point","coordinates":[145.19988,-37.63638]},"properties":{"cat":"worship","name":"Hurstbridge Uniting Church"}},{"type":"Feature","geometry":{"type":"Point","coordinates":[145.38158,-38.21423]},"properties":{"cat":"supermarket","name":"IGA"}},{"type":"Feature","geometry":{"type":"Point","coordinates":[145.2022,-37.63399]},"properties":{"cat":"worship","name":"St Peter's Catholic Church"}},{"type":"Feature","geometry":{"type":"Point","coordinates":[145.15829,-37.78947]},"properties":{"cat":"supermarket","name":"Woolworths"}},{"type":"Feature","geometry":{"type":"Point","coordinates":[145.24974,-37.8943]},"properties":{"cat":"supermarket","name":"IGA Knoxfield Plus Liquor"}},{"type":"Feature","geometry":{"type":"Point","coordinates":[145.2537,-37.89788]},"properties":{"cat":"worship","name":"The Promise Church"}},{"type":"Feature","geometry":{"type":"Point","coordinates":[144.96054,-37.53474]},"properties":{"cat":"supermarket","name":"Woolworths"}},{"type":"Feature","geometry":{"type":"Point","coordinates":[144.96131,-37.53478]},"properties":{"cat":"shopping","name":"Kallo Town Centre"}},{"type":"Feature","geometry":{"type":"Point","coordinates":[144.83646,-37.75619]},"properties":{"cat":"worship","name":"Melbourne Murugan Temple"}},{"type":"Feature","geometry":{"type":"Point","coordinates":[144.81548,-37.76189]},"properties":{"cat":"hospital","name":"Sunshine Private Hospital"}},{"type":"Feature","geometry":{"type":"Point","coordinates":[145.32882,-37.90345]},"properties":{"cat":"worship","name":"Churh of the Holy Spirit"}},{"type":"Feature","geometry":{"type":"Point","coordinates":[144.70052,-37.84755]},"properties":{"cat":"library","name":""}},{"type":"Feature","geometry":{"type":"Point","coordinates":[145.25581,-37.9024]},"properties":{"cat":"community","name":""}},{"type":"Feature","geometry":{"type":"Point","coordinates":[145.21974,-37.89754]},"properties":{"cat":"worship","name":"Melbourne Asian Seventh-day Adventist Church"}},{"type":"Feature","geometry":{"type":"Point","coordinates":[144.95673,-37.71766]},"properties":{"cat":"worship","name":"Muslim chapel"}},{"type":"Feature","geometry":{"type":"Point","coordinates":[144.82696,-37.75906]},"properties":{"cat":"community","name":"Saint Bernadette's Community Centre"}},{"type":"Feature","geometry":{"type":"Point","coordinates":[145.34704,-38.0659]},"properties":{"cat":"community","name":"Bridgewater Family and Community Centre"}},{"type":"Feature","geometry":{"type":"Point","coordinates":[144.96466,-37.77296]},"properties":{"cat":"community","name":"Brunswick Neighbourhood House"}},{"type":"Feature","geometry":{"type":"Point","coordinates":[144.59173,-37.48871]},"properties":{"cat":"supermarket","name":"Aldi"}},{"type":"Feature","geometry":{"type":"Point","coordinates":[145.09101,-37.85074]},"properties":{"cat":"worship","name":"St Faith's Anglican Church"}},{"type":"Feature","geometry":{"type":"Point","coordinates":[145.33138,-38.12196]},"properties":{"cat":"community","name":""}},{"type":"Feature","geometry":{"type":"Point","coordinates":[145.03806,-38.21612]},"properties":{"cat":"worship","name":"St. Macartan's Catholic Church"}},{"type":"Feature","geometry":{"type":"Point","coordinates":[144.80507,-37.75213]},"properties":{"cat":"community","name":"Slovenian Australian Social and Sport Association"}},{"type":"Feature","geometry":{"type":"Point","coordinates":[145.15252,-37.80946]},"properties":{"cat":"community","name":"Blackburn North Neighbourhood House"}},{"type":"Feature","geometry":{"type":"Point","coordinates":[145.12793,-37.80619]},"properties":{"cat":"community","name":"Kerrimuir Neighbourhood House"}},{"type":"Feature","geometry":{"type":"Point","coordinates":[145.1323,-37.81627]},"properties":{"cat":"community","name":"Clota Cottage Neighbourhood House"}},{"type":"Feature","geometry":{"type":"Point","coordinates":[144.99759,-37.8098]},"properties":{"cat":"worship","name":"Saint Matthias Anglican Church"}},{"type":"Feature","geometry":{"type":"Point","coordinates":[145.06247,-37.81115]},"properties":{"cat":"worship","name":"Our Lady Of Good Counsel"}},{"type":"Feature","geometry":{"type":"Point","coordinates":[144.77892,-37.77136]},"properties":{"cat":"community","name":"Hunt Club Community and Arts Centre"}},{"type":"Feature","geometry":{"type":"Point","coordinates":[144.81905,-37.7766]},"properties":{"cat":"community","name":"North Cyprus Turkish Community Centre of Victoria"}},{"type":"Feature","geometry":{"type":"Point","coordinates":[145.06301,-37.67785]},"properties":{"cat":"community","name":"Mill Park Community House"}},{"type":"Feature","geometry":{"type":"Point","coordinates":[144.8376,-37.78683]},"properties":{"cat":"community","name":"Sunshine Returned and Services League"}},{"type":"Feature","geometry":{"type":"Point","coordinates":[145.00725,-37.82325]},"properties":{"cat":"worship","name":"St Bartholomew's Anglican Church"}},{"type":"Feature","geometry":{"type":"Point","coordinates":[144.95163,-37.73218]},"properties":{"cat":"supermarket","name":"Sacca's Fine Foods"}},{"type":"Feature","geometry":{"type":"Point","coordinates":[145.21503,-37.69224]},"properties":{"cat":"worship","name":"Kangaroo Ground Presbyterian Church"}},{"type":"Feature","geometry":{"type":"Point","coordinates":[144.98749,-37.84575]},"properties":{"cat":"library","name":"Braille and Talking Book Library"}},{"type":"Feature","geometry":{"type":"Point","coordinates":[144.88945,-37.81379]},"properties":{"cat":"worship","name":"St Augustine"}},{"type":"Feature","geometry":{"type":"Point","coordinates":[145.28444,-38.03536]},"properties":{"cat":"worship","name":"His Grace Worship Centre"}},{"type":"Feature","geometry":{"type":"Point","coordinates":[144.79694,-37.73733]},"properties":{"cat":"worship","name":"Lutheran Church"}},{"type":"Feature","geometry":{"type":"Point","coordinates":[144.89241,-37.80483]},"properties":{"cat":"worship","name":"St. Prophet Ilija"}},{"type":"Feature","geometry":{"type":"Point","coordinates":[145.17527,-38.01532]},"properties":{"cat":"library","name":"Bhai Vir Singh Library"}},{"type":"Feature","geometry":{"type":"Point","coordinates":[145.34746,-38.03241]},"properties":{"cat":"community","name":"Berwick Neighbourhood Centre"}},{"type":"Feature","geometry":{"type":"Point","coordinates":[145.347,-38.03242]},"properties":{"cat":"community","name":"Berwick Orchid Club Inc."}},{"type":"Feature","geometry":{"type":"Point","coordinates":[145.7094,-37.42202]},"properties":{"cat":"community","name":"Buxton Memorial Hall"}},{"type":"Feature","geometry":{"type":"Point","coordinates":[145.04324,-37.91957]},"properties":{"cat":"community","name":"Bentleigh Senior Citizens Centre"}},{"type":"Feature","geometry":{"type":"Point","coordinates":[145.30733,-37.89178]},"properties":{"cat":"worship","name":"Ferntree Gully Seventh Day Adventist Church"}},{"type":"Feature","geometry":{"type":"Point","coordinates":[144.95938,-37.68812]},"properties":{"cat":"shopping","name":"Campbellfield Plaza"}},{"type":"Feature","geometry":{"type":"Point","coordinates":[144.97159,-37.78946]},"properties":{"cat":"library","name":"Carlton Library"}},{"type":"Feature","geometry":{"type":"Point","coordinates":[145.21119,-37.93988]},"properties":{"cat":"worship","name":"Dandenong Christian Reformed Church"}},{"type":"Feature","geometry":{"type":"Point","coordinates":[145.21252,-37.95433]},"properties":{"cat":"supermarket","name":"Foodworks"}},{"type":"Feature","geometry":{"type":"Point","coordinates":[144.96512,-37.75144]},"properties":{"cat":"community","name":"Catalyst Social Centre"}},{"type":"Feature","geometry":{"type":"Point","coordinates":[145.19791,-37.96653]},"properties":{"cat":"worship","name":"Chilean Evangelical Pentecostal Church"}},{"type":"Feature","geometry":{"type":"Point","coordinates":[145.2061,-37.96582]},"properties":{"cat":"worship","name":"The Church of Jesus Christ of Latter-day Saints"}},{"type":"Feature","geometry":{"type":"Point","coordinates":[145.24729,-37.82786]},"properties":{"cat":"supermarket","name":"IGA"}},{"type":"Feature","geometry":{"type":"Point","coordinates":[145.24723,-37.82792]},"properties":{"cat":"supermarket","name":"IGA Liquor"}},{"type":"Feature","geometry":{"type":"Point","coordinates":[144.82806,-37.74059]},"properties":{"cat":"worship","name":"Living Hope International Christian Church"}},{"type":"Feature","geometry":{"type":"Point","coordinates":[144.90791,-37.52815]},"properties":{"cat":"community","name":"Mickleham North Community Centre"}},{"type":"Feature","geometry":{"type":"Point","coordinates":[144.52703,-38.26665]},"properties":{"cat":"worship","name":"Ocean Grove Uniting Church"}},{"type":"Feature","geometry":{"type":"Point","coordinates":[145.2094,-37.96564]},"properties":{"cat":"community","name":"Menzies Hall"}},{"type":"Feature","geometry":{"type":"Point","coordinates":[145.57021,-38.08301]},"properties":{"cat":"worship","name":"St John's Anglican Church"}},{"type":"Feature","geometry":{"type":"Point","coordinates":[145.22863,-37.88096]},"properties":{"cat":"community","name":"Knox Gardens Community Hall"}},{"type":"Feature","geometry":{"type":"Point","coordinates":[145.22124,-37.8772]},"properties":{"cat":"supermarket","name":"Prime Sun Asian Groceries"}},{"type":"Feature","geometry":{"type":"Point","coordinates":[145.22198,-37.87724]},"properties":{"cat":"supermarket","name":"Foodworks"}},{"type":"Feature","geometry":{"type":"Point","coordinates":[145.23534,-37.83327]},"properties":{"cat":"worship","name":"Heathmont Presbyterian Church"}},{"type":"Feature","geometry":{"type":"Point","coordinates":[144.89908,-37.5734]},"properties":{"cat":"shopping","name":"Craigieburn Village"}},{"type":"Feature","geometry":{"type":"Point","coordinates":[144.68292,-37.87329]},"properties":{"cat":"worship","name":""}},{"type":"Feature","geometry":{"type":"Point","coordinates":[144.64124,-37.89749]},"properties":{"cat":"worship","name":"Plymouth Brethren Christian Church"}},{"type":"Feature","geometry":{"type":"Point","coordinates":[144.81441,-37.8624]},"properties":{"cat":"worship","name":"Iglesia Ni Cristo"}},{"type":"Feature","geometry":{"type":"Point","coordinates":[144.95911,-37.71818]},"properties":{"cat":"worship","name":"Jewish Chapel"}},{"type":"Feature","geometry":{"type":"Point","coordinates":[144.96139,-37.83307]},"properties":{"cat":"worship","name":""}},{"type":"Feature","geometry":{"type":"Point","coordinates":[144.93315,-37.64492]},"properties":{"cat":"worship","name":"Samoan Presbyterian Church"}},{"type":"Feature","geometry":{"type":"Point","coordinates":[144.87346,-37.80944]},"properties":{"cat":"worship","name":"Kingsville Zotung Baptist Church"}},{"type":"Feature","geometry":{"type":"Point","coordinates":[144.99694,-37.92503]},"properties":{"cat":"worship","name":"The Anglican Church of Saint Peter in Brighton Beach"}},{"type":"Feature","geometry":{"type":"Point","coordinates":[144.89356,-37.80988]},"properties":{"cat":"community","name":"Adventist Community Centre Seddon"}},{"type":"Feature","geometry":{"type":"Point","coordinates":[144.89348,-37.80935]},"properties":{"cat":"worship","name":""}},{"type":"Feature","geometry":{"type":"Point","coordinates":[144.72081,-37.8192]},"properties":{"cat":"community","name":""}},{"type":"Feature","geometry":{"type":"Point","coordinates":[144.92399,-37.70382]},"properties":{"cat":"worship","name":"St Matthew's and St Linus"}},{"type":"Feature","geometry":{"type":"Point","coordinates":[144.5453,-37.70286]},"properties":{"cat":"community","name":"Botanica Springs Children's and Community Centre"}},{"type":"Feature","geometry":{"type":"Point","coordinates":[144.54507,-37.70291]},"properties":{"cat":"community","name":""}},{"type":"Feature","geometry":{"type":"Point","coordinates":[144.89834,-37.80381]},"properties":{"cat":"community","name":"Hotshots Footscray"}},{"type":"Feature","geometry":{"type":"Point","coordinates":[145.04192,-38.22344]},"properties":{"cat":"hospital","name":"The Bays Hospital"}},{"type":"Feature","geometry":{"type":"Point","coordinates":[145.14535,-37.88451]},"properties":{"cat":"hospital","name":"Waverley Private Hospital"}},{"type":"Feature","geometry":{"type":"Point","coordinates":[145.00885,-37.85424]},"properties":{"cat":"hospital","name":"Cabrini Prahran"}},{"type":"Feature","geometry":{"type":"Point","coordinates":[145.01287,-37.65391]},"properties":{"cat":"hospital","name":"Northern Private Hospital"}},{"type":"Feature","geometry":{"type":"Point","coordinates":[144.90937,-37.7713]},"properties":{"cat":"hospital","name":"North West Day Hospital"}},{"type":"Feature","geometry":{"type":"Point","coordinates":[144.9763,-37.80902]},"properties":{"cat":"hospital","name":"The Royal Victorian Eye & Ear Hospital"}},{"type":"Feature","geometry":{"type":"Point","coordinates":[144.98227,-37.80945]},"properties":{"cat":"hospital","name":"Epworth Freemasons"}},{"type":"Feature","geometry":{"type":"Point","coordinates":[144.98419,-37.81106]},"properties":{"cat":"hospital","name":"Epworth Freemasons Albert Street"}},{"type":"Feature","geometry":{"type":"Point","coordinates":[145.27255,-37.88234]},"properties":{"cat":"supermarket","name":"Wholefood Merchants"}},{"type":"Feature","geometry":{"type":"Point","coordinates":[145.2728,-37.88296]},"properties":{"cat":"supermarket","name":"Wholefood Merchants"}},{"type":"Feature","geometry":{"type":"Point","coordinates":[144.97739,-37.8115]},"properties":{"cat":"hospital","name":"Eye and Ear on the Park"}},{"type":"Feature","geometry":{"type":"Point","coordinates":[145.1905,-37.81931]},"properties":{"cat":"worship","name":"Mitcham Baptist Church"}},{"type":"Feature","geometry":{"type":"Point","coordinates":[144.99435,-37.81106]},"properties":{"cat":"worship","name":"Ch\u00f9a Ph\u01b0\u1edbc T\u01b0\u1eddng"}},{"type":"Feature","geometry":{"type":"Point","coordinates":[145.34475,-38.03435]},"properties":{"cat":"hospital","name":"St John of God Langmore Centre"}},{"type":"Feature","geometry":{"type":"Point","coordinates":[144.9553,-37.79888]},"properties":{"cat":"hospital","name":"Frances Perry House"}},{"type":"Feature","geometry":{"type":"Point","coordinates":[145.12021,-37.9209]},"properties":{"cat":"hospital","name":"Monash House Private Hospital"}},{"type":"Feature","geometry":{"type":"Point","coordinates":[144.93955,-37.78864]},"properties":{"cat":"hospital","name":"North Melbourne Renal Care Centre"}},{"type":"Feature","geometry":{"type":"Point","coordinates":[144.93393,-37.61079]},"properties":{"cat":"community","name":"Craigieburn Community Services Hub"}},{"type":"Feature","geometry":{"type":"Point","coordinates":[144.93396,-37.61083]},"properties":{"cat":"community","name":""}},{"type":"Feature","geometry":{"type":"Point","coordinates":[144.93335,-37.61041]},"properties":{"cat":"supermarket","name":"Foodworks"}},{"type":"Feature","geometry":{"type":"Point","coordinates":[145.13388,-38.14303]},"properties":{"cat":"hospital","name":"Adult Prevention and Recovery Care (APARC)"}},{"type":"Feature","geometry":{"type":"Point","coordinates":[145.35131,-37.75648]},"properties":{"cat":"hospital","name":"Yarra Ranges Health"}},{"type":"Feature","geometry":{"type":"Point","coordinates":[145.1185,-38.05568]},"properties":{"cat":"worship","name":""}},{"type":"Feature","geometry":{"type":"Point","coordinates":[144.94917,-37.62151]},"properties":{"cat":"community","name":"Serenity Community Centre"}},{"type":"Feature","geometry":{"type":"Point","coordinates":[145.10276,-37.59293]},"properties":{"cat":"worship","name":"Mernda Uniting Church"}},{"type":"Feature","geometry":{"type":"Point","coordinates":[145.21607,-37.97474]},"properties":{"cat":"worship","name":"Emir Sultan Mosque"}},{"type":"Feature","geometry":{"type":"Point","coordinates":[145.45052,-38.07931]},"properties":{"cat":"supermarket","name":"Foodworks"}},{"type":"Feature","geometry":{"type":"Point","coordinates":[145.22981,-37.87657]},"properties":{"cat":"worship","name":"Wantirna Church of the Nazarene"}},{"type":"Feature","geometry":{"type":"Point","coordinates":[145.2298,-37.87644]},"properties":{"cat":"worship","name":""}},{"type":"Feature","geometry":{"type":"Point","coordinates":[145.13743,-38.17839]},"properties":{"cat":"worship","name":""}},{"type":"Feature","geometry":{"type":"Point","coordinates":[145.06774,-38.26522]},"properties":{"cat":"worship","name":""}},{"type":"Feature","geometry":{"type":"Point","coordinates":[145.07577,-37.72323]},"properties":{"cat":"worship","name":"Rosanna Christian Church"}},{"type":"Feature","geometry":{"type":"Point","coordinates":[145.09002,-37.79011]},"properties":{"cat":"worship","name":"Balwyn Korean Presbyterian Church"}},{"type":"Feature","geometry":{"type":"Point","coordinates":[144.92358,-37.70795]},"properties":{"cat":"community","name":"Glenroy Community Hub"}},{"type":"Feature","geometry":{"type":"Point","coordinates":[145.22347,-37.97739]},"properties":{"cat":"worship","name":"Dandenong Church of Christ"}},{"type":"Feature","geometry":{"type":"Point","coordinates":[145.42974,-37.78138]},"properties":{"cat":"worship","name":"Wandin Baptist Church"}},{"type":"Feature","geometry":{"type":"Point","coordinates":[144.94769,-37.72326]},"properties":{"cat":"hospital","name":""}},{"type":"Feature","geometry":{"type":"Point","coordinates":[144.92023,-37.71585]},"properties":{"cat":"community","name":""}},{"type":"Feature","geometry":{"type":"Point","coordinates":[144.72205,-37.85267]},"properties":{"cat":"worship","name":""}},{"type":"Feature","geometry":{"type":"Point","coordinates":[144.66975,-37.8476]},"properties":{"cat":"worship","name":"Jeeyar Educational Trust Ashram"}},{"type":"Feature","geometry":{"type":"Point","coordinates":[144.68179,-37.84817]},"properties":{"cat":"worship","name":"Mahamevnawa Buddhist Meditation Centre"}},{"type":"Feature","geometry":{"type":"Point","coordinates":[144.65811,-37.81611]},"properties":{"cat":"worship","name":"Gurudwara Sahib Tarneit"}},{"type":"Feature","geometry":{"type":"Point","coordinates":[144.64027,-37.81443]},"properties":{"cat":"worship","name":"Hararian Organization Inc. Mosque"}},{"type":"Feature","geometry":{"type":"Point","coordinates":[144.64274,-37.79198]},"properties":{"cat":"worship","name":"Oromo Resource Centre"}},{"type":"Feature","geometry":{"type":"Point","coordinates":[144.7057,-37.73873]},"properties":{"cat":"worship","name":"Melbourne Chin Church"}},{"type":"Feature","geometry":{"type":"Point","coordinates":[144.70007,-37.72848]},"properties":{"cat":"worship","name":"Gurduara Miri Piri Sahib"}},{"type":"Feature","geometry":{"type":"Point","coordinates":[144.56528,-37.70561]},"properties":{"cat":"worship","name":"Al Imam College Musallah"}},{"type":"Feature","geometry":{"type":"Point","coordinates":[145.1012,-37.71128]},"properties":{"cat":"community","name":"Grace Park Community Hall"}},{"type":"Feature","geometry":{"type":"Point","coordinates":[145.31318,-37.89812]},"properties":{"cat":"hospital","name":""}},{"type":"Feature","geometry":{"type":"Point","coordinates":[145.31237,-37.89871]},"properties":{"cat":"hospital","name":""}},{"type":"Feature","geometry":{"type":"Point","coordinates":[144.65203,-37.83506]},"properties":{"cat":"supermarket","name":"Aldi"}},{"type":"Feature","geometry":{"type":"Point","coordinates":[144.86431,-37.78265]},"properties":{"cat":"supermarket","name":"KFL Supermarkets"}},{"type":"Feature","geometry":{"type":"Point","coordinates":[145.13869,-37.87144]},"properties":{"cat":"worship","name":"High Street Road Uniting Church"}},{"type":"Feature","geometry":{"type":"Point","coordinates":[145.35067,-38.077]},"properties":{"cat":"shopping","name":""}},{"type":"Feature","geometry":{"type":"Point","coordinates":[145.18266,-37.85469]},"properties":{"cat":"supermarket","name":"Coles"}},{"type":"Feature","geometry":{"type":"Point","coordinates":[145.18227,-37.85554]},"properties":{"cat":"supermarket","name":"Aldi"}},{"type":"Feature","geometry":{"type":"Point","coordinates":[145.53249,-37.77834]},"properties":{"cat":"worship","name":"Woori Yallock Presbyterian Church"}},{"type":"Feature","geometry":{"type":"Point","coordinates":[144.88938,-37.85245]},"properties":{"cat":"worship","name":"St Stephens"}},{"type":"Feature","geometry":{"type":"Point","coordinates":[145.06156,-37.80928]},"properties":{"cat":"worship","name":"Deepdene Uniting Church Hall"}},{"type":"Feature","geometry":{"type":"Point","coordinates":[145.30269,-37.89535]},"properties":{"cat":"community","name":""}},{"type":"Feature","geometry":{"type":"Point","coordinates":[145.3031,-37.89538]},"properties":{"cat":"community","name":""}},{"type":"Feature","geometry":{"type":"Point","coordinates":[145.30107,-37.89256]},"properties":{"cat":"worship","name":"Prayer Centre"}},{"type":"Feature","geometry":{"type":"Point","coordinates":[145.30747,-37.89447]},"properties":{"cat":"worship","name":"St Thomas Anglican Church"}},{"type":"Feature","geometry":{"type":"Point","coordinates":[144.99937,-37.77957]},"properties":{"cat":"community","name":"Jika Jika Community Centre"}},{"type":"Feature","geometry":{"type":"Point","coordinates":[144.99934,-37.77956]},"properties":{"cat":"community","name":""}},{"type":"Feature","geometry":{"type":"Point","coordinates":[145.19256,-37.95417]},"properties":{"cat":"community","name":"Jan Wilson Community Centre"}},{"type":"Feature","geometry":{"type":"Point","coordinates":[144.72104,-37.82012]},"properties":{"cat":"shopping","name":"Truganina Central Shopping Centre"}},{"type":"Feature","geometry":{"type":"Point","coordinates":[145.21066,-37.97491]},"properties":{"cat":"worship","name":"Dandenong Baptist Church"}},{"type":"Feature","geometry":{"type":"Point","coordinates":[145.31377,-37.78567]},"properties":{"cat":"supermarket","name":"ZoZam"}},{"type":"Feature","geometry":{"type":"Point","coordinates":[144.83811,-37.77589]},"properties":{"cat":"community","name":""}},{"type":"Feature","geometry":{"type":"Point","coordinates":[145.00433,-37.81785]},"properties":{"cat":"worship","name":"H\u1ed9i Th\u00e1nh Tin L\u00e0nh Richmond"}},{"type":"Feature","geometry":{"type":"Point","coordinates":[144.76926,-37.76842]},"properties":{"cat":"worship","name":""}},{"type":"Feature","geometry":{"type":"Point","coordinates":[145.31341,-37.75684]},"properties":{"cat":"supermarket","name":"Coles"}},{"type":"Feature","geometry":{"type":"Point","coordinates":[145.31371,-37.75774]},"properties":{"cat":"supermarket","name":"Woolworths"}},{"type":"Feature","geometry":{"type":"Point","coordinates":[144.59583,-37.89744]},"properties":{"cat":"community","name":"Club Mambourin"}},{"type":"Feature","geometry":{"type":"Point","coordinates":[144.59568,-37.89751]},"properties":{"cat":"community","name":""}},{"type":"Feature","geometry":{"type":"Point","coordinates":[144.95747,-37.52123]},"properties":{"cat":"community","name":"Kalkallo North Community Centre"}},{"type":"Feature","geometry":{"type":"Point","coordinates":[145.31204,-37.75708]},"properties":{"cat":"shopping","name":"Kmart"}},{"type":"Feature","geometry":{"type":"Point","coordinates":[145.31209,-37.75616]},"properties":{"cat":"supermarket","name":"Aldi"}},{"type":"Feature","geometry":{"type":"Point","coordinates":[145.31311,-37.75633]},"properties":{"cat":"shopping","name":"Target"}},{"type":"Feature","geometry":{"type":"Point","coordinates":[145.28322,-37.87475]},"properties":{"cat":"worship","name":"Hills Church"}},{"type":"Feature","geometry":{"type":"Point","coordinates":[144.9966,-37.53546]},"properties":{"cat":"community","name":"Murnong Community Centre"}},{"type":"Feature","geometry":{"type":"Point","coordinates":[144.89001,-38.36398]},"properties":{"cat":"worship","name":"New Peninsula Church"}},{"type":"Feature","geometry":{"type":"Point","coordinates":[145.25869,-38.03063]},"properties":{"cat":"community","name":""}},{"type":"Feature","geometry":{"type":"Point","coordinates":[145.25953,-38.03068]},"properties":{"cat":"community","name":""}},{"type":"Feature","geometry":{"type":"Point","coordinates":[144.97742,-37.74806]},"properties":{"cat":"worship","name":"St. Mary's"}},{"type":"Feature","geometry":{"type":"Point","coordinates":[145.30326,-37.84956]},"properties":{"cat":"library","name":"Miller's Homestead"}},{"type":"Feature","geometry":{"type":"Point","coordinates":[144.84552,-37.82247]},"properties":{"cat":"community","name":"Brooklyn Community Hall"}},{"type":"Feature","geometry":{"type":"Point","coordinates":[145.26134,-37.97808]},"properties":{"cat":"shopping","name":"The Terrace Shopping Centre"}},{"type":"Feature","geometry":{"type":"Point","coordinates":[145.03717,-38.24096]},"properties":{"cat":"worship","name":"Mornington Presbyterian Church"}},{"type":"Feature","geometry":{"type":"Point","coordinates":[144.74986,-37.69119]},"properties":{"cat":"community","name":"Banchory Community Centre"}},{"type":"Feature","geometry":{"type":"Point","coordinates":[145.36248,-37.77625]},"properties":{"cat":"worship","name":"Lilydale Baptist Church"}},{"type":"Feature","geometry":{"type":"Point","coordinates":[144.82397,-38.37267]},"properties":{"cat":"worship","name":"Rye Presbyterian Church"}},{"type":"Feature","geometry":{"type":"Point","coordinates":[144.7396,-38.34034]},"properties":{"cat":"worship","name":"Sorrento Presbyterian Church"}},{"type":"Feature","geometry":{"type":"Point","coordinates":[144.80374,-37.87691]},"properties":{"cat":"community","name":"Hobsons Bay Men's Shed"}},{"type":"Feature","geometry":{"type":"Point","coordinates":[145.27844,-37.97236]},"properties":{"cat":"worship","name":""}},{"type":"Feature","geometry":{"type":"Point","coordinates":[144.8306,-37.86507]},"properties":{"cat":"community","name":"Finnish Society of Melbourne Inc"}},{"type":"Feature","geometry":{"type":"Point","coordinates":[144.82911,-37.86873]},"properties":{"cat":"worship","name":"Altona Baptist Church"}},{"type":"Feature","geometry":{"type":"Point","coordinates":[144.85833,-37.72019]},"properties":{"cat":"community","name":"Keilor Park Community Centre"}},{"type":"Feature","geometry":{"type":"Point","coordinates":[145.44179,-37.93215]},"properties":{"cat":"community","name":"Emerald Community House"}},{"type":"Feature","geometry":{"type":"Point","coordinates":[145.05316,-37.89435]},"properties":{"cat":"community","name":""}},{"type":"Feature","geometry":{"type":"Point","coordinates":[144.89181,-37.54284]},"properties":{"cat":"community","name":"Mickleham South Community Centre"}},{"type":"Feature","geometry":{"type":"Point","coordinates":[144.82686,-37.86366]},"properties":{"cat":"community","name":"Altona Youth Centre"}},{"type":"Feature","geometry":{"type":"Point","coordinates":[144.6544,-37.73475]},"properties":{"cat":"community","name":"Club Bridgefield"}},{"type":"Feature","geometry":{"type":"Point","coordinates":[144.62782,-37.71486]},"properties":{"cat":"community","name":"Thornhill Park Community Centre"}},{"type":"Feature","geometry":{"type":"Point","coordinates":[144.83125,-37.86916]},"properties":{"cat":"worship","name":"St. Eanswythe's Anglican Church Altona"}},{"type":"Feature","geometry":{"type":"Point","coordinates":[144.77507,-37.76559]},"properties":{"cat":"community","name":"Deer Park Playgroup Centre"}},{"type":"Feature","geometry":{"type":"Point","coordinates":[144.40983,-38.01815]},"properties":{"cat":"community","name":"Lara and District Men's Shed"}},{"type":"Feature","geometry":{"type":"Point","coordinates":[145.29996,-37.87077]},"properties":{"cat":"worship","name":"Ferntree Gully Baptist Church"}},{"type":"Feature","geometry":{"type":"Point","coordinates":[145.2481,-37.86279]},"properties":{"cat":"community","name":"Orana Neighbourhood House"}},{"type":"Feature","geometry":{"type":"Point","coordinates":[145.25247,-37.86139]},"properties":{"cat":"supermarket","name":"Divya Indian Groceries"}},{"type":"Feature","geometry":{"type":"Point","coordinates":[145.0414,-38.27294]},"properties":{"cat":"community","name":"Mount Martha Observatory"}},{"type":"Feature","geometry":{"type":"Point","coordinates":[144.62899,-37.71351]},"properties":{"cat":"shopping","name":""}},{"type":"Feature","geometry":{"type":"Point","coordinates":[144.96707,-38.33413]},"properties":{"cat":"community","name":"Dromana Senior Citizens Club"}},{"type":"Feature","geometry":{"type":"Point","coordinates":[144.72056,-37.82013]},"properties":{"cat":"shopping","name":"Truganina Central Shopping Centre"}},{"type":"Feature","geometry":{"type":"Point","coordinates":[144.9904,-37.8013]},"properties":{"cat":"community","name":"Dight Street Community Centre"}},{"type":"Feature","geometry":{"type":"Point","coordinates":[144.98531,-37.78505]},"properties":{"cat":"community","name":"Mark Street Hall"}},{"type":"Feature","geometry":{"type":"Point","coordinates":[144.99339,-37.8035]},"properties":{"cat":"community","name":"Djerring Centre"}},{"type":"Feature","geometry":{"type":"Point","coordinates":[144.97043,-37.78252]},"properties":{"cat":"worship","name":"St John's Greek Orthodox Church"}},{"type":"Feature","geometry":{"type":"Point","coordinates":[145.04631,-37.82011]},"properties":{"cat":"worship","name":"Chalmers Presbyterian Church"}},{"type":"Feature","geometry":{"type":"Point","coordinates":[144.99943,-37.87117]},"properties":{"cat":"worship","name":"Balaclava Presbyterian Church"}},{"type":"Feature","geometry":{"type":"Point","coordinates":[144.58701,-37.68222]},"properties":{"cat":"community","name":""}},{"type":"Feature","geometry":{"type":"Point","coordinates":[145.15108,-37.82466]},"properties":{"cat":"worship","name":"Blackburn Presbyterian Church"}},{"type":"Feature","geometry":{"type":"Point","coordinates":[144.62537,-37.90086]},"properties":{"cat":"worship","name":"Wyndham Presbyterian Church"}},{"type":"Feature","geometry":{"type":"Point","coordinates":[144.64641,-37.81482]},"properties":{"cat":"worship","name":"Nazarene Apostolic Christian Church"}},{"type":"Feature","geometry":{"type":"Point","coordinates":[144.66005,-37.80342]},"properties":{"cat":"worship","name":"Golden Wattle Masjid"}},{"type":"Feature","geometry":{"type":"Point","coordinates":[144.9704,-37.78666]},"properties":{"cat":"worship","name":"Albanian Mosque"}},{"type":"Feature","geometry":{"type":"Point","coordinates":[144.97508,-37.75511]},"properties":{"cat":"worship","name":""}},{"type":"Feature","geometry":{"type":"Point","coordinates":[145.05157,-37.74424]},"properties":{"cat":"worship","name":"Heidelberg Mosque"}},{"type":"Feature","geometry":{"type":"Point","coordinates":[144.97216,-37.70492]},"properties":{"cat":"worship","name":"Fawkner Mosque"}},{"type":"Feature","geometry":{"type":"Point","coordinates":[144.84457,-37.78602]},"properties":{"cat":"worship","name":"Sunshine Wesleyan Methodist Church"}},{"type":"Feature","geometry":{"type":"Point","coordinates":[144.9884,-37.60324]},"properties":{"cat":"community","name":"Club Rathdowne"}},{"type":"Feature","geometry":{"type":"Point","coordinates":[145.0722,-37.75664]},"properties":{"cat":"worship","name":"St John's Anglican Church"}},{"type":"Feature","geometry":{"type":"Point","coordinates":[145.07207,-37.75641]},"properties":{"cat":"community","name":""}},{"type":"Feature","geometry":{"type":"Point","coordinates":[145.08251,-37.79475]},"properties":{"cat":"worship","name":""}},{"type":"Feature","geometry":{"type":"Point","coordinates":[144.9842,-37.79787]},"properties":{"cat":"supermarket","name":"Woolworths Metro"}},{"type":"Feature","geometry":{"type":"Point","coordinates":[145.06485,-37.75678]},"properties":{"cat":"community","name":"Hawdon Street Community Hall"}},{"type":"Feature","geometry":{"type":"Point","coordinates":[144.97527,-37.79262]},"properties":{"cat":"community","name":"Carlton Neighbourhood Learning Centre"}},{"type":"Feature","geometry":{"type":"Point","coordinates":[144.98564,-37.78607]},"properties":{"cat":"worship","name":"North Fitzroy Seventh-day Adventist Church"}},{"type":"Feature","geometry":{"type":"Point","coordinates":[144.99607,-37.87606]},"properties":{"cat":"worship","name":"Adass Israel Synagogue of Melbourne"}},{"type":"Feature","geometry":{"type":"Point","coordinates":[145.77931,-38.2409]},"properties":{"cat":"community","name":"Athlone Community Hall"}},{"type":"Feature","geometry":{"type":"Point","coordinates":[144.83602,-37.78933]},"properties":{"cat":"worship","name":"Our Lady of the Immaculate Conception Sunshine"}},{"type":"Feature","geometry":{"type":"Point","coordinates":[145.06245,-37.84638]},"properties":{"cat":"worship","name":"St Mary's Anglican Church"}},{"type":"Feature","geometry":{"type":"Point","coordinates":[145.05667,-37.83388]},"properties":{"cat":"worship","name":"Basilica of Our Lady of Victories"}},{"type":"Feature","geometry":{"type":"Point","coordinates":[145.07951,-37.84226]},"properties":{"cat":"worship","name":"St Dunstan's Anglican Church"}},{"type":"Feature","geometry":{"type":"Point","coordinates":[144.69082,-37.76525]},"properties":{"cat":"community","name":"Mt Atkinson Children's & Community Centre"}},{"type":"Feature","geometry":{"type":"Point","coordinates":[145.28161,-37.86701]},"properties":{"cat":"worship","name":"Wesleyan Methodist Church"}},{"type":"Feature","geometry":{"type":"Point","coordinates":[145.37663,-37.78365]},"properties":{"cat":"worship","name":"Mount Evelyn Christian Reformed Church"}},{"type":"Feature","geometry":{"type":"Point","coordinates":[144.96708,-37.67244]},"properties":{"cat":"worship","name":"Campbellfield Mosque"}},{"type":"Feature","geometry":{"type":"Point","coordinates":[144.59009,-37.4903]},"properties":{"cat":"worship","name":"St Brigid's Catholic Church"}},{"type":"Feature","geometry":{"type":"Point","coordinates":[144.97075,-37.75166]},"properties":{"cat":"worship","name":""}},{"type":"Feature","geometry":{"type":"Point","coordinates":[144.94538,-37.70489]},"properties":{"cat":"supermarket","name":"North Street Supermarket"}},{"type":"Feature","geometry":{"type":"Point","coordinates":[145.23378,-37.84717]},"properties":{"cat":"worship","name":"Knox Presbyterian Church"}},{"type":"Feature","geometry":{"type":"Point","coordinates":[144.77227,-37.85934]},"properties":{"cat":"community","name":"Philippines Community Centre"}},{"type":"Feature","geometry":{"type":"Point","coordinates":[145.2331,-37.84729]},"properties":{"cat":"shopping","name":"Wantirna Mall"}},{"type":"Feature","geometry":{"type":"Point","coordinates":[145.24653,-37.84536]},"properties":{"cat":"worship","name":"Hillsong"}},{"type":"Feature","geometry":{"type":"Point","coordinates":[145.25442,-37.99842]},"properties":{"cat":"community","name":""}},{"type":"Feature","geometry":{"type":"Point","coordinates":[144.70306,-37.85065]},"properties":{"cat":"worship","name":"Sri Guru Nanak Satsang Sabha Gurdwara (Hoppers Crossing)"}},{"type":"Feature","geometry":{"type":"Point","coordinates":[144.64783,-37.69752]},"properties":{"cat":"worship","name":"Sri Guru Nanak Satsang Sabha Gurdwara (Bonnie Brook)"}},{"type":"Feature","geometry":{"type":"Point","coordinates":[144.69066,-37.68567]},"properties":{"cat":"worship","name":"Gurdwara Sahib Plumpton"}},{"type":"Feature","geometry":{"type":"Point","coordinates":[144.71014,-37.74884]},"properties":{"cat":"worship","name":"Sri Swaminarayan Temple"}},{"type":"Feature","geometry":{"type":"Point","coordinates":[145.00457,-37.85895]},"properties":{"cat":"community","name":"German Club Tivoli"}},{"type":"Feature","geometry":{"type":"Point","coordinates":[144.99726,-37.84808]},"properties":{"cat":"hospital","name":"The Victoria Clinic"}},{"type":"Feature","geometry":{"type":"Point","coordinates":[145.25214,-37.84903]},"properties":{"cat":"worship","name":"St Stephens"}},{"type":"Feature","geometry":{"type":"Point","coordinates":[144.41059,-37.68886]},"properties":{"cat":"community","name":"West Maddingley Early Years & Community Hub"}},{"type":"Feature","geometry":{"type":"Point","coordinates":[145.04157,-37.82424]},"properties":{"cat":"worship","name":"Habitat Uniting Church"}},{"type":"Feature","geometry":{"type":"Point","coordinates":[145.03962,-37.8239]},"properties":{"cat":"worship","name":"St Columb's Anglican Church"}},{"type":"Feature","geometry":{"type":"Point","coordinates":[144.82516,-37.73033]},"properties":{"cat":"community","name":"Kealba Community Centre"}},{"type":"Feature","geometry":{"type":"Point","coordinates":[144.81866,-37.72794]},"properties":{"cat":"worship","name":"House of Prayer"}},{"type":"Feature","geometry":{"type":"Point","coordinates":[144.59017,-37.8554]},"properties":{"cat":"supermarket","name":"IGA Jubilee Plus"}},{"type":"Feature","geometry":{"type":"Point","coordinates":[145.16884,-37.88039]},"properties":{"cat":"community","name":"Mount Street Neighbourhood House"}},{"type":"Feature","geometry":{"type":"Point","coordinates":[145.06709,-37.74332]},"properties":{"cat":"supermarket","name":"Woolworths"}},{"type":"Feature","geometry":{"type":"Point","coordinates":[145.38853,-38.06648]},"properties":{"cat":"supermarket","name":"IGA Local Grocer Officer"}},{"type":"Feature","geometry":{"type":"Point","coordinates":[145.34591,-38.11845]},"properties":{"cat":"supermarket","name":"Aldi"}},{"type":"Feature","geometry":{"type":"Point","coordinates":[144.97101,-37.79201]},"properties":{"cat":"worship","name":"Holy Trinity Ukrainian Orthodox Church"}},{"type":"Feature","geometry":{"type":"Point","coordinates":[144.61452,-37.91134]},"properties":{"cat":"shopping","name":"Harpley Town Centre"}},{"type":"Feature","geometry":{"type":"Point","coordinates":[144.59916,-37.89576]},"properties":{"cat":"shopping","name":""}},{"type":"Feature","geometry":{"type":"Point","coordinates":[144.5983,-37.89783]},"properties":{"cat":"shopping","name":"7-Eleven"}},{"type":"Feature","geometry":{"type":"Point","coordinates":[144.70154,-37.88905]},"properties":{"cat":"hospital","name":"Women's Health Hub"}},{"type":"Feature","geometry":{"type":"Point","coordinates":[145.03631,-37.82515]},"properties":{"cat":"community","name":"Hawthorn Community Precinct"}},{"type":"Feature","geometry":{"type":"Point","coordinates":[145.361,-38.09486]},"properties":{"cat":"hospital","name":"St Germain Health and Wellness Precinct"}},{"type":"Feature","geometry":{"type":"Point","coordinates":[144.95982,-37.53344]},"properties":{"cat":"community","name":"Kalkallo Community Centre"}},{"type":"Feature","geometry":{"type":"Point","coordinates":[145.03795,-37.82319]},"properties":{"cat":"community","name":"Youth Enterprises Australia"}},{"type":"Feature","geometry":{"type":"Point","coordinates":[144.55733,-37.68587]},"properties":{"cat":"worship","name":"The Church of Jesus Christ of Latter-day Saints"}},{"type":"Feature","geometry":{"type":"Point","coordinates":[144.55853,-37.68581]},"properties":{"cat":"hospital","name":""}},{"type":"Feature","geometry":{"type":"Point","coordinates":[144.55884,-37.6882]},"properties":{"cat":"community","name":"Youth Services Melton City Council"}},{"type":"Feature","geometry":{"type":"Point","coordinates":[144.97016,-38.33744]},"properties":{"cat":"community","name":"Safety Beach - Dromana Men's Shed"}},{"type":"Feature","geometry":{"type":"Point","coordinates":[145.00052,-37.80143]},"properties":{"cat":"worship","name":"St Luke's Baptist Community"}},{"type":"Feature","geometry":{"type":"Point","coordinates":[144.99209,-37.80073]},"properties":{"cat":"community","name":"Yarra Men's Shed"}},{"type":"Feature","geometry":{"type":"Point","coordinates":[144.98387,-37.80287]},"properties":{"cat":"supermarket","name":"The Source Bulk Foods"}},{"type":"Feature","geometry":{"type":"Point","coordinates":[144.61406,-37.91009]},"properties":{"cat":"community","name":""}},{"type":"Feature","geometry":{"type":"Point","coordinates":[144.98038,-37.78689]},"properties":{"cat":"community","name":"Bocskai Centre"}},{"type":"Feature","geometry":{"type":"Point","coordinates":[144.98019,-37.78712]},"properties":{"cat":"worship","name":"St Luke's Hungarian Reformed Church"}},{"type":"Feature","geometry":{"type":"Point","coordinates":[145.39665,-38.06047]},"properties":{"cat":"community","name":"Toun-Nun Child And Family Centre"}},{"type":"Feature","geometry":{"type":"Point","coordinates":[145.39718,-38.05482]},"properties":{"cat":"community","name":"Kurmboon Child And Family Centre"}},{"type":"Feature","geometry":{"type":"Point","coordinates":[144.94151,-37.83872]},"properties":{"cat":"shopping","name":""}},{"type":"Feature","geometry":{"type":"Point","coordinates":[144.79984,-37.77384]},"properties":{"cat":"worship","name":"Queen of Heaven"}},{"type":"Feature","geometry":{"type":"Point","coordinates":[145.07708,-37.85141]},"properties":{"cat":"worship","name":"Melbourne Chinese Christian Church"}},{"type":"Feature","geometry":{"type":"Point","coordinates":[145.11804,-37.83798]},"properties":{"cat":"worship","name":"St James Uniting Church"}},{"type":"Feature","geometry":{"type":"Point","coordinates":[145.09829,-37.60531]},"properties":{"cat":"hospital","name":"Mernda Community Hospital"}},{"type":"Feature","geometry":{"type":"Point","coordinates":[145.09878,-37.6053]},"properties":{"cat":"hospital","name":""}},{"type":"Feature","geometry":{"type":"Point","coordinates":[144.8921,-37.54404]},"properties":{"cat":"shopping","name":""}},{"type":"Feature","geometry":{"type":"Point","coordinates":[144.77555,-37.73669]},"properties":{"cat":"worship","name":"Resurrection Catholic Church"}},{"type":"Feature","geometry":{"type":"Point","coordinates":[145.14456,-37.90203]},"properties":{"cat":"worship","name":"6"}},{"type":"Feature","geometry":{"type":"Point","coordinates":[145.14466,-37.90206]},"properties":{"cat":"worship","name":""}},{"type":"Feature","geometry":{"type":"Point","coordinates":[145.2311,-37.80274]},"properties":{"cat":"worship","name":"Ringwood Community Church"}},{"type":"Feature","geometry":{"type":"Point","coordinates":[145.22785,-37.81536]},"properties":{"cat":"worship","name":"Urban Life"}},{"type":"Feature","geometry":{"type":"Point","coordinates":[144.96673,-37.8167]},"properties":{"cat":"shopping","name":"Cathedral Arcade"}},{"type":"Feature","geometry":{"type":"Point","coordinates":[145.06223,-37.83552]},"properties":{"cat":"community","name":"Chambly Hall"}},{"type":"Feature","geometry":{"type":"Point","coordinates":[145.06209,-37.83539]},"properties":{"cat":"community","name":"Camberwell Pompey Elliott RSL"}},{"type":"Feature","geometry":{"type":"Point","coordinates":[145.26876,-37.78376]},"properties":{"cat":"supermarket","name":"McAdam's Apple"}},{"type":"Feature","geometry":{"type":"Point","coordinates":[145.0591,-37.82104]},"properties":{"cat":"community","name":""}},{"type":"Feature","geometry":{"type":"Point","coordinates":[145.05901,-37.82125]},"properties":{"cat":"worship","name":"St Mark's Anglican Church"}},{"type":"Feature","geometry":{"type":"Point","coordinates":[145.09404,-37.85701]},"properties":{"cat":"hospital","name":"Delmont Private Hospital"}},{"type":"Feature","geometry":{"type":"Point","coordinates":[145.30321,-37.76691]},"properties":{"cat":"shopping","name":"Harvey Norman"}},{"type":"Feature","geometry":{"type":"Point","coordinates":[145.31199,-37.76288]},"properties":{"cat":"shopping","name":"Harris Scarfe"}},{"type":"Feature","geometry":{"type":"Point","coordinates":[145.27991,-37.80492]},"properties":{"cat":"worship","name":"Victorian Chin Baptist Church"}},{"type":"Feature","geometry":{"type":"Point","coordinates":[145.2936,-37.83103]},"properties":{"cat":"community","name":""}},{"type":"Feature","geometry":{"type":"Point","coordinates":[145.29401,-37.83124]},"properties":{"cat":"community","name":"Arrabri Community House"}},{"type":"Feature","geometry":{"type":"Point","coordinates":[145.01152,-37.86752]},"properties":{"cat":"worship","name":"Caulfield Hebrew Congregation"}},{"type":"Feature","geometry":{"type":"Point","coordinates":[144.86162,-37.78658]},"properties":{"cat":"worship","name":"Christ the King Catholic Church Braybrook"}},{"type":"Feature","geometry":{"type":"Point","coordinates":[145.05243,-37.93726]},"properties":{"cat":"worship","name":"Saint Catherine Laboure Catholic Church"}},{"type":"Feature","geometry":{"type":"Point","coordinates":[145.13713,-37.84511]},"properties":{"cat":"community","name":"Warrawong Annex Community Hall"}},{"type":"Feature","geometry":{"type":"Point","coordinates":[145.08027,-37.86808]},"properties":{"cat":"community","name":"Alamein Neighbourhood and Learning"}},{"type":"Feature","geometry":{"type":"Point","coordinates":[144.7747,-37.7735]},"properties":{"cat":"community","name":"Deer Park Hall"}},{"type":"Feature","geometry":{"type":"Point","coordinates":[144.776,-37.76693]},"properties":{"cat":"hospital","name":"IPC Health Deer Park"}},{"type":"Feature","geometry":{"type":"Point","coordinates":[145.05108,-37.85037]},"properties":{"cat":"community","name":"U3A Hawthorn"}},{"type":"Feature","geometry":{"type":"Point","coordinates":[145.10627,-37.92762]},"properties":{"cat":"community","name":"Melaleuca Activity Hub"}},{"type":"Feature","geometry":{"type":"Point","coordinates":[144.64673,-37.85293]},"properties":{"cat":"community","name":"Dianella Community Centre"}},{"type":"Feature","geometry":{"type":"Point","coordinates":[145.12811,-37.87452]},"properties":{"cat":"community","name":"Mount Waverley Community Centre"}},{"type":"Feature","geometry":{"type":"Point","coordinates":[144.88466,-37.68815]},"properties":{"cat":"shopping","name":"Gladstone Park Shopping Centre"}},{"type":"Feature","geometry":{"type":"Point","coordinates":[145.14008,-38.11089]},"properties":{"cat":"worship","name":"Gateway Church"}},{"type":"Feature","geometry":{"type":"Point","coordinates":[144.86332,-37.79745]},"properties":{"cat":"worship","name":"Ch\u00f9a Ph\u1eadt Quang"}},{"type":"Feature","geometry":{"type":"Point","coordinates":[144.73128,-37.59604]},"properties":{"cat":"community","name":"Sunbury Hall"}},{"type":"Feature","geometry":{"type":"Point","coordinates":[145.05855,-37.83332]},"properties":{"cat":"worship","name":"Camberwell Uniting Church"}},{"type":"Feature","geometry":{"type":"Point","coordinates":[144.75593,-37.70883]},"properties":{"cat":"community","name":"Morton Homestead"}},{"type":"Feature","geometry":{"type":"Point","coordinates":[145.2831,-37.80093]},"properties":{"cat":"community","name":"Keystone Hall"}},{"type":"Feature","geometry":{"type":"Point","coordinates":[144.95932,-37.79814]},"properties":{"cat":"university","name":"The University of Melbourne, Parkville Campus"}},{"type":"Feature","geometry":{"type":"Point","coordinates":[145.18981,-37.64108]},"properties":{"cat":"community","name":"Hurstbridge Community Hub"}},{"type":"Feature","geometry":{"type":"Point","coordinates":[144.9842,-37.81105]},"properties":{"cat":"hospital","name":"Epworth Freemasons"}},{"type":"Feature","geometry":{"type":"Point","coordinates":[144.94964,-37.82514]},"properties":{"cat":"shopping","name":"South Wharf DFO"}},{"type":"Feature","geometry":{"type":"Point","coordinates":[145.10234,-37.70402]},"properties":{"cat":"worship","name":"All Saints Anglican Church"}},{"type":"Feature","geometry":{"type":"Point","coordinates":[145.1213,-37.81905]},"properties":{"cat":"shopping","name":"Box Hill Central"}},{"type":"Feature","geometry":{"type":"Point","coordinates":[144.87754,-37.80753]},"properties":{"cat":"community","name":"Kingsville Community"}},{"type":"Feature","geometry":{"type":"Point","coordinates":[144.62746,-37.87616]},"properties":{"cat":"community","name":""}},{"type":"Feature","geometry":{"type":"Point","coordinates":[145.03533,-37.82533]},"properties":{"cat":"library","name":"Hawthorn Library"}},{"type":"Feature","geometry":{"type":"Point","coordinates":[145.04126,-37.82142]},"properties":{"cat":"community","name":"Hawthorn Community House"}},{"type":"Feature","geometry":{"type":"Point","coordinates":[145.17356,-37.96795]},"properties":{"cat":"hospital","name":"Noble Manor Aged Care"}},{"type":"Feature","geometry":{"type":"Point","coordinates":[144.77913,-37.73753]},"properties":{"cat":"community","name":"Westvale Community Centre"}},{"type":"Feature","geometry":{"type":"Point","coordinates":[145.03939,-37.82162]},"properties":{"cat":"university","name":"Swinburne University of Technology (Hawthorn Campus)"}},{"type":"Feature","geometry":{"type":"Point","coordinates":[144.85393,-37.78639]},"properties":{"cat":"community","name":"Braybrook Community Hub"}}]}