{"type":"FeatureCollection","features":[{"type":"Feature","geometry":{"type":"Polygon","coordinates":[[[145.13536,-38.14713],[145.13477,-38.14852],[145.1328,-38.14798],[145.13338,-38.14659],[145.13439,-38.14671],[145.1352,-38.14681],[145.13529,-38.14698],[145.13536,-38.14713]]]},"properties":{"cat":"cemetery","name":"Frankston Memorial Park"}},{"type":"Feature","geometry":{"type":"Polygon","coordinates":[[[145.15778,-37.88806],[145.15928,-37.88823],[145.15991,-37.88473],[145.15838,-37.88458],[145.15778,-37.88806]]]},"properties":{"cat":"industrial","name":""}},{"type":"Feature","geometry":{"type":"Polygon","coordinates":[[[145.15817,-37.88456],[145.15756,-37.88802],[145.1575,-37.88805],[145.15592,-37.88785],[145.15631,-37.8857],[145.1564,-37.88519],[145.15741,-37.8853],[145.15756,-37.8845],[145.15817,-37.88456]]]},"properties":{"cat":"industrial","name":""}},{"type":"Feature","geometry":{"type":"Polygon","coordinates":[[[145.12544,-37.89467],[145.12548,-37.89465],[145.12956,-37.89507],[145.1297,-37.89511],[145.12978,-37.89521],[145.12969,-37.89601],[145.12942,-37.89767],[145.12908,-37.89937],[145.12894,-37.89945],[145.12874,-37.8995],[145.12564,-37.89915],[145.12592,-37.89769],[145.12594,-37.89756],[145.12639,-37.89516],[145.12524,-37.89502],[145.12544,-37.89467]]]},"properties":{"cat":"industrial","name":""}},{"type":"Feature","geometry":{"type":"Polygon","coordinates":[[[144.96345,-37.78516],[144.96589,-37.78541],[144.96629,-37.78546],[144.96933,-37.78579],[144.96867,-37.78953],[144.96825,-37.79196],[144.96815,-37.79215],[144.96799,-37.79234],[144.96772,-37.79257],[144.96743,-37.79277],[144.96703,-37.79294],[144.96668,-37.79301],[144.96628,-37.79307],[144.9658,-37.79305],[144.96566,-37.79303],[144.9653,-37.79298],[144.96491,-37.79289],[144.9644,-37.79267],[144.96398,-37.79245],[144.96352,-37.79218],[144.96315,-37.79201],[144.96268,-37.79187],[144.96204,-37.79177],[144.96194,-37.79176],[144.96153,-37.79173],[144.96147,-37.7917],[144.96145,-37.79167],[144.96145,-37.7916],[144.96181,-37.79137],[144.96193,-37.79125],[144.96203,-37.79112],[144.96213,-37.79086],[144.96212,-37.79031],[144.96212,-37.78985],[144.96213,-37.78971],[144.96215,-37.78954],[144.96221,-37.78937],[144.96231,-37.78916],[144.96243,-37.78902],[144.96255,-37.78893],[144.96267,-37.78888],[144.96282,-37.78884],[144.96282,-37.78883],[144.96286,-37.78853],[144.9629,-37.7883],[144.96297,-37.7879],[144.96324,-37.7864],[144.96345,-37.78516]]]},"properties":{"cat":"cemetery","name":"Melbourne General Cemetery"}},{"type":"Feature","geometry":{"type":"Polygon","coordinates":[[[144.83339,-37.74274],[144.83369,-37.74274],[144.83409,-37.74277],[144.83464,-37.74283],[144.83531,-37.74295],[144.83562,-37.74305],[144.8357,-37.74315],[144.83542,-37.74362],[144.83544,-37.74418],[144.83538,-37.74461],[144.8352,-37.74535],[144.8351,-37.74543],[144.83498,-37.74547],[144.83477,-37.74552],[144.83452,-37.7455],[144.83448,-37.74559],[144.83445,-37.7458],[144.83437,-37.74627],[144.83428,-37.74627],[144.83418,-37.74626],[144.83418,-37.74626],[144.83415,-37.74626],[144.83396,-37.7474],[144.8339,-37.74774],[144.8338,-37.74775],[144.83373,-37.748],[144.83369,-37.74806],[144.83132,-37.7478],[144.83118,-37.74776],[144.83105,-37.74768],[144.82868,-37.74509],[144.82627,-37.74222],[144.82858,-37.74127],[144.82878,-37.74119],[144.82915,-37.74113],[144.82944,-37.74112],[144.82975,-37.74114],[144.8302,-37.74126],[144.83062,-37.74125],[144.83108,-37.74128],[144.83147,-37.74143],[144.83174,-37.74164],[144.83204,-37.74202],[144.83222,-37.74233],[144.83251,-37.74261],[144.83284,-37.74267],[144.83339,-37.74274]]]},"properties":{"cat":"landfill","name":"Sunshine Landfill"}},{"type":"Feature","geometry":{"type":"Polygon","coordinates":[[[145.29738,-37.88199],[145.2974,-37.88197],[145.29737,-37.88193],[145.29867,-37.88139],[145.29951,-37.8815],[145.2994,-37.882],[145.29888,-37.88192],[145.29881,-37.88221],[145.29871,-37.88257],[145.2986,-37.88305],[145.29716,-37.88286],[145.29735,-37.88208],[145.29731,-37.88205],[145.29732,-37.882],[145.29737,-37.882],[145.29738,-37.88199]]]},"properties":{"cat":"cemetery","name":"Ferntree Gully Cemetery"}},{"type":"Feature","geometry":{"type":"Polygon","coordinates":[[[145.13273,-37.82096],[145.13621,-37.82148],[145.1372,-37.82163],[145.1379,-37.82168],[145.13773,-37.82248],[145.13743,-37.8239],[145.1348,-37.8236],[145.13476,-37.82359],[145.13473,-37.82377],[145.13231,-37.8235],[145.13222,-37.82349],[145.13271,-37.82105],[145.13273,-37.82096]]]},"properties":{"cat":"cemetery","name":"Box Hill Cemetery"}},{"type":"Feature","geometry":{"type":"Polygon","coordinates":[[[145.09869,-37.89193],[145.10083,-37.8922],[145.10078,-37.89253],[145.10183,-37.89266],[145.10183,-37.89267],[145.10152,-37.89449],[145.10067,-37.89439],[145.10071,-37.89421],[145.10047,-37.89418],[145.09872,-37.89398],[145.09877,-37.89376],[145.09834,-37.89371],[145.09869,-37.89193]]]},"properties":{"cat":"industrial","name":""}},{"type":"Feature","geometry":{"type":"Polygon","coordinates":[[[145.04786,-37.8048],[145.04591,-37.80145],[145.04474,-37.80187],[145.04465,-37.8019],[145.04212,-37.80281],[145.04138,-37.80307],[145.04073,-37.80331],[145.03961,-37.80371],[145.03966,-37.80379],[145.03969,-37.80382],[145.03985,-37.80384],[145.04008,-37.80387],[145.04095,-37.80397],[145.04575,-37.80454],[145.04786,-37.8048]]]},"properties":{"cat":"cemetery","name":"Kew Cemetery"}},{"type":"Feature","geometry":{"type":"Polygon","coordinates":[[[145.12614,-37.89277],[145.12585,-37.89354],[145.12557,-37.89446],[145.12928,-37.89491],[145.1298,-37.89486],[145.12975,-37.89379],[145.12959,-37.89359],[145.12792,-37.89313],[145.12669,-37.89287],[145.12614,-37.89277]]]},"properties":{"cat":"industrial","name":""}},{"type":"Feature","geometry":{"type":"Polygon","coordinates":[[[144.91126,-37.82582],[144.91144,-37.82591],[144.9114,-37.82624],[144.9113,-37.82647],[144.91111,-37.82675],[144.91084,-37.82675],[144.91064,-37.82681],[144.91049,-37.82687],[144.91031,-37.82698],[144.91017,-37.82706],[144.90999,-37.82667],[144.90986,-37.82671],[144.9098,-37.82658],[144.90995,-37.82653],[144.90981,-37.8262],[144.91029,-37.82602],[144.91033,-37.82601],[144.91081,-37.8259],[144.91126,-37.82582]]]},"properties":{"cat":"industrial","name":""}},{"type":"Feature","geometry":{"type":"Polygon","coordinates":[[[145.23478,-37.89822],[145.2344,-37.89828],[145.23441,-37.89786],[145.23444,-37.89783],[145.23469,-37.8978],[145.23478,-37.89822]]]},"properties":{"cat":"industrial","name":""}},{"type":"Feature","geometry":{"type":"Polygon","coordinates":[[[144.94145,-37.60961],[144.94505,-37.60899],[144.94533,-37.60999],[144.9453,-37.61002],[144.94496,-37.61008],[144.94501,-37.61026],[144.94521,-37.61036],[144.94539,-37.611],[144.94565,-37.61196],[144.94581,-37.61257],[144.94625,-37.61415],[144.94609,-37.61431],[144.9415,-37.61379],[144.94105,-37.61374],[144.94062,-37.6137],[144.94096,-37.61207],[144.94145,-37.60961]]]},"properties":{"cat":"industrial","name":"Note Printing Australia"}},{"type":"Feature","geometry":{"type":"Polygon","coordinates":[[[145.05447,-37.83001],[145.05393,-37.82955],[145.05391,-37.82957],[145.0536,-37.82932],[145.05392,-37.82908],[145.05394,-37.82908],[145.05476,-37.82979],[145.05473,-37.82981],[145.05471,-37.82983],[145.05468,-37.82985],[145.05465,-37.82987],[145.05462,-37.82989],[145.05459,-37.82992],[145.05456,-37.82994],[145.05453,-37.82996],[145.05449,-37.82999],[145.05447,-37.83001]]]},"properties":{"cat":"industrial","name":"Camberwell Tram Depot"}},{"type":"Feature","geometry":{"type":"Polygon","coordinates":[[[145.24358,-37.84108],[145.24396,-37.84097],[145.24402,-37.84097],[145.24435,-37.84098],[145.24439,-37.84098],[145.24442,-37.84098],[145.24448,-37.84098],[145.24607,-37.84048],[145.24625,-37.84045],[145.24672,-37.84038],[145.24767,-37.84008],[145.24768,-37.84067],[145.24774,-37.84067],[145.24774,-37.84019],[145.24774,-37.83994],[145.249,-37.83959],[145.24898,-37.84023],[145.24898,-37.84048],[145.24898,-37.84127],[145.24897,-37.84186],[145.24896,-37.84224],[145.24896,-37.84239],[145.24896,-37.84249],[145.24896,-37.84302],[145.24888,-37.8431],[145.24776,-37.84325],[145.24754,-37.84328],[145.24753,-37.84328],[145.24692,-37.84342],[145.24655,-37.8435],[145.24569,-37.84369],[145.24552,-37.84373],[145.24533,-37.84378],[145.24529,-37.84376],[145.24514,-37.84379],[145.24514,-37.84376],[145.24452,-37.84391],[145.24291,-37.84431],[145.24291,-37.84443],[145.24258,-37.8445],[145.24258,-37.84446],[145.24258,-37.84438],[145.24155,-37.84462],[145.24147,-37.84464],[145.2411,-37.84472],[145.24108,-37.84296],[145.24108,-37.84282],[145.24108,-37.84266],[145.24108,-37.84251],[145.24108,-37.84236],[145.24107,-37.84207],[145.24107,-37.84192],[145.24107,-37.84172],[145.24261,-37.84133],[145.24358,-37.84108]]]},"properties":{"cat":"industrial","name":""}},{"type":"Feature","geometry":{"type":"Polygon","coordinates":[[[145.09879,-37.85369],[145.0993,-37.85088],[145.0998,-37.85083],[145.09981,-37.85083],[145.09983,-37.85083],[145.09984,-37.85084],[145.09985,-37.85084],[145.1024,-37.8541],[145.09879,-37.85369]]]},"properties":{"cat":"cemetery","name":"Burwood Cemetery"}},{"type":"Feature","geometry":{"type":"Polygon","coordinates":[[[145.25462,-37.87077],[145.25358,-37.8728],[145.25544,-37.87341],[145.25509,-37.8741],[145.25573,-37.8743],[145.25538,-37.87501],[145.25553,-37.87506],[145.2554,-37.87531],[145.25535,-37.87542],[145.25387,-37.87492],[145.25368,-37.87487],[145.25355,-37.87482],[145.25352,-37.87481],[145.2527,-37.87453],[145.25263,-37.87439],[145.25261,-37.87436],[145.25258,-37.87434],[145.25254,-37.87433],[145.25211,-37.87419],[145.25131,-37.87393],[145.25085,-37.87378],[145.2507,-37.87373],[145.24999,-37.8735],[145.24951,-37.87335],[145.24935,-37.8733],[145.24776,-37.8728],[145.24573,-37.87214],[145.24675,-37.87017],[145.24713,-37.86944],[145.2469,-37.86931],[145.24564,-37.86854],[145.24521,-37.8683],[145.24527,-37.86826],[145.24524,-37.86824],[145.24529,-37.86823],[145.24522,-37.86817],[145.24519,-37.86812],[145.24521,-37.86807],[145.2457,-37.86767],[145.24592,-37.8675],[145.24631,-37.86736],[145.24654,-37.86736],[145.24762,-37.86779],[145.24768,-37.86778],[145.24773,-37.86778],[145.24779,-37.86779],[145.24785,-37.86779],[145.24791,-37.8678],[145.24797,-37.86781],[145.24802,-37.86783],[145.24808,-37.86785],[145.24815,-37.86787],[145.24819,-37.86789],[145.24828,-37.86793],[145.24831,-37.86794],[145.24834,-37.86795],[145.24839,-37.86797],[145.2496,-37.86837],[145.24963,-37.86838],[145.24966,-37.86838],[145.24983,-37.86842],[145.24986,-37.86843],[145.24988,-37.86844],[145.25016,-37.86853],[145.25024,-37.86855],[145.25026,-37.86852],[145.25365,-37.8696],[145.25342,-37.87007],[145.25337,-37.87016],[145.25354,-37.87022],[145.25358,-37.87023],[145.25363,-37.87014],[145.25387,-37.86967],[145.25499,-37.87004],[145.25462,-37.87077]]]},"properties":{"cat":"industrial","name":""}},{"type":"Feature","geometry":{"type":"Polygon","coordinates":[[[145.05721,-37.75121],[145.05932,-37.75147],[145.059,-37.75319],[145.05689,-37.75292],[145.05721,-37.75121]]]},"properties":{"cat":"cemetery","name":"Warringal Cemetery"}},{"type":"Feature","geometry":{"type":"Polygon","coordinates":[[[145.22795,-37.85119],[145.22766,-37.85176],[145.22635,-37.85159],[145.22628,-37.85094],[145.2251,-37.85056],[145.22537,-37.85034],[145.22545,-37.85037],[145.22795,-37.85119]]]},"properties":{"cat":"industrial","name":""}},{"type":"Feature","geometry":{"type":"Polygon","coordinates":[[[144.77405,-37.77785],[144.77389,-37.77754],[144.774,-37.77666],[144.7744,-37.77365],[144.77496,-37.77372],[144.77501,-37.77336],[144.77544,-37.77341],[144.77546,-37.77328],[144.77585,-37.77332],[144.77738,-37.77344],[144.77862,-37.77294],[144.77881,-37.77287],[144.77888,-37.77288],[144.77905,-37.77164],[144.7791,-37.77165],[144.7792,-37.77113],[144.78052,-37.77129],[144.78255,-37.77154],[144.78379,-37.77169],[144.78539,-37.77189],[144.78704,-37.77229],[144.78804,-37.77176],[144.78839,-37.77158],[144.78887,-37.77134],[144.78901,-37.7713],[144.78983,-37.77106],[144.79048,-37.77087],[144.79187,-37.7708],[144.79352,-37.77071],[144.7937,-37.77083],[144.79348,-37.77139],[144.79344,-37.77225],[144.79347,-37.77264],[144.79341,-37.77318],[144.79344,-37.77356],[144.79349,-37.7742],[144.79364,-37.77512],[144.79371,-37.77555],[144.79374,-37.77636],[144.79346,-37.77783],[144.79281,-37.77907],[144.79234,-37.77958],[144.79064,-37.78142],[144.78896,-37.78125],[144.78617,-37.78095],[144.78554,-37.78086],[144.78502,-37.78077],[144.78404,-37.78059],[144.78328,-37.78042],[144.78251,-37.78022],[144.78105,-37.77981],[144.78022,-37.77958],[144.77969,-37.77943],[144.77818,-37.77901],[144.77653,-37.77856],[144.77562,-37.77833],[144.77405,-37.77785]]]},"properties":{"cat":"industrial","name":"Orica Limited"}},{"type":"Feature","geometry":{"type":"Polygon","coordinates":[[[145.22331,-37.83218],[145.22206,-37.83218],[145.22151,-37.83219],[145.2215,-37.83221],[145.22109,-37.83222],[145.22059,-37.83222],[145.22036,-37.83222],[145.22032,-37.83133],[145.22002,-37.83132],[145.22002,-37.83138],[145.2197,-37.83138],[145.21981,-37.8316],[145.21984,-37.83169],[145.21982,-37.83178],[145.21976,-37.83187],[145.21973,-37.83198],[145.21975,-37.83209],[145.2198,-37.83219],[145.21916,-37.83219],[145.21913,-37.83219],[145.21909,-37.83207],[145.21862,-37.83208],[145.21848,-37.83122],[145.21842,-37.83082],[145.21837,-37.8307],[145.21828,-37.83011],[145.21818,-37.82946],[145.21812,-37.82906],[145.21806,-37.82855],[145.218,-37.82793],[145.21796,-37.82754],[145.21794,-37.82731],[145.21786,-37.82648],[145.21801,-37.82648],[145.21869,-37.82646],[145.22037,-37.82645],[145.22044,-37.82646],[145.22048,-37.82647],[145.22059,-37.82649],[145.22035,-37.82736],[145.22036,-37.8296],[145.2233,-37.8296],[145.22331,-37.83218]]]},"properties":{"cat":"industrial","name":"Cadbury Ringwood Chocolate Factory"}},{"type":"Feature","geometry":{"type":"Polygon","coordinates":[[[145.26977,-37.84248],[145.27012,-37.84068],[145.27055,-37.84065],[145.27095,-37.84069],[145.27116,-37.83959],[145.27126,-37.8392],[145.2713,-37.83902],[145.27143,-37.83887],[145.27154,-37.83879],[145.27179,-37.83872],[145.27229,-37.83868],[145.27543,-37.83849],[145.27758,-37.83833],[145.27738,-37.83942],[145.27734,-37.83942],[145.27701,-37.83938],[145.27645,-37.83931],[145.27642,-37.83943],[145.27641,-37.83951],[145.27639,-37.83959],[145.27635,-37.83984],[145.27633,-37.83992],[145.27632,-37.84],[145.2763,-37.84008],[145.27629,-37.84012],[145.27816,-37.84034],[145.2784,-37.83905],[145.27841,-37.839],[145.27842,-37.8389],[145.27843,-37.83888],[145.27844,-37.83882],[145.27845,-37.83876],[145.27848,-37.83861],[145.27849,-37.83854],[145.27854,-37.83827],[145.28417,-37.83791],[145.28624,-37.83777],[145.28623,-37.83819],[145.28684,-37.83818],[145.28684,-37.83958],[145.28671,-37.84001],[145.28671,-37.84055],[145.28666,-37.84116],[145.28653,-37.84116],[145.28654,-37.84128],[145.28647,-37.84244],[145.2864,-37.84361],[145.28634,-37.84456],[145.28625,-37.84599],[145.28614,-37.84726],[145.28629,-37.84728],[145.28622,-37.84815],[145.28613,-37.84821],[145.28604,-37.84848],[145.28592,-37.85046],[145.28588,-37.85131],[145.28594,-37.85144],[145.28602,-37.85156],[145.28601,-37.85181],[145.28327,-37.85143],[145.28019,-37.851],[145.2801,-37.85157],[145.27858,-37.85138],[145.27833,-37.85162],[145.27382,-37.84705],[145.27382,-37.84688],[145.27384,-37.84677],[145.27356,-37.84671],[145.27339,-37.8466],[145.27046,-37.84357],[145.27018,-37.84353],[145.27024,-37.84317],[145.27026,-37.84306],[145.27028,-37.84301],[145.26977,-37.84248]]]},"properties":{"cat":"industrial","name":""}},{"type":"Feature","geometry":{"type":"Polygon","coordinates":[[[145.28715,-37.83369],[145.28714,-37.83399],[145.28708,-37.83536],[145.28333,-37.83565],[145.28331,-37.83582],[145.28301,-37.83756],[145.28299,-37.83766],[145.28178,-37.83772],[145.28255,-37.83367],[145.28375,-37.83358],[145.28512,-37.8338],[145.28542,-37.83369],[145.28612,-37.83376],[145.28715,-37.83369]]]},"properties":{"cat":"industrial","name":""}},{"type":"Feature","geometry":{"type":"Polygon","coordinates":[[[145.18438,-37.92843],[145.17868,-37.92388],[145.17855,-37.92377],[145.17654,-37.92215],[145.17783,-37.92138],[145.17883,-37.92133],[145.18073,-37.92156],[145.18178,-37.92169],[145.1827,-37.92181],[145.18293,-37.92189],[145.18558,-37.92218],[145.18438,-37.92843]]]},"properties":{"cat":"industrial","name":""}},{"type":"Feature","geometry":{"type":"Polygon","coordinates":[[[144.99534,-37.75154],[144.99541,-37.75136],[144.99606,-37.74948],[144.99876,-37.74975],[144.99905,-37.74978],[144.9991,-37.7498],[144.99914,-37.74981],[144.99932,-37.74983],[144.99936,-37.74988],[144.99866,-37.75408],[144.99859,-37.75408],[144.99866,-37.7536],[144.99846,-37.75358],[144.99855,-37.75311],[144.99872,-37.75206],[144.99874,-37.75193],[144.99741,-37.75179],[144.99742,-37.75175],[144.99724,-37.75173],[144.9971,-37.75172],[144.99553,-37.75156],[144.99534,-37.75154]]]},"properties":{"cat":"industrial","name":"Preston Tram Workshops"}},{"type":"Feature","geometry":{"type":"Polygon","coordinates":[[[145.0525,-38.233],[145.05326,-38.23131],[145.05174,-38.23084],[145.05096,-38.23059],[145.04989,-38.23015],[145.0493,-38.22983],[145.04868,-38.22943],[145.04638,-38.23118],[145.04683,-38.23129],[145.0464,-38.23166],[145.04678,-38.2323],[145.04733,-38.23306],[145.0479,-38.23347],[145.04847,-38.23372],[145.04956,-38.23408],[145.0503,-38.23246],[145.05092,-38.23264],[145.05095,-38.23256],[145.0525,-38.233]]]},"properties":{"cat":"industrial","name":"Mornington Industrial Estate"}},{"type":"Feature","geometry":{"type":"Polygon","coordinates":[[[145.23604,-37.91152],[145.23582,-37.9115],[145.2347,-37.91139],[145.23408,-37.91133],[145.23379,-37.91045],[145.23355,-37.90973],[145.23345,-37.90943],[145.23379,-37.90908],[145.234,-37.90886],[145.23414,-37.90872],[145.23427,-37.90858],[145.23447,-37.90838],[145.23452,-37.90835],[145.23508,-37.90806],[145.23527,-37.90795],[145.23593,-37.90758],[145.23621,-37.90819],[145.2363,-37.90819],[145.23681,-37.90824],[145.23663,-37.9091],[145.23661,-37.90926],[145.23651,-37.90926],[145.23641,-37.9093],[145.23632,-37.90936],[145.23625,-37.90942],[145.23619,-37.90948],[145.23615,-37.90956],[145.23612,-37.90964],[145.23595,-37.9105],[145.23594,-37.9106],[145.23595,-37.91074],[145.23599,-37.91087],[145.23604,-37.91098],[145.23613,-37.91108],[145.23604,-37.91152]]]},"properties":{"cat":"industrial","name":""}},{"type":"Feature","geometry":{"type":"Polygon","coordinates":[[[145.17641,-37.95047],[145.1788,-37.95075],[145.18071,-37.95096],[145.18118,-37.94853],[145.18258,-37.94981],[145.18313,-37.94662],[145.18458,-37.94629],[145.18485,-37.94621],[145.18515,-37.94608],[145.18534,-37.94598],[145.18561,-37.9458],[145.18577,-37.94567],[145.18598,-37.94546],[145.18617,-37.94523],[145.18629,-37.94503],[145.18656,-37.94449],[145.18691,-37.94284],[145.18723,-37.94136],[145.18718,-37.94069],[145.18709,-37.94034],[145.18702,-37.94017],[145.18688,-37.93991],[145.18664,-37.93961],[145.18642,-37.93939],[145.18626,-37.93927],[145.18608,-37.93915],[145.1858,-37.93899],[145.18481,-37.93855],[145.1831,-37.93832],[145.18322,-37.93769],[145.18326,-37.93746],[145.18343,-37.93657],[145.18266,-37.93648],[145.18251,-37.93654],[145.18243,-37.93653],[145.1823,-37.93652],[145.18207,-37.9364],[145.17902,-37.93604],[145.17889,-37.9361],[145.17876,-37.93608],[145.17856,-37.93607],[145.17839,-37.93596],[145.17425,-37.93539],[145.17346,-37.93949],[145.17213,-37.93932],[145.17187,-37.94072],[145.17186,-37.94076],[145.17269,-37.94087],[145.17267,-37.94097],[145.17115,-37.94211],[145.17094,-37.94249],[145.17145,-37.94266],[145.17162,-37.94235],[145.17287,-37.94142],[145.1731,-37.94146],[145.17274,-37.94314],[145.17249,-37.94417],[145.17092,-37.94544],[145.1708,-37.94543],[145.17102,-37.94563],[145.17106,-37.94567],[145.17196,-37.94648],[145.17292,-37.94735],[145.17294,-37.94737],[145.17298,-37.9474],[145.17348,-37.94785],[145.17411,-37.94841],[145.17419,-37.94847],[145.17483,-37.94906],[145.17593,-37.95004],[145.17641,-37.95047]]]},"properties":{"cat":"cemetery","name":"Springvale Botanical Cemetery"}},{"type":"Feature","geometry":{"type":"Polygon","coordinates":[[[145.17145,-37.94266],[145.17162,-37.94235],[145.17287,-37.94142],[145.1731,-37.94146],[145.17274,-37.94314],[145.17132,-37.94294],[145.17145,-37.94266]]]},"properties":{"cat":"cemetery","name":"Adass Israel Jewish Cemetery"}},{"type":"Feature","geometry":{"type":"Polygon","coordinates":[[[145.16438,-38.09853],[145.16444,-38.1023],[145.1645,-38.1046],[145.16455,-38.10707],[145.164,-38.10741],[145.16378,-38.10729],[145.16362,-38.10717],[145.16268,-38.10652],[145.16133,-38.10645],[145.16116,-38.1062],[145.16102,-38.106],[145.1608,-38.10568],[145.16003,-38.10453],[145.15996,-38.10443],[145.15943,-38.10364],[145.15733,-38.09981],[145.15659,-38.09853],[145.15737,-38.09813],[145.15779,-38.09807],[145.15795,-38.09744],[145.15584,-38.09715],[145.15544,-38.09707],[145.15519,-38.09647],[145.15487,-38.09468],[145.15487,-38.09343],[145.15661,-38.09174],[145.16022,-38.09006],[145.16264,-38.08908],[145.16376,-38.08874],[145.16425,-38.08859],[145.16675,-38.08782],[145.16748,-38.08739],[145.17143,-38.08614],[145.17399,-38.08485],[145.17455,-38.08469],[145.18054,-38.08538],[145.18038,-38.08573],[145.18009,-38.08622],[145.17968,-38.08715],[145.17933,-38.08788],[145.17763,-38.08766],[145.17754,-38.08807],[145.17642,-38.08794],[145.17565,-38.08785],[145.17363,-38.0876],[145.17337,-38.08857],[145.17266,-38.08848],[145.17237,-38.0896],[145.17277,-38.08965],[145.17247,-38.09114],[145.17199,-38.09108],[145.17172,-38.09236],[145.17166,-38.0926],[145.17114,-38.09253],[145.17112,-38.09265],[145.17161,-38.09271],[145.17139,-38.09367],[145.17156,-38.0937],[145.17163,-38.09347],[145.17306,-38.09367],[145.17286,-38.0933],[145.17306,-38.09335],[145.17326,-38.09367],[145.17512,-38.09391],[145.17487,-38.09422],[145.1747,-38.09446],[145.17452,-38.09469],[145.17448,-38.09467],[145.17424,-38.09461],[145.17407,-38.09457],[145.17391,-38.09456],[145.17376,-38.09457],[145.17363,-38.09463],[145.17357,-38.09467],[145.17352,-38.09475],[145.17349,-38.09485],[145.1735,-38.09497],[145.17343,-38.09526],[145.17342,-38.09527],[145.17334,-38.09549],[145.173,-38.09621],[145.17275,-38.09674],[145.17272,-38.0968],[145.17271,-38.09682],[145.17243,-38.09739],[145.17238,-38.09743],[145.17231,-38.09744],[145.1721,-38.09741],[145.17102,-38.09728],[145.17076,-38.0972],[145.16991,-38.09689],[145.1699,-38.09694],[145.16989,-38.09698],[145.16961,-38.09826],[145.16935,-38.09854],[145.16932,-38.09873],[145.16925,-38.09878],[145.16852,-38.09869],[145.1683,-38.09859],[145.16466,-38.09822],[145.16443,-38.09823],[145.16438,-38.09853]]]},"properties":{"cat":"industrial","name":""}},{"type":"Feature","geometry":{"type":"Polygon","coordinates":[[[144.67413,-37.89126],[144.67826,-37.89171],[144.67859,-37.89174],[144.67858,-37.89174],[144.6737,-37.89375],[144.6739,-37.89261],[144.67413,-37.89126]]]},"properties":{"cat":"cemetery","name":"Werribee Cemetery"}},{"type":"Feature","geometry":{"type":"Polygon","coordinates":[[[144.88506,-37.70896],[144.88522,-37.70897],[144.8851,-37.70906],[144.88507,-37.70909],[144.88505,-37.7091],[144.88522,-37.70923],[144.88536,-37.70933],[144.88572,-37.70903],[144.88696,-37.70917],[144.88753,-37.70994],[144.88776,-37.71031],[144.88488,-37.71231],[144.88473,-37.71241],[144.87937,-37.71552],[144.87748,-37.71529],[144.87754,-37.71476],[144.87811,-37.71432],[144.87806,-37.7142],[144.88025,-37.71254],[144.88034,-37.71256],[144.88258,-37.71085],[144.88256,-37.71082],[144.88305,-37.71044],[144.8842,-37.70954],[144.88445,-37.70942],[144.88506,-37.70896]]]},"properties":{"cat":"industrial","name":"Caterpillar"}},{"type":"Feature","geometry":{"type":"Polygon","coordinates":[[[144.75143,-37.86947],[144.75142,-37.86944],[144.75297,-37.86904],[144.75297,-37.86879],[144.75953,-37.86711],[144.75974,-37.86745],[144.75902,-37.86762],[144.75916,-37.86798],[144.75953,-37.86789],[144.75953,-37.86791],[144.7599,-37.86781],[144.7597,-37.86869],[144.75916,-37.86877],[144.75797,-37.86888],[144.75377,-37.86928],[144.75214,-37.86943],[144.75143,-37.86947]]]},"properties":{"cat":"industrial","name":""}},{"type":"Feature","geometry":{"type":"Polygon","coordinates":[[[144.85919,-37.71504],[144.85958,-37.7151],[144.85963,-37.71509],[144.85966,-37.71528],[144.85984,-37.7153],[144.85965,-37.71578],[144.85947,-37.71596],[144.85939,-37.7163],[144.85935,-37.71644],[144.85948,-37.71646],[144.85979,-37.71651],[144.86025,-37.71622],[144.86117,-37.71727],[144.86115,-37.71749],[144.86107,-37.71773],[144.861,-37.71816],[144.86173,-37.71871],[144.86181,-37.71874],[144.86239,-37.71917],[144.86239,-37.71921],[144.86266,-37.71942],[144.86269,-37.71943],[144.86356,-37.72009],[144.86375,-37.7203],[144.86373,-37.72031],[144.86405,-37.72066],[144.86442,-37.72107],[144.86457,-37.7212],[144.86481,-37.72147],[144.86483,-37.72146],[144.86485,-37.72149],[144.86482,-37.72172],[144.86479,-37.72189],[144.86479,-37.72204],[144.86513,-37.72211],[144.86532,-37.72213],[144.86542,-37.72208],[144.8657,-37.72189],[144.86597,-37.72171],[144.86605,-37.72157],[144.86659,-37.72114],[144.86682,-37.72099],[144.86692,-37.72098],[144.86697,-37.72098],[144.8671,-37.72086],[144.86709,-37.72078],[144.8669,-37.7203],[144.86725,-37.72016],[144.86712,-37.71996],[144.86718,-37.71994],[144.8678,-37.71968],[144.8677,-37.71952],[144.86763,-37.71955],[144.86752,-37.71939],[144.86745,-37.71942],[144.86735,-37.71926],[144.86725,-37.71919],[144.86714,-37.71912],[144.86701,-37.71897],[144.86633,-37.71846],[144.86646,-37.71828],[144.86677,-37.71757],[144.86684,-37.7173],[144.86687,-37.71708],[144.86688,-37.71699],[144.86793,-37.71689],[144.86918,-37.71618],[144.86927,-37.71608],[144.86929,-37.71597],[144.86923,-37.71551],[144.86958,-37.71519],[144.87005,-37.71482],[144.86907,-37.71398],[144.86887,-37.71382],[144.86877,-37.71373],[144.86863,-37.71362],[144.86757,-37.71267],[144.86748,-37.71256],[144.86736,-37.71243],[144.86714,-37.71219],[144.86701,-37.71205],[144.86694,-37.71196],[144.86691,-37.7119],[144.86679,-37.71159],[144.86668,-37.71131],[144.86658,-37.71105],[144.8665,-37.71084],[144.86639,-37.71055],[144.86683,-37.70795],[144.86689,-37.70766],[144.86598,-37.70757],[144.86594,-37.70756],[144.86596,-37.70748],[144.86597,-37.70742],[144.86598,-37.70737],[144.86606,-37.7069],[144.86371,-37.70664],[144.86153,-37.70645],[144.86099,-37.70659],[144.86059,-37.70882],[144.86038,-37.7088],[144.86019,-37.70993],[144.8601,-37.71044],[144.85982,-37.71218],[144.85967,-37.71216],[144.85966,-37.71222],[144.85965,-37.71225],[144.85965,-37.71232],[144.85964,-37.71241],[144.85962,-37.71251],[144.85953,-37.71304],[144.85965,-37.71318],[144.85962,-37.71344],[144.85947,-37.71357],[144.8594,-37.71387],[144.85936,-37.71406],[144.85919,-37.71504]]]},"properties":{"cat":"industrial","name":""}},{"type":"Feature","geometry":{"type":"Polygon","coordinates":[[[144.86859,-37.70717],[144.86797,-37.70721],[144.86766,-37.70847],[144.86755,-37.70897],[144.86747,-37.70932],[144.86736,-37.70976],[144.86737,-37.70988],[144.8674,-37.71018],[144.86748,-37.71096],[144.86752,-37.71104],[144.86792,-37.71167],[144.86829,-37.71224],[144.86945,-37.71294],[144.86956,-37.71309],[144.86953,-37.71325],[144.86977,-37.71348],[144.87028,-37.71387],[144.87078,-37.71416],[144.87129,-37.71433],[144.87147,-37.71438],[144.87152,-37.71359],[144.87269,-37.71293],[144.87281,-37.71302],[144.8737,-37.71251],[144.8738,-37.71231],[144.87361,-37.71111],[144.87355,-37.7107],[144.87341,-37.71069],[144.87346,-37.7104],[144.87345,-37.7104],[144.87352,-37.71015],[144.87355,-37.71003],[144.87356,-37.71004],[144.87358,-37.70992],[144.87359,-37.7099],[144.87369,-37.70991],[144.87375,-37.70971],[144.87381,-37.7095],[144.87398,-37.70892],[144.87394,-37.70891],[144.87398,-37.7087],[144.87406,-37.70847],[144.87419,-37.70799],[144.87422,-37.70779],[144.8729,-37.70765],[144.87135,-37.70748],[144.87058,-37.7074],[144.86859,-37.70717]]]},"properties":{"cat":"industrial","name":""}},{"type":"Feature","geometry":{"type":"Polygon","coordinates":[[[144.87422,-37.7125],[144.87216,-37.71372],[144.87226,-37.7141],[144.87247,-37.71418],[144.87233,-37.71437],[144.87234,-37.7144],[144.87237,-37.71451],[144.87269,-37.71455],[144.87422,-37.71472],[144.87478,-37.71473],[144.87637,-37.7142],[144.87819,-37.71306],[144.87995,-37.71196],[144.88372,-37.70896],[144.88042,-37.70854],[144.87873,-37.70833],[144.87675,-37.70808],[144.87461,-37.70781],[144.87422,-37.7096],[144.87383,-37.71049],[144.87394,-37.71089],[144.87402,-37.7109],[144.87406,-37.71144],[144.87396,-37.71143],[144.87406,-37.71233],[144.87422,-37.7125]]]},"properties":{"cat":"industrial","name":""}},{"type":"Feature","geometry":{"type":"Polygon","coordinates":[[[144.93261,-37.8425],[144.9325,-37.84248],[144.93252,-37.84241],[144.93272,-37.84182],[144.93285,-37.84173],[144.93301,-37.84163],[144.93306,-37.8415],[144.93316,-37.84152],[144.93322,-37.84145],[144.93327,-37.84147],[144.93337,-37.84149],[144.93348,-37.84161],[144.93315,-37.8426],[144.93304,-37.84266],[144.93294,-37.84267],[144.93277,-37.84264],[144.93261,-37.8425]]]},"properties":{"cat":"industrial","name":""}},{"type":"Feature","geometry":{"type":"Polygon","coordinates":[[[145.25012,-37.89766],[145.25055,-37.89761],[145.25069,-37.89739],[145.25087,-37.89731],[145.2511,-37.89728],[145.25166,-37.89721],[145.25231,-37.89713],[145.25245,-37.89712],[145.2526,-37.8971],[145.25301,-37.89705],[145.25311,-37.89704],[145.25297,-37.89606],[145.25296,-37.89598],[145.25288,-37.89536],[145.25286,-37.89525],[145.25281,-37.89487],[145.25277,-37.89448],[145.25275,-37.89425],[145.25386,-37.89383],[145.25477,-37.89348],[145.25527,-37.89324],[145.25669,-37.89266],[145.25676,-37.89381],[145.25639,-37.89397],[145.25676,-37.89679],[145.25678,-37.89694],[145.25723,-37.89994],[145.25721,-37.90023],[145.25649,-37.90051],[145.25567,-37.90082],[145.25493,-37.90111],[145.25415,-37.90141],[145.25338,-37.9017],[145.25303,-37.90188],[145.25272,-37.90208],[145.25248,-37.90233],[145.25222,-37.90262],[145.25174,-37.90317],[145.25127,-37.90371],[145.25105,-37.90389],[145.25079,-37.90401],[145.25059,-37.90254],[145.25057,-37.9024],[145.25056,-37.9023],[145.25043,-37.90129],[145.25048,-37.90127],[145.25059,-37.9009],[145.25053,-37.9005],[145.25012,-37.89766]]]},"properties":{"cat":"industrial","name":""}},{"type":"Feature","geometry":{"type":"Polygon","coordinates":[[[145.24633,-37.89733],[145.24711,-37.89674],[145.24727,-37.89672],[145.24745,-37.89657],[145.24745,-37.89648],[145.24802,-37.89602],[145.24812,-37.89597],[145.24987,-37.89734],[145.24992,-37.89767],[145.25037,-37.90095],[145.25016,-37.90105],[145.25032,-37.90225],[145.25037,-37.90256],[145.25052,-37.90371],[145.25033,-37.90392],[145.24965,-37.90404],[145.24904,-37.90403],[145.24857,-37.90403],[145.24856,-37.90402],[145.24844,-37.90398],[145.24844,-37.90398],[145.24834,-37.90392],[145.24807,-37.90382],[145.24619,-37.90308],[145.24619,-37.90319],[145.24617,-37.90326],[145.24587,-37.90327],[145.24395,-37.9033],[145.24361,-37.90331],[145.24097,-37.9035],[145.23979,-37.90341],[145.2392,-37.90336],[145.23841,-37.90333],[145.23788,-37.90333],[145.23746,-37.90339],[145.23676,-37.90352],[145.23626,-37.90297],[145.23623,-37.90272],[145.23606,-37.90242],[145.23563,-37.90189],[145.2354,-37.90191],[145.2352,-37.90184],[145.23458,-37.90112],[145.23394,-37.90032],[145.23454,-37.89916],[145.23513,-37.89898],[145.2366,-37.89875],[145.23679,-37.89882],[145.23691,-37.89881],[145.23704,-37.8988],[145.23716,-37.89867],[145.23933,-37.89836],[145.23951,-37.89834],[145.24032,-37.89822],[145.2405,-37.8982],[145.24044,-37.89866],[145.24061,-37.89988],[145.24092,-37.89985],[145.24328,-37.89959],[145.24303,-37.89789],[145.24309,-37.89793],[145.24435,-37.89779],[145.24448,-37.89778],[145.24556,-37.89756],[145.24617,-37.89744],[145.24633,-37.8974],[145.24633,-37.89733]]]},"properties":{"cat":"industrial","name":""}},{"type":"Feature","geometry":{"type":"Polygon","coordinates":[[[145.22584,-37.90073],[145.22662,-37.90074],[145.22663,-37.90014],[145.22664,-37.89946],[145.22756,-37.89947],[145.22783,-37.89944],[145.22796,-37.89934],[145.22927,-37.89935],[145.22926,-37.89951],[145.22926,-37.90018],[145.22966,-37.90018],[145.23032,-37.90019],[145.23033,-37.8996],[145.23033,-37.89951],[145.23047,-37.89951],[145.23251,-37.89954],[145.23359,-37.90086],[145.23238,-37.90084],[145.23237,-37.90136],[145.234,-37.90138],[145.23563,-37.90339],[145.23371,-37.90439],[145.22999,-37.90616],[145.22843,-37.90588],[145.22795,-37.90543],[145.22721,-37.90458],[145.22699,-37.90429],[145.22672,-37.90408],[145.22627,-37.90358],[145.22623,-37.90337],[145.22611,-37.9026],[145.22608,-37.90235],[145.22607,-37.90224],[145.22607,-37.90224],[145.22602,-37.90196],[145.22599,-37.90169],[145.22596,-37.90149],[145.22584,-37.90073]]]},"properties":{"cat":"industrial","name":"Scoresby Industry Park"}},{"type":"Feature","geometry":{"type":"Polygon","coordinates":[[[144.86123,-37.77673],[144.86101,-37.77688],[144.86088,-37.77757],[144.86088,-37.7776],[144.86087,-37.77767],[144.86203,-37.7778],[144.8619,-37.77854],[144.86301,-37.77868],[144.86343,-37.77657],[144.86367,-37.77659],[144.86374,-37.7766],[144.86378,-37.7764],[144.86383,-37.77612],[144.86355,-37.77606],[144.86355,-37.77569],[144.86286,-37.7756],[144.86231,-37.776],[144.86191,-37.77633],[144.86123,-37.77673]]]},"properties":{"cat":"industrial","name":"Peerless Foods"}},{"type":"Feature","geometry":{"type":"Polygon","coordinates":[[[144.94675,-37.72738],[144.95009,-37.72774],[144.94985,-37.72955],[144.94638,-37.72918],[144.94669,-37.72744],[144.94675,-37.72738]]]},"properties":{"cat":"industrial","name":""}},{"type":"Feature","geometry":{"type":"Polygon","coordinates":[[[145.26982,-37.83],[145.27019,-37.82987],[145.27133,-37.82945],[145.27111,-37.82908],[145.2711,-37.82898],[145.27124,-37.82878],[145.27105,-37.82822],[145.27126,-37.82781],[145.27219,-37.8275],[145.27405,-37.82686],[145.27393,-37.82663],[145.27422,-37.82653],[145.27435,-37.82676],[145.27514,-37.82649],[145.2753,-37.82643],[145.2751,-37.82507],[145.27655,-37.82412],[145.27663,-37.82402],[145.2768,-37.82374],[145.2775,-37.82314],[145.2799,-37.82276],[145.27998,-37.82262],[145.28047,-37.82267],[145.28393,-37.82221],[145.28399,-37.82221],[145.28718,-37.82156],[145.28738,-37.8224],[145.2875,-37.82242],[145.28748,-37.82293],[145.28746,-37.8235],[145.28745,-37.82368],[145.28743,-37.82425],[145.2875,-37.82425],[145.28748,-37.82452],[145.28744,-37.82452],[145.28648,-37.82456],[145.28678,-37.82545],[145.28684,-37.82563],[145.28696,-37.82603],[145.28673,-37.82612],[145.28223,-37.82766],[145.27992,-37.82845],[145.27982,-37.82827],[145.27961,-37.82789],[145.27936,-37.82791],[145.2793,-37.82747],[145.27787,-37.82699],[145.27764,-37.82708],[145.2779,-37.82914],[145.27582,-37.82984],[145.27355,-37.83062],[145.27317,-37.82993],[145.27029,-37.83091],[145.27029,-37.83081],[145.26982,-37.83]]]},"properties":{"cat":"industrial","name":""}},{"type":"Feature","geometry":{"type":"Polygon","coordinates":[[[145.24637,-37.84771],[145.24664,-37.8472],[145.24676,-37.84698],[145.24684,-37.84684],[145.24691,-37.8467],[145.2474,-37.84577],[145.24764,-37.84531],[145.24793,-37.84475],[145.24813,-37.84436],[145.24846,-37.84374],[145.24852,-37.8437],[145.24855,-37.84369],[145.24858,-37.84368],[145.24867,-37.84365],[145.24877,-37.84361],[145.24892,-37.84356],[145.24945,-37.84342],[145.24992,-37.84336],[145.25085,-37.84324],[145.25085,-37.84327],[145.25083,-37.84333],[145.25075,-37.84359],[145.25055,-37.84421],[145.25052,-37.84428],[145.25048,-37.84442],[145.25034,-37.84483],[145.25025,-37.8451],[145.25024,-37.84515],[145.25019,-37.84529],[145.25016,-37.8454],[145.25011,-37.84556],[145.2501,-37.84558],[145.25007,-37.84566],[145.24983,-37.8464],[145.24982,-37.84644],[145.24967,-37.84687],[145.24956,-37.84722],[145.24917,-37.84841],[145.24915,-37.84846],[145.24828,-37.8483],[145.24817,-37.84828],[145.24808,-37.84826],[145.24799,-37.84824],[145.24788,-37.84822],[145.247,-37.84792],[145.2469,-37.84789],[145.24656,-37.84778],[145.24649,-37.84776],[145.24637,-37.84771]]]},"properties":{"cat":"industrial","name":""}},{"type":"Feature","geometry":{"type":"Polygon","coordinates":[[[144.95662,-37.72538],[144.95621,-37.72534],[144.95626,-37.72501],[144.9567,-37.72504],[144.95662,-37.72538]]]},"properties":{"cat":"industrial","name":""}},{"type":"Feature","geometry":{"type":"Polygon","coordinates":[[[145.24105,-37.90536],[145.24145,-37.90528],[145.24151,-37.90526],[145.24172,-37.90525],[145.24179,-37.90525],[145.24252,-37.90527],[145.24263,-37.90528],[145.24273,-37.90531],[145.24281,-37.90535],[145.24284,-37.90537],[145.24292,-37.90541],[145.24304,-37.90549],[145.24295,-37.90559],[145.24294,-37.9056],[145.24284,-37.90573],[145.243,-37.90575],[145.24302,-37.90575],[145.24344,-37.90581],[145.24352,-37.90535],[145.24353,-37.90525],[145.24364,-37.90523],[145.24374,-37.90521],[145.2438,-37.90521],[145.2439,-37.9052],[145.24405,-37.90521],[145.24419,-37.90522],[145.24421,-37.90522],[145.24437,-37.90523],[145.24454,-37.90525],[145.24458,-37.90525],[145.24463,-37.90525],[145.24471,-37.90488],[145.24475,-37.90469],[145.24476,-37.90469],[145.24592,-37.90453],[145.24784,-37.90526],[145.24784,-37.90527],[145.2478,-37.90549],[145.24787,-37.90556],[145.24782,-37.90559],[145.24776,-37.90561],[145.2477,-37.90564],[145.24775,-37.90572],[145.24781,-37.90584],[145.24784,-37.90588],[145.24771,-37.90592],[145.24771,-37.90593],[145.24765,-37.90622],[145.24739,-37.90759],[145.24713,-37.90756],[145.24711,-37.90769],[145.2471,-37.90775],[145.24708,-37.90785],[145.24707,-37.90792],[145.24711,-37.90792],[145.2471,-37.90799],[145.24708,-37.90811],[145.24728,-37.90814],[145.24724,-37.90834],[145.24717,-37.90871],[145.24707,-37.90917],[145.24707,-37.90919],[145.24704,-37.90934],[145.24704,-37.90935],[145.24701,-37.90949],[145.247,-37.90954],[145.24694,-37.90986],[145.24692,-37.90997],[145.24688,-37.91018],[145.24686,-37.91029],[145.24683,-37.91047],[145.24681,-37.91055],[145.24679,-37.91065],[145.24676,-37.91082],[145.24632,-37.91077],[145.24629,-37.91076],[145.24609,-37.91074],[145.246,-37.91118],[145.246,-37.91121],[145.24598,-37.91131],[145.24596,-37.91141],[145.24594,-37.91153],[145.24576,-37.91152],[145.24551,-37.9115],[145.24542,-37.9115],[145.24504,-37.91147],[145.24475,-37.91144],[145.24443,-37.91142],[145.24442,-37.91142],[145.2444,-37.91141],[145.24439,-37.91139],[145.24437,-37.91137],[145.24437,-37.91135],[145.24437,-37.91132],[145.24438,-37.91127],[145.2441,-37.91124],[145.24371,-37.9112],[145.24242,-37.91108],[145.24198,-37.91104],[145.2414,-37.91099],[145.24124,-37.91121],[145.24113,-37.9112],[145.23998,-37.91105],[145.23929,-37.91097],[145.23853,-37.91088],[145.23846,-37.91087],[145.23814,-37.91083],[145.23794,-37.91081],[145.23782,-37.91079],[145.23788,-37.91049],[145.23808,-37.90945],[145.23798,-37.90944],[145.23746,-37.90937],[145.2375,-37.90918],[145.23733,-37.90916],[145.23721,-37.90915],[145.23686,-37.9091],[145.23703,-37.90825],[145.23728,-37.90696],[145.2373,-37.90688],[145.23742,-37.9069],[145.23776,-37.90695],[145.23779,-37.90695],[145.23795,-37.90697],[145.238,-37.90669],[145.23784,-37.90667],[145.23768,-37.90665],[145.23761,-37.90664],[145.23764,-37.90647],[145.23767,-37.90634],[145.23774,-37.90629],[145.23784,-37.90619],[145.23828,-37.90581],[145.2385,-37.90562],[145.23858,-37.90556],[145.23895,-37.90516],[145.23995,-37.90516],[145.23992,-37.90528],[145.24027,-37.90531],[145.24062,-37.90533],[145.24105,-37.90536]]]},"properties":{"cat":"industrial","name":""}},{"type":"Feature","geometry":{"type":"Polygon","coordinates":[[[145.00615,-37.76927],[145.00664,-37.76932],[145.00648,-37.77018],[145.00599,-37.77012],[145.00615,-37.76927]]]},"properties":{"cat":"cemetery","name":"Northcote Cemetery"}},{"type":"Feature","geometry":{"type":"Polygon","coordinates":[[[144.98116,-37.74007],[144.98478,-37.74051],[144.98437,-37.74308],[144.98216,-37.74284],[144.98,-37.74261],[144.98116,-37.74007]]]},"properties":{"cat":"cemetery","name":"Coburg Cemetery"}},{"type":"Feature","geometry":{"type":"Polygon","coordinates":[[[145.00143,-37.8593],[145.00389,-37.85964],[145.00331,-37.86285],[145.00084,-37.86255],[145.00143,-37.8593]]]},"properties":{"cat":"cemetery","name":"St Kilda General Cemetery"}},{"type":"Feature","geometry":{"type":"Polygon","coordinates":[[[144.87405,-37.69279],[144.87521,-37.69408],[144.87529,-37.69415],[144.87535,-37.69421],[144.87546,-37.69434],[144.87583,-37.69473],[144.87629,-37.69523],[144.87474,-37.69612],[144.8743,-37.69627],[144.8733,-37.69652],[144.87155,-37.69636],[144.87127,-37.69783],[144.87022,-37.69772],[144.86945,-37.69764],[144.86944,-37.69752],[144.86893,-37.69409],[144.86865,-37.69225],[144.86865,-37.69218],[144.87405,-37.69279]]]},"properties":{"cat":"industrial","name":"International Trade Park"}},{"type":"Feature","geometry":{"type":"Polygon","coordinates":[[[144.87415,-37.6894],[144.87541,-37.69062],[144.87595,-37.69028],[144.87691,-37.69121],[144.87713,-37.69145],[144.87661,-37.69178],[144.87772,-37.69289],[144.87783,-37.69299],[144.87809,-37.69281],[144.87827,-37.69296],[144.87835,-37.69301],[144.87844,-37.69304],[144.87841,-37.69325],[144.88107,-37.6935],[144.88111,-37.69324],[144.88129,-37.69243],[144.88129,-37.69228],[144.88143,-37.69229],[144.88152,-37.69186],[144.8815,-37.69181],[144.88151,-37.69173],[144.88157,-37.6914],[144.88159,-37.69125],[144.88162,-37.69123],[144.88165,-37.69107],[144.8816,-37.69102],[144.88059,-37.68989],[144.87914,-37.68835],[144.87873,-37.68792],[144.87761,-37.68702],[144.8771,-37.68661],[144.87686,-37.68641],[144.87642,-37.68605],[144.87379,-37.68393],[144.87268,-37.68304],[144.8715,-37.68209],[144.87132,-37.68324],[144.87154,-37.68326],[144.87127,-37.68508],[144.87112,-37.68603],[144.87107,-37.68638],[144.87415,-37.6894]]]},"properties":{"cat":"industrial","name":""}},{"type":"Feature","geometry":{"type":"Polygon","coordinates":[[[144.8691,-37.68758],[144.86916,-37.68753],[144.8695,-37.68725],[144.86953,-37.6872],[144.86961,-37.68716],[144.87061,-37.68633],[144.86975,-37.68551],[144.86964,-37.68557],[144.86908,-37.68589],[144.86887,-37.68568],[144.86863,-37.68583],[144.86757,-37.68479],[144.86668,-37.68538],[144.869,-37.68757],[144.8691,-37.68758]]]},"properties":{"cat":"industrial","name":""}},{"type":"Feature","geometry":{"type":"Polygon","coordinates":[[[144.93714,-37.79971],[144.94035,-37.80005],[144.94082,-37.8001],[144.94186,-37.80022],[144.94175,-37.8008],[144.94122,-37.80074],[144.94088,-37.8007],[144.94025,-37.80063],[144.93945,-37.80054],[144.93944,-37.80063],[144.9394,-37.80083],[144.93893,-37.80077],[144.93865,-37.80083],[144.93847,-37.80081],[144.93825,-37.80073],[144.93796,-37.80058],[144.93768,-37.80042],[144.93757,-37.80032],[144.9373,-37.80034],[144.93723,-37.80001],[144.93714,-37.79971]]]},"properties":{"cat":"industrial","name":""}},{"type":"Feature","geometry":{"type":"Polygon","coordinates":[[[145.05509,-37.96792],[145.05503,-37.96827],[145.05356,-37.96808],[145.0514,-37.96781],[145.05157,-37.9669],[145.05162,-37.96662],[145.05442,-37.967],[145.05465,-37.9672],[145.0547,-37.96726],[145.05495,-37.96769],[145.05509,-37.96792]]]},"properties":{"cat":"cemetery","name":"Cheltenham Pioneer Cemetery"}},{"type":"Feature","geometry":{"type":"Polygon","coordinates":[[[145.01955,-37.9012],[145.02044,-37.90131],[145.02047,-37.90127],[145.02051,-37.90124],[145.02059,-37.90122],[145.02066,-37.90123],[145.02073,-37.90124],[145.02078,-37.90127],[145.02081,-37.90131],[145.02082,-37.90136],[145.02266,-37.90159],[145.02339,-37.89793],[145.02009,-37.89755],[145.01956,-37.90026],[145.01955,-37.90037],[145.01953,-37.90061],[145.01944,-37.90105],[145.01946,-37.90114],[145.01955,-37.9012]]]},"properties":{"cat":"cemetery","name":"Brighton General Cemetery"}},{"type":"Feature","geometry":{"type":"Polygon","coordinates":[[[145.03123,-37.96076],[145.03164,-37.9587],[145.03165,-37.95866],[145.03177,-37.95807],[145.03295,-37.9582],[145.03339,-37.95825],[145.03343,-37.95828],[145.03348,-37.95826],[145.03464,-37.95839],[145.03501,-37.95843],[145.0347,-37.96008],[145.0348,-37.96009],[145.03472,-37.96053],[145.03522,-37.96059],[145.03511,-37.96123],[145.03123,-37.96076]]]},"properties":{"cat":"cemetery","name":"Cheltenham Memorial Park"}},{"type":"Feature","geometry":{"type":"Polygon","coordinates":[[[145.02271,-37.74267],[145.02906,-37.74339],[145.02863,-37.7457],[145.02955,-37.74581],[145.02953,-37.74596],[145.02998,-37.74601],[145.0297,-37.74803],[145.02609,-37.74758],[145.02308,-37.74725],[145.02317,-37.74669],[145.02204,-37.74656],[145.02271,-37.74267]]]},"properties":{"cat":"industrial","name":""}},{"type":"Feature","geometry":{"type":"Polygon","coordinates":[[[145.20181,-38.06304],[145.18429,-38.06088],[145.18334,-38.06568],[145.18327,-38.068],[145.18345,-38.06892],[145.18404,-38.06968],[145.18497,-38.0702],[145.18611,-38.07038],[145.18758,-38.07041],[145.18848,-38.07052],[145.18872,-38.0693],[145.18928,-38.0664],[145.19622,-38.06724],[145.19819,-38.06748],[145.19882,-38.06674],[145.20181,-38.06304]]]},"properties":{"cat":"cemetery","name":"Bunurong Memorial Park"}},{"type":"Feature","geometry":{"type":"Polygon","coordinates":[[[145.33977,-37.74608],[145.3395,-37.74743],[145.33937,-37.74806],[145.33712,-37.74782],[145.3375,-37.74585],[145.33977,-37.74608]]]},"properties":{"cat":"cemetery","name":"Lilydale Lawn Cemetery"}},{"type":"Feature","geometry":{"type":"Polygon","coordinates":[[[145.34002,-37.73192],[145.34603,-37.73251],[145.34489,-37.73856],[145.34195,-37.73827],[145.34081,-37.73815],[145.33892,-37.73796],[145.33887,-37.73796],[145.34002,-37.73192]]]},"properties":{"cat":"cemetery","name":"Lilydale Memorial Park"}},{"type":"Feature","geometry":{"type":"Polygon","coordinates":[[[145.02367,-37.63759],[145.0261,-37.63784],[145.02619,-37.63858],[145.02576,-37.63854],[145.02555,-37.63829],[145.02416,-37.63817],[145.02398,-37.63835],[145.02355,-37.63831],[145.02367,-37.63759]]]},"properties":{"cat":"cemetery","name":"Epping Cemetery"}},{"type":"Feature","geometry":{"type":"Polygon","coordinates":[[[144.94272,-37.77893],[144.94217,-37.78171],[144.9428,-37.78164],[144.94292,-37.78164],[144.94332,-37.78164],[144.94358,-37.78164],[144.9441,-37.78164],[144.94461,-37.78166],[144.94465,-37.78166],[144.94486,-37.78164],[144.94564,-37.78156],[144.94574,-37.78155],[144.94583,-37.78154],[144.94586,-37.78152],[144.94638,-37.78109],[144.94696,-37.78061],[144.94701,-37.78045],[144.94686,-37.78039],[144.94689,-37.77945],[144.94765,-37.77955],[144.9477,-37.7793],[144.94568,-37.77905],[144.94512,-37.77898],[144.94474,-37.77901],[144.94443,-37.77904],[144.94286,-37.77885],[144.94272,-37.77893]]]},"properties":{"cat":"industrial","name":"CSL"}},{"type":"Feature","geometry":{"type":"Polygon","coordinates":[[[145.07827,-37.94467],[145.0782,-37.94509],[145.07729,-37.94966],[145.07715,-37.94971],[145.07676,-37.94966],[145.0725,-37.94917],[145.06991,-37.94886],[145.0698,-37.94885],[145.06901,-37.94875],[145.0689,-37.94872],[145.06857,-37.94868],[145.06853,-37.9487],[145.06821,-37.94866],[145.06738,-37.94856],[145.06397,-37.94815],[145.06279,-37.948],[145.06259,-37.94798],[145.06027,-37.94769],[145.05937,-37.94758],[145.05932,-37.94757],[145.05928,-37.94755],[145.05924,-37.94753],[145.05922,-37.9475],[145.0592,-37.94747],[145.05919,-37.94742],[145.0592,-37.94739],[145.05944,-37.94614],[145.05958,-37.94541],[145.05973,-37.94471],[145.06026,-37.94202],[145.0603,-37.942],[145.0681,-37.94302],[145.06838,-37.94306],[145.06904,-37.94314],[145.06906,-37.94315],[145.06906,-37.94315],[145.06901,-37.94349],[145.07793,-37.94459],[145.07818,-37.94463],[145.07827,-37.94467]]]},"properties":{"cat":"industrial","name":""}},{"type":"Feature","geometry":{"type":"Polygon","coordinates":[[[145.21345,-37.99939],[145.21571,-37.99965],[145.21535,-38.00155],[145.21317,-38.00127],[145.21314,-38.00126],[145.21316,-38.00117],[145.21309,-38.00116],[145.21345,-37.9994],[145.21345,-37.99939]]]},"properties":{"cat":"cemetery","name":"Dandenong General Cemetery"}},{"type":"Feature","geometry":{"type":"Polygon","coordinates":[[[144.88078,-37.85524],[144.87887,-37.85412],[144.87698,-37.85298],[144.87597,-37.85236],[144.87604,-37.85209],[144.87612,-37.85186],[144.8762,-37.8517],[144.87632,-37.85148],[144.87643,-37.85134],[144.87654,-37.8512],[144.87665,-37.85109],[144.87673,-37.851],[144.87686,-37.85088],[144.87705,-37.85072],[144.88215,-37.85381],[144.88139,-37.85463],[144.88078,-37.85524]]]},"properties":{"cat":"cemetery","name":"Williamstown Cemetery"}},{"type":"Feature","geometry":{"type":"Polygon","coordinates":[[[144.86198,-37.81787],[144.86149,-37.81782],[144.85929,-37.81758],[144.85957,-37.81599],[144.85992,-37.81409],[144.86216,-37.81345],[144.86217,-37.81346],[144.86226,-37.81347],[144.86229,-37.81341],[144.86281,-37.81327],[144.86247,-37.81516],[144.86198,-37.81787]]]},"properties":{"cat":"cemetery","name":"Footscray Cemetery"}},{"type":"Feature","geometry":{"type":"Polygon","coordinates":[[[145.30399,-37.82123],[145.30394,-37.82129],[145.30388,-37.82137],[145.30371,-37.82147],[145.30357,-37.82153],[145.30216,-37.82191],[145.29765,-37.82312],[145.29672,-37.82337],[145.29648,-37.82342],[145.29634,-37.82351],[145.29641,-37.82317],[145.29543,-37.82304],[145.29528,-37.82376],[145.29386,-37.82415],[145.29224,-37.82459],[145.29002,-37.82519],[145.29006,-37.82391],[145.28854,-37.82372],[145.28786,-37.82364],[145.28791,-37.82254],[145.28797,-37.82111],[145.28802,-37.81964],[145.28824,-37.8197],[145.28824,-37.81987],[145.29013,-37.8201],[145.29013,-37.81944],[145.29027,-37.81944],[145.29028,-37.81921],[145.29226,-37.81945],[145.29701,-37.81728],[145.30153,-37.81522],[145.30168,-37.81441],[145.30304,-37.81456],[145.30473,-37.81476],[145.30524,-37.81483],[145.30475,-37.81752],[145.30447,-37.81893],[145.30432,-37.81977],[145.30427,-37.82009],[145.30425,-37.8202],[145.30406,-37.82108],[145.30399,-37.82123]]]},"properties":{"cat":"industrial","name":""}},{"type":"Feature","geometry":{"type":"Polygon","coordinates":[[[144.8258,-37.8398],[144.82684,-37.83209],[144.82686,-37.8319],[144.82702,-37.8317],[144.82707,-37.83165],[144.83007,-37.83189],[144.83352,-37.83219],[144.83377,-37.8322],[144.83381,-37.8322],[144.83389,-37.83226],[144.83495,-37.83303],[144.83529,-37.8346],[144.83575,-37.83501],[144.83597,-37.8361],[144.83582,-37.83685],[144.83396,-37.83798],[144.83336,-37.84036],[144.8258,-37.8398]]]},"properties":{"cat":"industrial","name":"Toyota Australia"}},{"type":"Feature","geometry":{"type":"Polygon","coordinates":[[[144.57846,-37.6741],[144.58071,-37.67436],[144.58051,-37.67538],[144.58044,-37.67545],[144.57925,-37.67519],[144.57844,-37.67523],[144.57821,-37.6752],[144.57846,-37.6741]]]},"properties":{"cat":"cemetery","name":"Melton Cemetery"}},{"type":"Feature","geometry":{"type":"Polygon","coordinates":[[[144.87767,-37.77708],[144.87754,-37.77716],[144.87666,-37.77629],[144.87641,-37.77626],[144.87626,-37.77709],[144.87546,-37.77699],[144.87555,-37.77652],[144.8751,-37.77647],[144.8752,-37.77593],[144.87645,-37.77608],[144.87644,-37.77613],[144.87675,-37.77617],[144.8773,-37.77671],[144.8776,-37.77701],[144.87767,-37.77708]]]},"properties":{"cat":"prison","name":"Maribyrnong Immigration Detention Centre"}},{"type":"Feature","geometry":{"type":"Polygon","coordinates":[[[145.18896,-38.35357],[145.18668,-38.35357],[145.18668,-38.35464],[145.19004,-38.3546],[145.18896,-38.35357]]]},"properties":{"cat":"cemetery","name":"Crib Point Cemetery"}},{"type":"Feature","geometry":{"type":"Polygon","coordinates":[[[145.00095,-37.80918],[145.00119,-37.8077],[145.00157,-37.80746],[145.00469,-37.80776],[145.00477,-37.80777],[145.00481,-37.80761],[145.00615,-37.8075],[145.00682,-37.80752],[145.00761,-37.80761],[145.0077,-37.80762],[145.00757,-37.80868],[145.00759,-37.80867],[145.00865,-37.80878],[145.00873,-37.8095],[145.00876,-37.80981],[145.00846,-37.80978],[145.00741,-37.8097],[145.00731,-37.81023],[145.00722,-37.81068],[145.00647,-37.81059],[145.00634,-37.81069],[145.00482,-37.81054],[145.00476,-37.81091],[145.00415,-37.81085],[145.00437,-37.80947],[145.00374,-37.8094],[145.00347,-37.80938],[145.00266,-37.80931],[145.00095,-37.80918]]]},"properties":{"cat":"industrial","name":"Carlton and United Beverages Brewery"}},{"type":"Feature","geometry":{"type":"Polygon","coordinates":[[[145.00042,-37.83053],[145.00179,-37.83069],[145.00194,-37.82985],[145.00358,-37.83003],[145.00345,-37.83091],[145.00346,-37.83098],[145.0029,-37.83093],[145.00244,-37.83102],[145.00238,-37.83108],[145.00241,-37.83117],[145.0024,-37.83127],[145.00215,-37.83136],[145.00202,-37.83143],[145.00183,-37.83155],[145.0003,-37.83138],[145.00031,-37.83135],[145.00042,-37.83053]]]},"properties":{"cat":"industrial","name":"Richmond Terminal Station"}},{"type":"Feature","geometry":{"type":"Polygon","coordinates":[[[145.28849,-37.8121],[145.29728,-37.81319],[145.29747,-37.8122],[145.30301,-37.8129],[145.30289,-37.81299],[145.30113,-37.81421],[145.30095,-37.81432],[145.29999,-37.81498],[145.29541,-37.81697],[145.29164,-37.81829],[145.29053,-37.81858],[145.29056,-37.81876],[145.2899,-37.81892],[145.28989,-37.81875],[145.289,-37.81899],[145.28826,-37.81891],[145.28844,-37.81367],[145.28848,-37.81365],[145.2885,-37.81324],[145.28847,-37.81323],[145.28845,-37.81321],[145.28847,-37.81265],[145.28849,-37.8121]]]},"properties":{"cat":"industrial","name":""}},{"type":"Feature","geometry":{"type":"Polygon","coordinates":[[[145.21662,-37.90189],[145.21618,-37.9016],[145.21581,-37.89978],[145.21559,-37.89856],[145.21551,-37.89817],[145.21536,-37.89696],[145.21537,-37.89591],[145.21537,-37.89546],[145.21536,-37.895],[145.21538,-37.89388],[145.21708,-37.89517],[145.21976,-37.89723],[145.22061,-37.89788],[145.22095,-37.89815],[145.2211,-37.89827],[145.22055,-37.89859],[145.22126,-37.89938],[145.22064,-37.89972],[145.21959,-37.90028],[145.21915,-37.9005],[145.21662,-37.90189]]]},"properties":{"cat":"industrial","name":""}},{"type":"Feature","geometry":{"type":"Polygon","coordinates":[[[145.10084,-37.70074],[145.10101,-37.70022],[145.10094,-37.7002],[145.10089,-37.70019],[145.10069,-37.70017],[145.1006,-37.70073],[145.10084,-37.70074]]]},"properties":{"cat":"cemetery","name":"Greensborough Cemetery"}},{"type":"Feature","geometry":{"type":"Polygon","coordinates":[[[145.28511,-37.88901],[145.28434,-37.88916],[145.28355,-37.88932],[145.28324,-37.88882],[145.28288,-37.88882],[145.28264,-37.88933],[145.28256,-37.88945],[145.28184,-37.88959],[145.28143,-37.8889],[145.28086,-37.88795],[145.28063,-37.88759],[145.28056,-37.88745],[145.28029,-37.88701],[145.28007,-37.88672],[145.28005,-37.8867],[145.28003,-37.88667],[145.28,-37.88662],[145.27981,-37.88632],[145.27978,-37.88627],[145.27974,-37.88621],[145.27959,-37.88597],[145.27947,-37.88579],[145.27945,-37.88575],[145.27926,-37.88544],[145.27916,-37.88528],[145.27912,-37.88522],[145.27907,-37.88513],[145.27895,-37.88495],[145.27889,-37.88484],[145.27886,-37.8848],[145.27868,-37.88453],[145.27866,-37.88449],[145.27855,-37.88433],[145.27852,-37.88429],[145.2785,-37.88424],[145.27849,-37.8842],[145.27848,-37.88415],[145.27848,-37.88413],[145.27848,-37.88411],[145.27848,-37.88406],[145.27849,-37.88402],[145.2785,-37.88397],[145.27854,-37.88388],[145.27857,-37.88381],[145.2786,-37.88373],[145.27866,-37.88359],[145.27868,-37.88354],[145.27876,-37.88333],[145.27968,-37.88358],[145.28055,-37.88382],[145.28075,-37.88388],[145.28133,-37.88407],[145.2817,-37.88428],[145.28191,-37.88441],[145.28223,-37.88463],[145.28232,-37.88469],[145.28281,-37.88509],[145.2832,-37.8854],[145.2834,-37.88556],[145.28402,-37.88605],[145.284,-37.8861],[145.28462,-37.88657],[145.2846,-37.88659],[145.28435,-37.8868],[145.28511,-37.88901]]]},"properties":{"cat":"industrial","name":""}},{"type":"Feature","geometry":{"type":"Polygon","coordinates":[[[144.82545,-37.81904],[144.82534,-37.81848],[144.8255,-37.81808],[144.82583,-37.81779],[144.82731,-37.81689],[144.82812,-37.8165],[144.82841,-37.81631],[144.8287,-37.81604],[144.82906,-37.81561],[144.82921,-37.81526],[144.82925,-37.81504],[144.8292,-37.81483],[144.82856,-37.81338],[144.82847,-37.81302],[144.82848,-37.81248],[144.82865,-37.812],[144.82914,-37.81137],[144.8297,-37.81103],[144.83017,-37.81075],[144.83076,-37.81054],[144.83118,-37.81017],[144.83151,-37.80993],[144.83208,-37.81001],[144.83291,-37.81007],[144.83342,-37.81015],[144.83369,-37.81021],[144.83362,-37.8106],[144.83275,-37.8154],[144.8323,-37.81782],[144.83226,-37.81808],[144.82837,-37.81908],[144.8283,-37.81909],[144.82819,-37.81912],[144.82763,-37.81927],[144.82545,-37.81904]]]},"properties":{"cat":"landfill","name":"Brooklyn Landfill & Waste Recycling Facility"}},{"type":"Feature","geometry":{"type":"Polygon","coordinates":[[[144.83287,-37.81613],[144.83394,-37.81038],[144.83894,-37.81094],[144.83884,-37.81147],[144.83865,-37.81258],[144.83843,-37.81386],[144.83818,-37.81529],[144.83702,-37.81525],[144.83673,-37.81645],[144.83287,-37.81613]]]},"properties":{"cat":"industrial","name":"Hanson Brooklyn Quarry"}},{"type":"Feature","geometry":{"type":"Polygon","coordinates":[[[144.82628,-37.83133],[144.82299,-37.83106],[144.81611,-37.83051],[144.81611,-37.83048],[144.81656,-37.83025],[144.81846,-37.82907],[144.81996,-37.82784],[144.82196,-37.82633],[144.82327,-37.82607],[144.82591,-37.82594],[144.8259,-37.82613],[144.82637,-37.8262],[144.82656,-37.8268],[144.82734,-37.82914],[144.82696,-37.82957],[144.8266,-37.83017],[144.82647,-37.83063],[144.82637,-37.8313],[144.82636,-37.8314],[144.82628,-37.83133]]]},"properties":{"cat":"cemetery","name":"Altona Memorial Park"}},{"type":"Feature","geometry":{"type":"Polygon","coordinates":[[[145.15082,-37.72955],[145.1519,-37.72911],[145.15115,-37.72757],[145.15201,-37.72725],[145.15177,-37.72686],[145.15141,-37.72624],[145.14926,-37.72701],[145.15082,-37.72955]]]},"properties":{"cat":"cemetery","name":"Eltham Cemetery"}},{"type":"Feature","geometry":{"type":"Polygon","coordinates":[[[144.86615,-37.82381],[144.86062,-37.81961],[144.86045,-37.8199],[144.86007,-37.82053],[144.86007,-37.82054],[144.86003,-37.82069],[144.85944,-37.82338],[144.86338,-37.82392],[144.86391,-37.82382],[144.86615,-37.82381]]]},"properties":{"cat":"industrial","name":"Cawley Industrial Park"}},{"type":"Feature","geometry":{"type":"Polygon","coordinates":[[[144.85126,-37.73002],[144.85162,-37.72792],[144.85169,-37.72786],[144.85218,-37.72791],[144.85225,-37.72739],[144.85173,-37.72733],[144.85177,-37.72717],[144.85178,-37.72714],[144.8519,-37.72673],[144.8526,-37.72688],[144.85335,-37.72697],[144.8555,-37.72715],[144.85572,-37.72723],[144.85561,-37.7273],[144.85603,-37.72756],[144.85601,-37.72767],[144.85665,-37.7278],[144.85663,-37.72789],[144.85657,-37.72818],[144.85637,-37.72924],[144.8563,-37.72964],[144.85511,-37.73066],[144.85409,-37.73055],[144.85406,-37.73053],[144.85407,-37.73048],[144.85409,-37.73046],[144.85412,-37.73043],[144.85413,-37.73038],[144.85326,-37.73029],[144.85132,-37.73007],[144.85126,-37.73002]]]},"properties":{"cat":"cemetery","name":"Keilor Cemetery"}},{"type":"Feature","geometry":{"type":"Polygon","coordinates":[[[145.49853,-38.09185],[145.49841,-38.09191],[145.49834,-38.092],[145.49831,-38.09211],[145.49751,-38.0959],[145.49751,-38.096],[145.49759,-38.09607],[145.4977,-38.09613],[145.50068,-38.09685],[145.50079,-38.09683],[145.50086,-38.09676],[145.50089,-38.09666],[145.50203,-38.09145],[145.50199,-38.09135],[145.50191,-38.09126],[145.50181,-38.09125],[145.5016,-38.09126],[145.50064,-38.09146],[145.50062,-38.09151],[145.50031,-38.09157],[145.50022,-38.09155],[145.49853,-38.09185]]]},"properties":{"cat":"wastewater","name":""}},{"type":"Feature","geometry":{"type":"Polygon","coordinates":[[[145.25024,-37.86443],[145.25191,-37.86497],[145.25224,-37.86508],[145.2532,-37.8654],[145.25333,-37.86515],[145.25436,-37.86549],[145.2544,-37.86541],[145.25559,-37.86581],[145.25528,-37.86643],[145.25524,-37.86651],[145.25544,-37.86658],[145.25549,-37.86649],[145.2558,-37.86587],[145.25657,-37.86612],[145.25694,-37.86625],[145.25589,-37.86828],[145.25546,-37.8691],[145.25431,-37.86873],[145.25451,-37.86833],[145.25434,-37.86827],[145.25413,-37.86867],[145.25298,-37.86831],[145.25278,-37.86869],[145.25055,-37.86796],[145.25045,-37.86793],[145.24932,-37.86757],[145.24974,-37.86684],[145.25006,-37.86526],[145.25024,-37.86443]]]},"properties":{"cat":"industrial","name":""}},{"type":"Feature","geometry":{"type":"Polygon","coordinates":[[[144.95369,-37.70092],[144.95259,-37.7008],[144.95244,-37.70161],[144.95182,-37.70155],[144.94892,-37.70118],[144.94887,-37.70117],[144.94584,-37.70083],[144.94672,-37.69906],[144.94732,-37.69579],[144.9471,-37.69577],[144.94333,-37.69535],[144.94167,-37.69517],[144.94189,-37.69377],[144.94623,-37.69345],[144.95062,-37.69313],[144.95491,-37.69281],[144.95501,-37.69285],[144.95506,-37.69286],[144.9571,-37.69269],[144.95773,-37.69429],[144.95798,-37.69511],[144.95758,-37.69532],[144.95755,-37.69533],[144.95751,-37.69535],[144.95612,-37.69603],[144.95571,-37.69847],[144.95756,-37.69867],[144.95766,-37.69868],[144.95828,-37.69875],[144.95845,-37.7001],[144.95842,-37.70007],[144.95805,-37.70004],[144.958,-37.70036],[144.95788,-37.70035],[144.95773,-37.70033],[144.95716,-37.70027],[144.95688,-37.70024],[144.95664,-37.70022],[144.95641,-37.70019],[144.95552,-37.7001],[144.95525,-37.70007],[144.95521,-37.70031],[144.95502,-37.70138],[144.95471,-37.70314],[144.95459,-37.70382],[144.95425,-37.70378],[144.95459,-37.70185],[144.95354,-37.70174],[144.95369,-37.70092]]]},"properties":{"cat":"cemetery","name":"Northern Memorial Park"}},{"type":"Feature","geometry":{"type":"Polygon","coordinates":[[[144.95845,-37.7001],[144.95891,-37.70402],[144.95891,-37.70405],[144.95893,-37.70423],[144.95887,-37.70427],[144.95833,-37.70421],[144.95788,-37.70035],[144.958,-37.70036],[144.95805,-37.70004],[144.95842,-37.70007],[144.95845,-37.7001]]]},"properties":{"cat":"industrial","name":""}},{"type":"Feature","geometry":{"type":"Polygon","coordinates":[[[145.29725,-37.83623],[145.29727,-37.83613],[145.30104,-37.83802],[145.30101,-37.83822],[145.29997,-37.84372],[145.29991,-37.84373],[145.29822,-37.84223],[145.29709,-37.84128],[145.29642,-37.84069],[145.29599,-37.84033],[145.29501,-37.83927],[145.29374,-37.83833],[145.29306,-37.83803],[145.29273,-37.83801],[145.28826,-37.83751],[145.28836,-37.83687],[145.28841,-37.83672],[145.28849,-37.83662],[145.28863,-37.83651],[145.28877,-37.8364],[145.28882,-37.83632],[145.28883,-37.8362],[145.28873,-37.83602],[145.28864,-37.83586],[145.28864,-37.83573],[145.28892,-37.83417],[145.28904,-37.83418],[145.28912,-37.83373],[145.29339,-37.83432],[145.29725,-37.83623]]]},"properties":{"cat":"industrial","name":""}},{"type":"Feature","geometry":{"type":"Polygon","coordinates":[[[145.18136,-37.82496],[145.18133,-37.82637],[145.18148,-37.82626],[145.18386,-37.82494],[145.18136,-37.82496]]]},"properties":{"cat":"industrial","name":"Crown Coaches"}},{"type":"Feature","geometry":{"type":"Polygon","coordinates":[[[145.12635,-38.13087],[145.1262,-38.13155],[145.12793,-38.13203],[145.1281,-38.13135],[145.12635,-38.13087]]]},"properties":{"cat":"industrial","name":""}},{"type":"Feature","geometry":{"type":"Polygon","coordinates":[[[145.14508,-38.11162],[145.14285,-38.11133],[145.14259,-38.11139],[145.14225,-38.11131],[145.14168,-38.1113],[145.14179,-38.11084],[145.14044,-38.11068],[145.13999,-38.11062],[145.13981,-38.1106],[145.13901,-38.1105],[145.13897,-38.11057],[145.13872,-38.11109],[145.13848,-38.11205],[145.13884,-38.11209],[145.13842,-38.11459],[145.13783,-38.11468],[145.13776,-38.1159],[145.13774,-38.1161],[145.1377,-38.11671],[145.1376,-38.118],[145.13759,-38.11827],[145.13758,-38.11846],[145.13865,-38.11869],[145.13966,-38.11885],[145.14029,-38.11892],[145.14322,-38.11929],[145.14445,-38.11944],[145.14474,-38.11948],[145.14495,-38.1195],[145.14633,-38.11967],[145.1465,-38.11956],[145.14659,-38.11912],[145.14688,-38.11914],[145.14691,-38.119],[145.14697,-38.11901],[145.14711,-38.11902],[145.14752,-38.11907],[145.14786,-38.11885],[145.1494,-38.11779],[145.14942,-38.11778],[145.14929,-38.11766],[145.14726,-38.11741],[145.14731,-38.11711],[145.14728,-38.11711],[145.14534,-38.11687],[145.1451,-38.118],[145.14504,-38.11799],[145.14284,-38.11771],[145.14295,-38.11721],[145.14303,-38.11679],[145.14308,-38.11658],[145.14458,-38.11677],[145.14506,-38.11449],[145.14512,-38.11408],[145.14516,-38.11391],[145.14517,-38.11388],[145.14464,-38.11376],[145.14508,-38.11162]]]},"properties":{"cat":"industrial","name":""}},{"type":"Feature","geometry":{"type":"Polygon","coordinates":[[[145.11722,-37.98771],[145.11008,-37.98682],[145.10961,-37.98683],[145.10952,-37.98685],[145.1093,-37.98745],[145.10873,-37.988],[145.1087,-37.98805],[145.10869,-37.9881],[145.10868,-37.98815],[145.10866,-37.9882],[145.10851,-37.9884],[145.10836,-37.98857],[145.10821,-37.98871],[145.10805,-37.98885],[145.10801,-37.98887],[145.10798,-37.9889],[145.10794,-37.98896],[145.1078,-37.98929],[145.10776,-37.9894],[145.10775,-37.98942],[145.1077,-37.98961],[145.10753,-37.99055],[145.10743,-37.99102],[145.10718,-37.9924],[145.10701,-37.99252],[145.10687,-37.99328],[145.10696,-37.99352],[145.10681,-37.99431],[145.10643,-37.99626],[145.10636,-37.99625],[145.10625,-37.99679],[145.1063,-37.9968],[145.10626,-37.99699],[145.10615,-37.99754],[145.1061,-37.99768],[145.10602,-37.9977],[145.10557,-37.99998],[145.10554,-38.00014],[145.10557,-38.00022],[145.10545,-38.00092],[145.10539,-38.00093],[145.10532,-38.00127],[145.10537,-38.00151],[145.10536,-38.00157],[145.10485,-38.00424],[145.10472,-38.00475],[145.10431,-38.00695],[145.10494,-38.00726],[145.11316,-38.00827],[145.11396,-38.00457],[145.11519,-38.0047],[145.11527,-38.00441],[145.11978,-38.00415],[145.11964,-38.00245],[145.12005,-38.00243],[145.11994,-38.00115],[145.12279,-38.00098],[145.12265,-37.99933],[145.12222,-37.99927],[145.12226,-37.99908],[145.12216,-37.99907],[145.12213,-37.99905],[145.12209,-37.99903],[145.1221,-37.99901],[145.12212,-37.999],[145.12215,-37.99898],[145.12242,-37.99902],[145.12243,-37.99899],[145.12264,-37.99902],[145.1226,-37.99834],[145.12163,-37.99534],[145.12021,-37.99287],[145.1179,-37.98933],[145.11767,-37.9893],[145.11692,-37.9892],[145.11722,-37.98771]]]},"properties":{"cat":"industrial","name":""}},{"type":"Feature","geometry":{"type":"Polygon","coordinates":[[[145.14274,-38.10089],[145.14325,-38.09989],[145.14435,-38.09872],[145.14482,-38.09831],[145.14576,-38.09831],[145.14654,-38.09854],[145.14831,-38.09876],[145.14856,-38.09878],[145.14866,-38.09809],[145.14816,-38.09811],[145.1477,-38.09767],[145.14773,-38.09719],[145.14911,-38.09611],[145.14973,-38.09566],[145.1509,-38.09458],[145.15116,-38.09481],[145.15341,-38.09684],[145.153,-38.09891],[145.15284,-38.09976],[145.15392,-38.09987],[145.15648,-38.10239],[145.15634,-38.10253],[145.14708,-38.10159],[145.1473,-38.10111],[145.14725,-38.10111],[145.14703,-38.10158],[145.14257,-38.10112],[145.14274,-38.10089]]]},"properties":{"cat":"industrial","name":""}},{"type":"Feature","geometry":{"type":"Polygon","coordinates":[[[144.6789,-38.30878],[144.67802,-38.3088],[144.67799,-38.30826],[144.67887,-38.30823],[144.67888,-38.30843],[144.6789,-38.30878]]]},"properties":{"cat":"cemetery","name":"Point Nepean Cemetery"}},{"type":"Feature","geometry":{"type":"Polygon","coordinates":[[[145.10595,-37.99606],[145.10598,-37.9959],[145.10655,-37.99291],[145.10656,-37.99282],[145.10661,-37.99259],[145.10663,-37.99246],[145.10717,-37.98959],[145.10722,-37.9894],[145.10729,-37.98922],[145.10738,-37.98899],[145.10745,-37.98886],[145.10759,-37.98868],[145.10781,-37.98846],[145.10805,-37.9882],[145.10824,-37.98799],[145.10877,-37.98745],[145.10888,-37.98731],[145.10892,-37.98724],[145.10901,-37.98709],[145.10901,-37.98688],[145.109,-37.98681],[145.10897,-37.98677],[145.10893,-37.98673],[145.1088,-37.98665],[145.10855,-37.98662],[145.10528,-37.98622],[145.10029,-37.98561],[145.09951,-37.98552],[145.09882,-37.98543],[145.09878,-37.98567],[145.09881,-37.98572],[145.09878,-37.98601],[145.09866,-37.98663],[145.09866,-37.98665],[145.09855,-37.98723],[145.09853,-37.98736],[145.09852,-37.98738],[145.09847,-37.98767],[145.09807,-37.98977],[145.09768,-37.99174],[145.09766,-37.99187],[145.0976,-37.99186],[145.09751,-37.99234],[145.0978,-37.99236],[145.09798,-37.99238],[145.09822,-37.99239],[145.09842,-37.9924],[145.0999,-37.9925],[145.10031,-37.99253],[145.10033,-37.99274],[145.10036,-37.99301],[145.10133,-37.99327],[145.10143,-37.99362],[145.10282,-37.99387],[145.10402,-37.99408],[145.10489,-37.99423],[145.10508,-37.99426],[145.10508,-37.99428],[145.10516,-37.99481],[145.10519,-37.99507],[145.10531,-37.99592],[145.10595,-37.99606]]]},"properties":{"cat":"industrial","name":""}},{"type":"Feature","geometry":{"type":"Polygon","coordinates":[[[144.40901,-38.16314],[144.40802,-38.16857],[144.41934,-38.16997],[144.42007,-38.16597],[144.41997,-38.16592],[144.41901,-38.16567],[144.40901,-38.16314]]]},"properties":{"cat":"industrial","name":""}},{"type":"Feature","geometry":{"type":"Polygon","coordinates":[[[145.27033,-37.84407],[145.27034,-37.84405],[145.27042,-37.84412],[145.27052,-37.84422],[145.27062,-37.84431],[145.27066,-37.84437],[145.27073,-37.84442],[145.27082,-37.84452],[145.27102,-37.84473],[145.27093,-37.84478],[145.27136,-37.84525],[145.27272,-37.84666],[145.27338,-37.84738],[145.27151,-37.84717],[145.2716,-37.84665],[145.27162,-37.84652],[145.26993,-37.84632],[145.26989,-37.8463],[145.2701,-37.8452],[145.2702,-37.84483],[145.27028,-37.84445],[145.27028,-37.84441],[145.27028,-37.84438],[145.27026,-37.84438],[145.27029,-37.84422],[145.27033,-37.84407]]]},"properties":{"cat":"industrial","name":""}},{"type":"Feature","geometry":{"type":"Polygon","coordinates":[[[145.28342,-37.8045],[145.28338,-37.80465],[145.28299,-37.80659],[145.28297,-37.80659],[145.28192,-37.80647],[145.28115,-37.80638],[145.28128,-37.80567],[145.2828,-37.80462],[145.28313,-37.80445],[145.28342,-37.8045]]]},"properties":{"cat":"industrial","name":""}},{"type":"Feature","geometry":{"type":"Polygon","coordinates":[[[145.27988,-37.80624],[145.27917,-37.80615],[145.27799,-37.806],[145.2783,-37.8044],[145.27923,-37.80425],[145.28049,-37.80404],[145.28119,-37.80392],[145.28012,-37.80556],[145.2799,-37.80613],[145.27988,-37.80624]]]},"properties":{"cat":"industrial","name":""}},{"type":"Feature","geometry":{"type":"Polygon","coordinates":[[[145.28139,-37.8037],[145.27834,-37.80421],[145.27883,-37.80182],[145.27948,-37.80191],[145.28174,-37.80225],[145.28139,-37.8037]]]},"properties":{"cat":"industrial","name":""}},{"type":"Feature","geometry":{"type":"Polygon","coordinates":[[[145.26921,-37.93211],[145.27039,-37.9327],[145.27141,-37.93241],[145.27142,-37.93237],[145.27167,-37.93127],[145.27202,-37.92951],[145.27281,-37.92929],[145.27254,-37.92873],[145.27463,-37.92814],[145.27591,-37.92772],[145.27704,-37.92742],[145.27934,-37.92677],[145.28248,-37.92588],[145.28291,-37.92674],[145.28396,-37.92675],[145.28495,-37.92698],[145.2853,-37.92729],[145.28533,-37.9275],[145.2849,-37.92823],[145.28444,-37.92899],[145.28413,-37.93011],[145.28294,-37.93011],[145.28226,-37.93015],[145.28159,-37.92989],[145.28132,-37.93009],[145.28093,-37.93038],[145.28,-37.93088],[145.27996,-37.9309],[145.27887,-37.93127],[145.27864,-37.93198],[145.27833,-37.93237],[145.27767,-37.9334],[145.27731,-37.93372],[145.27601,-37.93493],[145.27585,-37.93568],[145.27556,-37.93613],[145.27488,-37.93646],[145.27384,-37.9367],[145.27287,-37.93718],[145.27245,-37.93795],[145.27214,-37.93812],[145.27162,-37.93812],[145.27088,-37.93786],[145.27046,-37.93753],[145.26975,-37.93685],[145.26931,-37.93674],[145.26814,-37.93659],[145.26799,-37.93633],[145.26784,-37.9355],[145.2682,-37.93461],[145.26837,-37.93321],[145.26873,-37.93259],[145.26921,-37.93211]]]},"properties":{"cat":"quarry","name":"Boral Quarry"}},{"type":"Feature","geometry":{"type":"Polygon","coordinates":[[[144.56737,-37.42001],[144.56983,-37.42033],[144.56943,-37.42211],[144.5671,-37.42172],[144.56737,-37.42001]]]},"properties":{"cat":"cemetery","name":"Macedon Cemetery"}},{"type":"Feature","geometry":{"type":"Polygon","coordinates":[[[144.86831,-37.80033],[144.86928,-37.80045],[144.86933,-37.80051],[144.86874,-37.80367],[144.86871,-37.80369],[144.86771,-37.80359],[144.86787,-37.80274],[144.86831,-37.80033]]]},"properties":{"cat":"industrial","name":""}},{"type":"Feature","geometry":{"type":"Polygon","coordinates":[[[144.86953,-37.80048],[144.87156,-37.80071],[144.87159,-37.80076],[144.871,-37.80393],[144.87096,-37.80395],[144.86998,-37.80384],[144.86941,-37.80378],[144.86891,-37.80373],[144.86906,-37.80289],[144.86913,-37.80252],[144.8695,-37.80051],[144.86953,-37.80048]]]},"properties":{"cat":"industrial","name":""}},{"type":"Feature","geometry":{"type":"Polygon","coordinates":[[[144.87133,-37.8031],[144.87115,-37.80406],[144.87167,-37.80412],[144.87185,-37.80316],[144.87197,-37.80251],[144.87308,-37.80264],[144.87323,-37.80266],[144.87359,-37.8027],[144.87365,-37.80238],[144.87367,-37.80238],[144.87519,-37.80255],[144.87512,-37.8029],[144.8749,-37.80409],[144.87441,-37.80404],[144.87434,-37.80441],[144.87433,-37.80445],[144.87458,-37.80448],[144.87552,-37.80459],[144.87552,-37.80455],[144.8756,-37.80416],[144.87563,-37.80395],[144.87574,-37.80339],[144.87599,-37.80204],[144.87614,-37.80123],[144.87509,-37.80111],[144.87391,-37.80097],[144.87366,-37.80094],[144.87177,-37.80073],[144.87133,-37.8031]]]},"properties":{"cat":"industrial","name":""}},{"type":"Feature","geometry":{"type":"Polygon","coordinates":[[[144.53728,-38.24991],[144.54134,-38.25037],[144.54044,-38.25456],[144.54039,-38.25479],[144.5364,-38.2543],[144.53728,-38.24991]]]},"properties":{"cat":"industrial","name":""}},{"type":"Feature","geometry":{"type":"Polygon","coordinates":[[[145.29765,-37.82312],[145.29672,-37.82337],[145.29648,-37.82342],[145.29652,-37.82318],[145.29675,-37.82196],[145.29785,-37.82208],[145.29834,-37.81952],[145.2999,-37.8197],[145.30005,-37.8189],[145.30082,-37.81899],[145.30081,-37.81905],[145.30096,-37.81907],[145.30099,-37.81911],[145.30102,-37.81914],[145.30105,-37.81916],[145.3011,-37.81917],[145.30204,-37.81928],[145.3021,-37.8193],[145.30213,-37.81932],[145.30219,-37.81937],[145.30224,-37.81939],[145.3023,-37.8194],[145.30237,-37.81941],[145.30243,-37.8194],[145.30248,-37.81939],[145.30252,-37.81936],[145.30256,-37.81937],[145.30253,-37.81957],[145.30432,-37.81977],[145.30427,-37.82009],[145.30425,-37.8202],[145.30406,-37.82108],[145.30394,-37.82129],[145.30371,-37.82147],[145.30216,-37.82191],[145.29765,-37.82312]]]},"properties":{"cat":"industrial","name":"Kenworth"}},{"type":"Feature","geometry":{"type":"Polygon","coordinates":[[[145.22353,-37.9065],[145.22334,-37.90661],[145.22308,-37.90677],[145.2231,-37.9071],[145.22324,-37.90726],[145.22325,-37.90753],[145.22329,-37.90856],[145.22303,-37.9087],[145.22295,-37.90875],[145.22375,-37.90962],[145.22359,-37.90972],[145.22186,-37.91024],[145.2218,-37.91026],[145.22174,-37.91028],[145.22168,-37.91031],[145.22163,-37.91034],[145.22159,-37.91038],[145.22156,-37.91042],[145.22153,-37.91046],[145.22151,-37.91052],[145.2215,-37.91057],[145.2215,-37.91062],[145.22151,-37.91067],[145.22152,-37.91071],[145.22154,-37.91075],[145.22157,-37.9108],[145.2216,-37.91084],[145.22163,-37.91088],[145.22293,-37.91224],[145.22334,-37.91267],[145.22294,-37.91302],[145.22272,-37.91305],[145.22251,-37.9131],[145.22233,-37.91321],[145.22214,-37.91346],[145.22098,-37.91549],[145.22085,-37.91561],[145.2207,-37.91571],[145.21962,-37.9164],[145.21942,-37.91652],[145.21918,-37.91663],[145.2189,-37.91671],[145.21845,-37.91683],[145.21755,-37.91702],[145.21623,-37.917],[145.21635,-37.91621],[145.21658,-37.91395],[145.21684,-37.91427],[145.21807,-37.91451],[145.21818,-37.91413],[145.21819,-37.91374],[145.2182,-37.91326],[145.2182,-37.91307],[145.2182,-37.91303],[145.2182,-37.91301],[145.2182,-37.91285],[145.21821,-37.91232],[145.21821,-37.91225],[145.21822,-37.91179],[145.21667,-37.91177],[145.21678,-37.91037],[145.21649,-37.90519],[145.21727,-37.90232],[145.21956,-37.90103],[145.22005,-37.90079],[145.2211,-37.9002],[145.22157,-37.89998],[145.22336,-37.89935],[145.22458,-37.89931],[145.22469,-37.9003],[145.22488,-37.90198],[145.22472,-37.90206],[145.22663,-37.90426],[145.22532,-37.905],[145.22574,-37.90547],[145.22561,-37.90554],[145.22551,-37.9056],[145.22542,-37.9055],[145.22357,-37.90654],[145.22353,-37.9065]]]},"properties":{"cat":"industrial","name":"Caribbean Business Park"}},{"type":"Feature","geometry":{"type":"Polygon","coordinates":[[[144.93753,-37.82401],[144.93771,-37.82395],[144.93785,-37.82396],[144.93799,-37.82404],[144.93941,-37.82528],[144.93829,-37.82532],[144.93711,-37.82539],[144.93644,-37.82484],[144.93753,-37.82401]]]},"properties":{"cat":"industrial","name":"Pronto Concrete"}},{"type":"Feature","geometry":{"type":"Polygon","coordinates":[[[145.5083,-37.56741],[145.50841,-37.56784],[145.5087,-37.56872],[145.50894,-37.56942],[145.50894,-37.56981],[145.50861,-37.57038],[145.50863,-37.57091],[145.50927,-37.57222],[145.50939,-37.57279],[145.50941,-37.5731],[145.50929,-37.57351],[145.50919,-37.57394],[145.50926,-37.57429],[145.49995,-37.57432],[145.49996,-37.56982],[145.50151,-37.56982],[145.50231,-37.56855],[145.50237,-37.56835],[145.50236,-37.56785],[145.50238,-37.56737],[145.5025,-37.56715],[145.503,-37.56682],[145.50359,-37.56641],[145.50388,-37.56632],[145.5043,-37.56625],[145.50495,-37.56623],[145.50539,-37.56632],[145.50618,-37.56666],[145.50776,-37.56721],[145.50811,-37.56727],[145.5083,-37.56741]]]},"properties":{"cat":"industrial","name":"Potato Research Station"}},{"type":"Feature","geometry":{"type":"Polygon","coordinates":[[[144.893,-37.82862],[144.8927,-37.83042],[144.8872,-37.8298],[144.88747,-37.82878],[144.88756,-37.82845],[144.88768,-37.82802],[144.88864,-37.82813],[144.893,-37.82862]]]},"properties":{"cat":"industrial","name":"Visy Glass Spotswood"}},{"type":"Feature","geometry":{"type":"Polygon","coordinates":[[[145.22032,-37.74204],[145.22053,-37.74191],[145.2205,-37.74184],[145.22054,-37.74179],[145.22062,-37.74177],[145.22083,-37.74184],[145.22081,-37.74193],[145.22072,-37.74205],[145.22049,-37.74218],[145.22041,-37.74212],[145.22032,-37.74204]]]},"properties":{"cat":"quarry","name":"Whipstick Gully Quarry"}},{"type":"Feature","geometry":{"type":"Polygon","coordinates":[[[145.24256,-37.80447],[145.24333,-37.80387],[145.2434,-37.80393],[145.24472,-37.80494],[145.24395,-37.8056],[145.24256,-37.80447]]]},"properties":{"cat":"industrial","name":""}},{"type":"Feature","geometry":{"type":"Polygon","coordinates":[[[144.82534,-37.83963],[144.82519,-37.84068],[144.82421,-37.8406],[144.82424,-37.84037],[144.82413,-37.8403],[144.82411,-37.84035],[144.82394,-37.84034],[144.82375,-37.84046],[144.82311,-37.84041],[144.82304,-37.84032],[144.82323,-37.83877],[144.82331,-37.83872],[144.82489,-37.83886],[144.82478,-37.83959],[144.82534,-37.83963]]]},"properties":{"cat":"industrial","name":""}},{"type":"Feature","geometry":{"type":"Polygon","coordinates":[[[144.81471,-37.83342],[144.81499,-37.83136],[144.81537,-37.83118],[144.81697,-37.83143],[144.81681,-37.83252],[144.81654,-37.83286],[144.81624,-37.83319],[144.8161,-37.8333],[144.81597,-37.83341],[144.81594,-37.83349],[144.81593,-37.83353],[144.8156,-37.83619],[144.81438,-37.83609],[144.81471,-37.83342]]]},"properties":{"cat":"industrial","name":""}},{"type":"Feature","geometry":{"type":"Polygon","coordinates":[[[144.73449,-37.7944],[144.73621,-37.78272],[144.73592,-37.78272],[144.73545,-37.78284],[144.73519,-37.78305],[144.73497,-37.78336],[144.73464,-37.78467],[144.72933,-37.78383],[144.72964,-37.7827],[144.7297,-37.78259],[144.72983,-37.7825],[144.72997,-37.78246],[144.73014,-37.78244],[144.73036,-37.78246],[144.73302,-37.78291],[144.73323,-37.78227],[144.73624,-37.78254],[144.73665,-37.77967],[144.72995,-37.77904],[144.73265,-37.7726],[144.73215,-37.77248],[144.7315,-37.77399],[144.71933,-37.77288],[144.71891,-37.77553],[144.7187,-37.77588],[144.71575,-37.77548],[144.71552,-37.77708],[144.7142,-37.77696],[144.71412,-37.77752],[144.70112,-37.77628],[144.70097,-37.77724],[144.69968,-37.78585],[144.70817,-37.78679],[144.70826,-37.78683],[144.70754,-37.79147],[144.70756,-37.7915],[144.71376,-37.79206],[144.71466,-37.79222],[144.71491,-37.79215],[144.71632,-37.79221],[144.71632,-37.79219],[144.72474,-37.79302],[144.72538,-37.79339],[144.72536,-37.79356],[144.73449,-37.7944]]]},"properties":{"cat":"industrial","name":"Boral Deer Park Quarry"}},{"type":"Feature","geometry":{"type":"Polygon","coordinates":[[[144.46342,-37.63196],[144.46604,-37.62893],[144.46639,-37.62395],[144.46803,-37.62055],[144.46867,-37.61956],[144.46913,-37.6162],[144.46946,-37.61483],[144.46472,-37.61413],[144.46515,-37.61281],[144.46401,-37.61256],[144.45986,-37.6122],[144.45933,-37.61407],[144.46254,-37.61461],[144.46193,-37.61589],[144.45859,-37.61871],[144.45676,-37.62128],[144.45714,-37.62352],[144.45561,-37.62336],[144.44817,-37.62265],[144.44814,-37.62326],[144.44801,-37.6242],[144.44833,-37.62487],[144.45013,-37.62573],[144.44981,-37.62916],[144.4497,-37.63089],[144.44859,-37.63122],[144.44814,-37.63221],[144.44741,-37.63301],[144.44798,-37.6345],[144.44616,-37.63494],[144.4457,-37.63837],[144.44406,-37.63833],[144.44301,-37.64081],[144.44419,-37.64173],[144.44598,-37.64198],[144.44577,-37.64355],[144.44721,-37.64335],[144.44947,-37.64433],[144.4492,-37.64508],[144.45116,-37.64599],[144.45129,-37.64743],[144.45363,-37.64937],[144.45795,-37.64748],[144.45915,-37.64606],[144.46027,-37.64347],[144.461,-37.64333],[144.46181,-37.64225],[144.46229,-37.63716],[144.4631,-37.6348],[144.46342,-37.63196]]]},"properties":{"cat":"quarry","name":"Bacchus Marsh Quarry"}},{"type":"Feature","geometry":{"type":"Polygon","coordinates":[[[144.86807,-37.84981],[144.86736,-37.85414],[144.86732,-37.85438],[144.86715,-37.8554],[144.86711,-37.85543],[144.86331,-37.85503],[144.86291,-37.85737],[144.86198,-37.85726],[144.85952,-37.85742],[144.85931,-37.85742],[144.85832,-37.85731],[144.85825,-37.8573],[144.85725,-37.85688],[144.85666,-37.85666],[144.8567,-37.85647],[144.85546,-37.856],[144.85467,-37.85567],[144.85465,-37.85576],[144.85403,-37.85548],[144.85399,-37.85547],[144.85279,-37.85562],[144.85274,-37.85561],[144.85264,-37.85548],[144.85264,-37.85543],[144.85286,-37.85411],[144.8531,-37.85273],[144.85319,-37.85268],[144.85331,-37.85236],[144.85334,-37.85226],[144.85733,-37.85351],[144.85763,-37.85185],[144.85819,-37.85191],[144.8587,-37.84872],[144.86133,-37.84901],[144.86135,-37.84906],[144.8616,-37.84909],[144.8617,-37.8491],[144.86217,-37.84915],[144.8634,-37.84928],[144.86341,-37.84924],[144.86373,-37.84928],[144.86374,-37.84922],[144.86443,-37.8493],[144.86465,-37.84935],[144.86532,-37.84942],[144.86533,-37.84941],[144.86556,-37.84943],[144.86609,-37.84948],[144.86609,-37.8495],[144.8664,-37.84953],[144.86639,-37.84958],[144.8673,-37.84968],[144.86729,-37.84973],[144.86807,-37.84981]]]},"properties":{"cat":"industrial","name":""}},{"type":"Feature","geometry":{"type":"Polygon","coordinates":[[[144.91867,-37.79705],[144.91778,-37.79609],[144.91763,-37.79598],[144.91746,-37.79594],[144.9162,-37.79667],[144.9166,-37.79704],[144.91692,-37.79761],[144.91685,-37.79765],[144.91696,-37.79777],[144.91707,-37.79807],[144.9171,-37.79804],[144.91747,-37.79771],[144.91867,-37.79705]]]},"properties":{"cat":"industrial","name":""}},{"type":"Feature","geometry":{"type":"Polygon","coordinates":[[[144.91703,-37.79853],[144.91671,-37.79914],[144.91658,-37.7993],[144.91628,-37.79966],[144.91609,-37.79992],[144.91616,-37.79996],[144.91582,-37.80032],[144.9156,-37.8005],[144.91556,-37.80043],[144.91541,-37.80052],[144.91518,-37.80057],[144.91503,-37.80057],[144.91454,-37.80059],[144.91423,-37.80056],[144.91422,-37.80064],[144.91392,-37.80052],[144.91391,-37.80055],[144.91345,-37.80037],[144.91342,-37.80029],[144.91345,-37.80018],[144.91316,-37.79998],[144.91296,-37.79991],[144.9127,-37.79991],[144.91265,-37.80001],[144.91243,-37.79994],[144.91228,-37.80023],[144.91216,-37.8002],[144.91212,-37.80029],[144.91205,-37.80047],[144.91188,-37.80045],[144.91165,-37.80047],[144.9115,-37.8005],[144.91141,-37.80053],[144.91132,-37.80058],[144.91126,-37.80061],[144.9112,-37.80065],[144.91112,-37.80071],[144.9112,-37.80078],[144.91189,-37.80089],[144.91199,-37.80091],[144.91243,-37.80098],[144.91254,-37.80094],[144.91293,-37.80103],[144.91294,-37.80108],[144.91311,-37.80115],[144.91579,-37.80147],[144.9169,-37.8016],[144.92041,-37.79945],[144.92111,-37.79923],[144.92012,-37.79899],[144.91981,-37.79894],[144.91703,-37.79853]]]},"properties":{"cat":"industrial","name":""}},{"type":"Feature","geometry":{"type":"Polygon","coordinates":[[[145.21252,-37.74463],[145.21311,-37.7447],[145.21304,-37.74513],[145.21297,-37.74555],[145.21295,-37.74566],[145.21489,-37.74589],[145.21465,-37.74714],[145.21384,-37.74705],[145.21237,-37.74687],[145.21247,-37.74635],[145.21261,-37.74566],[145.21261,-37.74563],[145.21259,-37.74537],[145.21252,-37.74463]]]},"properties":{"cat":"cemetery","name":"Andersons Creek Cemetery"}},{"type":"Feature","geometry":{"type":"Polygon","coordinates":[[[145.27443,-38.01794],[145.27448,-38.01772],[145.27484,-38.01619],[145.27665,-38.00843],[145.27604,-38.00814],[145.2755,-38.00788],[145.27508,-38.00768],[145.27504,-38.00765],[145.27378,-38.00706],[145.27352,-38.0072],[145.27313,-38.0066],[145.26989,-38.00616],[145.26988,-38.00626],[145.26822,-38.00607],[145.26779,-38.00612],[145.26511,-38.0058],[145.26451,-38.00571],[145.26369,-38.0057],[145.26334,-38.00551],[145.26326,-38.00543],[145.25826,-38.00484],[145.25808,-38.00467],[145.2577,-38.00466],[145.25279,-38.00405],[145.25259,-38.00463],[145.25229,-38.00573],[145.25222,-38.00601],[145.25215,-38.00627],[145.25191,-38.00705],[145.25156,-38.00817],[145.25132,-38.00964],[145.25127,-38.01037],[145.25094,-38.01178],[145.25071,-38.01275],[145.25261,-38.01361],[145.25535,-38.01485],[145.25626,-38.01526],[145.25675,-38.01547],[145.25722,-38.01567],[145.25773,-38.01586],[145.25815,-38.016],[145.25875,-38.01618],[145.25924,-38.01631],[145.25955,-38.01637],[145.26044,-38.01655],[145.26109,-38.01663],[145.26204,-38.01674],[145.26335,-38.01689],[145.26363,-38.01692],[145.26553,-38.01713],[145.26619,-38.01719],[145.26669,-38.01725],[145.26885,-38.01748],[145.269,-38.01667],[145.26917,-38.01659],[145.26935,-38.01683],[145.26974,-38.01688],[145.26968,-38.0172],[145.2708,-38.01734],[145.27129,-38.0174],[145.27123,-38.01765],[145.27207,-38.01774],[145.27219,-38.01718],[145.27251,-38.01722],[145.27306,-38.01729],[145.27335,-38.01733],[145.27355,-38.01736],[145.2735,-38.0176],[145.27345,-38.01784],[145.27443,-38.01794]]]},"properties":{"cat":"industrial","name":""}},{"type":"Feature","geometry":{"type":"Polygon","coordinates":[[[145.27137,-38.11183],[145.27205,-38.11191],[145.27274,-38.11199],[145.27258,-38.11297],[145.27243,-38.11383],[145.27105,-38.11366],[145.27105,-38.11364],[145.27137,-38.11183]]]},"properties":{"cat":"cemetery","name":"Cranbourne Cemetery"}},{"type":"Feature","geometry":{"type":"Polygon","coordinates":[[[145.05741,-37.85969],[145.05691,-37.859],[145.05682,-37.85888],[145.05699,-37.85881],[145.05678,-37.85853],[145.05695,-37.85845],[145.05667,-37.85807],[145.05592,-37.85708],[145.0557,-37.857],[145.05588,-37.85692],[145.05617,-37.85694],[145.05695,-37.85792],[145.05824,-37.85961],[145.05792,-37.85976],[145.05785,-37.85966],[145.05762,-37.85977],[145.05751,-37.85964],[145.05741,-37.85969]]]},"properties":{"cat":"industrial","name":""}},{"type":"Feature","geometry":{"type":"Polygon","coordinates":[[[144.80028,-37.86066],[144.80029,-37.8607],[144.80061,-37.8615],[144.80135,-37.86132],[144.80165,-37.8621],[144.80139,-37.86217],[144.80161,-37.86271],[144.80667,-37.86145],[144.8068,-37.86181],[144.80701,-37.86175],[144.80706,-37.86186],[144.80816,-37.86159],[144.80811,-37.86146],[144.80915,-37.86119],[144.80874,-37.86017],[144.80847,-37.8595],[144.81032,-37.85901],[144.81006,-37.85827],[144.80841,-37.85867],[144.80818,-37.85861],[144.80304,-37.85989],[144.80237,-37.85825],[144.80062,-37.8587],[144.80123,-37.86023],[144.8002,-37.86048],[144.80028,-37.86066]]]},"properties":{"cat":"industrial","name":""}},{"type":"Feature","geometry":{"type":"Polygon","coordinates":[[[144.80976,-37.85698],[144.81389,-37.85594],[144.81406,-37.85602],[144.81408,-37.85616],[144.81538,-37.85939],[144.81352,-37.85918],[144.81083,-37.85983],[144.81053,-37.85896],[144.80976,-37.85698]]]},"properties":{"cat":"industrial","name":""}},{"type":"Feature","geometry":{"type":"Polygon","coordinates":[[[145.17433,-37.75225],[145.17404,-37.75097],[145.17375,-37.75053],[145.17363,-37.75056],[145.17348,-37.7497],[145.17288,-37.74958],[145.17237,-37.74948],[145.17118,-37.74942],[145.17082,-37.74967],[145.17082,-37.75009],[145.17174,-37.75077],[145.17146,-37.75167],[145.17221,-37.75257],[145.17263,-37.75292],[145.17268,-37.75296],[145.17433,-37.75225]]]},"properties":{"cat":"quarry","name":""}},{"type":"Feature","geometry":{"type":"Polygon","coordinates":[[[145.0216,-37.76569],[145.02123,-37.7678],[145.02165,-37.76785],[145.02161,-37.76813],[145.02118,-37.76809],[145.021,-37.76917],[145.02194,-37.76929],[145.0219,-37.76951],[145.02775,-37.77019],[145.02799,-37.77011],[145.02837,-37.77015],[145.02844,-37.77016],[145.02846,-37.77006],[145.02864,-37.77008],[145.0288,-37.7701],[145.02888,-37.7701],[145.02932,-37.77015],[145.02934,-37.77015],[145.02948,-37.77016],[145.02968,-37.77018],[145.02978,-37.77019],[145.02992,-37.7702],[145.03015,-37.77022],[145.03106,-37.77032],[145.03138,-37.77036],[145.03142,-37.77007],[145.03142,-37.77004],[145.0315,-37.77005],[145.03151,-37.76994],[145.03123,-37.7699],[145.03119,-37.76971],[145.03107,-37.7694],[145.03123,-37.76938],[145.03121,-37.7693],[145.03143,-37.7693],[145.03146,-37.76906],[145.03134,-37.76892],[145.03129,-37.76881],[145.03105,-37.7687],[145.03082,-37.76853],[145.03039,-37.76836],[145.03017,-37.76829],[145.03021,-37.76822],[145.03049,-37.76825],[145.03059,-37.76826],[145.0306,-37.76824],[145.03119,-37.76829],[145.03128,-37.76763],[145.0313,-37.76731],[145.03109,-37.76697],[145.03093,-37.76671],[145.03097,-37.76644],[145.03098,-37.7664],[145.03072,-37.76539],[145.03065,-37.76513],[145.03047,-37.76506],[145.03007,-37.7649],[145.02942,-37.76472],[145.02892,-37.76457],[145.02791,-37.76433],[145.02782,-37.76458],[145.02683,-37.76445],[145.0268,-37.76458],[145.02677,-37.76474],[145.02674,-37.76492],[145.02673,-37.76497],[145.02671,-37.76506],[145.02668,-37.76523],[145.02663,-37.76551],[145.02659,-37.76578],[145.02654,-37.76603],[145.02652,-37.76619],[145.0216,-37.76569]]]},"properties":{"cat":"industrial","name":""}},{"type":"Feature","geometry":{"type":"Polygon","coordinates":[[[145.21329,-37.88159],[145.21343,-37.88211],[145.2135,-37.8827],[145.21351,-37.88276],[145.21351,-37.88279],[145.21307,-37.88279],[145.21307,-37.88281],[145.21259,-37.88281],[145.2126,-37.88279],[145.21168,-37.88279],[145.21171,-37.88159],[145.21257,-37.88159],[145.21329,-37.88159]]]},"properties":{"cat":"industrial","name":"Timber Recycling and Mulching"}},{"type":"Feature","geometry":{"type":"Polygon","coordinates":[[[145.19893,-37.98968],[145.19687,-37.98942],[145.19698,-37.98888],[145.19731,-37.98725],[145.1993,-37.98749],[145.19893,-37.98968]]]},"properties":{"cat":"industrial","name":""}},{"type":"Feature","geometry":{"type":"Polygon","coordinates":[[[145.19665,-37.98902],[145.1964,-37.99036],[145.19617,-37.99124],[145.19293,-37.99207],[145.19327,-37.99012],[145.19359,-37.98901],[145.19365,-37.98882],[145.19366,-37.9888],[145.19416,-37.98804],[145.19516,-37.98815],[145.19536,-37.98707],[145.19702,-37.98728],[145.19665,-37.98902]]]},"properties":{"cat":"industrial","name":""}},{"type":"Feature","geometry":{"type":"Polygon","coordinates":[[[145.19673,-37.98948],[145.1989,-37.98974],[145.19868,-37.99066],[145.19865,-37.99069],[145.19758,-37.99095],[145.19696,-37.99104],[145.19643,-37.99115],[145.19638,-37.99111],[145.19656,-37.99027],[145.19672,-37.98953],[145.19673,-37.98948]]]},"properties":{"cat":"industrial","name":""}},{"type":"Feature","geometry":{"type":"Polygon","coordinates":[[[145.19971,-37.99041],[145.20302,-37.98954],[145.20305,-37.98948],[145.20258,-37.98838],[145.20246,-37.98812],[145.20242,-37.98799],[145.20252,-37.98743],[145.20248,-37.98736],[145.2014,-37.98675],[145.19991,-37.98572],[145.19988,-37.98573],[145.19902,-37.99014],[145.19969,-37.98999],[145.19971,-37.99041]]]},"properties":{"cat":"industrial","name":""}},{"type":"Feature","geometry":{"type":"Polygon","coordinates":[[[145.20017,-37.98424],[145.20244,-37.9858],[145.20402,-37.98695],[145.20397,-37.98701],[145.20384,-37.98705],[145.20377,-37.98708],[145.20375,-37.9871],[145.20371,-37.98721],[145.20364,-37.98727],[145.20279,-37.9875],[145.20275,-37.98747],[145.20276,-37.98741],[145.20275,-37.98738],[145.20275,-37.98734],[145.20273,-37.98731],[145.20271,-37.98728],[145.20268,-37.98725],[145.20263,-37.98721],[145.20155,-37.98662],[145.19994,-37.9855],[145.19993,-37.98547],[145.20017,-37.98424]]]},"properties":{"cat":"industrial","name":""}},{"type":"Feature","geometry":{"type":"Polygon","coordinates":[[[145.20385,-37.98949],[145.20394,-37.98949],[145.20434,-37.98953],[145.20453,-37.98956],[145.20469,-37.98959],[145.20533,-37.98903],[145.2053,-37.98901],[145.20538,-37.98895],[145.20537,-37.98892],[145.20573,-37.98882],[145.20579,-37.98877],[145.20592,-37.98873],[145.206,-37.98871],[145.2062,-37.98857],[145.20488,-37.98759],[145.20322,-37.98803],[145.20385,-37.98949]]]},"properties":{"cat":"industrial","name":"Ventura Bus Lines Dandenong Depot"}},{"type":"Feature","geometry":{"type":"Polygon","coordinates":[[[145.19526,-37.99704],[145.19598,-37.99713],[145.19737,-37.99659],[145.19747,-37.99624],[145.19774,-37.99617],[145.19837,-37.99621],[145.19929,-37.99585],[145.1999,-37.9955],[145.19999,-37.9947],[145.20046,-37.99229],[145.20053,-37.9923],[145.20079,-37.99067],[145.20078,-37.99063],[145.20034,-37.99075],[145.2001,-37.99088],[145.2,-37.99079],[145.19881,-37.99106],[145.19806,-37.99116],[145.19696,-37.9913],[145.19639,-37.99146],[145.19441,-37.99203],[145.19311,-37.99242],[145.19264,-37.99293],[145.19254,-37.99526],[145.19279,-37.99578],[145.19391,-37.9969],[145.19497,-37.99701],[145.19507,-37.99697],[145.19526,-37.99704]]]},"properties":{"cat":"industrial","name":""}},{"type":"Feature","geometry":{"type":"Polygon","coordinates":[[[145.2079,-37.99132],[145.20761,-37.99287],[145.2097,-37.99313],[145.20974,-37.99313],[145.21006,-37.99311],[145.21198,-37.99268],[145.21246,-37.9925],[145.21252,-37.99245],[145.21274,-37.99241],[145.2126,-37.99204],[145.21221,-37.99192],[145.21184,-37.99183],[145.2117,-37.9918],[145.21129,-37.99165],[145.21111,-37.9916],[145.21081,-37.99157],[145.21077,-37.99157],[145.21058,-37.9916],[145.2099,-37.99154],[145.2079,-37.99132]]]},"properties":{"cat":"industrial","name":""}},{"type":"Feature","geometry":{"type":"Polygon","coordinates":[[[145.14299,-37.92469],[145.14256,-37.9254],[145.14223,-37.92681],[145.14219,-37.92711],[145.14186,-37.92885],[145.13664,-37.92819],[145.13633,-37.92815],[145.13586,-37.93044],[145.13551,-37.93048],[145.13292,-37.93016],[145.13198,-37.93005],[145.13178,-37.93002],[145.1318,-37.92988],[145.13239,-37.92684],[145.13312,-37.92291],[145.13121,-37.92266],[145.13165,-37.9206],[145.13221,-37.91789],[145.13269,-37.91818],[145.13364,-37.91878],[145.13428,-37.91918],[145.13933,-37.92238],[145.14299,-37.92469]]]},"properties":{"cat":"industrial","name":""}},{"type":"Feature","geometry":{"type":"Polygon","coordinates":[[[145.09526,-37.90232],[145.09477,-37.9049],[145.0941,-37.90441],[145.09349,-37.90395],[145.09331,-37.90381],[145.09337,-37.90346],[145.09362,-37.90212],[145.09368,-37.90209],[145.09432,-37.90218],[145.09526,-37.90232]]]},"properties":{"cat":"industrial","name":""}},{"type":"Feature","geometry":{"type":"Polygon","coordinates":[[[145.09711,-37.90524],[145.09688,-37.90653],[145.09522,-37.90533],[145.09509,-37.905],[145.09711,-37.90524]]]},"properties":{"cat":"industrial","name":""}},{"type":"Feature","geometry":{"type":"Polygon","coordinates":[[[145.09769,-37.90426],[145.09768,-37.90432],[145.09761,-37.90463],[145.09755,-37.90487],[145.09749,-37.90513],[145.09497,-37.90483],[145.09542,-37.90239],[145.0956,-37.90242],[145.09559,-37.90244],[145.09574,-37.90246],[145.09572,-37.90256],[145.09617,-37.90261],[145.09619,-37.90263],[145.09591,-37.90405],[145.09769,-37.90426]]]},"properties":{"cat":"industrial","name":""}},{"type":"Feature","geometry":{"type":"Polygon","coordinates":[[[145.09798,-37.90405],[145.09773,-37.90513],[145.09775,-37.90516],[145.10008,-37.90543],[145.10044,-37.90547],[145.10048,-37.90545],[145.10069,-37.90437],[145.09798,-37.90405]]]},"properties":{"cat":"industrial","name":""}},{"type":"Feature","geometry":{"type":"Polygon","coordinates":[[[145.10681,-37.9105],[145.10685,-37.91047],[145.10978,-37.91078],[145.10965,-37.91139],[145.1067,-37.91105],[145.10681,-37.9105]]]},"properties":{"cat":"industrial","name":""}},{"type":"Feature","geometry":{"type":"Polygon","coordinates":[[[145.09791,-37.89582],[145.0982,-37.89447],[145.09828,-37.89403],[145.09735,-37.89392],[145.09725,-37.89391],[145.09696,-37.89531],[145.09772,-37.89574],[145.09791,-37.89582]]]},"properties":{"cat":"industrial","name":""}},{"type":"Feature","geometry":{"type":"Polygon","coordinates":[[[145.02897,-37.96278],[145.02846,-37.96272],[145.02829,-37.9627],[145.02871,-37.96064],[145.03091,-37.9609],[145.03162,-37.96099],[145.03724,-37.96164],[145.03693,-37.96298],[145.03728,-37.96302],[145.03706,-37.96412],[145.03704,-37.96414],[145.03579,-37.96399],[145.03345,-37.96372],[145.02889,-37.96319],[145.02897,-37.96278]]]},"properties":{"cat":"industrial","name":""}},{"type":"Feature","geometry":{"type":"Polygon","coordinates":[[[144.89003,-37.82281],[144.8899,-37.8236],[144.88986,-37.82385],[144.88867,-37.82347],[144.88836,-37.82309],[144.88874,-37.8229],[144.88914,-37.82271],[144.88922,-37.82272],[144.88932,-37.82273],[144.89003,-37.82281]]]},"properties":{"cat":"industrial","name":"Casa Iberica"}},{"type":"Feature","geometry":{"type":"Polygon","coordinates":[[[144.88053,-37.80315],[144.88016,-37.80508],[144.88183,-37.80419],[144.88217,-37.80401],[144.88172,-37.80341],[144.88206,-37.80325],[144.88142,-37.80246],[144.88128,-37.80324],[144.88127,-37.80324],[144.88055,-37.80316],[144.88053,-37.80315]]]},"properties":{"cat":"industrial","name":""}},{"type":"Feature","geometry":{"type":"Polygon","coordinates":[[[144.90406,-37.81027],[144.9023,-37.80975],[144.90262,-37.80908],[144.90294,-37.80874],[144.90419,-37.80755],[144.90443,-37.80728],[144.90529,-37.80619],[144.90547,-37.80607],[144.90657,-37.80623],[144.90706,-37.8063],[144.90698,-37.80649],[144.90699,-37.80649],[144.907,-37.8065],[144.90701,-37.8065],[144.90701,-37.80651],[144.90701,-37.80652],[144.90697,-37.8066],[144.9069,-37.80674],[144.90667,-37.80722],[144.90666,-37.80723],[144.90653,-37.80758],[144.90642,-37.80786],[144.9062,-37.80832],[144.90608,-37.8086],[144.90607,-37.8086],[144.90607,-37.80861],[144.90604,-37.80869],[144.90593,-37.80894],[144.90589,-37.80905],[144.90587,-37.80923],[144.90585,-37.80939],[144.90586,-37.80946],[144.9051,-37.80941],[144.90466,-37.80938],[144.90463,-37.80967],[144.9046,-37.80973],[144.90406,-37.81027]]]},"properties":{"cat":"industrial","name":""}},{"type":"Feature","geometry":{"type":"Polygon","coordinates":[[[144.90312,-37.80719],[144.90254,-37.80843],[144.90241,-37.80838],[144.90188,-37.80817],[144.90149,-37.80806],[144.90204,-37.80687],[144.90312,-37.80719]]]},"properties":{"cat":"industrial","name":""}},{"type":"Feature","geometry":{"type":"Polygon","coordinates":[[[144.90225,-37.80905],[144.90197,-37.80965],[144.9009,-37.80934],[144.90118,-37.80873],[144.90225,-37.80905]]]},"properties":{"cat":"industrial","name":""}},{"type":"Feature","geometry":{"type":"Polygon","coordinates":[[[144.9019,-37.80983],[144.9015,-37.81073],[144.90096,-37.81187],[144.89988,-37.81157],[144.90082,-37.80953],[144.9019,-37.80983]]]},"properties":{"cat":"industrial","name":""}},{"type":"Feature","geometry":{"type":"Polygon","coordinates":[[[144.89987,-37.81079],[144.90018,-37.81012],[144.90082,-37.80873],[144.89975,-37.80841],[144.8988,-37.81048],[144.89969,-37.81073],[144.89987,-37.81079]]]},"properties":{"cat":"industrial","name":""}},{"type":"Feature","geometry":{"type":"Polygon","coordinates":[[[144.90255,-37.80675],[144.9028,-37.80619],[144.90296,-37.80624],[144.9035,-37.8064],[144.90326,-37.80697],[144.90255,-37.80675]]]},"properties":{"cat":"industrial","name":""}},{"type":"Feature","geometry":{"type":"Polygon","coordinates":[[[144.9014,-37.80755],[144.90085,-37.80737],[144.90088,-37.80729],[144.90028,-37.80712],[144.90014,-37.80746],[144.89999,-37.80779],[144.89984,-37.80815],[144.901,-37.80849],[144.9014,-37.80755]]]},"properties":{"cat":"industrial","name":""}},{"type":"Feature","geometry":{"type":"Polygon","coordinates":[[[144.91309,-37.80403],[144.91211,-37.80396],[144.91166,-37.80375],[144.91359,-37.80161],[144.91364,-37.80155],[144.91331,-37.80149],[144.91278,-37.80143],[144.91274,-37.80143],[144.91276,-37.80138],[144.91265,-37.80136],[144.91266,-37.80135],[144.91267,-37.80134],[144.91268,-37.80133],[144.91269,-37.80133],[144.91216,-37.80127],[144.91174,-37.80124],[144.91122,-37.80121],[144.91108,-37.80123],[144.91101,-37.80125],[144.91095,-37.80127],[144.91088,-37.8013],[144.91072,-37.80139],[144.91056,-37.80153],[144.9105,-37.80161],[144.90895,-37.80425],[144.91019,-37.80455],[144.91174,-37.80469],[144.91257,-37.80453],[144.91309,-37.80403]]]},"properties":{"cat":"industrial","name":""}},{"type":"Feature","geometry":{"type":"Polygon","coordinates":[[[144.90975,-37.80476],[144.90974,-37.80479],[144.91113,-37.80502],[144.91146,-37.80512],[144.91226,-37.80504],[144.91198,-37.8068],[144.91014,-37.80661],[144.91002,-37.80652],[144.91,-37.80611],[144.90997,-37.80601],[144.90992,-37.80592],[144.90985,-37.80582],[144.90977,-37.80573],[144.90939,-37.80544],[144.90915,-37.80524],[144.9091,-37.80508],[144.90898,-37.80467],[144.90903,-37.80458],[144.90975,-37.80476]]]},"properties":{"cat":"industrial","name":"Linfox"}},{"type":"Feature","geometry":{"type":"Polygon","coordinates":[[[144.90958,-37.80649],[144.90963,-37.80646],[144.90971,-37.80621],[144.9097,-37.80614],[144.90964,-37.80598],[144.9095,-37.8058],[144.90927,-37.80564],[144.90894,-37.80561],[144.90865,-37.8057],[144.90843,-37.80616],[144.90958,-37.80649]]]},"properties":{"cat":"industrial","name":""}},{"type":"Feature","geometry":{"type":"Polygon","coordinates":[[[144.91578,-37.80536],[144.91549,-37.80716],[144.91618,-37.80722],[144.91649,-37.80704],[144.9166,-37.80638],[144.91653,-37.80637],[144.91664,-37.80573],[144.91673,-37.80518],[144.91673,-37.80513],[144.91672,-37.80507],[144.91669,-37.805],[144.91664,-37.80492],[144.91657,-37.80484],[144.91649,-37.80481],[144.9164,-37.80479],[144.91629,-37.80478],[144.91537,-37.80488],[144.9153,-37.80489],[144.91524,-37.80491],[144.91518,-37.80494],[144.91513,-37.80498],[144.9151,-37.80503],[144.91507,-37.80508],[144.91506,-37.80518],[144.91504,-37.80525],[144.9155,-37.8053],[144.9155,-37.80533],[144.91578,-37.80536]]]},"properties":{"cat":"industrial","name":"Toll"}},{"type":"Feature","geometry":{"type":"Polygon","coordinates":[[[144.93207,-37.80098],[144.9315,-37.80133],[144.93096,-37.80165],[144.93042,-37.80152],[144.92943,-37.80131],[144.92916,-37.80121],[144.92863,-37.80104],[144.92864,-37.801],[144.92873,-37.80042],[144.92875,-37.80034],[144.92937,-37.80046],[144.92938,-37.80043],[144.93018,-37.80057],[144.93076,-37.80069],[144.93207,-37.80098]]]},"properties":{"cat":"industrial","name":""}},{"type":"Feature","geometry":{"type":"Polygon","coordinates":[[[144.93409,-37.80414],[144.9347,-37.80291],[144.93435,-37.80265],[144.93433,-37.80264],[144.93397,-37.80237],[144.93315,-37.80235],[144.93288,-37.80249],[144.93238,-37.80361],[144.93409,-37.80414]]]},"properties":{"cat":"industrial","name":""}},{"type":"Feature","geometry":{"type":"Polygon","coordinates":[[[144.92854,-37.80651],[144.92828,-37.80639],[144.92813,-37.80632],[144.92675,-37.80586],[144.92621,-37.80568],[144.92615,-37.8058],[144.92596,-37.8057],[144.92564,-37.80557],[144.92549,-37.80551],[144.92535,-37.80547],[144.92521,-37.80544],[144.92505,-37.80541],[144.92496,-37.80536],[144.92126,-37.80498],[144.92002,-37.80486],[144.91995,-37.80486],[144.91981,-37.80485],[144.91901,-37.80475],[144.91807,-37.80465],[144.9179,-37.80571],[144.91781,-37.80622],[144.91764,-37.80738],[144.91855,-37.80747],[144.91963,-37.80758],[144.92297,-37.80789],[144.92522,-37.80812],[144.92883,-37.80852],[144.92886,-37.80845],[144.92889,-37.80823],[144.92906,-37.80712],[144.92903,-37.80705],[144.92899,-37.80698],[144.92894,-37.80689],[144.92887,-37.80681],[144.9288,-37.80673],[144.92869,-37.80662],[144.92854,-37.80651]]]},"properties":{"cat":"industrial","name":""}},{"type":"Feature","geometry":{"type":"Polygon","coordinates":[[[144.89025,-37.8303],[144.8927,-37.83057],[144.89242,-37.83225],[144.88997,-37.83197],[144.89025,-37.8303]]]},"properties":{"cat":"industrial","name":"Symal"}},{"type":"Feature","geometry":{"type":"Polygon","coordinates":[[[144.86338,-37.82392],[144.86192,-37.82412],[144.85928,-37.82417],[144.85944,-37.82338],[144.86338,-37.82392]]]},"properties":{"cat":"industrial","name":"Jotun Australia"}},{"type":"Feature","geometry":{"type":"Polygon","coordinates":[[[144.85844,-37.82143],[144.85897,-37.81902],[144.85908,-37.81851],[144.85974,-37.81914],[144.86035,-37.81973],[144.86003,-37.82027],[144.8599,-37.82048],[144.85961,-37.82161],[144.85844,-37.82143]]]},"properties":{"cat":"industrial","name":""}},{"type":"Feature","geometry":{"type":"Polygon","coordinates":[[[144.86347,-37.82791],[144.86343,-37.82813],[144.86325,-37.82852],[144.86294,-37.82885],[144.86253,-37.8291],[144.86206,-37.82927],[144.86153,-37.82929],[144.86113,-37.82924],[144.86056,-37.83243],[144.86122,-37.8325],[144.86123,-37.83243],[144.86149,-37.83096],[144.862,-37.83101],[144.86211,-37.83102],[144.86216,-37.83103],[144.86206,-37.83163],[144.8619,-37.83251],[144.86189,-37.83257],[144.86328,-37.83272],[144.86359,-37.83044],[144.86375,-37.82925],[144.86385,-37.82851],[144.86372,-37.82807],[144.86347,-37.82791]]]},"properties":{"cat":"industrial","name":""}},{"type":"Feature","geometry":{"type":"Polygon","coordinates":[[[144.86173,-37.80526],[144.86125,-37.80819],[144.8609,-37.81016],[144.86541,-37.81066],[144.86576,-37.80869],[144.86572,-37.80868],[144.8656,-37.80867],[144.86555,-37.80866],[144.8657,-37.80777],[144.86567,-37.80777],[144.86571,-37.80768],[144.86472,-37.80724],[144.86403,-37.80652],[144.86338,-37.80597],[144.8625,-37.80547],[144.86173,-37.80526]]]},"properties":{"cat":"industrial","name":""}},{"type":"Feature","geometry":{"type":"Polygon","coordinates":[[[145.00668,-37.82778],[145.00647,-37.82912],[145.00626,-37.8291],[145.00614,-37.82902],[145.00422,-37.82881],[145.00407,-37.82964],[145.00315,-37.82953],[145.0033,-37.82851],[145.00352,-37.82742],[145.00668,-37.82778]]]},"properties":{"cat":"industrial","name":""}},{"type":"Feature","geometry":{"type":"Polygon","coordinates":[[[144.99862,-37.83035],[144.99721,-37.83021],[144.9973,-37.82961],[144.99873,-37.82975],[144.9987,-37.82991],[144.99868,-37.83002],[144.99867,-37.83006],[144.99862,-37.83035]]]},"properties":{"cat":"industrial","name":""}},{"type":"Feature","geometry":{"type":"Polygon","coordinates":[[[145.18968,-37.97881],[145.18896,-37.98257],[145.19254,-37.98302],[145.19254,-37.98283],[145.19208,-37.98079],[145.1911,-37.97992],[145.19113,-37.97973],[145.19109,-37.97971],[145.19099,-37.97964],[145.18968,-37.97881]]]},"properties":{"cat":"industrial","name":""}},{"type":"Feature","geometry":{"type":"Polygon","coordinates":[[[145.18867,-37.98271],[145.18801,-37.98593],[145.18782,-37.98682],[145.18753,-37.98824],[145.18746,-37.98854],[145.19189,-37.98912],[145.19235,-37.98682],[145.19255,-37.98577],[145.19263,-37.98524],[145.19267,-37.98472],[145.19265,-37.9841],[145.19254,-37.9835],[145.19246,-37.98327],[145.19228,-37.98313],[145.19209,-37.9831],[145.18867,-37.98271]]]},"properties":{"cat":"industrial","name":""}},{"type":"Feature","geometry":{"type":"Polygon","coordinates":[[[145.18746,-37.98854],[145.18754,-37.99339],[145.19107,-37.99247],[145.19123,-37.99231],[145.19189,-37.98912],[145.18746,-37.98854]]]},"properties":{"cat":"industrial","name":""}},{"type":"Feature","geometry":{"type":"Polygon","coordinates":[[[145.18183,-37.99521],[145.18107,-37.99905],[145.18669,-37.99977],[145.18738,-37.99981],[145.18803,-37.99979],[145.18916,-37.99953],[145.1902,-37.99901],[145.19066,-37.99844],[145.19102,-37.99653],[145.18916,-37.99629],[145.18934,-37.99545],[145.19,-37.99553],[145.19007,-37.99524],[145.19004,-37.99514],[145.18986,-37.99495],[145.18865,-37.99479],[145.18891,-37.99352],[145.18747,-37.99382],[145.18183,-37.99521]]]},"properties":{"cat":"industrial","name":""}},{"type":"Feature","geometry":{"type":"Polygon","coordinates":[[[144.47923,-38.01992],[144.48,-38.02],[144.48005,-38.01974],[144.47997,-38.01951],[144.4798,-38.01949],[144.48007,-38.01783],[144.48635,-38.01855],[144.49003,-38.01898],[144.49,-38.01916],[144.48906,-38.02419],[144.48871,-38.02618],[144.48689,-38.02594],[144.48485,-38.02573],[144.4824,-38.02544],[144.48232,-38.02587],[144.48131,-38.02576],[144.48074,-38.02574],[144.48012,-38.02568],[144.47987,-38.02721],[144.4792,-38.02714],[144.47685,-38.02689],[144.47656,-38.02686],[144.47667,-38.02623],[144.47688,-38.02496],[144.47689,-38.02486],[144.47716,-38.02328],[144.4773,-38.02242],[144.47737,-38.02236],[144.47872,-38.02249],[144.47895,-38.02105],[144.47905,-38.02105],[144.47923,-38.01992]]]},"properties":{"cat":"industrial","name":""}},{"type":"Feature","geometry":{"type":"Polygon","coordinates":[[[145.33724,-38.00585],[145.33714,-38.00634],[145.33831,-38.00712],[145.33824,-38.00745],[145.3361,-38.00719],[145.33616,-38.00684],[145.33635,-38.00598],[145.33639,-38.00575],[145.33724,-38.00585]]]},"properties":{"cat":"cemetery","name":"Harkaway Cemetery"}},{"type":"Feature","geometry":{"type":"Polygon","coordinates":[[[145.32932,-38.00456],[145.32946,-38.00441],[145.32979,-38.00407],[145.32962,-38.00398],[145.32965,-38.00393],[145.32961,-38.00392],[145.32958,-38.00396],[145.32947,-38.0039],[145.32917,-38.0043],[145.32916,-38.00448],[145.32932,-38.00456]]]},"properties":{"cat":"industrial","name":"FORMER Narre Warren Landfill Gas Fuelled Power Station"}},{"type":"Feature","geometry":{"type":"Polygon","coordinates":[[[145.22467,-38.00449],[145.21883,-38.0038],[145.21894,-38.00326],[145.21787,-38.00315],[145.21801,-38.00227],[145.21812,-38.00179],[145.22013,-38.00204],[145.2202,-38.00164],[145.22024,-38.00162],[145.22048,-38.00021],[145.22235,-38.00043],[145.22258,-38.0006],[145.22278,-38.00078],[145.22296,-38.00096],[145.22309,-38.00112],[145.22321,-38.00129],[145.22332,-38.0015],[145.22343,-38.00173],[145.22372,-38.00235],[145.22383,-38.00263],[145.22386,-38.00262],[145.22445,-38.00398],[145.22459,-38.0043],[145.22456,-38.00433],[145.22452,-38.00435],[145.2246,-38.00442],[145.22467,-38.00449]]]},"properties":{"cat":"industrial","name":"Alstom Australia"}},{"type":"Feature","geometry":{"type":"Polygon","coordinates":[[[145.11257,-37.9125],[145.10963,-37.91216],[145.11018,-37.90927],[145.11311,-37.90955],[145.11257,-37.9125]]]},"properties":{"cat":"industrial","name":""}},{"type":"Feature","geometry":{"type":"Polygon","coordinates":[[[145.10924,-37.91515],[145.1092,-37.91517],[145.10913,-37.91555],[145.10913,-37.91559],[145.11046,-37.91657],[145.1105,-37.91657],[145.11073,-37.91639],[145.11093,-37.91539],[145.1109,-37.91535],[145.10924,-37.91515]]]},"properties":{"cat":"industrial","name":""}},{"type":"Feature","geometry":{"type":"Polygon","coordinates":[[[145.10936,-37.91432],[145.10923,-37.91501],[145.11123,-37.91525],[145.11214,-37.91536],[145.11228,-37.91465],[145.1094,-37.9143],[145.10936,-37.91432]]]},"properties":{"cat":"industrial","name":""}},{"type":"Feature","geometry":{"type":"Polygon","coordinates":[[[145.10919,-37.9143],[145.109,-37.91528],[145.10879,-37.91533],[145.1077,-37.91451],[145.10778,-37.91409],[145.10916,-37.91427],[145.10919,-37.9143]]]},"properties":{"cat":"industrial","name":""}},{"type":"Feature","geometry":{"type":"Polygon","coordinates":[[[145.10579,-37.91399],[145.10559,-37.91503],[145.10542,-37.91591],[145.10826,-37.91626],[145.10836,-37.91568],[145.10676,-37.91447],[145.10579,-37.91399]]]},"properties":{"cat":"industrial","name":""}},{"type":"Feature","geometry":{"type":"Polygon","coordinates":[[[144.61405,-38.27715],[144.61643,-38.27835],[144.61649,-38.2785],[144.6157,-38.28016],[144.61278,-38.27867],[144.61405,-38.27715]]]},"properties":{"cat":"cemetery","name":"Point Lonsdale Cemetery"}},{"type":"Feature","geometry":{"type":"Polygon","coordinates":[[[144.40003,-38.05308],[144.40013,-38.05303],[144.40893,-38.05405],[144.4089,-38.0542],[144.40973,-38.0543],[144.41012,-38.05596],[144.41124,-38.05762],[144.41233,-38.0604],[144.40807,-38.06506],[144.39856,-38.06394],[144.39852,-38.06394],[144.40042,-38.05387],[144.40044,-38.0536],[144.40034,-38.05337],[144.40003,-38.05308]]]},"properties":{"cat":"landfill","name":"Corio Landfill"}},{"type":"Feature","geometry":{"type":"Polygon","coordinates":[[[145.34596,-37.75633],[145.34445,-37.75596],[145.34361,-37.75589],[145.34342,-37.75546],[145.34365,-37.75427],[145.34387,-37.75318],[145.34414,-37.75185],[145.34435,-37.75076],[145.34446,-37.7507],[145.34671,-37.75097],[145.34899,-37.75125],[145.35116,-37.75151],[145.35116,-37.75153],[145.35109,-37.75157],[145.35054,-37.75206],[145.35026,-37.75231],[145.34896,-37.75352],[145.3477,-37.75468],[145.34596,-37.75633]]]},"properties":{"cat":"industrial","name":""}},{"type":"Feature","geometry":{"type":"Polygon","coordinates":[[[145.04339,-37.84882],[145.04302,-37.84908],[145.04294,-37.84914],[145.04282,-37.84916],[145.0426,-37.84933],[145.04227,-37.84932],[145.04221,-37.84938],[145.04129,-37.84864],[145.04112,-37.84847],[145.04119,-37.84842],[145.0416,-37.84834],[145.04219,-37.84844],[145.04231,-37.84823],[145.0426,-37.84831],[145.04259,-37.84834],[145.04284,-37.84842],[145.04285,-37.84845],[145.04303,-37.84847],[145.04303,-37.8485],[145.04302,-37.84856],[145.04352,-37.84866],[145.04338,-37.84881],[145.04339,-37.84882]]]},"properties":{"cat":"industrial","name":""}},{"type":"Feature","geometry":{"type":"Polygon","coordinates":[[[144.97035,-37.68163],[144.97035,-37.68166],[144.97035,-37.68168],[144.97034,-37.6817],[144.97035,-37.68171],[144.97033,-37.68174],[144.97034,-37.68174],[144.97033,-37.68182],[144.9703,-37.68197],[144.97026,-37.68221],[144.97025,-37.68223],[144.97012,-37.68221],[144.96998,-37.6822],[144.9697,-37.68217],[144.96943,-37.68214],[144.96916,-37.68211],[144.96888,-37.68208],[144.96861,-37.68205],[144.96843,-37.68203],[144.96825,-37.68201],[144.96807,-37.68199],[144.96815,-37.68149],[144.96787,-37.68146],[144.96779,-37.68196],[144.9657,-37.68173],[144.96513,-37.68166],[144.96485,-37.68332],[144.96466,-37.68435],[144.9631,-37.68418],[144.96007,-37.68383],[144.95987,-37.68382],[144.95889,-37.6839],[144.95878,-37.68392],[144.95776,-37.68402],[144.95709,-37.67995],[144.95692,-37.67875],[144.95701,-37.67865],[144.95904,-37.67844],[144.9626,-37.67884],[144.96263,-37.67884],[144.96265,-37.67884],[144.96269,-37.67885],[144.96284,-37.67886],[144.96287,-37.67887],[144.9629,-37.67887],[144.96294,-37.67887],[144.9628,-37.67969],[144.96377,-37.67979],[144.96377,-37.67978],[144.96388,-37.67915],[144.96391,-37.67898],[144.96496,-37.67913],[144.96495,-37.67918],[144.96491,-37.67935],[144.9649,-37.67942],[144.96487,-37.67961],[144.96483,-37.67982],[144.96537,-37.68031],[144.96531,-37.68052],[144.96564,-37.68056],[144.96574,-37.68058],[144.96586,-37.68062],[144.96627,-37.68082],[144.96687,-37.68112],[144.96701,-37.68118],[144.96712,-37.68121],[144.96788,-37.6813],[144.9698,-37.68152],[144.9701,-37.68147],[144.97017,-37.68147],[144.97021,-37.68148],[144.97028,-37.68151],[144.97032,-37.68154],[144.97035,-37.68159],[144.97035,-37.68161],[144.97035,-37.68163]]]},"properties":{"cat":"industrial","name":""}},{"type":"Feature","geometry":{"type":"Polygon","coordinates":[[[144.95878,-37.68392],[144.95776,-37.68402],[144.95769,-37.68407],[144.95806,-37.68674],[144.95816,-37.68675],[144.95836,-37.68676],[144.95869,-37.68679],[144.95918,-37.68684],[144.95878,-37.68392]]]},"properties":{"cat":"industrial","name":""}},{"type":"Feature","geometry":{"type":"Polygon","coordinates":[[[144.7771,-37.84334],[144.77633,-37.84622],[144.77895,-37.84615],[144.78091,-37.84545],[144.78119,-37.84506],[144.78122,-37.84503],[144.78141,-37.84475],[144.78158,-37.8445],[144.7814,-37.84425],[144.78039,-37.84403],[144.78033,-37.84402],[144.77977,-37.8439],[144.77899,-37.8437],[144.7771,-37.84334]]]},"properties":{"cat":"industrial","name":""}},{"type":"Feature","geometry":{"type":"Polygon","coordinates":[[[144.7775,-37.84095],[144.77786,-37.83971],[144.77508,-37.83629],[144.77333,-37.83637],[144.76969,-37.83656],[144.76964,-37.83661],[144.76959,-37.83665],[144.76954,-37.83669],[144.76949,-37.83672],[144.76942,-37.83677],[144.76933,-37.83681],[144.76927,-37.83683],[144.7692,-37.83686],[144.76912,-37.83688],[144.76901,-37.8369],[144.76892,-37.83691],[144.76881,-37.83692],[144.76847,-37.83694],[144.76841,-37.83694],[144.76835,-37.83695],[144.76829,-37.83697],[144.76823,-37.837],[144.76818,-37.83702],[144.76812,-37.83706],[144.76808,-37.83709],[144.76804,-37.83713],[144.76608,-37.83941],[144.76598,-37.83957],[144.76596,-37.83962],[144.76594,-37.83967],[144.76593,-37.83975],[144.76589,-37.84008],[144.76589,-37.84013],[144.76589,-37.84018],[144.7659,-37.84023],[144.76592,-37.84028],[144.76603,-37.84054],[144.76616,-37.84079],[144.77117,-37.84166],[144.77144,-37.84172],[144.77329,-37.84208],[144.77386,-37.84024],[144.77547,-37.84056],[144.7775,-37.84095]]]},"properties":{"cat":"industrial","name":"Westhub Industrial Estate"}},{"type":"Feature","geometry":{"type":"Polygon","coordinates":[[[144.79037,-37.83618],[144.79246,-37.83899],[144.79254,-37.83911],[144.79256,-37.83916],[144.79337,-37.84023],[144.79031,-37.84167],[144.7895,-37.84059],[144.7875,-37.84158],[144.78762,-37.84169],[144.78771,-37.84286],[144.78775,-37.84289],[144.78632,-37.84352],[144.78571,-37.84349],[144.78399,-37.84323],[144.78337,-37.8435],[144.78311,-37.84387],[144.78282,-37.84398],[144.78238,-37.84393],[144.78229,-37.84373],[144.78401,-37.83583],[144.7858,-37.83574],[144.78644,-37.83571],[144.78796,-37.83564],[144.78828,-37.83715],[144.78901,-37.83682],[144.78954,-37.83657],[144.79037,-37.83618]]]},"properties":{"cat":"industrial","name":""}},{"type":"Feature","geometry":{"type":"Polygon","coordinates":[[[144.78363,-37.83584],[144.78329,-37.8374],[144.78239,-37.83727],[144.78238,-37.83736],[144.78049,-37.83709],[144.77965,-37.83614],[144.77966,-37.83605],[144.78363,-37.83584]]]},"properties":{"cat":"industrial","name":"Omega Chemicals"}},{"type":"Feature","geometry":{"type":"Polygon","coordinates":[[[144.79269,-37.83283],[144.79353,-37.83386],[144.79613,-37.83727],[144.79246,-37.83899],[144.79037,-37.83618],[144.78957,-37.83511],[144.79269,-37.83283]]]},"properties":{"cat":"industrial","name":"Autocare Services"}},{"type":"Feature","geometry":{"type":"Polygon","coordinates":[[[144.8016,-37.8296],[144.80265,-37.82968],[144.80313,-37.82977],[144.80343,-37.82988],[144.80348,-37.82995],[144.80347,-37.83002],[144.79642,-37.83334],[144.79599,-37.83274],[144.79515,-37.83158],[144.795,-37.83137],[144.79707,-37.83058],[144.79986,-37.82952],[144.80003,-37.82949],[144.8016,-37.8296]]]},"properties":{"cat":"industrial","name":""}},{"type":"Feature","geometry":{"type":"Polygon","coordinates":[[[144.7965,-37.83348],[144.80249,-37.83069],[144.80326,-37.83033],[144.80419,-37.82989],[144.80536,-37.82994],[144.80717,-37.8301],[144.80766,-37.83018],[144.8081,-37.83029],[144.80818,-37.83049],[144.80806,-37.83163],[144.79847,-37.83614],[144.7965,-37.83348]]]},"properties":{"cat":"industrial","name":""}},{"type":"Feature","geometry":{"type":"Polygon","coordinates":[[[144.79337,-37.84023],[144.80302,-37.83568],[144.80992,-37.83243],[144.81063,-37.8321],[144.80924,-37.8302],[144.80897,-37.83018],[144.80847,-37.83033],[144.80843,-37.83041],[144.80825,-37.83172],[144.80218,-37.83457],[144.79254,-37.83911],[144.79256,-37.83916],[144.79337,-37.84023]]]},"properties":{"cat":"industrial","name":""}},{"type":"Feature","geometry":{"type":"Polygon","coordinates":[[[144.7981,-37.81464],[144.7979,-37.81615],[144.79691,-37.82349],[144.79682,-37.82419],[144.79622,-37.82865],[144.79594,-37.82874],[144.7919,-37.8284],[144.78907,-37.82817],[144.78816,-37.82809],[144.78675,-37.82798],[144.78662,-37.8279],[144.78655,-37.82789],[144.78665,-37.82716],[144.78595,-37.82711],[144.78583,-37.8271],[144.78605,-37.82555],[144.78621,-37.82433],[144.78702,-37.81853],[144.7874,-37.81562],[144.78765,-37.81387],[144.78806,-37.81375],[144.79412,-37.81429],[144.79527,-37.81439],[144.79555,-37.81441],[144.79601,-37.81445],[144.7981,-37.81464]]]},"properties":{"cat":"industrial","name":""}},{"type":"Feature","geometry":{"type":"Polygon","coordinates":[[[144.79839,-37.81472],[144.79724,-37.82312],[144.79719,-37.82353],[144.79657,-37.82803],[144.79647,-37.82876],[144.79658,-37.82885],[144.79974,-37.82912],[144.80017,-37.82896],[144.80391,-37.82752],[144.80415,-37.82743],[144.80509,-37.82707],[144.8052,-37.82703],[144.8053,-37.827],[144.80858,-37.82615],[144.80862,-37.82605],[144.80921,-37.8259],[144.80987,-37.82468],[144.80902,-37.82262],[144.80913,-37.8224],[144.81027,-37.82216],[144.80992,-37.82132],[144.80953,-37.82052],[144.80923,-37.81984],[144.80891,-37.81909],[144.8086,-37.81832],[144.80806,-37.817],[144.80755,-37.816],[144.80735,-37.8157],[144.80549,-37.81527],[144.79839,-37.81472]]]},"properties":{"cat":"industrial","name":""}},{"type":"Feature","geometry":{"type":"Polygon","coordinates":[[[144.83232,-37.76201],[144.83296,-37.76133],[144.83351,-37.76074],[144.83387,-37.76035],[144.83603,-37.75802],[144.83704,-37.75693],[144.84054,-37.75314],[144.84105,-37.75259],[144.84161,-37.75199],[144.8416,-37.75197],[144.84149,-37.75195],[144.84151,-37.75191],[144.84152,-37.75189],[144.84154,-37.75188],[144.84159,-37.75187],[144.84158,-37.75181],[144.84153,-37.75182],[144.84153,-37.75179],[144.84201,-37.75123],[144.84205,-37.7512],[144.84206,-37.75118],[144.84211,-37.75114],[144.84222,-37.75088],[144.8422,-37.75087],[144.84104,-37.7502],[144.84105,-37.75018],[144.84106,-37.75015],[144.84107,-37.75012],[144.84106,-37.7501],[144.84107,-37.75007],[144.8403,-37.74963],[144.84,-37.74945],[144.83993,-37.74954],[144.83935,-37.74921],[144.83911,-37.74916],[144.83904,-37.74909],[144.83894,-37.74902],[144.83885,-37.74899],[144.83873,-37.74897],[144.83898,-37.74868],[144.83851,-37.74859],[144.83826,-37.74888],[144.83808,-37.74883],[144.83836,-37.7485],[144.83859,-37.74823],[144.8377,-37.74779],[144.83771,-37.74775],[144.83761,-37.74776],[144.83751,-37.74777],[144.83706,-37.74797],[144.83687,-37.74802],[144.8359,-37.7487],[144.83589,-37.74873],[144.83587,-37.7488],[144.83548,-37.74914],[144.83538,-37.74913],[144.83536,-37.74922],[144.83502,-37.74948],[144.8347,-37.74969],[144.83436,-37.74992],[144.83432,-37.74994],[144.83418,-37.75004],[144.83415,-37.75018],[144.8335,-37.75063],[144.83343,-37.75077],[144.83337,-37.75079],[144.83335,-37.75083],[144.83337,-37.75087],[144.83329,-37.75104],[144.83319,-37.75139],[144.8335,-37.75143],[144.83328,-37.75273],[144.83306,-37.75397],[144.83296,-37.75452],[144.83297,-37.75454],[144.83261,-37.75649],[144.83241,-37.75765],[144.83207,-37.75961],[144.83202,-37.75988],[144.83204,-37.75988],[144.83201,-37.75999],[144.83204,-37.76002],[144.83201,-37.76015],[144.83198,-37.76015],[144.83191,-37.76056],[144.83179,-37.76121],[144.8318,-37.76122],[144.83177,-37.76138],[144.83171,-37.76171],[144.83165,-37.76198],[144.83159,-37.76231],[144.83146,-37.76283],[144.83148,-37.76284],[144.83155,-37.76287],[144.8321,-37.76232],[144.83232,-37.76201]]]},"properties":{"cat":"industrial","name":""}},{"type":"Feature","geometry":{"type":"Polygon","coordinates":[[[144.83251,-37.76276],[144.83207,-37.76301],[144.83202,-37.76299],[144.83188,-37.76309],[144.8311,-37.76393],[144.83113,-37.7641],[144.83115,-37.76418],[144.83116,-37.76423],[144.8312,-37.76428],[144.83126,-37.76434],[144.83132,-37.76437],[144.83138,-37.7644],[144.83143,-37.76441],[144.83149,-37.76442],[144.83154,-37.76441],[144.8316,-37.76441],[144.83181,-37.76436],[144.83186,-37.76435],[144.8319,-37.76435],[144.83209,-37.76437],[144.83219,-37.76438],[144.83246,-37.7644],[144.83417,-37.76459],[144.83718,-37.76492],[144.83848,-37.76506],[144.84658,-37.76595],[144.84676,-37.76501],[144.84691,-37.76423],[144.84627,-37.76416],[144.84621,-37.7616],[144.84441,-37.76135],[144.84462,-37.76017],[144.84127,-37.75981],[144.84147,-37.75862],[144.84151,-37.7586],[144.83719,-37.75816],[144.83711,-37.75867],[144.83707,-37.75867],[144.83694,-37.75865],[144.83689,-37.75865],[144.83673,-37.75863],[144.83665,-37.7587],[144.83564,-37.75982],[144.83557,-37.75989],[144.83556,-37.75995],[144.83547,-37.76041],[144.83513,-37.76038],[144.83439,-37.76118],[144.8339,-37.76171],[144.83346,-37.76188],[144.83314,-37.76224],[144.833,-37.7624],[144.83286,-37.76252],[144.83251,-37.76276]]]},"properties":{"cat":"industrial","name":""}},{"type":"Feature","geometry":{"type":"Polygon","coordinates":[[[144.8484,-37.77322],[144.84896,-37.77329],[144.84893,-37.77343],[144.84889,-37.77367],[144.84886,-37.77381],[144.84882,-37.77406],[144.84879,-37.77419],[144.84883,-37.77419],[144.85006,-37.77433],[144.85022,-37.77435],[144.85021,-37.77443],[144.84997,-37.77562],[144.84987,-37.77616],[144.84982,-37.77616],[144.84953,-37.77612],[144.84954,-37.77608],[144.84934,-37.77606],[144.84906,-37.77602],[144.84885,-37.776],[144.84856,-37.77597],[144.84838,-37.77595],[144.84808,-37.77591],[144.84789,-37.77589],[144.84802,-37.77522],[144.8484,-37.77322]]]},"properties":{"cat":"industrial","name":""}},{"type":"Feature","geometry":{"type":"Polygon","coordinates":[[[144.85045,-37.77499],[144.85044,-37.77504],[144.85124,-37.77513],[144.8513,-37.7748],[144.85133,-37.77464],[144.85137,-37.77439],[144.85129,-37.77438],[144.85129,-37.77437],[144.85118,-37.77435],[144.85108,-37.77434],[144.85091,-37.77432],[144.85091,-37.77433],[144.85076,-37.77432],[144.85058,-37.7743],[144.85058,-37.7743],[144.85054,-37.77448],[144.85053,-37.77457],[144.8505,-37.77473],[144.85049,-37.77476],[144.85045,-37.77499]]]},"properties":{"cat":"industrial","name":""}},{"type":"Feature","geometry":{"type":"Polygon","coordinates":[[[144.85489,-37.77797],[144.85473,-37.7788],[144.8547,-37.77882],[144.85283,-37.7786],[144.85285,-37.77846],[144.85249,-37.77841],[144.85261,-37.77773],[144.85265,-37.77771],[144.85489,-37.77797]]]},"properties":{"cat":"industrial","name":""}},{"type":"Feature","geometry":{"type":"Polygon","coordinates":[[[144.94935,-37.81245],[144.9494,-37.81244],[144.94966,-37.81236],[144.94978,-37.81233],[144.94978,-37.81234],[144.9501,-37.81224],[144.94992,-37.81185],[144.9496,-37.81195],[144.94949,-37.81198],[144.94927,-37.81204],[144.94912,-37.81208],[144.94899,-37.81212],[144.94912,-37.81224],[144.94922,-37.81233],[144.94931,-37.81241],[144.94935,-37.81245]]]},"properties":{"cat":"prison","name":"Judy Lazarus Transition Centre"}},{"type":"Feature","geometry":{"type":"Polygon","coordinates":[[[144.84409,-37.80248],[144.84399,-37.80215],[144.844,-37.80205],[144.84435,-37.80096],[144.84516,-37.79971],[144.84634,-37.80064],[144.85246,-37.80266],[144.85254,-37.80471],[144.85269,-37.80554],[144.8552,-37.80586],[144.85689,-37.80607],[144.85804,-37.80616],[144.85826,-37.80626],[144.85829,-37.80641],[144.85768,-37.8098],[144.85619,-37.80961],[144.85163,-37.80909],[144.84982,-37.80887],[144.84617,-37.80515],[144.84592,-37.80489],[144.84677,-37.80434],[144.84685,-37.80429],[144.84506,-37.80253],[144.84409,-37.80248]]]},"properties":{"cat":"industrial","name":""}},{"type":"Feature","geometry":{"type":"Polygon","coordinates":[[[144.85935,-37.79933],[144.8589,-37.80251],[144.86021,-37.80269],[144.8616,-37.80288],[144.86167,-37.80313],[144.86179,-37.80333],[144.86166,-37.80462],[144.86162,-37.80465],[144.86158,-37.80467],[144.86113,-37.80463],[144.86113,-37.80476],[144.86091,-37.80498],[144.86081,-37.80503],[144.86032,-37.80541],[144.86021,-37.80601],[144.86018,-37.80659],[144.85998,-37.8066],[144.85988,-37.8066],[144.85956,-37.80661],[144.8584,-37.80589],[144.85578,-37.80561],[144.85529,-37.80555],[144.85278,-37.80532],[144.85278,-37.80444],[144.85302,-37.80274],[144.85231,-37.80226],[144.85153,-37.8021],[144.84662,-37.80042],[144.84546,-37.79954],[144.84621,-37.79855],[144.84727,-37.79791],[144.85291,-37.79859],[144.85286,-37.79889],[144.85286,-37.7989],[144.85285,-37.79891],[144.85346,-37.79898],[144.85352,-37.79866],[144.85935,-37.79933]]]},"properties":{"cat":"industrial","name":""}},{"type":"Feature","geometry":{"type":"Polygon","coordinates":[[[144.84816,-37.80904],[144.84957,-37.809],[144.85536,-37.81469],[144.8479,-37.81676],[144.84752,-37.81669],[144.84736,-37.81653],[144.84691,-37.81665],[144.84684,-37.8166],[144.84721,-37.81484],[144.84729,-37.81442],[144.84816,-37.80904]]]},"properties":{"cat":"industrial","name":""}},{"type":"Feature","geometry":{"type":"Polygon","coordinates":[[[144.84988,-37.80904],[144.85271,-37.80936],[144.85742,-37.80989],[144.85862,-37.81003],[144.85821,-37.81222],[144.85785,-37.81409],[144.85583,-37.81463],[144.8558,-37.81472],[144.84988,-37.80904]]]},"properties":{"cat":"industrial","name":""}},{"type":"Feature","geometry":{"type":"Polygon","coordinates":[[[144.85869,-37.81006],[144.86039,-37.81023],[144.85986,-37.81305],[144.86004,-37.81346],[144.85797,-37.81406],[144.85869,-37.81006]]]},"properties":{"cat":"industrial","name":""}},{"type":"Feature","geometry":{"type":"Polygon","coordinates":[[[144.86154,-37.8053],[144.86147,-37.8053],[144.86132,-37.80531],[144.86118,-37.80531],[144.86079,-37.80556],[144.86039,-37.80656],[144.86018,-37.80685],[144.86013,-37.80691],[144.85921,-37.80698],[144.85829,-37.80641],[144.85768,-37.8098],[144.86059,-37.81012],[144.86072,-37.81006],[144.86075,-37.81001],[144.86154,-37.8053]]]},"properties":{"cat":"industrial","name":""}},{"type":"Feature","geometry":{"type":"Polygon","coordinates":[[[144.86045,-37.81029],[144.86153,-37.81041],[144.86114,-37.81269],[144.86135,-37.81314],[144.86016,-37.81345],[144.85995,-37.81303],[144.86045,-37.81029]]]},"properties":{"cat":"industrial","name":""}},{"type":"Feature","geometry":{"type":"Polygon","coordinates":[[[144.8617,-37.81044],[144.86272,-37.81054],[144.86245,-37.81233],[144.86262,-37.81275],[144.86142,-37.81309],[144.86125,-37.81265],[144.8617,-37.81044]]]},"properties":{"cat":"industrial","name":""}},{"type":"Feature","geometry":{"type":"Polygon","coordinates":[[[144.86287,-37.81054],[144.86397,-37.81066],[144.86369,-37.81197],[144.86388,-37.8124],[144.86271,-37.81274],[144.86254,-37.8123],[144.86287,-37.81054]]]},"properties":{"cat":"industrial","name":""}},{"type":"Feature","geometry":{"type":"Polygon","coordinates":[[[144.86405,-37.81067],[144.86516,-37.8108],[144.86502,-37.8116],[144.86521,-37.81203],[144.86405,-37.81233],[144.86388,-37.81192],[144.86405,-37.81067]]]},"properties":{"cat":"industrial","name":""}},{"type":"Feature","geometry":{"type":"Polygon","coordinates":[[[144.86427,-37.80393],[144.86434,-37.80354],[144.86438,-37.80333],[144.86208,-37.80307],[144.862,-37.80351],[144.86176,-37.80503],[144.86192,-37.8051],[144.86187,-37.80495],[144.86197,-37.80423],[144.86307,-37.80435],[144.86316,-37.80381],[144.86427,-37.80393]]]},"properties":{"cat":"industrial","name":""}},{"type":"Feature","geometry":{"type":"Polygon","coordinates":[[[144.8662,-37.80616],[144.86617,-37.80616],[144.86504,-37.80604],[144.86473,-37.806],[144.86467,-37.80638],[144.86474,-37.80671],[144.8653,-37.8072],[144.86535,-37.80722],[144.86598,-37.80746],[144.8662,-37.80616]]]},"properties":{"cat":"industrial","name":""}},{"type":"Feature","geometry":{"type":"Polygon","coordinates":[[[144.83279,-37.80339],[144.83414,-37.80551],[144.83426,-37.80564],[144.83434,-37.80583],[144.83413,-37.80607],[144.83391,-37.80625],[144.8331,-37.80722],[144.82665,-37.8065],[144.82695,-37.80491],[144.82682,-37.80407],[144.83279,-37.80339]]]},"properties":{"cat":"industrial","name":""}},{"type":"Feature","geometry":{"type":"Polygon","coordinates":[[[144.82661,-37.80534],[144.82646,-37.80532],[144.82568,-37.80524],[144.82542,-37.80521],[144.82548,-37.80489],[144.82549,-37.80482],[144.82506,-37.80477],[144.82459,-37.80472],[144.82448,-37.80533],[144.82366,-37.80524],[144.82385,-37.80497],[144.82387,-37.80494],[144.82387,-37.80493],[144.82387,-37.80491],[144.82387,-37.80488],[144.82386,-37.80485],[144.82384,-37.80483],[144.82382,-37.80481],[144.82378,-37.80478],[144.82373,-37.80477],[144.82383,-37.80436],[144.82381,-37.80436],[144.82276,-37.80441],[144.82201,-37.80444],[144.81916,-37.80423],[144.81896,-37.80566],[144.82641,-37.80645],[144.82655,-37.80572],[144.82661,-37.80534]]]},"properties":{"cat":"industrial","name":""}},{"type":"Feature","geometry":{"type":"Polygon","coordinates":[[[144.82879,-37.80701],[144.82957,-37.80709],[144.83037,-37.80718],[144.8328,-37.80745],[144.83207,-37.80826],[144.83087,-37.80901],[144.83064,-37.80973],[144.82931,-37.81023],[144.82862,-37.80986],[144.82847,-37.80909],[144.82853,-37.80872],[144.82879,-37.80701]]]},"properties":{"cat":"industrial","name":""}},{"type":"Feature","geometry":{"type":"Polygon","coordinates":[[[144.82872,-37.80697],[144.82665,-37.80676],[144.82546,-37.80664],[144.82347,-37.80644],[144.82313,-37.8084],[144.82453,-37.80856],[144.82511,-37.80864],[144.82631,-37.80877],[144.82837,-37.80902],[144.82845,-37.80854],[144.82856,-37.80791],[144.82872,-37.80697]]]},"properties":{"cat":"industrial","name":""}},{"type":"Feature","geometry":{"type":"Polygon","coordinates":[[[144.82661,-37.81124],[144.82557,-37.81113],[144.82599,-37.80883],[144.82705,-37.80894],[144.8283,-37.80908],[144.82851,-37.80996],[144.82864,-37.81077],[144.82814,-37.81141],[144.82788,-37.81138],[144.82661,-37.81124]]]},"properties":{"cat":"industrial","name":""}},{"type":"Feature","geometry":{"type":"Polygon","coordinates":[[[144.82497,-37.81178],[144.82651,-37.81195],[144.82661,-37.81197],[144.82666,-37.812],[144.82672,-37.81204],[144.82678,-37.81208],[144.82681,-37.81213],[144.82684,-37.81218],[144.82686,-37.81224],[144.82694,-37.81285],[144.827,-37.81332],[144.82714,-37.81438],[144.82714,-37.81444],[144.82714,-37.81449],[144.82713,-37.81454],[144.82711,-37.8146],[144.82709,-37.81464],[144.82706,-37.81469],[144.82659,-37.81529],[144.82654,-37.8153],[144.82632,-37.81556],[144.82633,-37.8156],[144.82619,-37.81577],[144.82611,-37.81586],[144.82606,-37.81591],[144.82599,-37.81595],[144.82593,-37.81598],[144.82587,-37.816],[144.82582,-37.81602],[144.82573,-37.81604],[144.82565,-37.81605],[144.82558,-37.81604],[144.82425,-37.81594],[144.82414,-37.81583],[144.82483,-37.81186],[144.82497,-37.81178]]]},"properties":{"cat":"industrial","name":""}},{"type":"Feature","geometry":{"type":"Polygon","coordinates":[[[144.8246,-37.81183],[144.82392,-37.81581],[144.82378,-37.8159],[144.82272,-37.8158],[144.82262,-37.81569],[144.82331,-37.8117],[144.82344,-37.81162],[144.82451,-37.81173],[144.8246,-37.81183]]]},"properties":{"cat":"industrial","name":""}},{"type":"Feature","geometry":{"type":"Polygon","coordinates":[[[144.82298,-37.81157],[144.82309,-37.81168],[144.82242,-37.81552],[144.82238,-37.81574],[144.82236,-37.81584],[144.82232,-37.81596],[144.82161,-37.81639],[144.82155,-37.8164],[144.82146,-37.8164],[144.82138,-37.8164],[144.82095,-37.81636],[144.82084,-37.81625],[144.82087,-37.81602],[144.82165,-37.81153],[144.8218,-37.81145],[144.82298,-37.81157]]]},"properties":{"cat":"industrial","name":""}},{"type":"Feature","geometry":{"type":"Polygon","coordinates":[[[144.82141,-37.81137],[144.82064,-37.81631],[144.8189,-37.81619],[144.81833,-37.81614],[144.81768,-37.81609],[144.81778,-37.81549],[144.8174,-37.81546],[144.81772,-37.81371],[144.81817,-37.81116],[144.81917,-37.81113],[144.82141,-37.81137]]]},"properties":{"cat":"industrial","name":""}},{"type":"Feature","geometry":{"type":"Polygon","coordinates":[[[144.80992,-37.80722],[144.8098,-37.80784],[144.80963,-37.8096],[144.81033,-37.8097],[144.81081,-37.81028],[144.8107,-37.8103],[144.81063,-37.81034],[144.81058,-37.81038],[144.81055,-37.81054],[144.81054,-37.81067],[144.80835,-37.81043],[144.80843,-37.81239],[144.80867,-37.81325],[144.8088,-37.81375],[144.80897,-37.81436],[144.80915,-37.81495],[144.80935,-37.81513],[144.81017,-37.81527],[144.81107,-37.81539],[144.8126,-37.81553],[144.81329,-37.81559],[144.81346,-37.8156],[144.81467,-37.81571],[144.81593,-37.81581],[144.81636,-37.81586],[144.81659,-37.81585],[144.81676,-37.8158],[144.81687,-37.81522],[144.81724,-37.81319],[144.81757,-37.81133],[144.81761,-37.81113],[144.81767,-37.81077],[144.81775,-37.81033],[144.81781,-37.80999],[144.8179,-37.80942],[144.81815,-37.80807],[144.81825,-37.80747],[144.81873,-37.80442],[144.81745,-37.80429],[144.81747,-37.80399],[144.81222,-37.80355],[144.81205,-37.80592],[144.80849,-37.80704],[144.80847,-37.80714],[144.80992,-37.80722]]]},"properties":{"cat":"industrial","name":""}},{"type":"Feature","geometry":{"type":"Polygon","coordinates":[[[144.81906,-37.80597],[144.81996,-37.80607],[144.82324,-37.80642],[144.82297,-37.80851],[144.82405,-37.80863],[144.82599,-37.80883],[144.82557,-37.81113],[144.82549,-37.81165],[144.81819,-37.81084],[144.81813,-37.81032],[144.81843,-37.80862],[144.81878,-37.80657],[144.81886,-37.80612],[144.81906,-37.80597]]]},"properties":{"cat":"industrial","name":""}},{"type":"Feature","geometry":{"type":"Polygon","coordinates":[[[144.81059,-37.81568],[144.81667,-37.81617],[144.81682,-37.81652],[144.8221,-37.82211],[144.82066,-37.82302],[144.82027,-37.82312],[144.81793,-37.82373],[144.81448,-37.82464],[144.8139,-37.82476],[144.81361,-37.82463],[144.81358,-37.82463],[144.81339,-37.82468],[144.81276,-37.82433],[144.81244,-37.82409],[144.81191,-37.82281],[144.81173,-37.82286],[144.81163,-37.82288],[144.81153,-37.82277],[144.81135,-37.82253],[144.81127,-37.82241],[144.81109,-37.82211],[144.81009,-37.81975],[144.80957,-37.81845],[144.80936,-37.81799],[144.80923,-37.81749],[144.80906,-37.81678],[144.80919,-37.81573],[144.81059,-37.81568]]]},"properties":{"cat":"industrial","name":""}},{"type":"Feature","geometry":{"type":"Polygon","coordinates":[[[144.80951,-37.8302],[144.81081,-37.83205],[144.81158,-37.83165],[144.81049,-37.83028],[144.80951,-37.8302]]]},"properties":{"cat":"industrial","name":""}},{"type":"Feature","geometry":{"type":"Polygon","coordinates":[[[144.82803,-37.84012],[144.83053,-37.84038],[144.82993,-37.84417],[144.8304,-37.84551],[144.83025,-37.84722],[144.8301,-37.84743],[144.8282,-37.848],[144.82778,-37.84762],[144.82766,-37.84747],[144.8279,-37.84517],[144.82806,-37.84426],[144.8275,-37.84423],[144.82803,-37.84012]]]},"properties":{"cat":"industrial","name":""}},{"type":"Feature","geometry":{"type":"Polygon","coordinates":[[[144.83896,-37.84219],[144.84124,-37.84244],[144.84062,-37.84618],[144.8407,-37.84627],[144.84029,-37.84647],[144.83898,-37.84628],[144.83849,-37.84538],[144.83896,-37.84219]]]},"properties":{"cat":"industrial","name":""}},{"type":"Feature","geometry":{"type":"Polygon","coordinates":[[[144.83881,-37.84219],[144.83594,-37.84191],[144.83637,-37.84245],[144.83611,-37.8439],[144.83549,-37.84416],[144.83497,-37.84478],[144.83499,-37.84526],[144.83558,-37.84531],[144.83606,-37.84536],[144.83625,-37.8443],[144.838,-37.84449],[144.83772,-37.84587],[144.8384,-37.846],[144.83827,-37.84478],[144.83879,-37.84233],[144.83881,-37.84219]]]},"properties":{"cat":"industrial","name":"Qube Altona Freight Terminal"}},{"type":"Feature","geometry":{"type":"Polygon","coordinates":[[[144.83966,-37.8377],[144.83816,-37.83749],[144.83822,-37.83713],[144.83827,-37.83659],[144.83814,-37.83657],[144.83836,-37.83523],[144.83841,-37.83488],[144.83834,-37.83487],[144.83785,-37.83483],[144.83784,-37.83488],[144.83775,-37.83514],[144.8377,-37.83553],[144.83772,-37.83652],[144.83765,-37.83716],[144.83756,-37.83733],[144.83738,-37.83754],[144.83717,-37.83773],[144.83678,-37.83793],[144.83642,-37.83802],[144.83582,-37.83822],[144.83547,-37.83838],[144.83516,-37.83859],[144.83501,-37.83873],[144.83489,-37.83891],[144.83485,-37.83904],[144.83485,-37.8392],[144.83494,-37.84],[144.83513,-37.84051],[144.83522,-37.84095],[144.83536,-37.84136],[144.83566,-37.84159],[144.8361,-37.8417],[144.83893,-37.84198],[144.8396,-37.83804],[144.83966,-37.8377]]]},"properties":{"cat":"landfill","name":"Altona North Landfill"}},{"type":"Feature","geometry":{"type":"Polygon","coordinates":[[[144.84244,-37.83538],[144.84223,-37.83666],[144.84201,-37.83795],[144.84187,-37.8388],[144.84128,-37.84224],[144.83912,-37.84204],[144.83976,-37.83858],[144.83991,-37.83773],[144.83966,-37.8377],[144.83816,-37.83749],[144.83822,-37.83713],[144.83827,-37.83659],[144.83814,-37.83657],[144.83836,-37.83523],[144.8384,-37.83495],[144.84244,-37.83538]]]},"properties":{"cat":"industrial","name":""}},{"type":"Feature","geometry":{"type":"Polygon","coordinates":[[[144.84269,-37.8336],[144.84143,-37.83351],[144.84016,-37.83344],[144.84015,-37.83345],[144.84001,-37.83344],[144.83952,-37.83342],[144.83816,-37.83334],[144.83807,-37.83334],[144.83806,-37.83345],[144.8379,-37.83468],[144.84118,-37.83505],[144.84248,-37.83518],[144.84274,-37.8336],[144.84269,-37.8336]]]},"properties":{"cat":"industrial","name":""}},{"type":"Feature","geometry":{"type":"Polygon","coordinates":[[[144.82357,-37.84905],[144.8271,-37.84941],[144.82708,-37.84955],[144.827,-37.84955],[144.82697,-37.84976],[144.82319,-37.85068],[144.82357,-37.84905]]]},"properties":{"cat":"industrial","name":"ASCC Altona Terminal"}},{"type":"Feature","geometry":{"type":"Polygon","coordinates":[[[144.41955,-38.14358],[144.41958,-38.14311],[144.42021,-38.14268],[144.42411,-38.14113],[144.42617,-38.14143],[144.42727,-38.142],[144.42995,-38.14715],[144.43028,-38.1488],[144.4305,-38.14918],[144.43076,-38.14946],[144.43256,-38.15079],[144.43286,-38.15118],[144.43307,-38.15149],[144.43314,-38.15185],[144.43309,-38.15225],[144.43164,-38.15604],[144.43004,-38.15964],[144.4294,-38.16085],[144.42892,-38.16144],[144.42819,-38.16207],[144.42585,-38.164],[144.42273,-38.1649],[144.42003,-38.16505],[144.4172,-38.16472],[144.39652,-38.15974],[144.3968,-38.15898],[144.39654,-38.15876],[144.39443,-38.15831],[144.39406,-38.15911],[144.39362,-38.15895],[144.38714,-38.15667],[144.3945,-38.15099],[144.3947,-38.15108],[144.39665,-38.15188],[144.39767,-38.15226],[144.39859,-38.1526],[144.40017,-38.15304],[144.40043,-38.15322],[144.40075,-38.15353],[144.40148,-38.15461],[144.4016,-38.15479],[144.40189,-38.15504],[144.40274,-38.15557],[144.40294,-38.15564],[144.40313,-38.1556],[144.40352,-38.15546],[144.40422,-38.15503],[144.40446,-38.15494],[144.40577,-38.15478],[144.41672,-38.15576],[144.41732,-38.15493],[144.41752,-38.15425],[144.41761,-38.15366],[144.41938,-38.14592],[144.41945,-38.14478],[144.41955,-38.14358]]]},"properties":{"cat":"industrial","name":"Cheetham Salt Works"}},{"type":"Feature","geometry":{"type":"Polygon","coordinates":[[[145.10728,-37.85352],[145.10809,-37.85377],[145.10826,-37.85382],[145.10807,-37.85418],[145.10798,-37.8542],[145.10708,-37.85392],[145.10728,-37.85352]]]},"properties":{"cat":"industrial","name":""}},{"type":"Feature","geometry":{"type":"Polygon","coordinates":[[[145.10785,-37.8543],[145.107,-37.85403],[145.10671,-37.85461],[145.10713,-37.85466],[145.10726,-37.85454],[145.10785,-37.8543]]]},"properties":{"cat":"industrial","name":""}},{"type":"Feature","geometry":{"type":"Polygon","coordinates":[[[145.10195,-37.85305],[145.10457,-37.85258],[145.10473,-37.85308],[145.10479,-37.85307],[145.10493,-37.85355],[145.10265,-37.85395],[145.10195,-37.85305]]]},"properties":{"cat":"industrial","name":""}},{"type":"Feature","geometry":{"type":"Polygon","coordinates":[[[145.10248,-37.85178],[145.10435,-37.85147],[145.10461,-37.85243],[145.10275,-37.85275],[145.10248,-37.85178]]]},"properties":{"cat":"industrial","name":""}},{"type":"Feature","geometry":{"type":"Polygon","coordinates":[[[145.10118,-37.85203],[145.1023,-37.85182],[145.10257,-37.85279],[145.10186,-37.85292],[145.10118,-37.85203]]]},"properties":{"cat":"industrial","name":""}},{"type":"Feature","geometry":{"type":"Polygon","coordinates":[[[145.10329,-37.85399],[145.10498,-37.8537],[145.10536,-37.85363],[145.10551,-37.85408],[145.10531,-37.85445],[145.10337,-37.85423],[145.10329,-37.85399]]]},"properties":{"cat":"industrial","name":""}},{"type":"Feature","geometry":{"type":"Polygon","coordinates":[[[145.10591,-37.85368],[145.10685,-37.85398],[145.10653,-37.85459],[145.1055,-37.85447],[145.10591,-37.85368]]]},"properties":{"cat":"industrial","name":""}},{"type":"Feature","geometry":{"type":"Polygon","coordinates":[[[145.10606,-37.85529],[145.10441,-37.8552],[145.10369,-37.85564],[145.10345,-37.85561],[145.10347,-37.85549],[145.10363,-37.85544],[145.10374,-37.85536],[145.10381,-37.85526],[145.10396,-37.85447],[145.10696,-37.8548],[145.10685,-37.85499],[145.10667,-37.85506],[145.10633,-37.8552],[145.10606,-37.85529]]]},"properties":{"cat":"industrial","name":""}},{"type":"Feature","geometry":{"type":"Polygon","coordinates":[[[145.11021,-37.85373],[145.11001,-37.85371],[145.10958,-37.85422],[145.10956,-37.85435],[145.10946,-37.8549],[145.10997,-37.85496],[145.11008,-37.85442],[145.11021,-37.85373]]]},"properties":{"cat":"industrial","name":""}},{"type":"Feature","geometry":{"type":"Polygon","coordinates":[[[145.12004,-37.91166],[145.12099,-37.91177],[145.12086,-37.91252],[145.11989,-37.91239],[145.12004,-37.91166]]]},"properties":{"cat":"industrial","name":""}},{"type":"Feature","geometry":{"type":"Polygon","coordinates":[[[145.23408,-37.91133],[145.2316,-37.91112],[145.23155,-37.91104],[145.23162,-37.91087],[145.23176,-37.91069],[145.23313,-37.90958],[145.23345,-37.90943],[145.23355,-37.90973],[145.23379,-37.91045],[145.23408,-37.91133]]]},"properties":{"cat":"industrial","name":""}},{"type":"Feature","geometry":{"type":"Polygon","coordinates":[[[145.71549,-38.08463],[145.71697,-38.08461],[145.71802,-38.08459],[145.71801,-38.08275],[145.71545,-38.08276],[145.71549,-38.08463]]]},"properties":{"cat":"cemetery","name":"Bunyip Cemetery"}},{"type":"Feature","geometry":{"type":"Polygon","coordinates":[[[144.9898,-37.41412],[144.9889,-37.41403],[144.988,-37.41393],[144.98827,-37.41238],[144.98961,-37.41253],[144.99004,-37.41257],[144.99006,-37.41258],[144.9898,-37.41412]]]},"properties":{"cat":"cemetery","name":"Wallan Cemetery"}},{"type":"Feature","geometry":{"type":"Polygon","coordinates":[[[144.58826,-37.49398],[144.58966,-37.49412],[144.58936,-37.49605],[144.58721,-37.49579],[144.5876,-37.49413],[144.58826,-37.49398]]]},"properties":{"cat":"cemetery","name":"Gisborne Cemetery"}},{"type":"Feature","geometry":{"type":"Polygon","coordinates":[[[145.10421,-37.90944],[145.10676,-37.90972],[145.10678,-37.90975],[145.10668,-37.91029],[145.10664,-37.91031],[145.10408,-37.91003],[145.10416,-37.90959],[145.10419,-37.90955],[145.10421,-37.90944]]]},"properties":{"cat":"industrial","name":""}},{"type":"Feature","geometry":{"type":"Polygon","coordinates":[[[145.10695,-37.90975],[145.10697,-37.90975],[145.10766,-37.90982],[145.10967,-37.91004],[145.10989,-37.91006],[145.1098,-37.91068],[145.10688,-37.91033],[145.10685,-37.91031],[145.10695,-37.90975]]]},"properties":{"cat":"industrial","name":""}},{"type":"Feature","geometry":{"type":"Polygon","coordinates":[[[145.1071,-37.90902],[145.11006,-37.90933],[145.10994,-37.90995],[145.10702,-37.90961],[145.10699,-37.90958],[145.1071,-37.90902]]]},"properties":{"cat":"industrial","name":""}},{"type":"Feature","geometry":{"type":"Polygon","coordinates":[[[145.09174,-37.89144],[145.09165,-37.89189],[145.09348,-37.89213],[145.09356,-37.89167],[145.09263,-37.89156],[145.09263,-37.89154],[145.09174,-37.89144]]]},"properties":{"cat":"industrial","name":""}},{"type":"Feature","geometry":{"type":"Polygon","coordinates":[[[145.02945,-37.95172],[145.03008,-37.9518],[145.02957,-37.95471],[145.02886,-37.95463],[145.02945,-37.95172]]]},"properties":{"cat":"industrial","name":""}},{"type":"Feature","geometry":{"type":"Polygon","coordinates":[[[144.93066,-37.6406],[144.93032,-37.64056],[144.93039,-37.64021],[144.93044,-37.63999],[144.93077,-37.64003],[144.93066,-37.6406]]]},"properties":{"cat":"industrial","name":"Telstra Somerton Exchange"}},{"type":"Feature","geometry":{"type":"Polygon","coordinates":[[[145.08718,-37.94603],[145.0871,-37.9465],[145.08686,-37.94648],[145.08672,-37.94734],[145.0869,-37.94755],[145.08681,-37.94803],[145.08641,-37.95011],[145.08634,-37.95046],[145.08435,-37.95025],[145.0846,-37.94902],[145.08233,-37.94875],[145.08195,-37.95074],[145.08096,-37.95062],[145.08089,-37.95054],[145.08083,-37.95034],[145.08176,-37.94512],[145.08403,-37.94537],[145.084,-37.94564],[145.08425,-37.94567],[145.08718,-37.94603]]]},"properties":{"cat":"industrial","name":""}},{"type":"Feature","geometry":{"type":"Polygon","coordinates":[[[145.34212,-37.76346],[145.34272,-37.76339],[145.34312,-37.76339],[145.34366,-37.7634],[145.344,-37.76417],[145.34471,-37.76642],[145.34449,-37.76717],[145.3472,-37.76749],[145.34898,-37.7677],[145.34931,-37.76774],[145.34839,-37.77255],[145.34497,-37.77214],[145.34256,-37.77276],[145.34244,-37.77261],[145.34243,-37.77257],[145.34154,-37.77262],[145.34084,-37.77242],[145.34073,-37.77241],[145.34028,-37.77249],[145.34024,-37.77247],[145.34019,-37.77246],[145.33953,-37.77235],[145.33828,-37.77245],[145.33797,-37.77263],[145.33728,-37.77275],[145.337,-37.77288],[145.336,-37.77297],[145.33579,-37.77293],[145.33558,-37.77278],[145.33537,-37.77254],[145.33506,-37.77238],[145.33511,-37.77232],[145.33535,-37.77195],[145.33553,-37.77156],[145.33565,-37.77115],[145.33625,-37.76854],[145.33649,-37.76701],[145.3366,-37.76631],[145.33667,-37.7661],[145.33677,-37.76587],[145.33687,-37.76567],[145.33698,-37.76548],[145.33716,-37.76523],[145.33732,-37.76504],[145.3375,-37.76485],[145.33769,-37.76469],[145.3379,-37.76452],[145.33818,-37.76433],[145.33871,-37.76397],[145.33942,-37.76339],[145.33955,-37.76344],[145.33967,-37.76315],[145.33983,-37.76302],[145.33996,-37.76291],[145.34001,-37.76294],[145.34006,-37.76298],[145.34019,-37.76305],[145.34023,-37.76306],[145.3402,-37.76312],[145.34057,-37.76321],[145.341,-37.76331],[145.34195,-37.76358],[145.34198,-37.76358],[145.34212,-37.76346]]]},"properties":{"cat":"quarry","name":"Former Lilydale Quarry"}},{"type":"Feature","geometry":{"type":"Polygon","coordinates":[[[145.11409,-37.98144],[145.11534,-37.98159],[145.11618,-37.98544],[145.11524,-37.98558],[145.11513,-37.9851],[145.11482,-37.98464],[145.11425,-37.98426],[145.11372,-37.98409],[145.11411,-37.9817],[145.11409,-37.98144]]]},"properties":{"cat":"industrial","name":""}},{"type":"Feature","geometry":{"type":"Polygon","coordinates":[[[145.11554,-37.98592],[145.11635,-37.98587],[145.11669,-37.98716],[145.11555,-37.98715],[145.11497,-37.98708],[145.11515,-37.9862],[145.11548,-37.98624],[145.11554,-37.98592]]]},"properties":{"cat":"industrial","name":""}},{"type":"Feature","geometry":{"type":"Polygon","coordinates":[[[145.11479,-37.98701],[145.11503,-37.98583],[145.11503,-37.98558],[145.11503,-37.98539],[145.11501,-37.9853],[145.11499,-37.98525],[145.11497,-37.9852],[145.11495,-37.98515],[145.11491,-37.98506],[145.11488,-37.98501],[145.11485,-37.98496],[145.11481,-37.98491],[145.1148,-37.98489],[145.11479,-37.98487],[145.11476,-37.98483],[145.11473,-37.9848],[145.1147,-37.98477],[145.11466,-37.98473],[145.11461,-37.98468],[145.11456,-37.98464],[145.11451,-37.98459],[145.11447,-37.98456],[145.11444,-37.98454],[145.11437,-37.98449],[145.11425,-37.9844],[145.11408,-37.98433],[145.11402,-37.9843],[145.11394,-37.98429],[145.11363,-37.9842],[145.11009,-37.98382],[145.10974,-37.98614],[145.10981,-37.98632],[145.10985,-37.98638],[145.1102,-37.98645],[145.11479,-37.98701]]]},"properties":{"cat":"industrial","name":""}},{"type":"Feature","geometry":{"type":"Polygon","coordinates":[[[145.11073,-37.98027],[145.1132,-37.98055],[145.1135,-37.98076],[145.11388,-37.98142],[145.11392,-37.98168],[145.11374,-37.98286],[145.11356,-37.98396],[145.11354,-37.98406],[145.11259,-37.98396],[145.1119,-37.98389],[145.11017,-37.9837],[145.11026,-37.98315],[145.11043,-37.98212],[145.11073,-37.98027]]]},"properties":{"cat":"industrial","name":""}},{"type":"Feature","geometry":{"type":"Polygon","coordinates":[[[145.10076,-37.97111],[145.10078,-37.97104],[145.10078,-37.97102],[145.10226,-37.9712],[145.1023,-37.97121],[145.10234,-37.97123],[145.10239,-37.97126],[145.10243,-37.97129],[145.10245,-37.97132],[145.10246,-37.97134],[145.10247,-37.9714],[145.10247,-37.97144],[145.10247,-37.97149],[145.10243,-37.9717],[145.10236,-37.97211],[145.10234,-37.97222],[145.1023,-37.97232],[145.10352,-37.9735],[145.10488,-37.97369],[145.10464,-37.97472],[145.103,-37.97593],[145.10091,-37.97382],[145.1007,-37.97138],[145.10076,-37.97111]]]},"properties":{"cat":"industrial","name":""}},{"type":"Feature","geometry":{"type":"Polygon","coordinates":[[[145.08692,-37.96946],[145.08604,-37.97448],[145.08614,-37.97495],[145.08625,-37.97531],[145.0862,-37.97617],[145.08617,-37.97634],[145.08563,-37.97928],[145.08397,-37.97908],[145.08243,-37.9789],[145.08146,-37.97746],[145.08176,-37.97582],[145.08182,-37.97565],[145.0819,-37.97525],[145.08187,-37.97524],[145.08192,-37.975],[145.08207,-37.97422],[145.08212,-37.97423],[145.08223,-37.97369],[145.08221,-37.97369],[145.08224,-37.97357],[145.08226,-37.97341],[145.08252,-37.97206],[145.08248,-37.97206],[145.08262,-37.9713],[145.08267,-37.97103],[145.08306,-37.96895],[145.08687,-37.96941],[145.08692,-37.96946]]]},"properties":{"cat":"industrial","name":""}},{"type":"Feature","geometry":{"type":"Polygon","coordinates":[[[145.17063,-37.82117],[145.16778,-37.82161],[145.16722,-37.82168],[145.16694,-37.8217],[145.16639,-37.82173],[145.166,-37.82174],[145.16589,-37.82174],[145.16566,-37.82173],[145.16504,-37.82169],[145.16451,-37.82163],[145.16395,-37.82156],[145.16382,-37.82154],[145.16318,-37.82147],[145.1606,-37.82116],[145.15718,-37.82074],[145.15711,-37.82073],[145.15674,-37.82068],[145.15362,-37.82028],[145.15362,-37.82026],[145.15366,-37.82007],[145.15368,-37.81993],[145.15367,-37.8199],[145.15355,-37.81967],[145.15351,-37.81959],[145.1535,-37.81958],[145.15357,-37.81956],[145.15383,-37.81947],[145.15576,-37.81882],[145.15582,-37.8188],[145.15588,-37.81878],[145.15589,-37.81878],[145.15594,-37.81876],[145.15728,-37.81831],[145.15736,-37.81828],[145.1576,-37.81821],[145.15818,-37.81801],[145.15824,-37.81802],[145.15835,-37.81802],[145.15852,-37.81804],[145.1587,-37.81805],[145.15872,-37.81806],[145.1589,-37.81807],[145.15892,-37.81807],[145.159,-37.81808],[145.15906,-37.81808],[145.15933,-37.8181],[145.1594,-37.81811],[145.15949,-37.81811],[145.15951,-37.81811],[145.15957,-37.81812],[145.15972,-37.81812],[145.15988,-37.81812],[145.16001,-37.81813],[145.16063,-37.81815],[145.16062,-37.8182],[145.16056,-37.8185],[145.16056,-37.81853],[145.16086,-37.81856],[145.16142,-37.81859],[145.16157,-37.81859],[145.16159,-37.81859],[145.1616,-37.81859],[145.16154,-37.81894],[145.1623,-37.81902],[145.1623,-37.81904],[145.16299,-37.81912],[145.16306,-37.81876],[145.16353,-37.81882],[145.16433,-37.81894],[145.16435,-37.81895],[145.16437,-37.81895],[145.16457,-37.81902],[145.16542,-37.81912],[145.16544,-37.81898],[145.16564,-37.819],[145.16626,-37.81907],[145.16634,-37.81911],[145.16645,-37.81913],[145.16611,-37.82064],[145.1674,-37.82081],[145.16754,-37.82015],[145.16797,-37.82021],[145.16799,-37.82006],[145.16757,-37.82001],[145.16768,-37.81948],[145.16809,-37.81954],[145.16812,-37.81939],[145.16876,-37.81947],[145.16869,-37.81983],[145.16998,-37.82],[145.17,-37.81992],[145.17086,-37.82003],[145.17063,-37.82117]]]},"properties":{"cat":"industrial","name":""}},{"type":"Feature","geometry":{"type":"Polygon","coordinates":[[[145.17222,-37.81891],[145.17268,-37.81898],[145.17267,-37.81905],[145.17283,-37.81907],[145.17278,-37.8195],[145.17254,-37.82065],[145.1726,-37.82065],[145.17258,-37.82076],[145.17255,-37.82088],[145.17214,-37.82094],[145.17173,-37.821],[145.17222,-37.81891]]]},"properties":{"cat":"industrial","name":""}},{"type":"Feature","geometry":{"type":"Polygon","coordinates":[[[144.98496,-37.82511],[144.9851,-37.82428],[144.98553,-37.82434],[144.98538,-37.82516],[144.98496,-37.82511]]]},"properties":{"cat":"industrial","name":"CityLink Water Recycling Plant"}},{"type":"Feature","geometry":{"type":"Polygon","coordinates":[[[145.04279,-37.93548],[145.04101,-37.93526],[145.04093,-37.93623],[145.04159,-37.93603],[145.04173,-37.93631],[145.04269,-37.93597],[145.04279,-37.93548]]]},"properties":{"cat":"industrial","name":""}},{"type":"Feature","geometry":{"type":"Polygon","coordinates":[[[145.02605,-37.92171],[145.026,-37.9221],[145.02659,-37.92217],[145.02652,-37.9227],[145.02551,-37.9226],[145.02558,-37.9219],[145.02544,-37.92188],[145.02551,-37.92164],[145.02605,-37.92171]]]},"properties":{"cat":"industrial","name":""}},{"type":"Feature","geometry":{"type":"Polygon","coordinates":[[[145.04658,-37.94669],[145.04781,-37.94685],[145.04764,-37.94768],[145.04642,-37.94752],[145.04637,-37.94748],[145.04648,-37.94697],[145.04653,-37.94698],[145.04658,-37.94669]]]},"properties":{"cat":"industrial","name":""}},{"type":"Feature","geometry":{"type":"Polygon","coordinates":[[[145.02208,-37.64538],[145.02049,-37.6452],[145.02068,-37.64412],[145.02222,-37.64431],[145.02226,-37.64435],[145.02208,-37.64538]]]},"properties":{"cat":"industrial","name":""}},{"type":"Feature","geometry":{"type":"Polygon","coordinates":[[[145.02031,-37.64621],[145.02044,-37.64546],[145.02109,-37.64553],[145.02108,-37.64556],[145.02195,-37.64566],[145.02197,-37.64569],[145.02199,-37.64576],[145.022,-37.64585],[145.02184,-37.64672],[145.02122,-37.64665],[145.02127,-37.64632],[145.02031,-37.64621]]]},"properties":{"cat":"industrial","name":""}},{"type":"Feature","geometry":{"type":"Polygon","coordinates":[[[145.02042,-37.63989],[145.02049,-37.63938],[145.02126,-37.63945],[145.02118,-37.63992],[145.02111,-37.63996],[145.02042,-37.63989]]]},"properties":{"cat":"industrial","name":""}},{"type":"Feature","geometry":{"type":"Polygon","coordinates":[[[145.01893,-37.63995],[145.0196,-37.64],[145.01965,-37.64005],[145.01942,-37.64126],[145.01936,-37.6413],[145.01851,-37.64123],[145.01862,-37.64044],[145.01886,-37.64046],[145.01893,-37.63995]]]},"properties":{"cat":"industrial","name":""}},{"type":"Feature","geometry":{"type":"Polygon","coordinates":[[[145.0187,-37.64143],[145.01932,-37.64149],[145.01937,-37.64154],[145.01905,-37.64323],[145.01897,-37.64328],[145.01771,-37.64316],[145.01767,-37.64311],[145.01767,-37.64307],[145.01774,-37.64265],[145.01846,-37.64272],[145.0187,-37.64143]]]},"properties":{"cat":"industrial","name":""}},{"type":"Feature","geometry":{"type":"Polygon","coordinates":[[[145.01744,-37.64306],[145.01742,-37.64315],[145.0176,-37.64333],[145.02045,-37.64362],[145.02049,-37.64366],[145.02031,-37.64466],[145.02024,-37.64469],[145.01765,-37.64444],[145.0176,-37.64475],[145.01803,-37.64479],[145.01831,-37.64469],[145.01834,-37.64469],[145.02023,-37.64487],[145.02027,-37.64491],[145.02017,-37.64546],[145.0156,-37.64501],[145.0157,-37.64442],[145.01582,-37.64365],[145.01645,-37.64371],[145.01666,-37.64345],[145.01718,-37.64313],[145.01744,-37.64306]]]},"properties":{"cat":"industrial","name":""}},{"type":"Feature","geometry":{"type":"Polygon","coordinates":[[[145.01495,-37.64903],[145.01914,-37.64948],[145.01929,-37.6486],[145.01727,-37.64838],[145.01724,-37.64836],[145.01603,-37.64822],[145.01596,-37.64776],[145.01598,-37.64776],[145.01606,-37.64733],[145.01604,-37.64729],[145.01583,-37.64727],[145.01597,-37.6464],[145.01815,-37.64662],[145.01939,-37.64675],[145.01946,-37.64629],[145.02003,-37.64635],[145.01981,-37.64769],[145.01978,-37.64775],[145.01943,-37.64983],[145.01937,-37.64987],[145.01797,-37.64972],[145.01769,-37.64962],[145.01742,-37.64959],[145.01736,-37.64992],[145.0174,-37.64991],[145.01766,-37.64994],[145.01793,-37.6499],[145.01934,-37.65005],[145.01938,-37.65009],[145.01918,-37.65131],[145.01917,-37.65132],[145.01646,-37.65104],[145.01556,-37.65093],[145.01464,-37.65083],[145.01373,-37.65073],[145.01368,-37.65066],[145.01383,-37.64979],[145.01405,-37.6484],[145.01504,-37.64849],[145.01495,-37.64903]]]},"properties":{"cat":"industrial","name":""}},{"type":"Feature","geometry":{"type":"Polygon","coordinates":[[[145.01986,-37.64007],[145.01993,-37.64003],[145.02108,-37.64014],[145.02113,-37.64018],[145.02053,-37.6434],[145.02047,-37.64343],[145.01935,-37.6433],[145.0193,-37.64324],[145.01986,-37.64007]]]},"properties":{"cat":"industrial","name":""}},{"type":"Feature","geometry":{"type":"Polygon","coordinates":[[[145.01185,-37.64967],[145.01224,-37.64729],[145.01229,-37.64726],[145.0125,-37.64728],[145.01255,-37.64733],[145.01261,-37.64736],[145.0129,-37.64739],[145.013,-37.64734],[145.01388,-37.64743],[145.01395,-37.6475],[145.01342,-37.65062],[145.01334,-37.65066],[145.01239,-37.6506],[145.01239,-37.65057],[145.0124,-37.6505],[145.01241,-37.65043],[145.01253,-37.64974],[145.01243,-37.64973],[145.01185,-37.64967]]]},"properties":{"cat":"industrial","name":""}},{"type":"Feature","geometry":{"type":"Polygon","coordinates":[[[145.00732,-37.64281],[145.00712,-37.64227],[145.00716,-37.64223],[145.00748,-37.64214],[145.01023,-37.64241],[145.01139,-37.64252],[145.01128,-37.64321],[145.01257,-37.64333],[145.01254,-37.6436],[145.0126,-37.64368],[145.01218,-37.64629],[145.01215,-37.64631],[145.01125,-37.64621],[145.01115,-37.64613],[145.01107,-37.64612],[145.01082,-37.6461],[145.01077,-37.64642],[145.0111,-37.64645],[145.01121,-37.64639],[145.01181,-37.64645],[145.01209,-37.64648],[145.01211,-37.64648],[145.01214,-37.64651],[145.01196,-37.64759],[145.01193,-37.64761],[145.01174,-37.64759],[145.01169,-37.64757],[145.01163,-37.64753],[145.01159,-37.6475],[145.01147,-37.64748],[145.01129,-37.64747],[145.01125,-37.64779],[145.0115,-37.64782],[145.01156,-37.6478],[145.01159,-37.64779],[145.01166,-37.64777],[145.0117,-37.64777],[145.0119,-37.64779],[145.01193,-37.64782],[145.01175,-37.64887],[145.01172,-37.64889],[145.01126,-37.64885],[145.01119,-37.64884],[145.01115,-37.64883],[145.01113,-37.64882],[145.0111,-37.64881],[145.01106,-37.64878],[145.01102,-37.64875],[145.01097,-37.64874],[145.01092,-37.64874],[145.0109,-37.64874],[145.01086,-37.64875],[145.01082,-37.64877],[145.01078,-37.64879],[145.01075,-37.64882],[145.01074,-37.64886],[145.01073,-37.64888],[145.0107,-37.64888],[145.01067,-37.64906],[145.01104,-37.6491],[145.01115,-37.64904],[145.01119,-37.64902],[145.01169,-37.64907],[145.01172,-37.64909],[145.01151,-37.65037],[145.01014,-37.65021],[145.00873,-37.65005],[145.00869,-37.64983],[145.00869,-37.64974],[145.00886,-37.64872],[145.00891,-37.64858],[145.00895,-37.64854],[145.009,-37.6485],[145.00904,-37.64846],[145.00906,-37.6484],[145.00906,-37.64833],[145.00903,-37.64828],[145.009,-37.64822],[145.009,-37.64817],[145.00922,-37.64729],[145.00932,-37.64689],[145.00936,-37.64683],[145.0094,-37.6468],[145.00947,-37.64671],[145.00949,-37.64665],[145.00948,-37.64657],[145.00944,-37.64649],[145.00945,-37.64641],[145.00993,-37.64452],[145.00997,-37.64442],[145.00998,-37.64434],[145.00997,-37.64427],[145.00994,-37.64419],[145.00988,-37.64412],[145.0098,-37.64406],[145.00969,-37.64402],[145.00956,-37.644],[145.00846,-37.64373],[145.0082,-37.64368],[145.00795,-37.64365],[145.0077,-37.64363],[145.00744,-37.64362],[145.0074,-37.64337],[145.00735,-37.64303],[145.00732,-37.64281]]]},"properties":{"cat":"industrial","name":""}},{"type":"Feature","geometry":{"type":"Polygon","coordinates":[[[145.01808,-37.63693],[145.01788,-37.63832],[145.01712,-37.63829],[145.01715,-37.638],[145.01544,-37.63783],[145.01564,-37.63661],[145.01658,-37.63671],[145.01668,-37.63676],[145.01678,-37.63676],[145.01701,-37.63678],[145.01702,-37.63675],[145.0173,-37.63678],[145.01729,-37.63687],[145.01772,-37.6369],[145.01775,-37.63694],[145.01784,-37.63695],[145.01792,-37.63692],[145.01808,-37.63693]]]},"properties":{"cat":"industrial","name":""}},{"type":"Feature","geometry":{"type":"Polygon","coordinates":[[[144.98958,-37.76249],[144.98951,-37.76282],[144.98723,-37.76255],[144.9873,-37.76224],[144.98958,-37.76249]]]},"properties":{"cat":"industrial","name":""}},{"type":"Feature","geometry":{"type":"Polygon","coordinates":[[[144.98732,-37.76211],[144.98739,-37.76179],[144.98931,-37.76201],[144.98925,-37.76234],[144.98732,-37.76211]]]},"properties":{"cat":"industrial","name":""}},{"type":"Feature","geometry":{"type":"Polygon","coordinates":[[[144.64371,-37.61376],[144.64084,-37.61337],[144.63913,-37.61496],[144.63651,-37.61462],[144.63547,-37.61933],[144.64622,-37.6207],[144.64635,-37.61999],[144.64627,-37.61926],[144.64541,-37.61656],[144.64564,-37.61512],[144.64371,-37.61376]]]},"properties":{"cat":"quarry","name":""}},{"type":"Feature","geometry":{"type":"Polygon","coordinates":[[[144.99475,-37.64708],[144.9923,-37.64681],[144.99247,-37.64584],[144.9926,-37.64509],[144.99277,-37.64416],[144.99294,-37.6432],[144.99326,-37.64135],[144.99577,-37.64163],[144.99545,-37.64347],[144.99528,-37.64443],[144.99515,-37.64518],[144.99511,-37.64537],[144.99496,-37.64596],[144.99493,-37.64611],[144.99475,-37.64708]]]},"properties":{"cat":"industrial","name":""}},{"type":"Feature","geometry":{"type":"Polygon","coordinates":[[[144.99901,-37.64853],[144.99882,-37.64864],[144.99818,-37.64857],[144.99665,-37.6484],[144.9951,-37.64825],[144.99495,-37.6481],[144.99527,-37.64628],[144.99542,-37.64619],[144.9963,-37.64628],[144.99736,-37.6464],[144.99848,-37.64652],[144.99902,-37.64658],[144.99905,-37.6466],[144.99911,-37.64756],[144.99911,-37.64784],[144.99908,-37.64815],[144.99901,-37.64853]]]},"properties":{"cat":"industrial","name":""}},{"type":"Feature","geometry":{"type":"Polygon","coordinates":[[[144.88292,-37.70203],[144.88474,-37.69989],[144.88553,-37.69998],[144.88574,-37.70016],[144.88755,-37.69938],[144.88843,-37.70312],[144.88818,-37.7034],[144.88789,-37.70373],[144.88747,-37.70455],[144.88733,-37.70518],[144.88725,-37.70574],[144.88604,-37.70677],[144.88588,-37.70668],[144.88288,-37.70261],[144.88316,-37.70234],[144.88292,-37.70203]]]},"properties":{"cat":"industrial","name":""}},{"type":"Feature","geometry":{"type":"Polygon","coordinates":[[[144.99603,-37.64168],[144.99852,-37.64195],[144.99864,-37.64267],[144.99874,-37.64324],[144.99887,-37.64397],[144.99908,-37.64517],[144.99907,-37.64562],[144.99902,-37.64595],[144.99904,-37.64633],[144.99902,-37.64635],[144.99898,-37.64636],[144.99752,-37.6462],[144.99652,-37.64609],[144.99546,-37.64598],[144.99534,-37.64585],[144.99542,-37.64525],[144.9955,-37.64479],[144.9957,-37.64362],[144.99582,-37.64293],[144.99603,-37.64168]]]},"properties":{"cat":"industrial","name":""}},{"type":"Feature","geometry":{"type":"Polygon","coordinates":[[[144.99928,-37.64293],[144.99924,-37.64271],[144.99935,-37.64204],[144.9994,-37.64177],[144.99872,-37.64169],[144.99871,-37.6416],[144.9988,-37.64104],[144.99886,-37.641],[144.99952,-37.64107],[145.00065,-37.64119],[145.00154,-37.64129],[145.00238,-37.64138],[145.00258,-37.6414],[145.00262,-37.64141],[145.00359,-37.64173],[145.005,-37.64201],[145.00518,-37.64208],[145.00529,-37.64217],[145.0054,-37.64236],[145.00553,-37.64263],[145.00568,-37.64313],[145.00581,-37.64352],[145.00581,-37.64356],[145.00577,-37.64359],[145.0057,-37.64362],[145.00207,-37.64323],[145.00198,-37.64322],[145.00115,-37.64313],[145.00035,-37.64305],[144.99928,-37.64293]]]},"properties":{"cat":"industrial","name":""}},{"type":"Feature","geometry":{"type":"Polygon","coordinates":[[[145.00194,-37.64342],[145.00319,-37.64355],[145.00325,-37.64362],[145.00295,-37.64544],[145.0029,-37.64548],[145.00281,-37.6455],[145.00198,-37.64511],[145.00167,-37.64503],[145.0011,-37.64491],[145.00091,-37.64488],[144.99993,-37.64478],[144.99989,-37.64477],[144.99986,-37.64475],[144.99985,-37.64472],[144.9996,-37.6433],[144.99961,-37.64327],[144.99962,-37.64324],[144.99964,-37.64322],[144.99968,-37.6432],[144.99972,-37.64319],[144.99977,-37.64319],[145.00194,-37.64342]]]},"properties":{"cat":"industrial","name":""}},{"type":"Feature","geometry":{"type":"Polygon","coordinates":[[[145.00111,-37.64888],[144.99957,-37.64873],[144.99949,-37.64871],[144.99944,-37.6487],[144.9994,-37.64867],[144.9994,-37.64864],[144.9994,-37.6486],[144.99946,-37.64824],[144.99948,-37.64807],[144.99949,-37.64791],[144.9995,-37.64774],[144.9995,-37.64756],[144.99948,-37.64737],[144.99941,-37.6461],[144.99942,-37.64607],[144.99944,-37.64605],[144.99949,-37.64604],[145.00038,-37.64614],[145.00041,-37.64614],[145.00058,-37.64616],[145.00078,-37.64618],[145.00118,-37.64627],[145.0018,-37.6464],[145.00293,-37.64671],[145.00405,-37.64682],[145.00366,-37.64904],[145.00147,-37.64889],[145.00111,-37.64888]]]},"properties":{"cat":"industrial","name":""}},{"type":"Feature","geometry":{"type":"Polygon","coordinates":[[[145.00834,-37.64994],[145.00826,-37.65],[145.00743,-37.64986],[145.00737,-37.64881],[145.00757,-37.64839],[145.00781,-37.64841],[145.00793,-37.64842],[145.00851,-37.64849],[145.00859,-37.64856],[145.00858,-37.64864],[145.00851,-37.64905],[145.00844,-37.64949],[145.0084,-37.64957],[145.00834,-37.64994]]]},"properties":{"cat":"industrial","name":""}},{"type":"Feature","geometry":{"type":"Polygon","coordinates":[[[145.00903,-37.6468],[145.009,-37.64694],[145.0087,-37.64815],[145.00854,-37.64825],[145.00795,-37.64821],[145.00796,-37.64819],[145.00769,-37.64816],[145.00841,-37.64655],[145.0089,-37.64667],[145.00903,-37.6468]]]},"properties":{"cat":"industrial","name":""}},{"type":"Feature","geometry":{"type":"Polygon","coordinates":[[[145.00919,-37.64634],[145.009,-37.64646],[145.00794,-37.6462],[145.00788,-37.64609],[145.00785,-37.64594],[145.00787,-37.64549],[145.00787,-37.64539],[145.00781,-37.64531],[145.00772,-37.64526],[145.00725,-37.64514],[145.00732,-37.6448],[145.00741,-37.64436],[145.00744,-37.64387],[145.00813,-37.64389],[145.00828,-37.6439],[145.00848,-37.64395],[145.00947,-37.64419],[145.00962,-37.64424],[145.0097,-37.64434],[145.00968,-37.64448],[145.00944,-37.6454],[145.00919,-37.64634]]]},"properties":{"cat":"industrial","name":""}},{"type":"Feature","geometry":{"type":"Polygon","coordinates":[[[145.02353,-37.64956],[145.02346,-37.65004],[145.02338,-37.65048],[145.02158,-37.65029],[145.02172,-37.64939],[145.02353,-37.64956]]]},"properties":{"cat":"industrial","name":""}},{"type":"Feature","geometry":{"type":"Polygon","coordinates":[[[145.02318,-37.65162],[145.02273,-37.6516],[145.02273,-37.65161],[145.02138,-37.65147],[145.02153,-37.65057],[145.0233,-37.65076],[145.02332,-37.6508],[145.02327,-37.65109],[145.02318,-37.65162]]]},"properties":{"cat":"industrial","name":""}},{"type":"Feature","geometry":{"type":"Polygon","coordinates":[[[145.01953,-37.65123],[145.01967,-37.65038],[145.02117,-37.65054],[145.02114,-37.65071],[145.02112,-37.65071],[145.02108,-37.6509],[145.02103,-37.65121],[145.021,-37.65137],[145.01953,-37.65123]]]},"properties":{"cat":"industrial","name":""}},{"type":"Feature","geometry":{"type":"Polygon","coordinates":[[[145.02112,-37.65601],[145.02129,-37.65594],[145.02361,-37.65619],[145.0237,-37.65621],[145.0232,-37.65671],[145.02272,-37.65721],[145.02049,-37.65697],[145.02112,-37.65601]]]},"properties":{"cat":"industrial","name":""}},{"type":"Feature","geometry":{"type":"Polygon","coordinates":[[[145.02478,-37.65184],[145.02448,-37.6518],[145.02452,-37.65153],[145.02427,-37.6515],[145.02437,-37.65133],[145.02445,-37.65134],[145.02486,-37.65138],[145.02478,-37.65184]]]},"properties":{"cat":"industrial","name":""}},{"type":"Feature","geometry":{"type":"Polygon","coordinates":[[[145.02141,-37.64936],[145.02126,-37.65026],[145.01974,-37.65009],[145.01989,-37.64919],[145.02141,-37.64936]]]},"properties":{"cat":"industrial","name":""}},{"type":"Feature","geometry":{"type":"Polygon","coordinates":[[[145.0226,-37.64829],[145.02245,-37.64919],[145.01993,-37.64892],[145.02009,-37.64803],[145.0226,-37.64829]]]},"properties":{"cat":"industrial","name":""}},{"type":"Feature","geometry":{"type":"Polygon","coordinates":[[[145.02169,-37.64698],[145.02153,-37.64791],[145.02007,-37.64776],[145.02005,-37.64774],[145.02021,-37.64685],[145.02169,-37.64698]]]},"properties":{"cat":"industrial","name":""}},{"type":"Feature","geometry":{"type":"Polygon","coordinates":[[[145.02475,-37.647],[145.02426,-37.64695],[145.02371,-37.64689],[145.02211,-37.64671],[145.02229,-37.64573],[145.02417,-37.64593],[145.02412,-37.64623],[145.02488,-37.64632],[145.02486,-37.64643],[145.02475,-37.647]]]},"properties":{"cat":"industrial","name":"City of Whittlesea Council Works Depot"}},{"type":"Feature","geometry":{"type":"Polygon","coordinates":[[[145.19978,-37.88295],[145.19977,-37.8851],[145.19977,-37.88776],[145.20441,-37.88783],[145.20433,-37.88445],[145.20352,-37.88445],[145.20352,-37.88296],[145.19978,-37.88295]]]},"properties":{"cat":"quarry","name":""}},{"type":"Feature","geometry":{"type":"Polygon","coordinates":[[[145.20727,-37.88875],[145.20694,-37.88882],[145.20687,-37.88902],[145.2068,-37.88987],[145.20697,-37.89073],[145.2075,-37.89161],[145.20887,-37.89203],[145.20887,-37.89385],[145.21059,-37.89369],[145.21071,-37.8942],[145.21399,-37.89437],[145.21402,-37.89367],[145.21399,-37.89106],[145.21319,-37.8907],[145.21231,-37.88907],[145.21238,-37.88869],[145.21243,-37.88834],[145.20968,-37.88833],[145.20774,-37.88864],[145.20727,-37.88875]]]},"properties":{"cat":"quarry","name":""}},{"type":"Feature","geometry":{"type":"Polygon","coordinates":[[[145.20433,-37.88445],[145.20352,-37.88445],[145.20352,-37.88296],[145.19978,-37.88295],[145.19977,-37.8851],[145.19689,-37.8851],[145.19615,-37.8851],[145.1962,-37.88538],[145.19677,-37.88634],[145.19684,-37.88724],[145.20126,-37.89111],[145.201,-37.89195],[145.20117,-37.89281],[145.2017,-37.89318],[145.20258,-37.89462],[145.2075,-37.89632],[145.20944,-37.89905],[145.21036,-37.89853],[145.21148,-37.8979],[145.21132,-37.89689],[145.21114,-37.89564],[145.21261,-37.89592],[145.21388,-37.89497],[145.21423,-37.89471],[145.21436,-37.89348],[145.21428,-37.89311],[145.21405,-37.89311],[145.21407,-37.88739],[145.21372,-37.88447],[145.20433,-37.88445]]]},"properties":{"cat":"industrial","name":"Former Boral Wantirna South Quarry"}},{"type":"Feature","geometry":{"type":"Polygon","coordinates":[[[145.35667,-38.02512],[145.35677,-38.02513],[145.35654,-38.02644],[145.35652,-38.02652],[145.35414,-38.02625],[145.35444,-38.02486],[145.35497,-38.02492],[145.35555,-38.02499],[145.35667,-38.02512]]]},"properties":{"cat":"cemetery","name":"Berwick Cemetery"}},{"type":"Feature","geometry":{"type":"Polygon","coordinates":[[[145.12873,-37.90318],[145.13103,-37.90347],[145.13233,-37.90362],[145.13234,-37.90362],[145.13226,-37.90411],[145.13208,-37.90411],[145.13195,-37.90422],[145.13195,-37.90436],[145.13203,-37.90446],[145.13186,-37.90543],[145.12987,-37.90518],[145.12839,-37.90502],[145.12861,-37.90383],[145.12873,-37.90318]]]},"properties":{"cat":"industrial","name":""}},{"type":"Feature","geometry":{"type":"Polygon","coordinates":[[[145.13499,-37.90581],[145.13275,-37.90555],[145.13299,-37.90423],[145.13303,-37.90404],[145.13524,-37.90429],[145.13499,-37.90581]]]},"properties":{"cat":"industrial","name":""}},{"type":"Feature","geometry":{"type":"Polygon","coordinates":[[[145.1361,-37.90062],[145.13825,-37.90084],[145.13729,-37.90599],[145.1371,-37.90608],[145.1367,-37.90603],[145.13698,-37.90449],[145.13681,-37.90447],[145.13688,-37.9041],[145.13548,-37.90393],[145.1361,-37.90062]]]},"properties":{"cat":"industrial","name":""}},{"type":"Feature","geometry":{"type":"Polygon","coordinates":[[[145.14277,-37.90134],[145.14213,-37.9049],[145.13997,-37.90465],[145.13984,-37.90511],[145.13767,-37.90487],[145.13803,-37.90272],[145.13812,-37.9022],[145.13836,-37.90084],[145.14277,-37.90134]]]},"properties":{"cat":"industrial","name":""}},{"type":"Feature","geometry":{"type":"Polygon","coordinates":[[[145.04707,-37.59499],[145.03424,-37.59398],[145.03395,-37.59388],[145.03375,-37.59337],[145.03319,-37.58132],[145.03337,-37.58117],[145.03725,-37.58154],[145.04145,-37.58179],[145.04904,-37.58238],[145.04947,-37.58101],[145.05541,-37.58145],[145.06131,-37.58214],[145.06107,-37.58345],[145.06005,-37.58934],[145.05922,-37.59407],[145.05763,-37.59294],[145.05504,-37.5923],[145.05453,-37.59207],[145.05366,-37.59185],[145.05292,-37.59257],[145.05244,-37.5947],[145.05349,-37.59574],[145.04707,-37.59499]]]},"properties":{"cat":"quarry","name":"Hanson Quarry Wollert"}},{"type":"Feature","geometry":{"type":"Polygon","coordinates":[[[145.35562,-37.74777],[145.35189,-37.75135],[145.34646,-37.75076],[145.34701,-37.75023],[145.34707,-37.74998],[145.34784,-37.74968],[145.3485,-37.74927],[145.34878,-37.74877],[145.3489,-37.74827],[145.34921,-37.74756],[145.34928,-37.74708],[145.35355,-37.74755],[145.35562,-37.74777]]]},"properties":{"cat":"industrial","name":""}},{"type":"Feature","geometry":{"type":"Polygon","coordinates":[[[145.18416,-38.02139],[145.18283,-38.01861],[145.18039,-38.01881],[145.17747,-38.0163],[145.17806,-38.01365],[145.18056,-38.01368],[145.18102,-38.01119],[145.18468,-38.01124],[145.18701,-38.01152],[145.18695,-38.01182],[145.18647,-38.01558],[145.18622,-38.0185],[145.18665,-38.02106],[145.18416,-38.02139]]]},"properties":{"cat":"industrial","name":"The Key Industrial Park"}},{"type":"Feature","geometry":{"type":"Polygon","coordinates":[[[144.72193,-37.58532],[144.72448,-37.58175],[144.7245,-37.58171],[144.7255,-37.58215],[144.72291,-37.58577],[144.72193,-37.58532]]]},"properties":{"cat":"industrial","name":""}},{"type":"Feature","geometry":{"type":"Polygon","coordinates":[[[144.75458,-37.77876],[144.75439,-37.78018],[144.75455,-37.78034],[144.75443,-37.78129],[144.75174,-37.78105],[144.75162,-37.78095],[144.75131,-37.78091],[144.75117,-37.781],[144.75002,-37.78089],[144.74885,-37.78078],[144.74824,-37.78072],[144.74738,-37.77707],[144.74718,-37.77572],[144.74703,-37.77342],[144.74755,-37.7733],[144.74838,-37.77315],[144.74916,-37.77301],[144.74974,-37.77294],[144.75058,-37.77288],[144.75158,-37.77289],[144.75232,-37.7729],[144.75321,-37.77296],[144.75391,-37.77306],[144.75437,-37.77313],[144.75519,-37.77328],[144.75528,-37.7733],[144.75516,-37.77471],[144.75506,-37.77485],[144.75497,-37.77484],[144.75495,-37.77502],[144.75502,-37.7751],[144.75488,-37.77636],[144.75499,-37.7765],[144.75478,-37.77676],[144.75474,-37.77705],[144.75493,-37.77739],[144.75487,-37.77791],[144.75467,-37.77804],[144.75458,-37.77876]]]},"properties":{"cat":"industrial","name":"Orbis Business Park"}},{"type":"Feature","geometry":{"type":"Polygon","coordinates":[[[145.12035,-38.01155],[145.12079,-38.0094],[145.11906,-38.00919],[145.11542,-38.00876],[145.11522,-38.00982],[145.11521,-38.00984],[145.11517,-38.01003],[145.11503,-38.01089],[145.11506,-38.0109],[145.11723,-38.01116],[145.11864,-38.01134],[145.11873,-38.01128],[145.11891,-38.01131],[145.11894,-38.01138],[145.11912,-38.0115],[145.11956,-38.01144],[145.12035,-38.01155]]]},"properties":{"cat":"industrial","name":""}},{"type":"Feature","geometry":{"type":"Polygon","coordinates":[[[145.22072,-38.03484],[145.22031,-38.03692],[145.21993,-38.03785],[145.21939,-38.03853],[145.21876,-38.03926],[145.21853,-38.03989],[145.21807,-38.04002],[145.21499,-38.03963],[145.21505,-38.03922],[145.21551,-38.03927],[145.21604,-38.03688],[145.21666,-38.03534],[145.21721,-38.03466],[145.21812,-38.03423],[145.22018,-38.03388],[145.22037,-38.03391],[145.22055,-38.03399],[145.22074,-38.03428],[145.22072,-38.03484]]]},"properties":{"cat":"industrial","name":"ALDI Distribution Centre"}},{"type":"Feature","geometry":{"type":"Polygon","coordinates":[[[145.09432,-37.92853],[145.0933,-37.92844],[145.09315,-37.92824],[145.09317,-37.92793],[145.09094,-37.92769],[145.0892,-37.93677],[145.09001,-37.93687],[145.0906,-37.93695],[145.09272,-37.93726],[145.09352,-37.93297],[145.09432,-37.92853]]]},"properties":{"cat":"landfill","name":""}},{"type":"Feature","geometry":{"type":"Polygon","coordinates":[[[144.92367,-37.83048],[144.92859,-37.82956],[144.9313,-37.82901],[144.93194,-37.83128],[144.92989,-37.83168],[144.92847,-37.83195],[144.92444,-37.83274],[144.92367,-37.83048]]]},"properties":{"cat":"industrial","name":"Port Melbourne Industrial Estate"}},{"type":"Feature","geometry":{"type":"Polygon","coordinates":[[[144.41458,-38.27973],[144.41455,-38.27979],[144.41306,-38.2796],[144.41071,-38.28025],[144.41113,-38.28114],[144.41139,-38.28135],[144.41099,-38.28173],[144.41072,-38.28198],[144.41053,-38.28291],[144.41013,-38.28491],[144.41093,-38.28562],[144.41188,-38.28739],[144.41435,-38.2869],[144.41721,-38.2859],[144.41805,-38.2856],[144.41752,-38.28444],[144.41715,-38.28364],[144.41778,-38.28337],[144.41773,-38.28317],[144.41771,-38.2831],[144.4177,-38.28307],[144.41733,-38.28253],[144.4176,-38.28242],[144.41748,-38.28215],[144.41627,-38.27932],[144.41479,-38.27973],[144.41473,-38.27974],[144.41458,-38.27973]]]},"properties":{"cat":"industrial","name":"Black Rock Treatment Plant"}},{"type":"Feature","geometry":{"type":"Polygon","coordinates":[[[144.4632,-38.18282],[144.46342,-38.18175],[144.46568,-38.18205],[144.46546,-38.18311],[144.4632,-38.18282]]]},"properties":{"cat":"cemetery","name":"Leopold Cemetery"}},{"type":"Feature","geometry":{"type":"Polygon","coordinates":[[[145.30862,-37.82534],[145.30908,-37.82292],[145.30929,-37.82185],[145.31525,-37.82258],[145.31542,-37.82181],[145.31581,-37.82186],[145.31572,-37.82125],[145.31452,-37.82136],[145.31428,-37.81963],[145.31419,-37.81904],[145.30449,-37.82165],[145.30439,-37.82174],[145.30367,-37.82562],[145.30665,-37.82598],[145.30676,-37.82599],[145.30691,-37.82512],[145.30862,-37.82534]]]},"properties":{"cat":"industrial","name":""}},{"type":"Feature","geometry":{"type":"Polygon","coordinates":[[[145.21547,-38.01551],[145.21537,-38.01605],[145.21514,-38.01719],[145.21491,-38.01842],[145.21459,-38.02002],[145.2142,-38.02201],[145.21384,-38.02392],[145.21349,-38.02559],[145.21324,-38.02688],[145.21141,-38.03628],[145.21125,-38.03717],[145.21154,-38.03717],[145.21256,-38.03689],[145.21362,-38.03671],[145.21461,-38.03639],[145.2152,-38.03579],[145.21585,-38.03463],[145.21684,-38.03394],[145.21755,-38.03344],[145.21814,-38.0333],[145.21883,-38.03327],[145.21952,-38.03335],[145.2201,-38.03337],[145.2208,-38.03324],[145.22151,-38.03292],[145.22237,-38.03192],[145.22258,-38.03189],[145.22533,-38.03146],[145.22633,-38.03069],[145.22846,-38.02791],[145.22969,-38.0244],[145.23247,-38.02213],[145.23198,-38.02103],[145.23081,-38.01845],[145.23072,-38.01837],[145.23014,-38.01701],[145.22983,-38.01652],[145.21927,-38.01523],[145.21635,-38.01493],[145.21622,-38.01559],[145.21547,-38.01551]]]},"properties":{"cat":"industrial","name":""}},{"type":"Feature","geometry":{"type":"Polygon","coordinates":[[[145.2004,-38.01273],[145.20029,-38.01265],[145.19893,-38.01249],[145.19787,-38.01236],[145.19764,-38.01239],[145.19566,-38.01215],[145.19517,-38.01209],[145.19517,-38.0121],[145.19512,-38.01209],[145.1949,-38.01206],[145.195,-38.01159],[145.19504,-38.01143],[145.19504,-38.01142],[145.19505,-38.01139],[145.19507,-38.01126],[145.19508,-38.01125],[145.19511,-38.01109],[145.19511,-38.01108],[145.19514,-38.01094],[145.19514,-38.01093],[145.19517,-38.01079],[145.19517,-38.01079],[145.19523,-38.0105],[145.19524,-38.01046],[145.19523,-38.01045],[145.19521,-38.01045],[145.19521,-38.01038],[145.19557,-38.00868],[145.19545,-38.00857],[145.19521,-38.00854],[145.19172,-38.00808],[145.19281,-38.0044],[145.1926,-38.00434],[145.19311,-38.003],[145.19323,-38.00268],[145.19335,-38.00258],[145.19459,-38.00228],[145.19666,-38.00231],[145.1988,-38.00255],[145.20145,-38.00286],[145.20488,-38.00307],[145.20635,-38.00314],[145.20763,-38.00333],[145.21335,-38.00403],[145.21772,-38.00465],[145.21958,-38.00488],[145.22197,-38.00529],[145.22452,-38.0057],[145.22531,-38.00675],[145.22713,-38.01122],[145.2259,-38.01158],[145.22758,-38.01574],[145.21345,-38.01433],[145.21271,-38.01424],[145.2125,-38.01422],[145.20793,-38.0137],[145.20565,-38.01335],[145.20518,-38.01328],[145.2039,-38.01313],[145.2032,-38.01305],[145.20299,-38.01305],[145.20293,-38.01305],[145.20203,-38.0129],[145.20156,-38.01285],[145.2004,-38.01273]]]},"properties":{"cat":"industrial","name":""}},{"type":"Feature","geometry":{"type":"Polygon","coordinates":[[[145.23042,-38.01664],[145.23213,-38.02061],[145.23368,-38.01772],[145.23278,-38.01687],[145.23042,-38.01664]]]},"properties":{"cat":"industrial","name":""}},{"type":"Feature","geometry":{"type":"Polygon","coordinates":[[[145.20589,-38.01445],[145.20547,-38.01439],[145.20533,-38.01438],[145.2051,-38.01435],[145.20509,-38.01435],[145.20443,-38.01427],[145.20443,-38.01427],[145.2043,-38.01425],[145.20444,-38.01355],[145.20457,-38.01357],[145.20463,-38.01348],[145.20445,-38.01346],[145.20317,-38.01357],[145.20304,-38.01356],[145.2014,-38.01336],[145.19987,-38.01317],[145.19696,-38.01281],[145.19619,-38.01267],[145.19597,-38.01263],[145.1926,-38.01216],[145.1909,-38.01208],[145.18992,-38.01585],[145.1892,-38.01796],[145.1889,-38.01887],[145.18864,-38.01985],[145.18842,-38.02051],[145.18845,-38.02069],[145.18858,-38.02186],[145.18905,-38.02383],[145.18953,-38.02514],[145.1899,-38.02632],[145.19025,-38.02802],[145.19037,-38.03016],[145.19035,-38.03048],[145.1902,-38.03302],[145.18981,-38.03586],[145.18893,-38.03846],[145.19127,-38.04149],[145.19374,-38.04151],[145.19626,-38.04062],[145.19845,-38.04],[145.20003,-38.04013],[145.20297,-38.0406],[145.20437,-38.04046],[145.20576,-38.03882],[145.20646,-38.03849],[145.20786,-38.03806],[145.20983,-38.03759],[145.2105,-38.03706],[145.21075,-38.03641],[145.21143,-38.03287],[145.21182,-38.03087],[145.21191,-38.03043],[145.21216,-38.02918],[145.21218,-38.02908],[145.21302,-38.02471],[145.21356,-38.02194],[145.20828,-38.02128],[145.20679,-38.02108],[145.20448,-38.0208],[145.2052,-38.01721],[145.20515,-38.01714],[145.20549,-38.01542],[145.20566,-38.01543],[145.2057,-38.01523],[145.20569,-38.0152],[145.20568,-38.01516],[145.20568,-38.01513],[145.20568,-38.01509],[145.2058,-38.01502],[145.20589,-38.01463],[145.20589,-38.01459],[145.20589,-38.01455],[145.20588,-38.01449],[145.20589,-38.01445]]]},"properties":{"cat":"industrial","name":""}},{"type":"Feature","geometry":{"type":"Polygon","coordinates":[[[145.2358,-38.00664],[145.23551,-38.008],[145.23543,-38.00835],[145.23516,-38.0096],[145.23511,-38.0098],[145.23498,-38.01044],[145.23534,-38.01075],[145.23524,-38.0112],[145.23551,-38.01144],[145.23553,-38.01325],[145.23689,-38.01339],[145.23903,-38.01343],[145.24067,-38.0136],[145.24224,-38.0138],[145.24087,-38.01327],[145.24214,-38.01136],[145.24324,-38.0098],[145.24136,-38.00895],[145.24025,-38.00845],[145.23878,-38.00779],[145.23835,-38.00759],[145.23782,-38.00735],[145.2374,-38.00717],[145.23698,-38.00697],[145.23675,-38.00687],[145.2358,-38.00664]]]},"properties":{"cat":"industrial","name":""}},{"type":"Feature","geometry":{"type":"Polygon","coordinates":[[[145.23502,-38.01336],[145.23471,-38.01414],[145.23485,-38.01528],[145.2353,-38.01601],[145.23426,-38.01731],[145.23363,-38.01679],[145.23439,-38.0131],[145.23502,-38.01336]]]},"properties":{"cat":"industrial","name":""}},{"type":"Feature","geometry":{"type":"Polygon","coordinates":[[[145.2314,-38.0128],[145.23151,-38.01276],[145.23161,-38.01277],[145.23429,-38.0131],[145.23352,-38.01659],[145.23334,-38.01664],[145.23233,-38.0148],[145.23143,-38.01294],[145.23138,-38.01286],[145.2314,-38.0128]]]},"properties":{"cat":"industrial","name":""}},{"type":"Feature","geometry":{"type":"Polygon","coordinates":[[[145.22587,-38.00634],[145.22797,-38.00659],[145.22903,-38.00876],[145.23007,-38.01088],[145.23195,-38.01472],[145.23277,-38.0164],[145.23245,-38.01653],[145.23054,-38.0163],[145.23008,-38.01568],[145.2298,-38.01519],[145.22945,-38.01439],[145.22811,-38.01139],[145.22682,-38.00849],[145.22587,-38.00634]]]},"properties":{"cat":"industrial","name":""}},{"type":"Feature","geometry":{"type":"Polygon","coordinates":[[[145.22759,-38.00271],[145.23505,-38.00605],[145.23484,-38.00688],[145.23443,-38.00885],[145.2332,-38.00862],[145.2334,-38.0079],[145.23327,-38.00779],[145.23316,-38.00769],[145.23279,-38.00736],[145.23255,-38.0072],[145.23223,-38.00703],[145.23163,-38.00674],[145.23112,-38.0065],[145.22957,-38.006],[145.22872,-38.0058],[145.22809,-38.00552],[145.22714,-38.00338],[145.22694,-38.00292],[145.22702,-38.00288],[145.2275,-38.00294],[145.22759,-38.00271]]]},"properties":{"cat":"industrial","name":""}},{"type":"Feature","geometry":{"type":"Polygon","coordinates":[[[145.23726,-38.01717],[145.23761,-38.01599],[145.23862,-38.01549],[145.23957,-38.01515],[145.24108,-38.01488],[145.24118,-38.01415],[145.23997,-38.01372],[145.23886,-38.01356],[145.23665,-38.01354],[145.23551,-38.0134],[145.2351,-38.01415],[145.23502,-38.01449],[145.23517,-38.01509],[145.23574,-38.01597],[145.23571,-38.01624],[145.23527,-38.01692],[145.23726,-38.01717]]]},"properties":{"cat":"industrial","name":""}},{"type":"Feature","geometry":{"type":"Polygon","coordinates":[[[145.23733,-38.02022],[145.23647,-38.02047],[145.2322,-38.02321],[145.23036,-38.02464],[145.22955,-38.02742],[145.22696,-38.03136],[145.22627,-38.03186],[145.22618,-38.03203],[145.22545,-38.03224],[145.22572,-38.03275],[145.22615,-38.03317],[145.22607,-38.03328],[145.227,-38.03338],[145.22728,-38.03344],[145.2276,-38.03348],[145.23059,-38.03385],[145.23363,-38.03422],[145.24192,-38.03525],[145.24248,-38.03527],[145.2432,-38.03516],[145.24405,-38.03479],[145.24471,-38.03428],[145.24398,-38.03232],[145.24363,-38.02972],[145.24297,-38.02626],[145.24145,-38.02341],[145.24072,-38.02257],[145.23733,-38.02022]]]},"properties":{"cat":"industrial","name":""}},{"type":"Feature","geometry":{"type":"Polygon","coordinates":[[[145.24604,-38.02666],[145.24623,-38.02931],[145.24651,-38.03484],[145.24584,-38.03468],[145.24505,-38.03331],[145.24429,-38.02958],[145.24432,-38.02684],[145.24604,-38.02666]]]},"properties":{"cat":"industrial","name":""}},{"type":"Feature","geometry":{"type":"Polygon","coordinates":[[[145.24608,-38.02507],[145.24567,-38.02585],[145.24509,-38.0261],[145.24437,-38.0262],[145.24402,-38.02607],[145.24269,-38.02387],[145.24097,-38.02186],[145.23939,-38.02078],[145.23885,-38.02036],[145.23992,-38.01963],[145.24005,-38.01953],[145.24033,-38.01975],[145.24101,-38.01952],[145.24195,-38.01942],[145.24398,-38.01966],[145.2441,-38.01906],[145.24412,-38.01906],[145.24506,-38.0192],[145.24569,-38.01918],[145.24788,-38.01942],[145.2475,-38.02137],[145.2472,-38.02256],[145.2468,-38.02368],[145.24608,-38.02507]]]},"properties":{"cat":"industrial","name":""}},{"type":"Feature","geometry":{"type":"Polygon","coordinates":[[[145.25059,-38.0435],[145.25065,-38.04348],[145.25073,-38.04357],[145.25057,-38.04447],[145.24878,-38.04429],[145.24855,-38.04552],[145.24788,-38.04542],[145.24729,-38.0452],[145.24619,-38.04509],[145.24635,-38.04424],[145.24657,-38.04403],[145.24671,-38.04322],[145.25028,-38.04363],[145.25059,-38.0435]]]},"properties":{"cat":"industrial","name":""}},{"type":"Feature","geometry":{"type":"Polygon","coordinates":[[[145.24922,-38.03948],[145.2493,-38.0395],[145.25072,-38.04162],[145.2497,-38.04206],[145.24989,-38.04235],[145.25061,-38.04246],[145.25095,-38.04296],[145.25016,-38.04344],[145.24699,-38.04305],[145.24761,-38.03979],[145.2477,-38.03973],[145.24828,-38.0398],[145.24843,-38.0398],[145.24849,-38.03979],[145.24922,-38.03948]]]},"properties":{"cat":"industrial","name":""}},{"type":"Feature","geometry":{"type":"Polygon","coordinates":[[[145.24488,-38.03496],[145.2455,-38.03545],[145.24473,-38.03679],[145.24606,-38.03888],[145.24606,-38.03916],[145.24524,-38.03947],[145.24599,-38.0407],[145.2457,-38.04219],[145.24566,-38.04218],[145.24536,-38.04372],[145.24508,-38.04368],[145.24416,-38.04357],[145.24401,-38.04432],[145.24385,-38.0443],[145.24374,-38.04428],[145.24365,-38.04424],[145.24356,-38.04418],[145.24348,-38.0441],[145.2434,-38.04398],[145.2425,-38.04212],[145.24328,-38.04188],[145.24292,-38.04117],[145.24245,-38.04081],[145.24204,-38.04011],[145.24103,-38.04054],[145.23958,-38.0374],[145.23901,-38.03603],[145.24058,-38.03566],[145.24096,-38.03574],[145.24151,-38.0355],[145.24252,-38.03557],[145.24267,-38.03555],[145.24326,-38.0355],[145.24429,-38.0352],[145.24488,-38.03496]]]},"properties":{"cat":"industrial","name":""}},{"type":"Feature","geometry":{"type":"Polygon","coordinates":[[[145.23445,-38.03457],[145.23501,-38.0347],[145.23548,-38.03476],[145.23576,-38.03476],[145.23618,-38.03481],[145.23795,-38.03502],[145.23812,-38.03504],[145.23825,-38.03531],[145.2377,-38.03808],[145.23419,-38.03765],[145.23397,-38.03763],[145.23338,-38.04062],[145.23331,-38.04061],[145.22785,-38.03997],[145.22781,-38.03996],[145.22841,-38.03687],[145.22893,-38.03437],[145.22899,-38.03406],[145.22907,-38.03396],[145.22923,-38.03394],[145.23115,-38.03418],[145.23363,-38.0345],[145.23445,-38.03457]]]},"properties":{"cat":"industrial","name":""}},{"type":"Feature","geometry":{"type":"Polygon","coordinates":[[[145.15078,-38.07687],[145.15322,-38.07719],[145.15349,-38.07565],[145.1534,-38.07555],[145.15121,-38.07528],[145.15107,-38.0754],[145.15078,-38.07687]]]},"properties":{"cat":"industrial","name":"Gathercoles Meat Works"}},{"type":"Feature","geometry":{"type":"Polygon","coordinates":[[[145.26104,-38.12642],[145.26201,-38.12692],[145.2624,-38.12782],[145.26232,-38.12972],[145.26012,-38.131],[145.25866,-38.13006],[145.25691,-38.12893],[145.25767,-38.12796],[145.25945,-38.12774],[145.26029,-38.12663],[145.26104,-38.12642]]]},"properties":{"cat":"quarry","name":""}},{"type":"Feature","geometry":{"type":"Polygon","coordinates":[[[145.18132,-38.12889],[145.18079,-38.12868],[145.18149,-38.1277],[145.18336,-38.12549],[145.18386,-38.12517],[145.18493,-38.12483],[145.18547,-38.12619],[145.18598,-38.12659],[145.19295,-38.1272],[145.19699,-38.13273],[145.19816,-38.13226],[145.1989,-38.13335],[145.1995,-38.13423],[145.19907,-38.13506],[145.1982,-38.13701],[145.1973,-38.13949],[145.19713,-38.13969],[145.19543,-38.13915],[145.19474,-38.13889],[145.1935,-38.13778],[145.19318,-38.1376],[145.1901,-38.13639],[145.18933,-38.13415],[145.18715,-38.13239],[145.18571,-38.13119],[145.18483,-38.13064],[145.18148,-38.12894],[145.18132,-38.12889]]]},"properties":{"cat":"quarry","name":""}},{"type":"Feature","geometry":{"type":"Polygon","coordinates":[[[145.21055,-38.11938],[145.20993,-38.1227],[145.20927,-38.12622],[145.21459,-38.12683],[145.21352,-38.13257],[145.21964,-38.13328],[145.22095,-38.12627],[145.21809,-38.12594],[145.21871,-38.12281],[145.21923,-38.12048],[145.2192,-38.12041],[145.21911,-38.12036],[145.21055,-38.11938]]]},"properties":{"cat":"quarry","name":"Skye Sands"}},{"type":"Feature","geometry":{"type":"Polygon","coordinates":[[[145.19671,-38.28963],[145.19903,-38.29283],[145.19426,-38.29428],[145.1934,-38.29512],[145.19174,-38.29559],[145.19138,-38.29478],[145.19089,-38.29373],[145.19132,-38.29229],[145.19095,-38.29066],[145.19083,-38.29015],[145.18913,-38.28669],[145.1905,-38.28628],[145.19103,-38.28625],[145.19627,-38.28747],[145.19556,-38.28843],[145.19524,-38.28893],[145.19584,-38.28899],[145.19634,-38.28911],[145.19671,-38.28963]]]},"properties":{"cat":"industrial","name":""}},{"type":"Feature","geometry":{"type":"Polygon","coordinates":[[[145.18749,-38.28614],[145.18708,-38.2882],[145.18568,-38.29529],[145.18374,-38.29603],[145.18369,-38.2861],[145.18441,-38.28604],[145.18592,-38.2861],[145.18664,-38.28612],[145.18749,-38.28614]]]},"properties":{"cat":"industrial","name":""}},{"type":"Feature","geometry":{"type":"Polygon","coordinates":[[[145.21019,-38.29116],[145.21045,-38.29976],[145.21046,-38.30005],[145.20774,-38.30005],[145.20774,-38.29491],[145.20554,-38.29434],[145.20613,-38.29413],[145.20611,-38.29383],[145.20609,-38.29341],[145.20778,-38.2934],[145.20777,-38.29051],[145.21019,-38.29116]]]},"properties":{"cat":"industrial","name":""}},{"type":"Feature","geometry":{"type":"Polygon","coordinates":[[[145.20142,-38.28011],[145.20042,-38.28266],[145.2002,-38.28475],[145.20293,-38.28544],[145.20314,-38.28753],[145.20623,-38.28837],[145.20769,-38.28876],[145.20752,-38.28916],[145.20727,-38.28977],[145.21238,-38.291],[145.21282,-38.28984],[145.21801,-38.29112],[145.21743,-38.28923],[145.21773,-38.2866],[145.21718,-38.28539],[145.21625,-38.28472],[145.21261,-38.28387],[145.21258,-38.28229],[145.21039,-38.28239],[145.20924,-38.28194],[145.20142,-38.28011]]]},"properties":{"cat":"industrial","name":""}},{"type":"Feature","geometry":{"type":"Polygon","coordinates":[[[145.30116,-37.97265],[145.30119,-37.9724],[145.30164,-37.97245],[145.30159,-37.9727],[145.30157,-37.9727],[145.3013,-37.97267],[145.30116,-37.97265]]]},"properties":{"cat":"industrial","name":""}},{"type":"Feature","geometry":{"type":"Polygon","coordinates":[[[145.15746,-38.05896],[145.15907,-38.06755],[145.16362,-38.06805],[145.16949,-38.06877],[145.17053,-38.06848],[145.17063,-38.06869],[145.17084,-38.06871],[145.17087,-38.06852],[145.17123,-38.06856],[145.17141,-38.06859],[145.17145,-38.06868],[145.17153,-38.06886],[145.17146,-38.06892],[145.1715,-38.06902],[145.17386,-38.06931],[145.17386,-38.06928],[145.17389,-38.06927],[145.17389,-38.06924],[145.17388,-38.06914],[145.1739,-38.06905],[145.17381,-38.06901],[145.17383,-38.06846],[145.17424,-38.06794],[145.1745,-38.06715],[145.17513,-38.06722],[145.1751,-38.06736],[145.17818,-38.06776],[145.17838,-38.06692],[145.17846,-38.06687],[145.17886,-38.06508],[145.17903,-38.06475],[145.17958,-38.06481],[145.17964,-38.06462],[145.17984,-38.06464],[145.17996,-38.06404],[145.17997,-38.06399],[145.18172,-38.06417],[145.18193,-38.06416],[145.18211,-38.06396],[145.18366,-38.05566],[145.18682,-38.04189],[145.18463,-38.0416],[145.17988,-38.04099],[145.17885,-38.04106],[145.17793,-38.0417],[145.17435,-38.04561],[145.15868,-38.0537],[145.15815,-38.05439],[145.15746,-38.05896]]]},"properties":{"cat":"wastewater","name":"Eastern Treatment Plant"}},{"type":"Feature","geometry":{"type":"Polygon","coordinates":[[[145.10638,-38.00767],[145.10575,-38.01081],[145.10548,-38.01132],[145.10495,-38.01162],[145.10364,-38.01148],[145.10355,-38.01071],[145.10386,-38.00944],[145.10406,-38.00845],[145.10401,-38.00843],[145.10418,-38.00752],[145.10479,-38.00748],[145.10638,-38.00767]]]},"properties":{"cat":"industrial","name":""}},{"type":"Feature","geometry":{"type":"Polygon","coordinates":[[[145.10374,-38.0075],[145.10319,-38.01056],[145.10324,-38.01139],[145.10204,-38.01105],[145.09952,-38.01027],[145.09962,-38.00959],[145.09972,-38.00907],[145.09979,-38.0087],[145.09981,-38.00844],[145.09994,-38.0084],[145.09995,-38.00834],[145.10111,-38.00802],[145.10329,-38.00742],[145.10374,-38.0075]]]},"properties":{"cat":"industrial","name":""}},{"type":"Feature","geometry":{"type":"Polygon","coordinates":[[[145.1119,-37.91659],[145.11171,-37.91754],[145.11062,-37.91672],[145.11063,-37.91669],[145.11088,-37.91647],[145.11093,-37.91646],[145.11181,-37.91657],[145.1119,-37.91659]]]},"properties":{"cat":"industrial","name":""}},{"type":"Feature","geometry":{"type":"Polygon","coordinates":[[[145.11159,-37.91814],[145.10836,-37.91568],[145.10826,-37.91626],[145.108,-37.91778],[145.1091,-37.91792],[145.11158,-37.91823],[145.11159,-37.91814]]]},"properties":{"cat":"industrial","name":""}},{"type":"Feature","geometry":{"type":"Polygon","coordinates":[[[145.11211,-37.9155],[145.11193,-37.91644],[145.11096,-37.91633],[145.11093,-37.9163],[145.1111,-37.91541],[145.11114,-37.91538],[145.11211,-37.9155]]]},"properties":{"cat":"industrial","name":""}},{"type":"Feature","geometry":{"type":"Polygon","coordinates":[[[145.65322,-37.75479],[145.65205,-37.75425],[145.65226,-37.75336],[145.65465,-37.75367],[145.65466,-37.75375],[145.65322,-37.75479]]]},"properties":{"cat":"industrial","name":"Millgrove Sawmill"}},{"type":"Feature","geometry":{"type":"Polygon","coordinates":[[[145.6375,-37.77996],[145.63629,-37.77901],[145.63671,-37.7787],[145.63747,-37.77812],[145.63863,-37.77906],[145.6375,-37.77996]]]},"properties":{"cat":"cemetery","name":"Upper Yarra Public Cemetery"}},{"type":"Feature","geometry":{"type":"Polygon","coordinates":[[[144.48197,-37.6336],[144.48204,-37.63293],[144.48181,-37.63266],[144.48132,-37.63229],[144.481,-37.6321],[144.48085,-37.63223],[144.48054,-37.63215],[144.48028,-37.6324],[144.47969,-37.63238],[144.47878,-37.63222],[144.4784,-37.63289],[144.47815,-37.6328],[144.4778,-37.63289],[144.47767,-37.63297],[144.47706,-37.63291],[144.47688,-37.63334],[144.47686,-37.63378],[144.47717,-37.63382],[144.47879,-37.63396],[144.4792,-37.63399],[144.47993,-37.63403],[144.48005,-37.63406],[144.48069,-37.63425],[144.48144,-37.6341],[144.48188,-37.63387],[144.48197,-37.6336]]]},"properties":{"cat":"quarry","name":""}},{"type":"Feature","geometry":{"type":"Polygon","coordinates":[[[144.83043,-37.84944],[144.83478,-37.84994],[144.83542,-37.84993],[144.83596,-37.84988],[144.83469,-37.84893],[144.83451,-37.84846],[144.83043,-37.84944]]]},"properties":{"cat":"industrial","name":""}},{"type":"Feature","geometry":{"type":"Polygon","coordinates":[[[144.82233,-37.81667],[144.8252,-37.81693],[144.82475,-37.81764],[144.82445,-37.81773],[144.82414,-37.81775],[144.82393,-37.81804],[144.82395,-37.81824],[144.82441,-37.81865],[144.82456,-37.8191],[144.82445,-37.81917],[144.82457,-37.82039],[144.82441,-37.82041],[144.82432,-37.82067],[144.82236,-37.82194],[144.81799,-37.81737],[144.81919,-37.81674],[144.81919,-37.81645],[144.8204,-37.81654],[144.82086,-37.81657],[144.82233,-37.81667]]]},"properties":{"cat":"industrial","name":""}},{"type":"Feature","geometry":{"type":"Polygon","coordinates":[[[144.83808,-37.82012],[144.83769,-37.82252],[144.83634,-37.82239],[144.83635,-37.82233],[144.8365,-37.82137],[144.83664,-37.82052],[144.83808,-37.82012]]]},"properties":{"cat":"industrial","name":""}},{"type":"Feature","geometry":{"type":"Polygon","coordinates":[[[144.83465,-37.81785],[144.83408,-37.81799],[144.83394,-37.81875],[144.83373,-37.81989],[144.8356,-37.82009],[144.83527,-37.81932],[144.83465,-37.81785]]]},"properties":{"cat":"industrial","name":"National Storage"}},{"type":"Feature","geometry":{"type":"Polygon","coordinates":[[[144.83892,-37.82504],[144.83924,-37.82492],[144.83941,-37.82397],[144.83714,-37.82375],[144.8371,-37.82395],[144.83701,-37.82451],[144.83696,-37.82483],[144.83892,-37.82504]]]},"properties":{"cat":"industrial","name":""}},{"type":"Feature","geometry":{"type":"Polygon","coordinates":[[[144.82508,-37.82076],[144.82605,-37.82218],[144.82653,-37.82258],[144.82654,-37.82271],[144.82651,-37.82273],[144.82509,-37.82313],[144.8245,-37.82329],[144.82397,-37.82362],[144.82257,-37.82217],[144.82483,-37.82082],[144.82508,-37.82076]]]},"properties":{"cat":"industrial","name":""}},{"type":"Feature","geometry":{"type":"Polygon","coordinates":[[[144.82865,-37.82397],[144.8288,-37.82306],[144.82946,-37.82313],[144.82932,-37.82403],[144.82865,-37.82397]]]},"properties":{"cat":"industrial","name":""}},{"type":"Feature","geometry":{"type":"Polygon","coordinates":[[[144.83219,-37.81847],[144.83198,-37.81972],[144.82867,-37.81936],[144.83219,-37.81847]]]},"properties":{"cat":"industrial","name":"Brooklyn Power Station"}},{"type":"Feature","geometry":{"type":"Polygon","coordinates":[[[144.83827,-37.81687],[144.83857,-37.8153],[144.84105,-37.81536],[144.84059,-37.81778],[144.84118,-37.81798],[144.84131,-37.81802],[144.84136,-37.81812],[144.84153,-37.81851],[144.84156,-37.81858],[144.84029,-37.81895],[144.83827,-37.81687]]]},"properties":{"cat":"industrial","name":"Brooklyn Distribution Park"}},{"type":"Feature","geometry":{"type":"Polygon","coordinates":[[[144.83699,-37.80781],[144.83846,-37.80797],[144.83944,-37.80808],[144.84082,-37.80824],[144.84094,-37.80825],[144.84232,-37.8084],[144.84494,-37.80869],[144.84661,-37.80888],[144.84729,-37.80896],[144.84811,-37.80904],[144.8481,-37.80912],[144.84807,-37.80929],[144.84762,-37.81181],[144.84183,-37.81111],[144.84165,-37.81109],[144.8414,-37.81107],[144.84114,-37.81104],[144.84089,-37.81101],[144.84064,-37.81098],[144.84033,-37.81095],[144.83895,-37.81079],[144.83797,-37.81069],[144.83807,-37.81014],[144.83816,-37.80963],[144.83699,-37.80781]]]},"properties":{"cat":"industrial","name":""}},{"type":"Feature","geometry":{"type":"Polygon","coordinates":[[[144.42847,-37.89984],[144.43296,-37.87967],[144.40503,-37.87655],[144.40488,-37.8774],[144.40135,-37.89679],[144.39677,-37.91983],[144.40606,-37.92092],[144.40731,-37.91501],[144.41779,-37.9162],[144.42817,-37.91738],[144.42848,-37.9156],[144.43007,-37.90631],[144.43112,-37.90015],[144.42847,-37.89984]]]},"properties":{"cat":"industrial","name":"Ford Australia Proving Ground"}},{"type":"Feature","geometry":{"type":"Polygon","coordinates":[[[145.59118,-38.34269],[145.56975,-38.33978],[145.55816,-38.33831],[145.55877,-38.34465],[145.55939,-38.35018],[145.56017,-38.35272],[145.57102,-38.35395],[145.57298,-38.35417],[145.57289,-38.35442],[145.58256,-38.35591],[145.58201,-38.36004],[145.60842,-38.3635],[145.60866,-38.36437],[145.6204,-38.36569],[145.62235,-38.35345],[145.61526,-38.35274],[145.61552,-38.35063],[145.61528,-38.35047],[145.59689,-38.34822],[145.59009,-38.34739],[145.59118,-38.34269]]]},"properties":{"cat":"industrial","name":"Vehicle Proving Ground"}},{"type":"Feature","geometry":{"type":"Polygon","coordinates":[[[145.08585,-37.64598],[145.08593,-37.6451],[145.08481,-37.64524],[145.08579,-37.64433],[145.08597,-37.64392],[145.08811,-37.64411],[145.08815,-37.6442],[145.08841,-37.64472],[145.0881,-37.64566],[145.08803,-37.64586],[145.08744,-37.64595],[145.08618,-37.64612],[145.08585,-37.64598]]]},"properties":{"cat":"industrial","name":"Melbourne Water"}},{"type":"Feature","geometry":{"type":"Polygon","coordinates":[[[145.04522,-37.63205],[145.04639,-37.62568],[145.05082,-37.6261],[145.05058,-37.62747],[145.05263,-37.62769],[145.05743,-37.62819],[145.05665,-37.63283],[145.05625,-37.63523],[145.05613,-37.63594],[145.04942,-37.63524],[145.04723,-37.63501],[145.0469,-37.63497],[145.04627,-37.63491],[145.04674,-37.63221],[145.04522,-37.63205]]]},"properties":{"cat":"quarry","name":"Boral Quarry"}},{"type":"Feature","geometry":{"type":"Polygon","coordinates":[[[145.05751,-37.63235],[145.05926,-37.63254],[145.05945,-37.63257],[145.05921,-37.63393],[145.05904,-37.63391],[145.05839,-37.63382],[145.05736,-37.63319],[145.05751,-37.63235]]]},"properties":{"cat":"industrial","name":""}},{"type":"Feature","geometry":{"type":"Polygon","coordinates":[[[144.88093,-38.38038],[144.88136,-38.38024],[144.88149,-38.38047],[144.88153,-38.38057],[144.88156,-38.38068],[144.88233,-38.3807],[144.88228,-38.38208],[144.88592,-38.38218],[144.88754,-38.38222],[144.88844,-38.38226],[144.88844,-38.38218],[144.88856,-38.37913],[144.88858,-38.3786],[144.88861,-38.3786],[144.88871,-38.37857],[144.88876,-38.37846],[144.88864,-38.37761],[144.88843,-38.37758],[144.88618,-38.37814],[144.88514,-38.37839],[144.88455,-38.37853],[144.88064,-38.37982],[144.88093,-38.38038]]]},"properties":{"cat":"industrial","name":""}},{"type":"Feature","geometry":{"type":"Polygon","coordinates":[[[145.4697,-37.90776],[145.47084,-37.90789],[145.47119,-37.90587],[145.4701,-37.90582],[145.4697,-37.90776]]]},"properties":{"cat":"cemetery","name":"Emerald Cemetery"}},{"type":"Feature","geometry":{"type":"Polygon","coordinates":[[[145.31393,-38.12055],[145.31403,-38.12044],[145.31418,-38.12041],[145.3143,-38.12042],[145.31447,-38.12049],[145.31459,-38.1206],[145.31469,-38.12076],[145.31476,-38.12087],[145.31471,-38.12099],[145.31462,-38.12104],[145.3145,-38.12103],[145.31438,-38.12094],[145.3143,-38.12084],[145.31415,-38.12075],[145.31402,-38.1207],[145.31393,-38.12064],[145.31393,-38.12055]]]},"properties":{"cat":"wastewater","name":""}},{"type":"Feature","geometry":{"type":"Polygon","coordinates":[[[145.08487,-37.92316],[145.08466,-37.92313],[145.08411,-37.92306],[145.08351,-37.92299],[145.0829,-37.92291],[145.08281,-37.9229],[145.08279,-37.92299],[145.08276,-37.92318],[145.08272,-37.9234],[145.08271,-37.92348],[145.08273,-37.9236],[145.08268,-37.92386],[145.08276,-37.92394],[145.08347,-37.92404],[145.08397,-37.9241],[145.08404,-37.92375],[145.0841,-37.92376],[145.08439,-37.9238],[145.08449,-37.92381],[145.08444,-37.92404],[145.08443,-37.92411],[145.08442,-37.92416],[145.08453,-37.92418],[145.08468,-37.9242],[145.0847,-37.92408],[145.08487,-37.92316]]]},"properties":{"cat":"industrial","name":"Ventura Bus Lines Oakleigh South Bus Depot"}},{"type":"Feature","geometry":{"type":"Polygon","coordinates":[[[144.859,-37.60758],[144.85806,-37.61349],[144.8575,-37.61701],[144.85744,-37.61742],[144.85539,-37.6185],[144.85347,-37.61874],[144.85343,-37.61897],[144.8518,-37.61882],[144.84988,-37.61861],[144.84487,-37.61806],[144.84253,-37.6178],[144.84297,-37.61536],[144.83953,-37.61494],[144.83954,-37.61485],[144.83971,-37.61374],[144.83979,-37.61323],[144.83995,-37.61221],[144.84065,-37.60768],[144.84672,-37.60834],[144.84837,-37.60732],[144.84837,-37.60522],[144.84902,-37.60358],[144.8539,-37.60351],[144.85393,-37.60363],[144.85598,-37.60366],[144.85755,-37.60377],[144.85953,-37.60428],[144.859,-37.60758]]]},"properties":{"cat":"quarry","name":""}},{"type":"Feature","geometry":{"type":"Polygon","coordinates":[[[145.13222,-37.90502],[145.1328,-37.90508],[145.13274,-37.90542],[145.13216,-37.90536],[145.13222,-37.90502]]]},"properties":{"cat":"industrial","name":""}},{"type":"Feature","geometry":{"type":"Polygon","coordinates":[[[145.13232,-37.90465],[145.13287,-37.90471],[145.13283,-37.90492],[145.13228,-37.90487],[145.13232,-37.90465]]]},"properties":{"cat":"industrial","name":""}},{"type":"Feature","geometry":{"type":"Polygon","coordinates":[[[144.98528,-38.3306],[144.98638,-38.33072],[144.98633,-38.33104],[144.9851,-38.33172],[144.98506,-38.3317],[144.98528,-38.3306]]]},"properties":{"cat":"industrial","name":"Hanson Concrete"}},{"type":"Feature","geometry":{"type":"Polygon","coordinates":[[[144.8864,-38.3853],[144.88648,-38.38348],[144.88649,-38.38333],[144.88849,-38.38337],[144.88854,-38.38243],[144.88652,-38.38238],[144.88135,-38.38232],[144.88136,-38.38283],[144.87935,-38.38276],[144.87927,-38.38484],[144.88032,-38.38568],[144.88226,-38.38574],[144.88225,-38.38639],[144.88459,-38.38642],[144.88635,-38.38651],[144.88635,-38.38643],[144.8864,-38.3853]]]},"properties":{"cat":"industrial","name":""}},{"type":"Feature","geometry":{"type":"Polygon","coordinates":[[[145.45214,-38.0561],[145.45195,-38.057],[145.44948,-38.05666],[145.44966,-38.05577],[145.4511,-38.05596],[145.45214,-38.0561]]]},"properties":{"cat":"cemetery","name":"Pakenham Cemetery"}},{"type":"Feature","geometry":{"type":"Polygon","coordinates":[[[145.34269,-38.36551],[145.34247,-38.36677],[145.34405,-38.36699],[145.34431,-38.36569],[145.34269,-38.36551]]]},"properties":{"cat":"cemetery","name":"French Island Cemetery"}},{"type":"Feature","geometry":{"type":"Polygon","coordinates":[[[145.21288,-38.30272],[145.2129,-38.30226],[145.21489,-38.30236],[145.215,-38.303],[145.21498,-38.30331],[145.21293,-38.3032],[145.21288,-38.30272]]]},"properties":{"cat":"cemetery","name":"Tyabb Public Cemetery"}},{"type":"Feature","geometry":{"type":"Polygon","coordinates":[[[145.11241,-37.52885],[145.11003,-37.52859],[145.10941,-37.53311],[145.11166,-37.53333],[145.11208,-37.53083],[145.11241,-37.52885]]]},"properties":{"cat":"cemetery","name":"Yan Yean Cemetery"}},{"type":"Feature","geometry":{"type":"Polygon","coordinates":[[[145.22296,-37.84722],[145.22338,-37.84728],[145.22345,-37.84729],[145.22341,-37.84739],[145.22338,-37.84747],[145.22379,-37.84755],[145.22343,-37.84798],[145.22349,-37.84803],[145.22257,-37.84914],[145.22221,-37.8491],[145.22082,-37.84823],[145.22099,-37.84819],[145.22287,-37.84747],[145.22296,-37.84722]]]},"properties":{"cat":"industrial","name":""}},{"type":"Feature","geometry":{"type":"Polygon","coordinates":[[[145.27528,-37.99863],[145.27524,-37.99885],[145.27612,-37.99896],[145.27653,-37.99866],[145.27653,-37.99864],[145.27628,-37.99862],[145.27625,-37.99861],[145.27624,-37.9986],[145.27621,-37.99854],[145.2755,-37.99847],[145.27547,-37.99849],[145.27544,-37.99854],[145.27542,-37.99857],[145.2754,-37.9986],[145.27528,-37.99863]]]},"properties":{"cat":"industrial","name":"VicRoads South Eastern Projects"}},{"type":"Feature","geometry":{"type":"Polygon","coordinates":[[[145.35938,-38.00047],[145.35715,-38.00017],[145.3529,-37.99958],[145.35017,-37.9992],[145.35093,-37.99523],[145.35093,-37.99499],[145.35086,-37.99471],[145.3506,-37.99406],[145.36256,-37.99551],[145.36253,-37.99569],[145.36211,-37.99773],[145.36172,-37.99963],[145.3608,-37.99951],[145.35959,-37.99936],[145.35938,-38.00047]]]},"properties":{"cat":"quarry","name":""}},{"type":"Feature","geometry":{"type":"Polygon","coordinates":[[[144.98269,-37.76928],[144.98069,-37.76908],[144.98056,-37.76983],[144.98255,-37.77004],[144.98262,-37.76965],[144.98269,-37.76928]]]},"properties":{"cat":"industrial","name":""}},{"type":"Feature","geometry":{"type":"Polygon","coordinates":[[[145.0699,-38.23007],[145.06956,-38.23083],[145.06927,-38.23124],[145.06889,-38.23213],[145.06716,-38.23168],[145.06742,-38.23101],[145.06542,-38.23047],[145.06427,-38.23015],[145.06458,-38.22942],[145.06473,-38.22945],[145.0652,-38.22879],[145.06692,-38.22924],[145.0699,-38.23007]]]},"properties":{"cat":"industrial","name":""}},{"type":"Feature","geometry":{"type":"Polygon","coordinates":[[[144.48476,-37.68406],[144.48523,-37.68395],[144.48509,-37.6849],[144.4846,-37.68492],[144.48476,-37.68406]]]},"properties":{"cat":"cemetery","name":"Hopetoun Catholic Cemetery"}},{"type":"Feature","geometry":{"type":"Polygon","coordinates":[[[145.0076,-37.78317],[145.00624,-37.78298],[145.00608,-37.78368],[145.00657,-37.78373],[145.00676,-37.78372],[145.00748,-37.7837],[145.0076,-37.78317]]]},"properties":{"cat":"industrial","name":""}},{"type":"Feature","geometry":{"type":"Polygon","coordinates":[[[144.90804,-37.8641],[144.90865,-37.86272],[144.90871,-37.86269],[144.90878,-37.86268],[144.90898,-37.86275],[144.90903,-37.86266],[144.90909,-37.86268],[144.90939,-37.86211],[144.90949,-37.86214],[144.90956,-37.86201],[144.90969,-37.86206],[144.90984,-37.86178],[144.90993,-37.86161],[144.91032,-37.86174],[144.9104,-37.86176],[144.91081,-37.86189],[144.91083,-37.86187],[144.91095,-37.86191],[144.91132,-37.86203],[144.91134,-37.86201],[144.91154,-37.86208],[144.91231,-37.8627],[144.91229,-37.86272],[144.91258,-37.86296],[144.9126,-37.86297],[144.91268,-37.86305],[144.9126,-37.86312],[144.9126,-37.86321],[144.9128,-37.86337],[144.91277,-37.86341],[144.91295,-37.86355],[144.91299,-37.86352],[144.91314,-37.86365],[144.91315,-37.86371],[144.91312,-37.86379],[144.91318,-37.86382],[144.91354,-37.86412],[144.91359,-37.86427],[144.91356,-37.86441],[144.91327,-37.86479],[144.91341,-37.86484],[144.91345,-37.86486],[144.91314,-37.86536],[144.91282,-37.86579],[144.91253,-37.86586],[144.91209,-37.86615],[144.91203,-37.86614],[144.91072,-37.86509],[144.91066,-37.86495],[144.91069,-37.86489],[144.9106,-37.86486],[144.91053,-37.86498],[144.90804,-37.8641]]]},"properties":{"cat":"industrial","name":"BAE Systems"}},{"type":"Feature","geometry":{"type":"Polygon","coordinates":[[[145.42778,-37.49028],[145.43156,-37.49097],[145.43062,-37.49812],[145.42877,-37.50033],[145.428,-37.50016],[145.42781,-37.49977],[145.42634,-37.4968],[145.42778,-37.49028]]]},"properties":{"cat":"quarry","name":""}},{"type":"Feature","geometry":{"type":"Polygon","coordinates":[[[145.37098,-38.05111],[145.371,-38.051],[145.37116,-38.0502],[145.37161,-38.04985],[145.37177,-38.04997],[145.37177,-38.04996],[145.37188,-38.05005],[145.37221,-38.05032],[145.3726,-38.05003],[145.37317,-38.05047],[145.3727,-38.05081],[145.37261,-38.05133],[145.37145,-38.05117],[145.37133,-38.05116],[145.37098,-38.05111]]]},"properties":{"cat":"industrial","name":"Mitre 10"}},{"type":"Feature","geometry":{"type":"Polygon","coordinates":[[[144.88374,-37.83233],[144.88293,-37.83227],[144.8827,-37.83229],[144.8825,-37.83238],[144.88228,-37.83249],[144.88198,-37.83262],[144.88209,-37.83337],[144.88222,-37.83402],[144.88241,-37.83462],[144.88251,-37.835],[144.88257,-37.83525],[144.88312,-37.83545],[144.88324,-37.83507],[144.88381,-37.83301],[144.88367,-37.83298],[144.88369,-37.83281],[144.8838,-37.8324],[144.88378,-37.83236],[144.88374,-37.83233]]]},"properties":{"cat":"industrial","name":"Sadleirs Logistics"}},{"type":"Feature","geometry":{"type":"Polygon","coordinates":[[[145.08487,-37.92316],[145.0847,-37.92408],[145.08468,-37.9242],[145.08474,-37.92419],[145.08478,-37.92418],[145.08483,-37.92418],[145.08491,-37.92419],[145.08521,-37.92422],[145.08523,-37.92422],[145.08525,-37.92421],[145.08533,-37.92406],[145.08545,-37.92338],[145.08542,-37.92338],[145.08544,-37.92324],[145.08545,-37.92321],[145.08487,-37.92315],[145.08487,-37.92316]]]},"properties":{"cat":"industrial","name":""}},{"type":"Feature","geometry":{"type":"Polygon","coordinates":[[[144.73143,-37.87364],[144.73077,-37.87201],[144.73064,-37.87168],[144.73037,-37.87099],[144.73025,-37.87072],[144.73024,-37.87069],[144.73023,-37.87066],[144.73031,-37.87064],[144.73048,-37.8706],[144.73058,-37.87057],[144.73066,-37.87076],[144.73488,-37.86969],[144.73518,-37.87007],[144.73561,-37.87113],[144.73604,-37.87247],[144.73471,-37.87281],[144.73159,-37.8736],[144.73143,-37.87364]]]},"properties":{"cat":"industrial","name":""}},{"type":"Feature","geometry":{"type":"Polygon","coordinates":[[[144.74811,-37.83215],[144.74836,-37.83069],[144.74906,-37.8253],[144.74958,-37.8252],[144.75019,-37.8252],[144.75379,-37.82551],[144.75814,-37.82588],[144.7572,-37.83291],[144.75272,-37.83253],[144.75088,-37.83238],[144.75065,-37.83236],[144.75002,-37.83231],[144.74811,-37.83215]]]},"properties":{"cat":"prison","name":"Port Phillip Prison"}},{"type":"Feature","geometry":{"type":"Polygon","coordinates":[[[145.19302,-37.83067],[145.19102,-37.83057],[145.19019,-37.8308],[145.19018,-37.83099],[145.19003,-37.83309],[145.19196,-37.83317],[145.19202,-37.83226],[145.1929,-37.8323],[145.19302,-37.83067]]]},"properties":{"cat":"industrial","name":""}},{"type":"Feature","geometry":{"type":"Polygon","coordinates":[[[145.18954,-37.8362],[145.18958,-37.83526],[145.18976,-37.8343],[145.19006,-37.83434],[145.18959,-37.83308],[145.18764,-37.83301],[145.18834,-37.8351],[145.18839,-37.83608],[145.18919,-37.83615],[145.18954,-37.8362]]]},"properties":{"cat":"industrial","name":""}},{"type":"Feature","geometry":{"type":"Polygon","coordinates":[[[145.19499,-37.8332],[145.19339,-37.83309],[145.19341,-37.83293],[145.19286,-37.83278],[145.1929,-37.8323],[145.19302,-37.83067],[145.19102,-37.83057],[145.19019,-37.8308],[145.19018,-37.83099],[145.19003,-37.83309],[145.18959,-37.83308],[145.18961,-37.83191],[145.18927,-37.83095],[145.18934,-37.8302],[145.18997,-37.83007],[145.19277,-37.8302],[145.19323,-37.83031],[145.1935,-37.83042],[145.19362,-37.83049],[145.19356,-37.8312],[145.19476,-37.83126],[145.19499,-37.8332]]]},"properties":{"cat":"industrial","name":""}},{"type":"Feature","geometry":{"type":"Polygon","coordinates":[[[145.18538,-37.83063],[145.18537,-37.8314],[145.18534,-37.8346],[145.18534,-37.8361],[145.18807,-37.83642],[145.18821,-37.83628],[145.18824,-37.83516],[145.18789,-37.83433],[145.18786,-37.83412],[145.18758,-37.83333],[145.18736,-37.83251],[145.187,-37.83059],[145.18697,-37.83057],[145.18653,-37.83059],[145.18538,-37.83063]]]},"properties":{"cat":"industrial","name":""}},{"type":"Feature","geometry":{"type":"Polygon","coordinates":[[[145.19391,-37.82947],[145.18818,-37.82918],[145.1883,-37.8295],[145.18699,-37.82966],[145.18734,-37.83155],[145.18754,-37.83254],[145.18764,-37.83301],[145.18959,-37.83308],[145.18961,-37.83191],[145.18927,-37.83095],[145.18934,-37.8302],[145.18997,-37.83007],[145.19277,-37.8302],[145.19323,-37.83031],[145.1935,-37.83042],[145.19362,-37.83049],[145.19372,-37.83053],[145.1939,-37.83061],[145.19391,-37.83041],[145.19391,-37.82947]]]},"properties":{"cat":"industrial","name":""}},{"type":"Feature","geometry":{"type":"Polygon","coordinates":[[[145.21687,-37.82251],[145.21695,-37.82517],[145.2157,-37.82515],[145.21346,-37.82516],[145.21348,-37.82328],[145.21348,-37.82252],[145.21398,-37.82253],[145.21687,-37.82251]]]},"properties":{"cat":"industrial","name":""}},{"type":"Feature","geometry":{"type":"Polygon","coordinates":[[[145.21695,-37.82517],[145.21695,-37.82653],[145.21696,-37.82696],[145.21535,-37.82694],[145.21536,-37.82765],[145.2152,-37.82769],[145.21395,-37.82769],[145.21395,-37.82764],[145.21395,-37.82753],[145.21396,-37.82724],[145.21346,-37.82724],[145.21344,-37.8265],[145.21346,-37.82516],[145.2157,-37.82515],[145.21695,-37.82517]]]},"properties":{"cat":"industrial","name":""}},{"type":"Feature","geometry":{"type":"Polygon","coordinates":[[[145.21696,-37.82696],[145.21699,-37.82997],[145.2169,-37.83079],[145.21667,-37.83173],[145.21654,-37.83188],[145.21639,-37.83195],[145.2159,-37.832],[145.21585,-37.83167],[145.21576,-37.83167],[145.21576,-37.83164],[145.21561,-37.83165],[145.21551,-37.83131],[145.21556,-37.83113],[145.21566,-37.83101],[145.21583,-37.83086],[145.21599,-37.83078],[145.216,-37.83078],[145.21564,-37.83032],[145.21553,-37.83018],[145.21543,-37.83015],[145.21537,-37.82959],[145.21535,-37.8294],[145.21524,-37.82825],[145.21521,-37.82788],[145.2152,-37.82769],[145.21536,-37.82765],[145.21535,-37.82694],[145.21696,-37.82696]]]},"properties":{"cat":"industrial","name":""}},{"type":"Feature","geometry":{"type":"Polygon","coordinates":[[[145.04064,-37.73346],[145.04053,-37.73345],[145.04126,-37.72965],[145.041,-37.72871],[145.04068,-37.72755],[145.04203,-37.7277],[145.04187,-37.72864],[145.0433,-37.72879],[145.04343,-37.72794],[145.05832,-37.72964],[145.05785,-37.73247],[145.05738,-37.73522],[145.04064,-37.73346]]]},"properties":{"cat":"industrial","name":""}},{"type":"Feature","geometry":{"type":"Polygon","coordinates":[[[145.18136,-37.82496],[145.18127,-37.81989],[145.18396,-37.81948],[145.18426,-37.81946],[145.18425,-37.81928],[145.18537,-37.81911],[145.18536,-37.82339],[145.18542,-37.82361],[145.18543,-37.82433],[145.18498,-37.82433],[145.18386,-37.82494],[145.18136,-37.82496]]]},"properties":{"cat":"industrial","name":""}},{"type":"Feature","geometry":{"type":"Polygon","coordinates":[[[144.4272,-38.14111],[144.42754,-38.14115],[144.43209,-38.13964],[144.43,-38.13729],[144.42667,-38.13194],[144.42869,-38.13107],[144.42859,-38.1309],[144.42718,-38.13134],[144.42648,-38.13155],[144.42594,-38.13123],[144.42488,-38.12957],[144.42442,-38.12942],[144.42358,-38.12972],[144.42254,-38.13066],[144.42169,-38.13215],[144.42138,-38.13278],[144.42116,-38.13324],[144.42069,-38.13517],[144.42007,-38.13826],[144.41997,-38.13921],[144.42008,-38.13962],[144.42035,-38.13996],[144.42088,-38.14027],[144.42146,-38.14042],[144.4272,-38.14111]]]},"properties":{"cat":"industrial","name":"Former Alcoa Point Henry"}},{"type":"Feature","geometry":{"type":"Polygon","coordinates":[[[144.80604,-38.37537],[144.80541,-38.37861],[144.80614,-38.37826],[144.80652,-38.3779],[144.80651,-38.37785],[144.80645,-38.37781],[144.80664,-38.37764],[144.80798,-38.37636],[144.80833,-38.37604],[144.80838,-38.37608],[144.80874,-38.37572],[144.80879,-38.37572],[144.80887,-38.37563],[144.80604,-38.37532],[144.80604,-38.37537]]]},"properties":{"cat":"industrial","name":""}},{"type":"Feature","geometry":{"type":"Polygon","coordinates":[[[144.82153,-38.37362],[144.82407,-38.37396],[144.82393,-38.37476],[144.82149,-38.37447],[144.82142,-38.3743],[144.82142,-38.37407],[144.82153,-38.37362]]]},"properties":{"cat":"cemetery","name":"Rye Cemetery"}},{"type":"Feature","geometry":{"type":"Polygon","coordinates":[[[144.95087,-38.34525],[144.95091,-38.34486],[144.95085,-38.34477],[144.95076,-38.34465],[144.94906,-38.34543],[144.94893,-38.34558],[144.94889,-38.34567],[144.94885,-38.34577],[144.94867,-38.34578],[144.94837,-38.34593],[144.9488,-38.34654],[144.94887,-38.34649],[144.94944,-38.34683],[144.94963,-38.34659],[144.94987,-38.34654],[144.95005,-38.34621],[144.95029,-38.34594],[144.95058,-38.34575],[144.95031,-38.34566],[144.95049,-38.34545],[144.95087,-38.34525]]]},"properties":{"cat":"cemetery","name":"Dromana Cemetery"}},{"type":"Feature","geometry":{"type":"Polygon","coordinates":[[[145.03119,-38.25512],[145.03066,-38.257],[145.03338,-38.25752],[145.03508,-38.25795],[145.03531,-38.25704],[145.0355,-38.2563],[145.03529,-38.25597],[145.03444,-38.25579],[145.03119,-38.25512]]]},"properties":{"cat":"cemetery","name":"Mornington Cemetery"}},{"type":"Feature","geometry":{"type":"Polygon","coordinates":[[[145.08806,-37.97657],[145.0886,-37.97664],[145.08805,-37.97957],[145.08748,-37.9795],[145.08806,-37.97657]]]},"properties":{"cat":"industrial","name":""}},{"type":"Feature","geometry":{"type":"Polygon","coordinates":[[[145.2102,-38.3746],[145.21113,-38.37426],[145.21137,-38.3746],[145.21041,-38.37496],[145.2102,-38.3746]]]},"properties":{"cat":"cemetery","name":"HMAS Cerberus Cemetery"}},{"type":"Feature","geometry":{"type":"Polygon","coordinates":[[[145.21823,-38.34798],[145.21553,-38.34798],[145.21332,-38.34437],[145.21231,-38.34396],[145.20873,-38.34398],[145.20869,-38.35337],[145.21318,-38.35336],[145.21335,-38.35327],[145.21376,-38.35265],[145.21544,-38.34953],[145.21812,-38.34957],[145.21883,-38.34922],[145.22008,-38.34922],[145.22007,-38.349],[145.21882,-38.34901],[145.21881,-38.34834],[145.21823,-38.34798]]]},"properties":{"cat":"industrial","name":"Former Western Port Refinery"}},{"type":"Feature","geometry":{"type":"Polygon","coordinates":[[[145.22133,-38.37325],[145.22097,-38.37327],[145.22238,-38.37235],[145.22255,-38.37237],[145.22297,-38.37277],[145.22327,-38.37305],[145.22334,-38.37312],[145.22233,-38.37377],[145.22204,-38.3735],[145.22133,-38.37325]]]},"properties":{"cat":"industrial","name":"Port of Hastings Depot"}},{"type":"Feature","geometry":{"type":"Polygon","coordinates":[[[145.16049,-38.24258],[145.16018,-38.24377],[145.16045,-38.24383],[145.15936,-38.24771],[145.16274,-38.24833],[145.1633,-38.24658],[145.16291,-38.24651],[145.16343,-38.24483],[145.16393,-38.24314],[145.16049,-38.24258]]]},"properties":{"cat":"quarry","name":"Witchwood Park"}},{"type":"Feature","geometry":{"type":"Polygon","coordinates":[[[144.85571,-38.3941],[144.85614,-38.38783],[144.85497,-38.38777],[144.85155,-38.3887],[144.85145,-38.3961],[144.85523,-38.39605],[144.85679,-38.39581],[144.85571,-38.3941]]]},"properties":{"cat":"landfill","name":"Rye Landfill"}},{"type":"Feature","geometry":{"type":"Polygon","coordinates":[[[145.45915,-38.05815],[145.45918,-38.05813],[145.45922,-38.05813],[145.45925,-38.05813],[145.46066,-38.05832],[145.46104,-38.05836],[145.46153,-38.05843],[145.46341,-38.05869],[145.46514,-38.0589],[145.46522,-38.05891],[145.46526,-38.05894],[145.46558,-38.05902],[145.46587,-38.05908],[145.46605,-38.0591],[145.46609,-38.05913],[145.46612,-38.05919],[145.46612,-38.05951],[145.4661,-38.05961],[145.46601,-38.05976],[145.46555,-38.06021],[145.46549,-38.06028],[145.46544,-38.06035],[145.46539,-38.06069],[145.4654,-38.06073],[145.4659,-38.06105],[145.46594,-38.0611],[145.46594,-38.06118],[145.46589,-38.0613],[145.4657,-38.06153],[145.46558,-38.06166],[145.46529,-38.06201],[145.46492,-38.06193],[145.46461,-38.06241],[145.46425,-38.06274],[145.46383,-38.06316],[145.4634,-38.06388],[145.463,-38.06372],[145.46275,-38.06362],[145.46241,-38.06351],[145.46212,-38.06344],[145.46175,-38.06334],[145.46119,-38.0632],[145.46046,-38.06303],[145.45999,-38.06288],[145.45977,-38.06283],[145.45939,-38.06273],[145.45846,-38.0625],[145.45803,-38.06239],[145.45795,-38.06234],[145.45791,-38.0623],[145.45789,-38.06225],[145.45789,-38.06221],[145.4586,-38.06042],[145.45867,-38.06024],[145.45869,-38.06014],[145.45913,-38.05817],[145.45915,-38.05815]]]},"properties":{"cat":"industrial","name":""}},{"type":"Feature","geometry":{"type":"Polygon","coordinates":[[[145.18409,-38.31095],[145.18409,-38.31095],[145.18507,-38.31097],[145.18507,-38.31141],[145.18509,-38.31365],[145.18577,-38.31364],[145.18577,-38.3139],[145.18577,-38.31422],[145.18575,-38.31441],[145.18571,-38.31463],[145.18566,-38.31477],[145.18554,-38.31517],[145.18546,-38.31537],[145.18535,-38.31563],[145.18518,-38.31595],[145.18407,-38.31597],[145.18409,-38.31388],[145.18409,-38.31095]]]},"properties":{"cat":"industrial","name":""}},{"type":"Feature","geometry":{"type":"Polygon","coordinates":[[[145.16687,-38.3687],[145.16928,-38.36875],[145.16923,-38.37023],[145.16774,-38.3702],[145.1677,-38.37154],[145.16678,-38.37152],[145.16687,-38.3687]]]},"properties":{"cat":"industrial","name":"Water Treatment"}},{"type":"Feature","geometry":{"type":"Polygon","coordinates":[[[145.1627,-38.36525],[145.16519,-38.36535],[145.16504,-38.36843],[145.16664,-38.36885],[145.16642,-38.37226],[145.16236,-38.37118],[145.1627,-38.36525]]]},"properties":{"cat":"industrial","name":"Water Treatment"}},{"type":"Feature","geometry":{"type":"Polygon","coordinates":[[[145.06414,-38.26974],[145.06644,-38.27058],[145.06588,-38.27162],[145.06069,-38.27102],[145.06049,-38.27088],[145.06065,-38.27034],[145.06103,-38.27014],[145.06131,-38.26999],[145.06224,-38.26967],[145.06358,-38.26971],[145.06414,-38.26974]]]},"properties":{"cat":"wastewater","name":""}},{"type":"Feature","geometry":{"type":"Polygon","coordinates":[[[144.72559,-38.34088],[144.72825,-38.34202],[144.72798,-38.34215],[144.72704,-38.3423],[144.72502,-38.34154],[144.72559,-38.34088]]]},"properties":{"cat":"cemetery","name":"Sorrento Community Cemetery"}},{"type":"Feature","geometry":{"type":"Polygon","coordinates":[[[144.66969,-37.83916],[144.67105,-37.8393],[144.67101,-37.83943],[144.66966,-37.83929],[144.6695,-37.83997],[144.66821,-37.83978],[144.66756,-37.83968],[144.66773,-37.83897],[144.66795,-37.83806],[144.66911,-37.83823],[144.66989,-37.83834],[144.66969,-37.83916]]]},"properties":{"cat":"industrial","name":"Cowie Hill Reservoir"}},{"type":"Feature","geometry":{"type":"Polygon","coordinates":[[[145.23779,-38.01357],[145.23769,-38.01447],[145.23874,-38.01457],[145.23894,-38.0136],[145.23779,-38.01357]]]},"properties":{"cat":"industrial","name":"Austral Construction"}},{"type":"Feature","geometry":{"type":"Polygon","coordinates":[[[144.97799,-37.78148],[144.97805,-37.78148],[144.97846,-37.78153],[144.97847,-37.78153],[144.97978,-37.78167],[144.97971,-37.78209],[144.9796,-37.78275],[144.97823,-37.7826],[144.97829,-37.78224],[144.97817,-37.78223],[144.97792,-37.7822],[144.97785,-37.78219],[144.97799,-37.78148]]]},"properties":{"cat":"industrial","name":"Kinetic North Fitzroy Bus Depot"}},{"type":"Feature","geometry":{"type":"Polygon","coordinates":[[[145.15944,-38.1798],[145.15925,-38.18016],[145.15913,-38.18035],[145.15895,-38.1806],[145.15876,-38.18064],[145.15857,-38.1806],[145.15838,-38.18048],[145.15769,-38.18012],[145.15801,-38.18007],[145.15834,-38.18022],[145.15844,-38.18012],[145.15836,-38.18001],[145.1588,-38.1798],[145.1589,-38.17985],[145.15908,-38.17967],[145.15944,-38.1798]]]},"properties":{"cat":"industrial","name":"Peninsula Link Control Centre"}},{"type":"Feature","geometry":{"type":"Polygon","coordinates":[[[145.20633,-37.8582],[145.2056,-37.85937],[145.20516,-37.85936],[145.20457,-37.85932],[145.20462,-37.85886],[145.2041,-37.85882],[145.20411,-37.85873],[145.20305,-37.85792],[145.20338,-37.85738],[145.20346,-37.85717],[145.20347,-37.85714],[145.20352,-37.85708],[145.20355,-37.85703],[145.20357,-37.85696],[145.20358,-37.85691],[145.20361,-37.85689],[145.20364,-37.85688],[145.20374,-37.85687],[145.2038,-37.85686],[145.20385,-37.85685],[145.20388,-37.85684],[145.20394,-37.85684],[145.20399,-37.85684],[145.20402,-37.85685],[145.20403,-37.85688],[145.20403,-37.85691],[145.20403,-37.85695],[145.20401,-37.857],[145.20399,-37.85704],[145.20397,-37.85709],[145.20397,-37.85712],[145.20399,-37.85713],[145.20404,-37.85714],[145.20409,-37.85714],[145.20417,-37.85716],[145.20544,-37.85869],[145.20633,-37.8582]]]},"properties":{"cat":"industrial","name":"Beamish Heavy Hauliers"}},{"type":"Feature","geometry":{"type":"Polygon","coordinates":[[[145.4881,-38.08203],[145.48883,-38.08235],[145.48916,-38.08249],[145.48968,-38.08271],[145.49041,-38.08302],[145.49096,-38.08326],[145.49149,-38.08348],[145.49172,-38.08357],[145.49181,-38.08337],[145.49216,-38.08192],[145.4913,-38.08164],[145.4898,-38.08138],[145.48828,-38.08106],[145.48818,-38.08142],[145.48827,-38.08143],[145.4881,-38.08203]]]},"properties":{"cat":"industrial","name":""}},{"type":"Feature","geometry":{"type":"Polygon","coordinates":[[[145.51091,-38.08529],[145.51234,-38.08538],[145.50829,-38.08727],[145.50408,-38.08888],[145.50359,-38.08865],[145.5022,-38.08803],[145.50183,-38.08787],[145.50156,-38.08776],[145.5013,-38.08766],[145.50103,-38.08756],[145.50055,-38.08734],[145.49624,-38.08551],[145.49488,-38.08493],[145.49308,-38.08416],[145.49254,-38.08393],[145.49241,-38.08387],[145.49232,-38.08382],[145.49225,-38.08377],[145.4922,-38.08373],[145.49218,-38.0837],[145.49216,-38.08367],[145.49216,-38.08363],[145.49237,-38.08262],[145.49249,-38.08206],[145.49293,-38.08208],[145.49332,-38.08205],[145.49355,-38.08207],[145.49436,-38.08236],[145.49441,-38.08223],[145.49447,-38.08224],[145.49832,-38.08298],[145.50103,-38.08347],[145.5039,-38.084],[145.50484,-38.08418],[145.51091,-38.08529]]]},"properties":{"cat":"industrial","name":""}},{"type":"Feature","geometry":{"type":"Polygon","coordinates":[[[145.14724,-37.67545],[145.14721,-37.67545],[145.14711,-37.67546],[145.14667,-37.67563],[145.14662,-37.67564],[145.14661,-37.67566],[145.14658,-37.67567],[145.14655,-37.67568],[145.14652,-37.67568],[145.1462,-37.67579],[145.1461,-37.67611],[145.14602,-37.67634],[145.14661,-37.67645],[145.1469,-37.67651],[145.14701,-37.67618],[145.14713,-37.6758],[145.14724,-37.67545]]]},"properties":{"cat":"cemetery","name":"Diamond Creek Cemetery"}},{"type":"Feature","geometry":{"type":"Polygon","coordinates":[[[145.2717,-38.05384],[145.27301,-38.05392],[145.27353,-38.05514],[145.27497,-38.05536],[145.27508,-38.05487],[145.27759,-38.05518],[145.27674,-38.0594],[145.27509,-38.05919],[145.27405,-38.05974],[145.2658,-38.05871],[145.26421,-38.05776],[145.26428,-38.05695],[145.26322,-38.05666],[145.2634,-38.05585],[145.26656,-38.05504],[145.26693,-38.05304],[145.26774,-38.05314],[145.26947,-38.05325],[145.27109,-38.05337],[145.2717,-38.05384]]]},"properties":{"cat":"landfill","name":"SUEZ Hampton Park Resource Recovery Landfill"}},{"type":"Feature","geometry":{"type":"Polygon","coordinates":[[[145.27382,-38.05986],[145.27405,-38.05974],[145.2658,-38.05871],[145.26575,-38.05889],[145.26354,-38.05861],[145.26627,-38.06459],[145.27388,-38.06549],[145.27517,-38.06674],[145.27983,-38.0673],[145.27986,-38.06716],[145.28004,-38.06624],[145.27876,-38.06478],[145.27739,-38.06355],[145.27677,-38.06355],[145.27605,-38.06347],[145.27552,-38.06207],[145.27666,-38.06191],[145.27712,-38.06025],[145.27382,-38.05986]]]},"properties":{"cat":"quarry","name":""}},{"type":"Feature","geometry":{"type":"Polygon","coordinates":[[[145.27935,-37.88436],[145.27938,-37.88453],[145.27931,-37.88453],[145.27925,-37.88454],[145.27925,-37.88457],[145.2792,-37.88458],[145.27921,-37.88467],[145.27916,-37.88467],[145.27903,-37.88437],[145.27915,-37.88437],[145.27935,-37.88436]]]},"properties":{"cat":"industrial","name":"Commodore Wrecking"}},{"type":"Feature","geometry":{"type":"Polygon","coordinates":[[[145.02889,-37.75933],[145.02872,-37.75902],[145.02865,-37.75854],[145.02857,-37.7581],[145.02682,-37.75791],[145.02681,-37.75795],[145.02677,-37.75872],[145.02673,-37.75904],[145.02815,-37.75918],[145.02843,-37.75921],[145.02853,-37.75922],[145.02856,-37.7593],[145.02889,-37.75933]]]},"properties":{"cat":"industrial","name":"m&m business park"}},{"type":"Feature","geometry":{"type":"Polygon","coordinates":[[[145.07893,-38.29122],[145.08453,-38.29317],[145.08408,-38.29617],[145.0789,-38.29555],[145.07908,-38.29467],[145.07749,-38.29443],[145.07861,-38.29267],[145.07842,-38.29235],[145.07893,-38.29122]]]},"properties":{"cat":"quarry","name":"Rockleigh Stone Quarry"}},{"type":"Feature","geometry":{"type":"Polygon","coordinates":[[[144.77375,-37.77854],[144.77483,-37.77867],[144.77978,-37.78006],[144.78051,-37.78026],[144.78128,-37.78048],[144.78244,-37.78082],[144.78415,-37.7812],[144.78656,-37.78158],[144.78801,-37.78173],[144.78971,-37.78191],[144.79044,-37.78198],[144.78971,-37.78307],[144.78917,-37.78427],[144.78818,-37.78643],[144.78764,-37.78804],[144.78743,-37.78893],[144.78655,-37.79204],[144.78631,-37.79367],[144.78621,-37.79366],[144.77192,-37.79263],[144.77187,-37.79256],[144.77186,-37.79248],[144.77191,-37.79224],[144.77199,-37.79177],[144.77204,-37.79143],[144.77213,-37.79136],[144.77221,-37.79136],[144.77267,-37.78787],[144.77271,-37.78786],[144.77303,-37.78523],[144.77318,-37.78415],[144.77327,-37.78346],[144.7732,-37.78288],[144.77357,-37.77993],[144.77375,-37.77854]]]},"properties":{"cat":"industrial","name":"Paramount Industrial Estate"}},{"type":"Feature","geometry":{"type":"Polygon","coordinates":[[[144.98999,-37.7077],[144.98665,-37.70742],[144.98644,-37.70864],[144.98665,-37.70867],[144.98575,-37.71406],[144.98895,-37.71443],[144.98902,-37.71408],[144.98688,-37.71386],[144.98695,-37.71347],[144.98686,-37.71346],[144.98699,-37.71268],[144.98693,-37.71268],[144.987,-37.7122],[144.98693,-37.71219],[144.98697,-37.71193],[144.98669,-37.7119],[144.98675,-37.71152],[144.98692,-37.71153],[144.98694,-37.71144],[144.98698,-37.71119],[144.98897,-37.71142],[144.98899,-37.7113],[144.98941,-37.71135],[144.98999,-37.7077]]]},"properties":{"cat":"industrial","name":""}},{"type":"Feature","geometry":{"type":"Polygon","coordinates":[[[144.98196,-37.71363],[144.98139,-37.71357],[144.98123,-37.71382],[144.98115,-37.71393],[144.97904,-37.71374],[144.97956,-37.71241],[144.97937,-37.71145],[144.9791,-37.71115],[144.97912,-37.71108],[144.97941,-37.7111],[144.98232,-37.71143],[144.98196,-37.71363]]]},"properties":{"cat":"industrial","name":""}},{"type":"Feature","geometry":{"type":"Polygon","coordinates":[[[144.98173,-37.71745],[144.98065,-37.71668],[144.97935,-37.71743],[144.97905,-37.71761],[144.97937,-37.71866],[144.97904,-37.71947],[144.97935,-37.71967],[144.98173,-37.71745]]]},"properties":{"cat":"industrial","name":""}},{"type":"Feature","geometry":{"type":"Polygon","coordinates":[[[144.98698,-37.71734],[144.98697,-37.71691],[144.98563,-37.71712],[144.9858,-37.71598],[144.98808,-37.71615],[144.98812,-37.71592],[144.98836,-37.71449],[144.98321,-37.71398],[144.98316,-37.71429],[144.98315,-37.71435],[144.98314,-37.71441],[144.9831,-37.71461],[144.98308,-37.71474],[144.98305,-37.71493],[144.98303,-37.71504],[144.98303,-37.71506],[144.98301,-37.71512],[144.98298,-37.71537],[144.98295,-37.71551],[144.98289,-37.71583],[144.98289,-37.71584],[144.98131,-37.71567],[144.98102,-37.71621],[144.98217,-37.71696],[144.98189,-37.71727],[144.98563,-37.71769],[144.98698,-37.71734]]]},"properties":{"cat":"industrial","name":""}},{"type":"Feature","geometry":{"type":"Polygon","coordinates":[[[144.98212,-37.71371],[144.98554,-37.71405],[144.98644,-37.70864],[144.98462,-37.70843],[144.98486,-37.70726],[144.98318,-37.70712],[144.98212,-37.71371]]]},"properties":{"cat":"industrial","name":""}},{"type":"Feature","geometry":{"type":"Polygon","coordinates":[[[144.9829,-37.69108],[144.98235,-37.69176],[144.97804,-37.6913],[144.97811,-37.69088],[144.97887,-37.69088],[144.97935,-37.6907],[144.98129,-37.69058],[144.9829,-37.69108]]]},"properties":{"cat":"industrial","name":""}},{"type":"Feature","geometry":{"type":"Polygon","coordinates":[[[144.9835,-37.69117],[144.98632,-37.6914],[144.98676,-37.69039],[144.98804,-37.69036],[144.98809,-37.69026],[144.9884,-37.69018],[144.98848,-37.68983],[144.99016,-37.68948],[144.99184,-37.68918],[144.99204,-37.68915],[144.99334,-37.68893],[144.9942,-37.68881],[144.99532,-37.68866],[144.99721,-37.6884],[144.99732,-37.68889],[144.99752,-37.68886],[144.99741,-37.68836],[145.00106,-37.68787],[145.00174,-37.6879],[145.00191,-37.68809],[145.00192,-37.6881],[145.00193,-37.68873],[145.00195,-37.68949],[145.00195,-37.69023],[145.0019,-37.69076],[145.0018,-37.69156],[144.99938,-37.69135],[144.99912,-37.69341],[144.98343,-37.69184],[144.9835,-37.69117]]]},"properties":{"cat":"industrial","name":""}},{"type":"Feature","geometry":{"type":"Polygon","coordinates":[[[145.02195,-37.69588],[145.02094,-37.69578],[145.0187,-37.69553],[145.01716,-37.69536],[145.01237,-37.69482],[145.01265,-37.69312],[145.01739,-37.69409],[145.01889,-37.6944],[145.02111,-37.69485],[145.02116,-37.69454],[145.02217,-37.69465],[145.02212,-37.69494],[145.0221,-37.69506],[145.02205,-37.69536],[145.02195,-37.69588]]]},"properties":{"cat":"industrial","name":""}},{"type":"Feature","geometry":{"type":"Polygon","coordinates":[[[145.00754,-37.69282],[145.00603,-37.69265],[145.00553,-37.69285],[145.0033,-37.69265],[145.0026,-37.69291],[145.00197,-37.6933],[145.00187,-37.69368],[145.00383,-37.69389],[145.00453,-37.69396],[145.008,-37.69433],[145.00824,-37.69289],[145.00754,-37.69282]]]},"properties":{"cat":"industrial","name":""}},{"type":"Feature","geometry":{"type":"Polygon","coordinates":[[[145.00812,-37.68681],[145.00872,-37.6876],[145.00794,-37.68922],[145.00799,-37.68981],[145.00793,-37.6902],[145.00603,-37.69006],[145.00557,-37.6925],[145.00387,-37.69234],[145.00389,-37.69201],[145.00217,-37.69184],[145.00248,-37.6906],[145.00284,-37.68865],[145.00304,-37.68852],[145.00314,-37.68797],[145.00494,-37.6871],[145.00687,-37.68679],[145.00768,-37.68668],[145.00812,-37.68681]]]},"properties":{"cat":"industrial","name":""}},{"type":"Feature","geometry":{"type":"Polygon","coordinates":[[[145.01295,-37.68797],[145.02332,-37.68916],[145.02439,-37.68927],[145.02503,-37.68935],[145.02544,-37.68939],[145.02672,-37.68951],[145.02701,-37.68964],[145.02712,-37.68978],[145.02516,-37.69212],[145.02496,-37.6921],[145.02451,-37.69205],[145.02444,-37.69248],[145.02153,-37.69214],[145.02126,-37.69339],[145.02397,-37.69372],[145.02318,-37.69478],[145.01802,-37.69367],[145.01575,-37.69318],[145.01457,-37.69293],[145.01271,-37.69253],[145.01234,-37.69245],[145.01249,-37.69063],[145.01295,-37.68797]]]},"properties":{"cat":"industrial","name":""}},{"type":"Feature","geometry":{"type":"Polygon","coordinates":[[[145.01228,-37.68855],[145.01195,-37.69062],[145.01017,-37.69044],[145.00872,-37.6903],[145.00848,-37.69011],[145.00848,-37.68897],[145.00894,-37.68845],[145.00904,-37.68825],[145.00923,-37.68828],[145.01228,-37.68855]]]},"properties":{"cat":"industrial","name":""}},{"type":"Feature","geometry":{"type":"Polygon","coordinates":[[[145.01324,-37.68627],[145.01497,-37.68614],[145.01542,-37.68613],[145.01651,-37.68618],[145.01806,-37.68618],[145.02482,-37.68683],[145.02541,-37.6871],[145.02508,-37.68919],[145.01895,-37.68845],[145.01773,-37.68831],[145.01618,-37.68812],[145.015,-37.68797],[145.01474,-37.68795],[145.01462,-37.68793],[145.01297,-37.68773],[145.01324,-37.68627]]]},"properties":{"cat":"industrial","name":""}},{"type":"Feature","geometry":{"type":"Polygon","coordinates":[[[145.20448,-38.0208],[145.20679,-38.02108],[145.20828,-38.02128],[145.21356,-38.02194],[145.21488,-38.01562],[145.21492,-38.01525],[145.21495,-38.01498],[145.21488,-38.01487],[145.20599,-38.01385],[145.20589,-38.01445],[145.20588,-38.01449],[145.20589,-38.01455],[145.20589,-38.01459],[145.20589,-38.01463],[145.2058,-38.01502],[145.20568,-38.01509],[145.20568,-38.01513],[145.20568,-38.01516],[145.20569,-38.0152],[145.2057,-38.01523],[145.20566,-38.01543],[145.20549,-38.01542],[145.20515,-38.01714],[145.2052,-38.01721],[145.20448,-38.0208]]]},"properties":{"cat":"industrial","name":"ELGAS Bulk Gas Terminal"}},{"type":"Feature","geometry":{"type":"Polygon","coordinates":[[[145.23326,-38.03448],[145.23442,-38.03462],[145.23433,-38.03511],[145.23432,-38.03515],[145.23421,-38.03536],[145.2342,-38.03562],[145.23419,-38.03594],[145.23383,-38.03591],[145.23383,-38.03588],[145.23303,-38.03579],[145.23326,-38.03448]]]},"properties":{"cat":"industrial","name":""}},{"type":"Feature","geometry":{"type":"Polygon","coordinates":[[[144.77168,-37.79906],[144.77079,-37.80111],[144.77068,-37.80144],[144.7706,-37.80202],[144.77045,-37.80324],[144.77037,-37.80377],[144.77007,-37.80601],[144.76989,-37.80743],[144.76978,-37.80823],[144.76933,-37.81167],[144.76955,-37.8119],[144.77069,-37.81199],[144.77225,-37.81211],[144.77462,-37.8123],[144.77583,-37.8124],[144.77775,-37.81256],[144.78199,-37.81289],[144.78562,-37.81322],[144.78579,-37.81195],[144.78724,-37.81209],[144.78726,-37.81195],[144.78737,-37.81101],[144.78748,-37.81012],[144.78776,-37.80807],[144.78665,-37.80798],[144.78675,-37.80722],[144.78786,-37.80731],[144.78807,-37.80574],[144.78814,-37.80524],[144.78823,-37.80464],[144.78831,-37.80407],[144.78837,-37.80353],[144.78851,-37.80257],[144.78876,-37.80042],[144.78654,-37.80025],[144.78459,-37.80009],[144.78242,-37.80057],[144.78166,-37.80074],[144.78083,-37.80068],[144.78047,-37.80065],[144.77951,-37.80057],[144.77863,-37.80052],[144.77593,-37.7994],[144.77466,-37.79932],[144.77238,-37.79912],[144.77168,-37.79906]]]},"properties":{"cat":"industrial","name":"Gilbertson's Industrial Estate"}},{"type":"Feature","geometry":{"type":"Polygon","coordinates":[[[145.16462,-37.88709],[145.16682,-37.88734],[145.16715,-37.88555],[145.16495,-37.8853],[145.16462,-37.88709]]]},"properties":{"cat":"industrial","name":"Wilson Transformer Company"}},{"type":"Feature","geometry":{"type":"Polygon","coordinates":[[[144.83484,-37.85032],[144.83458,-37.85177],[144.83449,-37.85226],[144.83438,-37.85285],[144.83347,-37.85274],[144.8333,-37.85272],[144.83305,-37.85415],[144.83063,-37.85388],[144.82964,-37.8545],[144.82704,-37.85616],[144.82686,-37.85622],[144.82642,-37.85631],[144.82625,-37.85633],[144.82526,-37.85595],[144.82468,-37.85558],[144.82525,-37.85548],[144.82577,-37.8552],[144.82599,-37.85514],[144.826,-37.85517],[144.82603,-37.85511],[144.82606,-37.85508],[144.82602,-37.85504],[144.82596,-37.85505],[144.82533,-37.85257],[144.82531,-37.8525],[144.82532,-37.85241],[144.82534,-37.85227],[144.82484,-37.85099],[144.82975,-37.84974],[144.83484,-37.85032]]]},"properties":{"cat":"industrial","name":"Access Altona Industrial Estate"}},{"type":"Feature","geometry":{"type":"Polygon","coordinates":[[[144.82451,-37.85522],[144.82522,-37.8551],[144.82596,-37.85505],[144.82533,-37.85257],[144.82387,-37.85285],[144.82377,-37.85347],[144.82394,-37.85406],[144.82404,-37.85425],[144.82441,-37.85486],[144.82451,-37.85522]]]},"properties":{"cat":"industrial","name":"Altona Industrial Centre"}},{"type":"Feature","geometry":{"type":"Polygon","coordinates":[[[145.20365,-37.8157],[145.20365,-37.81601],[145.20548,-37.8162],[145.20565,-37.81426],[145.20533,-37.81401],[145.20518,-37.8139],[145.2052,-37.81348],[145.20479,-37.81323],[145.20433,-37.81302],[145.20434,-37.81197],[145.20416,-37.81192],[145.204,-37.81183],[145.20357,-37.81156],[145.20348,-37.81151],[145.20338,-37.81148],[145.20313,-37.81141],[145.20291,-37.81138],[145.20282,-37.81138],[145.20273,-37.81139],[145.20266,-37.8114],[145.20259,-37.81143],[145.20251,-37.81147],[145.20246,-37.81151],[145.20236,-37.8116],[145.20231,-37.81171],[145.2023,-37.81181],[145.20229,-37.81188],[145.20229,-37.81193],[145.20224,-37.81198],[145.20219,-37.81203],[145.20215,-37.81209],[145.20212,-37.81303],[145.20212,-37.81566],[145.20365,-37.8157]]]},"properties":{"cat":"industrial","name":""}},{"type":"Feature","geometry":{"type":"Polygon","coordinates":[[[144.60286,-37.46725],[144.60427,-37.46028],[144.61086,-37.46158],[144.61016,-37.46479],[144.60788,-37.46449],[144.60718,-37.46785],[144.60286,-37.46725]]]},"properties":{"cat":"industrial","name":""}},{"type":"Feature","geometry":{"type":"Polygon","coordinates":[[[144.73617,-37.82406],[144.73973,-37.82435],[144.73963,-37.82504],[144.73951,-37.82592],[144.73942,-37.82655],[144.7394,-37.82665],[144.73923,-37.8279],[144.73878,-37.83134],[144.73681,-37.83117],[144.73642,-37.83114],[144.73399,-37.83093],[144.73144,-37.83072],[144.73115,-37.83069],[144.73085,-37.83067],[144.72968,-37.83057],[144.72996,-37.82846],[144.72999,-37.82822],[144.73001,-37.82813],[144.73061,-37.82358],[144.73249,-37.82374],[144.73617,-37.82406]]]},"properties":{"cat":"industrial","name":"TruWest Industrial Estate"}},{"type":"Feature","geometry":{"type":"Polygon","coordinates":[[[145.29866,-37.76658],[145.29883,-37.76635],[145.30059,-37.76398],[145.29641,-37.76356],[145.29593,-37.76629],[145.29866,-37.76658]]]},"properties":{"cat":"industrial","name":"STP006 Brushy Creek Sewage Treatment Plant"}},{"type":"Feature","geometry":{"type":"Polygon","coordinates":[[[145.09801,-37.90391],[145.09818,-37.90319],[145.09922,-37.90331],[145.09928,-37.90299],[145.10018,-37.90309],[145.10017,-37.90311],[145.10052,-37.90316],[145.1009,-37.9032],[145.10092,-37.90322],[145.10072,-37.90421],[145.10045,-37.90418],[145.10033,-37.90418],[145.09963,-37.9041],[145.09801,-37.90391]]]},"properties":{"cat":"industrial","name":""}},{"type":"Feature","geometry":{"type":"Polygon","coordinates":[[[145.0963,-37.90294],[145.09665,-37.90298],[145.09694,-37.90298],[145.09796,-37.9031],[145.09773,-37.9041],[145.0973,-37.90405],[145.09743,-37.9034],[145.09625,-37.90325],[145.0963,-37.90294]]]},"properties":{"cat":"industrial","name":""}},{"type":"Feature","geometry":{"type":"Polygon","coordinates":[[[145.09974,-37.90799],[145.0997,-37.90789],[145.09979,-37.90737],[145.0998,-37.90731],[145.09987,-37.90692],[145.09989,-37.90679],[145.10002,-37.90614],[145.10012,-37.90557],[145.10014,-37.90557],[145.10124,-37.9057],[145.10432,-37.90606],[145.10434,-37.90609],[145.10379,-37.90894],[145.10377,-37.90904],[145.10362,-37.90903],[145.10336,-37.90899],[145.10333,-37.90913],[145.1033,-37.90926],[145.1031,-37.91032],[145.10306,-37.9105],[145.10303,-37.91047],[145.10286,-37.91034],[145.10279,-37.91029],[145.10265,-37.91018],[145.10229,-37.90991],[145.10198,-37.90968],[145.10171,-37.90948],[145.10107,-37.90899],[145.10089,-37.90885],[145.10088,-37.90881],[145.10082,-37.90877],[145.10079,-37.90878],[145.10069,-37.9087],[145.09974,-37.90799]]]},"properties":{"cat":"industrial","name":""}},{"type":"Feature","geometry":{"type":"Polygon","coordinates":[[[145.10456,-37.90874],[145.10689,-37.909],[145.10692,-37.90903],[145.10682,-37.90957],[145.10678,-37.90959],[145.10445,-37.90933],[145.10456,-37.90874]]]},"properties":{"cat":"industrial","name":""}},{"type":"Feature","geometry":{"type":"Polygon","coordinates":[[[145.10449,-37.90652],[145.10518,-37.9066],[145.10512,-37.90689],[145.10512,-37.90689],[145.10516,-37.9069],[145.10511,-37.90719],[145.10438,-37.90711],[145.10449,-37.90652]]]},"properties":{"cat":"industrial","name":""}},{"type":"Feature","geometry":{"type":"Polygon","coordinates":[[[145.11247,-37.91366],[145.1096,-37.91331],[145.10957,-37.91328],[145.1097,-37.91262],[145.10973,-37.9126],[145.11101,-37.91275],[145.11261,-37.91295],[145.11247,-37.91366]]]},"properties":{"cat":"industrial","name":""}},{"type":"Feature","geometry":{"type":"Polygon","coordinates":[[[145.11245,-37.9138],[145.1123,-37.9145],[145.10943,-37.91416],[145.1094,-37.91413],[145.10953,-37.91347],[145.10957,-37.91345],[145.11245,-37.9138]]]},"properties":{"cat":"industrial","name":""}},{"type":"Feature","geometry":{"type":"Polygon","coordinates":[[[145.10648,-37.92528],[145.10776,-37.92544],[145.10767,-37.92586],[145.10725,-37.92581],[145.10718,-37.92615],[145.10634,-37.92605],[145.10648,-37.92528]]]},"properties":{"cat":"industrial","name":""}},{"type":"Feature","geometry":{"type":"Polygon","coordinates":[[[145.11637,-37.94304],[145.11689,-37.9431],[145.11734,-37.94316],[145.11887,-37.94335],[145.11901,-37.94337],[145.11932,-37.94341],[145.11945,-37.94343],[145.12121,-37.94365],[145.12061,-37.94668],[145.11899,-37.94648],[145.11578,-37.94608],[145.11586,-37.94567],[145.11623,-37.94374],[145.11628,-37.94347],[145.11637,-37.94304]]]},"properties":{"cat":"industrial","name":""}},{"type":"Feature","geometry":{"type":"Polygon","coordinates":[[[145.12351,-37.93873],[145.11735,-37.93812],[145.11754,-37.93717],[145.1184,-37.93726],[145.1185,-37.93673],[145.12134,-37.93707],[145.12337,-37.93731],[145.12375,-37.93736],[145.12351,-37.93873]]]},"properties":{"cat":"industrial","name":""}},{"type":"Feature","geometry":{"type":"Polygon","coordinates":[[[145.12222,-37.94097],[145.125,-37.94128],[145.12604,-37.9414],[145.12622,-37.94143],[145.12903,-37.94179],[145.13081,-37.942],[145.13213,-37.94217],[145.13161,-37.9447],[145.13154,-37.94494],[145.13006,-37.94477],[145.13005,-37.94482],[145.12541,-37.94422],[145.12175,-37.94372],[145.12222,-37.94097]]]},"properties":{"cat":"industrial","name":""}},{"type":"Feature","geometry":{"type":"Polygon","coordinates":[[[145.11694,-37.9403],[145.11735,-37.93812],[145.12351,-37.93873],[145.12652,-37.93911],[145.12622,-37.9405],[145.12604,-37.9414],[145.125,-37.94128],[145.12222,-37.94097],[145.12151,-37.94086],[145.11942,-37.94062],[145.11694,-37.9403]]]},"properties":{"cat":"industrial","name":""}},{"type":"Feature","geometry":{"type":"Polygon","coordinates":[[[145.11694,-37.9403],[145.11637,-37.94304],[145.11689,-37.9431],[145.11734,-37.94316],[145.11887,-37.94335],[145.11901,-37.94337],[145.11932,-37.94341],[145.11945,-37.94343],[145.12121,-37.94365],[145.12175,-37.94372],[145.12222,-37.94097],[145.12151,-37.94086],[145.11754,-37.94037],[145.11694,-37.9403]]]},"properties":{"cat":"industrial","name":""}},{"type":"Feature","geometry":{"type":"Polygon","coordinates":[[[145.12679,-37.93893],[145.12833,-37.93911],[145.12945,-37.93926],[145.13132,-37.93949],[145.13272,-37.93967],[145.13366,-37.93978],[145.13338,-37.94126],[145.13322,-37.94214],[145.13319,-37.94231],[145.13213,-37.94217],[145.13081,-37.942],[145.12903,-37.94179],[145.12622,-37.94143],[145.12679,-37.93893]]]},"properties":{"cat":"industrial","name":""}},{"type":"Feature","geometry":{"type":"Polygon","coordinates":[[[145.08839,-37.97899],[145.09105,-37.97931],[145.09093,-37.97992],[145.08827,-37.9796],[145.08839,-37.97899]]]},"properties":{"cat":"industrial","name":""}},{"type":"Feature","geometry":{"type":"Polygon","coordinates":[[[145.10259,-37.85432],[145.10141,-37.85417],[145.10133,-37.85454],[145.10115,-37.85506],[145.10094,-37.85616],[145.10155,-37.85576],[145.10239,-37.85586],[145.10244,-37.85561],[145.10239,-37.85548],[145.10259,-37.85432]]]},"properties":{"cat":"industrial","name":""}},{"type":"Feature","geometry":{"type":"Polygon","coordinates":[[[145.1038,-37.85446],[145.1028,-37.85435],[145.10264,-37.8553],[145.10333,-37.85538],[145.10349,-37.85537],[145.10357,-37.85532],[145.10365,-37.85527],[145.10369,-37.85518],[145.1038,-37.85446]]]},"properties":{"cat":"industrial","name":""}},{"type":"Feature","geometry":{"type":"Polygon","coordinates":[[[145.10245,-37.85166],[145.10431,-37.85131],[145.10422,-37.85102],[145.10421,-37.85097],[145.1037,-37.85106],[145.10367,-37.85093],[145.10271,-37.85111],[145.10266,-37.85096],[145.10227,-37.85103],[145.10245,-37.85166]]]},"properties":{"cat":"industrial","name":""}},{"type":"Feature","geometry":{"type":"Polygon","coordinates":[[[145.62208,-38.05691],[145.63485,-38.05662],[145.63459,-38.05812],[145.63341,-38.05893],[145.63238,-38.05942],[145.63162,-38.06152],[145.63268,-38.06171],[145.63288,-38.06195],[145.63268,-38.06243],[145.63237,-38.06344],[145.63162,-38.06373],[145.63,-38.06361],[145.62725,-38.06285],[145.62717,-38.06225],[145.6282,-38.06121],[145.62575,-38.06036],[145.62444,-38.06053],[145.62268,-38.05978],[145.62217,-38.05928],[145.6218,-38.05892],[145.62208,-38.05691]]]},"properties":{"cat":"quarry","name":""}},{"type":"Feature","geometry":{"type":"Polygon","coordinates":[[[145.66547,-38.03738],[145.66659,-38.03892],[145.66665,-38.0415],[145.66646,-38.04348],[145.66545,-38.04432],[145.66472,-38.04383],[145.66431,-38.0427],[145.66498,-38.04098],[145.66384,-38.04106],[145.66389,-38.03976],[145.66501,-38.03931],[145.66444,-38.03844],[145.66474,-38.03753],[145.66547,-38.03738]]]},"properties":{"cat":"quarry","name":"Holcim Tynong Quarry"}},{"type":"Feature","geometry":{"type":"Polygon","coordinates":[[[144.76732,-37.82618],[144.76752,-37.82466],[144.7676,-37.82408],[144.76883,-37.81479],[144.76916,-37.81234],[144.77153,-37.81255],[144.77363,-37.81273],[144.7736,-37.81259],[144.77518,-37.81272],[144.77571,-37.81276],[144.78623,-37.81365],[144.78694,-37.81371],[144.78697,-37.81375],[144.78711,-37.81398],[144.78686,-37.8159],[144.78675,-37.81673],[144.78622,-37.82072],[144.78605,-37.822],[144.78603,-37.82214],[144.78591,-37.82304],[144.78565,-37.82496],[144.78552,-37.82593],[144.78528,-37.82772],[144.78517,-37.82782],[144.7791,-37.82732],[144.77404,-37.82691],[144.77232,-37.82676],[144.77037,-37.82659],[144.7673,-37.82632],[144.76732,-37.82618]]]},"properties":{"cat":"industrial","name":"The Angliss Industrial Estate"}},{"type":"Feature","geometry":{"type":"Polygon","coordinates":[[[144.80031,-37.81447],[144.8007,-37.81106],[144.80096,-37.80891],[144.80141,-37.80495],[144.80677,-37.80544],[144.80697,-37.80626],[144.80681,-37.80942],[144.80711,-37.81485],[144.80473,-37.81485],[144.80424,-37.81482],[144.80304,-37.81473],[144.80031,-37.81447]]]},"properties":{"cat":"industrial","name":"Parkwest Industrial Estate"}},{"type":"Feature","geometry":{"type":"Polygon","coordinates":[[[144.7363,-37.81525],[144.73636,-37.81479],[144.73584,-37.81475],[144.73582,-37.81475],[144.73184,-37.81441],[144.73161,-37.81614],[144.73103,-37.82047],[144.73065,-37.82324],[144.73192,-37.82335],[144.73251,-37.82339],[144.73253,-37.82328],[144.73403,-37.82341],[144.73405,-37.82342],[144.73434,-37.82344],[144.73435,-37.82338],[144.73444,-37.82339],[144.73443,-37.82345],[144.73519,-37.82352],[144.73737,-37.8237],[144.73989,-37.82401],[144.7399,-37.82396],[144.74021,-37.82164],[144.7416,-37.82176],[144.74303,-37.82188],[144.74272,-37.8242],[144.74469,-37.82436],[144.74555,-37.8244],[144.74717,-37.82452],[144.74733,-37.8234],[144.7475,-37.82226],[144.74624,-37.82214],[144.74642,-37.82076],[144.74662,-37.81939],[144.74924,-37.81959],[144.74936,-37.81882],[144.74928,-37.8187],[144.74931,-37.81849],[144.74676,-37.81831],[144.74701,-37.81616],[144.74468,-37.81596],[144.74355,-37.81587],[144.74244,-37.81578],[144.7363,-37.81525]]]},"properties":{"cat":"industrial","name":"Wyndham Industrial Estate"}},{"type":"Feature","geometry":{"type":"Polygon","coordinates":[[[144.76599,-37.83609],[144.76359,-37.83712],[144.76324,-37.83727],[144.76323,-37.83743],[144.76321,-37.83771],[144.76346,-37.83874],[144.76383,-37.83914],[144.76389,-37.83923],[144.76401,-37.83938],[144.76424,-37.83967],[144.76453,-37.83983],[144.76401,-37.84043],[144.76251,-37.84031],[144.76252,-37.84028],[144.76238,-37.84028],[144.7624,-37.8402],[144.76237,-37.84018],[144.76225,-37.84017],[144.76173,-37.84013],[144.76172,-37.84017],[144.76143,-37.84025],[144.76053,-37.84021],[144.7604,-37.84021],[144.75628,-37.83986],[144.75672,-37.83653],[144.7572,-37.83291],[144.75814,-37.82588],[144.75832,-37.8259],[144.75923,-37.82597],[144.76441,-37.82641],[144.76725,-37.82664],[144.76722,-37.82687],[144.76697,-37.82877],[144.76642,-37.8329],[144.76641,-37.83295],[144.76629,-37.83381],[144.76599,-37.83609]]]},"properties":{"cat":"industrial","name":"Drystone Industrial Estate"}},{"type":"Feature","geometry":{"type":"Polygon","coordinates":[[[145.00476,-37.95013],[145.00499,-37.95015],[145.00497,-37.95031],[145.00495,-37.95037],[145.00492,-37.95047],[145.0048,-37.95106],[145.00479,-37.9511],[145.00469,-37.95156],[145.00448,-37.95153],[145.00462,-37.95084],[145.00476,-37.95013]]]},"properties":{"cat":"industrial","name":"Sandringham Bus Depot"}},{"type":"Feature","geometry":{"type":"Polygon","coordinates":[[[145.03034,-37.95129],[145.03037,-37.95128],[145.03124,-37.95134],[145.03107,-37.95227],[145.03093,-37.95225],[145.0307,-37.95349],[145.03246,-37.95369],[145.0322,-37.95504],[145.03156,-37.95495],[145.03008,-37.95478],[145.03012,-37.95451],[145.02974,-37.95446],[145.03024,-37.95182],[145.03034,-37.95129]]]},"properties":{"cat":"industrial","name":""}},{"type":"Feature","geometry":{"type":"Polygon","coordinates":[[[145.03369,-37.95422],[145.03466,-37.95433],[145.03448,-37.95528],[145.03351,-37.95517],[145.03352,-37.9551],[145.03358,-37.95479],[145.03369,-37.95422]]]},"properties":{"cat":"industrial","name":""}},{"type":"Feature","geometry":{"type":"Polygon","coordinates":[[[145.03972,-37.95924],[145.03969,-37.9594],[145.03954,-37.96013],[145.03932,-37.9611],[145.03919,-37.96184],[145.0391,-37.96229],[145.03933,-37.96231],[145.0395,-37.96232],[145.03949,-37.9624],[145.03948,-37.96247],[145.03971,-37.96251],[145.03977,-37.96251],[145.04162,-37.96274],[145.04147,-37.96357],[145.03936,-37.96331],[145.0375,-37.96309],[145.03881,-37.95688],[145.039,-37.95597],[145.03959,-37.95604],[145.0418,-37.95629],[145.04183,-37.95629],[145.04227,-37.95634],[145.04231,-37.95635],[145.04242,-37.95636],[145.0426,-37.95638],[145.04294,-37.95642],[145.04284,-37.95687],[145.0429,-37.95688],[145.04327,-37.95692],[145.04289,-37.95879],[145.0424,-37.95874],[145.04238,-37.95874],[145.04233,-37.95901],[145.04284,-37.95907],[145.04264,-37.96019],[145.04142,-37.96006],[145.04146,-37.9598],[145.04111,-37.95977],[145.04104,-37.95976],[145.04102,-37.95971],[145.04097,-37.95971],[145.04099,-37.9595],[145.0404,-37.95945],[145.04042,-37.95935],[145.04026,-37.95932],[145.03972,-37.95924]]]},"properties":{"cat":"industrial","name":""}},{"type":"Feature","geometry":{"type":"Polygon","coordinates":[[[145.02975,-37.9556],[145.03048,-37.95569],[145.0306,-37.95505],[145.03114,-37.95512],[145.03084,-37.95642],[145.03141,-37.9565],[145.03115,-37.95779],[145.03111,-37.95781],[145.03007,-37.9577],[145.02951,-37.95763],[145.02934,-37.95761],[145.02945,-37.957],[145.02975,-37.9556]]]},"properties":{"cat":"industrial","name":""}},{"type":"Feature","geometry":{"type":"Polygon","coordinates":[[[145.03189,-37.95519],[145.03254,-37.95526],[145.03335,-37.95535],[145.03322,-37.95615],[145.03356,-37.95619],[145.03346,-37.9567],[145.03381,-37.95674],[145.03392,-37.95615],[145.03405,-37.95542],[145.03754,-37.95579],[145.0372,-37.95716],[145.03725,-37.95727],[145.03738,-37.95737],[145.03843,-37.95752],[145.0382,-37.95864],[145.03733,-37.95851],[145.03582,-37.95833],[145.0345,-37.95818],[145.03339,-37.95806],[145.03307,-37.95803],[145.03231,-37.95794],[145.03138,-37.95785],[145.03132,-37.95779],[145.03186,-37.9553],[145.03189,-37.95519]]]},"properties":{"cat":"industrial","name":""}},{"type":"Feature","geometry":{"type":"Polygon","coordinates":[[[145.04051,-37.95595],[145.03971,-37.95586],[145.03922,-37.9558],[145.0386,-37.95574],[145.0384,-37.95572],[145.03838,-37.95569],[145.03842,-37.95539],[145.03889,-37.95544],[145.03896,-37.9551],[145.03901,-37.95488],[145.04067,-37.95508],[145.04066,-37.95515],[145.04051,-37.95595]]]},"properties":{"cat":"industrial","name":""}},{"type":"Feature","geometry":{"type":"Polygon","coordinates":[[[145.0369,-37.95558],[145.03697,-37.95521],[145.03714,-37.95523],[145.03721,-37.95486],[145.03815,-37.95497],[145.03808,-37.95534],[145.03801,-37.9557],[145.0369,-37.95558]]]},"properties":{"cat":"industrial","name":""}},{"type":"Feature","geometry":{"type":"Polygon","coordinates":[[[145.05504,-37.94909],[145.05506,-37.949],[145.05392,-37.94886],[145.05364,-37.95023],[145.05276,-37.95011],[145.05202,-37.95001],[145.05128,-37.94991],[145.05199,-37.9464],[145.05288,-37.94652],[145.05364,-37.94661],[145.05597,-37.94692],[145.05665,-37.94701],[145.05687,-37.94704],[145.05877,-37.94729],[145.05882,-37.9473],[145.05886,-37.94731],[145.05889,-37.94734],[145.05892,-37.94736],[145.05894,-37.9474],[145.05895,-37.94743],[145.05895,-37.94745],[145.05894,-37.94748],[145.05855,-37.94956],[145.05504,-37.94909]]]},"properties":{"cat":"industrial","name":""}},{"type":"Feature","geometry":{"type":"Polygon","coordinates":[[[145.05335,-37.94267],[145.05334,-37.94276],[145.05343,-37.94277],[145.05345,-37.94277],[145.05363,-37.94279],[145.05382,-37.94282],[145.05382,-37.9428],[145.05392,-37.94281],[145.05443,-37.94288],[145.05416,-37.94313],[145.05397,-37.9433],[145.05423,-37.94355],[145.05533,-37.94368],[145.0555,-37.9437],[145.05553,-37.94357],[145.05694,-37.94376],[145.05692,-37.94388],[145.05715,-37.94391],[145.05727,-37.94323],[145.058,-37.94332],[145.05807,-37.94297],[145.05892,-37.94308],[145.05978,-37.94319],[145.05966,-37.94378],[145.05953,-37.94445],[145.05929,-37.94569],[145.05926,-37.94589],[145.05902,-37.94709],[145.05896,-37.94712],[145.05759,-37.94695],[145.05669,-37.94683],[145.05204,-37.94622],[145.05211,-37.94582],[145.05246,-37.94396],[145.05261,-37.94313],[145.053,-37.94317],[145.05302,-37.943],[145.05305,-37.94284],[145.05307,-37.94264],[145.05335,-37.94267]]]},"properties":{"cat":"industrial","name":""}},{"type":"Feature","geometry":{"type":"Polygon","coordinates":[[[145.0603,-37.94182],[145.06048,-37.94097],[145.06077,-37.93963],[145.06087,-37.93916],[145.06135,-37.93698],[145.06139,-37.93674],[145.06156,-37.93665],[145.06201,-37.93671],[145.06242,-37.93676],[145.06326,-37.93686],[145.0644,-37.937],[145.06461,-37.93703],[145.06558,-37.93715],[145.06579,-37.93717],[145.06611,-37.93721],[145.06667,-37.9373],[145.06744,-37.93741],[145.06737,-37.93773],[145.06743,-37.93774],[145.06708,-37.93937],[145.06704,-37.93955],[145.06821,-37.93969],[145.06852,-37.93816],[145.06918,-37.93826],[145.0691,-37.93898],[145.06998,-37.93912],[145.07027,-37.93768],[145.07121,-37.93773],[145.07453,-37.93817],[145.07455,-37.93815],[145.0749,-37.93819],[145.0749,-37.93821],[145.07483,-37.93855],[145.07491,-37.93856],[145.07926,-37.93912],[145.07933,-37.9392],[145.07915,-37.94024],[145.07627,-37.94044],[145.07519,-37.94052],[145.07499,-37.9402],[145.07485,-37.93995],[145.07481,-37.93996],[145.07481,-37.93997],[145.07474,-37.94003],[145.07481,-37.94011],[145.07375,-37.94029],[145.07443,-37.94065],[145.07625,-37.94158],[145.07727,-37.94209],[145.07821,-37.94255],[145.07787,-37.9429],[145.07862,-37.943],[145.07858,-37.94319],[145.07839,-37.94419],[145.06893,-37.94295],[145.06866,-37.94291],[145.06727,-37.94273],[145.06703,-37.9427],[145.06503,-37.94243],[145.0603,-37.94182]]]},"properties":{"cat":"industrial","name":""}},{"type":"Feature","geometry":{"type":"Polygon","coordinates":[[[145.07333,-37.95403],[145.07311,-37.954],[145.07056,-37.95369],[145.07055,-37.95378],[145.0702,-37.95373],[145.07023,-37.9536],[145.07005,-37.95355],[145.07029,-37.95231],[145.06997,-37.95227],[145.07059,-37.94913],[145.071,-37.94918],[145.07714,-37.9499],[145.07718,-37.94994],[145.0772,-37.94999],[145.07692,-37.9514],[145.07689,-37.9514],[145.07667,-37.95252],[145.07657,-37.95307],[145.07656,-37.95324],[145.07633,-37.95456],[145.07597,-37.95661],[145.07585,-37.95732],[145.07578,-37.95775],[145.07572,-37.95808],[145.07554,-37.95908],[145.0753,-37.96045],[145.07523,-37.96081],[145.0747,-37.96075],[145.07268,-37.96052],[145.07256,-37.96051],[145.07263,-37.96008],[145.07266,-37.9599],[145.07231,-37.95986],[145.07227,-37.95981],[145.0733,-37.95421],[145.07333,-37.95403]]]},"properties":{"cat":"industrial","name":""}},{"type":"Feature","geometry":{"type":"Polygon","coordinates":[[[145.0591,-37.94788],[145.05911,-37.94784],[145.05913,-37.94781],[145.05915,-37.94779],[145.05917,-37.94777],[145.05921,-37.94776],[145.05925,-37.94775],[145.05929,-37.94774],[145.05934,-37.94774],[145.06038,-37.94787],[145.06162,-37.94803],[145.06303,-37.9482],[145.06432,-37.94836],[145.06674,-37.94865],[145.06926,-37.94896],[145.06862,-37.9521],[145.06712,-37.95191],[145.05853,-37.95088],[145.05852,-37.95088],[145.05863,-37.95031],[145.05901,-37.9483],[145.0591,-37.94788]]]},"properties":{"cat":"industrial","name":""}},{"type":"Feature","geometry":{"type":"Polygon","coordinates":[[[145.11153,-37.97558],[145.11221,-37.97565],[145.11278,-37.97585],[145.11302,-37.97609],[145.11288,-37.97653],[145.11307,-37.97699],[145.11307,-37.97705],[145.11311,-37.97742],[145.11311,-37.97745],[145.11313,-37.97761],[145.11313,-37.97766],[145.11315,-37.97787],[145.11325,-37.97893],[145.11105,-37.97868],[145.11108,-37.9785],[145.1112,-37.97767],[145.11153,-37.97558]]]},"properties":{"cat":"industrial","name":""}},{"type":"Feature","geometry":{"type":"Polygon","coordinates":[[[145.11148,-37.97539],[145.11173,-37.97383],[145.11188,-37.97384],[145.11261,-37.97393],[145.11284,-37.97395],[145.11303,-37.97292],[145.11309,-37.97292],[145.11415,-37.97268],[145.11485,-37.97276],[145.1151,-37.97303],[145.11502,-37.97388],[145.11485,-37.97438],[145.11453,-37.97478],[145.11378,-37.97519],[145.1133,-37.97547],[145.113,-37.97577],[145.11276,-37.97564],[145.11226,-37.97548],[145.11148,-37.97539]]]},"properties":{"cat":"industrial","name":""}},{"type":"Feature","geometry":{"type":"Polygon","coordinates":[[[145.11381,-37.97958],[145.11385,-37.97928],[145.1136,-37.97651],[145.11348,-37.97629],[145.11355,-37.97625],[145.11351,-37.97597],[145.11365,-37.97562],[145.1146,-37.97498],[145.11512,-37.97973],[145.11381,-37.97958]]]},"properties":{"cat":"industrial","name":""}},{"type":"Feature","geometry":{"type":"Polygon","coordinates":[[[145.10567,-38.01168],[145.10583,-38.01152],[145.10594,-38.01141],[145.10617,-38.01087],[145.10678,-38.00772],[145.11338,-38.00869],[145.11324,-38.00942],[145.11299,-38.01066],[145.1104,-38.01032],[145.11041,-38.01051],[145.11039,-38.01114],[145.11039,-38.0118],[145.11042,-38.01273],[145.10793,-38.01199],[145.10791,-38.01199],[145.10717,-38.01189],[145.10567,-38.01168]]]},"properties":{"cat":"industrial","name":""}},{"type":"Feature","geometry":{"type":"Polygon","coordinates":[[[145.39507,-37.73713],[145.39439,-37.74074],[145.4001,-37.74137],[145.40063,-37.73778],[145.39507,-37.73713]]]},"properties":{"cat":"landfill","name":"Coldstream Recycling and Waste Transfer Station"}},{"type":"Feature","geometry":{"type":"Polygon","coordinates":[[[145.45533,-37.54075],[145.45573,-37.54091],[145.45626,-37.54093],[145.45797,-37.5406],[145.4589,-37.53968],[145.45777,-37.53875],[145.45578,-37.53852],[145.4557,-37.53892],[145.45533,-37.54075]]]},"properties":{"cat":"industrial","name":""}},{"type":"Feature","geometry":{"type":"Polygon","coordinates":[[[145.53012,-37.66087],[145.52857,-37.66154],[145.52796,-37.66009],[145.52793,-37.6597],[145.52894,-37.65929],[145.53012,-37.66087]]]},"properties":{"cat":"cemetery","name":"Healesville Cemetery"}},{"type":"Feature","geometry":{"type":"Polygon","coordinates":[[[145.04164,-37.71841],[145.04272,-37.71968],[145.04325,-37.72068],[145.03977,-37.72196],[145.03842,-37.71967],[145.04164,-37.71841]]]},"properties":{"cat":"cemetery","name":"Preston Cemetery"}},{"type":"Feature","geometry":{"type":"Polygon","coordinates":[[[145.03256,-37.74869],[145.02262,-37.74751],[145.02253,-37.74803],[145.02201,-37.74799],[145.02183,-37.74797],[145.021,-37.75309],[145.0208,-37.75434],[145.02852,-37.75524],[145.02873,-37.75536],[145.03019,-37.75557],[145.03017,-37.75569],[145.03094,-37.75577],[145.03103,-37.75575],[145.03095,-37.75559],[145.03084,-37.75537],[145.03058,-37.75507],[145.03037,-37.75482],[145.03054,-37.75416],[145.03094,-37.75362],[145.03143,-37.75291],[145.03152,-37.75245],[145.03126,-37.75186],[145.03079,-37.75175],[145.03077,-37.7513],[145.03088,-37.75109],[145.03114,-37.75058],[145.03167,-37.74986],[145.0319,-37.74947],[145.03256,-37.74869]]]},"properties":{"cat":"industrial","name":""}},{"type":"Feature","geometry":{"type":"Polygon","coordinates":[[[145.02679,-37.75514],[145.02672,-37.75683],[145.0268,-37.757],[145.02688,-37.75701],[145.02783,-37.75713],[145.02786,-37.75694],[145.02813,-37.75697],[145.02861,-37.75702],[145.02901,-37.75691],[145.0301,-37.7566],[145.03012,-37.75644],[145.03014,-37.75634],[145.03007,-37.75632],[145.03008,-37.7563],[145.03017,-37.75569],[145.03019,-37.75557],[145.02873,-37.75536],[145.02679,-37.75514]]]},"properties":{"cat":"industrial","name":""}},{"type":"Feature","geometry":{"type":"Polygon","coordinates":[[[144.84694,-37.76708],[144.84904,-37.76732],[144.84915,-37.76744],[144.84852,-37.77076],[144.84815,-37.77072],[144.84812,-37.77085],[144.84804,-37.77084],[144.84757,-37.77094],[144.8474,-37.77095],[144.84721,-37.77093],[144.84688,-37.77107],[144.84664,-37.77105],[144.84663,-37.77106],[144.84663,-37.771],[144.84631,-37.77096],[144.84609,-37.77087],[144.84553,-37.76978],[144.84576,-37.76853],[144.84608,-37.76847],[144.84627,-37.76833],[144.84629,-37.7682],[144.84621,-37.76766],[144.84624,-37.76751],[144.84663,-37.76728],[144.8469,-37.76731],[144.84694,-37.76708]]]},"properties":{"cat":"quarry","name":""}},{"type":"Feature","geometry":{"type":"Polygon","coordinates":[[[144.84655,-37.76613],[144.84658,-37.76595],[144.84676,-37.76501],[144.84691,-37.76423],[144.84627,-37.76416],[144.84621,-37.7616],[144.84441,-37.76135],[144.84462,-37.76017],[144.84127,-37.75981],[144.84147,-37.75862],[144.84151,-37.7586],[144.84378,-37.75884],[144.84379,-37.75875],[144.84381,-37.75866],[144.84379,-37.75866],[144.84376,-37.75863],[144.84394,-37.75763],[144.844,-37.75729],[144.84438,-37.75509],[144.84463,-37.75365],[144.84706,-37.75382],[144.84705,-37.75396],[144.84708,-37.75397],[144.84711,-37.754],[144.84707,-37.75424],[144.8471,-37.75463],[144.84709,-37.75499],[144.84699,-37.75515],[144.84695,-37.75518],[144.84683,-37.75523],[144.84675,-37.75528],[144.84666,-37.75534],[144.84657,-37.7554],[144.8465,-37.75547],[144.84643,-37.75554],[144.84646,-37.75557],[144.84642,-37.75564],[144.84639,-37.7557],[144.84637,-37.75577],[144.84631,-37.7558],[144.84624,-37.75578],[144.84618,-37.75577],[144.84615,-37.75577],[144.84612,-37.75576],[144.84609,-37.75576],[144.84605,-37.75576],[144.84587,-37.75576],[144.84582,-37.75576],[144.84577,-37.75575],[144.84573,-37.75575],[144.84568,-37.75575],[144.84563,-37.75574],[144.84561,-37.75574],[144.84559,-37.75574],[144.84557,-37.75574],[144.84549,-37.75575],[144.84548,-37.75575],[144.84546,-37.75575],[144.84545,-37.75576],[144.84543,-37.75576],[144.84542,-37.75577],[144.84541,-37.75578],[144.8454,-37.75579],[144.84539,-37.75579],[144.84538,-37.75581],[144.84537,-37.75582],[144.84536,-37.75583],[144.84536,-37.75584],[144.84481,-37.7574],[144.8448,-37.75741],[144.8448,-37.75742],[144.8448,-37.75744],[144.84481,-37.75745],[144.84481,-37.75746],[144.84482,-37.75746],[144.84483,-37.75747],[144.84484,-37.75748],[144.84539,-37.75776],[144.84542,-37.75777],[144.84545,-37.75778],[144.84548,-37.7578],[144.84553,-37.75781],[144.84559,-37.75783],[144.8456,-37.7579],[144.84556,-37.75795],[144.84574,-37.75803],[144.84578,-37.75798],[144.84581,-37.75793],[144.84584,-37.75788],[144.84632,-37.75803],[144.84639,-37.75806],[144.84647,-37.75808],[144.84655,-37.7581],[144.84663,-37.75811],[144.84661,-37.75827],[144.8466,-37.75837],[144.8466,-37.75847],[144.8466,-37.75855],[144.8466,-37.75864],[144.84661,-37.75872],[144.84663,-37.7588],[144.84666,-37.75886],[144.84669,-37.75892],[144.84673,-37.75897],[144.84678,-37.75902],[144.84683,-37.75906],[144.84688,-37.75911],[144.84695,-37.75915],[144.84702,-37.75918],[144.84708,-37.7592],[144.84716,-37.75922],[144.84724,-37.75924],[144.84732,-37.75924],[144.84739,-37.7593],[144.84739,-37.75978],[144.84739,-37.75983],[144.84739,-37.75989],[144.8474,-37.75995],[144.84741,-37.76001],[144.84742,-37.76005],[144.84743,-37.76009],[144.84745,-37.76014],[144.84746,-37.76019],[144.84748,-37.76024],[144.84749,-37.76029],[144.84749,-37.76035],[144.8475,-37.7604],[144.8475,-37.76046],[144.8475,-37.76051],[144.84749,-37.76055],[144.84748,-37.7606],[144.84746,-37.76064],[144.84745,-37.76066],[144.84743,-37.76069],[144.84742,-37.76071],[144.84741,-37.76072],[144.8474,-37.76073],[144.8474,-37.76075],[144.84739,-37.76077],[144.84739,-37.76078],[144.84739,-37.7608],[144.84739,-37.76082],[144.84739,-37.76084],[144.84739,-37.76085],[144.8474,-37.76087],[144.84741,-37.76088],[144.84741,-37.7609],[144.84743,-37.76092],[144.84744,-37.76093],[144.84745,-37.76095],[144.84746,-37.76097],[144.84747,-37.76098],[144.84747,-37.76099],[144.84747,-37.761],[144.84748,-37.76102],[144.84748,-37.76103],[144.84748,-37.76104],[144.84743,-37.76156],[144.84749,-37.76269],[144.8475,-37.76276],[144.84751,-37.76283],[144.84753,-37.7629],[144.84755,-37.76296],[144.84757,-37.76302],[144.8476,-37.76308],[144.84763,-37.76315],[144.84766,-37.76321],[144.8477,-37.76326],[144.84774,-37.76331],[144.84778,-37.76337],[144.84783,-37.76342],[144.84788,-37.76347],[144.84794,-37.76351],[144.84799,-37.76356],[144.84805,-37.7636],[144.8481,-37.76363],[144.84815,-37.76366],[144.8482,-37.76369],[144.84826,-37.76372],[144.84831,-37.76375],[144.84837,-37.76377],[144.84842,-37.76379],[144.84848,-37.76382],[144.84855,-37.76383],[144.84861,-37.76385],[144.84882,-37.76391],[144.84907,-37.76397],[144.84912,-37.76399],[144.84917,-37.764],[144.84922,-37.76402],[144.84927,-37.76405],[144.84932,-37.76408],[144.84936,-37.7641],[144.84939,-37.76412],[144.84942,-37.76415],[144.84945,-37.76417],[144.84947,-37.7642],[144.8495,-37.76422],[144.84952,-37.76424],[144.84954,-37.76427],[144.84956,-37.7643],[144.84958,-37.76433],[144.8496,-37.76436],[144.84961,-37.76439],[144.84963,-37.76443],[144.84964,-37.76448],[144.84965,-37.76455],[144.84963,-37.7647],[144.84963,-37.76476],[144.84964,-37.7648],[144.84969,-37.76487],[144.84973,-37.76493],[144.84975,-37.76506],[144.84956,-37.76606],[144.84937,-37.76626],[144.8493,-37.76666],[144.84922,-37.76709],[144.84892,-37.76714],[144.84798,-37.76703],[144.84742,-37.76691],[144.84697,-37.76669],[144.84606,-37.7661],[144.84607,-37.76608],[144.84655,-37.76613]]]},"properties":{"cat":"quarry","name":""}},{"type":"Feature","geometry":{"type":"Polygon","coordinates":[[[144.81925,-37.76234],[144.819,-37.76266],[144.81865,-37.76333],[144.81607,-37.76529],[144.81488,-37.7637],[144.81502,-37.76345],[144.81505,-37.76341],[144.81545,-37.7631],[144.81729,-37.76172],[144.81868,-37.76124],[144.81945,-37.76138],[144.81925,-37.76234]]]},"properties":{"cat":"industrial","name":""}},{"type":"Feature","geometry":{"type":"Polygon","coordinates":[[[144.96939,-37.72367],[144.96938,-37.72369],[144.96925,-37.7237],[144.96918,-37.7239],[144.96893,-37.72405],[144.96882,-37.72418],[144.96877,-37.72448],[144.96885,-37.7246],[144.9689,-37.72473],[144.96932,-37.72544],[144.96948,-37.72634],[144.96933,-37.72632],[144.96916,-37.72652],[144.96956,-37.72676],[144.96918,-37.72719],[144.97297,-37.72765],[144.97495,-37.72434],[144.96939,-37.72367]]]},"properties":{"cat":"industrial","name":""}},{"type":"Feature","geometry":{"type":"Polygon","coordinates":[[[145.00516,-37.77557],[145.00532,-37.77482],[145.00612,-37.77491],[145.00606,-37.77519],[145.00608,-37.77524],[145.006,-37.77566],[145.00516,-37.77557]]]},"properties":{"cat":"industrial","name":""}},{"type":"Feature","geometry":{"type":"Polygon","coordinates":[[[145.53438,-37.74267],[145.53271,-37.74607],[145.53608,-37.74692],[145.53571,-37.74579],[145.53567,-37.74367],[145.53486,-37.7427],[145.53438,-37.74267]]]},"properties":{"cat":"industrial","name":""}},{"type":"Feature","geometry":{"type":"Polygon","coordinates":[[[145.21769,-38.29453],[145.21883,-38.29454],[145.21892,-38.29753],[145.21756,-38.29755],[145.21756,-38.29626],[145.21755,-38.29456],[145.21769,-38.29453]]]},"properties":{"cat":"industrial","name":""}},{"type":"Feature","geometry":{"type":"Polygon","coordinates":[[[145.22534,-38.30566],[145.22246,-38.30438],[145.22237,-38.30421],[145.22275,-38.3034],[145.22285,-38.30281],[145.22278,-38.30056],[145.222,-38.29937],[145.22151,-38.29935],[145.22125,-38.29674],[145.21898,-38.29676],[145.21896,-38.29759],[145.21682,-38.29762],[145.21682,-38.2975],[145.21681,-38.29726],[145.21574,-38.29729],[145.21572,-38.29877],[145.21502,-38.29876],[145.21501,-38.2993],[145.21651,-38.29929],[145.2165,-38.29946],[145.21532,-38.29947],[145.21562,-38.29971],[145.21567,-38.30007],[145.21642,-38.30006],[145.21643,-38.30191],[145.21594,-38.30194],[145.21597,-38.30444],[145.21722,-38.30509],[145.21863,-38.30563],[145.22092,-38.30558],[145.22215,-38.30447],[145.22522,-38.30584],[145.22527,-38.30576],[145.22531,-38.3057],[145.22534,-38.30566]]]},"properties":{"cat":"industrial","name":"Esso Gas Works"}},{"type":"Feature","geometry":{"type":"Polygon","coordinates":[[[145.32212,-37.8216],[145.32193,-37.82035],[145.32465,-37.82029],[145.32523,-37.82028],[145.32553,-37.82097],[145.32545,-37.82114],[145.32524,-37.82131],[145.32404,-37.82162],[145.32335,-37.82176],[145.32212,-37.8216]]]},"properties":{"cat":"industrial","name":"Pick-A-Part"}},{"type":"Feature","geometry":{"type":"Polygon","coordinates":[[[145.32391,-37.81646],[145.33118,-37.81447],[145.33242,-37.81746],[145.33303,-37.8188],[145.33238,-37.82094],[145.33258,-37.82217],[145.32715,-37.8239],[145.32391,-37.81646]]]},"properties":{"cat":"quarry","name":"Boral Quarry Montrose"}},{"type":"Feature","geometry":{"type":"Polygon","coordinates":[[[144.89315,-37.80337],[144.89323,-37.80294],[144.89324,-37.80289],[144.89373,-37.80295],[144.89372,-37.80298],[144.89364,-37.80342],[144.89315,-37.80337]]]},"properties":{"cat":"industrial","name":""}},{"type":"Feature","geometry":{"type":"Polygon","coordinates":[[[145.17554,-38.14179],[145.1749,-38.14125],[145.17437,-38.1408],[145.17456,-38.13988],[145.17631,-38.14034],[145.17608,-38.14086],[145.1754,-38.14066],[145.17534,-38.1406],[145.1753,-38.14043],[145.17504,-38.14036],[145.17499,-38.14047],[145.17494,-38.14061],[145.17488,-38.14072],[145.17586,-38.14099],[145.1759,-38.14104],[145.17583,-38.1412],[145.17575,-38.14127],[145.17569,-38.1414],[145.17554,-38.14179]]]},"properties":{"cat":"industrial","name":""}},{"type":"Feature","geometry":{"type":"Polygon","coordinates":[[[145.17697,-38.14096],[145.1775,-38.14098],[145.17788,-38.14102],[145.17786,-38.14109],[145.17794,-38.14106],[145.17833,-38.1411],[145.17943,-38.141],[145.1803,-38.14108],[145.18038,-38.14112],[145.18035,-38.14129],[145.18041,-38.14137],[145.18042,-38.14141],[145.18044,-38.14146],[145.1805,-38.14144],[145.1807,-38.14138],[145.18083,-38.14138],[145.1809,-38.14139],[145.18103,-38.1414],[145.18113,-38.14139],[145.18119,-38.14141],[145.18125,-38.14145],[145.18133,-38.14154],[145.18137,-38.14156],[145.1814,-38.14162],[145.18141,-38.1417],[145.1814,-38.14177],[145.18136,-38.14183],[145.18131,-38.14189],[145.18124,-38.14195],[145.18111,-38.14201],[145.181,-38.14207],[145.18077,-38.14209],[145.17953,-38.14196],[145.17933,-38.14215],[145.17914,-38.14231],[145.17898,-38.14241],[145.17859,-38.14247],[145.17771,-38.14253],[145.17741,-38.14253],[145.17672,-38.14258],[145.17697,-38.14096]]]},"properties":{"cat":"industrial","name":""}},{"type":"Feature","geometry":{"type":"Polygon","coordinates":[[[145.06537,-38.23458],[145.06514,-38.23506],[145.0649,-38.23499],[145.06464,-38.23557],[145.06411,-38.23542],[145.064,-38.23571],[145.06367,-38.23653],[145.06659,-38.2373],[145.06724,-38.23591],[145.06758,-38.23516],[145.06537,-38.23458]]]},"properties":{"cat":"landfill","name":"Mornington Waste Transfer Station"}},{"type":"Feature","geometry":{"type":"Polygon","coordinates":[[[145.06109,-37.91178],[145.06113,-37.91154],[145.06121,-37.91116],[145.06196,-37.90671],[145.06303,-37.90684],[145.06474,-37.90704],[145.06544,-37.90712],[145.0662,-37.9072],[145.06607,-37.90789],[145.06605,-37.90795],[145.06603,-37.90797],[145.06671,-37.90805],[145.06623,-37.91072],[145.06605,-37.91168],[145.06588,-37.91165],[145.06554,-37.9116],[145.06535,-37.9114],[145.06521,-37.91147],[145.06506,-37.91148],[145.06494,-37.91147],[145.06475,-37.91145],[145.0642,-37.91138],[145.06403,-37.91215],[145.06187,-37.91188],[145.0615,-37.91183],[145.06109,-37.91178]]]},"properties":{"cat":"industrial","name":"Virginia Park"}},{"type":"Feature","geometry":{"type":"Polygon","coordinates":[[[144.82998,-37.76979],[144.82977,-37.77088],[144.82968,-37.77138],[144.82939,-37.7729],[144.82881,-37.77283],[144.8287,-37.7734],[144.82928,-37.77347],[144.82898,-37.77511],[144.82603,-37.77472],[144.82609,-37.77433],[144.8261,-37.77431],[144.82618,-37.77432],[144.82634,-37.77345],[144.82636,-37.77315],[144.82636,-37.77313],[144.82641,-37.77279],[144.82641,-37.77278],[144.82649,-37.77262],[144.82338,-37.77244],[144.82368,-37.77168],[144.82417,-37.77096],[144.82432,-37.77095],[144.82462,-37.77098],[144.82476,-37.77034],[144.82481,-37.77034],[144.82487,-37.77028],[144.82583,-37.76928],[144.82998,-37.76979]]]},"properties":{"cat":"industrial","name":""}},{"type":"Feature","geometry":{"type":"Polygon","coordinates":[[[144.82957,-37.76722],[144.82975,-37.76724],[144.82974,-37.7673],[144.82978,-37.76731],[144.82976,-37.76739],[144.83037,-37.76747],[144.8304,-37.76746],[144.83053,-37.7668],[144.8305,-37.76677],[144.82968,-37.76667],[144.82957,-37.76722]]]},"properties":{"cat":"industrial","name":""}},{"type":"Feature","geometry":{"type":"Polygon","coordinates":[[[144.82709,-37.76809],[144.82747,-37.76814],[144.82988,-37.76842],[144.8298,-37.76876],[144.8301,-37.7688],[144.83016,-37.76876],[144.83036,-37.76764],[144.82795,-37.76731],[144.82709,-37.76809]]]},"properties":{"cat":"industrial","name":""}},{"type":"Feature","geometry":{"type":"Polygon","coordinates":[[[145.08832,-37.89663],[145.08825,-37.8966],[145.08821,-37.89658],[145.08816,-37.89657],[145.08807,-37.89656],[145.08803,-37.89656],[145.08799,-37.89658],[145.08793,-37.89662],[145.0879,-37.89667],[145.08788,-37.89672],[145.08784,-37.89701],[145.08784,-37.89703],[145.08784,-37.89705],[145.08784,-37.89706],[145.08784,-37.89708],[145.08784,-37.89711],[145.08784,-37.89713],[145.08783,-37.89716],[145.08783,-37.89717],[145.08782,-37.89718],[145.08781,-37.8972],[145.0878,-37.89723],[145.08779,-37.89725],[145.08778,-37.89727],[145.08777,-37.89729],[145.08775,-37.89732],[145.08775,-37.89732],[145.08775,-37.89734],[145.08774,-37.89736],[145.08773,-37.89739],[145.08767,-37.89738],[145.08767,-37.8974],[145.08767,-37.89743],[145.08767,-37.89745],[145.08767,-37.89747],[145.08773,-37.89746],[145.08774,-37.89748],[145.08776,-37.89751],[145.08778,-37.89752],[145.08781,-37.89753],[145.08786,-37.89754],[145.08808,-37.89757],[145.08812,-37.89758],[145.08816,-37.8976],[145.08822,-37.89766],[145.08827,-37.89775],[145.08822,-37.89777],[145.08831,-37.89789],[145.08836,-37.89795],[145.08845,-37.89798],[145.08855,-37.89799],[145.08861,-37.89798],[145.08866,-37.89795],[145.0886,-37.89795],[145.08861,-37.89788],[145.08864,-37.89782],[145.08871,-37.89775],[145.08881,-37.89768],[145.08891,-37.89765],[145.08903,-37.89762],[145.08918,-37.89761],[145.08937,-37.89763],[145.08938,-37.89759],[145.08948,-37.8976],[145.0895,-37.89749],[145.0895,-37.89745],[145.0894,-37.89713],[145.0894,-37.897],[145.08944,-37.89683],[145.08941,-37.89673],[145.08931,-37.89673],[145.08924,-37.89673],[145.08917,-37.89675],[145.08909,-37.89678],[145.08904,-37.89679],[145.08896,-37.89681],[145.08888,-37.89683],[145.08881,-37.89683],[145.08862,-37.8968],[145.08856,-37.89678],[145.08848,-37.89675],[145.08842,-37.89671],[145.08832,-37.89663]]]},"properties":{"cat":"cemetery","name":"Oakleigh Pioneer Memorial Park"}},{"type":"Feature","geometry":{"type":"Polygon","coordinates":[[[144.41952,-37.68745],[144.41901,-37.69053],[144.41885,-37.69178],[144.41683,-37.69157],[144.41743,-37.68787],[144.4186,-37.68763],[144.41952,-37.68745]]]},"properties":{"cat":"cemetery","name":""}},{"type":"Feature","geometry":{"type":"Polygon","coordinates":[[[144.44242,-37.68796],[144.4423,-37.68877],[144.43977,-37.68812],[144.43998,-37.68765],[144.44242,-37.68796]]]},"properties":{"cat":"industrial","name":""}},{"type":"Feature","geometry":{"type":"Polygon","coordinates":[[[144.44276,-37.68614],[144.44249,-37.68779],[144.4384,-37.68733],[144.43846,-37.68694],[144.4382,-37.68691],[144.43824,-37.6867],[144.4383,-37.68626],[144.43867,-37.6863],[144.43876,-37.68573],[144.43978,-37.68584],[144.44199,-37.68607],[144.44246,-37.68611],[144.44256,-37.68612],[144.44272,-37.68614],[144.44276,-37.68614]]]},"properties":{"cat":"industrial","name":""}},{"type":"Feature","geometry":{"type":"Polygon","coordinates":[[[145.56379,-38.38208],[145.56164,-38.38385],[145.56317,-38.38609],[145.56611,-38.38525],[145.56422,-38.3821],[145.56379,-38.38208]]]},"properties":{"cat":"quarry","name":""}},{"type":"Feature","geometry":{"type":"Polygon","coordinates":[[[145.12769,-37.90114],[145.12824,-37.90121],[145.12821,-37.90139],[145.12859,-37.90143],[145.12882,-37.90139],[145.12896,-37.90063],[145.12899,-37.90031],[145.12906,-37.89988],[145.12899,-37.89981],[145.12881,-37.89979],[145.12858,-37.89979],[145.12795,-37.89973],[145.12769,-37.90114]]]},"properties":{"cat":"industrial","name":""}},{"type":"Feature","geometry":{"type":"Polygon","coordinates":[[[144.43554,-37.70296],[144.43671,-37.6958],[144.44839,-37.69694],[144.44993,-37.69807],[144.44879,-37.70405],[144.44872,-37.70427],[144.44863,-37.70446],[144.44704,-37.70796],[144.44588,-37.71139],[144.44511,-37.71136],[144.44446,-37.71122],[144.44399,-37.71083],[144.44328,-37.7102],[144.44286,-37.71009],[144.44234,-37.71007],[144.44183,-37.71022],[144.44082,-37.71071],[144.44007,-37.71107],[144.43869,-37.71221],[144.43811,-37.71302],[144.43756,-37.71379],[144.43659,-37.71458],[144.43535,-37.71513],[144.43455,-37.71555],[144.43337,-37.71529],[144.43355,-37.71433],[144.43191,-37.71375],[144.42925,-37.71409],[144.42693,-37.7136],[144.42713,-37.71246],[144.42818,-37.70662],[144.42896,-37.70225],[144.43554,-37.70296]]]},"properties":{"cat":"quarry","name":"Maddingley Brown Coal"}},{"type":"Feature","geometry":{"type":"Polygon","coordinates":[[[145.558,-37.73979],[145.5592,-37.74008],[145.55993,-37.73979],[145.56043,-37.73914],[145.56162,-37.73816],[145.56224,-37.73783],[145.56259,-37.73742],[145.56384,-37.73696],[145.56594,-37.73612],[145.56585,-37.73551],[145.56215,-37.73513],[145.55724,-37.73683],[145.5571,-37.73633],[145.55627,-37.73634],[145.55638,-37.73706],[145.55574,-37.73737],[145.55577,-37.73785],[145.55608,-37.73857],[145.55523,-37.73892],[145.55442,-37.73912],[145.55451,-37.73835],[145.55314,-37.73814],[145.55169,-37.73877],[145.55134,-37.73994],[145.55147,-37.74094],[145.553,-37.74049],[145.55339,-37.73943],[145.55534,-37.7391],[145.55592,-37.73987],[145.55671,-37.73941],[145.558,-37.73979]]]},"properties":{"cat":"quarry","name":""}},{"type":"Feature","geometry":{"type":"Polygon","coordinates":[[[145.00595,-37.80793],[145.00582,-37.80866],[145.00562,-37.80874],[145.00539,-37.80878],[145.00517,-37.80878],[145.00524,-37.80842],[145.00517,-37.80841],[145.00522,-37.80816],[145.00528,-37.80816],[145.0053,-37.80798],[145.00541,-37.80799],[145.00551,-37.80782],[145.00579,-37.80791],[145.00595,-37.80793]]]},"properties":{"cat":"industrial","name":""}},{"type":"Feature","geometry":{"type":"Polygon","coordinates":[[[144.64226,-38.12148],[144.64232,-38.1215],[144.64236,-38.1215],[144.64346,-38.12165],[144.64381,-38.11983],[144.64265,-38.11968],[144.64226,-38.12148]]]},"properties":{"cat":"cemetery","name":""}},{"type":"Feature","geometry":{"type":"Polygon","coordinates":[[[144.96286,-37.71386],[144.9628,-37.71352],[144.96224,-37.71347],[144.962,-37.71215],[144.96293,-37.71224],[144.96299,-37.71192],[144.96321,-37.71195],[144.96326,-37.71162],[144.96331,-37.71142],[144.96347,-37.71143],[144.96356,-37.71103],[144.96429,-37.71112],[144.96538,-37.71123],[144.96562,-37.71126],[144.96551,-37.71215],[144.96529,-37.71334],[144.96524,-37.71363],[144.96517,-37.7141],[144.96286,-37.71386]]]},"properties":{"cat":"industrial","name":"Sealed Air Fawkner"}},{"type":"Feature","geometry":{"type":"Polygon","coordinates":[[[145.22272,-38.01002],[145.22197,-38.01407],[145.22218,-38.01523],[145.22681,-38.01577],[145.2269,-38.01535],[145.22738,-38.01541],[145.22525,-38.0103],[145.22272,-38.01002]]]},"properties":{"cat":"industrial","name":"Veridian Glass"}},{"type":"Feature","geometry":{"type":"Polygon","coordinates":[[[145.04447,-37.67689],[145.04453,-37.67687],[145.04493,-37.67692],[145.04633,-37.67709],[145.04643,-37.67866],[145.04644,-37.67883],[145.04645,-37.67903],[145.04488,-37.67906],[145.04331,-37.67814],[145.04337,-37.67807],[145.04406,-37.67734],[145.04447,-37.67689]]]},"properties":{"cat":"industrial","name":"Dyson's Bus Service - Bundoora Depot"}},{"type":"Feature","geometry":{"type":"Polygon","coordinates":[[[144.99793,-37.76829],[144.99785,-37.7687],[144.99785,-37.76874],[144.99778,-37.76907],[144.99777,-37.76912],[144.99777,-37.76914],[144.99754,-37.76912],[144.99753,-37.7692],[144.99738,-37.77006],[144.9968,-37.76998],[144.99658,-37.76995],[144.99571,-37.76984],[144.99662,-37.76812],[144.99664,-37.76813],[144.99746,-37.76823],[144.99793,-37.76829]]]},"properties":{"cat":"industrial","name":""}},{"type":"Feature","geometry":{"type":"Polygon","coordinates":[[[145.19261,-37.82095],[145.19261,-37.8216],[145.19265,-37.8216],[145.19265,-37.82183],[145.19261,-37.82183],[145.19264,-37.8243],[145.19201,-37.8243],[145.19046,-37.8243],[145.19046,-37.8224],[145.19046,-37.82236],[145.19045,-37.82182],[145.19046,-37.82164],[145.19049,-37.82106],[145.19054,-37.82109],[145.19057,-37.82111],[145.19058,-37.82108],[145.1906,-37.82106],[145.19064,-37.82103],[145.19071,-37.82101],[145.19077,-37.821],[145.19097,-37.821],[145.19145,-37.82099],[145.19145,-37.82095],[145.19261,-37.82095]]]},"properties":{"cat":"industrial","name":""}},{"type":"Feature","geometry":{"type":"Polygon","coordinates":[[[144.57497,-38.16327],[144.57481,-38.16419],[144.57463,-38.16511],[144.57597,-38.16527],[144.57631,-38.16341],[144.57497,-38.16327]]]},"properties":{"cat":"cemetery","name":"Drysdale Cemetery"}},{"type":"Feature","geometry":{"type":"Polygon","coordinates":[[[144.78775,-37.84289],[144.78771,-37.84286],[144.78762,-37.84169],[144.7875,-37.84158],[144.7895,-37.84059],[144.79031,-37.84167],[144.78775,-37.84289]]]},"properties":{"cat":"industrial","name":"Laverton North Power Station"}},{"type":"Feature","geometry":{"type":"Polygon","coordinates":[[[144.98683,-37.71761],[144.98694,-37.71929],[144.98607,-37.71969],[144.98597,-37.72039],[144.98497,-37.72081],[144.98324,-37.72112],[144.98309,-37.72121],[144.98127,-37.72215],[144.98038,-37.72254],[144.9801,-37.72251],[144.97767,-37.72226],[144.97746,-37.72372],[144.97865,-37.72386],[144.97881,-37.72388],[144.97859,-37.72477],[144.97758,-37.72465],[144.97752,-37.72501],[144.97679,-37.72497],[144.97665,-37.72554],[144.97574,-37.72542],[144.97563,-37.72589],[144.97547,-37.72592],[144.97445,-37.72558],[144.97704,-37.72127],[144.97861,-37.72143],[144.97824,-37.72049],[144.97822,-37.72046],[144.979,-37.72026],[144.98199,-37.7174],[144.98561,-37.71783],[144.98683,-37.71761]]]},"properties":{"cat":"industrial","name":""}},{"type":"Feature","geometry":{"type":"Polygon","coordinates":[[[145.4868,-38.11006],[145.48905,-38.11036],[145.49503,-38.11117],[145.49493,-38.11181],[145.49485,-38.11183],[145.49417,-38.11205],[145.49049,-38.11327],[145.4881,-38.11406],[145.48777,-38.1141],[145.48684,-38.11409],[145.48613,-38.11409],[145.48617,-38.11389],[145.48614,-38.11296],[145.4868,-38.11006]]]},"properties":{"cat":"industrial","name":"Pakenham Water Recycling Plant"}},{"type":"Feature","geometry":{"type":"Polygon","coordinates":[[[145.03495,-37.95281],[145.03448,-37.95275],[145.03458,-37.95218],[145.0341,-37.95213],[145.03419,-37.95171],[145.03431,-37.95164],[145.03527,-37.95175],[145.03511,-37.95205],[145.03495,-37.95281]]]},"properties":{"cat":"industrial","name":""}},{"type":"Feature","geometry":{"type":"Polygon","coordinates":[[[145.16661,-38.16352],[145.16633,-38.16327],[145.16638,-38.16306],[145.16691,-38.1635],[145.16763,-38.1636],[145.16787,-38.16364],[145.1688,-38.16377],[145.16853,-38.16475],[145.16844,-38.16481],[145.16842,-38.16487],[145.16848,-38.16497],[145.16824,-38.16584],[145.16819,-38.16585],[145.16817,-38.16588],[145.16822,-38.16591],[145.16819,-38.16603],[145.16761,-38.16596],[145.16762,-38.16572],[145.16752,-38.16524],[145.16741,-38.16488],[145.16726,-38.16451],[145.16705,-38.16411],[145.16689,-38.16384],[145.16661,-38.16352]]]},"properties":{"cat":"industrial","name":""}},{"type":"Feature","geometry":{"type":"Polygon","coordinates":[[[145.6259,-37.78589],[145.62426,-37.78533],[145.62325,-37.78497],[145.62372,-37.78416],[145.62502,-37.7846],[145.62605,-37.78495],[145.62598,-37.78574],[145.6259,-37.78589]]]},"properties":{"cat":"industrial","name":""}},{"type":"Feature","geometry":{"type":"Polygon","coordinates":[[[145.64546,-37.78472],[145.64775,-37.78373],[145.64627,-37.78265],[145.64454,-37.78393],[145.64546,-37.78472]]]},"properties":{"cat":"industrial","name":""}},{"type":"Feature","geometry":{"type":"Polygon","coordinates":[[[145.17812,-38.13535],[145.17803,-38.13534],[145.17779,-38.13534],[145.17755,-38.13695],[145.17735,-38.13835],[145.17891,-38.13849],[145.18011,-38.13858],[145.18061,-38.13528],[145.17816,-38.13504],[145.17812,-38.13535]]]},"properties":{"cat":"quarry","name":""}},{"type":"Feature","geometry":{"type":"Polygon","coordinates":[[[144.99644,-37.80723],[144.99652,-37.80723],[144.99666,-37.80723],[144.99703,-37.80726],[144.99732,-37.8073],[144.99761,-37.80733],[144.99812,-37.80738],[144.99822,-37.80739],[144.99852,-37.80741],[144.99868,-37.80739],[144.99872,-37.80731],[144.99857,-37.80709],[144.99857,-37.80704],[144.99847,-37.80691],[144.99838,-37.8068],[144.99827,-37.80657],[144.99811,-37.80618],[144.99806,-37.80594],[144.99789,-37.80559],[144.99679,-37.8055],[144.99676,-37.80557],[144.99644,-37.80723]]]},"properties":{"cat":"industrial","name":""}},{"type":"Feature","geometry":{"type":"Polygon","coordinates":[[[145.22435,-38.26152],[145.21517,-38.26151],[145.21518,-38.25871],[145.22435,-38.25871],[145.22435,-38.26152]]]},"properties":{"cat":"landfill","name":"Tyabb Waste Disposal Centre"}},{"type":"Feature","geometry":{"type":"Polygon","coordinates":[[[145.0474,-37.67716],[145.04766,-37.67718],[145.04775,-37.6787],[145.04799,-37.6802],[145.04804,-37.68227],[145.04771,-37.6842],[145.04657,-37.68437],[145.04561,-37.68522],[145.04463,-37.68559],[145.04395,-37.68522],[145.04392,-37.6844],[145.04273,-37.68413],[145.04162,-37.68415],[145.0418,-37.68244],[145.04176,-37.68212],[145.04204,-37.68082],[145.04214,-37.68061],[145.04222,-37.68059],[145.0425,-37.68004],[145.04254,-37.67901],[145.04256,-37.6787],[145.04316,-37.67806],[145.04331,-37.67814],[145.04488,-37.67906],[145.04645,-37.67903],[145.04644,-37.67883],[145.04643,-37.67866],[145.04633,-37.67709],[145.0474,-37.67716]]]},"properties":{"cat":"landfill","name":"GB Landfill"}},{"type":"Feature","geometry":{"type":"Polygon","coordinates":[[[144.95384,-37.63126],[144.95403,-37.63016],[144.95403,-37.63015],[144.95364,-37.6301],[144.95363,-37.63015],[144.95357,-37.63014],[144.95354,-37.63014],[144.95354,-37.63009],[144.95218,-37.62995],[144.95199,-37.63106],[144.95244,-37.63111],[144.95246,-37.63111],[144.95349,-37.63122],[144.95361,-37.63123],[144.95384,-37.63126]]]},"properties":{"cat":"industrial","name":"Future Somerton Terminal Station"}},{"type":"Feature","geometry":{"type":"Polygon","coordinates":[[[144.9727,-37.64699],[144.97257,-37.64806],[144.97124,-37.64786],[144.97109,-37.65129],[144.97186,-37.6574],[144.97078,-37.65862],[144.97055,-37.65888],[144.96865,-37.6588],[144.96873,-37.65931],[144.96895,-37.66075],[144.97136,-37.66101],[144.97169,-37.66141],[144.97154,-37.66216],[144.9713,-37.66341],[144.97254,-37.6646],[144.97308,-37.66513],[144.97358,-37.66527],[144.97395,-37.66538],[144.9742,-37.66546],[144.97414,-37.66581],[144.97407,-37.66621],[144.97398,-37.66671],[144.97361,-37.66698],[144.97276,-37.66688],[144.97273,-37.66708],[144.97267,-37.66732],[144.97259,-37.66775],[144.97245,-37.66881],[144.97297,-37.66888],[144.97282,-37.66966],[144.973,-37.66968],[144.97317,-37.67016],[144.97339,-37.67132],[144.97346,-37.67133],[144.97351,-37.67156],[144.97374,-37.67172],[144.97361,-37.6725],[144.97302,-37.67244],[144.97301,-37.67251],[144.97291,-37.67322],[144.97202,-37.67312],[144.96756,-37.67262],[144.96761,-37.67236],[144.96728,-37.67233],[144.96696,-37.67229],[144.96684,-37.67228],[144.96678,-37.67268],[144.96662,-37.67266],[144.96655,-37.67313],[144.96194,-37.67263],[144.96154,-37.67259],[144.96081,-37.67251],[144.96087,-37.67343],[144.96087,-37.67393],[144.96082,-37.67433],[144.96076,-37.67478],[144.96074,-37.67493],[144.96073,-37.67498],[144.96017,-37.67484],[144.95991,-37.67478],[144.9599,-37.67479],[144.95977,-37.67486],[144.95973,-37.67513],[144.95972,-37.67521],[144.95859,-37.67509],[144.95858,-37.67516],[144.95835,-37.67514],[144.95758,-37.67505],[144.95624,-37.67492],[144.95614,-37.6738],[144.95609,-37.67327],[144.95575,-37.67134],[144.95572,-37.67121],[144.95567,-37.67095],[144.95565,-37.67071],[144.95554,-37.66986],[144.95553,-37.66976],[144.95547,-37.66923],[144.95535,-37.66825],[144.95525,-37.66738],[144.95523,-37.66724],[144.95521,-37.66689],[144.95448,-37.66703],[144.95437,-37.66705],[144.95284,-37.66694],[144.952,-37.66687],[144.95082,-37.66675],[144.9503,-37.66669],[144.9497,-37.66663],[144.94811,-37.66647],[144.94788,-37.66645],[144.94752,-37.66641],[144.94727,-37.66638],[144.94691,-37.66635],[144.94682,-37.66634],[144.94608,-37.66627],[144.94348,-37.666],[144.94365,-37.66489],[144.94276,-37.66481],[144.94258,-37.6659],[144.94228,-37.66588],[144.94052,-37.66576],[144.93811,-37.66549],[144.93802,-37.6654],[144.93825,-37.66412],[144.93809,-37.6637],[144.93762,-37.6625],[144.93671,-37.6602],[144.93605,-37.65851],[144.93469,-37.65504],[144.93489,-37.65403],[144.93495,-37.65375],[144.93026,-37.65317],[144.93103,-37.65194],[144.93214,-37.65018],[144.93285,-37.64904],[144.93321,-37.64841],[144.9333,-37.64826],[144.9336,-37.64767],[144.93387,-37.64689],[144.93417,-37.64569],[144.93439,-37.64459],[144.93465,-37.64334],[144.93494,-37.64339],[144.93532,-37.64339],[144.93518,-37.64307],[144.93511,-37.64275],[144.93508,-37.64246],[144.93508,-37.64214],[144.93512,-37.64187],[144.93517,-37.64159],[144.93664,-37.64176],[144.93666,-37.64166],[144.9367,-37.6414],[144.93672,-37.64131],[144.93711,-37.63953],[144.93758,-37.63707],[144.93765,-37.63671],[144.93766,-37.63664],[144.93773,-37.6363],[144.93742,-37.63626],[144.93728,-37.63613],[144.93738,-37.63563],[144.93702,-37.63557],[144.93735,-37.63394],[144.93823,-37.62959],[144.93854,-37.62805],[144.93804,-37.62792],[144.93806,-37.62757],[144.9381,-37.62724],[144.93821,-37.62675],[144.93824,-37.62675],[144.93869,-37.62448],[144.93863,-37.62447],[144.93858,-37.62447],[144.9385,-37.62445],[144.93912,-37.62104],[144.93918,-37.62067],[144.93924,-37.6205],[144.9393,-37.62021],[144.93936,-37.61989],[144.93967,-37.61842],[144.93968,-37.61839],[144.93979,-37.61787],[144.93985,-37.61756],[144.93991,-37.61724],[144.94004,-37.61662],[144.9401,-37.61631],[144.94013,-37.61618],[144.94014,-37.61612],[144.94016,-37.61605],[144.94018,-37.61592],[144.94021,-37.61579],[144.94023,-37.61566],[144.94026,-37.61553],[144.94031,-37.61526],[144.94043,-37.61463],[144.94045,-37.6145],[144.94048,-37.61435],[144.94053,-37.61421],[144.94062,-37.6137],[144.94105,-37.61375],[144.94149,-37.6138],[144.9417,-37.61383],[144.942,-37.61386],[144.94203,-37.61386],[144.94218,-37.61388],[144.94232,-37.6139],[144.94246,-37.61391],[144.9426,-37.61393],[144.94289,-37.61396],[144.94317,-37.61399],[144.94332,-37.61401],[144.94346,-37.61403],[144.94375,-37.61406],[144.94403,-37.61409],[144.94431,-37.61412],[144.94446,-37.61414],[144.9446,-37.61416],[144.94488,-37.61419],[144.94517,-37.61422],[144.94547,-37.61426],[144.94732,-37.61447],[144.94719,-37.61337],[144.94849,-37.61325],[144.94838,-37.61246],[144.94782,-37.61252],[144.94708,-37.61258],[144.94692,-37.61143],[144.94667,-37.60975],[144.94659,-37.60904],[144.94637,-37.60906],[144.94627,-37.60806],[144.94745,-37.60856],[144.94821,-37.60901],[144.94872,-37.60949],[144.94921,-37.61016],[144.94984,-37.61097],[144.95001,-37.61135],[144.95018,-37.61143],[144.95047,-37.61146],[144.95056,-37.61173],[144.95096,-37.61163],[144.95131,-37.61216],[144.95168,-37.61235],[144.95172,-37.61259],[144.95156,-37.61286],[144.9515,-37.61323],[144.95169,-37.61353],[144.95194,-37.61383],[144.95216,-37.61413],[144.95236,-37.61422],[144.95287,-37.61434],[144.9532,-37.61438],[144.95334,-37.61422],[144.95344,-37.61411],[144.95385,-37.61437],[144.95434,-37.61466],[144.95414,-37.61525],[144.95395,-37.61605],[144.95405,-37.61606],[144.95456,-37.61657],[144.9547,-37.61671],[144.95472,-37.61687],[144.95426,-37.61756],[144.95425,-37.61767],[144.95446,-37.6177],[144.95423,-37.61817],[144.9542,-37.6184],[144.95349,-37.61834],[144.95344,-37.61842],[144.95316,-37.61852],[144.95292,-37.61881],[144.95246,-37.61864],[144.95229,-37.61851],[144.95217,-37.61841],[144.9521,-37.61822],[144.95218,-37.61773],[144.95171,-37.61768],[144.95033,-37.61752],[144.95039,-37.6172],[144.94746,-37.61685],[144.94681,-37.61679],[144.94701,-37.61804],[144.94721,-37.61933],[144.94722,-37.61936],[144.94786,-37.61942],[144.94879,-37.61952],[144.95072,-37.61973],[144.9506,-37.62045],[144.95047,-37.62123],[144.95046,-37.62124],[144.95031,-37.62211],[144.95031,-37.62231],[144.95054,-37.62232],[144.95138,-37.6225],[144.95249,-37.62261],[144.95206,-37.62337],[144.95081,-37.62325],[144.95097,-37.62416],[144.95096,-37.62421],[144.95237,-37.62438],[144.95226,-37.62499],[144.95366,-37.62516],[144.95451,-37.62526],[144.9549,-37.62531],[144.95508,-37.62605],[144.95612,-37.62715],[144.95609,-37.62739],[144.95745,-37.62755],[144.95697,-37.63025],[144.95472,-37.63],[144.95471,-37.63004],[144.95406,-37.62998],[144.95403,-37.63016],[144.95364,-37.6301],[144.95363,-37.63015],[144.95357,-37.63014],[144.95354,-37.63014],[144.95354,-37.63009],[144.95218,-37.62995],[144.95199,-37.63106],[144.95185,-37.63196],[144.95202,-37.63197],[144.95369,-37.63217],[144.9534,-37.63377],[144.95459,-37.63392],[144.95751,-37.63424],[144.95791,-37.63459],[144.95817,-37.63475],[144.95826,-37.63495],[144.95813,-37.63519],[144.95778,-37.63534],[144.95514,-37.63506],[144.95486,-37.63492],[144.95482,-37.63511],[144.95477,-37.6351],[144.95463,-37.63587],[144.9579,-37.63623],[144.95816,-37.63626],[144.96396,-37.63689],[144.96453,-37.63808],[144.96474,-37.63852],[144.96495,-37.63894],[144.96512,-37.63945],[144.96543,-37.64044],[144.96565,-37.64113],[144.96584,-37.64175],[144.9659,-37.64195],[144.96596,-37.64214],[144.96598,-37.64219],[144.96598,-37.64224],[144.96599,-37.64239],[144.966,-37.64252],[144.96601,-37.64265],[144.96606,-37.64339],[144.96607,-37.64374],[144.96587,-37.64373],[144.96566,-37.64371],[144.96536,-37.64355],[144.96497,-37.64335],[144.96467,-37.6433],[144.96392,-37.64322],[144.96386,-37.64357],[144.96507,-37.6437],[144.96568,-37.64408],[144.96608,-37.64412],[144.96608,-37.6447],[144.96579,-37.6451],[144.96522,-37.64517],[144.96506,-37.64519],[144.96472,-37.64516],[144.96376,-37.64504],[144.9637,-37.6455],[144.96506,-37.64564],[144.96545,-37.64576],[144.96632,-37.64586],[144.96757,-37.646],[144.96823,-37.64615],[144.97027,-37.64637],[144.97109,-37.64653],[144.97161,-37.64665],[144.9727,-37.64699]]]},"properties":{"cat":"industrial","name":""}},{"type":"Feature","geometry":{"type":"Polygon","coordinates":[[[144.95349,-37.63122],[144.95361,-37.63123],[144.95384,-37.63126],[144.95369,-37.63217],[144.95185,-37.63196],[144.95199,-37.63106],[144.95244,-37.63111],[144.95246,-37.63111],[144.95242,-37.63138],[144.95257,-37.63153],[144.95337,-37.63162],[144.95349,-37.63158],[144.95352,-37.63141],[144.95346,-37.6314],[144.95349,-37.63122]]]},"properties":{"cat":"industrial","name":"Somerton Power Station"}},{"type":"Feature","geometry":{"type":"Polygon","coordinates":[[[144.86292,-37.72892],[144.86288,-37.72893],[144.86256,-37.72899],[144.8624,-37.72892],[144.86213,-37.72923],[144.86201,-37.72923],[144.86172,-37.72907],[144.86152,-37.72916],[144.86129,-37.72941],[144.86081,-37.72929],[144.8597,-37.72952],[144.85947,-37.7297],[144.85937,-37.72961],[144.85924,-37.72962],[144.85904,-37.72965],[144.85885,-37.72971],[144.85866,-37.72977],[144.85851,-37.72985],[144.85762,-37.73055],[144.85726,-37.73048],[144.85713,-37.73052],[144.85644,-37.73104],[144.85606,-37.7313],[144.85594,-37.73139],[144.85541,-37.73188],[144.85502,-37.73225],[144.85479,-37.73249],[144.85465,-37.73267],[144.85443,-37.73304],[144.8543,-37.7332],[144.85415,-37.73334],[144.85406,-37.73345],[144.85399,-37.73359],[144.85373,-37.73403],[144.85345,-37.73461],[144.85328,-37.73524],[144.85312,-37.73577],[144.85307,-37.73595],[144.85266,-37.73682],[144.85242,-37.73732],[144.85231,-37.73757],[144.85182,-37.73835],[144.85183,-37.73839],[144.85241,-37.73837],[144.85321,-37.73823],[144.85332,-37.73915],[144.85344,-37.73917],[144.85523,-37.73728],[144.85659,-37.73582],[144.85822,-37.73404],[144.8606,-37.73144],[144.86275,-37.7291],[144.86292,-37.72892]]]},"properties":{"cat":"industrial","name":""}},{"type":"Feature","geometry":{"type":"Polygon","coordinates":[[[144.89304,-37.84254],[144.89322,-37.84134],[144.89312,-37.84126],[144.89324,-37.84077],[144.89334,-37.8407],[144.89337,-37.84052],[144.8934,-37.8403],[144.8935,-37.84031],[144.89355,-37.84035],[144.89389,-37.84039],[144.89392,-37.84034],[144.894,-37.83985],[144.89405,-37.83975],[144.8941,-37.83942],[144.89427,-37.83944],[144.89434,-37.83941],[144.89441,-37.83938],[144.89479,-37.83998],[144.89525,-37.83978],[144.89532,-37.83976],[144.89574,-37.84042],[144.89611,-37.84027],[144.89613,-37.84033],[144.89642,-37.84095],[144.89667,-37.84123],[144.89683,-37.84153],[144.89695,-37.84168],[144.89702,-37.84182],[144.89692,-37.84213],[144.89657,-37.84226],[144.89663,-37.84258],[144.89602,-37.84279],[144.89633,-37.84327],[144.8963,-37.84332],[144.89625,-37.84342],[144.89615,-37.84335],[144.89582,-37.84283],[144.89304,-37.84254]]]},"properties":{"cat":"industrial","name":"Newport Power Station"}},{"type":"Feature","geometry":{"type":"Polygon","coordinates":[[[144.805,-37.85221],[144.7989,-37.85146],[144.79581,-37.85109],[144.79582,-37.85103],[144.79681,-37.84579],[144.7933,-37.84542],[144.79282,-37.84797],[144.79282,-37.84799],[144.79257,-37.84935],[144.79415,-37.84954],[144.7939,-37.85081],[144.79407,-37.85082],[144.79448,-37.85127],[144.79521,-37.85135],[144.79511,-37.85188],[144.79588,-37.85197],[144.79601,-37.85144],[144.79921,-37.85183],[144.80059,-37.85199],[144.80135,-37.85209],[144.80104,-37.8539],[144.80227,-37.85401],[144.8022,-37.85454],[144.80314,-37.85469],[144.80309,-37.85519],[144.8035,-37.8552],[144.80412,-37.85522],[144.80421,-37.85522],[144.80588,-37.85465],[144.80658,-37.85469],[144.80664,-37.85478],[144.80689,-37.85473],[144.80725,-37.85468],[144.80753,-37.85464],[144.80776,-37.85459],[144.80771,-37.85439],[144.80826,-37.85429],[144.80811,-37.85389],[144.80809,-37.8538],[144.80811,-37.8537],[144.80812,-37.85357],[144.80816,-37.85331],[144.80827,-37.85332],[144.80835,-37.85361],[144.80839,-37.85373],[144.80847,-37.85398],[144.80859,-37.85427],[144.8094,-37.85414],[144.81743,-37.85213],[144.8179,-37.84952],[144.81675,-37.84936],[144.81697,-37.84831],[144.8131,-37.84786],[144.80969,-37.84748],[144.80949,-37.84758],[144.80941,-37.84797],[144.80918,-37.84795],[144.8085,-37.84787],[144.80841,-37.84832],[144.80833,-37.84877],[144.80572,-37.84848],[144.805,-37.85221]]]},"properties":{"cat":"industrial","name":"Qenos"}},{"type":"Feature","geometry":{"type":"Polygon","coordinates":[[[144.80765,-37.84003],[144.8075,-37.8411],[144.80726,-37.84296],[144.80699,-37.84489],[144.80674,-37.84673],[144.80465,-37.84648],[144.80378,-37.84638],[144.80309,-37.84629],[144.8011,-37.84591],[144.80121,-37.84515],[144.80007,-37.84505],[144.80081,-37.83942],[144.80555,-37.83984],[144.80765,-37.84003]]]},"properties":{"cat":"industrial","name":"PrixCar Services"}},{"type":"Feature","geometry":{"type":"Polygon","coordinates":[[[144.79133,-37.82868],[144.78605,-37.82823],[144.78564,-37.82847],[144.78545,-37.82932],[144.78483,-37.83218],[144.78487,-37.83223],[144.78478,-37.83265],[144.78471,-37.83271],[144.78414,-37.83516],[144.78412,-37.83548],[144.78868,-37.83526],[144.79154,-37.83317],[144.79137,-37.83302],[144.79071,-37.83352],[144.79133,-37.82868]]]},"properties":{"cat":"industrial","name":"Laverton steel works"}},{"type":"Feature","geometry":{"type":"Polygon","coordinates":[[[144.70257,-37.88931],[144.70431,-37.89074],[144.70596,-37.88948],[144.70548,-37.88909],[144.7063,-37.88847],[144.7053,-37.88766],[144.70449,-37.88829],[144.70426,-37.88834],[144.70416,-37.88842],[144.7041,-37.88847],[144.70388,-37.88831],[144.70257,-37.88931]]]},"properties":{"cat":"industrial","name":"Melbourne Water Pumping Station"}},{"type":"Feature","geometry":{"type":"Polygon","coordinates":[[[145.08105,-37.9223],[145.08138,-37.92048],[145.08298,-37.92065],[145.08265,-37.92248],[145.08105,-37.9223]]]},"properties":{"cat":"industrial","name":""}},{"type":"Feature","geometry":{"type":"Polygon","coordinates":[[[145.23976,-38.05126],[145.23915,-38.05476],[145.24041,-38.05491],[145.24179,-38.05502],[145.24199,-38.05494],[145.24213,-38.05495],[145.24234,-38.05503],[145.24302,-38.05507],[145.24328,-38.05504],[145.24383,-38.05174],[145.23976,-38.05126]]]},"properties":{"cat":"industrial","name":"Waste Converters Recycling"}},{"type":"Feature","geometry":{"type":"Polygon","coordinates":[[[144.72167,-37.58622],[144.72247,-37.58633],[144.72095,-37.58816],[144.71967,-37.58998],[144.71889,-37.59141],[144.71835,-37.59271],[144.71814,-37.59374],[144.71786,-37.59537],[144.7173,-37.59515],[144.71663,-37.59503],[144.71687,-37.59361],[144.71452,-37.59335],[144.71468,-37.59248],[144.7154,-37.58855],[144.71563,-37.58816],[144.71593,-37.58786],[144.71679,-37.58742],[144.72167,-37.58622]]]},"properties":{"cat":"industrial","name":""}},{"type":"Feature","geometry":{"type":"Polygon","coordinates":[[[144.75272,-37.83253],[144.7572,-37.83291],[144.75672,-37.83653],[144.75642,-37.83684],[144.75607,-37.83937],[144.75604,-37.83958],[144.75598,-37.83976],[144.75595,-37.83981],[144.7559,-37.83983],[144.75576,-37.83986],[144.75567,-37.83987],[144.75178,-37.83953],[144.75272,-37.83253]]]},"properties":{"cat":"industrial","name":"ConnectWest Industrial Estate"}},{"type":"Feature","geometry":{"type":"Polygon","coordinates":[[[144.7215,-37.86859],[144.72113,-37.86879],[144.72125,-37.8689],[144.72145,-37.86907],[144.72177,-37.86944],[144.72202,-37.86984],[144.72222,-37.87022],[144.72232,-37.87061],[144.72236,-37.87109],[144.72236,-37.87143],[144.72222,-37.87171],[144.72216,-37.87197],[144.72214,-37.87219],[144.72202,-37.87233],[144.72192,-37.87242],[144.72192,-37.87275],[144.72207,-37.87297],[144.72214,-37.87315],[144.72273,-37.87285],[144.72444,-37.87201],[144.72537,-37.87155],[144.72634,-37.87107],[144.72752,-37.87049],[144.72868,-37.86992],[144.72897,-37.86978],[144.7304,-37.86907],[144.7307,-37.86892],[144.73129,-37.86863],[144.73158,-37.86849],[144.73202,-37.86828],[144.73252,-37.86803],[144.73316,-37.86771],[144.73288,-37.86735],[144.73181,-37.86599],[144.73287,-37.86548],[144.73116,-37.86329],[144.72791,-37.86507],[144.72772,-37.86517],[144.72353,-37.86748],[144.72343,-37.86753],[144.7229,-37.86782],[144.72199,-37.86832],[144.7215,-37.86859]]]},"properties":{"cat":"industrial","name":""}},{"type":"Feature","geometry":{"type":"Polygon","coordinates":[[[144.71925,-37.87431],[144.71873,-37.87348],[144.71869,-37.87342],[144.71843,-37.87298],[144.71825,-37.87269],[144.71816,-37.87255],[144.71805,-37.87239],[144.71792,-37.87218],[144.71779,-37.87198],[144.71763,-37.87173],[144.71757,-37.87161],[144.71744,-37.87141],[144.71731,-37.87121],[144.71717,-37.87097],[144.71615,-37.87152],[144.71604,-37.87158],[144.71613,-37.87172],[144.71625,-37.87192],[144.71668,-37.87261],[144.71676,-37.87273],[144.71666,-37.87277],[144.71696,-37.87326],[144.71721,-37.87366],[144.71739,-37.87398],[144.71793,-37.87484],[144.71829,-37.87471],[144.71925,-37.87433],[144.71925,-37.87431]]]},"properties":{"cat":"industrial","name":""}},{"type":"Feature","geometry":{"type":"Polygon","coordinates":[[[144.72995,-37.86993],[144.7301,-37.87032],[144.73023,-37.87066],[144.73024,-37.87069],[144.73025,-37.87072],[144.73037,-37.87099],[144.73064,-37.87168],[144.73077,-37.87201],[144.73143,-37.87364],[144.73127,-37.87368],[144.72807,-37.87448],[144.72793,-37.87416],[144.7278,-37.87382],[144.72768,-37.87354],[144.72751,-37.8731],[144.72738,-37.87278],[144.72713,-37.87216],[144.72695,-37.87171],[144.72685,-37.87147],[144.72781,-37.87099],[144.72877,-37.87052],[144.72995,-37.86993]]]},"properties":{"cat":"industrial","name":""}},{"type":"Feature","geometry":{"type":"Polygon","coordinates":[[[144.71925,-37.87431],[144.71882,-37.87362],[144.71873,-37.87348],[144.71869,-37.87342],[144.71843,-37.87298],[144.71825,-37.87269],[144.71816,-37.87255],[144.71805,-37.87239],[144.71792,-37.87218],[144.71779,-37.87198],[144.71763,-37.87173],[144.71757,-37.87161],[144.71744,-37.87141],[144.71731,-37.87121],[144.71717,-37.87097],[144.7191,-37.86991],[144.71968,-37.86959],[144.72019,-37.86931],[144.72058,-37.86909],[144.72113,-37.86879],[144.72125,-37.8689],[144.72145,-37.86907],[144.72177,-37.86944],[144.72202,-37.86984],[144.72222,-37.87022],[144.72232,-37.87061],[144.72236,-37.87109],[144.72236,-37.87143],[144.72222,-37.87171],[144.72216,-37.87197],[144.72214,-37.87219],[144.72202,-37.87233],[144.72192,-37.87242],[144.72192,-37.87275],[144.72207,-37.87297],[144.72214,-37.87315],[144.72166,-37.87339],[144.7212,-37.87356],[144.72059,-37.8738],[144.72018,-37.87396],[144.71925,-37.87431]]]},"properties":{"cat":"industrial","name":""}},{"type":"Feature","geometry":{"type":"Polygon","coordinates":[[[145.19117,-37.82059],[145.19061,-37.82059],[145.19061,-37.82093],[145.18905,-37.82094],[145.18905,-37.8207],[145.18901,-37.8207],[145.18902,-37.82096],[145.18855,-37.82096],[145.18855,-37.82114],[145.18856,-37.82173],[145.18713,-37.8217],[145.18714,-37.82139],[145.18564,-37.82165],[145.18562,-37.81924],[145.1856,-37.81907],[145.18789,-37.81875],[145.18835,-37.81868],[145.18849,-37.81867],[145.1885,-37.81876],[145.1895,-37.81867],[145.18985,-37.81864],[145.19001,-37.81862],[145.19065,-37.81855],[145.19065,-37.81852],[145.19115,-37.81846],[145.19116,-37.81906],[145.18985,-37.81905],[145.18985,-37.81959],[145.19117,-37.81958],[145.19117,-37.81999],[145.19117,-37.82059]]]},"properties":{"cat":"industrial","name":""}},{"type":"Feature","geometry":{"type":"Polygon","coordinates":[[[144.72295,-37.87578],[144.72212,-37.87599],[144.72194,-37.87569],[144.722,-37.87538],[144.72198,-37.87492],[144.72197,-37.87435],[144.72196,-37.87405],[144.7221,-37.87385],[144.72294,-37.87341],[144.72312,-37.87331],[144.72416,-37.8728],[144.72444,-37.87266],[144.72526,-37.87225],[144.72573,-37.87202],[144.72685,-37.87147],[144.72695,-37.87171],[144.72713,-37.87216],[144.72738,-37.87278],[144.72751,-37.8731],[144.72768,-37.87354],[144.7278,-37.87382],[144.72793,-37.87416],[144.72807,-37.87448],[144.72793,-37.87452],[144.72706,-37.87474],[144.7261,-37.87498],[144.72605,-37.87499],[144.72576,-37.87507],[144.72455,-37.87537],[144.7241,-37.87549],[144.72295,-37.87578]]]},"properties":{"cat":"industrial","name":""}},{"type":"Feature","geometry":{"type":"Polygon","coordinates":[[[144.7221,-37.87385],[144.72161,-37.87398],[144.72112,-37.87412],[144.71998,-37.87458],[144.71841,-37.87522],[144.71414,-37.87695],[144.71151,-37.87798],[144.71055,-37.87836],[144.70981,-37.87864],[144.70816,-37.87929],[144.70767,-37.87947],[144.70777,-37.87962],[144.70796,-37.87993],[144.70803,-37.88003],[144.70812,-37.88017],[144.70814,-37.8802],[144.71136,-37.87893],[144.7128,-37.87848],[144.71271,-37.87838],[144.71371,-37.87812],[144.71374,-37.8782],[144.71433,-37.87806],[144.71429,-37.87798],[144.71613,-37.87752],[144.71618,-37.87765],[144.717,-37.87746],[144.71698,-37.87743],[144.7169,-37.87731],[144.71837,-37.87697],[144.71844,-37.87707],[144.71847,-37.87711],[144.72113,-37.87644],[144.72106,-37.87627],[144.72161,-37.87612],[144.72174,-37.87609],[144.72212,-37.87599],[144.72194,-37.87569],[144.722,-37.87538],[144.72198,-37.87492],[144.72197,-37.87435],[144.72196,-37.87405],[144.7221,-37.87385]]]},"properties":{"cat":"industrial","name":""}},{"type":"Feature","geometry":{"type":"Polygon","coordinates":[[[144.59722,-37.94179],[144.60038,-37.9238],[144.58151,-37.93124],[144.58135,-37.93227],[144.58043,-37.93223],[144.57913,-37.93968],[144.59722,-37.94179]]]},"properties":{"cat":"landfill","name":"Werribee Refuse Disposal Facility"}},{"type":"Feature","geometry":{"type":"Polygon","coordinates":[[[144.86546,-37.72524],[144.8654,-37.7255],[144.86536,-37.7257],[144.86582,-37.72578],[144.86427,-37.72745],[144.86417,-37.72734],[144.86403,-37.72607],[144.86373,-37.72603],[144.86367,-37.72637],[144.8633,-37.72629],[144.86324,-37.72626],[144.86337,-37.72573],[144.86373,-37.72548],[144.86406,-37.72553],[144.86417,-37.7251],[144.86546,-37.72524]]]},"properties":{"cat":"industrial","name":""}},{"type":"Feature","geometry":{"type":"Polygon","coordinates":[[[144.88772,-37.70675],[144.88815,-37.70709],[144.88818,-37.70722],[144.88697,-37.70817],[144.88656,-37.70762],[144.88772,-37.70675]]]},"properties":{"cat":"industrial","name":""}},{"type":"Feature","geometry":{"type":"Polygon","coordinates":[[[144.7861,-37.72749],[144.78656,-37.7275],[144.78663,-37.72628],[144.78617,-37.72627],[144.7861,-37.72749]]]},"properties":{"cat":"industrial","name":""}},{"type":"Feature","geometry":{"type":"Polygon","coordinates":[[[144.7822,-37.72691],[144.78228,-37.72718],[144.78265,-37.72736],[144.78341,-37.72739],[144.78342,-37.72695],[144.7822,-37.72691]]]},"properties":{"cat":"industrial","name":""}},{"type":"Feature","geometry":{"type":"Polygon","coordinates":[[[144.78849,-37.87327],[144.78819,-37.87323],[144.78876,-37.87004],[144.79158,-37.87035],[144.79681,-37.87094],[144.79728,-37.87099],[144.79754,-37.87552],[144.79608,-37.87535],[144.7961,-37.87527],[144.79595,-37.87525],[144.79593,-37.87534],[144.79423,-37.87514],[144.78967,-37.87411],[144.78957,-37.87374],[144.78922,-37.87382],[144.78926,-37.87392],[144.78922,-37.87401],[144.78839,-37.87382],[144.78844,-37.87356],[144.78849,-37.87327]]]},"properties":{"cat":"industrial","name":"Altona Treatment Plant"}},{"type":"Feature","geometry":{"type":"Polygon","coordinates":[[[144.88818,-37.72139],[144.89113,-37.7217],[144.89128,-37.72178],[144.89115,-37.72265],[144.88781,-37.7223],[144.88652,-37.72216],[144.8868,-37.72173],[144.88725,-37.72132],[144.88818,-37.72139]]]},"properties":{"cat":"industrial","name":""}},{"type":"Feature","geometry":{"type":"Polygon","coordinates":[[[144.88664,-37.7238],[144.88657,-37.72423],[144.8908,-37.72466],[144.89095,-37.72379],[144.88576,-37.72326],[144.88574,-37.72337],[144.88569,-37.7237],[144.88569,-37.72372],[144.88597,-37.72375],[144.88664,-37.7238]]]},"properties":{"cat":"industrial","name":""}},{"type":"Feature","geometry":{"type":"Polygon","coordinates":[[[144.89109,-37.72277],[144.88927,-37.72258],[144.88691,-37.72233],[144.88643,-37.72228],[144.88579,-37.72316],[144.89099,-37.7237],[144.89113,-37.7228],[144.89113,-37.72279],[144.89112,-37.72278],[144.89111,-37.72278],[144.89109,-37.72277]]]},"properties":{"cat":"industrial","name":""}},{"type":"Feature","geometry":{"type":"Polygon","coordinates":[[[144.89131,-37.7216],[144.89147,-37.72062],[144.88838,-37.72028],[144.88813,-37.72051],[144.88802,-37.72062],[144.88788,-37.72074],[144.88738,-37.7212],[144.88791,-37.72127],[144.89131,-37.7216]]]},"properties":{"cat":"industrial","name":""}},{"type":"Feature","geometry":{"type":"Polygon","coordinates":[[[144.88586,-37.71999],[144.88577,-37.72052],[144.8868,-37.72063],[144.88672,-37.72112],[144.88697,-37.72115],[144.88798,-37.72023],[144.88722,-37.72015],[144.88586,-37.71999]]]},"properties":{"cat":"industrial","name":""}},{"type":"Feature","geometry":{"type":"Polygon","coordinates":[[[144.76517,-37.84569],[144.76795,-37.84622],[144.76929,-37.84184],[144.76648,-37.84131],[144.76517,-37.84569]]]},"properties":{"cat":"industrial","name":"Australian Vinyls"}},{"type":"Feature","geometry":{"type":"Polygon","coordinates":[[[144.7771,-37.84334],[144.77633,-37.84622],[144.77417,-37.84581],[144.77504,-37.84295],[144.7771,-37.84334]]]},"properties":{"cat":"industrial","name":""}},{"type":"Feature","geometry":{"type":"Polygon","coordinates":[[[144.75605,-37.84744],[144.75594,-37.84743],[144.75634,-37.84441],[144.75687,-37.84047],[144.76159,-37.84087],[144.76362,-37.84104],[144.76119,-37.84386],[144.76113,-37.84392],[144.76108,-37.84396],[144.76101,-37.84401],[144.75605,-37.84744]]]},"properties":{"cat":"industrial","name":"Banfield Distribution Centre"}},{"type":"Feature","geometry":{"type":"Polygon","coordinates":[[[144.8686,-37.70614],[144.86976,-37.70628],[144.86963,-37.70693],[144.86847,-37.70679],[144.8686,-37.70614]]]},"properties":{"cat":"industrial","name":""}},{"type":"Feature","geometry":{"type":"Polygon","coordinates":[[[144.86601,-37.7034],[144.86438,-37.70321],[144.86426,-37.70388],[144.86275,-37.70371],[144.86266,-37.7042],[144.86185,-37.70411],[144.86158,-37.70562],[144.86242,-37.70571],[144.86238,-37.70593],[144.8626,-37.70597],[144.8654,-37.70628],[144.86549,-37.70629],[144.86648,-37.7064],[144.86653,-37.70635],[144.86698,-37.70641],[144.86708,-37.70607],[144.86714,-37.70574],[144.86726,-37.70508],[144.86588,-37.70495],[144.86576,-37.70562],[144.8655,-37.7062],[144.86601,-37.7034]]]},"properties":{"cat":"industrial","name":""}},{"type":"Feature","geometry":{"type":"Polygon","coordinates":[[[144.91791,-37.78371],[144.91827,-37.78413],[144.91851,-37.78438],[144.91899,-37.78443],[144.91886,-37.78428],[144.92104,-37.78453],[144.92109,-37.78424],[144.92179,-37.78431],[144.92182,-37.78431],[144.92188,-37.7838],[144.91791,-37.78371]]]},"properties":{"cat":"industrial","name":""}},{"type":"Feature","geometry":{"type":"Polygon","coordinates":[[[144.58008,-38.17399],[144.58035,-38.17258],[144.5812,-38.17268],[144.58092,-38.17409],[144.58008,-38.17399]]]},"properties":{"cat":"industrial","name":"Mcharry's Buslines Drysdale Depot"}},{"type":"Feature","geometry":{"type":"Polygon","coordinates":[[[145.00626,-37.71963],[145.00637,-37.71966],[145.00678,-37.71849],[145.00695,-37.71802],[145.00661,-37.71791],[145.00619,-37.71861],[145.00587,-37.71955],[145.00626,-37.71963]]]},"properties":{"cat":"industrial","name":"Dysons (Reservoir)"}},{"type":"Feature","geometry":{"type":"Polygon","coordinates":[[[144.85332,-37.80115],[144.85551,-37.80138],[144.85524,-37.80299],[144.8571,-37.80318],[144.85778,-37.79916],[144.85372,-37.79874],[144.85332,-37.80115]]]},"properties":{"cat":"industrial","name":"Olex Cables"}},{"type":"Feature","geometry":{"type":"Polygon","coordinates":[[[145.00927,-37.81453],[145.00913,-37.8153],[145.01161,-37.8156],[145.01174,-37.81483],[145.00927,-37.81453]]]},"properties":{"cat":"industrial","name":""}},{"type":"Feature","geometry":{"type":"Polygon","coordinates":[[[144.99997,-37.71576],[144.99986,-37.71642],[144.99901,-37.71634],[144.99903,-37.71621],[144.99888,-37.7162],[144.9986,-37.71617],[144.99862,-37.71602],[144.99867,-37.71571],[144.99869,-37.71564],[144.9987,-37.71562],[144.99997,-37.71576]]]},"properties":{"cat":"industrial","name":""}},{"type":"Feature","geometry":{"type":"Polygon","coordinates":[[[144.9622,-37.60127],[144.96567,-37.60169],[144.9725,-37.60252],[144.97493,-37.58824],[144.97526,-37.58828],[144.98837,-37.58972],[144.98824,-37.58443],[144.98398,-37.584],[144.97959,-37.58355],[144.97919,-37.57623],[144.97754,-37.57631],[144.97464,-37.57625],[144.9697,-37.57526],[144.96863,-37.57469],[144.96819,-37.57332],[144.96604,-37.57282],[144.96534,-37.57252],[144.96528,-37.57252],[144.96525,-37.57264],[144.96513,-37.57303],[144.96518,-37.57326],[144.96529,-37.5735],[144.96514,-37.57374],[144.96484,-37.57389],[144.96469,-37.57412],[144.96453,-37.57454],[144.9645,-37.57484],[144.96449,-37.57521],[144.96422,-37.57543],[144.96397,-37.57557],[144.96376,-37.57578],[144.96348,-37.57605],[144.96316,-37.57647],[144.96291,-37.57684],[144.96277,-37.57701],[144.9626,-37.57722],[144.96239,-37.57764],[144.96244,-37.57805],[144.96272,-37.57837],[144.96311,-37.57856],[144.96337,-37.57883],[144.96339,-37.57916],[144.96313,-37.57942],[144.96231,-37.57967],[144.96127,-37.58001],[144.96076,-37.58009],[144.96042,-37.58025],[144.96016,-37.58053],[144.96007,-37.58082],[144.96005,-37.58116],[144.96005,-37.58116],[144.95994,-37.58149],[144.95979,-37.58173],[144.95955,-37.58182],[144.9592,-37.58182],[144.95893,-37.58174],[144.95862,-37.58174],[144.95824,-37.58172],[144.9578,-37.58163],[144.95736,-37.58162],[144.95705,-37.58175],[144.95678,-37.58205],[144.95662,-37.58233],[144.95661,-37.58269],[144.95674,-37.5831],[144.95686,-37.58352],[144.9572,-37.58375],[144.95752,-37.58399],[144.95758,-37.58426],[144.95781,-37.5846],[144.95825,-37.5849],[144.95845,-37.58509],[144.9584,-37.58531],[144.95819,-37.58537],[144.95786,-37.58526],[144.95754,-37.58537],[144.95727,-37.5854],[144.957,-37.58549],[144.95695,-37.58575],[144.95713,-37.58612],[144.95746,-37.58654],[144.9577,-37.58685],[144.95772,-37.58715],[144.9577,-37.58754],[144.95788,-37.58787],[144.9579,-37.58809],[144.95777,-37.5884],[144.95741,-37.58859],[144.95727,-37.58882],[144.9575,-37.58933],[144.95787,-37.58967],[144.95826,-37.58998],[144.95858,-37.59035],[144.95868,-37.59075],[144.95881,-37.59106],[144.95867,-37.59124],[144.95833,-37.59129],[144.95805,-37.59129],[144.9578,-37.59145],[144.95758,-37.59159],[144.9573,-37.59157],[144.95707,-37.59148],[144.95687,-37.59124],[144.95659,-37.59121],[144.95623,-37.59126],[144.95595,-37.59121],[144.95577,-37.59137],[144.95574,-37.59163],[144.95573,-37.592],[144.95563,-37.59234],[144.95572,-37.59265],[144.9555,-37.59281],[144.95511,-37.59294],[144.95491,-37.59321],[144.95488,-37.59375],[144.95494,-37.59419],[144.95506,-37.59462],[144.95504,-37.59506],[144.95481,-37.5955],[144.95449,-37.59585],[144.95401,-37.596],[144.95355,-37.59585],[144.95316,-37.59601],[144.95313,-37.59609],[144.95404,-37.59709],[144.95672,-37.59958],[144.95853,-37.60059],[144.96003,-37.60076],[144.9622,-37.60127]]]},"properties":{"cat":"industrial","name":"Austral Bricks"}},{"type":"Feature","geometry":{"type":"Polygon","coordinates":[[[144.77273,-37.77926],[144.77318,-37.7793],[144.77326,-37.77868],[144.77282,-37.77859],[144.77273,-37.77926]]]},"properties":{"cat":"industrial","name":""}},{"type":"Feature","geometry":{"type":"Polygon","coordinates":[[[145.23397,-38.0018],[145.23395,-38.00192],[145.23366,-38.0034],[145.23339,-38.00489],[145.22734,-38.00221],[145.2271,-38.00206],[145.22708,-38.00193],[145.22727,-38.001],[145.23397,-38.0018]]]},"properties":{"cat":"industrial","name":"Former Iveco Factory"}},{"type":"Feature","geometry":{"type":"Polygon","coordinates":[[[144.51376,-38.0487],[144.51415,-38.04761],[144.51517,-38.04605],[144.51569,-38.0456],[144.51737,-38.04477],[144.51999,-38.04412],[144.52864,-38.04355],[144.53302,-38.04288],[144.53437,-38.04297],[144.53503,-38.04264],[144.53406,-38.04269],[144.53347,-38.04251],[144.534,-38.04233],[144.53531,-38.04228],[144.53799,-38.03988],[144.53915,-38.03944],[144.53938,-38.03949],[144.53672,-38.04137],[144.53562,-38.04259],[144.53558,-38.04326],[144.53524,-38.0438],[144.53429,-38.04451],[144.53299,-38.04486],[144.53182,-38.04494],[144.52919,-38.04581],[144.52759,-38.04657],[144.5259,-38.04662],[144.52432,-38.04738],[144.52052,-38.04851],[144.52018,-38.04836],[144.52035,-38.04818],[144.52079,-38.04814],[144.52055,-38.04801],[144.51947,-38.04847],[144.51855,-38.04826],[144.51731,-38.04845],[144.51707,-38.04861],[144.51745,-38.04908],[144.51925,-38.0491],[144.52364,-38.04773],[144.52569,-38.04742],[144.52651,-38.0473],[144.52951,-38.04596],[144.53112,-38.04541],[144.53368,-38.04501],[144.53472,-38.04448],[144.53562,-38.0439],[144.5367,-38.04201],[144.5385,-38.04077],[144.54034,-38.04004],[144.54156,-38.03977],[144.54204,-38.0398],[144.54232,-38.03953],[144.54251,-38.03944],[144.54364,-38.03893],[144.5444,-38.03883],[144.54465,-38.03856],[144.54632,-38.03816],[144.54771,-38.03799],[144.5487,-38.03753],[144.5495,-38.03716],[144.55016,-38.037],[144.5508,-38.03642],[144.55118,-38.03636],[144.5523,-38.03614],[144.55371,-38.03615],[144.5549,-38.03635],[144.55622,-38.0367],[144.55722,-38.03723],[144.55783,-38.0378],[144.55865,-38.0376],[144.55912,-38.03727],[144.55905,-38.03643],[144.55914,-38.03548],[144.56071,-38.0339],[144.56178,-38.03333],[144.56226,-38.03292],[144.56221,-38.03242],[144.56313,-38.03182],[144.56336,-38.0311],[144.56321,-38.02974],[144.56404,-38.02813],[144.56508,-38.027],[144.56657,-38.02637],[144.56724,-38.02618],[144.5672,-38.02603],[144.56675,-38.02582],[144.5668,-38.02498],[144.56722,-38.02438],[144.56725,-38.02357],[144.56782,-38.02274],[144.56897,-38.02198],[144.57085,-38.02123],[144.57261,-38.02097],[144.57494,-38.02072],[144.57544,-38.0204],[144.57601,-38.01978],[144.57566,-38.0195],[144.57576,-38.01866],[144.57716,-38.01568],[144.57975,-38.01313],[144.58231,-38.01126],[144.58264,-38.01103],[144.58356,-38.00926],[144.58589,-38.0077],[144.5894,-38.00599],[144.59196,-38.00492],[144.59236,-38.00482],[144.59265,-38.00474],[144.59295,-38.00466],[144.59377,-38.0045],[144.5941,-38.00447],[144.59466,-38.00448],[144.59523,-38.0045],[144.59585,-38.00446],[144.59706,-38.00421],[144.59814,-38.00393],[144.59842,-38.00388],[144.59869,-38.0039],[144.59877,-38.00411],[144.59883,-38.00411],[144.59887,-38.00408],[144.59895,-38.00406],[144.59902,-38.00402],[144.59897,-38.00379],[144.599,-38.00373],[144.59938,-38.00359],[144.59977,-38.00347],[144.60006,-38.00346],[144.60013,-38.00334],[144.60127,-38.00292],[144.60265,-38.00243],[144.60593,-38.00191],[144.61203,-38.00129],[144.61226,-38.00128],[144.61577,-38.00106],[144.6175,-38.00084],[144.6188,-38.00058],[144.61908,-38.00052],[144.61931,-38.00051],[144.62046,-38.00049],[144.62312,-38.00015],[144.6264,-38.00027],[144.62746,-38.00061],[144.62968,-38.00078],[144.6314,-38.00126],[144.63294,-38.00165],[144.63316,-38.00176],[144.63348,-38.00185],[144.63345,-38.00203],[144.63348,-38.00204],[144.63351,-38.00204],[144.63359,-38.0016],[144.63367,-38.00156],[144.63458,-38.0013],[144.63696,-38.00138],[144.63998,-38.00174],[144.64194,-38.00181],[144.64451,-38.00167],[144.64818,-38.00144],[144.65174,-38.0009],[144.67372,-37.98443],[144.67463,-37.97981],[144.6754,-37.97522],[144.67334,-37.97389],[144.67306,-37.97383],[144.67151,-37.97347],[144.66794,-37.97181],[144.66687,-37.97168],[144.66693,-37.97126],[144.66606,-37.96894],[144.66574,-37.96652],[144.66536,-37.96589],[144.66598,-37.96199],[144.6654,-37.9599],[144.66586,-37.95762],[144.66634,-37.95682],[144.66132,-37.94925],[144.66139,-37.94889],[144.66144,-37.94887],[144.6567,-37.94082],[144.65748,-37.93597],[144.65743,-37.93592],[144.65482,-37.93332],[144.65583,-37.92676],[144.65379,-37.92371],[144.65374,-37.92369],[144.65313,-37.92344],[144.64757,-37.92574],[144.64636,-37.926],[144.64603,-37.92597],[144.64592,-37.92661],[144.64513,-37.92654],[144.64498,-37.92745],[144.64086,-37.92698],[144.64023,-37.92714],[144.63889,-37.9276],[144.63708,-37.92948],[144.63687,-37.93054],[144.6369,-37.9307],[144.63703,-37.9308],[144.63712,-37.93087],[144.63726,-37.93098],[144.63743,-37.93096],[144.63751,-37.93112],[144.6375,-37.93117],[144.63748,-37.93121],[144.63746,-37.93124],[144.63736,-37.93122],[144.63728,-37.9312],[144.63722,-37.93118],[144.63713,-37.93115],[144.63704,-37.93112],[144.63695,-37.93108],[144.63685,-37.93102],[144.63672,-37.93095],[144.63664,-37.9309],[144.63655,-37.93083],[144.63648,-37.93077],[144.63639,-37.93068],[144.63628,-37.93056],[144.63621,-37.93045],[144.63616,-37.93037],[144.63612,-37.93031],[144.63593,-37.93004],[144.63587,-37.93006],[144.63578,-37.92997],[144.63418,-37.92923],[144.63292,-37.92901],[144.63155,-37.92923],[144.63129,-37.9293],[144.62981,-37.92991],[144.62784,-37.9306],[144.62729,-37.93114],[144.62693,-37.93134],[144.62686,-37.93158],[144.62536,-37.93208],[144.62489,-37.93221],[144.61611,-37.93699],[144.60299,-37.94406],[144.5763,-37.95854],[144.54777,-37.97541],[144.53404,-37.98258],[144.5338,-37.98406],[144.53372,-37.98405],[144.53357,-37.98403],[144.53334,-37.98303],[144.53276,-37.98279],[144.5138,-37.99256],[144.51125,-38.00571],[144.50836,-38.02079],[144.50369,-38.02026],[144.50365,-38.02051],[144.50235,-38.02773],[144.50232,-38.0279],[144.50102,-38.03511],[144.49697,-38.03464],[144.49405,-38.04911],[144.49083,-38.06309],[144.49109,-38.06431],[144.48996,-38.07251],[144.48834,-38.07801],[144.48859,-38.07845],[144.49289,-38.0752],[144.49815,-38.0712],[144.51376,-38.0487]]]},"properties":{"cat":"wastewater","name":"Western Treatment Plant"}},{"type":"Feature","geometry":{"type":"Polygon","coordinates":[[[145.14292,-37.75874],[145.14259,-37.76052],[145.14041,-37.76028],[145.14067,-37.75849],[145.14292,-37.75874]]]},"properties":{"cat":"cemetery","name":"Templestowe Cemetery"}},{"type":"Feature","geometry":{"type":"Polygon","coordinates":[[[144.46669,-37.73604],[144.47087,-37.7365],[144.48495,-37.73805],[144.48755,-37.72326],[144.46929,-37.72125],[144.46785,-37.72942],[144.4677,-37.73031],[144.46669,-37.73604]]]},"properties":{"cat":"industrial","name":"Bacchus Marsh Recycled Water Plant"}},{"type":"Feature","geometry":{"type":"Polygon","coordinates":[[[144.85118,-37.73174],[144.85127,-37.73134],[144.85139,-37.7307],[144.85143,-37.73044],[144.85145,-37.73038],[144.85148,-37.73033],[144.85157,-37.73026],[144.85247,-37.73035],[144.85315,-37.73044],[144.85324,-37.73045],[144.85326,-37.73029],[144.85413,-37.73038],[144.85412,-37.73043],[144.85409,-37.73046],[144.85407,-37.73048],[144.85406,-37.73053],[144.85409,-37.73055],[144.85511,-37.73066],[144.85487,-37.73092],[144.8544,-37.73141],[144.85398,-37.73188],[144.85384,-37.73205],[144.85369,-37.73204],[144.852,-37.73184],[144.8518,-37.73181],[144.85131,-37.73176],[144.85118,-37.73174]]]},"properties":{"cat":"industrial","name":"Thor Complex"}},{"type":"Feature","geometry":{"type":"Polygon","coordinates":[[[145.01548,-37.6705],[145.01543,-37.67079],[145.01506,-37.67075],[145.01511,-37.67046],[145.01548,-37.6705]]]},"properties":{"cat":"industrial","name":""}},{"type":"Feature","geometry":{"type":"Polygon","coordinates":[[[144.88612,-37.71634],[144.88637,-37.7151],[144.88741,-37.71522],[144.88784,-37.71527],[144.88794,-37.71475],[144.88844,-37.71481],[144.88854,-37.71429],[144.88867,-37.71431],[144.88909,-37.71436],[144.88919,-37.71394],[144.88988,-37.71402],[144.89031,-37.71462],[144.89033,-37.71461],[144.89049,-37.71486],[144.89056,-37.71483],[144.89068,-37.715],[144.89095,-37.71503],[144.89101,-37.71515],[144.8909,-37.71567],[144.89084,-37.71603],[144.8918,-37.71614],[144.89189,-37.71644],[144.89193,-37.71668],[144.89196,-37.71689],[144.89197,-37.71696],[144.89197,-37.71704],[144.89198,-37.71717],[144.89195,-37.71749],[144.89195,-37.71753],[144.89192,-37.71784],[144.89147,-37.72062],[144.88838,-37.72028],[144.88798,-37.72023],[144.88722,-37.72015],[144.88586,-37.71999],[144.88584,-37.7199],[144.88583,-37.7198],[144.88596,-37.71909],[144.88597,-37.71901],[144.88665,-37.71909],[144.88679,-37.71824],[144.88799,-37.71837],[144.88813,-37.71759],[144.88795,-37.71757],[144.88797,-37.7175],[144.88811,-37.71664],[144.88803,-37.71663],[144.88634,-37.71642],[144.88609,-37.7164],[144.88612,-37.71634]]]},"properties":{"cat":"industrial","name":""}},{"type":"Feature","geometry":{"type":"Polygon","coordinates":[[[144.87868,-37.73275],[144.8809,-37.7336],[144.8819,-37.73397],[144.88284,-37.73435],[144.88397,-37.73478],[144.88397,-37.7348],[144.88407,-37.73482],[144.88407,-37.73481],[144.88477,-37.73489],[144.88478,-37.73485],[144.88505,-37.73489],[144.88561,-37.73511],[144.88556,-37.73536],[144.88692,-37.73552],[144.88703,-37.73553],[144.88713,-37.73538],[144.88715,-37.73535],[144.88513,-37.73454],[144.88404,-37.73435],[144.88307,-37.73399],[144.88116,-37.73326],[144.88088,-37.73315],[144.87896,-37.73242],[144.87868,-37.73275]]]},"properties":{"cat":"industrial","name":""}},{"type":"Feature","geometry":{"type":"Polygon","coordinates":[[[144.92625,-37.76879],[144.92611,-37.76879],[144.92581,-37.76788],[144.92622,-37.76792],[144.92615,-37.76847],[144.92625,-37.76848],[144.92625,-37.76879]]]},"properties":{"cat":"industrial","name":""}},{"type":"Feature","geometry":{"type":"Polygon","coordinates":[[[144.85141,-37.70903],[144.8512,-37.70911],[144.85077,-37.70925],[144.85076,-37.7092],[144.85073,-37.70921],[144.85065,-37.70899],[144.85069,-37.70899],[144.85066,-37.70892],[144.85063,-37.70884],[144.85049,-37.70884],[144.85037,-37.70885],[144.85024,-37.70887],[144.85016,-37.70891],[144.85013,-37.70895],[144.85011,-37.70899],[144.85013,-37.70905],[144.85035,-37.70955],[144.85037,-37.70963],[144.85041,-37.70965],[144.85047,-37.70962],[144.85089,-37.70995],[144.85138,-37.71033],[144.8515,-37.71045],[144.85197,-37.71071],[144.85232,-37.71081],[144.85244,-37.71082],[144.85253,-37.71084],[144.85305,-37.711],[144.85312,-37.71102],[144.85318,-37.71103],[144.85324,-37.71103],[144.8533,-37.71103],[144.85336,-37.71104],[144.85341,-37.71105],[144.85346,-37.71109],[144.85349,-37.71112],[144.85351,-37.71115],[144.85352,-37.71119],[144.85547,-37.71185],[144.85545,-37.71197],[144.85449,-37.71187],[144.85144,-37.71153],[144.8512,-37.71321],[144.84922,-37.71302],[144.84858,-37.71285],[144.84732,-37.71271],[144.84721,-37.71389],[144.84703,-37.71583],[144.84679,-37.7158],[144.84521,-37.71563],[144.84533,-37.71412],[144.84555,-37.71132],[144.8456,-37.71091],[144.84544,-37.71092],[144.84536,-37.71093],[144.84533,-37.71096],[144.84529,-37.71097],[144.84524,-37.71098],[144.84519,-37.71098],[144.84518,-37.71083],[144.84517,-37.71073],[144.84516,-37.71056],[144.8433,-37.7107],[144.84313,-37.70988],[144.84748,-37.71035],[144.84751,-37.71],[144.84753,-37.70986],[144.84756,-37.70986],[144.84762,-37.70919],[144.84757,-37.70919],[144.84796,-37.70549],[144.84803,-37.70476],[144.84836,-37.7048],[144.84836,-37.70477],[144.84866,-37.70305],[144.84899,-37.70092],[144.84902,-37.70073],[144.84858,-37.70058],[144.84861,-37.70052],[144.8493,-37.6993],[144.85161,-37.70009],[144.85095,-37.70131],[144.85091,-37.70139],[144.85117,-37.70147],[144.85253,-37.7019],[144.85355,-37.70003],[144.85471,-37.70043],[144.85576,-37.70079],[144.85657,-37.70106],[144.85602,-37.70208],[144.85555,-37.70294],[144.85544,-37.70314],[144.85656,-37.70352],[144.85729,-37.70401],[144.85869,-37.70492],[144.85893,-37.70508],[144.85927,-37.70546],[144.85977,-37.70604],[144.85743,-37.70577],[144.85737,-37.70613],[144.85697,-37.70609],[144.85687,-37.70665],[144.85571,-37.70653],[144.85565,-37.70683],[144.85577,-37.70685],[144.85573,-37.70708],[144.85559,-37.70707],[144.85557,-37.70717],[144.85553,-37.70739],[144.85598,-37.70744],[144.85424,-37.70805],[144.85239,-37.70869],[144.85212,-37.70878],[144.85208,-37.70897],[144.85143,-37.7089],[144.85141,-37.70903]]]},"properties":{"cat":"industrial","name":""}},{"type":"Feature","geometry":{"type":"Polygon","coordinates":[[[145.04762,-37.68866],[145.04828,-37.6886],[145.04877,-37.68855],[145.04894,-37.6885],[145.04986,-37.68822],[145.04727,-37.68799],[145.04727,-37.68805],[145.04612,-37.68823],[145.03681,-37.68758],[145.03184,-37.6877],[145.03136,-37.68771],[145.03105,-37.68773],[145.03038,-37.68823],[145.03039,-37.68841],[145.03039,-37.68847],[145.03041,-37.68856],[145.03013,-37.68866],[145.02993,-37.68879],[145.02974,-37.68893],[145.02943,-37.6892],[145.02872,-37.68978],[145.02891,-37.69046],[145.02911,-37.69115],[145.0295,-37.69249],[145.02998,-37.69316],[145.03087,-37.69348],[145.0314,-37.69351],[145.0325,-37.69362],[145.03317,-37.69369],[145.03518,-37.69393],[145.04153,-37.69459],[145.04177,-37.69402],[145.04214,-37.69315],[145.04235,-37.69266],[145.04256,-37.69216],[145.04281,-37.69159],[145.04291,-37.69136],[145.04308,-37.69098],[145.04315,-37.69083],[145.04321,-37.69074],[145.04327,-37.69065],[145.04344,-37.69046],[145.04353,-37.69038],[145.04372,-37.69023],[145.04406,-37.69004],[145.04445,-37.68989],[145.04585,-37.68948],[145.04659,-37.68927],[145.04713,-37.68912],[145.0472,-37.68854],[145.04762,-37.68866]]]},"properties":{"cat":"industrial","name":""}},{"type":"Feature","geometry":{"type":"Polygon","coordinates":[[[144.59433,-37.69466],[144.59433,-37.69464],[144.59022,-37.69449],[144.5903,-37.6935],[144.59145,-37.69256],[144.59388,-37.68957],[144.59503,-37.68871],[144.59504,-37.68864],[144.59442,-37.68857],[144.59451,-37.68826],[144.59484,-37.68799],[144.59585,-37.68734],[144.59627,-37.68707],[144.59763,-37.68616],[144.59808,-37.68571],[144.59922,-37.68653],[144.5999,-37.68594],[144.60038,-37.686],[144.60304,-37.68633],[144.60259,-37.68873],[144.60255,-37.68894],[144.60283,-37.68914],[144.60333,-37.6895],[144.60424,-37.69016],[144.60424,-37.69158],[144.60422,-37.6917],[144.60406,-37.69224],[144.60367,-37.69314],[144.60179,-37.6943],[144.60013,-37.69477],[144.59829,-37.6948],[144.59433,-37.69466]]]},"properties":{"cat":"industrial","name":""}},{"type":"Feature","geometry":{"type":"Polygon","coordinates":[[[144.60507,-37.68274],[144.60491,-37.68328],[144.6061,-37.68349],[144.60627,-37.68272],[144.60507,-37.68274]]]},"properties":{"cat":"industrial","name":""}},{"type":"Feature","geometry":{"type":"Polygon","coordinates":[[[144.7503,-37.81052],[144.74322,-37.80992],[144.74281,-37.81295],[144.75011,-37.81356],[144.75042,-37.81086],[144.75038,-37.81062],[144.7503,-37.81052]]]},"properties":{"cat":"industrial","name":""}},{"type":"Feature","geometry":{"type":"Polygon","coordinates":[[[144.72083,-37.82619],[144.72095,-37.82528],[144.71913,-37.82513],[144.719,-37.82604],[144.72083,-37.82619]]]},"properties":{"cat":"cemetery","name":"Old Truganina Cemetery"}},{"type":"Feature","geometry":{"type":"Polygon","coordinates":[[[144.74507,-37.82841],[144.74395,-37.82832],[144.74319,-37.82825],[144.73923,-37.8279],[144.7394,-37.82665],[144.73942,-37.82655],[144.73951,-37.82592],[144.73963,-37.82504],[144.73973,-37.82435],[144.74827,-37.82508],[144.74829,-37.82508],[144.74833,-37.82516],[144.7484,-37.82528],[144.74837,-37.82556],[144.74817,-37.8273],[144.74523,-37.82706],[144.74507,-37.82841]]]},"properties":{"cat":"industrial","name":"Link 360 Industrial Estate"}},{"type":"Feature","geometry":{"type":"Polygon","coordinates":[[[144.74664,-37.83878],[144.74682,-37.83745],[144.74718,-37.83478],[144.74415,-37.83454],[144.74027,-37.83421],[144.73915,-37.83411],[144.73842,-37.83404],[144.73837,-37.83439],[144.73813,-37.83619],[144.73786,-37.83819],[144.73785,-37.83828],[144.74467,-37.83887],[144.7453,-37.83889],[144.74617,-37.83896],[144.74651,-37.83889],[144.74664,-37.83878]]]},"properties":{"cat":"industrial","name":"Westside Industrial Estate"}},{"type":"Feature","geometry":{"type":"Polygon","coordinates":[[[144.74754,-37.83208],[144.74743,-37.83207],[144.74535,-37.83189],[144.74452,-37.83182],[144.74383,-37.83176],[144.74349,-37.83174],[144.73878,-37.83134],[144.73923,-37.8279],[144.74319,-37.82825],[144.74395,-37.82832],[144.74507,-37.82841],[144.74773,-37.82861],[144.7477,-37.82884],[144.74749,-37.83044],[144.74739,-37.83114],[144.7473,-37.83181],[144.74745,-37.83192],[144.74755,-37.83199],[144.74754,-37.83208]]]},"properties":{"cat":"industrial","name":"Truganina Logistics Estate"}},{"type":"Feature","geometry":{"type":"Polygon","coordinates":[[[144.75113,-37.80555],[144.74225,-37.80482],[144.74235,-37.80415],[144.74296,-37.80011],[144.75173,-37.80082],[144.75113,-37.80555]]]},"properties":{"cat":"industrial","name":"Axiom Industrial Estate"}},{"type":"Feature","geometry":{"type":"Polygon","coordinates":[[[144.82959,-37.63805],[144.82986,-37.63641],[144.83191,-37.63661],[144.83177,-37.63739],[144.83162,-37.63737],[144.83156,-37.63736],[144.83139,-37.63827],[144.83067,-37.63818],[144.82959,-37.63805]]]},"properties":{"cat":"cemetery","name":"Bulla Cemetery"}},{"type":"Feature","geometry":{"type":"Polygon","coordinates":[[[144.71982,-37.80786],[144.71936,-37.81146],[144.7198,-37.8115],[144.72268,-37.81174],[144.72277,-37.81175],[144.72325,-37.80815],[144.71982,-37.80786]]]},"properties":{"cat":"industrial","name":""}},{"type":"Feature","geometry":{"type":"Polygon","coordinates":[[[144.58855,-37.75622],[144.58615,-37.75597],[144.58592,-37.75625],[144.5857,-37.75641],[144.58544,-37.75651],[144.58436,-37.75677],[144.58412,-37.75798],[144.58461,-37.75817],[144.58505,-37.75846],[144.58553,-37.75899],[144.58577,-37.75914],[144.58613,-37.75946],[144.58712,-37.76033],[144.5874,-37.76108],[144.58772,-37.76111],[144.58855,-37.75622]]]},"properties":{"cat":"industrial","name":"Melton Recycled Water Plant"}},{"type":"Feature","geometry":{"type":"Polygon","coordinates":[[[144.8778,-37.77724],[144.87994,-37.77741],[144.87961,-37.77967],[144.8812,-37.77982],[144.88082,-37.78262],[144.87091,-37.78169],[144.8709,-37.78165],[144.8778,-37.77724]]]},"properties":{"cat":"industrial","name":""}},{"type":"Feature","geometry":{"type":"Polygon","coordinates":[[[144.82934,-37.79589],[144.82937,-37.79673],[144.83021,-37.79682],[144.83036,-37.79675],[144.83056,-37.79668],[144.83095,-37.79673],[144.83126,-37.79694],[144.83251,-37.79792],[144.83279,-37.79863],[144.83256,-37.79899],[144.8326,-37.79908],[144.83297,-37.79931],[144.83271,-37.8007],[144.83262,-37.80076],[144.83255,-37.80113],[144.83261,-37.8013],[144.83291,-37.80197],[144.83369,-37.80293],[144.83369,-37.80292],[144.8337,-37.80286],[144.83444,-37.80279],[144.83458,-37.80281],[144.83521,-37.80276],[144.83652,-37.80268],[144.83721,-37.80259],[144.83738,-37.80256],[144.83867,-37.80233],[144.83888,-37.80231],[144.84339,-37.8028],[144.84296,-37.80219],[144.84263,-37.80174],[144.8425,-37.80155],[144.84086,-37.79938],[144.84061,-37.79906],[144.83957,-37.79786],[144.83881,-37.79698],[144.83616,-37.79668],[144.82934,-37.79589]]]},"properties":{"cat":"industrial","name":""}},{"type":"Feature","geometry":{"type":"Polygon","coordinates":[[[145.14552,-37.78738],[145.14512,-37.78733],[145.14506,-37.7877],[145.14441,-37.78762],[145.14426,-37.78761],[145.14403,-37.78883],[145.14609,-37.78907],[145.14632,-37.78785],[145.14545,-37.78774],[145.14552,-37.78738]]]},"properties":{"cat":"industrial","name":"Kinetic Doncaster Bus Depot"}},{"type":"Feature","geometry":{"type":"Polygon","coordinates":[[[145.21547,-38.01551],[145.21622,-38.01559],[145.21708,-38.01569],[145.21699,-38.01625],[145.21537,-38.01605],[145.21547,-38.01551]]]},"properties":{"cat":"industrial","name":"AWD Spares"}},{"type":"Feature","geometry":{"type":"Polygon","coordinates":[[[145.17705,-38.21916],[145.17739,-38.21783],[145.17786,-38.216],[145.17873,-38.21595],[145.18332,-38.21592],[145.18329,-38.21781],[145.18328,-38.21794],[145.18328,-38.22243],[145.17625,-38.22245],[145.17705,-38.21916]]]},"properties":{"cat":"industrial","name":""}},{"type":"Feature","geometry":{"type":"Polygon","coordinates":[[[144.78757,-37.6015],[144.78768,-37.60017],[144.78676,-37.59939],[144.7821,-37.5977],[144.78094,-37.59634],[144.78033,-37.59518],[144.78022,-37.59415],[144.77971,-37.59229],[144.77979,-37.59113],[144.77911,-37.59061],[144.77793,-37.58979],[144.77699,-37.5895],[144.77557,-37.58976],[144.77489,-37.59063],[144.77428,-37.59173],[144.77306,-37.59209],[144.77524,-37.5946],[144.77544,-37.59542],[144.77499,-37.59632],[144.77461,-37.597],[144.77347,-37.59918],[144.77274,-37.60071],[144.77214,-37.60215],[144.76998,-37.60639],[144.77318,-37.60838],[144.77613,-37.61016],[144.77788,-37.61197],[144.78176,-37.60955],[144.784,-37.60816],[144.78391,-37.60804],[144.78445,-37.60642],[144.78577,-37.60702],[144.78694,-37.60634],[144.78654,-37.60313],[144.78757,-37.6015]]]},"properties":{"cat":"landfill","name":"Hi-Quality Sunbury Eco-Hub"}},{"type":"Feature","geometry":{"type":"Polygon","coordinates":[[[145.13737,-37.95439],[145.13767,-37.95289],[145.13772,-37.95258],[145.13775,-37.95241],[145.13806,-37.95092],[145.13822,-37.95013],[145.1339,-37.94955],[145.13334,-37.95227],[145.13331,-37.95254],[145.13324,-37.95293],[145.13304,-37.95379],[145.13737,-37.95439]]]},"properties":{"cat":"industrial","name":""}},{"type":"Feature","geometry":{"type":"Polygon","coordinates":[[[145.10826,-37.91626],[145.10542,-37.91591],[145.10559,-37.91503],[145.10543,-37.91501],[145.10379,-37.91481],[145.10313,-37.91472],[145.10306,-37.91471],[145.10262,-37.91711],[145.10305,-37.91717],[145.10527,-37.91745],[145.10783,-37.91776],[145.10826,-37.91626]]]},"properties":{"cat":"industrial","name":""}},{"type":"Feature","geometry":{"type":"Polygon","coordinates":[[[145.15511,-37.9449],[145.15783,-37.94524],[145.15675,-37.94427],[145.15648,-37.94403],[145.15604,-37.94358],[145.15528,-37.9435],[145.15508,-37.94443],[145.15523,-37.94442],[145.15511,-37.9449]]]},"properties":{"cat":"industrial","name":""}},{"type":"Feature","geometry":{"type":"Polygon","coordinates":[[[145.14938,-37.94124],[145.152,-37.94154],[145.15148,-37.94449],[145.15307,-37.94469],[145.15315,-37.94424],[145.15348,-37.94428],[145.15315,-37.94626],[145.1512,-37.94602],[145.14913,-37.94577],[145.14855,-37.94526],[145.14896,-37.94328],[145.14904,-37.9431],[145.14938,-37.94124]]]},"properties":{"cat":"industrial","name":""}},{"type":"Feature","geometry":{"type":"Polygon","coordinates":[[[145.24668,-38.01094],[145.24673,-38.01067],[145.24707,-38.01073],[145.24714,-38.01042],[145.24757,-38.01048],[145.24756,-38.01054],[145.24765,-38.01067],[145.24789,-38.01079],[145.24832,-38.01086],[145.24843,-38.01087],[145.24845,-38.0108],[145.24946,-38.01095],[145.25056,-38.00667],[145.24619,-38.00603],[145.24646,-38.00481],[145.24521,-38.00462],[145.24556,-38.00331],[145.24097,-38.00274],[145.24077,-38.00364],[145.23991,-38.00353],[145.23996,-38.00332],[145.23994,-38.00324],[145.24001,-38.0026],[145.23687,-38.00221],[145.23655,-38.00211],[145.23588,-38.00203],[145.23617,-38.00268],[145.23614,-38.00305],[145.23544,-38.00554],[145.2357,-38.00561],[145.23589,-38.00571],[145.23608,-38.0058],[145.23686,-38.00639],[145.23712,-38.00657],[145.2403,-38.00802],[145.24428,-38.00985],[145.2459,-38.01058],[145.24668,-38.01094]]]},"properties":{"cat":"industrial","name":"Dandenong Industrial Estate"}},{"type":"Feature","geometry":{"type":"Polygon","coordinates":[[[145.03287,-37.62416],[145.0325,-37.62383],[145.03255,-37.62352],[145.03298,-37.62357],[145.03287,-37.62416]]]},"properties":{"cat":"industrial","name":"Future AusNet Wollert Zone Substation"}},{"type":"Feature","geometry":{"type":"Polygon","coordinates":[[[145.10795,-37.9531],[145.10739,-37.95491],[145.10738,-37.95566],[145.1078,-37.95635],[145.10814,-37.95667],[145.10904,-37.95671],[145.10976,-37.95671],[145.1105,-37.95639],[145.11128,-37.95614],[145.11164,-37.95566],[145.11155,-37.9545],[145.11181,-37.95375],[145.11219,-37.95304],[145.11187,-37.95256],[145.10842,-37.95218],[145.10814,-37.95234],[145.10795,-37.9531]]]},"properties":{"cat":"landfill","name":""}},{"type":"Feature","geometry":{"type":"Polygon","coordinates":[[[144.88781,-37.73542],[144.88778,-37.73545],[144.88775,-37.73545],[144.88727,-37.73525],[144.88678,-37.73505],[144.88683,-37.73501],[144.88685,-37.73487],[144.88688,-37.73467],[144.88688,-37.73452],[144.88695,-37.73453],[144.88711,-37.73454],[144.88737,-37.73457],[144.88736,-37.73462],[144.88735,-37.73473],[144.88733,-37.73485],[144.88734,-37.73485],[144.8876,-37.73488],[144.8876,-37.73491],[144.88761,-37.73491],[144.88783,-37.73493],[144.88784,-37.73493],[144.88789,-37.73494],[144.88781,-37.73542]]]},"properties":{"cat":"industrial","name":""}},{"type":"Feature","geometry":{"type":"Polygon","coordinates":[[[144.8866,-37.73493],[144.88663,-37.73491],[144.88669,-37.73484],[144.88672,-37.73457],[144.88674,-37.73448],[144.88676,-37.73437],[144.88676,-37.73423],[144.88662,-37.73421],[144.88576,-37.73411],[144.88559,-37.7341],[144.8852,-37.73411],[144.88513,-37.73431],[144.88564,-37.73453],[144.8866,-37.73493]]]},"properties":{"cat":"industrial","name":""}},{"type":"Feature","geometry":{"type":"Polygon","coordinates":[[[144.81269,-37.76826],[144.81222,-37.76835],[144.81224,-37.76843],[144.81111,-37.76865],[144.80884,-37.76872],[144.8059,-37.76809],[144.80475,-37.76779],[144.80481,-37.76861],[144.80471,-37.76919],[144.80432,-37.77117],[144.80421,-37.77172],[144.80415,-37.77204],[144.80408,-37.77243],[144.80475,-37.77257],[144.80456,-37.77368],[144.80499,-37.77378],[144.80526,-37.77384],[144.80691,-37.77405],[144.80784,-37.77415],[144.80789,-37.77415],[144.80928,-37.77432],[144.80976,-37.77438],[144.80975,-37.77442],[144.80988,-37.77444],[144.80986,-37.77452],[144.81439,-37.77508],[144.81469,-37.77511],[144.81745,-37.77544],[144.81866,-37.77558],[144.82045,-37.77581],[144.82053,-37.77582],[144.8219,-37.77598],[144.82272,-37.77608],[144.82353,-37.77618],[144.823,-37.7755],[144.82264,-37.77504],[144.82148,-37.77355],[144.81974,-37.77132],[144.81974,-37.77132],[144.81645,-37.76674],[144.81363,-37.76798],[144.81269,-37.76826]]]},"properties":{"cat":"industrial","name":""}},{"type":"Feature","geometry":{"type":"Polygon","coordinates":[[[144.82566,-37.77578],[144.82567,-37.77567],[144.82585,-37.77465],[144.82584,-37.77456],[144.82587,-37.77431],[144.82593,-37.77432],[144.82593,-37.77429],[144.82597,-37.77407],[144.82597,-37.77404],[144.82609,-37.77341],[144.82609,-37.7733],[144.82604,-37.77314],[144.82595,-37.773],[144.82586,-37.77292],[144.82579,-37.77286],[144.82565,-37.7728],[144.82551,-37.77276],[144.82538,-37.77275],[144.82474,-37.77276],[144.82444,-37.77277],[144.8239,-37.77279],[144.82375,-37.7728],[144.82351,-37.7728],[144.82308,-37.77281],[144.82309,-37.77309],[144.82301,-37.7731],[144.82305,-37.77343],[144.82298,-37.77346],[144.82291,-37.77409],[144.82289,-37.77434],[144.82298,-37.77468],[144.8232,-37.77518],[144.82384,-37.77621],[144.8252,-37.77638],[144.82524,-37.77634],[144.82528,-37.7762],[144.82525,-37.77608],[144.82521,-37.77601],[144.82515,-37.77593],[144.82568,-37.77593],[144.82566,-37.77586],[144.82566,-37.77578]]]},"properties":{"cat":"industrial","name":""}},{"type":"Feature","geometry":{"type":"Polygon","coordinates":[[[144.82558,-37.74138],[144.82585,-37.74172],[144.8261,-37.74204],[144.82661,-37.74178],[144.82663,-37.7418],[144.82664,-37.74182],[144.82867,-37.74074],[144.8284,-37.74055],[144.82785,-37.74038],[144.82766,-37.7404],[144.8271,-37.74],[144.82688,-37.73975],[144.82624,-37.73935],[144.82597,-37.73944],[144.8259,-37.73939],[144.82541,-37.73953],[144.82606,-37.74033],[144.82497,-37.74064],[144.82558,-37.74138]]]},"properties":{"cat":"industrial","name":""}},{"type":"Feature","geometry":{"type":"Polygon","coordinates":[[[145.02241,-37.68328],[145.0232,-37.68338],[145.02372,-37.68344],[145.02509,-37.68359],[145.02616,-37.68371],[145.02856,-37.68398],[145.0285,-37.68436],[145.02847,-37.68452],[145.02886,-37.68457],[145.0288,-37.68485],[145.02875,-37.68515],[145.02856,-37.68607],[145.02769,-37.68608],[145.02695,-37.68608],[145.02556,-37.68609],[145.02191,-37.68579],[145.02201,-37.68539],[145.02241,-37.68328]]]},"properties":{"cat":"industrial","name":""}},{"type":"Feature","geometry":{"type":"Polygon","coordinates":[[[144.96029,-37.70465],[144.96019,-37.70457],[144.96015,-37.70457],[144.95945,-37.70449],[144.95913,-37.70449],[144.95913,-37.70446],[144.95883,-37.70443],[144.95828,-37.70437],[144.95635,-37.70417],[144.95617,-37.70415],[144.95438,-37.70396],[144.95423,-37.70394],[144.95382,-37.70629],[144.95325,-37.70955],[144.95318,-37.70992],[144.95311,-37.71035],[144.95302,-37.71092],[144.95296,-37.71136],[144.95293,-37.71149],[144.95272,-37.71264],[144.95225,-37.71259],[144.95224,-37.71263],[144.95224,-37.71264],[144.95224,-37.71265],[144.95214,-37.7132],[144.95199,-37.71408],[144.95247,-37.71413],[144.95241,-37.71442],[144.95241,-37.71444],[144.95222,-37.71556],[144.95221,-37.7156],[144.9522,-37.71565],[144.9522,-37.71574],[144.95218,-37.71582],[144.95181,-37.71792],[144.95189,-37.71801],[144.95203,-37.71806],[144.95211,-37.71807],[144.95257,-37.71812],[144.95267,-37.71808],[144.95271,-37.71808],[144.95279,-37.71814],[144.95456,-37.71831],[144.95611,-37.71846],[144.96018,-37.71887],[144.96022,-37.71885],[144.96058,-37.71887],[144.96066,-37.71887],[144.9607,-37.71882],[144.96079,-37.71881],[144.96078,-37.71868],[144.96067,-37.71761],[144.9604,-37.71508],[144.96032,-37.71487],[144.96026,-37.71434],[144.96064,-37.71433],[144.96121,-37.71428],[144.96178,-37.71424],[144.96166,-37.7132],[144.96155,-37.7125],[144.96143,-37.71168],[144.9613,-37.71093],[144.96117,-37.71009],[144.96105,-37.70936],[144.96092,-37.70856],[144.96073,-37.70736],[144.96046,-37.70568],[144.96029,-37.70465]]]},"properties":{"cat":"cemetery","name":"Fawkner Memorial Park"}},{"type":"Feature","geometry":{"type":"Polygon","coordinates":[[[145.02508,-37.6574],[145.02468,-37.65709],[145.02468,-37.65706],[145.02469,-37.65702],[145.0245,-37.65682],[145.02427,-37.6566],[145.02422,-37.65662],[145.02306,-37.65753],[145.02235,-37.65805],[145.02194,-37.65847],[145.02075,-37.65973],[145.02496,-37.66016],[145.02542,-37.6602],[145.02547,-37.65993],[145.0255,-37.65977],[145.02553,-37.65961],[145.02555,-37.65947],[145.02553,-37.65945],[145.02554,-37.65942],[145.02556,-37.65928],[145.02559,-37.65911],[145.02558,-37.65911],[145.02562,-37.65893],[145.02564,-37.65893],[145.02568,-37.65874],[145.02566,-37.65874],[145.02569,-37.65855],[145.0257,-37.65855],[145.02573,-37.65837],[145.02574,-37.65837],[145.02578,-37.65811],[145.02555,-37.6579],[145.02532,-37.65767],[145.02525,-37.65757],[145.02508,-37.6574]]]},"properties":{"cat":"industrial","name":""}},{"type":"Feature","geometry":{"type":"Polygon","coordinates":[[[144.85618,-37.67833],[144.85627,-37.67834],[144.85633,-37.67835],[144.85674,-37.67838],[144.85704,-37.6784],[144.85709,-37.67837],[144.8572,-37.67827],[144.85729,-37.6781],[144.85735,-37.67774],[144.8573,-37.67755],[144.85715,-37.67737],[144.85691,-37.6773],[144.85646,-37.67726],[144.85641,-37.67725],[144.85636,-37.67725],[144.85636,-37.67724],[144.85633,-37.67724],[144.8563,-37.6774],[144.85629,-37.67751],[144.85618,-37.67833]]]},"properties":{"cat":"industrial","name":"Europcar Depot"}},{"type":"Feature","geometry":{"type":"Polygon","coordinates":[[[145.13596,-37.83143],[145.13581,-37.83142],[145.13545,-37.83137],[145.13457,-37.83127],[145.13394,-37.83218],[145.13352,-37.83274],[145.1333,-37.83304],[145.13037,-37.83658],[145.12968,-37.83741],[145.12874,-37.83776],[145.12785,-37.8381],[145.12815,-37.83866],[145.12834,-37.83868],[145.12852,-37.83879],[145.12853,-37.83909],[145.12875,-37.83926],[145.12875,-37.83953],[145.12947,-37.83957],[145.13039,-37.83975],[145.13155,-37.83993],[145.13185,-37.83996],[145.13172,-37.84053],[145.13164,-37.84091],[145.13358,-37.84117],[145.13412,-37.84123],[145.13422,-37.84065],[145.13426,-37.84045],[145.13433,-37.84004],[145.13442,-37.84005],[145.13446,-37.83983],[145.13463,-37.83884],[145.13464,-37.83881],[145.13465,-37.83875],[145.13215,-37.83841],[145.13246,-37.83683],[145.13176,-37.83675],[145.13195,-37.8357],[145.13484,-37.83609],[145.13503,-37.83617],[145.1351,-37.83628],[145.13542,-37.83435],[145.13596,-37.83143]]]},"properties":{"cat":"industrial","name":""}},{"type":"Feature","geometry":{"type":"Polygon","coordinates":[[[145.00703,-37.72137],[145.00729,-37.72139],[145.0075,-37.72141],[145.00755,-37.72142],[145.01044,-37.7217],[145.0111,-37.72177],[145.0107,-37.72407],[145.00663,-37.72367],[145.00703,-37.72137]]]},"properties":{"cat":"industrial","name":"Melbourne Water"}},{"type":"Feature","geometry":{"type":"Polygon","coordinates":[[[144.75914,-37.81846],[144.7576,-37.81833],[144.75688,-37.81827],[144.75681,-37.81826],[144.75404,-37.81803],[144.75116,-37.8178],[144.75019,-37.81771],[144.75034,-37.81659],[144.75043,-37.81644],[144.75048,-37.81644],[144.75058,-37.81569],[144.75053,-37.81562],[144.75072,-37.81429],[144.75424,-37.81458],[144.75431,-37.81458],[144.75475,-37.81462],[144.75531,-37.81467],[144.75789,-37.81489],[144.7586,-37.81495],[144.75959,-37.81503],[144.76007,-37.81144],[144.7665,-37.81199],[144.76824,-37.81213],[144.76842,-37.81218],[144.76894,-37.81232],[144.76916,-37.81234],[144.76883,-37.81479],[144.7676,-37.82408],[144.76752,-37.82466],[144.76732,-37.82618],[144.75911,-37.82549],[144.75821,-37.82541],[144.7583,-37.82472],[144.75849,-37.82329],[144.75895,-37.81988],[144.75914,-37.81846]]]},"properties":{"cat":"industrial","name":"Dexus Industrial Estate"}},{"type":"Feature","geometry":{"type":"Polygon","coordinates":[[[144.59396,-37.68351],[144.5942,-37.68364],[144.59439,-37.68377],[144.59447,-37.68383],[144.5947,-37.68395],[144.59715,-37.68581],[144.59433,-37.68756],[144.59418,-37.68784],[144.59386,-37.68844],[144.59381,-37.68854],[144.59312,-37.68845],[144.59222,-37.68832],[144.59212,-37.68831],[144.59059,-37.68837],[144.58792,-37.68847],[144.58632,-37.68853],[144.58559,-37.68856],[144.5853,-37.68857],[144.58556,-37.6871],[144.58586,-37.68681],[144.58736,-37.68676],[144.58841,-37.68672],[144.58867,-37.68671],[144.58863,-37.68629],[144.59188,-37.68616],[144.5919,-37.68546],[144.59215,-37.68524],[144.59242,-37.68516],[144.59304,-37.68515],[144.59344,-37.68433],[144.59396,-37.68351]]]},"properties":{"cat":"industrial","name":""}},{"type":"Feature","geometry":{"type":"Polygon","coordinates":[[[144.59767,-37.68543],[144.59532,-37.68371],[144.59561,-37.68323],[144.59571,-37.68311],[144.5993,-37.68298],[144.59866,-37.6844],[144.59767,-37.68543]]]},"properties":{"cat":"industrial","name":""}},{"type":"Feature","geometry":{"type":"Polygon","coordinates":[[[144.78534,-37.72943],[144.78547,-37.72943],[144.78569,-37.72944],[144.7859,-37.72944],[144.78704,-37.72948],[144.78748,-37.7295],[144.78827,-37.72953],[144.78831,-37.72886],[144.78832,-37.72862],[144.78836,-37.72788],[144.78784,-37.72786],[144.7876,-37.72785],[144.78694,-37.72783],[144.78686,-37.72783],[144.78563,-37.72779],[144.78543,-37.72778],[144.78543,-37.72783],[144.78542,-37.72792],[144.78541,-37.72822],[144.7854,-37.7284],[144.78536,-37.72914],[144.78534,-37.72943]]]},"properties":{"cat":"wastewater","name":"St Albans Reservoir"}},{"type":"Feature","geometry":{"type":"Polygon","coordinates":[[[144.65495,-37.72653],[144.65504,-37.7261],[144.65464,-37.72587],[144.6543,-37.72576],[144.65408,-37.726],[144.65369,-37.72596],[144.65366,-37.72612],[144.65451,-37.72622],[144.65447,-37.72646],[144.65444,-37.72664],[144.65468,-37.72667],[144.65473,-37.72664],[144.65475,-37.72652],[144.65495,-37.72653]]]},"properties":{"cat":"industrial","name":""}},{"type":"Feature","geometry":{"type":"Polygon","coordinates":[[[144.89148,-37.40484],[144.89138,-37.40396],[144.89273,-37.40387],[144.89283,-37.40475],[144.89148,-37.40484]]]},"properties":{"cat":"cemetery","name":"Darraweit Guim Cemetery Reserve"}},{"type":"Feature","geometry":{"type":"Polygon","coordinates":[[[144.75053,-37.70648],[144.75172,-37.70662],[144.75171,-37.70671],[144.75267,-37.70683],[144.75263,-37.70706],[144.75283,-37.70708],[144.75289,-37.70676],[144.75293,-37.70658],[144.75307,-37.70579],[144.75198,-37.70565],[144.75176,-37.70562],[144.75072,-37.7055],[144.75053,-37.70648]]]},"properties":{"cat":"industrial","name":""}},{"type":"Feature","geometry":{"type":"Polygon","coordinates":[[[144.84675,-37.7164],[144.84674,-37.71659],[144.84672,-37.71685],[144.84668,-37.71728],[144.84664,-37.71773],[144.84657,-37.71844],[144.84654,-37.7188],[144.84645,-37.71945],[144.84565,-37.71942],[144.84517,-37.71938],[144.84534,-37.71873],[144.84583,-37.71691],[144.84584,-37.71689],[144.84584,-37.7168],[144.84589,-37.71621],[144.84665,-37.7163],[144.84675,-37.7164]]]},"properties":{"cat":"industrial","name":""}},{"type":"Feature","geometry":{"type":"Polygon","coordinates":[[[144.8646,-37.72771],[144.86515,-37.72803],[144.86528,-37.72807],[144.86603,-37.72823],[144.86669,-37.72836],[144.86728,-37.72844],[144.86762,-37.72849],[144.86815,-37.72852],[144.86815,-37.72853],[144.86821,-37.72854],[144.86848,-37.72695],[144.86847,-37.72693],[144.86626,-37.72644],[144.86611,-37.7264],[144.86618,-37.72601],[144.86532,-37.72693],[144.8646,-37.72771]]]},"properties":{"cat":"industrial","name":""}},{"type":"Feature","geometry":{"type":"Polygon","coordinates":[[[145.1366,-37.9282],[145.14186,-37.92885],[145.14164,-37.93002],[145.14141,-37.93111],[145.14111,-37.93111],[145.13689,-37.93068],[145.13614,-37.93054],[145.1366,-37.9282]]]},"properties":{"cat":"industrial","name":"Robert Bosch Australia Pty Ltd"}},{"type":"Feature","geometry":{"type":"Polygon","coordinates":[[[145.76154,-38.34538],[145.76173,-38.34557],[145.76204,-38.34563],[145.76177,-38.3462],[145.76164,-38.34656],[145.76162,-38.34664],[145.76182,-38.34667],[145.76178,-38.3468],[145.76103,-38.3467],[145.76135,-38.34595],[145.76154,-38.34538]]]},"properties":{"cat":"cemetery","name":"Poowong Cemetery"}},{"type":"Feature","geometry":{"type":"Polygon","coordinates":[[[145.19698,-38.13984],[145.19611,-38.14013],[145.19513,-38.14179],[145.19261,-38.14154],[145.18471,-38.1408],[145.18301,-38.14067],[145.18319,-38.13851],[145.18525,-38.13881],[145.18598,-38.13177],[145.18795,-38.13345],[145.18895,-38.13426],[145.18917,-38.13468],[145.18982,-38.13656],[145.18999,-38.13666],[145.19336,-38.13797],[145.19406,-38.13861],[145.19443,-38.13895],[145.19493,-38.13914],[145.19698,-38.13984]]]},"properties":{"cat":"quarry","name":""}},{"type":"Feature","geometry":{"type":"Polygon","coordinates":[[[145.66365,-38.3411],[145.66381,-38.34049],[145.66272,-38.34074],[145.66258,-38.34135],[145.66365,-38.3411]]]},"properties":{"cat":"cemetery","name":"Nyora Cemetery"}},{"type":"Feature","geometry":{"type":"Polygon","coordinates":[[[145.53911,-38.39576],[145.54003,-38.396],[145.54034,-38.39533],[145.54046,-38.39489],[145.53964,-38.39453],[145.53911,-38.39576]]]},"properties":{"cat":"cemetery","name":"Grantville Cemetery"}},{"type":"Feature","geometry":{"type":"Polygon","coordinates":[[[145.31122,-37.42986],[145.31116,-37.42987],[145.31108,-37.42989],[145.31102,-37.42992],[145.31096,-37.42994],[145.31091,-37.42996],[145.31085,-37.43],[145.31074,-37.43003],[145.31066,-37.43008],[145.31061,-37.43012],[145.31055,-37.43015],[145.31049,-37.43018],[145.31048,-37.43019],[145.3107,-37.4304],[145.3108,-37.43044],[145.31095,-37.43046],[145.31106,-37.43047],[145.31114,-37.43046],[145.31122,-37.43045],[145.31126,-37.43044],[145.31129,-37.43036],[145.31131,-37.43019],[145.31132,-37.4301],[145.31132,-37.43],[145.31132,-37.42993],[145.31131,-37.42989],[145.31128,-37.42986],[145.31122,-37.42986]]]},"properties":{"cat":"quarry","name":""}},{"type":"Feature","geometry":{"type":"Polygon","coordinates":[[[145.02191,-37.68579],[145.01685,-37.68555],[145.01437,-37.68547],[145.01438,-37.68541],[145.01453,-37.68456],[145.01455,-37.68442],[145.01354,-37.68432],[145.01372,-37.68365],[145.01406,-37.68281],[145.01422,-37.68225],[145.01718,-37.68261],[145.02241,-37.68328],[145.02201,-37.68539],[145.02191,-37.68579]]]},"properties":{"cat":"industrial","name":""}},{"type":"Feature","geometry":{"type":"Polygon","coordinates":[[[144.88255,-37.77192],[144.88328,-37.772],[144.88312,-37.77282],[144.88302,-37.77333],[144.88299,-37.7735],[144.88416,-37.77365],[144.88415,-37.77376],[144.8842,-37.77382],[144.88427,-37.77383],[144.88424,-37.77401],[144.88415,-37.77447],[144.88409,-37.77472],[144.88545,-37.77496],[144.88536,-37.77545],[144.88209,-37.77502],[144.88202,-37.77496],[144.88219,-37.77378],[144.88223,-37.77354],[144.88255,-37.77192]]]},"properties":{"cat":"industrial","name":""}},{"type":"Feature","geometry":{"type":"Polygon","coordinates":[[[145.77514,-38.11312],[145.77395,-38.11376],[145.77075,-38.11221],[145.77143,-38.11134],[145.7733,-38.11226],[145.77514,-38.11312]]]},"properties":{"cat":"industrial","name":"Longwarry Food Park"}},{"type":"Feature","geometry":{"type":"Polygon","coordinates":[[[144.96198,-37.75683],[144.96184,-37.75755],[144.96359,-37.75777],[144.96368,-37.75741],[144.96376,-37.75703],[144.96316,-37.75697],[144.96198,-37.75683]]]},"properties":{"cat":"industrial","name":"Brunswick Tram Depot"}},{"type":"Feature","geometry":{"type":"Polygon","coordinates":[[[144.84169,-37.70884],[144.84262,-37.70981],[144.83846,-37.70945],[144.83841,-37.70923],[144.8384,-37.70907],[144.83842,-37.70896],[144.83849,-37.70876],[144.83856,-37.7083],[144.83855,-37.70803],[144.83847,-37.70783],[144.8384,-37.70764],[144.83839,-37.70735],[144.83845,-37.70669],[144.83852,-37.70608],[144.8385,-37.70573],[144.83841,-37.70542],[144.83828,-37.70534],[144.83797,-37.70522],[144.83777,-37.70522],[144.83757,-37.70532],[144.83749,-37.70539],[144.83734,-37.70544],[144.8371,-37.70542],[144.83695,-37.70533],[144.83652,-37.7048],[144.8361,-37.7045],[144.8359,-37.70418],[144.83582,-37.70389],[144.83577,-37.70346],[144.83646,-37.70354],[144.83666,-37.70315],[144.83708,-37.70276],[144.83717,-37.7024],[144.83629,-37.70208],[144.83631,-37.70199],[144.83626,-37.70194],[144.83615,-37.70184],[144.83554,-37.70169],[144.83552,-37.70158],[144.83596,-37.70007],[144.83649,-37.69968],[144.83688,-37.69967],[144.83727,-37.69979],[144.83848,-37.70133],[144.83855,-37.70136],[144.83879,-37.70128],[144.83892,-37.70125],[144.83905,-37.70126],[144.83939,-37.70117],[144.83944,-37.70112],[144.83954,-37.701],[144.83974,-37.70039],[144.8403,-37.7005],[144.84155,-37.70019],[144.84182,-37.70006],[144.8425,-37.69952],[144.84252,-37.69952],[144.8431,-37.69984],[144.84353,-37.70004],[144.84412,-37.70013],[144.84431,-37.70022],[144.84444,-37.7003],[144.84451,-37.70035],[144.8445,-37.70052],[144.84456,-37.70057],[144.84459,-37.70055],[144.8446,-37.70052],[144.84463,-37.70051],[144.84468,-37.70051],[144.84321,-37.70187],[144.84259,-37.70314],[144.84221,-37.704],[144.84169,-37.70884]]]},"properties":{"cat":"industrial","name":"Hanson Concrete Keilor"}},{"type":"Feature","geometry":{"type":"Polygon","coordinates":[[[145.47997,-38.03106],[145.47313,-38.03001],[145.47199,-38.02933],[145.47038,-38.02745],[145.47034,-38.02676],[145.47128,-38.02621],[145.47817,-38.02188],[145.48098,-38.02281],[145.48121,-38.0235],[145.48046,-38.02626],[145.48345,-38.02681],[145.48284,-38.02864],[145.48216,-38.02909],[145.48156,-38.02905],[145.48061,-38.02898],[145.47997,-38.03106]]]},"properties":{"cat":"quarry","name":"Holcim Australia"}},{"type":"Feature","geometry":{"type":"Polygon","coordinates":[[[145.35563,-37.74761],[145.35724,-37.74607],[145.36081,-37.74034],[145.36162,-37.73895],[145.36208,-37.73823],[145.36247,-37.73761],[145.3629,-37.73696],[145.36316,-37.73661],[145.36357,-37.73615],[145.36413,-37.73565],[145.36495,-37.735],[145.36643,-37.73413],[145.35892,-37.73323],[145.35883,-37.73364],[145.35877,-37.73397],[145.35865,-37.73436],[145.3585,-37.73477],[145.35832,-37.73522],[145.3581,-37.73566],[145.35771,-37.73626],[145.3576,-37.73685],[145.35733,-37.73836],[145.35701,-37.73975],[145.35676,-37.74143],[145.35666,-37.74163],[145.35651,-37.74278],[145.35626,-37.74389],[145.35613,-37.7441],[145.3549,-37.74511],[145.35378,-37.74648],[145.35367,-37.74731],[145.35563,-37.74761]]]},"properties":{"cat":"industrial","name":"STP072 Lilydale Sewage Treatment Plant"}},{"type":"Feature","geometry":{"type":"Polygon","coordinates":[[[144.40417,-37.70965],[144.40456,-37.70785],[144.4082,-37.70838],[144.40988,-37.70663],[144.41267,-37.707],[144.41082,-37.71043],[144.40417,-37.70965]]]},"properties":{"cat":"industrial","name":""}},{"type":"Feature","geometry":{"type":"Polygon","coordinates":[[[144.73176,-37.59149],[144.72911,-37.58985],[144.73089,-37.58803],[144.73166,-37.58848],[144.73147,-37.58868],[144.73193,-37.58897],[144.73165,-37.58925],[144.73184,-37.58937],[144.73148,-37.58978],[144.73269,-37.59052],[144.73176,-37.59149]]]},"properties":{"cat":"cemetery","name":"Sunbury Cemetery"}},{"type":"Feature","geometry":{"type":"Polygon","coordinates":[[[144.43643,-38.02702],[144.43649,-38.02709],[144.43612,-38.02726],[144.43606,-38.02719],[144.43643,-38.02702]]]},"properties":{"cat":"industrial","name":"Truck Biocide Spray Facility"}},{"type":"Feature","geometry":{"type":"Polygon","coordinates":[[[145.17969,-37.82345],[145.18109,-37.82345],[145.1811,-37.82624],[145.1796,-37.82621],[145.1796,-37.8259],[145.17969,-37.82345]]]},"properties":{"cat":"industrial","name":""}},{"type":"Feature","geometry":{"type":"Polygon","coordinates":[[[145.23884,-38.04762],[145.23988,-38.04776],[145.24309,-38.04813],[145.24318,-38.04815],[145.24327,-38.04818],[145.24332,-38.04822],[145.24347,-38.04834],[145.24372,-38.0484],[145.24379,-38.04877],[145.24381,-38.04907],[145.24361,-38.05016],[145.2385,-38.04956],[145.23884,-38.04762]]]},"properties":{"cat":"industrial","name":""}},{"type":"Feature","geometry":{"type":"Polygon","coordinates":[[[144.82883,-37.76642],[144.8289,-37.76643],[144.82896,-37.76644],[144.82904,-37.76644],[144.83053,-37.76663],[144.83057,-37.76661],[144.83072,-37.76579],[144.8308,-37.76535],[144.83088,-37.76494],[144.83069,-37.76494],[144.83067,-37.76443],[144.83039,-37.76473],[144.83029,-37.76529],[144.82992,-37.76523],[144.82957,-37.76561],[144.82945,-37.76575],[144.82883,-37.76642]]]},"properties":{"cat":"industrial","name":""}},{"type":"Feature","geometry":{"type":"Polygon","coordinates":[[[144.84487,-37.76669],[144.84523,-37.76673],[144.84561,-37.76677],[144.84577,-37.76679],[144.84697,-37.76692],[144.84665,-37.76672],[144.84632,-37.76651],[144.84615,-37.76642],[144.84593,-37.7663],[144.84566,-37.76616],[144.84506,-37.76599],[144.84499,-37.76603],[144.84487,-37.76669]]]},"properties":{"cat":"industrial","name":""}},{"type":"Feature","geometry":{"type":"Polygon","coordinates":[[[145.24447,-38.07853],[145.24417,-38.07863],[145.24373,-38.07849],[145.24372,-38.07863],[145.24372,-38.07871],[145.24361,-38.07907],[145.2434,-38.0795],[145.24262,-38.08368],[145.24229,-38.08544],[145.24529,-38.08581],[145.24634,-38.08047],[145.24667,-38.07877],[145.24591,-38.07872],[145.24496,-38.0786],[145.24447,-38.07853]]]},"properties":{"cat":"industrial","name":"Thompsons Base Business Park"}},{"type":"Feature","geometry":{"type":"Polygon","coordinates":[[[144.85105,-37.72018],[144.851,-37.72016],[144.85087,-37.72012],[144.84912,-37.71993],[144.84879,-37.7199],[144.84759,-37.71976],[144.84726,-37.71974],[144.84664,-37.71966],[144.84645,-37.71977],[144.84623,-37.71974],[144.84645,-37.71945],[144.84565,-37.71942],[144.84517,-37.71938],[144.84515,-37.71937],[144.84491,-37.71985],[144.84465,-37.72024],[144.84394,-37.72086],[144.84369,-37.72105],[144.84352,-37.72197],[144.84371,-37.72217],[144.84465,-37.72293],[144.84558,-37.72346],[144.84554,-37.7237],[144.84586,-37.72385],[144.84601,-37.72391],[144.84637,-37.7241],[144.84683,-37.72428],[144.84767,-37.72449],[144.84855,-37.72467],[144.84873,-37.72463],[144.84907,-37.72436],[144.84912,-37.72433],[144.84939,-37.7243],[144.84943,-37.72423],[144.84953,-37.72391],[144.84915,-37.72383],[144.84909,-37.72374],[144.84885,-37.7237],[144.84896,-37.72331],[144.84915,-37.72335],[144.84919,-37.72322],[144.84985,-37.72334],[144.84993,-37.72309],[144.85,-37.72284],[144.85053,-37.72136],[144.85062,-37.72116],[144.85068,-37.72102],[144.85075,-37.72087],[144.85081,-37.72075],[144.85091,-37.72057],[144.85101,-37.72045],[144.85107,-37.72035],[144.8511,-37.72029],[144.85108,-37.72023],[144.85105,-37.72018]]]},"properties":{"cat":"industrial","name":""}},{"type":"Feature","geometry":{"type":"Polygon","coordinates":[[[144.66227,-37.44507],[144.66201,-37.4462],[144.66351,-37.44643],[144.66377,-37.4453],[144.66227,-37.44507]]]},"properties":{"cat":"cemetery","name":"Riddells Creek Cemetery"}},{"type":"Feature","geometry":{"type":"Polygon","coordinates":[[[144.95519,-37.53038],[144.95495,-37.53168],[144.95346,-37.53151],[144.95349,-37.53135],[144.95369,-37.53021],[144.95519,-37.53038]]]},"properties":{"cat":"cemetery","name":"Kalkallo Cemetery"}},{"type":"Feature","geometry":{"type":"Polygon","coordinates":[[[145.38733,-38.12551],[145.38734,-38.12549],[145.38727,-38.12542],[145.38709,-38.12552],[145.38691,-38.1255],[145.38663,-38.12547],[145.38646,-38.1254],[145.38615,-38.12525],[145.38596,-38.12519],[145.38564,-38.12516],[145.38546,-38.1251],[145.38535,-38.12502],[145.38531,-38.12494],[145.38538,-38.12486],[145.38533,-38.1248],[145.38558,-38.12464],[145.38576,-38.12461],[145.3877,-38.12486],[145.38792,-38.12499],[145.38744,-38.12549],[145.38733,-38.12551]]]},"properties":{"cat":"industrial","name":"Desalination Booster Pump Station"}},{"type":"Feature","geometry":{"type":"Polygon","coordinates":[[[144.83248,-37.70219],[144.83236,-37.70295],[144.83249,-37.70297],[144.8325,-37.70291],[144.83289,-37.70295],[144.83297,-37.70306],[144.83423,-37.70281],[144.8343,-37.70241],[144.83248,-37.70219]]]},"properties":{"cat":"industrial","name":""}},{"type":"Feature","geometry":{"type":"Polygon","coordinates":[[[144.75072,-37.81429],[144.75424,-37.81458],[144.75431,-37.81458],[144.75475,-37.81462],[144.75531,-37.81467],[144.75789,-37.81489],[144.7586,-37.81495],[144.75959,-37.81503],[144.76007,-37.81144],[144.75915,-37.81136],[144.75147,-37.8107],[144.75135,-37.81069],[144.75114,-37.81085],[144.75109,-37.81122],[144.75072,-37.81429]]]},"properties":{"cat":"industrial","name":"Mangana Industrial Estate"}},{"type":"Feature","geometry":{"type":"Polygon","coordinates":[[[144.74245,-37.78498],[144.74207,-37.78852],[144.74303,-37.78942],[144.74735,-37.78971],[144.74747,-37.78706],[144.74726,-37.78569],[144.7462,-37.78522],[144.74616,-37.78527],[144.74605,-37.78522],[144.74562,-37.78503],[144.74538,-37.78492],[144.74542,-37.78487],[144.7454,-37.78486],[144.74245,-37.78498]]]},"properties":{"cat":"prison","name":"Ravenhall Prison"}},{"type":"Feature","geometry":{"type":"Polygon","coordinates":[[[144.74322,-37.80992],[144.74281,-37.81295],[144.74268,-37.81393],[144.74244,-37.81578],[144.7363,-37.81525],[144.73636,-37.81479],[144.73584,-37.81475],[144.73582,-37.81475],[144.73184,-37.81441],[144.73235,-37.81059],[144.73251,-37.80947],[144.73316,-37.8095],[144.73375,-37.8095],[144.73434,-37.80949],[144.73451,-37.80947],[144.73468,-37.80941],[144.73476,-37.80938],[144.73481,-37.80938],[144.73552,-37.80936],[144.73631,-37.80935],[144.73707,-37.80941],[144.73707,-37.80941],[144.7389,-37.80956],[144.74104,-37.80974],[144.74322,-37.80992]]]},"properties":{"cat":"industrial","name":"West Industry Park"}},{"type":"Feature","geometry":{"type":"Polygon","coordinates":[[[144.74042,-37.78376],[144.74318,-37.78402],[144.74371,-37.78406],[144.74377,-37.78405],[144.74394,-37.78407],[144.74516,-37.78418],[144.74545,-37.78221],[144.74433,-37.7814],[144.74304,-37.78128],[144.74276,-37.78112],[144.7427,-37.78112],[144.7427,-37.78114],[144.74246,-37.78114],[144.74246,-37.78117],[144.7424,-37.78117],[144.74226,-37.78117],[144.74225,-37.78098],[144.74215,-37.78098],[144.74183,-37.78114],[144.73988,-37.78093],[144.73949,-37.78369],[144.74042,-37.78376]]]},"properties":{"cat":"prison","name":"Dame Phyllis Frost Centre"}},{"type":"Feature","geometry":{"type":"Polygon","coordinates":[[[144.74387,-37.79432],[144.74626,-37.79411],[144.74677,-37.79407],[144.74694,-37.79405],[144.74856,-37.79392],[144.74922,-37.79386],[144.74781,-37.79054],[144.74447,-37.79024],[144.74387,-37.79432]]]},"properties":{"cat":"prison","name":"Metropolitan Remand Centre"}},{"type":"Feature","geometry":{"type":"Polygon","coordinates":[[[144.85657,-37.72818],[144.85663,-37.72789],[144.85704,-37.72797],[144.85701,-37.7281],[144.85693,-37.72856],[144.85681,-37.72929],[144.85637,-37.72924],[144.85657,-37.72818]]]},"properties":{"cat":"industrial","name":""}},{"type":"Feature","geometry":{"type":"Polygon","coordinates":[[[144.85078,-37.73329],[144.85088,-37.733],[144.85091,-37.73297],[144.85095,-37.73273],[144.85099,-37.73265],[144.85106,-37.7326],[144.85141,-37.73262],[144.85185,-37.73264],[144.85208,-37.73265],[144.85207,-37.7327],[144.85199,-37.73317],[144.85201,-37.73318],[144.85219,-37.73319],[144.85213,-37.73346],[144.85248,-37.7335],[144.85299,-37.73354],[144.853,-37.73354],[144.85114,-37.73495],[144.85019,-37.7354],[144.85017,-37.7353],[144.85029,-37.7347],[144.85034,-37.73447],[144.85037,-37.73443],[144.8504,-37.73437],[144.85043,-37.73431],[144.85076,-37.7337],[144.85084,-37.73331],[144.85078,-37.73329]]]},"properties":{"cat":"industrial","name":""}},{"type":"Feature","geometry":{"type":"Polygon","coordinates":[[[144.79425,-37.70147],[144.79477,-37.70104],[144.79654,-37.70236],[144.79663,-37.7023],[144.79697,-37.70203],[144.79699,-37.70201],[144.79703,-37.70196],[144.79706,-37.70191],[144.79709,-37.70185],[144.79718,-37.7016],[144.79676,-37.70151],[144.7968,-37.70139],[144.79677,-37.70138],[144.79677,-37.70138],[144.79675,-37.70138],[144.79671,-37.70137],[144.79669,-37.70136],[144.79668,-37.70136],[144.79666,-37.70135],[144.79662,-37.70135],[144.79671,-37.7011],[144.79671,-37.70105],[144.794,-37.70046],[144.7939,-37.70054],[144.79347,-37.7009],[144.79425,-37.70147]]]},"properties":{"cat":"industrial","name":""}},{"type":"Feature","geometry":{"type":"Polygon","coordinates":[[[144.88753,-37.82587],[144.88741,-37.82632],[144.888,-37.82639],[144.88799,-37.82646],[144.88887,-37.82656],[144.88892,-37.82654],[144.88901,-37.82604],[144.88814,-37.82595],[144.88753,-37.82587]]]},"properties":{"cat":"industrial","name":"Socobell OEM Pty Ltd"}},{"type":"Feature","geometry":{"type":"Polygon","coordinates":[[[144.84797,-37.71778],[144.84794,-37.71842],[144.8479,-37.71888],[144.84783,-37.71955],[144.84741,-37.71953],[144.84727,-37.71952],[144.84684,-37.7195],[144.84675,-37.71941],[144.84669,-37.71936],[144.84672,-37.71901],[144.84686,-37.71767],[144.84688,-37.71767],[144.84694,-37.71767],[144.847,-37.71769],[144.84703,-37.71769],[144.84797,-37.71778]]]},"properties":{"cat":"industrial","name":""}},{"type":"Feature","geometry":{"type":"Polygon","coordinates":[[[145.12787,-37.69201],[145.12792,-37.692],[145.12844,-37.69188],[145.12833,-37.69156],[145.12831,-37.69157],[145.12811,-37.69161],[145.12805,-37.69143],[145.12782,-37.69148],[145.12789,-37.69168],[145.12777,-37.69171],[145.12787,-37.69201]]]},"properties":{"cat":"cemetery","name":"St Helena Cemetery"}},{"type":"Feature","geometry":{"type":"Polygon","coordinates":[[[144.83093,-37.8261],[144.83024,-37.82616],[144.83,-37.82622],[144.82979,-37.82628],[144.82972,-37.82631],[144.82966,-37.82636],[144.82962,-37.82641],[144.82958,-37.82654],[144.82938,-37.82743],[144.83061,-37.82808],[144.83093,-37.8261]]]},"properties":{"cat":"industrial","name":"FBT Transwest"}},{"type":"Feature","geometry":{"type":"Polygon","coordinates":[[[145.20975,-38.04418],[145.21095,-38.04484],[145.21148,-38.04514],[145.21325,-38.04551],[145.2133,-38.04536],[145.21345,-38.04491],[145.21381,-38.04307],[145.21445,-38.03981],[145.21074,-38.03935],[145.20975,-38.04418]]]},"properties":{"cat":"industrial","name":""}},{"type":"Feature","geometry":{"type":"Polygon","coordinates":[[[144.98174,-37.68804],[144.9826,-37.68288],[144.97394,-37.68188],[144.97246,-37.68365],[144.97368,-37.68427],[144.97379,-37.68428],[144.97345,-37.68745],[144.98174,-37.68821],[144.98174,-37.68804]]]},"properties":{"cat":"quarry","name":"Boral Quarry Thomastown"}},{"type":"Feature","geometry":{"type":"Polygon","coordinates":[[[144.97358,-37.69025],[144.97931,-37.68968],[144.98161,-37.68908],[144.98253,-37.68833],[144.97345,-37.68745],[144.97375,-37.68495],[144.97379,-37.68428],[144.97246,-37.68365],[144.97193,-37.68437],[144.97177,-37.68514],[144.97174,-37.6866],[144.97128,-37.68725],[144.9713,-37.68817],[144.97148,-37.68837],[144.97227,-37.68845],[144.97333,-37.6886],[144.97393,-37.68918],[144.97389,-37.68949],[144.97358,-37.69025]]]},"properties":{"cat":"industrial","name":""}},{"type":"Feature","geometry":{"type":"Polygon","coordinates":[[[145.26702,-37.93892],[145.26691,-37.93934],[145.26651,-37.94016],[145.26609,-37.94045],[145.2664,-37.94108],[145.26586,-37.94382],[145.26518,-37.94516],[145.26454,-37.94507],[145.2638,-37.94519],[145.26323,-37.94519],[145.26229,-37.94511],[145.26109,-37.94477],[145.26093,-37.94449],[145.26046,-37.94415],[145.25985,-37.94395],[145.25969,-37.94379],[145.25953,-37.94368],[145.25995,-37.9431],[145.2599,-37.94267],[145.25981,-37.94222],[145.25944,-37.94188],[145.25911,-37.94159],[145.25905,-37.94143],[145.25978,-37.9408],[145.26012,-37.94043],[145.26036,-37.93993],[145.26039,-37.93971],[145.26068,-37.93961],[145.26132,-37.93942],[145.26166,-37.93911],[145.262,-37.93875],[145.26226,-37.93854],[145.26251,-37.93841],[145.26357,-37.93851],[145.26391,-37.93885],[145.26407,-37.93923],[145.26419,-37.93913],[145.26454,-37.93855],[145.26444,-37.93822],[145.26421,-37.93789],[145.26394,-37.93756],[145.26316,-37.93723],[145.26334,-37.93695],[145.2625,-37.93635],[145.26182,-37.93596],[145.26112,-37.93574],[145.26093,-37.93613],[145.26053,-37.93624],[145.25992,-37.9361],[145.26051,-37.9325],[145.26181,-37.93295],[145.26332,-37.93358],[145.26458,-37.93399],[145.26495,-37.9341],[145.26364,-37.93512],[145.26648,-37.93644],[145.26655,-37.93669],[145.26734,-37.93728],[145.26702,-37.93892]]]},"properties":{"cat":"quarry","name":"Hanson Quarry"}},{"type":"Feature","geometry":{"type":"Polygon","coordinates":[[[145.31885,-37.94622],[145.31713,-37.94438],[145.31916,-37.94172],[145.32167,-37.94403],[145.31885,-37.94622]]]},"properties":{"cat":"landfill","name":"Lysterfield Waste Transfer Station"}},{"type":"Feature","geometry":{"type":"Polygon","coordinates":[[[145.35541,-37.92684],[145.3556,-37.92696],[145.35583,-37.92671],[145.35568,-37.92631],[145.35541,-37.92684]]]},"properties":{"cat":"industrial","name":"Belgrave Heights and  South Fire Station"}},{"type":"Feature","geometry":{"type":"Polygon","coordinates":[[[145.13871,-38.04243],[145.13736,-38.03999],[145.13694,-38.03927],[145.13668,-38.03933],[145.13549,-38.03973],[145.13723,-38.04285],[145.13871,-38.04243]]]},"properties":{"cat":"industrial","name":""}},{"type":"Feature","geometry":{"type":"Polygon","coordinates":[[[144.94684,-38.35253],[144.94693,-38.35262],[144.94707,-38.35265],[144.9472,-38.35261],[144.94726,-38.35252],[144.94732,-38.35243],[144.94733,-38.35238],[144.94733,-38.35231],[144.9473,-38.35231],[144.94725,-38.35236],[144.94722,-38.35244],[144.94714,-38.35249],[144.94701,-38.35252],[144.9469,-38.35253],[144.94684,-38.35253]]]},"properties":{"cat":"quarry","name":"Old quarry"}},{"type":"Feature","geometry":{"type":"Polygon","coordinates":[[[145.14019,-37.7168],[145.14097,-37.71689],[145.14111,-37.7169],[145.14157,-37.7169],[145.14212,-37.71684],[145.14211,-37.71689],[145.14201,-37.71747],[145.142,-37.7175],[145.142,-37.71752],[145.14023,-37.71731],[145.14019,-37.71731],[145.14018,-37.7173],[145.14016,-37.7173],[145.14015,-37.71729],[145.14014,-37.71728],[145.14013,-37.71726],[145.14012,-37.71725],[145.14012,-37.71723],[145.14012,-37.71721],[145.14019,-37.7168]]]},"properties":{"cat":"industrial","name":""}},{"type":"Feature","geometry":{"type":"Polygon","coordinates":[[[145.1371,-37.71498],[145.1371,-37.71507],[145.13708,-37.71549],[145.13706,-37.71584],[145.13715,-37.71586],[145.13733,-37.7159],[145.13745,-37.71593],[145.13752,-37.71596],[145.13762,-37.71599],[145.13771,-37.71604],[145.13781,-37.71609],[145.13788,-37.71613],[145.13794,-37.71616],[145.13797,-37.71618],[145.13802,-37.71622],[145.13811,-37.71628],[145.13805,-37.71659],[145.13799,-37.71688],[145.13798,-37.71694],[145.13798,-37.71696],[145.13798,-37.71697],[145.13798,-37.71698],[145.13799,-37.717],[145.13801,-37.71702],[145.13802,-37.71704],[145.13804,-37.71705],[145.13806,-37.71706],[145.13809,-37.71706],[145.13812,-37.71707],[145.13827,-37.71709],[145.13833,-37.71709],[145.13839,-37.71709],[145.13849,-37.7171],[145.13884,-37.71715],[145.13927,-37.7172],[145.1395,-37.71723],[145.13957,-37.71724],[145.13965,-37.71725],[145.13994,-37.71728],[145.13997,-37.71728],[145.14,-37.71727],[145.14001,-37.71726],[145.14002,-37.71724],[145.14002,-37.71722],[145.14002,-37.71721],[145.14002,-37.71719],[145.14002,-37.71717],[145.14004,-37.71704],[145.14006,-37.71696],[145.14006,-37.71694],[145.14006,-37.71693],[145.14006,-37.71692],[145.14006,-37.71691],[145.14006,-37.71689],[145.14008,-37.71677],[145.1401,-37.71676],[145.14006,-37.71675],[145.13995,-37.71671],[145.13977,-37.71665],[145.13959,-37.71657],[145.13942,-37.71649],[145.13928,-37.71642],[145.1391,-37.71631],[145.13856,-37.71593],[145.13828,-37.71574],[145.13825,-37.71572],[145.1378,-37.71541],[145.13733,-37.71509],[145.13726,-37.71505],[145.13722,-37.71503],[145.13719,-37.71502],[145.13718,-37.71501],[145.1371,-37.71498]]]},"properties":{"cat":"industrial","name":""}},{"type":"Feature","geometry":{"type":"Polygon","coordinates":[[[145.13805,-37.72173],[145.13806,-37.72173],[145.13807,-37.72173],[145.1381,-37.72171],[145.13825,-37.72172],[145.1383,-37.72173],[145.13836,-37.72173],[145.13862,-37.72174],[145.13868,-37.72174],[145.13875,-37.72175],[145.13915,-37.7218],[145.13932,-37.72182],[145.13942,-37.72185],[145.13942,-37.72185],[145.13943,-37.72185],[145.13943,-37.72185],[145.13944,-37.72185],[145.13946,-37.72184],[145.14011,-37.72192],[145.14012,-37.72192],[145.1402,-37.72194],[145.14022,-37.72195],[145.14023,-37.72195],[145.14024,-37.72194],[145.14025,-37.72193],[145.14026,-37.72193],[145.14026,-37.72193],[145.14037,-37.72195],[145.14041,-37.72196],[145.14044,-37.72196],[145.14054,-37.72199],[145.14061,-37.722],[145.14068,-37.72201],[145.14088,-37.72204],[145.1409,-37.72204],[145.14093,-37.72204],[145.14095,-37.72204],[145.14098,-37.72203],[145.14099,-37.72202],[145.14101,-37.722],[145.14102,-37.72198],[145.14103,-37.72196],[145.14134,-37.72019],[145.14135,-37.72013],[145.14147,-37.71945],[145.14151,-37.71934],[145.14152,-37.71933],[145.14149,-37.71932],[145.14144,-37.71932],[145.14127,-37.7193],[145.14127,-37.71925],[145.141,-37.71922],[145.14084,-37.7192],[145.14047,-37.71924],[145.14047,-37.71925],[145.14043,-37.71925],[145.14006,-37.7192],[145.13988,-37.71918],[145.13982,-37.71918],[145.13981,-37.71917],[145.13969,-37.71916],[145.13966,-37.71916],[145.13965,-37.71916],[145.13951,-37.71914],[145.13932,-37.71912],[145.13914,-37.71909],[145.13895,-37.71907],[145.13896,-37.71902],[145.13894,-37.71902],[145.13851,-37.71897],[145.1385,-37.71908],[145.13834,-37.72],[145.13833,-37.72004],[145.13852,-37.72006],[145.13838,-37.72079],[145.13838,-37.7208],[145.13832,-37.7208],[145.13824,-37.72079],[145.13805,-37.72077],[145.13805,-37.72163],[145.13805,-37.72173]]]},"properties":{"cat":"industrial","name":"Eltham Industrial Estate"}},{"type":"Feature","geometry":{"type":"Polygon","coordinates":[[[145.1105,-37.71214],[145.11052,-37.71242],[145.11067,-37.71242],[145.11085,-37.71239],[145.11099,-37.71236],[145.11128,-37.7124],[145.11183,-37.71226],[145.11202,-37.71272],[145.11203,-37.71276],[145.11196,-37.71278],[145.1121,-37.71289],[145.11225,-37.71277],[145.11202,-37.71221],[145.11217,-37.71218],[145.11237,-37.71269],[145.11284,-37.71235],[145.11288,-37.71234],[145.11293,-37.71247],[145.11374,-37.71228],[145.11376,-37.71227],[145.11381,-37.71221],[145.11384,-37.71218],[145.11385,-37.71217],[145.11386,-37.71217],[145.11387,-37.71217],[145.11389,-37.71217],[145.11393,-37.71217],[145.11395,-37.71217],[145.11397,-37.71217],[145.114,-37.71218],[145.11401,-37.71218],[145.11403,-37.71219],[145.11407,-37.71221],[145.11393,-37.712],[145.11382,-37.71185],[145.11378,-37.71178],[145.11374,-37.71171],[145.11371,-37.71165],[145.11369,-37.71159],[145.11368,-37.71154],[145.11368,-37.71149],[145.11368,-37.71145],[145.11368,-37.7114],[145.11369,-37.71135],[145.1137,-37.71131],[145.11372,-37.71127],[145.11373,-37.71123],[145.11375,-37.71119],[145.11378,-37.71115],[145.11379,-37.71112],[145.1138,-37.71109],[145.1138,-37.71107],[145.11379,-37.71104],[145.11377,-37.711],[145.11376,-37.71096],[145.11373,-37.7109],[145.11365,-37.71072],[145.11354,-37.71045],[145.1135,-37.71038],[145.11346,-37.71031],[145.11341,-37.71024],[145.11334,-37.71014],[145.11316,-37.7099],[145.11305,-37.70976],[145.11297,-37.70965],[145.11287,-37.70954],[145.11275,-37.7094],[145.11258,-37.70922],[145.11249,-37.70912],[145.11239,-37.70902],[145.11229,-37.70891],[145.11217,-37.70881],[145.11204,-37.70869],[145.11189,-37.70855],[145.11168,-37.70837],[145.11137,-37.7081],[145.11069,-37.70751],[145.11068,-37.70752],[145.11067,-37.70752],[145.1105,-37.70764],[145.11028,-37.70803],[145.11019,-37.70824],[145.1102,-37.70839],[145.11034,-37.70855],[145.11099,-37.70903],[145.11103,-37.70932],[145.111,-37.70949],[145.11108,-37.70961],[145.11135,-37.70942],[145.11145,-37.70962],[145.11205,-37.71034],[145.11232,-37.71082],[145.11255,-37.71117],[145.1123,-37.71146],[145.11165,-37.71166],[145.11148,-37.71177],[145.11145,-37.71168],[145.11106,-37.71185],[145.11083,-37.71193],[145.11086,-37.71199],[145.1105,-37.71214]]]},"properties":{"cat":"industrial","name":""}},{"type":"Feature","geometry":{"type":"Polygon","coordinates":[[[144.88656,-37.72441],[144.88649,-37.72478],[144.88668,-37.7248],[144.8866,-37.72531],[144.8864,-37.72529],[144.88633,-37.72573],[144.88748,-37.72586],[144.88742,-37.7263],[144.8876,-37.72632],[144.8876,-37.72635],[144.8875,-37.72682],[144.88767,-37.72684],[144.8876,-37.72728],[144.88758,-37.72739],[144.88775,-37.7274],[144.88769,-37.72782],[144.88836,-37.72789],[144.88857,-37.72791],[144.88859,-37.72807],[144.88853,-37.72839],[144.8897,-37.72854],[144.88964,-37.72906],[144.88979,-37.72908],[144.88973,-37.72947],[144.89,-37.7295],[144.89012,-37.72953],[144.89088,-37.72486],[144.88656,-37.72441]]]},"properties":{"cat":"industrial","name":""}},{"type":"Feature","geometry":{"type":"Polygon","coordinates":[[[144.922,-37.82469],[144.92339,-37.82442],[144.92337,-37.82395],[144.9239,-37.82394],[144.92408,-37.8245],[144.92421,-37.82494],[144.92428,-37.82517],[144.92447,-37.82578],[144.92468,-37.82645],[144.9249,-37.82717],[144.92485,-37.82724],[144.92303,-37.82759],[144.92287,-37.82751],[144.922,-37.82469]]]},"properties":{"cat":"industrial","name":"Bega Foods (Bega Cheese Ltd)"}},{"type":"Feature","geometry":{"type":"Polygon","coordinates":[[[144.98429,-37.64776],[144.98383,-37.64771],[144.98334,-37.64766],[144.98288,-37.64767],[144.98255,-37.64764],[144.98262,-37.64808],[144.98259,-37.64824],[144.98247,-37.64891],[144.98233,-37.64974],[144.98233,-37.64975],[144.98244,-37.64976],[144.98249,-37.64977],[144.98278,-37.6498],[144.98282,-37.6498],[144.98302,-37.64982],[144.98325,-37.64985],[144.98342,-37.64987],[144.98399,-37.64993],[144.98403,-37.6499],[144.98419,-37.64979],[144.98441,-37.64846],[144.98445,-37.64823],[144.98446,-37.64789],[144.9844,-37.64785],[144.98429,-37.64776]]]},"properties":{"cat":"industrial","name":"Biodiversity Business Park"}},{"type":"Feature","geometry":{"type":"Polygon","coordinates":[[[144.46984,-38.061],[144.4848,-38.06245],[144.49083,-38.06309],[144.49109,-38.06431],[144.48996,-38.07251],[144.48993,-38.07271],[144.48834,-38.07801],[144.48212,-38.07793],[144.47986,-38.07666],[144.47722,-38.07611],[144.47581,-38.07595],[144.46757,-38.07331],[144.46819,-38.07027],[144.46984,-38.061]]]},"properties":{"cat":"industrial","name":"Western Treatment Plant"}},{"type":"Feature","geometry":{"type":"Polygon","coordinates":[[[144.80963,-37.8096],[144.8169,-37.81025],[144.81775,-37.81033],[144.81781,-37.80999],[144.81783,-37.80994],[144.81792,-37.80942],[144.81815,-37.80807],[144.81825,-37.80747],[144.8168,-37.80743],[144.81505,-37.80738],[144.80992,-37.80722],[144.8098,-37.80784],[144.80963,-37.8096]]]},"properties":{"cat":"industrial","name":""}},{"type":"Feature","geometry":{"type":"Polygon","coordinates":[[[144.98118,-37.65619],[144.98158,-37.65661],[144.983,-37.65675],[144.98481,-37.65695],[144.98503,-37.65752],[144.98505,-37.65752],[144.98741,-37.65778],[144.98759,-37.65752],[144.98803,-37.65556],[144.98853,-37.65229],[144.98862,-37.65184],[144.98571,-37.65153],[144.98434,-37.65138],[144.98389,-37.65133],[144.98388,-37.65133],[144.98349,-37.65129],[144.98298,-37.65123],[144.98209,-37.65114],[144.98194,-37.65169],[144.98164,-37.6534],[144.98156,-37.65377],[144.98151,-37.654],[144.98128,-37.65534],[144.98118,-37.65619]]]},"properties":{"cat":"quarry","name":""}},{"type":"Feature","geometry":{"type":"Polygon","coordinates":[[[144.68977,-37.54491],[144.68988,-37.5449],[144.69227,-37.54473],[144.69409,-37.54696],[144.69566,-37.54844],[144.69725,-37.54686],[144.69972,-37.54914],[144.69875,-37.55021],[144.69907,-37.55059],[144.69877,-37.55091],[144.69836,-37.55067],[144.6966,-37.55252],[144.69437,-37.55048],[144.69253,-37.54873],[144.69045,-37.54676],[144.68977,-37.54491]]]},"properties":{"cat":"industrial","name":"Greater Western Water"}},{"type":"Feature","geometry":{"type":"Polygon","coordinates":[[[144.67302,-37.55366],[144.67523,-37.55409],[144.67695,-37.55474],[144.6792,-37.55142],[144.67976,-37.54991],[144.67993,-37.54948],[144.68326,-37.54928],[144.68455,-37.5498],[144.68573,-37.54951],[144.68733,-37.54931],[144.68764,-37.54744],[144.69012,-37.54732],[144.69003,-37.54856],[144.68948,-37.55189],[144.68845,-37.55338],[144.68825,-37.55403],[144.68848,-37.55542],[144.68776,-37.55564],[144.68661,-37.55639],[144.68521,-37.55841],[144.68418,-37.55836],[144.68311,-37.55945],[144.68236,-37.55975],[144.67987,-37.55948],[144.67504,-37.55844],[144.67266,-37.55484],[144.67302,-37.55366]]]},"properties":{"cat":"landfill","name":"Sunbury Landfill and Recycling Centre"}},{"type":"Feature","geometry":{"type":"Polygon","coordinates":[[[144.78721,-37.61913],[144.78627,-37.62034],[144.78919,-37.62321],[144.79151,-37.6255],[144.79194,-37.62533],[144.79216,-37.62518],[144.79286,-37.62454],[144.79327,-37.62415],[144.79535,-37.62328],[144.7953,-37.62309],[144.79808,-37.62153],[144.79896,-37.62038],[144.79955,-37.61912],[144.79703,-37.61853],[144.7948,-37.618],[144.79188,-37.61731],[144.7915,-37.6183],[144.78977,-37.61792],[144.7896,-37.6184],[144.78784,-37.61835],[144.78721,-37.61913]]]},"properties":{"cat":"landfill","name":"Bulla Tip and Quarry"}},{"type":"Feature","geometry":{"type":"Polygon","coordinates":[[[144.73734,-37.59468],[144.73732,-37.59446],[144.7371,-37.59455],[144.73682,-37.59435],[144.73732,-37.59404],[144.73781,-37.59406],[144.73897,-37.59434],[144.73954,-37.5949],[144.74007,-37.59495],[144.74124,-37.59456],[144.74189,-37.59447],[144.7426,-37.5939],[144.74515,-37.59514],[144.74533,-37.59543],[144.74516,-37.59583],[144.74396,-37.59601],[144.74334,-37.59583],[144.74279,-37.59582],[144.74232,-37.59592],[144.7422,-37.59606],[144.74221,-37.59636],[144.74123,-37.59693],[144.74091,-37.59721],[144.74079,-37.59743],[144.73935,-37.59776],[144.73881,-37.5978],[144.738,-37.59727],[144.7376,-37.5963],[144.73699,-37.59577],[144.73697,-37.59505],[144.73734,-37.59468]]]},"properties":{"cat":"wastewater","name":"Sunbury Recycled Water Plant"}},{"type":"Feature","geometry":{"type":"Polygon","coordinates":[[[145.3043,-38.03206],[145.30405,-38.03321],[145.3054,-38.03339],[145.30562,-38.03222],[145.30474,-38.0321],[145.3043,-38.03206]]]},"properties":{"cat":"industrial","name":""}},{"type":"Feature","geometry":{"type":"Polygon","coordinates":[[[145.30482,-38.0317],[145.3057,-38.03181],[145.30573,-38.03164],[145.30569,-38.03134],[145.30519,-38.03124],[145.30505,-38.03122],[145.30471,-38.03115],[145.3047,-38.03121],[145.30463,-38.03157],[145.30441,-38.03155],[145.3043,-38.03206],[145.30474,-38.0321],[145.30482,-38.0317]]]},"properties":{"cat":"industrial","name":""}},{"type":"Feature","geometry":{"type":"Polygon","coordinates":[[[144.98484,-37.64795],[144.98496,-37.64787],[144.98554,-37.64793],[144.98562,-37.64795],[144.98585,-37.64799],[144.98601,-37.64801],[144.9861,-37.64801],[144.98622,-37.64801],[144.98627,-37.64801],[144.98631,-37.64802],[144.98628,-37.64815],[144.98623,-37.64845],[144.9862,-37.64863],[144.98611,-37.64912],[144.98607,-37.64937],[144.98594,-37.65013],[144.9859,-37.65013],[144.9858,-37.65011],[144.98512,-37.65004],[144.98506,-37.65003],[144.98489,-37.65002],[144.98471,-37.64995],[144.98456,-37.6498],[144.98454,-37.64971],[144.98458,-37.64945],[144.98459,-37.6494],[144.98462,-37.64924],[144.98463,-37.64919],[144.98464,-37.64913],[144.98464,-37.6491],[144.98474,-37.64857],[144.98475,-37.64848],[144.98475,-37.64846],[144.98476,-37.64841],[144.98477,-37.64836],[144.98479,-37.64823],[144.98479,-37.64822],[144.98479,-37.64821],[144.98484,-37.64795]]]},"properties":{"cat":"industrial","name":"Biodiversity Business Park"}},{"type":"Feature","geometry":{"type":"Polygon","coordinates":[[[144.94636,-37.60658],[144.94697,-37.60661],[144.94912,-37.60666],[144.95088,-37.60651],[144.95052,-37.60585],[144.94985,-37.60435],[144.94947,-37.60328],[144.94667,-37.60357],[144.94654,-37.60358],[144.94669,-37.60465],[144.94665,-37.60529],[144.94636,-37.60658]]]},"properties":{"cat":"wastewater","name":""}},{"type":"Feature","geometry":{"type":"Polygon","coordinates":[[[144.94667,-37.60357],[144.94947,-37.60328],[144.94934,-37.6027],[144.94903,-37.60061],[144.94891,-37.60024],[144.94776,-37.60006],[144.94738,-37.6],[144.94668,-37.59992],[144.94644,-37.59989],[144.94603,-37.59983],[144.94599,-37.59988],[144.94607,-37.60037],[144.94613,-37.6004],[144.94622,-37.60085],[144.94667,-37.60357]]]},"properties":{"cat":"industrial","name":""}},{"type":"Feature","geometry":{"type":"Polygon","coordinates":[[[144.94502,-37.60265],[144.94378,-37.60272],[144.94361,-37.6026],[144.94344,-37.60255],[144.94337,-37.60254],[144.94333,-37.60261],[144.94292,-37.60347],[144.94255,-37.60438],[144.94231,-37.60538],[144.94204,-37.60643],[144.94211,-37.60644],[144.94223,-37.60645],[144.94457,-37.60671],[144.94463,-37.60698],[144.94516,-37.60668],[144.9454,-37.60655],[144.94502,-37.60265]]]},"properties":{"cat":"industrial","name":""}},{"type":"Feature","geometry":{"type":"Polygon","coordinates":[[[144.9447,-37.60809],[144.94364,-37.60818],[144.94332,-37.60821],[144.94265,-37.60786],[144.9418,-37.60797],[144.94162,-37.60881],[144.94145,-37.60961],[144.94505,-37.60899],[144.9447,-37.60809]]]},"properties":{"cat":"industrial","name":""}},{"type":"Feature","geometry":{"type":"Polygon","coordinates":[[[145.00082,-37.43833],[145.00186,-37.43259],[144.99608,-37.43195],[144.9948,-37.4318],[144.99313,-37.44134],[145.00019,-37.44211],[145.00082,-37.43833]]]},"properties":{"cat":"wastewater","name":"Wallan STP"}},{"type":"Feature","geometry":{"type":"Polygon","coordinates":[[[144.99438,-37.79705],[144.99458,-37.79707],[144.99461,-37.79708],[144.99466,-37.79708],[144.99452,-37.79795],[144.99448,-37.79794],[144.99437,-37.79793],[144.99428,-37.79793],[144.99406,-37.79791],[144.99404,-37.79791],[144.99404,-37.7979],[144.99406,-37.79778],[144.99409,-37.79756],[144.99411,-37.79745],[144.99416,-37.79714],[144.99418,-37.79706],[144.99429,-37.79707],[144.99438,-37.79705]]]},"properties":{"cat":"industrial","name":"Heidelberg Materials Australia"}},{"type":"Feature","geometry":{"type":"Polygon","coordinates":[[[145.20925,-38.02154],[145.20963,-38.02158],[145.20929,-38.02301],[145.20895,-38.02297],[145.20925,-38.02154]]]},"properties":{"cat":"industrial","name":""}},{"type":"Feature","geometry":{"type":"Polygon","coordinates":[[[144.97769,-37.4621],[144.97863,-37.46221],[144.97995,-37.46233],[144.97925,-37.46669],[144.97769,-37.46643],[144.9773,-37.46893],[144.97679,-37.46888],[144.97671,-37.46932],[144.97657,-37.4693],[144.97649,-37.4693],[144.9773,-37.46457],[144.97769,-37.4621]]]},"properties":{"cat":"quarry","name":""}},{"type":"Feature","geometry":{"type":"Polygon","coordinates":[[[144.75272,-37.83253],[144.75088,-37.83238],[144.75065,-37.83236],[144.75002,-37.83231],[144.74811,-37.83215],[144.74754,-37.83734],[144.74742,-37.83845],[144.74736,-37.83901],[144.74748,-37.83911],[144.75178,-37.83953],[144.75204,-37.8375],[144.75272,-37.83253]]]},"properties":{"cat":"industrial","name":"Truganina Business Park"}},{"type":"Feature","geometry":{"type":"Polygon","coordinates":[[[144.74967,-37.82038],[144.74978,-37.82042],[144.7508,-37.8205],[144.75116,-37.8178],[144.75404,-37.81803],[144.75681,-37.81826],[144.75688,-37.81827],[144.7576,-37.81833],[144.75914,-37.81846],[144.75895,-37.81988],[144.75849,-37.82329],[144.7583,-37.82472],[144.75821,-37.82541],[144.74977,-37.8247],[144.74931,-37.82465],[144.74919,-37.82423],[144.74927,-37.82338],[144.74956,-37.82196],[144.74993,-37.82184],[144.74996,-37.82157],[144.74962,-37.82137],[144.74967,-37.82038]]]},"properties":{"cat":"industrial","name":"Midwest Logistics Hub"}},{"type":"Feature","geometry":{"type":"Polygon","coordinates":[[[144.40859,-37.70019],[144.40855,-37.70062],[144.4082,-37.70093],[144.40815,-37.70133],[144.4084,-37.70193],[144.40811,-37.7023],[144.40697,-37.70245],[144.40679,-37.70266],[144.40711,-37.70402],[144.40742,-37.70466],[144.40692,-37.70516],[144.40669,-37.70553],[144.40711,-37.70625],[144.40737,-37.70677],[144.4069,-37.70763],[144.40456,-37.70785],[144.40417,-37.70965],[144.4106,-37.71042],[144.41316,-37.70629],[144.41363,-37.70538],[144.41354,-37.70511],[144.41276,-37.70282],[144.4129,-37.70184],[144.41284,-37.70067],[144.40859,-37.70019]]]},"properties":{"cat":"quarry","name":""}},{"type":"Feature","geometry":{"type":"Polygon","coordinates":[[[144.9752,-37.64731],[144.97575,-37.64731],[144.97715,-37.64727],[144.97793,-37.64724],[144.97845,-37.64722],[144.98008,-37.64736],[144.98153,-37.6475],[144.98185,-37.64756],[144.98188,-37.64848],[144.98166,-37.64968],[144.98164,-37.64977],[144.98162,-37.64987],[144.9816,-37.65002],[144.98157,-37.65016],[144.9815,-37.65059],[144.98142,-37.65104],[144.98142,-37.65106],[144.98142,-37.65107],[144.98138,-37.65122],[144.98083,-37.65448],[144.98036,-37.65532],[144.98027,-37.65589],[144.98013,-37.6567],[144.98011,-37.65681],[144.97711,-37.65649],[144.97615,-37.65647],[144.9754,-37.65571],[144.97618,-37.65458],[144.9759,-37.6536],[144.97509,-37.65272],[144.97526,-37.65208],[144.97661,-37.65058],[144.97667,-37.64933],[144.97616,-37.64864],[144.9752,-37.64731]]]},"properties":{"cat":"industrial","name":"Biodiversity Business Park"}},{"type":"Feature","geometry":{"type":"Polygon","coordinates":[[[145.12155,-37.56833],[145.12353,-37.56825],[145.1228,-37.57076],[145.12108,-37.57072],[145.12132,-37.56955],[145.12155,-37.56833]]]},"properties":{"cat":"industrial","name":"Melbourne Water Yan Yean Pumping Station"}},{"type":"Feature","geometry":{"type":"Polygon","coordinates":[[[145.01415,-37.64623],[145.014,-37.64718],[145.0139,-37.64723],[145.01304,-37.64714],[145.01297,-37.64707],[145.01263,-37.64704],[145.01253,-37.6471],[145.01231,-37.64708],[145.01228,-37.64706],[145.0125,-37.64575],[145.01273,-37.64428],[145.01283,-37.64371],[145.01293,-37.64365],[145.01298,-37.64337],[145.01356,-37.64343],[145.01438,-37.64351],[145.0147,-37.6439],[145.01486,-37.6441],[145.01508,-37.64441],[145.01524,-37.64473],[145.01534,-37.64514],[145.01539,-37.64601],[145.0153,-37.64677],[145.01519,-37.64753],[145.01504,-37.64849],[145.01405,-37.6484],[145.01422,-37.64734],[145.01453,-37.64544],[145.01428,-37.64543],[145.01421,-37.64592],[145.01412,-37.64596],[145.01384,-37.64593],[145.01377,-37.64586],[145.01343,-37.64583],[145.01338,-37.64615],[145.01371,-37.64618],[145.01381,-37.64614],[145.01409,-37.64616],[145.01415,-37.64623]]]},"properties":{"cat":"industrial","name":""}},{"type":"Feature","geometry":{"type":"Polygon","coordinates":[[[144.95506,-37.59785],[144.95856,-37.60025],[144.96399,-37.60123],[144.96605,-37.59759],[144.96702,-37.59093],[144.96671,-37.58681],[144.97144,-37.58683],[144.96991,-37.57932],[144.96934,-37.57841],[144.9644,-37.57814],[144.9641,-37.58],[144.96103,-37.58102],[144.96099,-37.5827],[144.95787,-37.58244],[144.9592,-37.58493],[144.9589,-37.58596],[144.96015,-37.58646],[144.95882,-37.58884],[144.95985,-37.58999],[144.95717,-37.5939],[144.95506,-37.59785]]]},"properties":{"cat":"quarry","name":""}},{"type":"Feature","geometry":{"type":"Polygon","coordinates":[[[144.95204,-37.62995],[144.95175,-37.62997],[144.95097,-37.63019],[144.9508,-37.63172],[144.95182,-37.63182],[144.95204,-37.62995]]]},"properties":{"cat":"industrial","name":""}},{"type":"Feature","geometry":{"type":"Polygon","coordinates":[[[144.9508,-37.63172],[144.94994,-37.63161],[144.94984,-37.63119],[144.94948,-37.63083],[144.94946,-37.63061],[144.95097,-37.63019],[144.9508,-37.63172]]]},"properties":{"cat":"industrial","name":""}},{"type":"Feature","geometry":{"type":"Polygon","coordinates":[[[144.95451,-37.62526],[144.95463,-37.62426],[144.95283,-37.62387],[144.95206,-37.62337],[144.95081,-37.62325],[144.95097,-37.62416],[144.95096,-37.62421],[144.95237,-37.62438],[144.95226,-37.62499],[144.95366,-37.62516],[144.95451,-37.62526]]]},"properties":{"cat":"industrial","name":""}},{"type":"Feature","geometry":{"type":"Polygon","coordinates":[[[144.59831,-37.94347],[144.59529,-37.94515],[144.5951,-37.9455],[144.5952,-37.94573],[144.59536,-37.94601],[144.59534,-37.94644],[144.59473,-37.94686],[144.59443,-37.94726],[144.59406,-37.94742],[144.59358,-37.94744],[144.59327,-37.94762],[144.59377,-37.94834],[144.59645,-37.94689],[144.59982,-37.94503],[144.59831,-37.94347]]]},"properties":{"cat":"industrial","name":""}},{"type":"Feature","geometry":{"type":"Polygon","coordinates":[[[145.1138,-37.51901],[145.11578,-37.51927],[145.11626,-37.51699],[145.11627,-37.51559],[145.11459,-37.51538],[145.1138,-37.51901]]]},"properties":{"cat":"industrial","name":""}},{"type":"Feature","geometry":{"type":"Polygon","coordinates":[[[144.95439,-37.69124],[144.95458,-37.68932],[144.95605,-37.68947],[144.95628,-37.69046],[144.95646,-37.69117],[144.95447,-37.6913],[144.95439,-37.69124]]]},"properties":{"cat":"industrial","name":"DIY Auto Parts"}},{"type":"Feature","geometry":{"type":"Polygon","coordinates":[[[144.95419,-37.69132],[144.95445,-37.6913],[144.95439,-37.69124],[144.95458,-37.68932],[144.95374,-37.68924],[144.95356,-37.69017],[144.95407,-37.6909],[144.95419,-37.69132]]]},"properties":{"cat":"industrial","name":""}},{"type":"Feature","geometry":{"type":"Polygon","coordinates":[[[144.95401,-37.69162],[144.95184,-37.69175],[144.94954,-37.6919],[144.94974,-37.69071],[144.9512,-37.69086],[144.95108,-37.68898],[144.952,-37.68908],[144.95208,-37.68913],[144.9521,-37.68913],[144.95211,-37.68917],[144.95247,-37.68921],[144.95258,-37.68917],[144.95267,-37.68916],[144.95279,-37.68917],[144.95338,-37.6892],[144.95314,-37.6902],[144.95366,-37.69087],[144.95385,-37.6911],[144.95401,-37.69162]]]},"properties":{"cat":"industrial","name":""}},{"type":"Feature","geometry":{"type":"Polygon","coordinates":[[[144.97229,-37.55794],[144.97304,-37.55391],[144.97365,-37.55067],[144.97368,-37.55048],[144.97382,-37.54971],[144.98087,-37.55055],[144.9794,-37.55849],[144.97255,-37.55794],[144.97254,-37.55796],[144.97229,-37.55794]]]},"properties":{"cat":"quarry","name":""}},{"type":"Feature","geometry":{"type":"Polygon","coordinates":[[[144.97623,-37.55134],[144.97625,-37.55054],[144.97519,-37.55042],[144.97497,-37.55112],[144.97623,-37.55134]]]},"properties":{"cat":"industrial","name":""}},{"type":"Feature","geometry":{"type":"Polygon","coordinates":[[[144.99435,-37.57977],[144.99455,-37.57869],[144.99471,-37.57871],[144.99474,-37.57857],[144.99482,-37.57791],[144.99484,-37.57781],[144.99343,-37.57768],[144.99324,-37.57891],[144.99283,-37.57892],[144.99266,-37.57953],[144.99316,-37.57966],[144.99435,-37.57977]]]},"properties":{"cat":"industrial","name":""}},{"type":"Feature","geometry":{"type":"Polygon","coordinates":[[[144.99474,-37.57857],[144.99538,-37.57862],[144.99552,-37.57796],[144.99482,-37.57791],[144.99474,-37.57857]]]},"properties":{"cat":"industrial","name":""}},{"type":"Feature","geometry":{"type":"Polygon","coordinates":[[[145.10758,-37.59818],[145.10702,-37.5966],[145.10869,-37.5961],[145.10875,-37.59488],[145.11021,-37.59493],[145.11115,-37.59302],[145.11328,-37.59366],[145.11048,-37.59727],[145.11041,-37.59735],[145.10998,-37.59791],[145.10758,-37.59818]]]},"properties":{"cat":"industrial","name":""}},{"type":"Feature","geometry":{"type":"Polygon","coordinates":[[[145.00587,-37.74292],[145.00686,-37.74305],[145.00676,-37.74364],[145.00673,-37.74396],[145.00731,-37.74402],[145.0073,-37.74403],[145.00725,-37.74408],[145.00714,-37.74421],[145.00685,-37.74456],[145.00676,-37.74456],[145.00671,-37.74454],[145.0066,-37.74468],[145.00658,-37.74467],[145.00638,-37.74457],[145.00639,-37.74454],[145.00599,-37.74436],[145.00599,-37.74403],[145.00599,-37.744],[145.00607,-37.74351],[145.00598,-37.74349],[145.00587,-37.74338],[145.00578,-37.74337],[145.0058,-37.74327],[145.00587,-37.74292]]]},"properties":{"cat":"industrial","name":"East Preston Tram Depot"}},{"type":"Feature","geometry":{"type":"Polygon","coordinates":[[[145.09387,-37.66693],[145.09456,-37.66689],[145.09429,-37.66731],[145.09441,-37.66785],[145.09492,-37.66842],[145.09459,-37.66871],[145.09329,-37.66785],[145.09336,-37.66732],[145.09387,-37.66693]]]},"properties":{"cat":"quarry","name":""}},{"type":"Feature","geometry":{"type":"Polygon","coordinates":[[[145.21228,-38.00513],[145.21586,-38.00554],[145.21574,-38.00618],[145.21257,-38.00581],[145.21254,-38.00593],[145.21212,-38.00588],[145.21228,-38.00513]]]},"properties":{"cat":"industrial","name":"Fulton Hogan"}},{"type":"Feature","geometry":{"type":"Polygon","coordinates":[[[145.21242,-38.01238],[145.21217,-38.01372],[145.21259,-38.01377],[145.2125,-38.01422],[145.21271,-38.01424],[145.2128,-38.0138],[145.21348,-38.01388],[145.21357,-38.01344],[145.21338,-38.01341],[145.21355,-38.0125],[145.21242,-38.01238]]]},"properties":{"cat":"industrial","name":"Jollys U Pull It"}},{"type":"Feature","geometry":{"type":"Polygon","coordinates":[[[145.40063,-38.05992],[145.40253,-38.05985],[145.40268,-38.05917],[145.4001,-38.05869],[145.39996,-38.05921],[145.40026,-38.05926],[145.40063,-38.05992]]]},"properties":{"cat":"industrial","name":"Berwick Potteries"}},{"type":"Feature","geometry":{"type":"Polygon","coordinates":[[[144.9859,-37.65033],[144.98463,-37.65019],[144.98448,-37.65031],[144.9844,-37.6505],[144.98432,-37.65089],[144.9844,-37.65102],[144.98434,-37.65138],[144.98571,-37.65153],[144.9859,-37.65033]]]},"properties":{"cat":"industrial","name":"Biodiversity Business Park"}},{"type":"Feature","geometry":{"type":"Polygon","coordinates":[[[144.9823,-37.64994],[144.98389,-37.65011],[144.98407,-37.65021],[144.98414,-37.65032],[144.98405,-37.65086],[144.98395,-37.65097],[144.98393,-37.65106],[144.9839,-37.65124],[144.98389,-37.65133],[144.98388,-37.65133],[144.98349,-37.65129],[144.98298,-37.65123],[144.98209,-37.65114],[144.9823,-37.64994]]]},"properties":{"cat":"industrial","name":"Biodiversity Business Park"}},{"type":"Feature","geometry":{"type":"Polygon","coordinates":[[[144.98848,-37.65183],[144.98571,-37.65153],[144.9859,-37.65033],[144.9859,-37.65033],[144.98594,-37.65014],[144.98594,-37.65013],[144.98607,-37.64937],[144.98611,-37.64912],[144.9862,-37.64863],[144.98623,-37.64845],[144.98628,-37.64815],[144.98631,-37.64802],[144.98906,-37.64834],[144.98868,-37.65037],[144.98866,-37.65054],[144.98848,-37.65183]]]},"properties":{"cat":"industrial","name":"Epping Logistics Estate"}},{"type":"Feature","geometry":{"type":"Polygon","coordinates":[[[145.55735,-38.26787],[145.55881,-38.26728],[145.55782,-38.2658],[145.55655,-38.26659],[145.55735,-38.26787]]]},"properties":{"cat":"industrial","name":""}},{"type":"Feature","geometry":{"type":"Polygon","coordinates":[[[144.9462,-37.77892],[144.94517,-37.7788],[144.94435,-37.77884],[144.94278,-37.77865],[144.94324,-37.77613],[144.9472,-37.77662],[144.94711,-37.77717],[144.94717,-37.77718],[144.94708,-37.77767],[144.9468,-37.77764],[144.9468,-37.77767],[144.9467,-37.77766],[144.94666,-37.77768],[144.94661,-37.7779],[144.94636,-37.77806],[144.94641,-37.7781],[144.94632,-37.77853],[144.9462,-37.77892]]]},"properties":{"cat":"prison","name":"Parkville Youth Justice Precinct"}},{"type":"Feature","geometry":{"type":"Polygon","coordinates":[[[144.77826,-37.77048],[144.77839,-37.76945],[144.77861,-37.76783],[144.78384,-37.76842],[144.78419,-37.76829],[144.78435,-37.76939],[144.78619,-37.76978],[144.78629,-37.76993],[144.78558,-37.77135],[144.78551,-37.77136],[144.78214,-37.77095],[144.78053,-37.77075],[144.78046,-37.77074],[144.77981,-37.77066],[144.77826,-37.77048]]]},"properties":{"cat":"industrial","name":""}},{"type":"Feature","geometry":{"type":"Polygon","coordinates":[[[145.18,-38.00504],[145.17934,-38.00856],[145.18125,-38.00878],[145.18088,-38.01074],[145.18193,-38.01068],[145.18201,-38.01059],[145.18248,-38.0106],[145.18253,-38.01073],[145.18262,-38.0108],[145.18431,-38.01084],[145.18717,-38.01067],[145.18874,-38.00714],[145.18878,-38.00674],[145.18896,-38.00527],[145.1882,-38.00392],[145.18724,-38.0038],[145.18689,-38.00552],[145.18358,-38.00505],[145.18354,-38.00522],[145.18121,-38.00493],[145.18117,-38.00518],[145.18,-38.00504]]]},"properties":{"cat":"industrial","name":""}},{"type":"Feature","geometry":{"type":"Polygon","coordinates":[[[144.56369,-38.17965],[144.56363,-38.17882],[144.56353,-38.17891],[144.56328,-38.17895],[144.56287,-38.17903],[144.56298,-38.17963],[144.56369,-38.17965]]]},"properties":{"cat":"industrial","name":""}},{"type":"Feature","geometry":{"type":"Polygon","coordinates":[[[145.25668,-37.44774],[145.25691,-37.44785],[145.25708,-37.44792],[145.25716,-37.44797],[145.25721,-37.44803],[145.25725,-37.44811],[145.25725,-37.44816],[145.25722,-37.44822],[145.25717,-37.44829],[145.25702,-37.44833],[145.25693,-37.44837],[145.25683,-37.44837],[145.25669,-37.44837],[145.25666,-37.44835],[145.25658,-37.4483],[145.25649,-37.44819],[145.25644,-37.44806],[145.25641,-37.44796],[145.25641,-37.44785],[145.25645,-37.44773],[145.25668,-37.44774]]]},"properties":{"cat":"quarry","name":"Old quarry"}},{"type":"Feature","geometry":{"type":"Polygon","coordinates":[[[144.89341,-37.82848],[144.89227,-37.82834],[144.89251,-37.82698],[144.89273,-37.82708],[144.89284,-37.82694],[144.89362,-37.82731],[144.89341,-37.82848]]]},"properties":{"cat":"industrial","name":"Toll"}},{"type":"Feature","geometry":{"type":"Polygon","coordinates":[[[145.18919,-38.02792],[145.18918,-38.02905],[145.18916,-38.03002],[145.18915,-38.03072],[145.18911,-38.03077],[145.18908,-38.0309],[145.18905,-38.03091],[145.18901,-38.03093],[145.18873,-38.03141],[145.18863,-38.03191],[145.18801,-38.03509],[145.18671,-38.03451],[145.18571,-38.0337],[145.18487,-38.03302],[145.1857,-38.03258],[145.18629,-38.0323],[145.18652,-38.03198],[145.18708,-38.03109],[145.18779,-38.02774],[145.18801,-38.02775],[145.18919,-38.02792]]]},"properties":{"cat":"industrial","name":""}},{"type":"Feature","geometry":{"type":"Polygon","coordinates":[[[145.22411,-38.06069],[145.23108,-38.06155],[145.22959,-38.06902],[145.2228,-38.06812],[145.22411,-38.06069]]]},"properties":{"cat":"cemetery","name":"Melbourne Chevra Kadisha Lyndhurst Cemetery"}},{"type":"Feature","geometry":{"type":"Polygon","coordinates":[[[144.56695,-37.83418],[144.58367,-37.8394],[144.58824,-37.83746],[144.59203,-37.83637],[144.59213,-37.83263],[144.58707,-37.8319],[144.57612,-37.8307],[144.57124,-37.83049],[144.56695,-37.83418]]]},"properties":{"cat":"quarry","name":"Mountain View Quarry Wyndham Vale"}},{"type":"Feature","geometry":{"type":"Polygon","coordinates":[[[145.06951,-37.64472],[145.07101,-37.64479],[145.07074,-37.64786],[145.07031,-37.64784],[145.06995,-37.64782],[145.07008,-37.64616],[145.0694,-37.64612],[145.06951,-37.64472]]]},"properties":{"cat":"industrial","name":""}},{"type":"Feature","geometry":{"type":"Polygon","coordinates":[[[145.2362,-37.68098],[145.23595,-37.68225],[145.2377,-37.68246],[145.23795,-37.68119],[145.2362,-37.68098]]]},"properties":{"cat":"cemetery","name":"Kangaroo Ground Cemetery"}},{"type":"Feature","geometry":{"type":"Polygon","coordinates":[[[144.89435,-37.82253],[144.8944,-37.82223],[144.8953,-37.82233],[144.89525,-37.82264],[144.89507,-37.82262],[144.89496,-37.82324],[144.89549,-37.8233],[144.8953,-37.82428],[144.89528,-37.82437],[144.89249,-37.82405],[144.89254,-37.82374],[144.89296,-37.82378],[144.89303,-37.82337],[144.89407,-37.82347],[144.89419,-37.82338],[144.89435,-37.82253]]]},"properties":{"cat":"industrial","name":""}},{"type":"Feature","geometry":{"type":"Polygon","coordinates":[[[144.8551,-37.82588],[144.85521,-37.82521],[144.85524,-37.82498],[144.85585,-37.82497],[144.85744,-37.82492],[144.85738,-37.82528],[144.85733,-37.82557],[144.85728,-37.82559],[144.85727,-37.82563],[144.85726,-37.82566],[144.85731,-37.8257],[144.85724,-37.82611],[144.8551,-37.82588]]]},"properties":{"cat":"industrial","name":"Department of Environment and Primary Industries"}},{"type":"Feature","geometry":{"type":"Polygon","coordinates":[[[144.89926,-37.81781],[144.89949,-37.81637],[144.89995,-37.81642],[144.90127,-37.81657],[144.90109,-37.81757],[144.90108,-37.81764],[144.901,-37.81763],[144.90094,-37.81799],[144.8999,-37.81788],[144.89926,-37.81781]]]},"properties":{"cat":"industrial","name":"IXOM Yarraville Plant"}},{"type":"Feature","geometry":{"type":"Polygon","coordinates":[[[144.90094,-37.81799],[144.90156,-37.81806],[144.90138,-37.81918],[144.90236,-37.81929],[144.90239,-37.81914],[144.90259,-37.81916],[144.90262,-37.81898],[144.9035,-37.81909],[144.90339,-37.81982],[144.90409,-37.81987],[144.90403,-37.82024],[144.8989,-37.81966],[144.89926,-37.81781],[144.90094,-37.81799]]]},"properties":{"cat":"industrial","name":"Gyprock CSR"}},{"type":"Feature","geometry":{"type":"Polygon","coordinates":[[[144.90094,-37.81799],[144.90156,-37.81806],[144.90138,-37.81918],[144.90236,-37.81929],[144.90239,-37.81914],[144.90259,-37.81916],[144.90262,-37.81898],[144.9035,-37.81909],[144.90339,-37.81982],[144.90409,-37.81987],[144.90403,-37.82024],[144.90527,-37.82037],[144.90536,-37.82035],[144.90549,-37.82037],[144.90575,-37.81907],[144.90564,-37.81906],[144.90565,-37.81893],[144.90556,-37.81893],[144.90555,-37.81874],[144.90552,-37.81868],[144.90551,-37.81861],[144.90552,-37.81853],[144.90551,-37.81843],[144.9055,-37.81839],[144.90548,-37.81834],[144.90544,-37.81829],[144.90543,-37.81827],[144.90542,-37.81823],[144.90543,-37.81819],[144.90543,-37.81816],[144.90542,-37.81813],[144.9054,-37.8181],[144.90535,-37.81808],[144.90531,-37.81807],[144.90504,-37.81805],[144.9051,-37.81764],[144.90297,-37.81742],[144.90291,-37.81776],[144.90109,-37.81757],[144.90108,-37.81764],[144.901,-37.81763],[144.90094,-37.81799]]]},"properties":{"cat":"industrial","name":"Sugar Australia"}},{"type":"Feature","geometry":{"type":"Polygon","coordinates":[[[144.90367,-37.82166],[144.90068,-37.82133],[144.90062,-37.82132],[144.90057,-37.82129],[144.90047,-37.82128],[144.90044,-37.82125],[144.90058,-37.82044],[144.89881,-37.82023],[144.8989,-37.81976],[144.89988,-37.81987],[144.90224,-37.82014],[144.90351,-37.82028],[144.90437,-37.82037],[144.90395,-37.82128],[144.90388,-37.8214],[144.90383,-37.82149],[144.90376,-37.82157],[144.90367,-37.82166]]]},"properties":{"cat":"industrial","name":"Independent Steel Cement"}},{"type":"Feature","geometry":{"type":"Polygon","coordinates":[[[144.89336,-37.83846],[144.89308,-37.83949],[144.88843,-37.83897],[144.88826,-37.83896],[144.88822,-37.83903],[144.88425,-37.83862],[144.88461,-37.83719],[144.88513,-37.83525],[144.88885,-37.83564],[144.88854,-37.83757],[144.89139,-37.83785],[144.8916,-37.83818],[144.89274,-37.8383],[144.89336,-37.83846]]]},"properties":{"cat":"industrial","name":"Viva Energy Australia Newport Terminal"}},{"type":"Feature","geometry":{"type":"Polygon","coordinates":[[[144.87047,-37.85501],[144.87001,-37.85496],[144.86956,-37.85491],[144.86809,-37.85476],[144.86754,-37.8543],[144.86818,-37.85053],[144.86824,-37.8502],[144.86833,-37.84967],[144.87021,-37.84988],[144.87015,-37.85027],[144.87012,-37.8504],[144.87011,-37.85045],[144.8701,-37.85056],[144.86984,-37.8521],[144.86983,-37.85212],[144.8715,-37.8523],[144.87102,-37.85507],[144.87047,-37.85501]]]},"properties":{"cat":"industrial","name":"Williams Point"}},{"type":"Feature","geometry":{"type":"Polygon","coordinates":[[[144.87602,-37.85134],[144.87609,-37.85122],[144.87637,-37.8509],[144.87659,-37.85068],[144.87675,-37.85055],[144.87605,-37.85011],[144.87598,-37.85011],[144.87576,-37.85041],[144.87535,-37.85106],[144.87602,-37.85134]]]},"properties":{"cat":"industrial","name":"Boral Asphalt"}},{"type":"Feature","geometry":{"type":"Polygon","coordinates":[[[145.02554,-37.79212],[145.02551,-37.79228],[145.02799,-37.79256],[145.02742,-37.79358],[145.02857,-37.79389],[145.02852,-37.79404],[145.02863,-37.79406],[145.02962,-37.79424],[145.03075,-37.79445],[145.03108,-37.79311],[145.02979,-37.79288],[145.02985,-37.79246],[145.02922,-37.79218],[145.02864,-37.7921],[145.02833,-37.7922],[145.02554,-37.79212]]]},"properties":{"cat":"industrial","name":""}},{"type":"Feature","geometry":{"type":"Polygon","coordinates":[[[145.22577,-38.05361],[145.22541,-38.05544],[145.22549,-38.05577],[145.22549,-38.05599],[145.22527,-38.05639],[145.23079,-38.05698],[145.23129,-38.05412],[145.22902,-38.05387],[145.2282,-38.05373],[145.22616,-38.05351],[145.22577,-38.05361]]]},"properties":{"cat":"industrial","name":""}},{"type":"Feature","geometry":{"type":"Polygon","coordinates":[[[144.83369,-37.81021],[144.83342,-37.81015],[144.83291,-37.81007],[144.83208,-37.81001],[144.83151,-37.80993],[144.83155,-37.80975],[144.83167,-37.80957],[144.83204,-37.80918],[144.83272,-37.80862],[144.83331,-37.80805],[144.83386,-37.80747],[144.83404,-37.80749],[144.83393,-37.80783],[144.83411,-37.808],[144.83426,-37.80818],[144.83446,-37.8083],[144.83466,-37.80839],[144.83477,-37.80856],[144.83491,-37.80885],[144.83505,-37.80917],[144.83517,-37.80938],[144.83514,-37.80963],[144.83507,-37.80997],[144.83487,-37.81034],[144.83369,-37.81021]]]},"properties":{"cat":"industrial","name":"Recycling Plant Brooklyn"}},{"type":"Feature","geometry":{"type":"Polygon","coordinates":[[[144.83404,-37.80749],[144.83558,-37.80765],[144.8356,-37.80777],[144.83587,-37.8078],[144.83596,-37.8077],[144.83699,-37.80781],[144.83816,-37.80963],[144.83807,-37.81014],[144.83797,-37.81069],[144.83487,-37.81034],[144.83507,-37.80997],[144.83514,-37.80963],[144.83517,-37.80938],[144.83505,-37.80917],[144.83491,-37.80885],[144.83477,-37.80856],[144.83466,-37.80839],[144.83446,-37.8083],[144.83426,-37.80818],[144.83411,-37.808],[144.83393,-37.80783],[144.83404,-37.80749]]]},"properties":{"cat":"industrial","name":"Sunshine Recycling Plant"}},{"type":"Feature","geometry":{"type":"Polygon","coordinates":[[[144.87642,-37.83362],[144.87651,-37.83311],[144.875,-37.83294],[144.87491,-37.83293],[144.87482,-37.83344],[144.87642,-37.83362]]]},"properties":{"cat":"industrial","name":"Able Industries"}},{"type":"Feature","geometry":{"type":"Polygon","coordinates":[[[145.22409,-38.0605],[145.21673,-38.05961],[145.21677,-38.05927],[145.21227,-38.0587],[145.21235,-38.05827],[145.21206,-38.05825],[145.21213,-38.05798],[145.2117,-38.05792],[145.21185,-38.05742],[145.21128,-38.05735],[145.21145,-38.05652],[145.2126,-38.05666],[145.21275,-38.0559],[145.20933,-38.05549],[145.20967,-38.05393],[145.20796,-38.0537],[145.20898,-38.04856],[145.21698,-38.04944],[145.21682,-38.05009],[145.21834,-38.05043],[145.21776,-38.05357],[145.21863,-38.05368],[145.22073,-38.0539],[145.22236,-38.05409],[145.22266,-38.05225],[145.22465,-38.05246],[145.22457,-38.05289],[145.22547,-38.05296],[145.22494,-38.05581],[145.22485,-38.05634],[145.22409,-38.0605]]]},"properties":{"cat":"industrial","name":""}},{"type":"Feature","geometry":{"type":"Polygon","coordinates":[[[144.80773,-37.82675],[144.80823,-37.82974],[144.80801,-37.82987],[144.80049,-37.82924],[144.80525,-37.82741],[144.80534,-37.82738],[144.8055,-37.82733],[144.80661,-37.82704],[144.80773,-37.82675]]]},"properties":{"cat":"industrial","name":""}},{"type":"Feature","geometry":{"type":"Polygon","coordinates":[[[144.86694,-37.82831],[144.86394,-37.82798],[144.86402,-37.82749],[144.86703,-37.82782],[144.86694,-37.82831]]]},"properties":{"cat":"industrial","name":""}},{"type":"Feature","geometry":{"type":"Polygon","coordinates":[[[145.71983,-37.54321],[145.72001,-37.54314],[145.72022,-37.54317],[145.72054,-37.54333],[145.72077,-37.54355],[145.72108,-37.54396],[145.72117,-37.54445],[145.72145,-37.54461],[145.72152,-37.54478],[145.72143,-37.54509],[145.72135,-37.54541],[145.7213,-37.54568],[145.72124,-37.5458],[145.72114,-37.54582],[145.72102,-37.54573],[145.72079,-37.54549],[145.7205,-37.54523],[145.7203,-37.545],[145.72019,-37.54473],[145.72009,-37.54442],[145.7201,-37.5442],[145.72017,-37.54395],[145.72022,-37.54376],[145.72017,-37.54364],[145.72006,-37.54353],[145.71992,-37.54347],[145.71978,-37.54338],[145.71978,-37.54328],[145.71983,-37.54321]]]},"properties":{"cat":"quarry","name":""}},{"type":"Feature","geometry":{"type":"Polygon","coordinates":[[[145.73889,-37.51926],[145.73766,-37.51978],[145.73804,-37.52022],[145.73873,-37.51989],[145.7392,-37.51957],[145.73889,-37.51926]]]},"properties":{"cat":"cemetery","name":""}},{"type":"Feature","geometry":{"type":"Polygon","coordinates":[[[144.90093,-37.83676],[144.90268,-37.83708],[144.9064,-37.83714],[144.90656,-37.83506],[144.90645,-37.83496],[144.90211,-37.83439],[144.90174,-37.83444],[144.90093,-37.83676]]]},"properties":{"cat":"industrial","name":""}},{"type":"Feature","geometry":{"type":"Polygon","coordinates":[[[144.82441,-37.84872],[144.82445,-37.84829],[144.82766,-37.84747],[144.82778,-37.84762],[144.8282,-37.848],[144.82535,-37.84881],[144.82441,-37.84872]]]},"properties":{"cat":"industrial","name":"Arrow Transport"}},{"type":"Feature","geometry":{"type":"Polygon","coordinates":[[[144.5768,-38.17225],[144.57729,-38.17231],[144.57699,-38.17363],[144.57674,-38.1736],[144.57694,-38.17261],[144.5766,-38.17257],[144.57641,-38.17355],[144.57257,-38.17308],[144.57281,-38.17213],[144.57317,-38.17217],[144.5732,-38.17201],[144.57328,-38.17158],[144.57431,-38.17168],[144.5743,-38.17173],[144.57686,-38.17202],[144.5768,-38.17225]]]},"properties":{"cat":"industrial","name":""}},{"type":"Feature","geometry":{"type":"Polygon","coordinates":[[[144.91252,-37.84976],[144.91283,-37.84962],[144.91291,-37.84958],[144.91272,-37.84933],[144.91326,-37.84909],[144.91335,-37.84894],[144.91341,-37.84884],[144.91433,-37.84841],[144.91469,-37.84838],[144.91684,-37.84736],[144.91525,-37.84528],[144.91297,-37.84225],[144.91266,-37.84184],[144.91285,-37.84116],[144.9129,-37.84099],[144.91297,-37.84072],[144.91482,-37.83974],[144.91485,-37.83971],[144.91485,-37.83964],[144.91496,-37.83958],[144.91496,-37.83943],[144.91507,-37.83931],[144.915,-37.83918],[144.91506,-37.83904],[144.91499,-37.83895],[144.91503,-37.83878],[144.91499,-37.83872],[144.91489,-37.83858],[144.91491,-37.83837],[144.91476,-37.83814],[144.91474,-37.83793],[144.91456,-37.83764],[144.91455,-37.83732],[144.91449,-37.83714],[144.91447,-37.83717],[144.91412,-37.83724],[144.91413,-37.83727],[144.91378,-37.83734],[144.91374,-37.83731],[144.91374,-37.83731],[144.91321,-37.83741],[144.91233,-37.83759],[144.91225,-37.83766],[144.91273,-37.83893],[144.91283,-37.83923],[144.91285,-37.83936],[144.91285,-37.83951],[144.91284,-37.8397],[144.9128,-37.83989],[144.91275,-37.84008],[144.91265,-37.8403],[144.91253,-37.84049],[144.9124,-37.84068],[144.91224,-37.84084],[144.9121,-37.84097],[144.91201,-37.84113],[144.91196,-37.8413],[144.91194,-37.84144],[144.91194,-37.84156],[144.91179,-37.84158],[144.91169,-37.84136],[144.9116,-37.84136],[144.91091,-37.84171],[144.90996,-37.84217],[144.90986,-37.84204],[144.9077,-37.84306],[144.90774,-37.84318],[144.90781,-37.84316],[144.90834,-37.84481],[144.90867,-37.84466],[144.91252,-37.84976]]]},"properties":{"cat":"industrial","name":"Victoria International Container Terminal"}},{"type":"Feature","geometry":{"type":"Polygon","coordinates":[[[144.69591,-37.88961],[144.69444,-37.8876],[144.69566,-37.88704],[144.69713,-37.88904],[144.69591,-37.88961]]]},"properties":{"cat":"industrial","name":"Agrifood Technology"}},{"type":"Feature","geometry":{"type":"Polygon","coordinates":[[[144.94954,-37.8126],[144.95016,-37.81242],[144.95029,-37.81239],[144.95081,-37.81224],[144.9509,-37.81245],[144.95096,-37.81257],[144.95097,-37.8126],[144.95103,-37.81272],[144.95104,-37.81274],[144.9511,-37.81287],[144.95111,-37.8129],[144.95117,-37.81302],[144.95119,-37.81308],[144.9507,-37.81322],[144.95035,-37.81332],[144.94964,-37.81269],[144.94954,-37.8126]]]},"properties":{"cat":"prison","name":"Melbourne Assessment Prison"}},{"type":"Feature","geometry":{"type":"Polygon","coordinates":[[[144.8997,-37.841],[144.9008,-37.84203],[144.90174,-37.84359],[144.90311,-37.84516],[144.90339,-37.8455],[144.90397,-37.8461],[144.90518,-37.84722],[144.90536,-37.84729],[144.90549,-37.84738],[144.90567,-37.84734],[144.90569,-37.84741],[144.90575,-37.8474],[144.906,-37.84734],[144.90545,-37.8459],[144.90475,-37.84408],[144.90391,-37.84186],[144.90297,-37.83946],[144.90295,-37.8394],[144.90281,-37.83944],[144.90286,-37.83913],[144.9043,-37.83885],[144.90632,-37.83847],[144.90665,-37.83841],[144.90675,-37.83715],[144.9069,-37.83511],[144.90656,-37.83506],[144.9064,-37.83714],[144.90268,-37.83708],[144.90093,-37.83676],[144.89911,-37.83643],[144.89873,-37.8374],[144.89875,-37.83777],[144.89941,-37.84022],[144.89959,-37.84043],[144.89947,-37.84048],[144.8997,-37.841]]]},"properties":{"cat":"industrial","name":"Melbourne International RoRo Auto Terminal"}},{"type":"Feature","geometry":{"type":"Polygon","coordinates":[[[144.90616,-37.83896],[144.90614,-37.83888],[144.90614,-37.8388],[144.90636,-37.83861],[144.90632,-37.83847],[144.90665,-37.83841],[144.90877,-37.83799],[144.90921,-37.83823],[144.91185,-37.83767],[144.91246,-37.83921],[144.91251,-37.83952],[144.91247,-37.83979],[144.91231,-37.8402],[144.91214,-37.84049],[144.91187,-37.84068],[144.91072,-37.84124],[144.91015,-37.8415],[144.91035,-37.84181],[144.90986,-37.84204],[144.9077,-37.84306],[144.90761,-37.84308],[144.90764,-37.84316],[144.9076,-37.84317],[144.90761,-37.84319],[144.90752,-37.84323],[144.90746,-37.8432],[144.90671,-37.84194],[144.90647,-37.84203],[144.90627,-37.84169],[144.90651,-37.8416],[144.90652,-37.84162],[144.90671,-37.84155],[144.90658,-37.84135],[144.90655,-37.84136],[144.90647,-37.84135],[144.9065,-37.84115],[144.90653,-37.84113],[144.90643,-37.84098],[144.90644,-37.84068],[144.90647,-37.83958],[144.90647,-37.83946],[144.90619,-37.83945],[144.90619,-37.83936],[144.90616,-37.83926],[144.90614,-37.83918],[144.90616,-37.83896]]]},"properties":{"cat":"industrial","name":"Webb Dock North"}},{"type":"Feature","geometry":{"type":"Polygon","coordinates":[[[144.73785,-37.83828],[144.73786,-37.83819],[144.73813,-37.83619],[144.73837,-37.83439],[144.73842,-37.83404],[144.73847,-37.8337],[144.73875,-37.83156],[144.73675,-37.8314],[144.73663,-37.83148],[144.73638,-37.83146],[144.73642,-37.83114],[144.73399,-37.83093],[144.73144,-37.83072],[144.73115,-37.83069],[144.73085,-37.83067],[144.72968,-37.83057],[144.72922,-37.83404],[144.72876,-37.83745],[144.72876,-37.8375],[144.73108,-37.83771],[144.7317,-37.83777],[144.73704,-37.83822],[144.73785,-37.83828]]]},"properties":{"cat":"industrial","name":"The Crossing"}},{"type":"Feature","geometry":{"type":"Polygon","coordinates":[[[144.85827,-37.81746],[144.85595,-37.81524],[144.85349,-37.81587],[144.85331,-37.81696],[144.85827,-37.81746]]]},"properties":{"cat":"industrial","name":""}},{"type":"Feature","geometry":{"type":"Polygon","coordinates":[[[145.12715,-37.65108],[145.12639,-37.65166],[145.12595,-37.65209],[145.12515,-37.65267],[145.12484,-37.65278],[145.12431,-37.65282],[145.12388,-37.65291],[145.12525,-37.65394],[145.12533,-37.6539],[145.12545,-37.65394],[145.1255,-37.65396],[145.12553,-37.65399],[145.12555,-37.65401],[145.12561,-37.65407],[145.12564,-37.65411],[145.12568,-37.65417],[145.12686,-37.65508],[145.1296,-37.65346],[145.12848,-37.65254],[145.12796,-37.65189],[145.12715,-37.65108]]]},"properties":{"cat":"landfill","name":""}},{"type":"Feature","geometry":{"type":"Polygon","coordinates":[[[145.12686,-37.65508],[145.12519,-37.65604],[145.12446,-37.65528],[145.12394,-37.65476],[145.12525,-37.65394],[145.12533,-37.6539],[145.12545,-37.65394],[145.1255,-37.65396],[145.12553,-37.65399],[145.12555,-37.65401],[145.12561,-37.65407],[145.12564,-37.65411],[145.12568,-37.65417],[145.12686,-37.65508]]]},"properties":{"cat":"industrial","name":"Nillumbik Shire Depot"}},{"type":"Feature","geometry":{"type":"Polygon","coordinates":[[[145.1296,-37.65346],[145.12968,-37.65524],[145.12936,-37.65542],[145.12686,-37.65508],[145.1296,-37.65346]]]},"properties":{"cat":"landfill","name":""}},{"type":"Feature","geometry":{"type":"Polygon","coordinates":[[[144.9869,-37.63671],[144.98543,-37.63617],[144.98501,-37.63704],[144.98449,-37.63941],[144.98342,-37.64536],[144.98436,-37.64524],[144.98527,-37.64494],[144.98712,-37.64395],[144.98756,-37.64313],[144.98671,-37.64066],[144.98671,-37.63862],[144.98697,-37.63696],[144.9869,-37.63671]]]},"properties":{"cat":"quarry","name":""}},{"type":"Feature","geometry":{"type":"Polygon","coordinates":[[[144.98964,-37.63403],[144.98892,-37.63398],[144.98861,-37.63528],[144.98801,-37.63613],[144.98808,-37.6362],[144.98929,-37.63561],[144.98932,-37.63553],[144.98951,-37.6349],[144.98964,-37.63403]]]},"properties":{"cat":"industrial","name":""}},{"type":"Feature","geometry":{"type":"Polygon","coordinates":[[[144.73917,-37.79977],[144.73462,-37.79935],[144.73498,-37.79709],[144.73592,-37.79716],[144.73952,-37.79708],[144.74345,-37.79699],[144.74478,-37.79697],[144.74608,-37.79697],[144.74701,-37.79698],[144.74776,-37.79701],[144.74917,-37.79731],[144.75009,-37.79767],[144.75112,-37.79808],[144.75123,-37.79812],[144.75157,-37.79826],[144.75204,-37.79835],[144.75173,-37.80082],[144.74296,-37.80011],[144.73917,-37.79977]]]},"properties":{"cat":"industrial","name":"Agar Industrial Estate"}},{"type":"Feature","geometry":{"type":"Polygon","coordinates":[[[145.30826,-38.08676],[145.30786,-38.08899],[145.31279,-38.08971],[145.31325,-38.08726],[145.30826,-38.08676]]]},"properties":{"cat":"quarry","name":""}},{"type":"Feature","geometry":{"type":"Polygon","coordinates":[[[144.85774,-37.71113],[144.85794,-37.70969],[144.85945,-37.70985],[144.8596,-37.70999],[144.85943,-37.71132],[144.85936,-37.71131],[144.85774,-37.71113]]]},"properties":{"cat":"industrial","name":"Aerolink Business Park"}},{"type":"Feature","geometry":{"type":"Polygon","coordinates":[[[144.85561,-37.67829],[144.85563,-37.67829],[144.85565,-37.67829],[144.85569,-37.6783],[144.856,-37.67832],[144.85618,-37.67833],[144.85629,-37.67751],[144.8563,-37.6774],[144.85633,-37.67724],[144.85621,-37.67723],[144.85582,-37.6772],[144.85576,-37.67719],[144.85562,-37.67826],[144.85561,-37.67829]]]},"properties":{"cat":"industrial","name":"SkyBus Airport Express"}},{"type":"Feature","geometry":{"type":"Polygon","coordinates":[[[144.74141,-37.83733],[144.74146,-37.83699],[144.74321,-37.83714],[144.7432,-37.83719],[144.74326,-37.83719],[144.74326,-37.83715],[144.74531,-37.83732],[144.74527,-37.83765],[144.74141,-37.83733]]]},"properties":{"cat":"industrial","name":""}},{"type":"Feature","geometry":{"type":"Polygon","coordinates":[[[144.98545,-37.79245],[144.98524,-37.79365],[144.98613,-37.79374],[144.98632,-37.79254],[144.98623,-37.79253],[144.98545,-37.79245]]]},"properties":{"cat":"industrial","name":""}},{"type":"Feature","geometry":{"type":"Polygon","coordinates":[[[144.98644,-37.79293],[144.98629,-37.79376],[144.98733,-37.79385],[144.98744,-37.79302],[144.98644,-37.79293]]]},"properties":{"cat":"industrial","name":""}},{"type":"Feature","geometry":{"type":"Polygon","coordinates":[[[144.98892,-37.79367],[144.98886,-37.79401],[144.98992,-37.79413],[144.98996,-37.79374],[144.98892,-37.79364],[144.98892,-37.79367]]]},"properties":{"cat":"industrial","name":""}},{"type":"Feature","geometry":{"type":"Polygon","coordinates":[[[144.99307,-37.79374],[144.99303,-37.79397],[144.993,-37.79412],[144.99294,-37.79442],[144.99372,-37.79451],[144.99384,-37.7938],[144.99308,-37.79371],[144.99307,-37.79374]]]},"properties":{"cat":"industrial","name":""}},{"type":"Feature","geometry":{"type":"Polygon","coordinates":[[[144.99412,-37.78653],[144.99442,-37.78671],[144.99451,-37.78677],[144.99452,-37.7867],[144.99455,-37.78664],[144.9946,-37.78657],[144.99467,-37.78651],[144.99471,-37.78649],[144.99477,-37.78646],[144.99487,-37.78644],[144.99495,-37.78645],[144.99505,-37.78646],[144.99511,-37.78648],[144.99515,-37.78651],[144.9952,-37.78654],[144.99524,-37.78658],[144.99531,-37.78662],[144.99534,-37.78653],[144.99536,-37.78644],[144.99536,-37.78636],[144.99536,-37.78629],[144.99534,-37.78618],[144.99532,-37.78614],[144.99531,-37.78609],[144.99521,-37.78597],[144.99511,-37.7859],[144.995,-37.78581],[144.9949,-37.78576],[144.99442,-37.78623],[144.99439,-37.78625],[144.99412,-37.78653]]]},"properties":{"cat":"industrial","name":""}},{"type":"Feature","geometry":{"type":"Polygon","coordinates":[[[145.20641,-37.98591],[145.20641,-37.98589],[145.20745,-37.98601],[145.20744,-37.98603],[145.20716,-37.98743],[145.20711,-37.9877],[145.20701,-37.9882],[145.20621,-37.98771],[145.20643,-37.98741],[145.20654,-37.9867],[145.20627,-37.98666],[145.20634,-37.98628],[145.20641,-37.98591]]]},"properties":{"cat":"industrial","name":""}},{"type":"Feature","geometry":{"type":"Polygon","coordinates":[[[144.99556,-37.79097],[144.99535,-37.79238],[144.9953,-37.79238],[144.99525,-37.79219],[144.99524,-37.79212],[144.99521,-37.7919],[144.99518,-37.79169],[144.99516,-37.79156],[144.99516,-37.7914],[144.99515,-37.7913],[144.99516,-37.7912],[144.99516,-37.79108],[144.99516,-37.79093],[144.99556,-37.79097]]]},"properties":{"cat":"industrial","name":"Metro Trains Clifton Hill Signals Depot"}},{"type":"Feature","geometry":{"type":"Polygon","coordinates":[[[144.84335,-37.80207],[144.84343,-37.80174],[144.84353,-37.80109],[144.84385,-37.79889],[144.84233,-37.79738],[144.84128,-37.79727],[144.84122,-37.79758],[144.84124,-37.79763],[144.8413,-37.79768],[144.84131,-37.79777],[144.84152,-37.79779],[144.8414,-37.79841],[144.84128,-37.79905],[144.84109,-37.79913],[144.84335,-37.80207]]]},"properties":{"cat":"industrial","name":"Melbourne Container Park"}},{"type":"Feature","geometry":{"type":"Polygon","coordinates":[[[144.99451,-37.79251],[144.99446,-37.79281],[144.99443,-37.793],[144.99513,-37.79308],[144.99513,-37.79304],[144.99514,-37.79298],[144.99515,-37.79294],[144.99515,-37.79287],[144.99516,-37.79267],[144.99516,-37.79264],[144.99517,-37.79257],[144.9951,-37.79257],[144.99499,-37.79256],[144.99451,-37.79251]]]},"properties":{"cat":"industrial","name":""}},{"type":"Feature","geometry":{"type":"Polygon","coordinates":[[[144.56501,-37.94559],[144.56398,-37.95094],[144.56363,-37.95259],[144.57102,-37.95336],[144.57534,-37.95381],[144.57527,-37.95333],[144.57513,-37.95285],[144.57494,-37.95234],[144.57472,-37.95191],[144.57443,-37.95145],[144.57108,-37.94624],[144.56501,-37.94559]]]},"properties":{"cat":"prison","name":"Cherry Creek Youth Justice Centre"}},{"type":"Feature","geometry":{"type":"Polygon","coordinates":[[[144.76451,-37.86508],[144.76594,-37.86472],[144.76567,-37.86394],[144.76425,-37.86427],[144.76451,-37.86508]]]},"properties":{"cat":"industrial","name":""}},{"type":"Feature","geometry":{"type":"Polygon","coordinates":[[[145.12375,-37.93736],[145.1239,-37.93663],[145.12694,-37.93701],[145.12656,-37.93893],[145.12652,-37.93911],[145.12351,-37.93873],[145.12375,-37.93736]]]},"properties":{"cat":"industrial","name":"Walkinshaw Park"}},{"type":"Feature","geometry":{"type":"Polygon","coordinates":[[[145.1225,-37.94362],[145.123,-37.94125],[145.12447,-37.94145],[145.12401,-37.94383],[145.1225,-37.94362]]]},"properties":{"cat":"industrial","name":"Openway Food Co"}},{"type":"Feature","geometry":{"type":"Polygon","coordinates":[[[144.84098,-37.70939],[144.84111,-37.70943],[144.84131,-37.70945],[144.8415,-37.70945],[144.8416,-37.70942],[144.84165,-37.70935],[144.84167,-37.70918],[144.84163,-37.70901],[144.84158,-37.70887],[144.84156,-37.70876],[144.84156,-37.70864],[144.84146,-37.70857],[144.84126,-37.70853],[144.84109,-37.70853],[144.84096,-37.70855],[144.84085,-37.70865],[144.8408,-37.70877],[144.84077,-37.70891],[144.84075,-37.70904],[144.84078,-37.70914],[144.84089,-37.7093],[144.84098,-37.70939]]]},"properties":{"cat":"quarry","name":""}},{"type":"Feature","geometry":{"type":"Polygon","coordinates":[[[144.84275,-37.70083],[144.8429,-37.70095],[144.84305,-37.70106],[144.84321,-37.70107],[144.84339,-37.70098],[144.84352,-37.70086],[144.84354,-37.70078],[144.84332,-37.70061],[144.84315,-37.70052],[144.84314,-37.70043],[144.84324,-37.70027],[144.84327,-37.70018],[144.84319,-37.70007],[144.84309,-37.69998],[144.84297,-37.69993],[144.84286,-37.69993],[144.84283,-37.69997],[144.84283,-37.70007],[144.8428,-37.70017],[144.84273,-37.70025],[144.84267,-37.70035],[144.84271,-37.70042],[144.84286,-37.70045],[144.8429,-37.70051],[144.84287,-37.70062],[144.84278,-37.70065],[144.84272,-37.70071],[144.84275,-37.70083]]]},"properties":{"cat":"quarry","name":""}},{"type":"Feature","geometry":{"type":"Polygon","coordinates":[[[145.11586,-37.94567],[145.11907,-37.94606],[145.11899,-37.94648],[145.11578,-37.94608],[145.11586,-37.94567]]]},"properties":{"cat":"industrial","name":"Boral Concrete"}},{"type":"Feature","geometry":{"type":"Polygon","coordinates":[[[145.1125,-37.95254],[145.11418,-37.95276],[145.11408,-37.95321],[145.1124,-37.95299],[145.1125,-37.95254]]]},"properties":{"cat":"industrial","name":"Metro Mix"}},{"type":"Feature","geometry":{"type":"Polygon","coordinates":[[[145.09128,-37.55587],[145.09014,-37.56219],[145.09104,-37.56232],[145.09166,-37.56305],[145.10172,-37.56423],[145.10248,-37.55976],[145.10119,-37.55811],[145.10052,-37.55698],[145.09128,-37.55587]]]},"properties":{"cat":"cemetery","name":"Plenty Valley Cemetery"}},{"type":"Feature","geometry":{"type":"Polygon","coordinates":[[[144.80835,-37.81043],[144.80824,-37.80716],[144.80847,-37.80714],[144.80992,-37.80722],[144.8098,-37.80784],[144.80963,-37.8096],[144.81033,-37.8097],[144.81081,-37.81028],[144.8107,-37.8103],[144.81063,-37.81034],[144.81058,-37.81038],[144.81055,-37.81054],[144.81054,-37.81067],[144.80835,-37.81043]]]},"properties":{"cat":"industrial","name":""}},{"type":"Feature","geometry":{"type":"Polygon","coordinates":[[[144.90903,-37.86266],[144.90877,-37.86257],[144.90884,-37.86245],[144.90868,-37.86239],[144.90905,-37.86167],[144.90905,-37.86167],[144.90956,-37.86182],[144.90971,-37.86154],[144.90993,-37.86161],[144.90969,-37.86206],[144.90956,-37.86201],[144.90949,-37.86214],[144.90939,-37.86211],[144.90909,-37.86268],[144.90903,-37.86266]]]},"properties":{"cat":"industrial","name":"Waterway Constructions"}},{"type":"Feature","geometry":{"type":"Polygon","coordinates":[[[145.18237,-38.02765],[145.18223,-38.02707],[145.18163,-38.0244],[145.18411,-38.02399],[145.18384,-38.02281],[145.18139,-38.02318],[145.18111,-38.02195],[145.18206,-38.02178],[145.18416,-38.02139],[145.1843,-38.02213],[145.18502,-38.02202],[145.18481,-38.02277],[145.1843,-38.02455],[145.18468,-38.0264],[145.18444,-38.02647],[145.18457,-38.02709],[145.18511,-38.02727],[145.18379,-38.02746],[145.18237,-38.02765]]]},"properties":{"cat":"industrial","name":"InterLink Business Park"}},{"type":"Feature","geometry":{"type":"Polygon","coordinates":[[[144.64267,-37.91562],[144.64227,-37.91562],[144.64227,-37.91565],[144.64134,-37.91562],[144.64134,-37.91568],[144.64125,-37.91567],[144.64126,-37.91554],[144.63991,-37.91487],[144.64092,-37.9136],[144.64272,-37.91447],[144.64268,-37.91551],[144.64267,-37.91562]]]},"properties":{"cat":"wastewater","name":"Western Treatment Plant Offices"}},{"type":"Feature","geometry":{"type":"Polygon","coordinates":[[[145.02896,-37.75356],[145.02891,-37.75387],[145.02916,-37.75393],[145.02936,-37.75359],[145.02896,-37.75356]]]},"properties":{"cat":"industrial","name":""}},{"type":"Feature","geometry":{"type":"Polygon","coordinates":[[[145.02891,-37.75387],[145.02881,-37.75461],[145.02903,-37.75462],[145.02901,-37.75482],[145.02877,-37.7548],[145.02874,-37.75496],[145.02951,-37.75502],[145.0295,-37.75526],[145.02958,-37.75527],[145.02968,-37.75459],[145.02986,-37.75462],[145.03,-37.75449],[145.03034,-37.75441],[145.03037,-37.75411],[145.03042,-37.75387],[145.03037,-37.75369],[145.02936,-37.75359],[145.02916,-37.75393],[145.02891,-37.75387]]]},"properties":{"cat":"industrial","name":""}},{"type":"Feature","geometry":{"type":"Polygon","coordinates":[[[145.24162,-38.07812],[145.24157,-38.07834],[145.24147,-38.07888],[145.24145,-38.07897],[145.24143,-38.07896],[145.24138,-38.07916],[145.24187,-38.07923],[145.24208,-38.07925],[145.24215,-38.07884],[145.24226,-38.07821],[145.24195,-38.07817],[145.24162,-38.07812]]]},"properties":{"cat":"industrial","name":"The Lost Dogs Home"}},{"type":"Feature","geometry":{"type":"Polygon","coordinates":[[[145.3047,-37.8199],[145.30447,-37.82117],[145.30454,-37.82125],[145.30507,-37.82113],[145.30617,-37.82083],[145.30663,-37.82071],[145.30798,-37.82035],[145.31061,-37.81963],[145.3136,-37.81883],[145.3139,-37.81729],[145.31398,-37.81683],[145.31265,-37.81668],[145.31302,-37.81473],[145.31316,-37.81403],[145.31264,-37.81396],[145.31316,-37.81119],[145.3113,-37.81097],[145.31174,-37.80855],[145.31138,-37.80851],[145.30971,-37.81011],[145.30962,-37.81059],[145.30881,-37.8105],[145.30904,-37.80941],[145.30672,-37.80915],[145.30632,-37.81139],[145.30861,-37.81164],[145.30845,-37.8125],[145.30988,-37.81267],[145.30981,-37.81304],[145.31109,-37.8132],[145.31128,-37.8135],[145.31123,-37.81381],[145.30827,-37.81345],[145.30844,-37.81257],[145.30613,-37.81232],[145.30554,-37.81556],[145.30494,-37.81871],[145.3047,-37.8199]]]},"properties":{"cat":"industrial","name":""}},{"type":"Feature","geometry":{"type":"Polygon","coordinates":[[[144.86529,-37.81081],[144.86514,-37.81161],[144.86532,-37.812],[144.86661,-37.81164],[144.86722,-37.81147],[144.86718,-37.81103],[144.86529,-37.81081]]]},"properties":{"cat":"industrial","name":""}},{"type":"Feature","geometry":{"type":"Polygon","coordinates":[[[144.85603,-37.77995],[144.86262,-37.78075],[144.86268,-37.78071],[144.86298,-37.77895],[144.85784,-37.77834],[144.85636,-37.77817],[144.85603,-37.77995]]]},"properties":{"cat":"industrial","name":""}},{"type":"Feature","geometry":{"type":"Polygon","coordinates":[[[144.86302,-37.78048],[144.86298,-37.78074],[144.86302,-37.7808],[144.86524,-37.78106],[144.86549,-37.77955],[144.86651,-37.77963],[144.86669,-37.77854],[144.86608,-37.77848],[144.86615,-37.77794],[144.86401,-37.77768],[144.86423,-37.77648],[144.86378,-37.7764],[144.86374,-37.7766],[144.86367,-37.77659],[144.86339,-37.77826],[144.86312,-37.77979],[144.86302,-37.78048]]]},"properties":{"cat":"industrial","name":""}},{"type":"Feature","geometry":{"type":"Polygon","coordinates":[[[144.89747,-37.81999],[144.89743,-37.82021],[144.89747,-37.82021],[144.89746,-37.82028],[144.89857,-37.82042],[144.89836,-37.82154],[144.89781,-37.82147],[144.89782,-37.8214],[144.89739,-37.82135],[144.89723,-37.82134],[144.89736,-37.8207],[144.89642,-37.82059],[144.89622,-37.82057],[144.89624,-37.82045],[144.89633,-37.81986],[144.89747,-37.81999]]]},"properties":{"cat":"industrial","name":""}},{"type":"Feature","geometry":{"type":"Polygon","coordinates":[[[144.97874,-37.70931],[144.97867,-37.70893],[144.97903,-37.70852],[144.97904,-37.70837],[144.97914,-37.70824],[144.97946,-37.70809],[144.98088,-37.70798],[144.98124,-37.7076],[144.98123,-37.70742],[144.98132,-37.70735],[144.98121,-37.70719],[144.98118,-37.70701],[144.98109,-37.70654],[144.98301,-37.70669],[144.98308,-37.70674],[144.98302,-37.7071],[144.98283,-37.70827],[144.98265,-37.70937],[144.98066,-37.70915],[144.9792,-37.70901],[144.97874,-37.70931]]]},"properties":{"cat":"industrial","name":""}},{"type":"Feature","geometry":{"type":"Polygon","coordinates":[[[145.04143,-37.69475],[145.03969,-37.69459],[145.03828,-37.69444],[145.036,-37.69423],[145.03448,-37.69404],[145.03321,-37.69391],[145.03296,-37.69389],[145.03143,-37.69374],[145.03095,-37.6937],[145.02778,-37.69337],[145.02754,-37.69334],[145.02736,-37.6933],[145.02648,-37.69321],[145.02588,-37.69322],[145.02566,-37.69322],[145.0255,-37.69324],[145.02524,-37.69329],[145.02516,-37.69332],[145.02509,-37.69338],[145.02465,-37.69394],[145.02283,-37.6963],[145.0232,-37.69633],[145.02497,-37.696],[145.02482,-37.69646],[145.03245,-37.69735],[145.0336,-37.6969],[145.03459,-37.69652],[145.03482,-37.69643],[145.04021,-37.69541],[145.04043,-37.69537],[145.04056,-37.69534],[145.04071,-37.69532],[145.04087,-37.69528],[145.04106,-37.69519],[145.04117,-37.69512],[145.04123,-37.69508],[145.0413,-37.69501],[145.04137,-37.69493],[145.0414,-37.69489],[145.04141,-37.69487],[145.04143,-37.69475]]]},"properties":{"cat":"industrial","name":""}},{"type":"Feature","geometry":{"type":"Polygon","coordinates":[[[145.02835,-37.69187],[145.0285,-37.69192],[145.02893,-37.69196],[145.0291,-37.69193],[145.02888,-37.69116],[145.02875,-37.69097],[145.02873,-37.69097],[145.0285,-37.69151],[145.02835,-37.69187]]]},"properties":{"cat":"industrial","name":""}},{"type":"Feature","geometry":{"type":"Polygon","coordinates":[[[145.22864,-38.00671],[145.22957,-38.00684],[145.2302,-38.00697],[145.23097,-38.00719],[145.23116,-38.00728],[145.23138,-38.00739],[145.23241,-38.00795],[145.23262,-38.00807],[145.23267,-38.0081],[145.2332,-38.00862],[145.23346,-38.00895],[145.23418,-38.00971],[145.2345,-38.0101],[145.23459,-38.0103],[145.23465,-38.01069],[145.23468,-38.01081],[145.23038,-38.01023],[145.22966,-38.00881],[145.22928,-38.008],[145.22864,-38.00671]]]},"properties":{"cat":"industrial","name":""}},{"type":"Feature","geometry":{"type":"Polygon","coordinates":[[[144.853,-37.73354],[144.85272,-37.7342],[144.85242,-37.73489],[144.8524,-37.73495],[144.85209,-37.73568],[144.85198,-37.73598],[144.85153,-37.73649],[144.8511,-37.73695],[144.85075,-37.73699],[144.85062,-37.73677],[144.85051,-37.73658],[144.85043,-37.73645],[144.85031,-37.73619],[144.85036,-37.73614],[144.85028,-37.73607],[144.85026,-37.73586],[144.85025,-37.73586],[144.85025,-37.73581],[144.85025,-37.73577],[144.85019,-37.7354],[144.85114,-37.73495],[144.853,-37.73354]]]},"properties":{"cat":"industrial","name":""}},{"type":"Feature","geometry":{"type":"Polygon","coordinates":[[[145.00317,-37.64562],[145.00318,-37.64567],[145.00322,-37.6457],[145.00397,-37.64604],[145.00408,-37.64606],[145.00502,-37.64616],[145.00508,-37.64615],[145.00512,-37.64614],[145.00516,-37.6461],[145.00519,-37.64605],[145.00589,-37.64413],[145.00592,-37.64404],[145.00592,-37.64389],[145.00586,-37.64384],[145.00357,-37.64359],[145.00349,-37.64364],[145.00317,-37.64562]]]},"properties":{"cat":"industrial","name":""}},{"type":"Feature","geometry":{"type":"Polygon","coordinates":[[[144.98395,-38.33728],[144.98818,-38.33951],[144.98842,-38.33824],[144.9889,-38.33577],[144.98905,-38.33494],[144.98901,-38.33436],[144.98911,-38.33387],[144.98948,-38.33197],[144.98958,-38.33141],[144.98963,-38.33116],[144.98977,-38.3305],[144.98959,-38.33048],[144.98865,-38.33102],[144.98839,-38.33118],[144.98764,-38.33162],[144.98699,-38.3319],[144.98642,-38.33215],[144.9855,-38.33249],[144.98485,-38.33263],[144.98439,-38.33507],[144.98395,-38.33728]]]},"properties":{"cat":"industrial","name":""}},{"type":"Feature","geometry":{"type":"Polygon","coordinates":[[[144.97345,-37.72726],[144.97525,-37.72748],[144.97497,-37.72846],[144.97661,-37.72872],[144.97683,-37.72858],[144.97725,-37.72699],[144.97757,-37.72687],[144.97767,-37.72659],[144.97761,-37.7265],[144.97752,-37.72645],[144.97742,-37.72642],[144.97712,-37.72637],[144.97559,-37.72612],[144.97507,-37.72599],[144.97484,-37.72591],[144.97459,-37.72694],[144.97372,-37.72684],[144.97345,-37.72726]]]},"properties":{"cat":"industrial","name":""}},{"type":"Feature","geometry":{"type":"Polygon","coordinates":[[[144.97185,-37.72369],[144.97191,-37.7238],[144.97365,-37.72403],[144.97494,-37.7242],[144.97551,-37.72325],[144.97569,-37.72294],[144.97579,-37.72277],[144.97612,-37.72227],[144.97642,-37.72174],[144.97715,-37.72051],[144.97815,-37.72028],[144.97873,-37.72012],[144.97891,-37.72005],[144.97925,-37.71978],[144.97935,-37.71967],[144.97904,-37.71947],[144.97857,-37.7197],[144.97828,-37.71976],[144.978,-37.71979],[144.97664,-37.71977],[144.97591,-37.71994],[144.97564,-37.72048],[144.97554,-37.72071],[144.97479,-37.72059],[144.97435,-37.72071],[144.97382,-37.7207],[144.97367,-37.72086],[144.97356,-37.7214],[144.97383,-37.72143],[144.9738,-37.7216],[144.97378,-37.72174],[144.97378,-37.72176],[144.9737,-37.72176],[144.97362,-37.72178],[144.9736,-37.7218],[144.97354,-37.72184],[144.97347,-37.7219],[144.9733,-37.72184],[144.97301,-37.72174],[144.97299,-37.72173],[144.97293,-37.72184],[144.97287,-37.72195],[144.97281,-37.72205],[144.97273,-37.72218],[144.97275,-37.72219],[144.97254,-37.72254],[144.97185,-37.72369]]]},"properties":{"cat":"industrial","name":""}},{"type":"Feature","geometry":{"type":"Polygon","coordinates":[[[144.84638,-37.69364],[144.84405,-37.69352],[144.84449,-37.69578],[144.84673,-37.69551],[144.8466,-37.69483],[144.84719,-37.69475],[144.84747,-37.69627],[144.84949,-37.69604],[144.84976,-37.69753],[144.85141,-37.69763],[144.85148,-37.69753],[144.85148,-37.69733],[144.85103,-37.69491],[144.85087,-37.69401],[144.85072,-37.69389],[144.85058,-37.69388],[144.84688,-37.69367],[144.84638,-37.69364]]]},"properties":{"cat":"industrial","name":""}},{"type":"Feature","geometry":{"type":"Polygon","coordinates":[[[144.85123,-37.69393],[144.85108,-37.69403],[144.85163,-37.69701],[144.85258,-37.69688],[144.85255,-37.69675],[144.85442,-37.6965],[144.85472,-37.69803],[144.85566,-37.69791],[144.85639,-37.69781],[144.85654,-37.69775],[144.85656,-37.69764],[144.85652,-37.6973],[144.85637,-37.69636],[144.85606,-37.69462],[144.85589,-37.69371],[144.85582,-37.69364],[144.85572,-37.69357],[144.85556,-37.69356],[144.85423,-37.69371],[144.85162,-37.69401],[144.85157,-37.69388],[144.85123,-37.69393]]]},"properties":{"cat":"industrial","name":""}},{"type":"Feature","geometry":{"type":"Polygon","coordinates":[[[144.85602,-37.70208],[144.85746,-37.7019],[144.85691,-37.69912],[144.85685,-37.69913],[144.85668,-37.6983],[144.8565,-37.69817],[144.85641,-37.69816],[144.85511,-37.69832],[144.8546,-37.69836],[144.8542,-37.69834],[144.85316,-37.69815],[144.8523,-37.69961],[144.85355,-37.70003],[144.85471,-37.70043],[144.85576,-37.70079],[144.85657,-37.70106],[144.85602,-37.70208]]]},"properties":{"cat":"industrial","name":""}},{"type":"Feature","geometry":{"type":"Polygon","coordinates":[[[144.85764,-37.70053],[144.86119,-37.70012],[144.86076,-37.69775],[144.85854,-37.69795],[144.85812,-37.69802],[144.85749,-37.69809],[144.85719,-37.69821],[144.85764,-37.70053]]]},"properties":{"cat":"industrial","name":""}},{"type":"Feature","geometry":{"type":"Polygon","coordinates":[[[144.86101,-37.69781],[144.8611,-37.69772],[144.8624,-37.6976],[144.86236,-37.69777],[144.86266,-37.69931],[144.86133,-37.69948],[144.86101,-37.69781]]]},"properties":{"cat":"industrial","name":""}},{"type":"Feature","geometry":{"type":"Polygon","coordinates":[[[144.85532,-37.68844],[144.8555,-37.68952],[144.85635,-37.68943],[144.85643,-37.68988],[144.85762,-37.68993],[144.8573,-37.6882],[144.85704,-37.68823],[144.85681,-37.68826],[144.8566,-37.68828],[144.85532,-37.68844]]]},"properties":{"cat":"industrial","name":""}},{"type":"Feature","geometry":{"type":"Polygon","coordinates":[[[144.84923,-37.73901],[144.84935,-37.73902],[144.84904,-37.7397],[144.84899,-37.73973],[144.84865,-37.73976],[144.84663,-37.73961],[144.8467,-37.73959],[144.84923,-37.73901]]]},"properties":{"cat":"industrial","name":""}},{"type":"Feature","geometry":{"type":"Polygon","coordinates":[[[144.84936,-37.71794],[144.84934,-37.71809],[144.84933,-37.71812],[144.84931,-37.71823],[144.84931,-37.71826],[144.84929,-37.71834],[144.84928,-37.71839],[144.84907,-37.7196],[144.84906,-37.71972],[144.85017,-37.71984],[144.8513,-37.71997],[144.85137,-37.71995],[144.85142,-37.71992],[144.85144,-37.71991],[144.85149,-37.71985],[144.85156,-37.71977],[144.85164,-37.7197],[144.85174,-37.7196],[144.85185,-37.7195],[144.85195,-37.71941],[144.85203,-37.71934],[144.85211,-37.71928],[144.85182,-37.71903],[144.85185,-37.71876],[144.85199,-37.71864],[144.85236,-37.71869],[144.85244,-37.71865],[144.8525,-37.71828],[144.8521,-37.71824],[144.85155,-37.71817],[144.85132,-37.71815],[144.85123,-37.71814],[144.85113,-37.71813],[144.85104,-37.71812],[144.85095,-37.71811],[144.85086,-37.7181],[144.85077,-37.71809],[144.85068,-37.71808],[144.85058,-37.71807],[144.85049,-37.71806],[144.8504,-37.71805],[144.85031,-37.71804],[144.85022,-37.71803],[144.85013,-37.71802],[144.85003,-37.71801],[144.84994,-37.718],[144.84985,-37.71799],[144.84976,-37.71798],[144.84967,-37.71797],[144.84958,-37.71796],[144.84936,-37.71794]]]},"properties":{"cat":"industrial","name":""}},{"type":"Feature","geometry":{"type":"Polygon","coordinates":[[[144.95584,-37.67624],[144.95564,-37.67489],[144.95484,-37.6748],[144.95485,-37.67475],[144.95495,-37.67417],[144.95484,-37.67415],[144.95387,-37.67404],[144.95378,-37.67451],[144.95274,-37.67439],[144.95249,-37.67436],[144.95247,-37.67453],[144.95019,-37.67426],[144.95084,-37.67594],[144.95135,-37.67723],[144.95181,-37.6784],[144.95223,-37.67922],[144.95266,-37.67991],[144.95294,-37.68028],[144.95369,-37.68118],[144.95429,-37.68186],[144.95476,-37.68249],[144.95494,-37.68275],[144.9551,-37.68306],[144.95528,-37.68346],[144.95547,-37.68348],[144.9556,-37.68393],[144.9557,-37.68438],[144.95586,-37.68528],[144.95597,-37.68584],[144.95736,-37.68571],[144.95735,-37.68562],[144.95728,-37.68513],[144.95725,-37.6848],[144.95704,-37.6836],[144.95703,-37.68348],[144.95652,-37.68344],[144.95649,-37.68325],[144.95647,-37.68312],[144.95644,-37.6829],[144.95695,-37.68295],[144.95656,-37.68068],[144.95634,-37.67926],[144.95607,-37.67759],[144.95587,-37.67639],[144.95584,-37.67624]]]},"properties":{"cat":"industrial","name":""}},{"type":"Feature","geometry":{"type":"Polygon","coordinates":[[[144.66357,-37.91694],[144.6655,-37.91628],[144.66533,-37.91555],[144.66513,-37.91474],[144.66464,-37.91271],[144.66436,-37.91275],[144.66427,-37.91234],[144.66449,-37.91231],[144.6643,-37.91149],[144.66252,-37.91176],[144.66234,-37.91186],[144.66208,-37.91196],[144.66107,-37.91251],[144.66009,-37.91139],[144.65909,-37.91195],[144.65923,-37.91212],[144.65778,-37.91292],[144.65861,-37.91389],[144.65858,-37.91391],[144.65867,-37.91402],[144.65869,-37.91405],[144.65888,-37.91485],[144.65861,-37.91495],[144.65693,-37.91589],[144.65663,-37.91605],[144.65681,-37.91627],[144.65682,-37.91632],[144.65715,-37.91724],[144.65716,-37.91724],[144.65785,-37.91714],[144.65808,-37.91716],[144.66028,-37.91682],[144.66027,-37.91678],[144.66116,-37.91664],[144.66141,-37.91766],[144.66357,-37.91694]]]},"properties":{"cat":"industrial","name":""}},{"type":"Feature","geometry":{"type":"Polygon","coordinates":[[[144.94349,-37.59922],[144.94395,-37.59997],[144.94384,-37.60024],[144.94365,-37.60042],[144.94345,-37.60029],[144.94327,-37.59923],[144.94349,-37.59922]]]},"properties":{"cat":"industrial","name":""}},{"type":"Feature","geometry":{"type":"Polygon","coordinates":[[[144.98195,-37.79265],[144.98287,-37.79226],[144.98273,-37.79297],[144.98274,-37.79308],[144.98227,-37.79304],[144.98214,-37.79301],[144.98214,-37.79296],[144.98191,-37.79293],[144.98195,-37.79265]]]},"properties":{"cat":"industrial","name":""}},{"type":"Feature","geometry":{"type":"Polygon","coordinates":[[[145.2103,-38.04818],[145.21052,-38.04836],[145.21597,-38.04901],[145.2167,-38.04897],[145.21681,-38.04885],[145.21716,-38.04704],[145.21668,-38.04675],[145.21123,-38.04558],[145.21113,-38.0461],[145.21054,-38.04676],[145.2103,-38.04818]]]},"properties":{"cat":"industrial","name":""}},{"type":"Feature","geometry":{"type":"Polygon","coordinates":[[[145.75041,-37.86455],[145.75124,-37.86469],[145.75197,-37.8647],[145.75212,-37.86387],[145.75191,-37.86382],[145.75205,-37.86334],[145.75094,-37.86318],[145.751,-37.86292],[145.74794,-37.86227],[145.74789,-37.86254],[145.74784,-37.86282],[145.74789,-37.86332],[145.74854,-37.8634],[145.74909,-37.86377],[145.74916,-37.86397],[145.74916,-37.86407],[145.74992,-37.86419],[145.74992,-37.8643],[145.75032,-37.86441],[145.75041,-37.86455]]]},"properties":{"cat":"industrial","name":""}},{"type":"Feature","geometry":{"type":"Polygon","coordinates":[[[144.76641,-37.83295],[144.76642,-37.8329],[144.76697,-37.82877],[144.76722,-37.82687],[144.76725,-37.82664],[144.7679,-37.82669],[144.77155,-37.827],[144.77151,-37.82729],[144.77299,-37.82824],[144.77353,-37.82882],[144.77359,-37.82888],[144.77367,-37.82894],[144.77372,-37.82897],[144.77353,-37.83052],[144.77351,-37.8307],[144.77375,-37.83094],[144.77508,-37.83106],[144.77524,-37.83112],[144.77648,-37.83378],[144.77696,-37.83435],[144.77732,-37.83548],[144.77735,-37.8358],[144.77166,-37.83608],[144.77155,-37.83601],[144.77155,-37.83522],[144.77137,-37.83453],[144.77116,-37.83408],[144.77061,-37.83347],[144.76675,-37.83305],[144.76652,-37.83297],[144.76641,-37.83295]]]},"properties":{"cat":"industrial","name":"Western Sustainable Supply Hub"}},{"type":"Feature","geometry":{"type":"Polygon","coordinates":[[[144.7792,-37.8357],[144.78369,-37.83548],[144.78431,-37.83268],[144.78426,-37.83258],[144.7843,-37.83237],[144.78443,-37.83227],[144.78503,-37.82957],[144.78524,-37.82843],[144.78498,-37.82815],[144.78444,-37.8281],[144.77978,-37.8277],[144.77634,-37.82741],[144.77502,-37.8273],[144.77482,-37.82888],[144.77615,-37.82899],[144.77588,-37.83086],[144.77687,-37.83328],[144.77806,-37.83456],[144.77821,-37.83494],[144.7792,-37.8357]]]},"properties":{"cat":"industrial","name":""}},{"type":"Feature","geometry":{"type":"Polygon","coordinates":[[[145.01351,-37.77015],[145.01342,-37.77065],[145.01395,-37.77072],[145.01391,-37.77105],[145.01647,-37.77135],[145.01661,-37.77052],[145.01351,-37.77015]]]},"properties":{"cat":"industrial","name":""}},{"type":"Feature","geometry":{"type":"Polygon","coordinates":[[[145.03194,-37.77827],[145.0326,-37.77804],[145.0326,-37.7784],[145.03206,-37.77855],[145.03194,-37.77827]]]},"properties":{"cat":"industrial","name":""}},{"type":"Feature","geometry":{"type":"Polygon","coordinates":[[[145.16586,-37.74888],[145.16639,-37.74896],[145.16847,-37.7492],[145.16894,-37.74925],[145.16897,-37.74926],[145.16899,-37.74928],[145.169,-37.7493],[145.169,-37.74932],[145.16898,-37.74943],[145.16897,-37.74948],[145.16895,-37.7496],[145.16889,-37.74986],[145.16698,-37.74963],[145.16695,-37.74982],[145.16664,-37.74992],[145.16629,-37.75008],[145.16584,-37.75033],[145.16535,-37.75064],[145.16519,-37.75039],[145.16549,-37.75007],[145.16515,-37.74979],[145.16522,-37.74969],[145.1654,-37.74887],[145.16585,-37.74893],[145.16586,-37.74888]]]},"properties":{"cat":"industrial","name":""}},{"type":"Feature","geometry":{"type":"Polygon","coordinates":[[[145.17263,-37.75292],[145.17233,-37.753],[145.17194,-37.75289],[145.17104,-37.75186],[145.17066,-37.75143],[145.17025,-37.75117],[145.16952,-37.75066],[145.16916,-37.75036],[145.16908,-37.75017],[145.16924,-37.74923],[145.16934,-37.74911],[145.1712,-37.74933],[145.17118,-37.74942],[145.17082,-37.74967],[145.17082,-37.75009],[145.17174,-37.75077],[145.17146,-37.75167],[145.17221,-37.75257],[145.17263,-37.75292]]]},"properties":{"cat":"industrial","name":"Manningham Council Depot"}},{"type":"Feature","geometry":{"type":"Polygon","coordinates":[[[145.16702,-37.74884],[145.16889,-37.74905],[145.16906,-37.74898],[145.16945,-37.74744],[145.16951,-37.74719],[145.16701,-37.74679],[145.16702,-37.74884]]]},"properties":{"cat":"industrial","name":""}},{"type":"Feature","geometry":{"type":"Polygon","coordinates":[[[144.54667,-37.78324],[144.54665,-37.78329],[144.5467,-37.7833],[144.54672,-37.78326],[144.54667,-37.78324]]]},"properties":{"cat":"industrial","name":""}},{"type":"Feature","geometry":{"type":"Polygon","coordinates":[[[144.54916,-37.78492],[144.54915,-37.78496],[144.54922,-37.78497],[144.54922,-37.78492],[144.54916,-37.78492]]]},"properties":{"cat":"industrial","name":""}},{"type":"Feature","geometry":{"type":"Polygon","coordinates":[[[144.54317,-37.79089],[144.54315,-37.79093],[144.5432,-37.79094],[144.54322,-37.7909],[144.54317,-37.79089]]]},"properties":{"cat":"industrial","name":""}},{"type":"Feature","geometry":{"type":"Polygon","coordinates":[[[144.55007,-37.79402],[144.55008,-37.79405],[144.55012,-37.79405],[144.55011,-37.79401],[144.55007,-37.79402]]]},"properties":{"cat":"industrial","name":""}},{"type":"Feature","geometry":{"type":"Polygon","coordinates":[[[144.54962,-37.79068],[144.54959,-37.7907],[144.54962,-37.79073],[144.54965,-37.79071],[144.54962,-37.79068]]]},"properties":{"cat":"industrial","name":""}},{"type":"Feature","geometry":{"type":"Polygon","coordinates":[[[144.5587,-37.79208],[144.5587,-37.7921],[144.55873,-37.79211],[144.55874,-37.79208],[144.5587,-37.79208]]]},"properties":{"cat":"industrial","name":""}},{"type":"Feature","geometry":{"type":"Polygon","coordinates":[[[144.55735,-37.7877],[144.55738,-37.78769],[144.55739,-37.78771],[144.55736,-37.78772],[144.55735,-37.7877]]]},"properties":{"cat":"industrial","name":""}},{"type":"Feature","geometry":{"type":"Polygon","coordinates":[[[144.55524,-37.79347],[144.55524,-37.79351],[144.55527,-37.79351],[144.55527,-37.79347],[144.55524,-37.79347]]]},"properties":{"cat":"industrial","name":""}},{"type":"Feature","geometry":{"type":"Polygon","coordinates":[[[144.53648,-37.79951],[144.53645,-37.79982],[144.53633,-37.80011],[144.53615,-37.80037],[144.53615,-37.80038],[144.53621,-37.80053],[144.53639,-37.80062],[144.53654,-37.80059],[144.5366,-37.80057],[144.53677,-37.80034],[144.5369,-37.80008],[144.53699,-37.79975],[144.53691,-37.79953],[144.5368,-37.79944],[144.53663,-37.79943],[144.53648,-37.79951]]]},"properties":{"cat":"industrial","name":""}},{"type":"Feature","geometry":{"type":"Polygon","coordinates":[[[144.57042,-37.79047],[144.57042,-37.79051],[144.57047,-37.79051],[144.57046,-37.79047],[144.57042,-37.79047]]]},"properties":{"cat":"industrial","name":""}},{"type":"Feature","geometry":{"type":"Polygon","coordinates":[[[144.558,-37.79712],[144.55799,-37.79715],[144.55804,-37.79716],[144.55805,-37.79712],[144.558,-37.79712]]]},"properties":{"cat":"industrial","name":""}},{"type":"Feature","geometry":{"type":"Polygon","coordinates":[[[144.93311,-37.6006],[144.9335,-37.60064],[144.93367,-37.60001],[144.93373,-37.59967],[144.93376,-37.59967],[144.93385,-37.59919],[144.93374,-37.59918],[144.93378,-37.59897],[144.93368,-37.59896],[144.9334,-37.59892],[144.93336,-37.59914],[144.93326,-37.59966],[144.93311,-37.6006]]]},"properties":{"cat":"industrial","name":""}},{"type":"Feature","geometry":{"type":"Polygon","coordinates":[[[145.03009,-37.74676],[145.03066,-37.74368],[145.03076,-37.74355],[145.03199,-37.7433],[145.03231,-37.74324],[145.0326,-37.74318],[145.03414,-37.74284],[145.0345,-37.74337],[145.0346,-37.74359],[145.03455,-37.74392],[145.03373,-37.74445],[145.03306,-37.74497],[145.03281,-37.74486],[145.03262,-37.7451],[145.03249,-37.74581],[145.03256,-37.74581],[145.03259,-37.74588],[145.0327,-37.746],[145.03273,-37.74606],[145.03313,-37.74587],[145.0332,-37.74583],[145.03342,-37.74605],[145.03373,-37.74617],[145.03413,-37.74618],[145.03448,-37.74604],[145.03504,-37.74598],[145.03554,-37.74627],[145.03572,-37.74648],[145.03566,-37.74714],[145.03526,-37.74778],[145.03494,-37.748],[145.03487,-37.74798],[145.03348,-37.74856],[145.03292,-37.74844],[145.03275,-37.74841],[145.03272,-37.74843],[145.03259,-37.74839],[145.03249,-37.74836],[145.03208,-37.74828],[145.03208,-37.74821],[145.03228,-37.74704],[145.03014,-37.7468],[145.03009,-37.74676]]]},"properties":{"cat":"industrial","name":""}},{"type":"Feature","geometry":{"type":"Polygon","coordinates":[[[145.30304,-37.80388],[145.30398,-37.80402],[145.30427,-37.80282],[145.30418,-37.80258],[145.30441,-37.80151],[145.30439,-37.80148],[145.30259,-37.8013],[145.30244,-37.80205],[145.30216,-37.80344],[145.3031,-37.80356],[145.30304,-37.80388]]]},"properties":{"cat":"industrial","name":""}},{"type":"Feature","geometry":{"type":"Polygon","coordinates":[[[145.30439,-37.80242],[145.30441,-37.80247],[145.30513,-37.80257],[145.30531,-37.80158],[145.30463,-37.8015],[145.30457,-37.80152],[145.30439,-37.80242]]]},"properties":{"cat":"industrial","name":""}},{"type":"Feature","geometry":{"type":"Polygon","coordinates":[[[145.40689,-38.05995],[145.40952,-38.06046],[145.40942,-38.0609],[145.40939,-38.06104],[145.40923,-38.06101],[145.40904,-38.06191],[145.40877,-38.06186],[145.40896,-38.06096],[145.40676,-38.06055],[145.40689,-38.05995]]]},"properties":{"cat":"industrial","name":""}},{"type":"Feature","geometry":{"type":"Polygon","coordinates":[[[145.40986,-38.05995],[145.40993,-38.05992],[145.41009,-38.05916],[145.40951,-38.05911],[145.40959,-38.05875],[145.40876,-38.05864],[145.40874,-38.05863],[145.40871,-38.05881],[145.40857,-38.05971],[145.40986,-38.05995]]]},"properties":{"cat":"industrial","name":""}},{"type":"Feature","geometry":{"type":"Polygon","coordinates":[[[145.40594,-38.05829],[145.40594,-38.0583],[145.40575,-38.0592],[145.40619,-38.05927],[145.40628,-38.05889],[145.40639,-38.05837],[145.40594,-38.05829]]]},"properties":{"cat":"industrial","name":""}},{"type":"Feature","geometry":{"type":"Polygon","coordinates":[[[145.30019,-37.77108],[145.30021,-37.77098],[145.29918,-37.77081],[145.29869,-37.77063],[145.29847,-37.77045],[145.29791,-37.77017],[145.29769,-37.76939],[145.29973,-37.76813],[145.29983,-37.76808],[145.29984,-37.76803],[145.29996,-37.76795],[145.30045,-37.76765],[145.30077,-37.76746],[145.30072,-37.76774],[145.30441,-37.76816],[145.30492,-37.76824],[145.30426,-37.77168],[145.30293,-37.77147],[145.30019,-37.77108]]]},"properties":{"cat":"industrial","name":""}},{"type":"Feature","geometry":{"type":"Polygon","coordinates":[[[145.30655,-37.76704],[145.30752,-37.76698],[145.3075,-37.76589],[145.3075,-37.76585],[145.30766,-37.76499],[145.30769,-37.76477],[145.30657,-37.76465],[145.30652,-37.76464],[145.30644,-37.7647],[145.30655,-37.76704]]]},"properties":{"cat":"industrial","name":""}},{"type":"Feature","geometry":{"type":"Polygon","coordinates":[[[145.344,-37.76417],[145.34589,-37.76428],[145.34598,-37.7636],[145.34613,-37.76355],[145.34633,-37.76212],[145.34639,-37.7617],[145.34545,-37.76161],[145.34466,-37.76153],[145.34334,-37.76139],[145.34333,-37.76154],[145.34334,-37.76188],[145.34335,-37.7621],[145.34338,-37.76232],[145.34347,-37.76275],[145.34366,-37.76339],[145.34366,-37.7634],[145.344,-37.76417]]]},"properties":{"cat":"industrial","name":""}},{"type":"Feature","geometry":{"type":"Polygon","coordinates":[[[145.35853,-37.74784],[145.36085,-37.74814],[145.36112,-37.7466],[145.36044,-37.74652],[145.3605,-37.74614],[145.35912,-37.74599],[145.35896,-37.74685],[145.35875,-37.74683],[145.35853,-37.74784]]]},"properties":{"cat":"industrial","name":""}},{"type":"Feature","geometry":{"type":"Polygon","coordinates":[[[145.36031,-37.75592],[145.36113,-37.75539],[145.36095,-37.75493],[145.36092,-37.75482],[145.3607,-37.75478],[145.35995,-37.75515],[145.35991,-37.75547],[145.36028,-37.75545],[145.36031,-37.75592]]]},"properties":{"cat":"industrial","name":""}},{"type":"Feature","geometry":{"type":"Polygon","coordinates":[[[145.36128,-37.7553],[145.3623,-37.75464],[145.36257,-37.75448],[145.36273,-37.75437],[145.36288,-37.75427],[145.36385,-37.75367],[145.3645,-37.75338],[145.3642,-37.75295],[145.36404,-37.75271],[145.3628,-37.75324],[145.36263,-37.75322],[145.36239,-37.75322],[145.36232,-37.75324],[145.36226,-37.75326],[145.36093,-37.75394],[145.3611,-37.75484],[145.36128,-37.7553]]]},"properties":{"cat":"industrial","name":""}},{"type":"Feature","geometry":{"type":"Polygon","coordinates":[[[145.3601,-37.75671],[145.36065,-37.75726],[145.36151,-37.75677],[145.3617,-37.75679],[145.3618,-37.75618],[145.36141,-37.75613],[145.36118,-37.75606],[145.3601,-37.75671]]]},"properties":{"cat":"industrial","name":""}},{"type":"Feature","geometry":{"type":"Polygon","coordinates":[[[145.36147,-37.7559],[145.36155,-37.75597],[145.36184,-37.75601],[145.36223,-37.75606],[145.36286,-37.75612],[145.3629,-37.75601],[145.36348,-37.75565],[145.36317,-37.7554],[145.3624,-37.7559],[145.36219,-37.75585],[145.36187,-37.75564],[145.36147,-37.7559]]]},"properties":{"cat":"industrial","name":""}},{"type":"Feature","geometry":{"type":"Polygon","coordinates":[[[145.36343,-37.7552],[145.36415,-37.75556],[145.36437,-37.75532],[145.36448,-37.75507],[145.36397,-37.75482],[145.36343,-37.7552]]]},"properties":{"cat":"industrial","name":""}},{"type":"Feature","geometry":{"type":"Polygon","coordinates":[[[145.36512,-37.75467],[145.36613,-37.75511],[145.36534,-37.75394],[145.36525,-37.7538],[145.36519,-37.75371],[145.36494,-37.75382],[145.36489,-37.75384],[145.36442,-37.75403],[145.36512,-37.75467]]]},"properties":{"cat":"industrial","name":""}},{"type":"Feature","geometry":{"type":"Polygon","coordinates":[[[144.97842,-37.77947],[144.97842,-37.77949],[144.97838,-37.77972],[144.97835,-37.7799],[144.97948,-37.78002],[144.97956,-37.7796],[144.97842,-37.77947]]]},"properties":{"cat":"industrial","name":""}},{"type":"Feature","geometry":{"type":"Polygon","coordinates":[[[144.73997,-37.75676],[144.73991,-37.75809],[144.73985,-37.75809],[144.73988,-37.75896],[144.74021,-37.7591],[144.74044,-37.75931],[144.74054,-37.75941],[144.74327,-37.75962],[144.74324,-37.75986],[144.74332,-37.75992],[144.74377,-37.75996],[144.7436,-37.76151],[144.74199,-37.76141],[144.7418,-37.76331],[144.74384,-37.76598],[144.74385,-37.76611],[144.74412,-37.76648],[144.74527,-37.76796],[144.74541,-37.76804],[144.74585,-37.76874],[144.74587,-37.76878],[144.7459,-37.76882],[144.74595,-37.76887],[144.74601,-37.76891],[144.74609,-37.76896],[144.74615,-37.76902],[144.7462,-37.76908],[144.74625,-37.76915],[144.7463,-37.76924],[144.74674,-37.77005],[144.75194,-37.77151],[144.75555,-37.77186],[144.75564,-37.7712],[144.75564,-37.77074],[144.75559,-37.77041],[144.75549,-37.77014],[144.75535,-37.76985],[144.75513,-37.76952],[144.75491,-37.76922],[144.75428,-37.76863],[144.75368,-37.76809],[144.75269,-37.76714],[144.75233,-37.76667],[144.75214,-37.76625],[144.752,-37.76582],[144.75196,-37.76525],[144.75207,-37.76474],[144.75219,-37.76428],[144.7525,-37.76382],[144.75274,-37.76347],[144.75286,-37.76352],[144.7533,-37.76292],[144.75197,-37.76234],[144.75238,-37.76175],[144.7495,-37.76043],[144.7484,-37.75991],[144.74819,-37.76162],[144.74673,-37.76152],[144.74693,-37.75965],[144.74718,-37.75932],[144.74677,-37.75916],[144.7468,-37.75908],[144.74385,-37.75809],[144.7435,-37.75793],[144.74231,-37.75753],[144.73997,-37.75676]]]},"properties":{"cat":"industrial","name":""}},{"type":"Feature","geometry":{"type":"Polygon","coordinates":[[[144.75567,-37.76918],[144.75592,-37.76909],[144.75623,-37.76691],[144.75637,-37.76586],[144.75651,-37.76494],[144.75539,-37.76442],[144.75553,-37.76319],[144.75413,-37.76254],[144.75335,-37.76351],[144.75288,-37.76418],[144.75273,-37.76445],[144.75267,-37.76501],[144.75263,-37.76551],[144.75266,-37.76573],[144.75279,-37.76619],[144.75292,-37.76646],[144.75328,-37.76688],[144.75423,-37.76783],[144.75549,-37.76901],[144.75567,-37.76918]]]},"properties":{"cat":"industrial","name":""}},{"type":"Feature","geometry":{"type":"Polygon","coordinates":[[[144.93861,-37.68773],[144.94082,-37.68798],[144.94561,-37.68846],[144.9455,-37.68849],[144.9454,-37.68853],[144.94531,-37.68857],[144.94523,-37.68862],[144.94514,-37.68869],[144.94507,-37.68876],[144.945,-37.68883],[144.94494,-37.68891],[144.94488,-37.68898],[144.94483,-37.68906],[144.94478,-37.68914],[144.94473,-37.68922],[144.9447,-37.6893],[144.94467,-37.68937],[144.94464,-37.68947],[144.94461,-37.68957],[144.94459,-37.68967],[144.94458,-37.68978],[144.94458,-37.68988],[144.94458,-37.68998],[144.94459,-37.69009],[144.94461,-37.6902],[144.94464,-37.6903],[144.94467,-37.69041],[144.94472,-37.69051],[144.94477,-37.69061],[144.94483,-37.69071],[144.94489,-37.69079],[144.94495,-37.69087],[144.94502,-37.69096],[144.94511,-37.69104],[144.94519,-37.69111],[144.9422,-37.69184],[144.94185,-37.69192],[144.94176,-37.6924],[144.94004,-37.69251],[144.93825,-37.68989],[144.93844,-37.68872],[144.93861,-37.68773]]]},"properties":{"cat":"industrial","name":"CSL Behring"}},{"type":"Feature","geometry":{"type":"Polygon","coordinates":[[[145.04166,-37.95526],[145.04216,-37.95532],[145.04206,-37.95586],[145.04158,-37.95582],[145.04166,-37.95526]]]},"properties":{"cat":"industrial","name":""}},{"type":"Feature","geometry":{"type":"Polygon","coordinates":[[[145.05325,-37.96456],[145.05307,-37.96427],[145.05322,-37.96421],[145.05341,-37.96447],[145.05341,-37.96451],[145.05329,-37.96455],[145.05325,-37.96456]]]},"properties":{"cat":"industrial","name":""}},{"type":"Feature","geometry":{"type":"Polygon","coordinates":[[[145.18665,-38.02106],[145.18689,-38.02247],[145.18511,-38.02727],[145.18457,-38.02709],[145.18444,-38.02647],[145.18468,-38.0264],[145.1843,-38.02455],[145.18502,-38.02202],[145.1843,-38.02213],[145.18416,-38.02139],[145.18665,-38.02106]]]},"properties":{"cat":"industrial","name":"InterLink Business Park"}},{"type":"Feature","geometry":{"type":"Polygon","coordinates":[[[145.31377,-37.76336],[145.31398,-37.76197],[145.3141,-37.76185],[145.31257,-37.76168],[145.31245,-37.76232],[145.31229,-37.7632],[145.31377,-37.76336]]]},"properties":{"cat":"industrial","name":""}},{"type":"Feature","geometry":{"type":"Polygon","coordinates":[[[144.96466,-37.68435],[144.96465,-37.68444],[144.96426,-37.68665],[144.96411,-37.68732],[144.96474,-37.68739],[144.96528,-37.68743],[144.96614,-37.68749],[144.96613,-37.68757],[144.96628,-37.68758],[144.96631,-37.68738],[144.96664,-37.68741],[144.96664,-37.68745],[144.96663,-37.68749],[144.96743,-37.68756],[144.96744,-37.68744],[144.96755,-37.68669],[144.96856,-37.68691],[144.96935,-37.68699],[144.96958,-37.68694],[144.96975,-37.68687],[144.96993,-37.68678],[144.97012,-37.68664],[144.97044,-37.68638],[144.97066,-37.68527],[144.97099,-37.68523],[144.9709,-37.6847],[144.96809,-37.68456],[144.9681,-37.68436],[144.96794,-37.68415],[144.9677,-37.68411],[144.96732,-37.68439],[144.96697,-37.68445],[144.96662,-37.68441],[144.96675,-37.68358],[144.96675,-37.68355],[144.96536,-37.68338],[144.96485,-37.68332],[144.96466,-37.68435]]]},"properties":{"cat":"landfill","name":"Campbellfield Resource Recovery Centre"}},{"type":"Feature","geometry":{"type":"Polygon","coordinates":[[[145.00955,-37.81893],[145.01023,-37.819],[145.01129,-37.8191],[145.01136,-37.81871],[145.01122,-37.81869],[145.01128,-37.81829],[145.01132,-37.81809],[145.01197,-37.81817],[145.01219,-37.8182],[145.01273,-37.81826],[145.013,-37.8183],[145.01318,-37.81834],[145.01394,-37.81842],[145.01397,-37.81843],[145.01431,-37.81843],[145.0143,-37.81798],[145.01411,-37.81752],[145.01393,-37.8175],[145.01334,-37.81742],[145.01322,-37.81736],[145.01347,-37.81595],[145.01305,-37.81591],[145.013,-37.81613],[145.01243,-37.81606],[145.01246,-37.81593],[145.01203,-37.81588],[145.012,-37.81603],[145.01199,-37.8161],[145.01185,-37.81608],[145.01193,-37.81569],[145.01168,-37.81566],[145.01123,-37.81561],[145.01116,-37.81599],[145.01102,-37.81598],[145.01097,-37.81631],[145.01103,-37.81632],[145.01102,-37.81636],[145.01093,-37.81693],[145.0109,-37.81713],[145.01082,-37.81759],[145.01081,-37.81764],[145.00978,-37.81749],[145.0097,-37.81789],[145.00952,-37.81787],[145.00948,-37.81811],[145.00948,-37.81812],[145.00941,-37.81851],[145.00963,-37.81853],[145.00962,-37.81853],[145.00955,-37.81893]]]},"properties":{"cat":"industrial","name":""}},{"type":"Feature","geometry":{"type":"Polygon","coordinates":[[[145.29545,-37.89453],[145.29494,-37.89447],[145.2941,-37.89437],[145.29317,-37.89425],[145.29298,-37.89421],[145.29294,-37.89421],[145.2929,-37.8942],[145.29276,-37.89417],[145.29275,-37.89417],[145.29275,-37.89415],[145.29275,-37.89414],[145.29275,-37.89412],[145.29275,-37.89409],[145.29275,-37.89406],[145.29275,-37.89404],[145.29276,-37.89401],[145.29278,-37.89396],[145.2928,-37.89391],[145.29285,-37.89379],[145.29306,-37.89342],[145.29312,-37.89331],[145.29331,-37.89296],[145.29342,-37.89276],[145.29352,-37.89258],[145.29359,-37.89245],[145.29404,-37.89163],[145.29409,-37.89155],[145.29428,-37.89161],[145.29599,-37.89202],[145.2959,-37.89247],[145.29917,-37.89286],[145.29943,-37.89156],[145.2998,-37.89161],[145.30016,-37.89199],[145.30057,-37.89277],[145.30063,-37.89287],[145.30057,-37.89294],[145.3004,-37.89314],[145.30036,-37.89319],[145.30029,-37.89329],[145.30027,-37.89331],[145.3001,-37.89352],[145.29959,-37.8941],[145.29958,-37.89411],[145.29939,-37.89417],[145.2988,-37.89482],[145.29868,-37.89496],[145.29865,-37.89495],[145.29862,-37.89494],[145.2986,-37.89493],[145.29857,-37.89493],[145.29758,-37.8948],[145.29713,-37.89474],[145.29681,-37.8947],[145.2964,-37.89465],[145.29554,-37.89454],[145.29545,-37.89453]]]},"properties":{"cat":"industrial","name":""}},{"type":"Feature","geometry":{"type":"Polygon","coordinates":[[[144.73884,-37.87492],[144.73986,-37.87458],[144.74091,-37.875],[144.74305,-37.87393],[144.74409,-37.87338],[144.74408,-37.8726],[144.74401,-37.87238],[144.74391,-37.8721],[144.74208,-37.87257],[144.74042,-37.87309],[144.74032,-37.87312],[144.74026,-37.87317],[144.73954,-37.87405],[144.73884,-37.87492]]]},"properties":{"cat":"industrial","name":""}},{"type":"Feature","geometry":{"type":"Polygon","coordinates":[[[144.66831,-37.89614],[144.66847,-37.89638],[144.66847,-37.89638],[144.67484,-37.8938],[144.67754,-37.89271],[144.67749,-37.89263],[144.67916,-37.89195],[144.67874,-37.89191],[144.66831,-37.89614]]]},"properties":{"cat":"industrial","name":""}},{"type":"Feature","geometry":{"type":"Polygon","coordinates":[[[144.96364,-37.77458],[144.96359,-37.77495],[144.9671,-37.77534],[144.96718,-37.77485],[144.96651,-37.77478],[144.9665,-37.77479],[144.96649,-37.7749],[144.96648,-37.7749],[144.9663,-37.77488],[144.96614,-37.77486],[144.96601,-37.77484],[144.9658,-37.77482],[144.96563,-37.7748],[144.96551,-37.77479],[144.96537,-37.77477],[144.96511,-37.77474],[144.96496,-37.77473],[144.96454,-37.77468],[144.9644,-37.77466],[144.96407,-37.77463],[144.96364,-37.77458]]]},"properties":{"cat":"industrial","name":""}},{"type":"Feature","geometry":{"type":"Polygon","coordinates":[[[144.96707,-37.7755],[144.96693,-37.77645],[144.96657,-37.77642],[144.96661,-37.77621],[144.96641,-37.77618],[144.96647,-37.77579],[144.96582,-37.77573],[144.96561,-37.77571],[144.96512,-37.77566],[144.96489,-37.77564],[144.96481,-37.77563],[144.96486,-37.77526],[144.96707,-37.7755]]]},"properties":{"cat":"industrial","name":""}},{"type":"Feature","geometry":{"type":"Polygon","coordinates":[[[144.78919,-37.85153],[144.78933,-37.85145],[144.78948,-37.85063],[144.78971,-37.84971],[144.79021,-37.84707],[144.79032,-37.84615],[144.79049,-37.84525],[144.79039,-37.84514],[144.78974,-37.84508],[144.78904,-37.84506],[144.78871,-37.84545],[144.78824,-37.84559],[144.78661,-37.84516],[144.786,-37.8451],[144.78535,-37.84514],[144.78449,-37.84537],[144.7832,-37.84598],[144.78224,-37.84668],[144.78159,-37.84727],[144.78103,-37.84803],[144.78057,-37.85063],[144.78079,-37.85066],[144.78081,-37.85056],[144.78091,-37.85067],[144.78251,-37.85085],[144.78288,-37.84875],[144.78546,-37.84904],[144.78508,-37.85114],[144.78549,-37.85119],[144.78586,-37.85121],[144.78698,-37.85133],[144.78815,-37.85141],[144.78919,-37.85153]]]},"properties":{"cat":"industrial","name":"Laverton Industrial Park"}},{"type":"Feature","geometry":{"type":"Polygon","coordinates":[[[144.79034,-37.84796],[144.79002,-37.84964],[144.78992,-37.85017],[144.7921,-37.85043],[144.79215,-37.85017],[144.79197,-37.84987],[144.79112,-37.84843],[144.79034,-37.84796]]]},"properties":{"cat":"industrial","name":""}},{"type":"Feature","geometry":{"type":"Polygon","coordinates":[[[144.78811,-37.85954],[144.789,-37.85931],[144.79272,-37.85832],[144.7966,-37.85735],[144.80033,-37.85642],[144.80314,-37.85577],[144.80524,-37.85527],[144.80669,-37.85485],[144.80664,-37.85478],[144.80658,-37.85469],[144.80501,-37.85499],[144.80421,-37.85522],[144.80412,-37.85522],[144.8035,-37.8552],[144.80309,-37.85519],[144.79993,-37.85552],[144.796,-37.85549],[144.7962,-37.85341],[144.79527,-37.85327],[144.79339,-37.85286],[144.79357,-37.85232],[144.79169,-37.85194],[144.7896,-37.85169],[144.78885,-37.85565],[144.78871,-37.85639],[144.78877,-37.85645],[144.78871,-37.85675],[144.78835,-37.85671],[144.78841,-37.85641],[144.78849,-37.85637],[144.7887,-37.85521],[144.78832,-37.85522],[144.78786,-37.85531],[144.78728,-37.85535],[144.78699,-37.85529],[144.78522,-37.85541],[144.78518,-37.8556],[144.78453,-37.85932],[144.78456,-37.85935],[144.78687,-37.85961],[144.78753,-37.85969],[144.78811,-37.85954]]]},"properties":{"cat":"industrial","name":"Specialised Container Transport"}},{"type":"Feature","geometry":{"type":"Polygon","coordinates":[[[144.98053,-37.76999],[144.98114,-37.77006],[144.98112,-37.77014],[144.98108,-37.77037],[144.98101,-37.7708],[144.98039,-37.77074],[144.98053,-37.76999]]]},"properties":{"cat":"industrial","name":""}},{"type":"Feature","geometry":{"type":"Polygon","coordinates":[[[144.97085,-37.76802],[144.97198,-37.76814],[144.97195,-37.7683],[144.97188,-37.76829],[144.97185,-37.76846],[144.97181,-37.76846],[144.97172,-37.76891],[144.97164,-37.7689],[144.97072,-37.7688],[144.97085,-37.76802]]]},"properties":{"cat":"industrial","name":""}},{"type":"Feature","geometry":{"type":"Polygon","coordinates":[[[145.23598,-37.91183],[145.23555,-37.91179],[145.23493,-37.91169],[145.23304,-37.91152],[145.23183,-37.91142],[145.23247,-37.91233],[145.23269,-37.91224],[145.23286,-37.91218],[145.23287,-37.91219],[145.23288,-37.9122],[145.2329,-37.91222],[145.23292,-37.91223],[145.23274,-37.91231],[145.23251,-37.9124],[145.23252,-37.9124],[145.23306,-37.91317],[145.23319,-37.91336],[145.23319,-37.91336],[145.23377,-37.91344],[145.23364,-37.91403],[145.23372,-37.91418],[145.23421,-37.9144],[145.23433,-37.91439],[145.23445,-37.91439],[145.23447,-37.91454],[145.2346,-37.91461],[145.23482,-37.91459],[145.23511,-37.91453],[145.23541,-37.91447],[145.23549,-37.91439],[145.23574,-37.91311],[145.23551,-37.91308],[145.23537,-37.91306],[145.23503,-37.91302],[145.23504,-37.91301],[145.23513,-37.91252],[145.23513,-37.91251],[145.23573,-37.91258],[145.23584,-37.91259],[145.23598,-37.91183]]]},"properties":{"cat":"industrial","name":""}},{"type":"Feature","geometry":{"type":"Polygon","coordinates":[[[144.83843,-37.80485],[144.84065,-37.80511],[144.84063,-37.8052],[144.84143,-37.80529],[144.8413,-37.80598],[144.83994,-37.80582],[144.83945,-37.80576],[144.83943,-37.80586],[144.83826,-37.80572],[144.83843,-37.80485]]]},"properties":{"cat":"industrial","name":""}},{"type":"Feature","geometry":{"type":"Polygon","coordinates":[[[144.83994,-37.80582],[144.83978,-37.80674],[144.83811,-37.80653],[144.83826,-37.80572],[144.83943,-37.80586],[144.83945,-37.80576],[144.83994,-37.80582]]]},"properties":{"cat":"industrial","name":""}},{"type":"Feature","geometry":{"type":"Polygon","coordinates":[[[144.83998,-37.79572],[144.84072,-37.79599],[144.84089,-37.79607],[144.84129,-37.79625],[144.8414,-37.79632],[144.84141,-37.79638],[144.84149,-37.79711],[144.84099,-37.79705],[144.83998,-37.79572]]]},"properties":{"cat":"industrial","name":""}},{"type":"Feature","geometry":{"type":"Polygon","coordinates":[[[144.84397,-37.7986],[144.84401,-37.79838],[144.84392,-37.79837],[144.84393,-37.79834],[144.84357,-37.79805],[144.84321,-37.79764],[144.84304,-37.79751],[144.84302,-37.79746],[144.84419,-37.79759],[144.84445,-37.79762],[144.8452,-37.79771],[144.84643,-37.79785],[144.84561,-37.7985],[144.84506,-37.79902],[144.84493,-37.79897],[144.84481,-37.79909],[144.84431,-37.79876],[144.84404,-37.79862],[144.84404,-37.79861],[144.84397,-37.7986]]]},"properties":{"cat":"industrial","name":"Don Kyatt Spare Parts"}},{"type":"Feature","geometry":{"type":"Polygon","coordinates":[[[145.16611,-37.82064],[145.1674,-37.82081],[145.16722,-37.82168],[145.16694,-37.8217],[145.16639,-37.82173],[145.166,-37.82174],[145.16589,-37.82174],[145.16596,-37.82135],[145.16611,-37.82064]]]},"properties":{"cat":"industrial","name":"Nunawading Depot"}},{"type":"Feature","geometry":{"type":"Polygon","coordinates":[[[144.90598,-37.82645],[144.90516,-37.82554],[144.90562,-37.82529],[144.90572,-37.82541],[144.90576,-37.82545],[144.90632,-37.82607],[144.90643,-37.82619],[144.90598,-37.82645]]]},"properties":{"cat":"industrial","name":"Port Melbourne Depot"}},{"type":"Feature","geometry":{"type":"Polygon","coordinates":[[[144.93429,-37.83229],[144.93505,-37.83214],[144.935,-37.83196],[144.93572,-37.83183],[144.93598,-37.8327],[144.9345,-37.83297],[144.93429,-37.83229]]]},"properties":{"cat":"industrial","name":""}},{"type":"Feature","geometry":{"type":"Polygon","coordinates":[[[144.79282,-37.84799],[144.79282,-37.84797],[144.7933,-37.84542],[144.79206,-37.8453],[144.79175,-37.84694],[144.79158,-37.84784],[144.79282,-37.84799]]]},"properties":{"cat":"industrial","name":""}},{"type":"Feature","geometry":{"type":"Polygon","coordinates":[[[144.79154,-37.83317],[144.79411,-37.83131],[144.79497,-37.83098],[144.79659,-37.83037],[144.79913,-37.8294],[144.79712,-37.82923],[144.79675,-37.8292],[144.79524,-37.82906],[144.79525,-37.82901],[144.79133,-37.82868],[144.79071,-37.83352],[144.79137,-37.83302],[144.79154,-37.83317]]]},"properties":{"cat":"industrial","name":""}},{"type":"Feature","geometry":{"type":"Polygon","coordinates":[[[144.77243,-37.80136],[144.77275,-37.80139],[144.77279,-37.8013],[144.77284,-37.80131],[144.77287,-37.80131],[144.77291,-37.80131],[144.77291,-37.80133],[144.77295,-37.80133],[144.77298,-37.80134],[144.77302,-37.80134],[144.77302,-37.80141],[144.77408,-37.8015],[144.77422,-37.80141],[144.77425,-37.80118],[144.77422,-37.80118],[144.77424,-37.80105],[144.77426,-37.80106],[144.77426,-37.80101],[144.77422,-37.80101],[144.77423,-37.80097],[144.77428,-37.80097],[144.77428,-37.80092],[144.77429,-37.80088],[144.77432,-37.8006],[144.77427,-37.80052],[144.77431,-37.80025],[144.77454,-37.80026],[144.77466,-37.79932],[144.77238,-37.79912],[144.77168,-37.79906],[144.77079,-37.80111],[144.77068,-37.80144],[144.7706,-37.80202],[144.77075,-37.80217],[144.77213,-37.80228],[144.77231,-37.80216],[144.77237,-37.80168],[144.77229,-37.80168],[144.77222,-37.80167],[144.77224,-37.80152],[144.77226,-37.8014],[144.77228,-37.8014],[144.77228,-37.80138],[144.77232,-37.80138],[144.77237,-37.80139],[144.77237,-37.80138],[144.77239,-37.80138],[144.77242,-37.80138],[144.77243,-37.80136]]]},"properties":{"cat":"industrial","name":"AirTrunk MEL 1"}},{"type":"Feature","geometry":{"type":"Polygon","coordinates":[[[144.80621,-37.84674],[144.80676,-37.8468],[144.80681,-37.8468],[144.80685,-37.8468],[144.8069,-37.84679],[144.80696,-37.84677],[144.80704,-37.84676],[144.8071,-37.84675],[144.80717,-37.84674],[144.80725,-37.84674],[144.80741,-37.84676],[144.80753,-37.84677],[144.80759,-37.84677],[144.80764,-37.84677],[144.80768,-37.84673],[144.80771,-37.84669],[144.80773,-37.8466],[144.80779,-37.84621],[144.80779,-37.84614],[144.8078,-37.84606],[144.80783,-37.84599],[144.80789,-37.84595],[144.80838,-37.84582],[144.80899,-37.84587],[144.8091,-37.84588],[144.80914,-37.8459],[144.80918,-37.84593],[144.8092,-37.84596],[144.80923,-37.846],[144.80928,-37.84602],[144.80935,-37.84604],[144.80939,-37.84605],[144.80943,-37.84604],[144.80947,-37.84602],[144.8095,-37.84599],[144.80951,-37.84597],[144.80963,-37.84512],[144.80699,-37.84489],[144.80678,-37.84638],[144.80628,-37.84633],[144.80623,-37.84659],[144.80621,-37.84674]]]},"properties":{"cat":"industrial","name":""}},{"type":"Feature","geometry":{"type":"Polygon","coordinates":[[[144.81017,-37.84131],[144.8103,-37.84041],[144.81026,-37.84041],[144.80834,-37.84024],[144.80837,-37.83999],[144.80766,-37.83994],[144.80765,-37.84003],[144.8075,-37.8411],[144.81017,-37.84131]]]},"properties":{"cat":"industrial","name":""}},{"type":"Feature","geometry":{"type":"Polygon","coordinates":[[[144.80971,-37.84673],[144.80987,-37.84569],[144.81305,-37.846],[144.81286,-37.84746],[144.81221,-37.84739],[144.81187,-37.84735],[144.81173,-37.84734],[144.81157,-37.84734],[144.81143,-37.84733],[144.8113,-37.84731],[144.81108,-37.84728],[144.81037,-37.8472],[144.80992,-37.84714],[144.80983,-37.84713],[144.80977,-37.84711],[144.80975,-37.84709],[144.80973,-37.84706],[144.80972,-37.84702],[144.80971,-37.84692],[144.8097,-37.84683],[144.80971,-37.84673]]]},"properties":{"cat":"industrial","name":""}},{"type":"Feature","geometry":{"type":"Polygon","coordinates":[[[144.79736,-37.83493],[144.79574,-37.83281],[144.79353,-37.83386],[144.79613,-37.83727],[144.79834,-37.83621],[144.79776,-37.83546],[144.79715,-37.83575],[144.79674,-37.83522],[144.79736,-37.83493]]]},"properties":{"cat":"industrial","name":"Toll Logistics"}},{"type":"Feature","geometry":{"type":"Polygon","coordinates":[[[144.79269,-37.83283],[144.79434,-37.83162],[144.79476,-37.83146],[144.79574,-37.83281],[144.79353,-37.83386],[144.79269,-37.83283]]]},"properties":{"cat":"industrial","name":""}},{"type":"Feature","geometry":{"type":"Polygon","coordinates":[[[144.78954,-37.83657],[144.78888,-37.83559],[144.78878,-37.8356],[144.78901,-37.83682],[144.78954,-37.83657]]]},"properties":{"cat":"industrial","name":""}},{"type":"Feature","geometry":{"type":"Polygon","coordinates":[[[144.78888,-37.83559],[144.78957,-37.83511],[144.79037,-37.83618],[144.78954,-37.83657],[144.78888,-37.83559]]]},"properties":{"cat":"industrial","name":"Ballantine Ammunition"}},{"type":"Feature","geometry":{"type":"Polygon","coordinates":[[[144.77094,-37.84294],[144.77171,-37.8431],[144.7709,-37.84576],[144.7706,-37.84673],[144.76795,-37.84622],[144.76929,-37.84184],[144.77085,-37.84217],[144.77089,-37.84222],[144.77092,-37.8423],[144.77093,-37.84248],[144.77087,-37.84267],[144.77083,-37.84271],[144.77094,-37.84294]]]},"properties":{"cat":"industrial","name":""}},{"type":"Feature","geometry":{"type":"Polygon","coordinates":[[[144.77878,-37.83987],[144.77786,-37.83971],[144.77508,-37.83629],[144.7765,-37.83623],[144.77842,-37.83861],[144.77847,-37.83865],[144.77854,-37.83869],[144.77863,-37.83872],[144.77878,-37.83875],[144.77905,-37.83878],[144.77878,-37.83987]]]},"properties":{"cat":"industrial","name":""}},{"type":"Feature","geometry":{"type":"Polygon","coordinates":[[[144.77786,-37.83971],[144.7775,-37.84095],[144.78009,-37.84142],[144.78025,-37.84078],[144.7803,-37.84058],[144.78042,-37.84013],[144.77878,-37.83987],[144.77786,-37.83971]]]},"properties":{"cat":"industrial","name":""}},{"type":"Feature","geometry":{"type":"Polygon","coordinates":[[[144.77905,-37.83878],[144.77878,-37.83875],[144.77863,-37.83872],[144.77854,-37.83869],[144.77847,-37.83865],[144.77842,-37.83861],[144.7765,-37.83623],[144.77927,-37.83607],[144.78133,-37.83835],[144.78173,-37.83921],[144.78158,-37.83919],[144.77905,-37.83878]]]},"properties":{"cat":"industrial","name":""}},{"type":"Feature","geometry":{"type":"Polygon","coordinates":[[[144.78049,-37.83709],[144.78156,-37.83825],[144.78252,-37.84038],[144.78259,-37.84048],[144.78329,-37.8374],[144.78239,-37.83727],[144.78238,-37.83736],[144.78049,-37.83709]]]},"properties":{"cat":"industrial","name":""}},{"type":"Feature","geometry":{"type":"Polygon","coordinates":[[[144.78185,-37.84037],[144.78174,-37.84082],[144.7803,-37.84058],[144.78042,-37.84013],[144.78185,-37.84037]]]},"properties":{"cat":"industrial","name":""}},{"type":"Feature","geometry":{"type":"Polygon","coordinates":[[[144.78094,-37.84088],[144.78235,-37.84111],[144.78243,-37.84121],[144.7824,-37.84133],[144.78235,-37.84142],[144.78231,-37.84148],[144.7823,-37.8415],[144.78228,-37.84156],[144.78101,-37.84139],[144.78082,-37.84136],[144.78094,-37.84088]]]},"properties":{"cat":"industrial","name":""}},{"type":"Feature","geometry":{"type":"Polygon","coordinates":[[[144.79993,-37.85552],[144.79647,-37.85482],[144.79643,-37.85461],[144.79656,-37.85397],[144.79659,-37.85381],[144.79658,-37.85366],[144.79656,-37.85358],[144.79652,-37.85351],[144.79644,-37.8534],[144.79634,-37.85329],[144.79502,-37.85187],[144.79511,-37.85188],[144.79588,-37.85197],[144.79601,-37.85144],[144.79921,-37.85183],[144.80059,-37.85199],[144.79993,-37.85552]]]},"properties":{"cat":"industrial","name":""}},{"type":"Feature","geometry":{"type":"Polygon","coordinates":[[[144.79448,-37.85127],[144.79502,-37.85187],[144.79597,-37.85291],[144.79634,-37.85329],[144.79644,-37.8534],[144.79652,-37.85351],[144.79656,-37.85358],[144.79658,-37.85366],[144.79659,-37.85381],[144.79656,-37.85397],[144.79643,-37.85461],[144.79642,-37.85468],[144.79642,-37.85472],[144.79644,-37.85478],[144.79647,-37.85482],[144.79651,-37.85486],[144.79658,-37.85488],[144.79674,-37.85491],[144.79801,-37.85508],[144.79827,-37.8551],[144.79839,-37.85509],[144.7985,-37.85506],[144.79857,-37.85501],[144.79862,-37.85495],[144.79921,-37.85183],[144.79601,-37.85144],[144.79588,-37.85197],[144.79511,-37.85188],[144.79521,-37.85135],[144.79448,-37.85127]]]},"properties":{"cat":"industrial","name":""}},{"type":"Feature","geometry":{"type":"Polygon","coordinates":[[[144.79541,-37.85253],[144.7958,-37.85297],[144.79527,-37.85327],[144.79339,-37.85286],[144.79356,-37.85235],[144.79357,-37.85232],[144.79367,-37.85178],[144.79377,-37.85123],[144.79379,-37.85113],[144.79418,-37.85118],[144.79431,-37.85131],[144.79541,-37.85253]]]},"properties":{"cat":"industrial","name":""}},{"type":"Feature","geometry":{"type":"Polygon","coordinates":[[[144.81051,-37.8567],[144.81028,-37.85615],[144.81008,-37.85565],[144.80993,-37.85528],[144.80979,-37.85493],[144.81115,-37.85459],[144.81162,-37.85576],[144.81226,-37.8556],[144.81306,-37.8554],[144.81331,-37.85597],[144.81051,-37.8567]]]},"properties":{"cat":"industrial","name":""}},{"type":"Feature","geometry":{"type":"Polygon","coordinates":[[[144.81613,-37.85948],[144.81538,-37.85939],[144.81408,-37.85616],[144.81406,-37.85602],[144.81419,-37.85599],[144.81426,-37.85597],[144.81427,-37.85594],[144.81427,-37.85589],[144.81425,-37.85585],[144.81423,-37.85581],[144.81671,-37.85519],[144.81692,-37.85514],[144.81682,-37.85566],[144.81675,-37.85606],[144.81613,-37.85948]]]},"properties":{"cat":"industrial","name":""}},{"type":"Feature","geometry":{"type":"Polygon","coordinates":[[[145.69715,-37.72497],[145.69728,-37.72497],[145.69728,-37.72521],[145.69696,-37.72521],[145.69696,-37.72512],[145.69715,-37.72512],[145.69715,-37.72497]]]},"properties":{"cat":"industrial","name":""}},{"type":"Feature","geometry":{"type":"Polygon","coordinates":[[[144.7399,-37.82396],[144.74272,-37.8242],[144.74303,-37.82188],[144.7416,-37.82176],[144.74021,-37.82164],[144.7399,-37.82396]]]},"properties":{"cat":"industrial","name":""}},{"type":"Feature","geometry":{"type":"Polygon","coordinates":[[[144.94932,-37.77642],[144.94913,-37.77625],[144.94892,-37.77603],[144.94889,-37.77597],[144.94886,-37.77589],[144.94888,-37.77577],[144.9497,-37.77587],[144.94949,-37.77623],[144.94932,-37.77642]]]},"properties":{"cat":"industrial","name":""}},{"type":"Feature","geometry":{"type":"Polygon","coordinates":[[[144.56759,-37.7972],[144.56713,-37.79738],[144.5667,-37.79793],[144.56629,-37.798],[144.56591,-37.79807],[144.56556,-37.79843],[144.56583,-37.79856],[144.56636,-37.79859],[144.56766,-37.79816],[144.56795,-37.79834],[144.56815,-37.79826],[144.5684,-37.79754],[144.56812,-37.79741],[144.5679,-37.79731],[144.56759,-37.7972]]]},"properties":{"cat":"landfill","name":""}},{"type":"Feature","geometry":{"type":"Polygon","coordinates":[[[144.56915,-37.797],[144.56859,-37.79722],[144.56874,-37.79772],[144.56907,-37.7976],[144.56922,-37.79728],[144.56915,-37.797]]]},"properties":{"cat":"landfill","name":""}},{"type":"Feature","geometry":{"type":"Polygon","coordinates":[[[144.77746,-37.78091],[144.77762,-37.78096],[144.77761,-37.781],[144.7777,-37.78102],[144.77774,-37.78104],[144.7778,-37.78106],[144.77782,-37.78102],[144.7783,-37.78116],[144.77829,-37.78119],[144.77836,-37.7812],[144.77837,-37.78118],[144.77853,-37.78122],[144.77851,-37.78126],[144.77861,-37.78128],[144.77862,-37.78125],[144.77867,-37.78126],[144.77989,-37.78157],[144.77987,-37.78166],[144.77981,-37.78208],[144.77975,-37.78255],[144.77931,-37.78251],[144.77852,-37.78245],[144.7785,-37.78245],[144.77726,-37.78234],[144.77738,-37.78145],[144.77746,-37.78091]]]},"properties":{"cat":"industrial","name":"Digital Realty"}},{"type":"Feature","geometry":{"type":"Polygon","coordinates":[[[144.73875,-37.83156],[144.74068,-37.83173],[144.74234,-37.83187],[144.74449,-37.83205],[144.74415,-37.83454],[144.74027,-37.83421],[144.73915,-37.83411],[144.73842,-37.83404],[144.73847,-37.8337],[144.73875,-37.83156]]]},"properties":{"cat":"industrial","name":"Centreland Park"}},{"type":"Feature","geometry":{"type":"Polygon","coordinates":[[[145.02673,-37.75904],[145.0267,-37.75918],[145.02587,-37.75909],[145.02559,-37.76058],[145.02787,-37.76076],[145.02803,-37.76055],[145.02827,-37.76017],[145.0283,-37.76],[145.02843,-37.75921],[145.02815,-37.75918],[145.02673,-37.75904]]]},"properties":{"cat":"industrial","name":""}},{"type":"Feature","geometry":{"type":"Polygon","coordinates":[[[144.93142,-37.79126],[144.93148,-37.79093],[144.93151,-37.7908],[144.93116,-37.79077],[144.93114,-37.79089],[144.93108,-37.79122],[144.93142,-37.79126]]]},"properties":{"cat":"industrial","name":"Ortho Chemicals"}},{"type":"Feature","geometry":{"type":"Polygon","coordinates":[[[144.88244,-37.84493],[144.88283,-37.84508],[144.88264,-37.84525],[144.88285,-37.84536],[144.88229,-37.84592],[144.88185,-37.84565],[144.88229,-37.84514],[144.88244,-37.84493]]]},"properties":{"cat":"industrial","name":"Newport Signals Depot"}},{"type":"Feature","geometry":{"type":"Polygon","coordinates":[[[144.93459,-37.7887],[144.93459,-37.78872],[144.93452,-37.78903],[144.93439,-37.78976],[144.93433,-37.79011],[144.93478,-37.79016],[144.93477,-37.79022],[144.93476,-37.79027],[144.9347,-37.79058],[144.93464,-37.79092],[144.93512,-37.79097],[144.93503,-37.79131],[144.93518,-37.79133],[144.93512,-37.79171],[144.93477,-37.79168],[144.93476,-37.79174],[144.93475,-37.79178],[144.93469,-37.79208],[144.93464,-37.79207],[144.93434,-37.79205],[144.93426,-37.79253],[144.9346,-37.79257],[144.93455,-37.79282],[144.93455,-37.79283],[144.93426,-37.7928],[144.93421,-37.79312],[144.93392,-37.79309],[144.93379,-37.79308],[144.93302,-37.793],[144.93261,-37.79293],[144.93259,-37.79302],[144.93257,-37.79307],[144.93233,-37.79431],[144.93147,-37.79421],[144.93144,-37.79434],[144.93142,-37.79434],[144.93101,-37.79428],[144.93093,-37.79454],[144.93103,-37.79455],[144.93114,-37.79456],[144.93121,-37.79456],[144.93134,-37.79498],[144.93531,-37.79541],[144.93536,-37.79484],[144.93555,-37.79457],[144.93619,-37.79071],[144.9363,-37.79027],[144.93638,-37.78991],[144.93657,-37.7896],[144.93686,-37.78896],[144.93459,-37.7887]]]},"properties":{"cat":"industrial","name":""}},{"type":"Feature","geometry":{"type":"Polygon","coordinates":[[[144.92506,-37.53832],[144.92801,-37.53864],[144.928,-37.53868],[144.92662,-37.54624],[144.92643,-37.54726],[144.92626,-37.54818],[144.92577,-37.55083],[144.92581,-37.5496],[144.9258,-37.54938],[144.92575,-37.54903],[144.92567,-37.54866],[144.9256,-37.54844],[144.92553,-37.54825],[144.92546,-37.54809],[144.92546,-37.54807],[144.92538,-37.5479],[144.9253,-37.54775],[144.9252,-37.54757],[144.92524,-37.54744],[144.92505,-37.5472],[144.92469,-37.54674],[144.92457,-37.54658],[144.92428,-37.54626],[144.92422,-37.54614],[144.92398,-37.5456],[144.92386,-37.54516],[144.92381,-37.54474],[144.92378,-37.54437],[144.92377,-37.54418],[144.92382,-37.54377],[144.92402,-37.54265],[144.92409,-37.54226],[144.92427,-37.5412],[144.92442,-37.54041],[144.92456,-37.53987],[144.92469,-37.53924],[144.92484,-37.53842],[144.92493,-37.53836],[144.92506,-37.53832]]]},"properties":{"cat":"industrial","name":""}},{"type":"Feature","geometry":{"type":"Polygon","coordinates":[[[144.9883,-37.82872],[144.98881,-37.82902],[144.9896,-37.82947],[144.9903,-37.82956],[144.99005,-37.83092],[144.98922,-37.83007],[144.98841,-37.82917],[144.98827,-37.82873],[144.9883,-37.82872]]]},"properties":{"cat":"industrial","name":"The Malt District"}},{"type":"Feature","geometry":{"type":"Polygon","coordinates":[[[144.85383,-37.69002],[144.85523,-37.69009],[144.85528,-37.69035],[144.85562,-37.69224],[144.85573,-37.69284],[144.85566,-37.69314],[144.85539,-37.69322],[144.85476,-37.69329],[144.85452,-37.69335],[144.8529,-37.69355],[144.85278,-37.69356],[144.85147,-37.69358],[144.85113,-37.69175],[144.85244,-37.6916],[144.85243,-37.69151],[144.85407,-37.69131],[144.85383,-37.69002]]]},"properties":{"cat":"industrial","name":""}},{"type":"Feature","geometry":{"type":"Polygon","coordinates":[[[145.23959,-38.07937],[145.23924,-38.08115],[145.23921,-38.08129],[145.24163,-38.08159],[145.24176,-38.08067],[145.24193,-38.07966],[145.23959,-38.07937]]]},"properties":{"cat":"industrial","name":""}},{"type":"Feature","geometry":{"type":"Polygon","coordinates":[[[144.80105,-37.83756],[144.80744,-37.83454],[144.80751,-37.83462],[144.80758,-37.83471],[144.80477,-37.83601],[144.80442,-37.83619],[144.80527,-37.83734],[144.80584,-37.83755],[144.80555,-37.83984],[144.80081,-37.83942],[144.80105,-37.83756]]]},"properties":{"cat":"industrial","name":""}},{"type":"Feature","geometry":{"type":"Polygon","coordinates":[[[144.8099,-37.84318],[144.80998,-37.84261],[144.8099,-37.8426],[144.80989,-37.84263],[144.80916,-37.84256],[144.80908,-37.84311],[144.80943,-37.84314],[144.8099,-37.84318]]]},"properties":{"cat":"industrial","name":"Toll"}},{"type":"Feature","geometry":{"type":"Polygon","coordinates":[[[144.80584,-37.83755],[144.80766,-37.8382],[144.80772,-37.83809],[144.80773,-37.83786],[144.80563,-37.83711],[144.80554,-37.83707],[144.80477,-37.83601],[144.80758,-37.83471],[144.8084,-37.83433],[144.80841,-37.83426],[144.80854,-37.83419],[144.80869,-37.83421],[144.80885,-37.83413],[144.80885,-37.83405],[144.81369,-37.83177],[144.81453,-37.83157],[144.81499,-37.83136],[144.81471,-37.83342],[144.81438,-37.83609],[144.81314,-37.836],[144.81294,-37.83767],[144.81416,-37.83777],[144.81415,-37.83784],[144.81413,-37.83797],[144.81402,-37.8388],[144.81242,-37.83868],[144.81046,-37.83852],[144.81046,-37.83847],[144.80787,-37.83827],[144.80766,-37.83994],[144.80765,-37.84003],[144.80555,-37.83984],[144.80584,-37.83755]]]},"properties":{"cat":"industrial","name":"Manheim Auctions"}},{"type":"Feature","geometry":{"type":"Polygon","coordinates":[[[144.80699,-37.84489],[144.80963,-37.84512],[144.8099,-37.84318],[144.80943,-37.84314],[144.80908,-37.84311],[144.80726,-37.84296],[144.80699,-37.84489]]]},"properties":{"cat":"industrial","name":""}},{"type":"Feature","geometry":{"type":"Polygon","coordinates":[[[144.8172,-37.83149],[144.81697,-37.83143],[144.81681,-37.83252],[144.81654,-37.83286],[144.81624,-37.83319],[144.8161,-37.8333],[144.81597,-37.83341],[144.81594,-37.83349],[144.81593,-37.83353],[144.8156,-37.83619],[144.817,-37.83631],[144.81775,-37.83637],[144.81816,-37.83641],[144.81887,-37.8311],[144.81832,-37.83107],[144.81818,-37.83106],[144.81803,-37.83108],[144.81781,-37.83118],[144.81763,-37.83137],[144.81749,-37.83145],[144.81735,-37.83149],[144.8172,-37.83149]]]},"properties":{"cat":"industrial","name":""}},{"type":"Feature","geometry":{"type":"Polygon","coordinates":[[[144.81314,-37.836],[144.81294,-37.83767],[144.81416,-37.83777],[144.81678,-37.83799],[144.817,-37.83631],[144.8156,-37.83619],[144.81438,-37.83609],[144.81314,-37.836]]]},"properties":{"cat":"industrial","name":"Manildra Group \u2013 Melbourne"}},{"type":"Feature","geometry":{"type":"Polygon","coordinates":[[[144.81413,-37.83797],[144.81801,-37.83829],[144.81777,-37.84011],[144.81754,-37.84177],[144.81753,-37.84184],[144.81424,-37.84157],[144.8141,-37.84149],[144.81389,-37.84147],[144.81375,-37.84123],[144.81375,-37.84083],[144.81402,-37.8388],[144.81413,-37.83797]]]},"properties":{"cat":"industrial","name":""}},{"type":"Feature","geometry":{"type":"Polygon","coordinates":[[[144.8261,-37.83363],[144.82564,-37.83705],[144.8219,-37.83673],[144.82085,-37.83664],[144.82022,-37.83659],[144.81947,-37.83652],[144.81826,-37.83642],[144.81816,-37.83641],[144.81887,-37.8311],[144.82217,-37.83137],[144.82421,-37.83153],[144.82415,-37.83202],[144.82399,-37.83333],[144.82397,-37.83345],[144.8261,-37.83363]]]},"properties":{"cat":"industrial","name":""}},{"type":"Feature","geometry":{"type":"Polygon","coordinates":[[[144.8199,-37.84832],[144.81286,-37.84746],[144.81305,-37.846],[144.81332,-37.84396],[144.81358,-37.84205],[144.81729,-37.84236],[144.81749,-37.8424],[144.81773,-37.84248],[144.81794,-37.8426],[144.81808,-37.84273],[144.81825,-37.84294],[144.81833,-37.84309],[144.81834,-37.84321],[144.81805,-37.84542],[144.81804,-37.84563],[144.81806,-37.84586],[144.8181,-37.84606],[144.81815,-37.84622],[144.81825,-37.84646],[144.81835,-37.84664],[144.81861,-37.84698],[144.81891,-37.84729],[144.8199,-37.84832]]]},"properties":{"cat":"industrial","name":""}},{"type":"Feature","geometry":{"type":"Polygon","coordinates":[[[144.82184,-37.8422],[144.82044,-37.84209],[144.81919,-37.84199],[144.81903,-37.84317],[144.81873,-37.84533],[144.81871,-37.84581],[144.81873,-37.84587],[144.82104,-37.84607],[144.82136,-37.84587],[144.82157,-37.84427],[144.82184,-37.8422]]]},"properties":{"cat":"industrial","name":""}},{"type":"Feature","geometry":{"type":"Polygon","coordinates":[[[144.82253,-37.84712],[144.82157,-37.84704],[144.82147,-37.84694],[144.82154,-37.84632],[144.82162,-37.84628],[144.82165,-37.84623],[144.82167,-37.84619],[144.82167,-37.84613],[144.82163,-37.84606],[144.8216,-37.84601],[144.8216,-37.84596],[144.82177,-37.84467],[144.82207,-37.84446],[144.82392,-37.84462],[144.82414,-37.84468],[144.82449,-37.8447],[144.82468,-37.84489],[144.82451,-37.84613],[144.82447,-37.84624],[144.82426,-37.84663],[144.82362,-37.84731],[144.82305,-37.84727],[144.82301,-37.84716],[144.82289,-37.84709],[144.82275,-37.84709],[144.82264,-37.84713],[144.82253,-37.84712]]]},"properties":{"cat":"industrial","name":""}},{"type":"Feature","geometry":{"type":"Polygon","coordinates":[[[144.82136,-37.84623],[144.81876,-37.846],[144.81881,-37.84617],[144.81907,-37.84661],[144.82072,-37.84827],[144.82128,-37.84831],[144.82134,-37.84788],[144.82289,-37.84802],[144.82362,-37.84731],[144.82305,-37.84727],[144.823,-37.84737],[144.82288,-37.84743],[144.82272,-37.84741],[144.82259,-37.84731],[144.8215,-37.84721],[144.82143,-37.8472],[144.82126,-37.84715],[144.82136,-37.84623]]]},"properties":{"cat":"industrial","name":""}},{"type":"Feature","geometry":{"type":"Polygon","coordinates":[[[144.82184,-37.8422],[144.82496,-37.84247],[144.82501,-37.84247],[144.82477,-37.8443],[144.82452,-37.84447],[144.82417,-37.84444],[144.82396,-37.84446],[144.82157,-37.84427],[144.82184,-37.8422]]]},"properties":{"cat":"industrial","name":""}},{"type":"Feature","geometry":{"type":"Polygon","coordinates":[[[144.82167,-37.83841],[144.8219,-37.83673],[144.82564,-37.83705],[144.82542,-37.83875],[144.82167,-37.83841]]]},"properties":{"cat":"industrial","name":""}},{"type":"Feature","geometry":{"type":"Polygon","coordinates":[[[144.81803,-37.8381],[144.81826,-37.83642],[144.81947,-37.83652],[144.81924,-37.8382],[144.81803,-37.8381]]]},"properties":{"cat":"industrial","name":""}},{"type":"Feature","geometry":{"type":"Polygon","coordinates":[[[144.81947,-37.83652],[144.81924,-37.8382],[144.82167,-37.83841],[144.8219,-37.83673],[144.82085,-37.83664],[144.82022,-37.83659],[144.81947,-37.83652]]]},"properties":{"cat":"industrial","name":""}},{"type":"Feature","geometry":{"type":"Polygon","coordinates":[[[144.817,-37.83631],[144.81775,-37.83637],[144.81766,-37.83707],[144.81772,-37.83708],[144.81762,-37.8378],[144.81744,-37.83791],[144.81742,-37.83805],[144.81678,-37.83799],[144.817,-37.83631]]]},"properties":{"cat":"industrial","name":""}},{"type":"Feature","geometry":{"type":"Polygon","coordinates":[[[144.81742,-37.83805],[144.81803,-37.8381],[144.81826,-37.83642],[144.81816,-37.83641],[144.81775,-37.83637],[144.81766,-37.83707],[144.81772,-37.83708],[144.81762,-37.8378],[144.81744,-37.83791],[144.81742,-37.83805]]]},"properties":{"cat":"industrial","name":""}},{"type":"Feature","geometry":{"type":"Polygon","coordinates":[[[144.81831,-37.84015],[144.81809,-37.84182],[144.81838,-37.84185],[144.81838,-37.84191],[144.81919,-37.84199],[144.82044,-37.84209],[144.82065,-37.84039],[144.82066,-37.84034],[144.81831,-37.84015]]]},"properties":{"cat":"industrial","name":""}},{"type":"Feature","geometry":{"type":"Polygon","coordinates":[[[144.81831,-37.84015],[144.81777,-37.84011],[144.81754,-37.84177],[144.81809,-37.84182],[144.81831,-37.84015]]]},"properties":{"cat":"industrial","name":""}},{"type":"Feature","geometry":{"type":"Polygon","coordinates":[[[144.81829,-37.83831],[144.81823,-37.83833],[144.81802,-37.83996],[144.81805,-37.83999],[144.82166,-37.84029],[144.8218,-37.83927],[144.82189,-37.83861],[144.81829,-37.83831]]]},"properties":{"cat":"industrial","name":""}},{"type":"Feature","geometry":{"type":"Polygon","coordinates":[[[144.82496,-37.84247],[144.82515,-37.84079],[144.82419,-37.84071],[144.8227,-37.84056],[144.82065,-37.84039],[144.82044,-37.84209],[144.82184,-37.8422],[144.82496,-37.84247]]]},"properties":{"cat":"industrial","name":""}},{"type":"Feature","geometry":{"type":"Polygon","coordinates":[[[144.81242,-37.83868],[144.81282,-37.83904],[144.81339,-37.83908],[144.81357,-37.83926],[144.81352,-37.83968],[144.81224,-37.83958],[144.81201,-37.84137],[144.81059,-37.84124],[144.81053,-37.84124],[144.8106,-37.84069],[144.8108,-37.84055],[144.81084,-37.84025],[144.81029,-37.8402],[144.81026,-37.84041],[144.80834,-37.84024],[144.80837,-37.83999],[144.80766,-37.83994],[144.80787,-37.83827],[144.81046,-37.83847],[144.81046,-37.83852],[144.81242,-37.83868]]]},"properties":{"cat":"industrial","name":""}},{"type":"Feature","geometry":{"type":"Polygon","coordinates":[[[144.82166,-37.84029],[144.8228,-37.84039],[144.82296,-37.83916],[144.82262,-37.83913],[144.82259,-37.83934],[144.8218,-37.83927],[144.82166,-37.84029]]]},"properties":{"cat":"industrial","name":""}},{"type":"Feature","geometry":{"type":"Polygon","coordinates":[[[144.82268,-37.83867],[144.82262,-37.83913],[144.82259,-37.83934],[144.8218,-37.83927],[144.82189,-37.83861],[144.82268,-37.83867]]]},"properties":{"cat":"industrial","name":""}},{"type":"Feature","geometry":{"type":"Polygon","coordinates":[[[144.82268,-37.83867],[144.82297,-37.83869],[144.82302,-37.83874],[144.82296,-37.83916],[144.82262,-37.83913],[144.82268,-37.83867]]]},"properties":{"cat":"industrial","name":""}},{"type":"Feature","geometry":{"type":"Polygon","coordinates":[[[144.7508,-37.8205],[144.74978,-37.82042],[144.74967,-37.82038],[144.75003,-37.8177],[144.75019,-37.81771],[144.75116,-37.8178],[144.7508,-37.8205]]]},"properties":{"cat":"industrial","name":""}},{"type":"Feature","geometry":{"type":"Polygon","coordinates":[[[144.75734,-37.83314],[144.75879,-37.83327],[144.75877,-37.83336],[144.75864,-37.83439],[144.75718,-37.83427],[144.75734,-37.83314]]]},"properties":{"cat":"industrial","name":""}},{"type":"Feature","geometry":{"type":"Polygon","coordinates":[[[144.85908,-37.81727],[144.8596,-37.81467],[144.85953,-37.81434],[144.85926,-37.81428],[144.85634,-37.81506],[144.85625,-37.81513],[144.85862,-37.81722],[144.85908,-37.81727]]]},"properties":{"cat":"industrial","name":"Tasman Logistics Services"}},{"type":"Feature","geometry":{"type":"Polygon","coordinates":[[[144.85422,-37.81933],[144.8543,-37.81898],[144.85453,-37.81791],[144.85467,-37.81727],[144.85184,-37.81697],[144.85131,-37.8194],[144.85112,-37.8203],[144.84952,-37.82008],[144.84889,-37.82299],[144.84891,-37.82345],[144.84913,-37.82349],[144.85112,-37.82369],[144.85119,-37.82369],[144.85124,-37.82368],[144.85127,-37.82367],[144.8513,-37.82364],[144.85155,-37.82252],[144.85347,-37.82278],[144.85351,-37.82264],[144.85368,-37.82186],[144.85373,-37.82159],[144.85379,-37.82132],[144.85385,-37.82106],[144.85391,-37.82079],[144.85406,-37.82008],[144.85415,-37.81969],[144.85422,-37.81933]]]},"properties":{"cat":"industrial","name":"Stockland Brooklyn Distribution Centre"}},{"type":"Feature","geometry":{"type":"Polygon","coordinates":[[[144.85184,-37.81697],[144.8509,-37.81687],[144.85072,-37.81763],[144.85006,-37.81756],[144.84971,-37.81918],[144.85131,-37.8194],[144.85184,-37.81697]]]},"properties":{"cat":"industrial","name":"HAG Import Corporation"}},{"type":"Feature","geometry":{"type":"Polygon","coordinates":[[[144.94582,-37.68294],[144.94558,-37.68294],[144.94558,-37.68308],[144.94574,-37.68309],[144.94608,-37.68463],[144.94619,-37.68464],[144.94616,-37.68482],[144.946,-37.6848],[144.94592,-37.68489],[144.94598,-37.68516],[144.9459,-37.68517],[144.94578,-37.68527],[144.9459,-37.68588],[144.94684,-37.68575],[144.94711,-37.68557],[144.9473,-37.68549],[144.9475,-37.68545],[144.94776,-37.68541],[144.9478,-37.68435],[144.94783,-37.68337],[144.94784,-37.683],[144.94582,-37.68294]]]},"properties":{"cat":"prison","name":"Melbourne Immigration Transit Accommodation"}},{"type":"Feature","geometry":{"type":"Polygon","coordinates":[[[144.90389,-37.82628],[144.90401,-37.82642],[144.90404,-37.8264],[144.90416,-37.82634],[144.90417,-37.82633],[144.90514,-37.8274],[144.90603,-37.8284],[144.90644,-37.82885],[144.90657,-37.82898],[144.90654,-37.82907],[144.90531,-37.83024],[144.90543,-37.83032],[144.90344,-37.83223],[144.90245,-37.83167],[144.90375,-37.83058],[144.90156,-37.82896],[144.90261,-37.8276],[144.90303,-37.82708],[144.90341,-37.82673],[144.90389,-37.82628]]]},"properties":{"cat":"industrial","name":"Boeing Aerostructures Australia"}},{"type":"Feature","geometry":{"type":"Polygon","coordinates":[[[144.85886,-37.83224],[144.85834,-37.83218],[144.85838,-37.83193],[144.85804,-37.8319],[144.85812,-37.83144],[144.85824,-37.83077],[144.85865,-37.83082],[144.85909,-37.83087],[144.85886,-37.83224]]]},"properties":{"cat":"industrial","name":""}},{"type":"Feature","geometry":{"type":"Polygon","coordinates":[[[145.0089,-37.78463],[145.00916,-37.78541],[145.00918,-37.7854],[145.00963,-37.78524],[145.00988,-37.78516],[145.01026,-37.78503],[145.01026,-37.785],[145.01038,-37.78439],[145.01039,-37.78437],[145.01005,-37.78432],[145.0098,-37.78428],[145.00944,-37.78422],[145.009,-37.78415],[145.0089,-37.78463]]]},"properties":{"cat":"industrial","name":"Porta Mouldings"}},{"type":"Feature","geometry":{"type":"Polygon","coordinates":[[[144.87546,-37.77699],[144.87639,-37.77789],[144.87754,-37.77716],[144.87666,-37.77629],[144.87641,-37.77626],[144.87626,-37.77709],[144.87546,-37.77699]]]},"properties":{"cat":"industrial","name":""}},{"type":"Feature","geometry":{"type":"Polygon","coordinates":[[[144.87634,-37.77793],[144.87631,-37.7779],[144.87623,-37.77782],[144.87621,-37.77778],[144.87554,-37.77712],[144.87536,-37.77695],[144.87507,-37.77692],[144.87493,-37.77676],[144.87499,-37.77645],[144.8751,-37.77647],[144.87555,-37.77652],[144.87546,-37.77699],[144.87639,-37.77789],[144.87634,-37.77793]]]},"properties":{"cat":"industrial","name":""}},{"type":"Feature","geometry":{"type":"Polygon","coordinates":[[[144.87933,-37.7772],[144.87939,-37.7768],[144.87911,-37.77654],[144.87906,-37.77657],[144.87897,-37.77649],[144.87803,-37.77709],[144.87933,-37.7772]]]},"properties":{"cat":"industrial","name":""}},{"type":"Feature","geometry":{"type":"Polygon","coordinates":[[[144.88219,-37.77743],[144.88273,-37.77748],[144.88281,-37.77691],[144.8829,-37.77632],[144.88315,-37.77634],[144.88333,-37.7754],[144.88259,-37.7753],[144.88253,-37.77571],[144.88248,-37.77577],[144.88236,-37.77624],[144.88219,-37.77743]]]},"properties":{"cat":"industrial","name":""}},{"type":"Feature","geometry":{"type":"Polygon","coordinates":[[[144.7389,-37.76002],[144.73929,-37.75835],[144.73938,-37.758],[144.73939,-37.75771],[144.73942,-37.7574],[144.73943,-37.75729],[144.73943,-37.75725],[144.73943,-37.75721],[144.73943,-37.75718],[144.73942,-37.75711],[144.73941,-37.75703],[144.73942,-37.75697],[144.73942,-37.75693],[144.73942,-37.75688],[144.73942,-37.75686],[144.73942,-37.75684],[144.73942,-37.7568],[144.73939,-37.75661],[144.73939,-37.75658],[144.73938,-37.75656],[144.73937,-37.75653],[144.73936,-37.75651],[144.73925,-37.75647],[144.73809,-37.75633],[144.73621,-37.75651],[144.73713,-37.75771],[144.7389,-37.76002]]]},"properties":{"cat":"industrial","name":""}},{"type":"Feature","geometry":{"type":"Polygon","coordinates":[[[144.71444,-37.87621],[144.71559,-37.87576],[144.7147,-37.87434],[144.71377,-37.87284],[144.71271,-37.87342],[144.71444,-37.87621]]]},"properties":{"cat":"industrial","name":"Wyndham City Depot"}},{"type":"Feature","geometry":{"type":"Polygon","coordinates":[[[144.88996,-37.80052],[144.89033,-37.80032],[144.8905,-37.8005],[144.89067,-37.80042],[144.89064,-37.80059],[144.88996,-37.80052]]]},"properties":{"cat":"industrial","name":""}},{"type":"Feature","geometry":{"type":"Polygon","coordinates":[[[145.0793,-37.65039],[145.07978,-37.65048],[145.08041,-37.65057],[145.08049,-37.65058],[145.08065,-37.65056],[145.08069,-37.65056],[145.08073,-37.65056],[145.08077,-37.65058],[145.08082,-37.65061],[145.08084,-37.65065],[145.08086,-37.65069],[145.08088,-37.65081],[145.08088,-37.65088],[145.08087,-37.65096],[145.08085,-37.65104],[145.08072,-37.6513],[145.08064,-37.65147],[145.08061,-37.65154],[145.08059,-37.6516],[145.08055,-37.65182],[145.08057,-37.65184],[145.08056,-37.65186],[145.07932,-37.65173],[145.07914,-37.65171],[145.07908,-37.6517],[145.0793,-37.65039]]]},"properties":{"cat":"industrial","name":""}},{"type":"Feature","geometry":{"type":"Polygon","coordinates":[[[144.79379,-37.82201],[144.79365,-37.82307],[144.79353,-37.82391],[144.79541,-37.82407],[144.79566,-37.82215],[144.79379,-37.82201]]]},"properties":{"cat":"industrial","name":"Encore Tissue Pty Ltd"}},{"type":"Feature","geometry":{"type":"Polygon","coordinates":[[[145.13246,-37.83683],[145.13037,-37.83658],[145.12968,-37.83741],[145.12785,-37.8381],[145.12815,-37.83866],[145.12834,-37.83868],[145.12852,-37.83879],[145.12853,-37.83909],[145.12875,-37.83926],[145.12875,-37.83953],[145.12947,-37.83957],[145.13039,-37.83975],[145.13028,-37.84036],[145.13044,-37.84038],[145.13172,-37.84053],[145.13185,-37.83996],[145.13333,-37.84012],[145.13363,-37.83874],[145.13212,-37.83857],[145.13215,-37.83841],[145.13246,-37.83683]]]},"properties":{"cat":"industrial","name":"Asaleo Care Box Hill Plant"}},{"type":"Feature","geometry":{"type":"Polygon","coordinates":[[[145.11696,-37.9221],[145.11714,-37.92223],[145.11707,-37.92228],[145.1169,-37.92215],[145.11696,-37.9221]]]},"properties":{"cat":"industrial","name":""}},{"type":"Feature","geometry":{"type":"Polygon","coordinates":[[[144.39618,-37.83101],[144.39682,-37.83081],[144.39683,-37.83081],[144.39683,-37.8308],[144.39701,-37.82968],[144.399,-37.8299],[144.39935,-37.82987],[144.39937,-37.82979],[144.40157,-37.83005],[144.40147,-37.83075],[144.39926,-37.83095],[144.3992,-37.83137],[144.3992,-37.83141],[144.39618,-37.83101]]]},"properties":{"cat":"industrial","name":"Riordan Grain Services"}},{"type":"Feature","geometry":{"type":"Polygon","coordinates":[[[144.85797,-37.69026],[144.8593,-37.69],[144.86053,-37.68991],[144.8608,-37.69128],[144.86018,-37.69136],[144.86027,-37.69183],[144.85817,-37.69172],[144.85789,-37.69026],[144.85797,-37.69026]]]},"properties":{"cat":"industrial","name":""}},{"type":"Feature","geometry":{"type":"Polygon","coordinates":[[[144.86215,-37.68393],[144.86272,-37.68357],[144.86269,-37.68353],[144.8637,-37.68289],[144.86434,-37.68377],[144.86447,-37.68406],[144.86455,-37.68438],[144.86465,-37.68482],[144.86445,-37.68499],[144.86373,-37.68507],[144.86374,-37.68511],[144.86381,-37.68555],[144.86476,-37.68544],[144.86488,-37.68605],[144.86503,-37.68728],[144.86429,-37.68737],[144.8642,-37.68737],[144.86393,-37.6874],[144.86424,-37.68901],[144.86303,-37.68916],[144.86274,-37.68755],[144.86268,-37.68728],[144.86207,-37.68406],[144.86219,-37.68398],[144.86217,-37.68395],[144.86215,-37.68393]]]},"properties":{"cat":"industrial","name":""}},{"type":"Feature","geometry":{"type":"Polygon","coordinates":[[[144.83061,-37.82808],[144.83093,-37.8261],[144.83192,-37.82602],[144.8317,-37.82738],[144.83188,-37.82741],[144.83167,-37.82864],[144.83061,-37.82808]]]},"properties":{"cat":"industrial","name":"Penske Australia"}},{"type":"Feature","geometry":{"type":"Polygon","coordinates":[[[144.82823,-37.8219],[144.82763,-37.82184],[144.8277,-37.82167],[144.82846,-37.8199],[144.82852,-37.81974],[144.82869,-37.81976],[144.82863,-37.82015],[144.8288,-37.82017],[144.8287,-37.82078],[144.82823,-37.8219]]]},"properties":{"cat":"industrial","name":""}},{"type":"Feature","geometry":{"type":"Polygon","coordinates":[[[144.82664,-37.82176],[144.82636,-37.82149],[144.82603,-37.8208],[144.82692,-37.82054],[144.82722,-37.82162],[144.82723,-37.82174],[144.82664,-37.82176]]]},"properties":{"cat":"industrial","name":""}},{"type":"Feature","geometry":{"type":"Polygon","coordinates":[[[144.82603,-37.8208],[144.82597,-37.82041],[144.82687,-37.82019],[144.82687,-37.82037],[144.82692,-37.82054],[144.82603,-37.8208]]]},"properties":{"cat":"industrial","name":""}},{"type":"Feature","geometry":{"type":"Polygon","coordinates":[[[144.8277,-37.82167],[144.82735,-37.82164],[144.82706,-37.8205],[144.82709,-37.82024],[144.82735,-37.81978],[144.82846,-37.8199],[144.8277,-37.82167]]]},"properties":{"cat":"industrial","name":""}},{"type":"Feature","geometry":{"type":"Polygon","coordinates":[[[144.83009,-37.82179],[144.83138,-37.82148],[144.83152,-37.82062],[144.83161,-37.82006],[144.83041,-37.81993],[144.83009,-37.82179]]]},"properties":{"cat":"industrial","name":""}},{"type":"Feature","geometry":{"type":"Polygon","coordinates":[[[144.83265,-37.82115],[144.83316,-37.82101],[144.83312,-37.82092],[144.83301,-37.82065],[144.83308,-37.82021],[144.83281,-37.82018],[144.83265,-37.82115]]]},"properties":{"cat":"industrial","name":""}},{"type":"Feature","geometry":{"type":"Polygon","coordinates":[[[144.83208,-37.8201],[144.8323,-37.82013],[144.83212,-37.82129],[144.83188,-37.82135],[144.83199,-37.82067],[144.83208,-37.8201]]]},"properties":{"cat":"industrial","name":""}},{"type":"Feature","geometry":{"type":"Polygon","coordinates":[[[144.8323,-37.82013],[144.83281,-37.82018],[144.83265,-37.82115],[144.83212,-37.82129],[144.8323,-37.82013]]]},"properties":{"cat":"industrial","name":""}},{"type":"Feature","geometry":{"type":"Polygon","coordinates":[[[144.83199,-37.82067],[144.83152,-37.82062],[144.83138,-37.82148],[144.83188,-37.82135],[144.83199,-37.82067]]]},"properties":{"cat":"industrial","name":""}},{"type":"Feature","geometry":{"type":"Polygon","coordinates":[[[144.83152,-37.82062],[144.83161,-37.82006],[144.83208,-37.8201],[144.83199,-37.82067],[144.83152,-37.82062]]]},"properties":{"cat":"industrial","name":""}},{"type":"Feature","geometry":{"type":"Polygon","coordinates":[[[144.75642,-37.83684],[144.75607,-37.83937],[144.75604,-37.83958],[144.75598,-37.83976],[144.75517,-37.83969],[144.75468,-37.83964],[144.7551,-37.83665],[144.75633,-37.83675],[144.75642,-37.83684]]]},"properties":{"cat":"industrial","name":""}},{"type":"Feature","geometry":{"type":"Polygon","coordinates":[[[144.66144,-37.91781],[144.66141,-37.91766],[144.66116,-37.91664],[144.66027,-37.91678],[144.66028,-37.91682],[144.65808,-37.91716],[144.65785,-37.91714],[144.65716,-37.91724],[144.65719,-37.91792],[144.65741,-37.9185],[144.65758,-37.91887],[144.65766,-37.91885],[144.65772,-37.91893],[144.65828,-37.91869],[144.65831,-37.91871],[144.65834,-37.91873],[144.65838,-37.91875],[144.65843,-37.91876],[144.65848,-37.91877],[144.65853,-37.91877],[144.65858,-37.91877],[144.65863,-37.91876],[144.65868,-37.91875],[144.65873,-37.91873],[144.66144,-37.91781]]]},"properties":{"cat":"industrial","name":"Concorde Business Park"}},{"type":"Feature","geometry":{"type":"Polygon","coordinates":[[[144.80823,-37.82974],[144.80773,-37.82675],[144.80872,-37.82649],[144.81187,-37.82567],[144.81191,-37.82572],[144.81255,-37.82637],[144.81379,-37.82699],[144.81481,-37.82796],[144.81464,-37.82918],[144.8145,-37.82937],[144.81372,-37.83007],[144.81261,-37.82996],[144.8122,-37.82993],[144.81185,-37.82994],[144.81069,-37.82996],[144.80979,-37.82997],[144.80973,-37.82957],[144.80936,-37.82961],[144.80939,-37.8298],[144.80823,-37.82974]]]},"properties":{"cat":"industrial","name":"The Junction"}},{"type":"Feature","geometry":{"type":"Polygon","coordinates":[[[145.05999,-37.85857],[145.06007,-37.85946],[145.06022,-37.85946],[145.06022,-37.85942],[145.06045,-37.85941],[145.06046,-37.85939],[145.06047,-37.85936],[145.06049,-37.85934],[145.06052,-37.85933],[145.06054,-37.85932],[145.06058,-37.85932],[145.06074,-37.8593],[145.06073,-37.85913],[145.06073,-37.85905],[145.06072,-37.85899],[145.06067,-37.8589],[145.06064,-37.85887],[145.06053,-37.85879],[145.06043,-37.85873],[145.0603,-37.85866],[145.06019,-37.8586],[145.06012,-37.85859],[145.06008,-37.85858],[145.06003,-37.85857],[145.05999,-37.85857]]]},"properties":{"cat":"industrial","name":""}},{"type":"Feature","geometry":{"type":"Polygon","coordinates":[[[144.75594,-37.84743],[144.75527,-37.84737],[144.75353,-37.8472],[144.75381,-37.84508],[144.75413,-37.84268],[144.75429,-37.84151],[144.75445,-37.84033],[144.75446,-37.84027],[144.75628,-37.84042],[144.75687,-37.84047],[144.75634,-37.84441],[144.75594,-37.84743]]]},"properties":{"cat":"industrial","name":"Leakes T&P"}},{"type":"Feature","geometry":{"type":"Polygon","coordinates":[[[144.83572,-37.8192],[144.83527,-37.81932],[144.8356,-37.82009],[144.83599,-37.82013],[144.8365,-37.81999],[144.83623,-37.81941],[144.83584,-37.81951],[144.83572,-37.8192]]]},"properties":{"cat":"industrial","name":"Ayazi Auto Parts"}},{"type":"Feature","geometry":{"type":"Polygon","coordinates":[[[144.83741,-37.81974],[144.83706,-37.81934],[144.83751,-37.81922],[144.83722,-37.81855],[144.83739,-37.81831],[144.83875,-37.81794],[144.83811,-37.81727],[144.83796,-37.81716],[144.83786,-37.8171],[144.83779,-37.81708],[144.83771,-37.81708],[144.83759,-37.81709],[144.83465,-37.81785],[144.83527,-37.81932],[144.83572,-37.8192],[144.83584,-37.81951],[144.83623,-37.81941],[144.8365,-37.81999],[144.83741,-37.81974]]]},"properties":{"cat":"industrial","name":"Cedar Meats"}},{"type":"Feature","geometry":{"type":"Polygon","coordinates":[[[144.83909,-37.81927],[144.83921,-37.81843],[144.83982,-37.81908],[144.83909,-37.81927]]]},"properties":{"cat":"industrial","name":""}},{"type":"Feature","geometry":{"type":"Polygon","coordinates":[[[144.83245,-37.81842],[144.83242,-37.81859],[144.83394,-37.81875],[144.83408,-37.81799],[144.83245,-37.81842]]]},"properties":{"cat":"industrial","name":""}},{"type":"Feature","geometry":{"type":"Polygon","coordinates":[[[144.83373,-37.81989],[144.83221,-37.81973],[144.83242,-37.81859],[144.83394,-37.81875],[144.83373,-37.81989]]]},"properties":{"cat":"industrial","name":""}},{"type":"Feature","geometry":{"type":"Polygon","coordinates":[[[144.73118,-37.76146],[144.73197,-37.7618],[144.73209,-37.76162],[144.73234,-37.75918],[144.73268,-37.75674],[144.73274,-37.75631],[144.73276,-37.75622],[144.7328,-37.75602],[144.73244,-37.75584],[144.73195,-37.75554],[144.73121,-37.75494],[144.72949,-37.75344],[144.72907,-37.75322],[144.7286,-37.75301],[144.72833,-37.75292],[144.72806,-37.75463],[144.72514,-37.75433],[144.72564,-37.75184],[144.72351,-37.75113],[144.72223,-37.75087],[144.72137,-37.757],[144.72331,-37.75719],[144.72331,-37.75725],[144.72336,-37.75736],[144.72362,-37.7578],[144.72379,-37.75797],[144.72404,-37.75805],[144.72614,-37.75823],[144.72631,-37.75825],[144.72647,-37.7583],[144.72662,-37.75836],[144.72725,-37.75878],[144.72767,-37.75906],[144.728,-37.7591],[144.72807,-37.75918],[144.72787,-37.76026],[144.72787,-37.76031],[144.72785,-37.76036],[144.72783,-37.76042],[144.7278,-37.76048],[144.72777,-37.76055],[144.72775,-37.76058],[144.72724,-37.76132],[144.72719,-37.76144],[144.72721,-37.76159],[144.7273,-37.76172],[144.72742,-37.7618],[144.73013,-37.76298],[144.73118,-37.76146]]]},"properties":{"cat":"industrial","name":"Horizon 3023"}},{"type":"Feature","geometry":{"type":"Polygon","coordinates":[[[144.7701,-37.8024],[144.77036,-37.80042],[144.77026,-37.79888],[144.76792,-37.79869],[144.76267,-37.79827],[144.76164,-37.79819],[144.76145,-37.79973],[144.76118,-37.8016],[144.76642,-37.80207],[144.7701,-37.8024]]]},"properties":{"cat":"industrial","name":""}},{"type":"Feature","geometry":{"type":"Polygon","coordinates":[[[144.83463,-37.82167],[144.83451,-37.82238],[144.83501,-37.82243],[144.83513,-37.82172],[144.83485,-37.8217],[144.83463,-37.82167]]]},"properties":{"cat":"industrial","name":""}},{"type":"Feature","geometry":{"type":"Polygon","coordinates":[[[144.83451,-37.82238],[144.83242,-37.82216],[144.83252,-37.82213],[144.83269,-37.82208],[144.83287,-37.82203],[144.83322,-37.82193],[144.83341,-37.82187],[144.83358,-37.82182],[144.83414,-37.82166],[144.83396,-37.82132],[144.83432,-37.82121],[144.8345,-37.82153],[144.83466,-37.82148],[144.83466,-37.82151],[144.83463,-37.82167],[144.83451,-37.82238]]]},"properties":{"cat":"industrial","name":"Selective Auto Wreckers"}},{"type":"Feature","geometry":{"type":"Polygon","coordinates":[[[144.83307,-37.82159],[144.83322,-37.82193],[144.83287,-37.82203],[144.83271,-37.82169],[144.83307,-37.82159]]]},"properties":{"cat":"industrial","name":""}},{"type":"Feature","geometry":{"type":"Polygon","coordinates":[[[144.83343,-37.82149],[144.83358,-37.82182],[144.83414,-37.82166],[144.83396,-37.82132],[144.83354,-37.82146],[144.83343,-37.82149]]]},"properties":{"cat":"industrial","name":""}},{"type":"Feature","geometry":{"type":"Polygon","coordinates":[[[145.62162,-38.09198],[145.62388,-38.09205],[145.62391,-38.09118],[145.62464,-38.09118],[145.62462,-38.08912],[145.6216,-38.08913],[145.62162,-38.09198]]]},"properties":{"cat":"industrial","name":""}},{"type":"Feature","geometry":{"type":"Polygon","coordinates":[[[145.48828,-38.08106],[145.48783,-38.08098],[145.48759,-38.08181],[145.4881,-38.08203],[145.48827,-38.08143],[145.48818,-38.08142],[145.48828,-38.08106]]]},"properties":{"cat":"industrial","name":""}},{"type":"Feature","geometry":{"type":"Polygon","coordinates":[[[145.49796,-38.11543],[145.49761,-38.11517],[145.49794,-38.11379],[145.49536,-38.11342],[145.49497,-38.11357],[145.49457,-38.11541],[145.49436,-38.11627],[145.49718,-38.11666],[145.49716,-38.11673],[145.49898,-38.11699],[145.49929,-38.11562],[145.49796,-38.11543]]]},"properties":{"cat":"industrial","name":""}},{"type":"Feature","geometry":{"type":"Polygon","coordinates":[[[144.83556,-37.82119],[144.83554,-37.82127],[144.83611,-37.82133],[144.8365,-37.82137],[144.83664,-37.82052],[144.8361,-37.82065],[144.836,-37.82124],[144.83556,-37.82119]]]},"properties":{"cat":"industrial","name":""}},{"type":"Feature","geometry":{"type":"Polygon","coordinates":[[[144.83596,-37.82229],[144.83635,-37.82233],[144.8365,-37.82137],[144.83611,-37.82133],[144.83596,-37.82229]]]},"properties":{"cat":"industrial","name":""}},{"type":"Feature","geometry":{"type":"Polygon","coordinates":[[[144.83596,-37.82229],[144.83596,-37.82234],[144.83536,-37.82228],[144.83554,-37.82127],[144.83611,-37.82133],[144.83596,-37.82229]]]},"properties":{"cat":"industrial","name":""}},{"type":"Feature","geometry":{"type":"Polygon","coordinates":[[[144.83724,-37.82285],[144.8371,-37.82371],[144.83714,-37.82375],[144.83941,-37.82397],[144.83956,-37.82309],[144.83724,-37.82285]]]},"properties":{"cat":"industrial","name":""}},{"type":"Feature","geometry":{"type":"Polygon","coordinates":[[[144.8371,-37.82371],[144.83699,-37.8237],[144.83676,-37.82371],[144.83643,-37.82368],[144.83658,-37.82277],[144.83724,-37.82285],[144.8371,-37.82371]]]},"properties":{"cat":"industrial","name":""}},{"type":"Feature","geometry":{"type":"Polygon","coordinates":[[[144.83643,-37.82368],[144.83598,-37.82363],[144.83613,-37.82273],[144.83658,-37.82277],[144.83643,-37.82368]]]},"properties":{"cat":"industrial","name":""}},{"type":"Feature","geometry":{"type":"Polygon","coordinates":[[[144.83598,-37.82363],[144.83517,-37.82354],[144.83532,-37.82264],[144.83613,-37.82273],[144.83598,-37.82363]]]},"properties":{"cat":"industrial","name":""}},{"type":"Feature","geometry":{"type":"Polygon","coordinates":[[[144.83696,-37.82483],[144.83634,-37.82477],[144.8364,-37.82444],[144.83701,-37.82451],[144.83696,-37.82483]]]},"properties":{"cat":"industrial","name":""}},{"type":"Feature","geometry":{"type":"Polygon","coordinates":[[[144.8364,-37.82444],[144.83644,-37.82423],[144.8365,-37.82389],[144.8371,-37.82395],[144.83701,-37.82451],[144.8364,-37.82444]]]},"properties":{"cat":"industrial","name":""}},{"type":"Feature","geometry":{"type":"Polygon","coordinates":[[[144.83582,-37.82379],[144.83576,-37.82416],[144.83599,-37.82418],[144.83621,-37.82421],[144.83644,-37.82423],[144.8365,-37.82389],[144.8365,-37.82387],[144.83582,-37.82379]]]},"properties":{"cat":"industrial","name":""}},{"type":"Feature","geometry":{"type":"Polygon","coordinates":[[[144.83576,-37.82416],[144.83568,-37.8247],[144.835,-37.82462],[144.83508,-37.82408],[144.83576,-37.82416]]]},"properties":{"cat":"industrial","name":""}},{"type":"Feature","geometry":{"type":"Polygon","coordinates":[[[144.83508,-37.82408],[144.83576,-37.82416],[144.83582,-37.82379],[144.83515,-37.82372],[144.83508,-37.82408]]]},"properties":{"cat":"industrial","name":""}},{"type":"Feature","geometry":{"type":"Polygon","coordinates":[[[144.83644,-37.82423],[144.83634,-37.82477],[144.83613,-37.82474],[144.83621,-37.82421],[144.83644,-37.82423]]]},"properties":{"cat":"industrial","name":""}},{"type":"Feature","geometry":{"type":"Polygon","coordinates":[[[144.83599,-37.82418],[144.8359,-37.82472],[144.83568,-37.8247],[144.83576,-37.82416],[144.83599,-37.82418]]]},"properties":{"cat":"industrial","name":""}},{"type":"Feature","geometry":{"type":"Polygon","coordinates":[[[144.8359,-37.82472],[144.83613,-37.82474],[144.83621,-37.82421],[144.83599,-37.82418],[144.8359,-37.82472]]]},"properties":{"cat":"industrial","name":""}},{"type":"Feature","geometry":{"type":"Polygon","coordinates":[[[144.83392,-37.82341],[144.83408,-37.82251],[144.83465,-37.82257],[144.83424,-37.82345],[144.83392,-37.82341]]]},"properties":{"cat":"industrial","name":""}},{"type":"Feature","geometry":{"type":"Polygon","coordinates":[[[144.83465,-37.82257],[144.835,-37.82261],[144.83486,-37.82352],[144.83424,-37.82345],[144.83465,-37.82257]]]},"properties":{"cat":"industrial","name":""}},{"type":"Feature","geometry":{"type":"Polygon","coordinates":[[[144.83408,-37.82251],[144.83363,-37.82247],[144.83356,-37.82287],[144.83347,-37.82337],[144.83392,-37.82341],[144.83408,-37.82251]]]},"properties":{"cat":"industrial","name":""}},{"type":"Feature","geometry":{"type":"Polygon","coordinates":[[[144.83347,-37.82337],[144.83326,-37.82334],[144.83334,-37.82285],[144.83356,-37.82287],[144.83347,-37.82337]]]},"properties":{"cat":"industrial","name":""}},{"type":"Feature","geometry":{"type":"Polygon","coordinates":[[[144.83363,-37.82247],[144.83356,-37.82287],[144.83334,-37.82285],[144.83326,-37.82334],[144.83302,-37.82332],[144.83317,-37.82242],[144.83363,-37.82247]]]},"properties":{"cat":"industrial","name":""}},{"type":"Feature","geometry":{"type":"Polygon","coordinates":[[[144.83317,-37.82242],[144.83272,-37.82237],[144.83256,-37.82327],[144.83302,-37.82332],[144.83317,-37.82242]]]},"properties":{"cat":"industrial","name":""}},{"type":"Feature","geometry":{"type":"Polygon","coordinates":[[[144.83353,-37.82447],[144.83239,-37.82435],[144.83254,-37.82346],[144.83368,-37.82358],[144.83353,-37.82447]]]},"properties":{"cat":"industrial","name":""}},{"type":"Feature","geometry":{"type":"Polygon","coordinates":[[[144.83353,-37.82447],[144.83465,-37.82459],[144.8348,-37.8237],[144.83368,-37.82358],[144.83353,-37.82447]]]},"properties":{"cat":"industrial","name":""}},{"type":"Feature","geometry":{"type":"Polygon","coordinates":[[[144.83509,-37.82482],[144.83502,-37.82526],[144.83583,-37.82526],[144.83733,-37.82525],[144.83853,-37.82521],[144.83853,-37.82518],[144.83509,-37.82482]]]},"properties":{"cat":"industrial","name":""}},{"type":"Feature","geometry":{"type":"Polygon","coordinates":[[[144.83509,-37.82482],[144.83229,-37.82453],[144.83218,-37.82522],[144.83444,-37.82526],[144.83502,-37.82526],[144.83509,-37.82482]]]},"properties":{"cat":"industrial","name":""}},{"type":"Feature","geometry":{"type":"Polygon","coordinates":[[[144.83218,-37.82522],[144.83001,-37.82511],[144.82991,-37.82509],[144.82987,-37.82494],[144.82987,-37.82427],[144.83229,-37.82453],[144.83218,-37.82522]]]},"properties":{"cat":"industrial","name":""}},{"type":"Feature","geometry":{"type":"Polygon","coordinates":[[[144.83111,-37.82221],[144.83103,-37.82273],[144.83134,-37.82277],[144.83128,-37.82315],[144.83222,-37.82325],[144.83236,-37.82234],[144.83111,-37.82221]]]},"properties":{"cat":"industrial","name":""}},{"type":"Feature","geometry":{"type":"Polygon","coordinates":[[[144.83103,-37.82273],[144.83134,-37.82277],[144.83128,-37.82315],[144.83003,-37.82301],[144.82996,-37.82295],[144.83001,-37.82264],[144.83066,-37.8227],[144.83103,-37.82273]]]},"properties":{"cat":"industrial","name":""}},{"type":"Feature","geometry":{"type":"Polygon","coordinates":[[[144.83072,-37.82368],[144.83065,-37.82416],[144.83151,-37.82425],[144.83159,-37.82377],[144.83125,-37.82373],[144.83091,-37.8237],[144.83072,-37.82368]]]},"properties":{"cat":"industrial","name":""}},{"type":"Feature","geometry":{"type":"Polygon","coordinates":[[[144.83056,-37.82366],[144.83022,-37.82363],[144.83029,-37.82322],[144.83063,-37.82325],[144.83056,-37.82366]]]},"properties":{"cat":"industrial","name":""}},{"type":"Feature","geometry":{"type":"Polygon","coordinates":[[[144.83072,-37.82368],[144.83056,-37.82366],[144.83063,-37.82325],[144.83098,-37.82329],[144.83091,-37.8237],[144.83072,-37.82368]]]},"properties":{"cat":"industrial","name":""}},{"type":"Feature","geometry":{"type":"Polygon","coordinates":[[[144.83098,-37.82329],[144.83131,-37.82332],[144.83125,-37.82373],[144.83091,-37.8237],[144.83098,-37.82329]]]},"properties":{"cat":"industrial","name":""}},{"type":"Feature","geometry":{"type":"Polygon","coordinates":[[[144.83131,-37.82332],[144.83166,-37.82336],[144.83159,-37.82377],[144.83125,-37.82373],[144.83131,-37.82332]]]},"properties":{"cat":"industrial","name":""}},{"type":"Feature","geometry":{"type":"Polygon","coordinates":[[[144.83166,-37.82336],[144.83216,-37.82341],[144.83201,-37.8243],[144.83151,-37.82425],[144.83166,-37.82336]]]},"properties":{"cat":"industrial","name":""}},{"type":"Feature","geometry":{"type":"Polygon","coordinates":[[[144.83022,-37.82363],[144.82985,-37.82359],[144.82978,-37.82408],[144.83065,-37.82416],[144.83072,-37.82368],[144.83056,-37.82366],[144.83022,-37.82363]]]},"properties":{"cat":"industrial","name":""}},{"type":"Feature","geometry":{"type":"Polygon","coordinates":[[[144.8288,-37.82306],[144.82827,-37.82301],[144.82858,-37.82351],[144.82858,-37.82396],[144.82865,-37.82397],[144.8288,-37.82306]]]},"properties":{"cat":"industrial","name":""}},{"type":"Feature","geometry":{"type":"Polygon","coordinates":[[[144.82865,-37.82281],[144.82857,-37.82281],[144.82857,-37.82286],[144.82947,-37.82296],[144.82954,-37.82255],[144.82865,-37.82281]]]},"properties":{"cat":"industrial","name":""}},{"type":"Feature","geometry":{"type":"Polygon","coordinates":[[[144.81743,-37.85213],[144.82035,-37.85134],[144.82073,-37.85053],[144.8211,-37.85066],[144.82144,-37.85059],[144.82162,-37.85007],[144.82046,-37.84871],[144.81809,-37.84845],[144.8179,-37.84952],[144.81743,-37.85213]]]},"properties":{"cat":"industrial","name":""}},{"type":"Feature","geometry":{"type":"Polygon","coordinates":[[[144.7939,-37.85081],[144.79295,-37.8507],[144.79257,-37.85062],[144.79234,-37.85052],[144.79248,-37.84986],[144.79257,-37.84935],[144.79415,-37.84954],[144.7939,-37.85081]]]},"properties":{"cat":"industrial","name":""}},{"type":"Feature","geometry":{"type":"Polygon","coordinates":[[[144.79993,-37.8461],[144.8008,-37.84622],[144.80191,-37.84643],[144.80296,-37.84664],[144.80565,-37.84696],[144.80551,-37.84767],[144.80585,-37.84771],[144.80572,-37.84848],[144.805,-37.85221],[144.7989,-37.85146],[144.79993,-37.8461]]]},"properties":{"cat":"industrial","name":""}},{"type":"Feature","geometry":{"type":"Polygon","coordinates":[[[144.79146,-37.84848],[144.79136,-37.8483],[144.79034,-37.84767],[144.79051,-37.84679],[144.79175,-37.84694],[144.79158,-37.84784],[144.79146,-37.84848]]]},"properties":{"cat":"industrial","name":""}},{"type":"Feature","geometry":{"type":"Polygon","coordinates":[[[144.79094,-37.84518],[144.79081,-37.84527],[144.79051,-37.84679],[144.79175,-37.84694],[144.79206,-37.8453],[144.79094,-37.84518]]]},"properties":{"cat":"industrial","name":""}},{"type":"Feature","geometry":{"type":"Polygon","coordinates":[[[144.81809,-37.84845],[144.81697,-37.84831],[144.81675,-37.84936],[144.8179,-37.84952],[144.81809,-37.84845]]]},"properties":{"cat":"industrial","name":"BOC"}},{"type":"Feature","geometry":{"type":"Polygon","coordinates":[[[145.1081,-37.91245],[145.10872,-37.91247],[145.10866,-37.91284],[145.10947,-37.91294],[145.10939,-37.91326],[145.10936,-37.91328],[145.10877,-37.91321],[145.10876,-37.91328],[145.10874,-37.91335],[145.10863,-37.91368],[145.10788,-37.91359],[145.1081,-37.91245]]]},"properties":{"cat":"industrial","name":"CDC Melbourne Oakleigh Bus Depot"}},{"type":"Feature","geometry":{"type":"Polygon","coordinates":[[[145.10788,-37.91359],[145.10781,-37.91396],[145.10919,-37.91413],[145.10923,-37.91411],[145.10936,-37.91345],[145.10933,-37.91342],[145.10874,-37.91335],[145.10863,-37.91368],[145.10788,-37.91359]]]},"properties":{"cat":"industrial","name":""}},{"type":"Feature","geometry":{"type":"Polygon","coordinates":[[[145.7845,-37.46452],[145.78409,-37.46456],[145.78372,-37.46558],[145.78394,-37.46603],[145.78392,-37.46611],[145.78362,-37.4659],[145.78333,-37.46614],[145.78437,-37.46652],[145.78533,-37.4663],[145.78526,-37.46582],[145.78563,-37.46561],[145.78501,-37.4647],[145.7845,-37.46452]]]},"properties":{"cat":"quarry","name":""}},{"type":"Feature","geometry":{"type":"Polygon","coordinates":[[[144.91366,-37.80154],[144.91376,-37.80156],[144.91374,-37.80164],[144.91359,-37.80161],[144.91364,-37.80155],[144.91366,-37.80154]]]},"properties":{"cat":"industrial","name":""}},{"type":"Feature","geometry":{"type":"Polygon","coordinates":[[[145.28276,-38.1055],[145.28215,-38.10537],[145.28294,-38.10156],[145.28304,-38.10157],[145.28633,-38.10362],[145.28626,-38.10388],[145.28687,-38.10396],[145.28985,-38.10578],[145.28964,-38.10601],[145.28853,-38.10564],[145.28832,-38.1056],[145.28644,-38.10536],[145.28649,-38.10488],[145.28302,-38.10443],[145.28276,-38.1055]]]},"properties":{"cat":"industrial","name":""}},{"type":"Feature","geometry":{"type":"Polygon","coordinates":[[[145.55511,-37.95656],[145.55355,-37.95634],[145.55369,-37.95655],[145.5548,-37.95741],[145.55494,-37.95742],[145.55511,-37.95656]]]},"properties":{"cat":"cemetery","name":""}},{"type":"Feature","geometry":{"type":"Polygon","coordinates":[[[144.61346,-37.43136],[144.61348,-37.43154],[144.61326,-37.43155],[144.61326,-37.43145],[144.61326,-37.43137],[144.61338,-37.43137],[144.61346,-37.43136]]]},"properties":{"cat":"cemetery","name":"Pioneer / Robertson's Cemetery"}},{"type":"Feature","geometry":{"type":"Polygon","coordinates":[[[145.50958,-37.65778],[145.50828,-37.65599],[145.50698,-37.65659],[145.50612,-37.65541],[145.50429,-37.65537],[145.50653,-37.65855],[145.50732,-37.65823],[145.50792,-37.65796],[145.50781,-37.65781],[145.50851,-37.65749],[145.50865,-37.65768],[145.50883,-37.6576],[145.50912,-37.65798],[145.50958,-37.65778]]]},"properties":{"cat":"industrial","name":""}},{"type":"Feature","geometry":{"type":"Polygon","coordinates":[[[145.09359,-37.98273],[145.09312,-37.98269],[145.09335,-37.98147],[145.09335,-37.98147],[145.09337,-37.98133],[145.09341,-37.98116],[145.09343,-37.98105],[145.09503,-37.98126],[145.09662,-37.9834],[145.09787,-37.98507],[145.09654,-37.98492],[145.09647,-37.98478],[145.09592,-37.98471],[145.09584,-37.98479],[145.09553,-37.98482],[145.09527,-37.98479],[145.09534,-37.98447],[145.09531,-37.98447],[145.0933,-37.98422],[145.09359,-37.98273]]]},"properties":{"cat":"industrial","name":""}},{"type":"Feature","geometry":{"type":"Polygon","coordinates":[[[144.82506,-37.80477],[144.82514,-37.80424],[144.82652,-37.80409],[144.82673,-37.80477],[144.82655,-37.80501],[144.82651,-37.805],[144.82574,-37.80492],[144.82548,-37.80489],[144.82549,-37.80482],[144.82506,-37.80477]]]},"properties":{"cat":"industrial","name":"Kinetic Bus Depot"}},{"type":"Feature","geometry":{"type":"Polygon","coordinates":[[[144.44177,-37.70613],[144.44073,-37.70638],[144.43999,-37.7074],[144.43975,-37.70769],[144.43949,-37.70916],[144.44028,-37.70935],[144.4401,-37.70997],[144.44218,-37.70939],[144.44467,-37.70974],[144.44553,-37.70931],[144.44581,-37.70839],[144.4459,-37.70624],[144.44177,-37.70613]]]},"properties":{"cat":"landfill","name":"Maddingley Brown Coal"}},{"type":"Feature","geometry":{"type":"Polygon","coordinates":[[[144.42407,-37.91595],[144.42392,-37.91689],[144.42372,-37.91812],[144.4248,-37.9182],[144.42568,-37.91895],[144.42687,-37.9184],[144.42765,-37.91872],[144.4282,-37.91935],[144.42841,-37.91997],[144.42838,-37.92093],[144.42966,-37.92136],[144.43043,-37.92116],[144.43049,-37.92091],[144.4316,-37.92061],[144.43178,-37.92008],[144.43371,-37.92074],[144.43496,-37.92081],[144.43622,-37.92025],[144.43567,-37.91934],[144.43565,-37.91825],[144.43409,-37.91789],[144.43264,-37.91713],[144.43222,-37.91715],[144.43035,-37.91626],[144.42947,-37.9157],[144.42866,-37.91567],[144.42829,-37.91546],[144.42759,-37.91422],[144.42662,-37.91446],[144.42625,-37.91403],[144.42596,-37.91412],[144.42602,-37.9148],[144.42602,-37.91512],[144.42516,-37.91561],[144.4248,-37.9156],[144.42407,-37.91595]]]},"properties":{"cat":"quarry","name":""}},{"type":"Feature","geometry":{"type":"Polygon","coordinates":[[[144.42409,-37.92534],[144.42522,-37.92551],[144.42524,-37.92638],[144.42643,-37.92637],[144.42597,-37.92695],[144.4252,-37.92721],[144.42511,-37.92696],[144.4248,-37.92687],[144.42482,-37.92656],[144.42454,-37.92658],[144.42438,-37.92681],[144.42432,-37.92775],[144.42267,-37.92826],[144.4222,-37.92855],[144.42186,-37.92833],[144.42013,-37.92829],[144.41903,-37.9286],[144.41842,-37.92812],[144.41868,-37.92792],[144.41877,-37.92754],[144.41934,-37.92746],[144.41952,-37.92762],[144.42024,-37.9276],[144.42212,-37.92653],[144.4225,-37.92649],[144.42409,-37.92534]]]},"properties":{"cat":"quarry","name":""}},{"type":"Feature","geometry":{"type":"Polygon","coordinates":[[[144.39677,-37.91983],[144.39357,-37.93633],[144.41204,-37.93841],[144.41243,-37.93627],[144.41162,-37.93579],[144.41181,-37.93491],[144.41231,-37.93413],[144.41403,-37.93277],[144.41571,-37.93095],[144.41515,-37.92682],[144.41666,-37.92324],[144.41779,-37.9162],[144.40731,-37.91501],[144.40606,-37.92092],[144.39677,-37.91983]]]},"properties":{"cat":"quarry","name":""}},{"type":"Feature","geometry":{"type":"Polygon","coordinates":[[[144.91504,-37.80525],[144.91506,-37.80518],[144.91507,-37.80508],[144.9151,-37.80503],[144.91513,-37.80498],[144.91518,-37.80494],[144.91524,-37.80491],[144.9153,-37.80489],[144.91537,-37.80488],[144.91629,-37.80478],[144.9164,-37.80479],[144.91649,-37.80481],[144.91657,-37.80484],[144.91664,-37.80492],[144.91669,-37.805],[144.91672,-37.80507],[144.91673,-37.80513],[144.91673,-37.80518],[144.91681,-37.80459],[144.91466,-37.80481],[144.91226,-37.80504],[144.91198,-37.8068],[144.91549,-37.80716],[144.91578,-37.80536],[144.9155,-37.80533],[144.9155,-37.8053],[144.91504,-37.80525]]]},"properties":{"cat":"industrial","name":"L Arthur Transport Services"}},{"type":"Feature","geometry":{"type":"Polygon","coordinates":[[[144.91764,-37.80738],[144.91696,-37.80731],[144.91676,-37.80707],[144.91718,-37.80456],[144.91807,-37.80465],[144.9179,-37.80571],[144.91781,-37.80622],[144.91764,-37.80738]]]},"properties":{"cat":"industrial","name":"Toll"}},{"type":"Feature","geometry":{"type":"Polygon","coordinates":[[[145.22497,-38.00427],[145.22659,-38.00383],[145.2258,-38.00215],[145.22531,-38.00169],[145.22513,-38.00161],[145.22498,-38.00177],[145.22363,-38.00115],[145.22497,-38.00427]]]},"properties":{"cat":"industrial","name":""}},{"type":"Feature","geometry":{"type":"Polygon","coordinates":[[[145.23703,-38.04153],[145.2368,-38.04132],[145.23664,-38.04125],[145.23326,-38.04086],[145.23331,-38.04061],[145.22785,-38.03997],[145.2267,-38.04609],[145.23597,-38.04717],[145.23703,-38.04153]]]},"properties":{"cat":"landfill","name":"SUEZ Taylors Road Landfill"}},{"type":"Feature","geometry":{"type":"Polygon","coordinates":[[[145.15024,-37.91798],[145.15017,-37.91812],[145.14992,-37.91865],[145.14988,-37.91875],[145.14991,-37.91875],[145.14986,-37.91899],[145.14988,-37.91899],[145.15007,-37.91902],[145.15007,-37.91904],[145.15069,-37.91912],[145.15069,-37.91914],[145.15141,-37.91923],[145.15144,-37.91911],[145.15147,-37.91895],[145.15148,-37.91892],[145.15161,-37.91826],[145.15163,-37.91814],[145.15157,-37.91814],[145.15104,-37.91807],[145.15086,-37.91805],[145.15067,-37.91803],[145.15024,-37.91798]]]},"properties":{"cat":"industrial","name":"Coates Hire Mulgrave"}},{"type":"Feature","geometry":{"type":"Polygon","coordinates":[[[145.07073,-38.21036],[145.07108,-38.21223],[145.07457,-38.2133],[145.07466,-38.21311],[145.07533,-38.21168],[145.07498,-38.21159],[145.07439,-38.21142],[145.07451,-38.21065],[145.07446,-38.2104],[145.07431,-38.20968],[145.07427,-38.20947],[145.07226,-38.20889],[145.07073,-38.21036]]]},"properties":{"cat":"industrial","name":"Mornington Reservoir"}},{"type":"Feature","geometry":{"type":"Polygon","coordinates":[[[144.79528,-37.73643],[144.79504,-37.7376],[144.79579,-37.73769],[144.79541,-37.73645],[144.79528,-37.73643]]]},"properties":{"cat":"industrial","name":""}},{"type":"Feature","geometry":{"type":"Polygon","coordinates":[[[145.05579,-38.23062],[145.05661,-38.2304],[145.05742,-38.23005],[145.0583,-38.22954],[145.05839,-38.22956],[145.05942,-38.22983],[145.05919,-38.23036],[145.05822,-38.23238],[145.0553,-38.23162],[145.05577,-38.23065],[145.05579,-38.23062]]]},"properties":{"cat":"industrial","name":""}},{"type":"Feature","geometry":{"type":"Polygon","coordinates":[[[144.58419,-37.81021],[144.58385,-37.81197],[144.58402,-37.81232],[144.58438,-37.8126],[144.5849,-37.81272],[144.58532,-37.81267],[144.58573,-37.81242],[144.58591,-37.81203],[144.58622,-37.81043],[144.58626,-37.81026],[144.58453,-37.81004],[144.58419,-37.81021]]]},"properties":{"cat":"quarry","name":""}},{"type":"Feature","geometry":{"type":"Polygon","coordinates":[[[144.5773,-37.81091],[144.57734,-37.81114],[144.57741,-37.81169],[144.57749,-37.81199],[144.57766,-37.81206],[144.57801,-37.81203],[144.57844,-37.81197],[144.57822,-37.81145],[144.57791,-37.81126],[144.57765,-37.81088],[144.57744,-37.81083],[144.5773,-37.81091]]]},"properties":{"cat":"quarry","name":""}},{"type":"Feature","geometry":{"type":"Polygon","coordinates":[[[144.93735,-37.63394],[144.93919,-37.63417],[144.93973,-37.63481],[144.93728,-37.63613],[144.93738,-37.63563],[144.93702,-37.63557],[144.93735,-37.63394]]]},"properties":{"cat":"industrial","name":""}},{"type":"Feature","geometry":{"type":"Polygon","coordinates":[[[144.96396,-37.63689],[144.96539,-37.63703],[144.96611,-37.63851],[144.96618,-37.63874],[144.9668,-37.63877],[144.96746,-37.63891],[144.96863,-37.63937],[144.96885,-37.63953],[144.9691,-37.64056],[144.96907,-37.64107],[144.96894,-37.64155],[144.96862,-37.64224],[144.96822,-37.64244],[144.96803,-37.64264],[144.96792,-37.64283],[144.96788,-37.64293],[144.96784,-37.64303],[144.96781,-37.64318],[144.9678,-37.64331],[144.96782,-37.64348],[144.96785,-37.64358],[144.96791,-37.64372],[144.96796,-37.6438],[144.96803,-37.6439],[144.96815,-37.64401],[144.96833,-37.64411],[144.96837,-37.64417],[144.97018,-37.64409],[144.97062,-37.64553],[144.97067,-37.64568],[144.97028,-37.64565],[144.96903,-37.64551],[144.96867,-37.64548],[144.96855,-37.64555],[144.9684,-37.64553],[144.96838,-37.64547],[144.96794,-37.64543],[144.96777,-37.64547],[144.96767,-37.64545],[144.9675,-37.64535],[144.96716,-37.64532],[144.96654,-37.64525],[144.96618,-37.64522],[144.96625,-37.64478],[144.96636,-37.64479],[144.9664,-37.64459],[144.96643,-37.64441],[144.96641,-37.64413],[144.96673,-37.64411],[144.96696,-37.64422],[144.96747,-37.6442],[144.96754,-37.64419],[144.96758,-37.64418],[144.96763,-37.64416],[144.96767,-37.64414],[144.9677,-37.64411],[144.96774,-37.64407],[144.96776,-37.64403],[144.96777,-37.64401],[144.96777,-37.64398],[144.96776,-37.64395],[144.96767,-37.64379],[144.96764,-37.64373],[144.96761,-37.64367],[144.96759,-37.64358],[144.96756,-37.64344],[144.96755,-37.64338],[144.96755,-37.64333],[144.96606,-37.64339],[144.96601,-37.64265],[144.966,-37.64252],[144.96599,-37.64239],[144.96598,-37.64224],[144.96598,-37.64219],[144.96596,-37.64214],[144.9659,-37.64195],[144.96584,-37.64175],[144.96565,-37.64113],[144.96543,-37.64044],[144.96512,-37.63945],[144.96495,-37.63894],[144.96474,-37.63852],[144.96453,-37.63808],[144.96396,-37.63689]]]},"properties":{"cat":"industrial","name":"Northpark Estate"}},{"type":"Feature","geometry":{"type":"Polygon","coordinates":[[[144.86787,-37.80274],[144.86831,-37.80033],[144.86723,-37.80022],[144.86679,-37.80261],[144.86771,-37.80272],[144.86787,-37.80274]]]},"properties":{"cat":"industrial","name":"Maribyrnong City Operations Centre"}},{"type":"Feature","geometry":{"type":"Polygon","coordinates":[[[144.87953,-37.80158],[144.88034,-37.80167],[144.88051,-37.80176],[144.88055,-37.8019],[144.88054,-37.80194],[144.88003,-37.80471],[144.88002,-37.80471],[144.87984,-37.80469],[144.87969,-37.80467],[144.87883,-37.80456],[144.87873,-37.80455],[144.87856,-37.80453],[144.87853,-37.80452],[144.8786,-37.80408],[144.87898,-37.80412],[144.87906,-37.80404],[144.87953,-37.80158]]]},"properties":{"cat":"industrial","name":""}},{"type":"Feature","geometry":{"type":"Polygon","coordinates":[[[144.8379,-37.79668],[144.83893,-37.79679],[144.83843,-37.79645],[144.8377,-37.79548],[144.83707,-37.7946],[144.83626,-37.79355],[144.83552,-37.79257],[144.83508,-37.79277],[144.8358,-37.79371],[144.83795,-37.79655],[144.8379,-37.79668]]]},"properties":{"cat":"industrial","name":""}},{"type":"Feature","geometry":{"type":"Polygon","coordinates":[[[145.38725,-37.787],[145.38724,-37.78708],[145.38707,-37.78784],[145.38701,-37.78805],[145.38727,-37.7881],[145.38717,-37.78843],[145.38781,-37.78856],[145.38776,-37.78873],[145.38825,-37.78889],[145.38862,-37.78898],[145.38899,-37.78903],[145.38927,-37.78903],[145.39003,-37.78896],[145.39011,-37.78874],[145.39051,-37.78881],[145.39088,-37.7887],[145.39093,-37.78866],[145.39099,-37.78873],[145.39157,-37.78842],[145.39151,-37.78836],[145.39274,-37.78769],[145.39281,-37.78721],[145.39095,-37.78777],[145.39081,-37.78768],[145.38725,-37.787]]]},"properties":{"cat":"industrial","name":""}},{"type":"Feature","geometry":{"type":"Polygon","coordinates":[[[144.89469,-37.82988],[144.89527,-37.82993],[144.89511,-37.83081],[144.89475,-37.83077],[144.89475,-37.83073],[144.89454,-37.8307],[144.89469,-37.82988]]]},"properties":{"cat":"industrial","name":""}},{"type":"Feature","geometry":{"type":"Polygon","coordinates":[[[144.93008,-37.80308],[144.93089,-37.80319],[144.93152,-37.80329],[144.93161,-37.80333],[144.93216,-37.80355],[144.9325,-37.80277],[144.93274,-37.80223],[144.93071,-37.80216],[144.9305,-37.80228],[144.93048,-37.80236],[144.93013,-37.80256],[144.9301,-37.80265],[144.93012,-37.80286],[144.93008,-37.80308]]]},"properties":{"cat":"industrial","name":""}},{"type":"Feature","geometry":{"type":"Polygon","coordinates":[[[144.9328,-37.80208],[144.93293,-37.80179],[144.93276,-37.80147],[144.93271,-37.80143],[144.93247,-37.80129],[144.93241,-37.80128],[144.93234,-37.80128],[144.93223,-37.8013],[144.93087,-37.80198],[144.93113,-37.80199],[144.93117,-37.80203],[144.93155,-37.80205],[144.93157,-37.80205],[144.9328,-37.80208]]]},"properties":{"cat":"industrial","name":""}},{"type":"Feature","geometry":{"type":"Polygon","coordinates":[[[144.82138,-37.77057],[144.82156,-37.77059],[144.82157,-37.77062],[144.82181,-37.7718],[144.82241,-37.77248],[144.8219,-37.77306],[144.82152,-37.77259],[144.82145,-37.77261],[144.82133,-37.77245],[144.82135,-37.77244],[144.82107,-37.77207],[144.82032,-37.77107],[144.82138,-37.77057]]]},"properties":{"cat":"industrial","name":""}},{"type":"Feature","geometry":{"type":"Polygon","coordinates":[[[145.24501,-38.04592],[145.24523,-38.04473],[145.24397,-38.04457],[145.2441,-38.04463],[145.24423,-38.04474],[145.24436,-38.04486],[145.24481,-38.04577],[145.24501,-38.04592]]]},"properties":{"cat":"industrial","name":""}},{"type":"Feature","geometry":{"type":"Polygon","coordinates":[[[145.24798,-38.03774],[145.2483,-38.03775],[145.24861,-38.03809],[145.24937,-38.03921],[145.2485,-38.03959],[145.24838,-38.03962],[145.24744,-38.03951],[145.24762,-38.0389],[145.24755,-38.03881],[145.24758,-38.03866],[145.24776,-38.03845],[145.24798,-38.03774]]]},"properties":{"cat":"industrial","name":""}},{"type":"Feature","geometry":{"type":"Polygon","coordinates":[[[145.23925,-38.08507],[145.23932,-38.08471],[145.23936,-38.08468],[145.23962,-38.08322],[145.24263,-38.08357],[145.24262,-38.08368],[145.24253,-38.08425],[145.24229,-38.08544],[145.23925,-38.08507]]]},"properties":{"cat":"industrial","name":""}},{"type":"Feature","geometry":{"type":"Polygon","coordinates":[[[145.23092,-38.05385],[145.23098,-38.05353],[145.23128,-38.05356],[145.23138,-38.05297],[145.23075,-38.0529],[145.23013,-38.05283],[145.22996,-38.05374],[145.23092,-38.05385]]]},"properties":{"cat":"industrial","name":""}},{"type":"Feature","geometry":{"type":"Polygon","coordinates":[[[145.17157,-37.88979],[145.17365,-37.89006],[145.17335,-37.8917],[145.17243,-37.89156],[145.17142,-37.89052],[145.17157,-37.88979]]]},"properties":{"cat":"industrial","name":""}},{"type":"Feature","geometry":{"type":"Polygon","coordinates":[[[145.14196,-38.02297],[145.14121,-38.02466],[145.14015,-38.02415],[145.1408,-38.02265],[145.14196,-38.02297]]]},"properties":{"cat":"industrial","name":""}},{"type":"Feature","geometry":{"type":"Polygon","coordinates":[[[145.14295,-38.02324],[145.14213,-38.0251],[145.14121,-38.02466],[145.14196,-38.02297],[145.14295,-38.02324]]]},"properties":{"cat":"industrial","name":""}},{"type":"Feature","geometry":{"type":"Polygon","coordinates":[[[144.7287,-37.77583],[144.72878,-37.77585],[144.72886,-37.77584],[144.72894,-37.77582],[144.729,-37.77577],[144.72904,-37.77571],[144.72905,-37.77564],[144.72903,-37.77558],[144.72898,-37.77552],[144.72891,-37.77548],[144.72883,-37.77546],[144.72875,-37.77547],[144.72868,-37.77549],[144.7285,-37.7756],[144.72727,-37.77547],[144.727,-37.77562],[144.72681,-37.77568],[144.72631,-37.77606],[144.72609,-37.77626],[144.72587,-37.77631],[144.72539,-37.77628],[144.72471,-37.77597],[144.72237,-37.77579],[144.72241,-37.77564],[144.72225,-37.77551],[144.72223,-37.77542],[144.72232,-37.77533],[144.72272,-37.77534],[144.72286,-37.77527],[144.72283,-37.77507],[144.7228,-37.77479],[144.72291,-37.77461],[144.72311,-37.77435],[144.72333,-37.77422],[144.72361,-37.77414],[144.72386,-37.77402],[144.724,-37.77383],[144.72419,-37.77364],[144.7245,-37.77357],[144.72476,-37.77354],[144.72491,-37.77359],[144.72504,-37.77371],[144.72515,-37.77381],[144.72532,-37.77386],[144.72591,-37.77394],[144.72965,-37.77429],[144.73009,-37.7744],[144.73026,-37.77448],[144.73037,-37.77459],[144.73036,-37.77481],[144.73017,-37.7756],[144.72986,-37.77622],[144.72967,-37.77659],[144.7295,-37.77696],[144.72933,-37.77707],[144.72919,-37.77709],[144.72902,-37.77703],[144.72897,-37.77685],[144.7288,-37.77677],[144.72843,-37.77675],[144.72826,-37.77674],[144.72835,-37.7759],[144.7285,-37.77583],[144.7287,-37.77583]]]},"properties":{"cat":"quarry","name":""}},{"type":"Feature","geometry":{"type":"Polygon","coordinates":[[[144.73621,-37.78272],[144.73592,-37.78272],[144.73545,-37.78284],[144.73519,-37.78305],[144.73497,-37.78336],[144.73464,-37.78467],[144.72933,-37.78383],[144.72964,-37.7827],[144.7297,-37.78259],[144.72983,-37.7825],[144.72997,-37.78246],[144.73014,-37.78244],[144.73036,-37.78246],[144.73302,-37.78291],[144.73323,-37.78227],[144.73624,-37.78254],[144.73621,-37.78272]]]},"properties":{"cat":"industrial","name":"Tunnel Lining Manufacturing Plant"}},{"type":"Feature","geometry":{"type":"Polygon","coordinates":[[[145.40845,-38.05876],[145.40706,-38.0585],[145.40695,-38.059],[145.40686,-38.05939],[145.4083,-38.05966],[145.40845,-38.05876]]]},"properties":{"cat":"industrial","name":""}},{"type":"Feature","geometry":{"type":"Polygon","coordinates":[[[145.18346,-38.31099],[145.1822,-38.31099],[145.18221,-38.31185],[145.18246,-38.31185],[145.18282,-38.31185],[145.18288,-38.31185],[145.18329,-38.31185],[145.18347,-38.31185],[145.18346,-38.31099]]]},"properties":{"cat":"industrial","name":"Ventura Bus Lines Hastings Depot"}},{"type":"Feature","geometry":{"type":"Polygon","coordinates":[[[145.3891,-37.9165],[145.38909,-37.9165],[145.38907,-37.91648],[145.38904,-37.91644],[145.38908,-37.91645],[145.38913,-37.91646],[145.38914,-37.91644],[145.38909,-37.91643],[145.38903,-37.91642],[145.38907,-37.9164],[145.38918,-37.91636],[145.38922,-37.91636],[145.38927,-37.91636],[145.38932,-37.91637],[145.38937,-37.91638],[145.38943,-37.91641],[145.38958,-37.9165],[145.38968,-37.91657],[145.38976,-37.91665],[145.3898,-37.91672],[145.38978,-37.91677],[145.38976,-37.9168],[145.38969,-37.91685],[145.38965,-37.91693],[145.38932,-37.91668],[145.38918,-37.91657],[145.3891,-37.9165]]]},"properties":{"cat":"landfill","name":"site of 1953 landslide"}},{"type":"Feature","geometry":{"type":"Polygon","coordinates":[[[144.7475,-37.82226],[144.74884,-37.82236],[144.74903,-37.82097],[144.74642,-37.82076],[144.74624,-37.82214],[144.7475,-37.82226]]]},"properties":{"cat":"industrial","name":""}},{"type":"Feature","geometry":{"type":"Polygon","coordinates":[[[144.74924,-37.81959],[144.74662,-37.81939],[144.74642,-37.82076],[144.74903,-37.82097],[144.74924,-37.81959]]]},"properties":{"cat":"industrial","name":""}},{"type":"Feature","geometry":{"type":"Polygon","coordinates":[[[145.18432,-38.18668],[145.1841,-38.18799],[145.18447,-38.18803],[145.18442,-38.18828],[145.18678,-38.18788],[145.18694,-38.18696],[145.18432,-38.18668]]]},"properties":{"cat":"industrial","name":"Harvey Wreckers"}},{"type":"Feature","geometry":{"type":"Polygon","coordinates":[[[145.24634,-38.08047],[145.24529,-38.08581],[145.24757,-38.08609],[145.24863,-38.08074],[145.24634,-38.08047]]]},"properties":{"cat":"industrial","name":"Cranbourne West Business Park"}},{"type":"Feature","geometry":{"type":"Polygon","coordinates":[[[144.77953,-37.79169],[144.77955,-37.79157],[144.77946,-37.79157],[144.77947,-37.79146],[144.77956,-37.79147],[144.77957,-37.79143],[144.77965,-37.79143],[144.77965,-37.7914],[144.77976,-37.79141],[144.77975,-37.79144],[144.7811,-37.79156],[144.78106,-37.79182],[144.77953,-37.79169]]]},"properties":{"cat":"industrial","name":"Toylex R US"}},{"type":"Feature","geometry":{"type":"Polygon","coordinates":[[[144.86675,-37.82942],[144.86624,-37.82937],[144.86627,-37.8292],[144.86678,-37.82926],[144.86675,-37.82942]]]},"properties":{"cat":"industrial","name":""}},{"type":"Feature","geometry":{"type":"Polygon","coordinates":[[[145.3914,-37.7888],[145.39267,-37.78811],[145.39334,-37.78825],[145.39301,-37.78901],[145.39211,-37.78884],[145.3914,-37.7888]]]},"properties":{"cat":"industrial","name":""}},{"type":"Feature","geometry":{"type":"Polygon","coordinates":[[[145.38883,-37.79133],[145.38905,-37.79201],[145.39009,-37.79176],[145.39037,-37.7918],[145.39001,-37.79148],[145.38998,-37.79145],[145.38883,-37.79133]]]},"properties":{"cat":"industrial","name":""}},{"type":"Feature","geometry":{"type":"Polygon","coordinates":[[[144.77863,-37.80724],[144.78143,-37.80746],[144.78158,-37.80628],[144.78064,-37.80621],[144.78019,-37.80617],[144.77878,-37.80606],[144.77867,-37.80696],[144.77863,-37.80724]]]},"properties":{"cat":"industrial","name":""}},{"type":"Feature","geometry":{"type":"Polygon","coordinates":[[[144.7819,-37.84038],[144.78185,-37.84037],[144.78042,-37.84013],[144.77878,-37.83987],[144.77905,-37.83878],[144.78158,-37.83919],[144.782,-37.84006],[144.7819,-37.84038]]]},"properties":{"cat":"industrial","name":""}},{"type":"Feature","geometry":{"type":"Polygon","coordinates":[[[144.7709,-37.84576],[144.7706,-37.84673],[144.7732,-37.84724],[144.77365,-37.84645],[144.77241,-37.84605],[144.7709,-37.84576]]]},"properties":{"cat":"industrial","name":""}},{"type":"Feature","geometry":{"type":"Polygon","coordinates":[[[144.77353,-37.83052],[144.77372,-37.82897],[144.77406,-37.82913],[144.77534,-37.82927],[144.77553,-37.82941],[144.77561,-37.82962],[144.77544,-37.83069],[144.77562,-37.83092],[144.77533,-37.83098],[144.77384,-37.83078],[144.77353,-37.83052]]]},"properties":{"cat":"landfill","name":""}},{"type":"Feature","geometry":{"type":"Polygon","coordinates":[[[144.78743,-37.78893],[144.78764,-37.78804],[144.78504,-37.78781],[144.78503,-37.78785],[144.78503,-37.78788],[144.78503,-37.7879],[144.78498,-37.7879],[144.78494,-37.7879],[144.78485,-37.78789],[144.78482,-37.78791],[144.78481,-37.78797],[144.78472,-37.7886],[144.78482,-37.78861],[144.78482,-37.78865],[144.78481,-37.78868],[144.78539,-37.78873],[144.78539,-37.78875],[144.78743,-37.78893]]]},"properties":{"cat":"industrial","name":""}},{"type":"Feature","geometry":{"type":"Polygon","coordinates":[[[144.62647,-37.90953],[144.62597,-37.91237],[144.62607,-37.91242],[144.62787,-37.9117],[144.62692,-37.91022],[144.62647,-37.90953]]]},"properties":{"cat":"industrial","name":""}},{"type":"Feature","geometry":{"type":"Polygon","coordinates":[[[144.64379,-37.97423],[144.6465,-37.97454],[144.64612,-37.97664],[144.64337,-37.97633],[144.6435,-37.97565],[144.64309,-37.9756],[144.64325,-37.97472],[144.64369,-37.97477],[144.64379,-37.97423]]]},"properties":{"cat":"wastewater","name":""}},{"type":"Feature","geometry":{"type":"Polygon","coordinates":[[[144.83057,-37.84704],[144.8307,-37.8456],[144.83019,-37.84421],[144.83072,-37.84021],[144.83319,-37.84041],[144.833,-37.84093],[144.83323,-37.84139],[144.83341,-37.84167],[144.83433,-37.84314],[144.83325,-37.84387],[144.83301,-37.84415],[144.83282,-37.84481],[144.83312,-37.84543],[144.83299,-37.84574],[144.8328,-37.84577],[144.83249,-37.84722],[144.83057,-37.84704]]]},"properties":{"cat":"industrial","name":""}},{"type":"Feature","geometry":{"type":"Polygon","coordinates":[[[144.8307,-37.8456],[144.8328,-37.84577],[144.83249,-37.84722],[144.83057,-37.84704],[144.8307,-37.8456]]]},"properties":{"cat":"industrial","name":"Puma Bitumen"}},{"type":"Feature","geometry":{"type":"Polygon","coordinates":[[[144.84636,-37.81386],[144.84639,-37.81373],[144.84624,-37.81371],[144.84491,-37.81361],[144.8448,-37.81454],[144.84694,-37.81478],[144.84702,-37.81428],[144.84708,-37.81393],[144.84636,-37.81386]]]},"properties":{"cat":"industrial","name":"Veolia"}},{"type":"Feature","geometry":{"type":"Polygon","coordinates":[[[144.85344,-37.82296],[144.85445,-37.8231],[144.85442,-37.82324],[144.85433,-37.82332],[144.85428,-37.82351],[144.85445,-37.82354],[144.85429,-37.82425],[144.85318,-37.82413],[144.85344,-37.82296]]]},"properties":{"cat":"industrial","name":""}},{"type":"Feature","geometry":{"type":"Polygon","coordinates":[[[144.96272,-37.73172],[144.96298,-37.73365],[144.9647,-37.73382],[144.964,-37.73208],[144.96373,-37.73203],[144.96373,-37.73184],[144.96347,-37.7318],[144.96272,-37.73172]]]},"properties":{"cat":"industrial","name":""}},{"type":"Feature","geometry":{"type":"Polygon","coordinates":[[[144.95908,-37.72785],[144.9595,-37.7279],[144.95949,-37.72796],[144.9599,-37.728],[144.9598,-37.72864],[144.95938,-37.7286],[144.9594,-37.72845],[144.95899,-37.7284],[144.95908,-37.72785]]]},"properties":{"cat":"industrial","name":""}},{"type":"Feature","geometry":{"type":"Polygon","coordinates":[[[144.95084,-37.67594],[144.95503,-37.67648],[144.95566,-37.67642],[144.95587,-37.67639],[144.95584,-37.67624],[144.95564,-37.67489],[144.95484,-37.6748],[144.95485,-37.67475],[144.95495,-37.67417],[144.95484,-37.67415],[144.95387,-37.67404],[144.95378,-37.67451],[144.95274,-37.67439],[144.95249,-37.67436],[144.95247,-37.67453],[144.95019,-37.67426],[144.95084,-37.67594]]]},"properties":{"cat":"industrial","name":"Nestle Australia"}},{"type":"Feature","geometry":{"type":"Polygon","coordinates":[[[144.86695,-37.6742],[144.8669,-37.67418],[144.86556,-37.67367],[144.86572,-37.67323],[144.86595,-37.67194],[144.86699,-37.67206],[144.86696,-37.67224],[144.86729,-37.67227],[144.86695,-37.6742]]]},"properties":{"cat":"wastewater","name":""}},{"type":"Feature","geometry":{"type":"Polygon","coordinates":[[[144.85415,-37.66979],[144.85474,-37.66978],[144.85493,-37.66982],[144.85508,-37.66992],[144.85517,-37.67008],[144.85517,-37.67024],[144.8551,-37.67038],[144.85496,-37.6705],[144.85479,-37.67056],[144.8546,-37.67056],[144.85451,-37.67053],[144.8545,-37.67048],[144.85436,-37.67031],[144.85424,-37.67017],[144.85413,-37.66999],[144.8541,-37.66987],[144.85415,-37.66979]]]},"properties":{"cat":"industrial","name":""}},{"type":"Feature","geometry":{"type":"Polygon","coordinates":[[[144.82336,-37.77701],[144.82342,-37.77687],[144.82345,-37.77679],[144.82355,-37.77655],[144.82385,-37.77662],[144.82399,-37.77691],[144.82461,-37.77782],[144.82466,-37.77788],[144.8251,-37.77838],[144.82569,-37.77912],[144.82566,-37.77915],[144.82492,-37.77877],[144.8244,-37.77813],[144.82304,-37.77881],[144.82336,-37.77701]]]},"properties":{"cat":"industrial","name":""}},{"type":"Feature","geometry":{"type":"Polygon","coordinates":[[[144.87582,-37.68793],[144.87521,-37.68734],[144.87508,-37.68742],[144.87506,-37.68743],[144.87489,-37.68728],[144.87483,-37.68728],[144.87476,-37.6872],[144.87474,-37.68718],[144.87581,-37.68647],[144.87642,-37.68706],[144.87673,-37.68735],[144.87582,-37.68793]]]},"properties":{"cat":"industrial","name":""}},{"type":"Feature","geometry":{"type":"Polygon","coordinates":[[[144.87914,-37.68835],[144.87911,-37.68837],[144.87812,-37.68902],[144.87764,-37.68855],[144.87749,-37.68854],[144.87711,-37.68879],[144.8771,-37.68878],[144.87691,-37.6889],[144.8769,-37.68889],[144.87675,-37.68874],[144.87659,-37.68859],[144.87621,-37.68822],[144.8761,-37.68812],[144.87605,-37.68807],[144.87603,-37.68805],[144.8762,-37.68794],[144.87685,-37.68751],[144.8769,-37.6875],[144.87694,-37.68753],[144.87697,-37.6875],[144.87703,-37.68747],[144.87728,-37.6873],[144.87723,-37.68726],[144.87761,-37.68702],[144.87873,-37.68792],[144.87914,-37.68835]]]},"properties":{"cat":"industrial","name":""}},{"type":"Feature","geometry":{"type":"Polygon","coordinates":[[[145.00923,-37.68828],[145.00937,-37.68728],[145.00937,-37.68725],[145.00872,-37.68656],[145.01117,-37.68637],[145.01261,-37.68648],[145.01246,-37.68741],[145.01231,-37.68839],[145.01228,-37.68855],[145.00923,-37.68828]]]},"properties":{"cat":"industrial","name":""}},{"type":"Feature","geometry":{"type":"Polygon","coordinates":[[[144.85239,-37.70869],[144.85278,-37.70873],[144.8529,-37.70869],[144.8564,-37.70749],[144.86,-37.70788],[144.85971,-37.70947],[144.85952,-37.70955],[144.85945,-37.70985],[144.8596,-37.70999],[144.85943,-37.71132],[144.85936,-37.71131],[144.85935,-37.71138],[144.85879,-37.71132],[144.85871,-37.71183],[144.85927,-37.71189],[144.85921,-37.71223],[144.85905,-37.71222],[144.85902,-37.71236],[144.85646,-37.71206],[144.85611,-37.71171],[144.85464,-37.71124],[144.85456,-37.71122],[144.85406,-37.71104],[144.85353,-37.7108],[144.85315,-37.71066],[144.85309,-37.71063],[144.85277,-37.71053],[144.85227,-37.7103],[144.85218,-37.71027],[144.85145,-37.70971],[144.85097,-37.70959],[144.85084,-37.7094],[144.85139,-37.70921],[144.85141,-37.70903],[144.85143,-37.7089],[144.85208,-37.70897],[144.85212,-37.70878],[144.85239,-37.70869]]]},"properties":{"cat":"industrial","name":""}},{"type":"Feature","geometry":{"type":"Polygon","coordinates":[[[144.56372,-37.57621],[144.5639,-37.57621],[144.56402,-37.5762],[144.56414,-37.57619],[144.56422,-37.57619],[144.56432,-37.57619],[144.56438,-37.57623],[144.56443,-37.5763],[144.56443,-37.5764],[144.56446,-37.57647],[144.56447,-37.57654],[144.56444,-37.5766],[144.56439,-37.57665],[144.56428,-37.57668],[144.56423,-37.5767],[144.56418,-37.57674],[144.56414,-37.57679],[144.56406,-37.57682],[144.56402,-37.57682],[144.56397,-37.57677],[144.56388,-37.57673],[144.56381,-37.57669],[144.56373,-37.57672],[144.56367,-37.57673],[144.56362,-37.57672],[144.56359,-37.57667],[144.56358,-37.57663],[144.56357,-37.57657],[144.56354,-37.57656],[144.56348,-37.57656],[144.56343,-37.57654],[144.56345,-37.57648],[144.56349,-37.5764],[144.5635,-37.57634],[144.56359,-37.57627],[144.56365,-37.57623],[144.56372,-37.57621]]]},"properties":{"cat":"quarry","name":""}},{"type":"Feature","geometry":{"type":"Polygon","coordinates":[[[144.52727,-37.47999],[144.52724,-37.48004],[144.52714,-37.48006],[144.52698,-37.48006],[144.52682,-37.48011],[144.52665,-37.48025],[144.52657,-37.48032],[144.5264,-37.48042],[144.52624,-37.4805],[144.52617,-37.48057],[144.52611,-37.48066],[144.52596,-37.48074],[144.52575,-37.48087],[144.52564,-37.48095],[144.52559,-37.481],[144.5256,-37.48105],[144.5258,-37.48122],[144.52602,-37.48141],[144.52611,-37.48152],[144.5262,-37.48163],[144.52628,-37.48172],[144.52632,-37.48176],[144.52636,-37.48174],[144.52641,-37.48168],[144.52651,-37.48165],[144.52658,-37.48159],[144.52663,-37.48155],[144.52666,-37.48149],[144.52671,-37.48139],[144.52683,-37.48131],[144.52696,-37.48125],[144.52708,-37.48119],[144.52711,-37.48112],[144.52711,-37.48105],[144.52714,-37.48101],[144.52725,-37.48096],[144.5273,-37.48093],[144.52734,-37.4809],[144.52739,-37.48085],[144.52749,-37.48084],[144.52756,-37.48084],[144.52766,-37.4808],[144.5278,-37.48072],[144.52799,-37.48058],[144.52814,-37.48039],[144.52819,-37.48036],[144.52833,-37.48032],[144.52839,-37.48026],[144.52842,-37.4802],[144.52843,-37.48012],[144.52845,-37.48003],[144.52852,-37.47995],[144.52868,-37.47982],[144.52884,-37.47969],[144.52899,-37.47957],[144.52909,-37.47948],[144.52914,-37.47938],[144.52918,-37.47931],[144.52922,-37.47924],[144.52928,-37.47917],[144.52925,-37.47914],[144.52918,-37.47922],[144.52913,-37.47925],[144.52905,-37.47929],[144.52907,-37.47938],[144.52901,-37.47949],[144.52892,-37.47952],[144.52886,-37.47955],[144.52882,-37.47963],[144.52866,-37.47979],[144.52855,-37.47981],[144.52852,-37.47978],[144.52856,-37.47967],[144.52863,-37.47959],[144.52873,-37.47951],[144.52882,-37.47946],[144.52887,-37.47942],[144.52887,-37.47939],[144.52883,-37.47936],[144.52875,-37.47939],[144.52864,-37.47946],[144.5286,-37.47949],[144.52849,-37.47952],[144.52843,-37.47952],[144.52828,-37.47951],[144.52821,-37.47949],[144.52815,-37.47949],[144.52799,-37.47956],[144.52788,-37.4796],[144.52771,-37.47968],[144.52754,-37.47978],[144.52747,-37.47983],[144.52747,-37.47986],[144.52742,-37.4799],[144.52733,-37.47993],[144.52728,-37.47995],[144.52727,-37.47999]]]},"properties":{"cat":"quarry","name":""}},{"type":"Feature","geometry":{"type":"Polygon","coordinates":[[[144.54091,-37.48535],[144.54109,-37.48537],[144.54118,-37.48536],[144.54127,-37.48534],[144.54132,-37.48534],[144.5414,-37.48536],[144.54148,-37.48545],[144.54153,-37.48551],[144.54161,-37.48555],[144.54173,-37.48555],[144.5418,-37.48553],[144.54186,-37.48546],[144.54191,-37.48542],[144.54196,-37.48537],[144.54201,-37.48535],[144.54205,-37.48536],[144.54221,-37.4854],[144.54232,-37.48541],[144.54247,-37.48541],[144.54257,-37.48542],[144.54263,-37.48543],[144.54266,-37.48545],[144.54265,-37.48555],[144.54257,-37.48579],[144.54245,-37.48597],[144.54234,-37.48606],[144.54226,-37.48608],[144.54211,-37.48623],[144.54207,-37.48627],[144.54201,-37.48628],[144.54185,-37.48628],[144.54174,-37.48633],[144.54169,-37.48641],[144.54169,-37.48646],[144.54163,-37.48654],[144.54155,-37.48659],[144.54154,-37.48665],[144.54153,-37.48669],[144.54149,-37.4867],[144.54143,-37.48671],[144.54137,-37.4867],[144.54132,-37.48662],[144.54131,-37.48659],[144.54126,-37.48658],[144.54121,-37.48658],[144.54099,-37.48662],[144.54097,-37.48656],[144.54098,-37.48648],[144.54098,-37.48643],[144.54097,-37.48641],[144.54088,-37.4864],[144.54079,-37.48644],[144.54074,-37.48648],[144.54068,-37.48652],[144.54066,-37.48653],[144.54049,-37.4866],[144.54035,-37.48669],[144.54034,-37.48675],[144.54034,-37.48688],[144.54032,-37.48696],[144.54027,-37.48701],[144.54018,-37.48703],[144.54013,-37.48703],[144.54004,-37.48703],[144.53997,-37.48699],[144.53994,-37.48694],[144.53993,-37.48686],[144.53999,-37.48682],[144.54004,-37.48676],[144.54004,-37.48672],[144.54007,-37.48667],[144.5401,-37.48662],[144.54012,-37.48658],[144.54012,-37.48654],[144.5401,-37.48651],[144.54009,-37.48649],[144.54009,-37.48643],[144.54013,-37.48641],[144.54011,-37.48636],[144.54006,-37.4863],[144.54009,-37.48623],[144.54015,-37.48605],[144.5402,-37.48595],[144.54021,-37.48589],[144.54019,-37.48586],[144.54013,-37.48582],[144.54007,-37.48577],[144.54004,-37.48572],[144.54013,-37.48562],[144.54016,-37.48552],[144.54023,-37.48543],[144.54025,-37.48536],[144.54029,-37.48535],[144.54031,-37.48537],[144.54035,-37.48545],[144.54036,-37.48553],[144.5404,-37.48554],[144.54048,-37.48556],[144.54056,-37.48554],[144.54059,-37.4855],[144.5406,-37.48544],[144.54061,-37.48537],[144.54062,-37.48534],[144.54065,-37.48532],[144.54073,-37.48533],[144.54085,-37.48535],[144.54091,-37.48535]]]},"properties":{"cat":"quarry","name":""}},{"type":"Feature","geometry":{"type":"Polygon","coordinates":[[[144.9979,-37.41616],[144.99813,-37.41585],[144.99851,-37.41534],[144.99888,-37.41484],[144.99913,-37.41464],[144.99977,-37.41411],[145.0003,-37.41368],[145.00059,-37.41351],[145.00109,-37.41321],[145.00192,-37.4127],[145.00319,-37.41203],[145.0036,-37.41182],[145.0039,-37.41168],[145.00444,-37.41144],[145.00569,-37.41089],[145.00555,-37.41167],[145.00442,-37.41155],[145.00436,-37.4119],[145.00492,-37.41197],[145.00479,-37.41273],[145.00476,-37.4129],[145.00463,-37.41363],[145.00456,-37.414],[145.0045,-37.41437],[145.00437,-37.4151],[145.00422,-37.41595],[145.00367,-37.41589],[145.00362,-37.41603],[145.00313,-37.41885],[145.00254,-37.41878],[145.00197,-37.41872],[145.00035,-37.41854],[144.99869,-37.41819],[144.99781,-37.41698],[144.99789,-37.4163],[144.9979,-37.41616]]]},"properties":{"cat":"industrial","name":""}},{"type":"Feature","geometry":{"type":"Polygon","coordinates":[[[144.83253,-37.81802],[144.83287,-37.81613],[144.83673,-37.81645],[144.83702,-37.81525],[144.83818,-37.81529],[144.83857,-37.8153],[144.83827,-37.81687],[144.83817,-37.81681],[144.83804,-37.81676],[144.83792,-37.81673],[144.83782,-37.81672],[144.83772,-37.81672],[144.83757,-37.81673],[144.83253,-37.81802]]]},"properties":{"cat":"industrial","name":""}},{"type":"Feature","geometry":{"type":"Polygon","coordinates":[[[144.84127,-37.8141],[144.84176,-37.81127],[144.84536,-37.81166],[144.84511,-37.81311],[144.84494,-37.8131],[144.84491,-37.81361],[144.8448,-37.81454],[144.84127,-37.8141]]]},"properties":{"cat":"industrial","name":""}},{"type":"Feature","geometry":{"type":"Polygon","coordinates":[[[144.84511,-37.81311],[144.84494,-37.8131],[144.84491,-37.81361],[144.84624,-37.81371],[144.84639,-37.81373],[144.84709,-37.8138],[144.8472,-37.81321],[144.84742,-37.81188],[144.84536,-37.81166],[144.84511,-37.81311]]]},"properties":{"cat":"industrial","name":""}},{"type":"Feature","geometry":{"type":"Polygon","coordinates":[[[144.83818,-37.81529],[144.83857,-37.8153],[144.84105,-37.81536],[144.84111,-37.81502],[144.84127,-37.8141],[144.84176,-37.81127],[144.83894,-37.81094],[144.83884,-37.81147],[144.83865,-37.81258],[144.83843,-37.81386],[144.83818,-37.81529]]]},"properties":{"cat":"industrial","name":"Sunshine Groupe Waste Management"}},{"type":"Feature","geometry":{"type":"Polygon","coordinates":[[[144.83465,-37.81598],[144.83461,-37.81612],[144.83453,-37.81618],[144.83431,-37.81619],[144.8331,-37.8161],[144.83298,-37.81603],[144.83294,-37.81597],[144.83294,-37.81588],[144.83342,-37.81334],[144.83417,-37.81315],[144.83483,-37.81317],[144.83531,-37.81323],[144.83561,-37.81316],[144.836,-37.81297],[144.83638,-37.81258],[144.83708,-37.81193],[144.83748,-37.81144],[144.83777,-37.81114],[144.83803,-37.81107],[144.83845,-37.81105],[144.83875,-37.81113],[144.83883,-37.81124],[144.83884,-37.81147],[144.83865,-37.81258],[144.83826,-37.8126],[144.83794,-37.8127],[144.83771,-37.81283],[144.83772,-37.81313],[144.83767,-37.81338],[144.83774,-37.81358],[144.83797,-37.81374],[144.83817,-37.81381],[144.83843,-37.81386],[144.83821,-37.81511],[144.838,-37.81515],[144.83775,-37.81518],[144.83731,-37.81515],[144.83693,-37.81512],[144.83628,-37.81514],[144.8355,-37.8151],[144.83502,-37.8151],[144.83478,-37.81514],[144.83465,-37.81598]]]},"properties":{"cat":"quarry","name":""}},{"type":"Feature","geometry":{"type":"Polygon","coordinates":[[[144.86893,-37.69409],[144.86944,-37.69752],[144.86891,-37.69753],[144.86788,-37.69742],[144.86767,-37.69747],[144.86747,-37.69744],[144.8674,-37.69705],[144.86718,-37.69556],[144.86706,-37.69468],[144.86699,-37.69428],[144.86893,-37.69409]]]},"properties":{"cat":"industrial","name":""}},{"type":"Feature","geometry":{"type":"Polygon","coordinates":[[[144.98295,-37.64708],[144.98321,-37.64539],[144.98342,-37.64536],[144.98436,-37.64524],[144.98527,-37.64494],[144.98712,-37.64395],[144.98756,-37.64313],[144.98671,-37.64066],[144.98671,-37.63862],[144.98693,-37.63719],[144.98697,-37.63696],[144.98873,-37.63612],[144.98953,-37.63573],[144.98985,-37.63386],[144.99146,-37.63405],[144.99218,-37.63449],[144.9923,-37.63567],[144.99225,-37.63767],[144.99213,-37.63826],[144.99112,-37.64317],[144.99001,-37.64427],[144.9895,-37.64777],[144.988,-37.64761],[144.98577,-37.64742],[144.9846,-37.64729],[144.98295,-37.64708]]]},"properties":{"cat":"industrial","name":"4Ten Epping"}},{"type":"Feature","geometry":{"type":"Polygon","coordinates":[[[145.18021,-38.20615],[145.18321,-38.2065],[145.1851,-38.20727],[145.1851,-38.20783],[145.18509,-38.20928],[145.18399,-38.20927],[145.18384,-38.21062],[145.17935,-38.20985],[145.18021,-38.20615]]]},"properties":{"cat":"industrial","name":"Inghams"}},{"type":"Feature","geometry":{"type":"Polygon","coordinates":[[[145.0108,-37.64227],[145.00746,-37.64193],[145.00717,-37.64201],[145.00705,-37.64197],[145.00692,-37.64169],[145.00681,-37.64154],[145.00672,-37.64138],[145.00658,-37.64111],[145.00647,-37.64087],[145.00654,-37.64076],[145.00646,-37.64051],[145.00635,-37.64046],[145.00624,-37.64007],[145.00618,-37.6398],[145.00609,-37.63959],[145.00606,-37.63946],[145.00568,-37.6377],[145.00564,-37.63709],[145.00574,-37.6364],[145.0057,-37.63635],[145.00581,-37.63578],[145.00605,-37.63565],[145.00652,-37.63571],[145.00696,-37.63576],[145.00739,-37.63581],[145.00807,-37.63589],[145.00818,-37.636],[145.01098,-37.63628],[145.01106,-37.63624],[145.01113,-37.6362],[145.01118,-37.63619],[145.01251,-37.63633],[145.01199,-37.6393],[145.01197,-37.63939],[145.01072,-37.63925],[145.01055,-37.64017],[145.01054,-37.64023],[145.01169,-37.64096],[145.01162,-37.64132],[145.01144,-37.64233],[145.0108,-37.64227]]]},"properties":{"cat":"industrial","name":""}},{"type":"Feature","geometry":{"type":"Polygon","coordinates":[[[145.004,-37.6367],[145.00421,-37.6357],[145.00422,-37.63556],[145.0033,-37.63543],[145.00175,-37.63526],[145.00173,-37.63539],[145.00211,-37.63698],[145.00222,-37.63742],[145.00283,-37.63878],[145.00284,-37.63884],[145.00283,-37.63898],[145.00274,-37.63948],[145.00274,-37.63949],[145.00265,-37.63971],[145.00273,-37.63974],[145.00286,-37.63984],[145.00305,-37.64018],[145.00329,-37.64039],[145.00362,-37.64059],[145.00403,-37.64072],[145.0047,-37.64085],[145.00555,-37.64086],[145.00575,-37.64085],[145.00585,-37.64087],[145.00578,-37.64066],[145.00584,-37.64052],[145.0057,-37.64],[145.00553,-37.63984],[145.00522,-37.63848],[145.0051,-37.63843],[145.00508,-37.63821],[145.00524,-37.63794],[145.00517,-37.6373],[145.00516,-37.63693],[145.004,-37.63678],[145.004,-37.6367]]]},"properties":{"cat":"industrial","name":""}},{"type":"Feature","geometry":{"type":"Polygon","coordinates":[[[144.99664,-37.63485],[144.99667,-37.63467],[144.99706,-37.63469],[144.99721,-37.63465],[144.99891,-37.63484],[144.99924,-37.63489],[144.99945,-37.63502],[144.99947,-37.63512],[144.99947,-37.63523],[144.99944,-37.63543],[144.99945,-37.63565],[144.99937,-37.63617],[144.99934,-37.63623],[144.99931,-37.63629],[144.9992,-37.63635],[144.99917,-37.63659],[144.9992,-37.63661],[144.99925,-37.63667],[144.99927,-37.63676],[144.99919,-37.63703],[144.99891,-37.63892],[144.99887,-37.63904],[144.99874,-37.63909],[144.99871,-37.63933],[144.9988,-37.63943],[144.9988,-37.63954],[144.9986,-37.64066],[144.99844,-37.64163],[144.99608,-37.64139],[144.99627,-37.64021],[144.99602,-37.64018],[144.99381,-37.63995],[144.99398,-37.63899],[144.99433,-37.637],[144.99442,-37.63649],[144.99464,-37.63523],[144.99473,-37.63511],[144.99503,-37.63495],[144.99664,-37.63485]]]},"properties":{"cat":"industrial","name":""}},{"type":"Feature","geometry":{"type":"Polygon","coordinates":[[[144.9989,-37.6408],[144.99886,-37.64075],[144.99906,-37.63953],[144.99911,-37.63945],[144.99918,-37.63941],[144.99921,-37.63912],[144.99915,-37.63901],[144.99953,-37.63674],[144.99959,-37.63667],[144.9997,-37.63662],[144.99973,-37.63641],[144.99964,-37.63631],[144.99962,-37.63622],[144.99971,-37.63577],[144.99984,-37.63523],[145.0,-37.63507],[145.0001,-37.63514],[145.00066,-37.63597],[145.00081,-37.63649],[145.00077,-37.63662],[145.00124,-37.63848],[145.00143,-37.63923],[145.00151,-37.63933],[145.00164,-37.63941],[145.00164,-37.63958],[145.00158,-37.63969],[145.00158,-37.63973],[145.00208,-37.64098],[145.00209,-37.64108],[145.00211,-37.64115],[144.9989,-37.6408]]]},"properties":{"cat":"industrial","name":""}},{"type":"Feature","geometry":{"type":"Polygon","coordinates":[[[144.97385,-37.77009],[144.97435,-37.77014],[144.97461,-37.76871],[144.9746,-37.76871],[144.97459,-37.76871],[144.97456,-37.7687],[144.9744,-37.76869],[144.97436,-37.76868],[144.97434,-37.76868],[144.97434,-37.76871],[144.97411,-37.76869],[144.97397,-37.76865],[144.974,-37.76851],[144.97377,-37.76849],[144.97367,-37.76848],[144.97366,-37.76852],[144.97365,-37.76852],[144.97364,-37.76861],[144.97363,-37.76864],[144.97275,-37.76854],[144.97256,-37.76965],[144.97293,-37.76969],[144.97296,-37.76932],[144.97347,-37.76937],[144.97356,-37.76885],[144.97406,-37.7689],[144.97385,-37.77009]]]},"properties":{"cat":"industrial","name":""}},{"type":"Feature","geometry":{"type":"Polygon","coordinates":[[[144.75331,-37.82224],[144.75318,-37.82213],[144.74993,-37.82188],[144.7496,-37.82196],[144.7495,-37.8229],[144.74971,-37.82402],[144.75012,-37.82441],[144.75026,-37.82446],[144.75297,-37.82468],[144.75331,-37.82224]]]},"properties":{"cat":"industrial","name":""}},{"type":"Feature","geometry":{"type":"Polygon","coordinates":[[[144.81279,-37.81756],[144.81185,-37.81838],[144.81139,-37.81805],[144.81234,-37.81723],[144.81279,-37.81756]]]},"properties":{"cat":"industrial","name":"Old Car Removal"}},{"type":"Feature","geometry":{"type":"Polygon","coordinates":[[[144.85023,-37.69353],[144.85049,-37.69038],[144.85052,-37.69009],[144.84977,-37.69005],[144.84979,-37.68979],[144.84791,-37.68967],[144.84786,-37.69022],[144.84818,-37.69024],[144.84786,-37.6934],[144.85023,-37.69353]]]},"properties":{"cat":"industrial","name":""}},{"type":"Feature","geometry":{"type":"Polygon","coordinates":[[[144.85049,-37.69038],[144.85023,-37.69353],[144.85147,-37.69358],[144.85113,-37.69175],[144.85244,-37.6916],[144.85243,-37.69151],[144.85407,-37.69131],[144.85383,-37.69002],[144.85523,-37.69009],[144.85528,-37.69035],[144.85544,-37.69033],[144.85548,-37.6903],[144.85537,-37.69012],[144.85526,-37.69006],[144.85511,-37.69002],[144.85503,-37.69],[144.85241,-37.68985],[144.85236,-37.6905],[144.85049,-37.69038]]]},"properties":{"cat":"industrial","name":""}},{"type":"Feature","geometry":{"type":"Polygon","coordinates":[[[145.31732,-37.81989],[145.31944,-37.81942],[145.32143,-37.81897],[145.3216,-37.81894],[145.32176,-37.82032],[145.32193,-37.82035],[145.32465,-37.82029],[145.32523,-37.82028],[145.32553,-37.82097],[145.3265,-37.82319],[145.32576,-37.82338],[145.3251,-37.82303],[145.32437,-37.82268],[145.32375,-37.82229],[145.32328,-37.82214],[145.32222,-37.82199],[145.32203,-37.82203],[145.31749,-37.82121],[145.31732,-37.81989]]]},"properties":{"cat":"industrial","name":""}},{"type":"Feature","geometry":{"type":"Polygon","coordinates":[[[145.31727,-37.81952],[145.31716,-37.8188],[145.31802,-37.81889],[145.31795,-37.81821],[145.31797,-37.81803],[145.31916,-37.81769],[145.31941,-37.81923],[145.31812,-37.81936],[145.31812,-37.81944],[145.31727,-37.81952]]]},"properties":{"cat":"industrial","name":""}},{"type":"Feature","geometry":{"type":"Polygon","coordinates":[[[145.56773,-38.3891],[145.56817,-38.38905],[145.56855,-38.38915],[145.56852,-38.38941],[145.56895,-38.38954],[145.56937,-38.38952],[145.56939,-38.38998],[145.56894,-38.39015],[145.56843,-38.39015],[145.56836,-38.3897],[145.56806,-38.38955],[145.56773,-38.3891]]]},"properties":{"cat":"quarry","name":"Old quarry (disused)"}},{"type":"Feature","geometry":{"type":"Polygon","coordinates":[[[144.5299,-37.90454],[144.52013,-37.9034],[144.52117,-37.89838],[144.53082,-37.8997],[144.5299,-37.90454]]]},"properties":{"cat":"industrial","name":"Hanson Werribee Quarry"}},{"type":"Feature","geometry":{"type":"Polygon","coordinates":[[[144.52543,-37.90251],[144.52522,-37.90341],[144.52513,-37.90345],[144.52385,-37.90328],[144.5238,-37.9032],[144.52368,-37.90316],[144.5236,-37.90305],[144.52346,-37.90299],[144.52325,-37.9029],[144.5232,-37.90282],[144.52324,-37.90275],[144.5231,-37.90268],[144.52262,-37.90257],[144.52236,-37.90249],[144.52223,-37.90245],[144.52226,-37.90236],[144.52225,-37.90231],[144.52213,-37.90227],[144.52207,-37.90216],[144.52221,-37.90169],[144.52239,-37.90108],[144.52244,-37.90069],[144.52229,-37.90057],[144.52222,-37.90043],[144.52229,-37.90014],[144.52241,-37.89952],[144.52253,-37.89911],[144.52265,-37.89886],[144.5227,-37.89885],[144.52302,-37.89889],[144.52348,-37.899],[144.52385,-37.89902],[144.52434,-37.89912],[144.52509,-37.89917],[144.52592,-37.89927],[144.52687,-37.89937],[144.52718,-37.89941],[144.52711,-37.89978],[144.52622,-37.89977],[144.52603,-37.89979],[144.52594,-37.90022],[144.52582,-37.90058],[144.52572,-37.90071],[144.52577,-37.90097],[144.52561,-37.90171],[144.52543,-37.90251]]]},"properties":{"cat":"quarry","name":""}},{"type":"Feature","geometry":{"type":"Polygon","coordinates":[[[144.5268,-37.90151],[144.527,-37.90141],[144.5271,-37.9012],[144.52704,-37.90098],[144.52706,-37.90075],[144.52715,-37.90051],[144.52702,-37.9003],[144.52703,-37.90015],[144.52722,-37.89999],[144.52737,-37.89983],[144.52791,-37.89957],[144.52812,-37.8995],[144.52829,-37.89954],[144.52838,-37.8997],[144.52867,-37.8998],[144.52908,-37.8998],[144.52979,-37.89981],[144.53029,-37.89991],[144.53032,-37.90001],[144.53021,-37.90061],[144.53016,-37.90095],[144.53006,-37.90179],[144.52999,-37.90221],[144.52978,-37.90275],[144.52964,-37.90306],[144.52938,-37.90315],[144.52882,-37.90331],[144.52859,-37.90336],[144.52811,-37.90305],[144.52781,-37.90284],[144.52779,-37.90253],[144.52777,-37.90228],[144.52736,-37.90215],[144.52708,-37.90206],[144.52683,-37.90193],[144.52678,-37.9018],[144.5268,-37.90151]]]},"properties":{"cat":"quarry","name":""}},{"type":"Feature","geometry":{"type":"Polygon","coordinates":[[[144.57909,-37.9224],[144.58012,-37.92093],[144.58069,-37.9211],[144.58099,-37.92065],[144.58184,-37.92097],[144.5821,-37.92102],[144.58224,-37.92109],[144.58269,-37.92113],[144.58275,-37.92104],[144.5831,-37.92105],[144.58311,-37.92097],[144.5832,-37.92098],[144.5833,-37.92092],[144.58386,-37.92091],[144.58389,-37.92154],[144.58373,-37.92157],[144.58367,-37.92162],[144.58375,-37.92165],[144.58379,-37.92177],[144.58377,-37.92196],[144.58343,-37.92194],[144.58346,-37.92218],[144.58364,-37.92233],[144.58378,-37.92239],[144.58354,-37.92274],[144.5827,-37.9224],[144.58256,-37.92253],[144.58247,-37.92287],[144.58185,-37.92275],[144.58187,-37.92266],[144.58176,-37.92265],[144.58178,-37.9225],[144.58162,-37.9224],[144.58148,-37.92233],[144.58151,-37.92221],[144.58148,-37.92216],[144.5812,-37.92207],[144.58089,-37.92197],[144.5807,-37.92205],[144.58043,-37.92206],[144.58015,-37.92191],[144.58005,-37.92189],[144.57978,-37.92227],[144.57963,-37.92242],[144.57909,-37.9224]]]},"properties":{"cat":"quarry","name":""}},{"type":"Feature","geometry":{"type":"Polygon","coordinates":[[[144.57818,-37.92058],[144.57733,-37.92167],[144.57697,-37.92163],[144.57557,-37.92434],[144.58779,-37.92558],[144.5878,-37.92553],[144.58914,-37.91828],[144.58497,-37.91777],[144.58294,-37.91977],[144.58105,-37.91928],[144.58055,-37.91943],[144.57961,-37.92078],[144.57886,-37.92037],[144.57863,-37.92056],[144.57818,-37.92058]]]},"properties":{"cat":"industrial","name":"Holcim Manor Quarry"}},{"type":"Feature","geometry":{"type":"Polygon","coordinates":[[[144.81728,-37.85304],[144.81325,-37.85406],[144.81365,-37.8551],[144.81301,-37.85527],[144.81306,-37.8554],[144.81331,-37.85597],[144.8141,-37.85578],[144.81414,-37.85578],[144.81418,-37.85579],[144.81423,-37.85581],[144.81671,-37.85519],[144.81692,-37.85514],[144.81701,-37.85459],[144.81706,-37.85431],[144.81708,-37.85422],[144.81709,-37.85416],[144.81715,-37.85382],[144.81721,-37.85349],[144.81724,-37.85329],[144.81728,-37.85304]]]},"properties":{"cat":"industrial","name":"DHL Altona Processing Facility"}},{"type":"Feature","geometry":{"type":"Polygon","coordinates":[[[144.81201,-37.84137],[144.81329,-37.84147],[144.81352,-37.83968],[144.81224,-37.83958],[144.81201,-37.84137]]]},"properties":{"cat":"industrial","name":""}},{"type":"Feature","geometry":{"type":"Polygon","coordinates":[[[144.81053,-37.84124],[144.81016,-37.8437],[144.81332,-37.84396],[144.81358,-37.84205],[144.81325,-37.84176],[144.81329,-37.84147],[144.81201,-37.84137],[144.81053,-37.84124]]]},"properties":{"cat":"industrial","name":""}},{"type":"Feature","geometry":{"type":"Polygon","coordinates":[[[144.73442,-37.75929],[144.73234,-37.75918],[144.73209,-37.76162],[144.73361,-37.76227],[144.73379,-37.76231],[144.734,-37.7623],[144.73414,-37.76216],[144.73435,-37.76003],[144.7344,-37.75978],[144.73448,-37.7596],[144.73458,-37.75943],[144.73466,-37.75933],[144.73454,-37.75929],[144.73442,-37.75929]]]},"properties":{"cat":"industrial","name":""}},{"type":"Feature","geometry":{"type":"Polygon","coordinates":[[[144.73234,-37.75918],[144.73268,-37.75674],[144.73276,-37.75622],[144.7332,-37.75629],[144.73396,-37.75663],[144.73444,-37.75688],[144.73513,-37.75736],[144.73551,-37.75774],[144.73602,-37.75833],[144.736,-37.7585],[144.7352,-37.75891],[144.73492,-37.7591],[144.73476,-37.75923],[144.73466,-37.75933],[144.73454,-37.75929],[144.73442,-37.75929],[144.73234,-37.75918]]]},"properties":{"cat":"industrial","name":"Amazon Australia"}},{"type":"Feature","geometry":{"type":"Polygon","coordinates":[[[144.73197,-37.7618],[144.73118,-37.76146],[144.73013,-37.76298],[144.73127,-37.76348],[144.73292,-37.76419],[144.73312,-37.76426],[144.73333,-37.76431],[144.73419,-37.76439],[144.73434,-37.76273],[144.73434,-37.76271],[144.73323,-37.76235],[144.73197,-37.7618]]]},"properties":{"cat":"industrial","name":""}},{"type":"Feature","geometry":{"type":"Polygon","coordinates":[[[144.73442,-37.76228],[144.73463,-37.76005],[144.73467,-37.75986],[144.73476,-37.75967],[144.73491,-37.75947],[144.73514,-37.75927],[144.73538,-37.7591],[144.73587,-37.75893],[144.73626,-37.75873],[144.73638,-37.75876],[144.73725,-37.75989],[144.73803,-37.76094],[144.7381,-37.76149],[144.73781,-37.76226],[144.73786,-37.76253],[144.73442,-37.76228]]]},"properties":{"cat":"industrial","name":""}},{"type":"Feature","geometry":{"type":"Polygon","coordinates":[[[144.54751,-37.79141],[144.54822,-37.79142],[144.54823,-37.79131],[144.5485,-37.79131],[144.54848,-37.79162],[144.54849,-37.79183],[144.54847,-37.79196],[144.54793,-37.79195],[144.54778,-37.79184],[144.54755,-37.79165],[144.54751,-37.79141]]]},"properties":{"cat":"industrial","name":""}},{"type":"Feature","geometry":{"type":"Polygon","coordinates":[[[145.12051,-37.52465],[145.12036,-37.52551],[145.12139,-37.52562],[145.12154,-37.52476],[145.12051,-37.52465]]]},"properties":{"cat":"wastewater","name":""}},{"type":"Feature","geometry":{"type":"Polygon","coordinates":[[[144.9759,-37.61092],[144.97589,-37.61117],[144.97638,-37.61118],[144.97639,-37.61093],[144.9759,-37.61092]]]},"properties":{"cat":"industrial","name":"Wollert Waste to Energy Facility (ReWaste)"}},{"type":"Feature","geometry":{"type":"Polygon","coordinates":[[[145.04798,-37.58273],[145.04789,-37.58345],[145.04848,-37.58349],[145.04853,-37.58308],[145.04896,-37.58311],[145.049,-37.58281],[145.04798,-37.58273]]]},"properties":{"cat":"industrial","name":"Wollert Renewable Energy Hub (Landfill Gas)"}},{"type":"Feature","geometry":{"type":"Polygon","coordinates":[[[144.86679,-37.80261],[144.86665,-37.80347],[144.86667,-37.80348],[144.86771,-37.80359],[144.86787,-37.80274],[144.86771,-37.80272],[144.86679,-37.80261]]]},"properties":{"cat":"industrial","name":""}},{"type":"Feature","geometry":{"type":"Polygon","coordinates":[[[144.92662,-37.54624],[144.928,-37.53868],[144.93298,-37.53921],[144.93356,-37.53927],[144.93665,-37.5396],[144.93642,-37.54105],[144.93633,-37.54105],[144.9362,-37.54189],[144.93629,-37.54191],[144.93555,-37.54679],[144.93554,-37.54688],[144.93552,-37.547],[144.93548,-37.54728],[144.92662,-37.54624]]]},"properties":{"cat":"industrial","name":"Mickleham Post Entry Animal Quarantine Facility"}},{"type":"Feature","geometry":{"type":"Polygon","coordinates":[[[144.65555,-37.72766],[144.65575,-37.72652],[144.65504,-37.7261],[144.65495,-37.72653],[144.65518,-37.72655],[144.65489,-37.72687],[144.65446,-37.72682],[144.65443,-37.727],[144.65555,-37.72766]]]},"properties":{"cat":"industrial","name":""}},{"type":"Feature","geometry":{"type":"Polygon","coordinates":[[[144.81778,-37.81549],[144.8174,-37.81546],[144.81724,-37.81544],[144.81718,-37.81589],[144.81729,-37.81597],[144.81739,-37.81603],[144.81751,-37.81607],[144.81768,-37.81609],[144.81778,-37.81549]]]},"properties":{"cat":"industrial","name":""}},{"type":"Feature","geometry":{"type":"Polygon","coordinates":[[[145.09882,-37.98543],[145.09951,-37.98552],[145.09928,-37.98671],[145.09866,-37.98663],[145.09878,-37.98601],[145.09881,-37.98572],[145.09878,-37.98567],[145.09882,-37.98543]]]},"properties":{"cat":"industrial","name":""}},{"type":"Feature","geometry":{"type":"Polygon","coordinates":[[[144.83645,-37.74656],[144.83622,-37.74696],[144.83616,-37.74709],[144.83599,-37.74726],[144.83561,-37.74755],[144.83529,-37.74777],[144.83464,-37.74825],[144.83408,-37.74814],[144.83403,-37.74819],[144.83437,-37.74627],[144.83445,-37.7458],[144.83466,-37.74583],[144.83518,-37.7459],[144.8356,-37.74594],[144.8359,-37.746],[144.83645,-37.74656]]]},"properties":{"cat":"industrial","name":""}},{"type":"Feature","geometry":{"type":"Polygon","coordinates":[[[144.80434,-37.70262],[144.80454,-37.70267],[144.80448,-37.70268],[144.80439,-37.70269],[144.80434,-37.7027],[144.8043,-37.70271],[144.80414,-37.70274],[144.8041,-37.70264],[144.80429,-37.70262],[144.80434,-37.70262]]]},"properties":{"cat":"industrial","name":""}},{"type":"Feature","geometry":{"type":"Polygon","coordinates":[[[144.79029,-37.72748],[144.78913,-37.72744],[144.78915,-37.72704],[144.7903,-37.72707],[144.79029,-37.72748]]]},"properties":{"cat":"industrial","name":""}},{"type":"Feature","geometry":{"type":"Polygon","coordinates":[[[144.6066,-37.85148],[144.60632,-37.85282],[144.60752,-37.85297],[144.60767,-37.85299],[144.6077,-37.8528],[144.60807,-37.85167],[144.6066,-37.85148]]]},"properties":{"cat":"industrial","name":"Riverbank Stockfeeds"}},{"type":"Feature","geometry":{"type":"Polygon","coordinates":[[[144.54985,-38.1575],[144.55001,-38.15766],[144.55016,-38.15755],[144.54997,-38.15742],[144.54985,-38.1575]]]},"properties":{"cat":"wastewater","name":""}},{"type":"Feature","geometry":{"type":"Polygon","coordinates":[[[144.94547,-37.59945],[144.94549,-37.5994],[144.94598,-37.59826],[144.9454,-37.59819],[144.94489,-37.59938],[144.94547,-37.59945]]]},"properties":{"cat":"industrial","name":""}},{"type":"Feature","geometry":{"type":"Polygon","coordinates":[[[144.91736,-37.70294],[144.91766,-37.70384],[144.91826,-37.70577],[144.91862,-37.70567],[144.91887,-37.70563],[144.91941,-37.70552],[144.91965,-37.70413],[144.91913,-37.70408],[144.91927,-37.70326],[144.91863,-37.70306],[144.91859,-37.70308],[144.91806,-37.70302],[144.91736,-37.70294]]]},"properties":{"cat":"industrial","name":""}},{"type":"Feature","geometry":{"type":"Polygon","coordinates":[[[144.78901,-37.85362],[144.78635,-37.85328],[144.786,-37.85496],[144.78706,-37.8548],[144.78699,-37.85529],[144.78728,-37.85535],[144.78786,-37.85531],[144.78832,-37.85522],[144.7887,-37.85521],[144.78901,-37.85362]]]},"properties":{"cat":"industrial","name":""}},{"type":"Feature","geometry":{"type":"Polygon","coordinates":[[[144.41994,-38.16548],[144.42104,-38.166],[144.4223,-38.1668],[144.42254,-38.16676],[144.42505,-38.16474],[144.42481,-38.16466],[144.42252,-38.16528],[144.42004,-38.16533],[144.41994,-38.16548]]]},"properties":{"cat":"industrial","name":""}},{"type":"Feature","geometry":{"type":"Polygon","coordinates":[[[144.4245,-38.16823],[144.42291,-38.16721],[144.42288,-38.16678],[144.42793,-38.16278],[144.42811,-38.16281],[144.4297,-38.16427],[144.42968,-38.1644],[144.42852,-38.17064],[144.42772,-38.17035],[144.42638,-38.16952],[144.42715,-38.16866],[144.42633,-38.16815],[144.42786,-38.1669],[144.42683,-38.16635],[144.4245,-38.16823]]]},"properties":{"cat":"industrial","name":""}},{"type":"Feature","geometry":{"type":"Polygon","coordinates":[[[144.43099,-38.17095],[144.42871,-38.17068],[144.42987,-38.16424],[144.42977,-38.16408],[144.4293,-38.16362],[144.43226,-38.16397],[144.43099,-38.17095]]]},"properties":{"cat":"industrial","name":""}},{"type":"Feature","geometry":{"type":"Polygon","coordinates":[[[144.42837,-38.16272],[144.43213,-38.16317],[144.43348,-38.15722],[144.43179,-38.15703],[144.43046,-38.15992],[144.42968,-38.16123],[144.42837,-38.16272]]]},"properties":{"cat":"industrial","name":""}},{"type":"Feature","geometry":{"type":"Polygon","coordinates":[[[144.4324,-38.15514],[144.43342,-38.15529],[144.43322,-38.15694],[144.43177,-38.15678],[144.4324,-38.15514]]]},"properties":{"cat":"industrial","name":""}},{"type":"Feature","geometry":{"type":"Polygon","coordinates":[[[144.42238,-38.16742],[144.42244,-38.16839],[144.42287,-38.16901],[144.42342,-38.16966],[144.42402,-38.17003],[144.42477,-38.17035],[144.42528,-38.17048],[144.42727,-38.17066],[144.42238,-38.16742]]]},"properties":{"cat":"industrial","name":""}},{"type":"Feature","geometry":{"type":"Polygon","coordinates":[[[144.57337,-38.17446],[144.57958,-38.17525],[144.57982,-38.17415],[144.57355,-38.17333],[144.57337,-38.17446]]]},"properties":{"cat":"industrial","name":""}},{"type":"Feature","geometry":{"type":"Polygon","coordinates":[[[144.80132,-37.75023],[144.8014,-37.74976],[144.8015,-37.74977],[144.80348,-37.74999],[144.80351,-37.75018],[144.80348,-37.75048],[144.80132,-37.75023]]]},"properties":{"cat":"industrial","name":""}},{"type":"Feature","geometry":{"type":"Polygon","coordinates":[[[145.08658,-37.97246],[145.08626,-37.97432],[145.08624,-37.97438],[145.08624,-37.97445],[145.08626,-37.97454],[145.0864,-37.97528],[145.0864,-37.9755],[145.08644,-37.97555],[145.08648,-37.97558],[145.08654,-37.9756],[145.08903,-37.97589],[145.08907,-37.97588],[145.08909,-37.97586],[145.08911,-37.97584],[145.08963,-37.97279],[145.08959,-37.97276],[145.08669,-37.97241],[145.08667,-37.97241],[145.08663,-37.97243],[145.08658,-37.97246]]]},"properties":{"cat":"industrial","name":""}},{"type":"Feature","geometry":{"type":"Polygon","coordinates":[[[145.00269,-37.81191],[145.00253,-37.81282],[145.00038,-37.81263],[145.00049,-37.81191],[145.00078,-37.8118],[145.00109,-37.8118],[145.00191,-37.81185],[145.00269,-37.81191]]]},"properties":{"cat":"industrial","name":""}},{"type":"Feature","geometry":{"type":"Polygon","coordinates":[[[144.98666,-37.80373],[144.98696,-37.80208],[144.98697,-37.80203],[144.987,-37.80188],[144.98706,-37.80192],[144.98783,-37.80199],[144.98782,-37.80203],[144.98749,-37.80381],[144.98666,-37.80373]]]},"properties":{"cat":"industrial","name":""}},{"type":"Feature","geometry":{"type":"Polygon","coordinates":[[[144.98749,-37.80381],[144.98796,-37.80386],[144.98826,-37.80203],[144.98783,-37.80199],[144.98782,-37.80203],[144.98749,-37.80381]]]},"properties":{"cat":"industrial","name":""}},{"type":"Feature","geometry":{"type":"Polygon","coordinates":[[[145.31557,-37.91217],[145.31562,-37.91263],[145.31573,-37.91269],[145.31596,-37.91269],[145.316,-37.91272],[145.31611,-37.91272],[145.31621,-37.91271],[145.31612,-37.91216],[145.31606,-37.91212],[145.31568,-37.91212],[145.31557,-37.91217]]]},"properties":{"cat":"industrial","name":"Shire Depot"}},{"type":"Feature","geometry":{"type":"Polygon","coordinates":[[[145.45765,-37.77872],[145.45789,-37.77908],[145.4583,-37.77893],[145.45858,-37.77935],[145.45777,-37.77969],[145.45724,-37.77889],[145.45765,-37.77872]]]},"properties":{"cat":"industrial","name":""}},{"type":"Feature","geometry":{"type":"Polygon","coordinates":[[[144.99726,-37.80302],[144.9971,-37.80377],[144.99751,-37.80383],[144.99723,-37.80537],[144.99798,-37.80541],[144.99813,-37.80466],[144.99819,-37.80466],[144.99819,-37.80464],[144.99831,-37.80466],[144.99832,-37.80463],[144.99844,-37.80465],[144.99845,-37.80462],[144.99869,-37.80465],[144.99869,-37.80463],[144.99895,-37.80466],[144.99902,-37.80467],[144.99904,-37.80467],[144.99945,-37.80424],[144.99947,-37.80413],[144.99955,-37.80413],[144.99961,-37.80411],[144.9998,-37.80401],[145.00018,-37.80387],[145.00017,-37.80385],[145.00031,-37.8038],[145.00038,-37.80381],[145.00038,-37.80383],[145.00051,-37.80382],[145.00068,-37.80382],[145.0007,-37.80371],[145.00098,-37.80374],[145.00097,-37.80377],[145.00122,-37.80376],[145.00141,-37.80385],[145.00168,-37.80293],[145.00171,-37.80275],[145.00097,-37.8027],[145.00087,-37.80333],[144.99726,-37.80302]]]},"properties":{"cat":"industrial","name":""}},{"type":"Feature","geometry":{"type":"Polygon","coordinates":[[[144.60117,-37.71146],[144.60534,-37.71283],[144.60547,-37.71211],[144.6097,-37.71352],[144.61031,-37.71155],[144.6067,-37.7111],[144.60626,-37.71003],[144.60799,-37.71021],[144.60851,-37.70723],[144.60684,-37.70697],[144.60671,-37.70695],[144.60575,-37.70684],[144.60608,-37.70725],[144.60567,-37.70937],[144.6059,-37.7097],[144.60287,-37.70935],[144.60291,-37.70911],[144.6019,-37.70899],[144.60194,-37.70878],[144.60166,-37.70875],[144.60117,-37.71146]]]},"properties":{"cat":"industrial","name":""}},{"type":"Feature","geometry":{"type":"Polygon","coordinates":[[[144.60678,-37.70659],[144.59789,-37.70558],[144.59824,-37.7038],[144.59972,-37.70396],[144.60004,-37.7022],[144.60147,-37.70236],[144.60241,-37.70246],[144.60281,-37.70251],[144.60344,-37.69905],[144.60349,-37.69905],[144.61207,-37.70002],[144.61147,-37.70396],[144.6077,-37.70352],[144.60724,-37.70405],[144.60678,-37.70656],[144.60678,-37.70659]]]},"properties":{"cat":"industrial","name":""}},{"type":"Feature","geometry":{"type":"Polygon","coordinates":[[[144.59602,-37.7088],[144.59439,-37.70862],[144.59537,-37.70566],[144.59526,-37.70565],[144.59465,-37.70748],[144.59276,-37.70718],[144.59323,-37.70542],[144.59336,-37.70497],[144.5925,-37.70488],[144.59312,-37.70142],[144.59445,-37.70156],[144.59561,-37.7017],[144.59497,-37.70525],[144.59711,-37.70549],[144.597,-37.70585],[144.59602,-37.7088]]]},"properties":{"cat":"industrial","name":""}},{"type":"Feature","geometry":{"type":"Polygon","coordinates":[[[144.58871,-37.7049],[144.58827,-37.70622],[144.58797,-37.70713],[144.58482,-37.70609],[144.58534,-37.70452],[144.58871,-37.7049]]]},"properties":{"cat":"industrial","name":"Civifleet"}},{"type":"Feature","geometry":{"type":"Polygon","coordinates":[[[145.29501,-37.83922],[145.29561,-37.83979],[145.29571,-37.8397],[145.29581,-37.83955],[145.29592,-37.83905],[145.29619,-37.8376],[145.29611,-37.83753],[145.29575,-37.83748],[145.2954,-37.83729],[145.29501,-37.83922]]]},"properties":{"cat":"industrial","name":""}},{"type":"Feature","geometry":{"type":"Polygon","coordinates":[[[144.89474,-37.83621],[144.89494,-37.83632],[144.89486,-37.83642],[144.8951,-37.83654],[144.89506,-37.83659],[144.89503,-37.83662],[144.89477,-37.83648],[144.89474,-37.83652],[144.89472,-37.83654],[144.89454,-37.83645],[144.89457,-37.83642],[144.89474,-37.83621]]]},"properties":{"cat":"industrial","name":""}},{"type":"Feature","geometry":{"type":"Polygon","coordinates":[[[144.89283,-37.83625],[144.89281,-37.83635],[144.89305,-37.83638],[144.89301,-37.83665],[144.89313,-37.83666],[144.89319,-37.83629],[144.89305,-37.83628],[144.89285,-37.83626],[144.89283,-37.83625]]]},"properties":{"cat":"industrial","name":""}},{"type":"Feature","geometry":{"type":"Polygon","coordinates":[[[144.88555,-37.83351],[144.88514,-37.83517],[144.88685,-37.83533],[144.88713,-37.83369],[144.88555,-37.83351]]]},"properties":{"cat":"industrial","name":""}},{"type":"Feature","geometry":{"type":"Polygon","coordinates":[[[144.88701,-37.83528],[144.88881,-37.83549],[144.88932,-37.83257],[144.8887,-37.8325],[144.88858,-37.83235],[144.88753,-37.83223],[144.88701,-37.83528]]]},"properties":{"cat":"industrial","name":"Viva Energy"}},{"type":"Feature","geometry":{"type":"Polygon","coordinates":[[[145.03805,-37.59448],[145.03756,-37.5976],[145.0369,-37.60168],[145.04302,-37.60223],[145.04407,-37.60233],[145.04575,-37.60248],[145.04657,-37.59728],[145.0469,-37.59521],[145.04474,-37.59503],[145.03805,-37.59448]]]},"properties":{"cat":"quarry","name":"Hanson Quarry Wollert"}},{"type":"Feature","geometry":{"type":"Polygon","coordinates":[[[144.82613,-37.84879],[144.82614,-37.84897],[144.82805,-37.84919],[144.82958,-37.84882],[144.829,-37.84862],[144.82865,-37.84843],[144.82834,-37.84814],[144.82613,-37.84879]]]},"properties":{"cat":"industrial","name":""}},{"type":"Feature","geometry":{"type":"Polygon","coordinates":[[[144.83057,-37.84704],[144.83052,-37.84749],[144.83031,-37.84758],[144.82834,-37.84814],[144.82865,-37.84843],[144.829,-37.84862],[144.82958,-37.84882],[144.8339,-37.84773],[144.83356,-37.84701],[144.83249,-37.84722],[144.83057,-37.84704]]]},"properties":{"cat":"industrial","name":"CPS"}},{"type":"Feature","geometry":{"type":"Polygon","coordinates":[[[144.80905,-37.85582],[144.80861,-37.85593],[144.80209,-37.85757],[144.80302,-37.85975],[144.80812,-37.85846],[144.80827,-37.85831],[144.8099,-37.8579],[144.80905,-37.85582]]]},"properties":{"cat":"industrial","name":"Altona Industrial Estate"}},{"type":"Feature","geometry":{"type":"Polygon","coordinates":[[[144.79509,-37.85818],[144.79583,-37.86002],[144.80042,-37.85887],[144.80011,-37.8581],[144.80057,-37.85798],[144.8005,-37.85779],[144.80015,-37.85691],[144.79509,-37.85818]]]},"properties":{"cat":"industrial","name":""}},{"type":"Feature","geometry":{"type":"Polygon","coordinates":[[[144.8045,-37.85578],[144.80488,-37.8567],[144.80854,-37.85576],[144.80874,-37.85571],[144.80843,-37.85493],[144.80661,-37.85539],[144.80657,-37.8553],[144.80616,-37.8554],[144.80614,-37.85537],[144.8045,-37.85578]]]},"properties":{"cat":"industrial","name":""}},{"type":"Feature","geometry":{"type":"Polygon","coordinates":[[[144.83484,-37.85032],[144.83613,-37.85034],[144.83637,-37.85057],[144.83601,-37.85244],[144.83562,-37.85454],[144.8355,-37.85445],[144.83533,-37.8544],[144.83412,-37.85428],[144.83425,-37.85353],[144.83438,-37.85285],[144.83449,-37.85226],[144.83484,-37.85032]]]},"properties":{"cat":"industrial","name":""}},{"type":"Feature","geometry":{"type":"Polygon","coordinates":[[[144.9772,-37.77515],[144.9771,-37.77572],[144.97719,-37.77573],[144.97714,-37.77599],[144.97746,-37.77602],[144.9776,-37.7752],[144.9772,-37.77515]]]},"properties":{"cat":"industrial","name":""}},{"type":"Feature","geometry":{"type":"Polygon","coordinates":[[[144.71627,-37.46237],[144.7136,-37.46543],[144.71846,-37.46822],[144.71849,-37.46818],[144.71983,-37.46662],[144.71905,-37.46397],[144.71698,-37.46278],[144.71627,-37.46237]]]},"properties":{"cat":"wastewater","name":"Riddells Creek Recycled Water Plant"}},{"type":"Feature","geometry":{"type":"Polygon","coordinates":[[[144.61628,-37.48795],[144.61539,-37.48844],[144.61387,-37.48841],[144.61292,-37.48858],[144.61111,-37.48857],[144.6106,-37.4883],[144.61037,-37.4885],[144.61067,-37.48884],[144.61066,-37.48898],[144.61048,-37.48914],[144.61005,-37.48951],[144.61015,-37.48982],[144.6107,-37.49002],[144.61123,-37.48965],[144.6123,-37.49037],[144.61609,-37.49072],[144.61638,-37.48953],[144.61674,-37.48754],[144.61628,-37.48795]]]},"properties":{"cat":"wastewater","name":"Gisborne Recycled Water Plant"}},{"type":"Feature","geometry":{"type":"Polygon","coordinates":[[[145.53072,-37.78042],[145.53076,-37.78037],[145.53091,-37.78044],[145.53086,-37.78049],[145.53115,-37.78064],[145.53128,-37.78083],[145.53128,-37.7813],[145.53127,-37.782],[145.53128,-37.78298],[145.53121,-37.78329],[145.52805,-37.78326],[145.52804,-37.78253],[145.52804,-37.78126],[145.52802,-37.77958],[145.52866,-37.77953],[145.52967,-37.77983],[145.5302,-37.78009],[145.5302,-37.78016],[145.53072,-37.78042]]]},"properties":{"cat":"industrial","name":""}},{"type":"Feature","geometry":{"type":"Polygon","coordinates":[[[145.42735,-37.78024],[145.42679,-37.78045],[145.42642,-37.77981],[145.42696,-37.7796],[145.42705,-37.77974],[145.42735,-37.78024]]]},"properties":{"cat":"industrial","name":""}},{"type":"Feature","geometry":{"type":"Polygon","coordinates":[[[145.32939,-37.81459],[145.31752,-37.81777],[145.31742,-37.81709],[145.31715,-37.81513],[145.32251,-37.81373],[145.32295,-37.81511],[145.32824,-37.81166],[145.32939,-37.81459]]]},"properties":{"cat":"industrial","name":""}},{"type":"Feature","geometry":{"type":"Polygon","coordinates":[[[144.81016,-37.8437],[144.80987,-37.84569],[144.81305,-37.846],[144.81332,-37.84396],[144.81016,-37.8437]]]},"properties":{"cat":"industrial","name":""}},{"type":"Feature","geometry":{"type":"Polygon","coordinates":[[[144.76281,-37.8374],[144.76323,-37.83743],[144.76321,-37.83771],[144.76346,-37.83874],[144.76383,-37.83914],[144.76389,-37.83923],[144.76401,-37.83938],[144.76424,-37.83967],[144.76453,-37.83983],[144.76401,-37.84043],[144.76251,-37.84031],[144.76252,-37.84028],[144.76238,-37.84028],[144.7624,-37.8402],[144.76237,-37.84018],[144.76225,-37.84017],[144.76218,-37.84007],[144.7623,-37.83919],[144.76251,-37.83902],[144.76253,-37.83883],[144.76244,-37.83864],[144.76281,-37.8374]]]},"properties":{"cat":"industrial","name":""}},{"type":"Feature","geometry":{"type":"Polygon","coordinates":[[[144.69825,-37.80569],[144.6978,-37.80855],[144.6977,-37.8092],[144.69798,-37.80922],[144.69862,-37.80927],[144.6992,-37.80932],[144.69995,-37.80939],[144.70051,-37.80944],[144.70293,-37.80965],[144.70322,-37.80967],[144.71062,-37.81032],[144.71051,-37.81011],[144.71042,-37.80995],[144.71036,-37.80988],[144.71035,-37.80974],[144.71037,-37.80962],[144.71033,-37.80949],[144.71026,-37.80943],[144.71016,-37.80938],[144.71003,-37.80937],[144.70985,-37.8093],[144.7097,-37.80917],[144.70954,-37.80897],[144.70934,-37.80877],[144.70918,-37.8087],[144.70899,-37.80857],[144.70865,-37.80826],[144.70834,-37.80786],[144.70823,-37.8076],[144.70808,-37.80746],[144.70762,-37.80712],[144.70731,-37.80692],[144.70731,-37.80666],[144.70691,-37.8066],[144.7062,-37.80648],[144.70542,-37.80636],[144.70474,-37.8063],[144.70295,-37.80613],[144.70111,-37.8058],[144.69897,-37.80556],[144.6983,-37.80539],[144.69825,-37.80569]]]},"properties":{"cat":"industrial","name":""}},{"type":"Feature","geometry":{"type":"Polygon","coordinates":[[[144.94589,-37.58505],[144.94567,-37.58374],[144.94565,-37.58363],[144.94572,-37.58356],[144.94642,-37.58346],[144.94657,-37.58345],[144.94672,-37.58344],[144.94685,-37.58344],[144.947,-37.58344],[144.94884,-37.58363],[144.94986,-37.58376],[144.94983,-37.5839],[144.95022,-37.58394],[144.94991,-37.58553],[144.94796,-37.5853],[144.94749,-37.58524],[144.94589,-37.58505]]]},"properties":{"cat":"industrial","name":"Amazon Sortation Centre (MEL8)"}},{"type":"Feature","geometry":{"type":"Polygon","coordinates":[[[145.36259,-37.73913],[145.36264,-37.73925],[145.36262,-37.73928],[145.36238,-37.7409],[145.36201,-37.74285],[145.35989,-37.74258],[145.36204,-37.73901],[145.36259,-37.73913]]]},"properties":{"cat":"industrial","name":""}},{"type":"Feature","geometry":{"type":"Polygon","coordinates":[[[144.85843,-37.66841],[144.85855,-37.66903],[144.85812,-37.66911],[144.85802,-37.66916],[144.85801,-37.66933],[144.85749,-37.66971],[144.85717,-37.66994],[144.85663,-37.66945],[144.85681,-37.66933],[144.85689,-37.66921],[144.85701,-37.66882],[144.85704,-37.66852],[144.85705,-37.66841],[144.85705,-37.66836],[144.85705,-37.66794],[144.85704,-37.66746],[144.85629,-37.66745],[144.85626,-37.66734],[144.85616,-37.66604],[144.85615,-37.66593],[144.85692,-37.66594],[144.85704,-37.66595],[144.85703,-37.66613],[144.85717,-37.6663],[144.85801,-37.6663],[144.85843,-37.66841]]]},"properties":{"cat":"industrial","name":"Melbourne Airport JUHI"}},{"type":"Feature","geometry":{"type":"Polygon","coordinates":[[[144.39987,-38.07149],[144.39992,-38.0715],[144.39996,-38.07151],[144.39998,-38.07151],[144.39996,-38.07167],[144.40007,-38.07168],[144.40008,-38.07157],[144.40014,-38.07157],[144.40014,-38.07159],[144.40014,-38.07163],[144.40014,-38.07163],[144.40013,-38.07168],[144.40012,-38.07173],[144.40007,-38.07172],[144.40006,-38.07177],[144.40004,-38.07177],[144.40001,-38.07176],[144.39999,-38.07176],[144.39997,-38.07175],[144.39991,-38.07174],[144.39986,-38.07173],[144.39981,-38.07172],[144.39978,-38.07172],[144.39978,-38.07169],[144.39985,-38.07171],[144.3999,-38.07155],[144.39985,-38.07154],[144.39987,-38.07149]]]},"properties":{"cat":"industrial","name":""}},{"type":"Feature","geometry":{"type":"Polygon","coordinates":[[[145.33335,-38.09521],[145.33201,-38.09504],[145.33216,-38.09442],[145.33348,-38.09458],[145.33335,-38.09521]]]},"properties":{"cat":"industrial","name":""}},{"type":"Feature","geometry":{"type":"Polygon","coordinates":[[[144.78661,-37.71973],[144.78733,-37.71937],[144.78744,-37.71895],[144.78725,-37.71872],[144.78676,-37.71864],[144.78603,-37.71901],[144.78661,-37.71973]]]},"properties":{"cat":"industrial","name":""}},{"type":"Feature","geometry":{"type":"Polygon","coordinates":[[[144.9156,-37.8005],[144.91582,-37.80032],[144.91616,-37.79996],[144.91622,-37.79999],[144.91627,-37.80004],[144.91659,-37.80039],[144.91641,-37.80049],[144.9164,-37.80049],[144.91639,-37.8005],[144.91638,-37.8005],[144.91637,-37.80051],[144.91637,-37.80051],[144.91609,-37.80067],[144.91606,-37.80063],[144.91597,-37.80069],[144.91595,-37.8007],[144.91594,-37.8007],[144.9159,-37.80072],[144.91586,-37.80075],[144.91579,-37.80077],[144.91577,-37.80078],[144.91574,-37.80073],[144.9156,-37.8005]]]},"properties":{"cat":"industrial","name":"Greater Western Water - West Melbourne Depot"}},{"type":"Feature","geometry":{"type":"Polygon","coordinates":[[[145.07454,-37.70165],[145.07434,-37.70279],[145.07407,-37.70434],[145.07406,-37.70442],[145.07378,-37.70593],[145.07016,-37.70516],[145.07015,-37.7052],[145.06828,-37.70482],[145.06839,-37.70436],[145.06835,-37.70432],[145.06798,-37.70428],[145.06856,-37.70107],[145.07082,-37.70129],[145.07075,-37.70172],[145.0707,-37.70201],[145.07062,-37.70247],[145.07158,-37.70258],[145.07194,-37.70262],[145.07199,-37.70262],[145.07219,-37.70142],[145.07454,-37.70165]]]},"properties":{"cat":"industrial","name":""}},{"type":"Feature","geometry":{"type":"Polygon","coordinates":[[[145.03042,-37.87038],[145.0296,-37.87029],[145.02947,-37.87097],[145.0301,-37.87105],[145.03034,-37.87087],[145.03042,-37.87038]]]},"properties":{"cat":"industrial","name":"Glen Eira Park Services"}},{"type":"Feature","geometry":{"type":"Polygon","coordinates":[[[144.85524,-37.74056],[144.85526,-37.74048],[144.85528,-37.74033],[144.85538,-37.74034],[144.85577,-37.74038],[144.85604,-37.7404],[144.85623,-37.74042],[144.85814,-37.74063],[144.85958,-37.74079],[144.86029,-37.74087],[144.8603,-37.74083],[144.86038,-37.74086],[144.86199,-37.74159],[144.86195,-37.74166],[144.8621,-37.74173],[144.86215,-37.74166],[144.86283,-37.74197],[144.86282,-37.74199],[144.86294,-37.74205],[144.86291,-37.7421],[144.86314,-37.7422],[144.86327,-37.74226],[144.86322,-37.7425],[144.86286,-37.74234],[144.86292,-37.74225],[144.86262,-37.74211],[144.86187,-37.74177],[144.86187,-37.74177],[144.86157,-37.74163],[144.86151,-37.74172],[144.86107,-37.74151],[144.86113,-37.74143],[144.86083,-37.74129],[144.86077,-37.74137],[144.86017,-37.7411],[144.86008,-37.74109],[144.86011,-37.74095],[144.85972,-37.7409],[144.85969,-37.74104],[144.85953,-37.74103],[144.85955,-37.74089],[144.85937,-37.74087],[144.85935,-37.74101],[144.85781,-37.74084],[144.85784,-37.7407],[144.8563,-37.74053],[144.85627,-37.74067],[144.85611,-37.74065],[144.85613,-37.74051],[144.85561,-37.74045],[144.85558,-37.7406],[144.85524,-37.74056]]]},"properties":{"cat":"industrial","name":""}},{"type":"Feature","geometry":{"type":"Polygon","coordinates":[[[145.16148,-37.90239],[145.16146,-37.90243],[145.16145,-37.90247],[145.1614,-37.90264],[145.16139,-37.90269],[145.16134,-37.90268],[145.16037,-37.90257],[145.16029,-37.90256],[145.1603,-37.90248],[145.16039,-37.90249],[145.16065,-37.90253],[145.1607,-37.9023],[145.16148,-37.90239]]]},"properties":{"cat":"industrial","name":""}},{"type":"Feature","geometry":{"type":"Polygon","coordinates":[[[145.63145,-37.88821],[145.63168,-37.8876],[145.63233,-37.88772],[145.63215,-37.88831],[145.63194,-37.88827],[145.63145,-37.88821]]]},"properties":{"cat":"cemetery","name":"Beenak Cemetery"}},{"type":"Feature","geometry":{"type":"Polygon","coordinates":[[[144.80076,-37.77189],[144.80074,-37.77202],[144.80017,-37.77171],[144.80054,-37.76965],[144.80111,-37.76999],[144.80076,-37.77189]]]},"properties":{"cat":"industrial","name":"Deer Park Service Centre"}},{"type":"Feature","geometry":{"type":"Polygon","coordinates":[[[144.80131,-37.76902],[144.80125,-37.76996],[144.80427,-37.77029],[144.80443,-37.7694],[144.80131,-37.76902]]]},"properties":{"cat":"industrial","name":""}},{"type":"Feature","geometry":{"type":"Polygon","coordinates":[[[144.80172,-37.77242],[144.80268,-37.77295],[144.80285,-37.77202],[144.80303,-37.77102],[144.80207,-37.77051],[144.80172,-37.77242]]]},"properties":{"cat":"industrial","name":""}},{"type":"Feature","geometry":{"type":"Polygon","coordinates":[[[145.15505,-37.67353],[145.15504,-37.67352],[145.15503,-37.67349],[145.15503,-37.67345],[145.15507,-37.67327],[145.15509,-37.67323],[145.15511,-37.6732],[145.15515,-37.67318],[145.15519,-37.67315],[145.15527,-37.67312],[145.1566,-37.67262],[145.15711,-37.67243],[145.15721,-37.67261],[145.1573,-37.67278],[145.15741,-37.67274],[145.15746,-37.67273],[145.1576,-37.67299],[145.15764,-37.67307],[145.15702,-37.6733],[145.15699,-37.67326],[145.15681,-37.67296],[145.15668,-37.67301],[145.15665,-37.67302],[145.1565,-37.67308],[145.15634,-37.67313],[145.15619,-37.67319],[145.15601,-37.67326],[145.15587,-37.67331],[145.1557,-37.67338],[145.15552,-37.67345],[145.1555,-37.67346],[145.15552,-37.6735],[145.15557,-37.67357],[145.15556,-37.67362],[145.15547,-37.6736],[145.15538,-37.67358],[145.15518,-37.67356],[145.15511,-37.67355],[145.15509,-37.67355],[145.15507,-37.67354],[145.15505,-37.67353]]]},"properties":{"cat":"industrial","name":""}},{"type":"Feature","geometry":{"type":"Polygon","coordinates":[[[144.93867,-37.79926],[144.9387,-37.7991],[144.9387,-37.7991],[144.93875,-37.7991],[144.93877,-37.79898],[144.93883,-37.79899],[144.93884,-37.79896],[144.93885,-37.79889],[144.93904,-37.79891],[144.93912,-37.79892],[144.93913,-37.79889],[144.93928,-37.79891],[144.93931,-37.79872],[144.93991,-37.79878],[144.93974,-37.7997],[144.93861,-37.79958],[144.93862,-37.79953],[144.93867,-37.79928],[144.93867,-37.79926]]]},"properties":{"cat":"industrial","name":"Citywide Asphalt Plant"}},{"type":"Feature","geometry":{"type":"Polygon","coordinates":[[[145.187,-37.70073],[145.18723,-37.70067],[145.18769,-37.70057],[145.18808,-37.70049],[145.18898,-37.70032],[145.18928,-37.70025],[145.1894,-37.70005],[145.18942,-37.69997],[145.18939,-37.69989],[145.18932,-37.69983],[145.18566,-37.69853],[145.18546,-37.69848],[145.18529,-37.69853],[145.18517,-37.69864],[145.18512,-37.69881],[145.18498,-37.70013],[145.18572,-37.70021],[145.18573,-37.70018],[145.18575,-37.70018],[145.18577,-37.70018],[145.1858,-37.70017],[145.18583,-37.70016],[145.18585,-37.70017],[145.18656,-37.70024],[145.18659,-37.70024],[145.18661,-37.70026],[145.18664,-37.7003],[145.187,-37.70061],[145.18703,-37.70064],[145.18704,-37.70067],[145.18703,-37.7007],[145.187,-37.70073]]]},"properties":{"cat":"industrial","name":"Research Industrial Estate"}},{"type":"Feature","geometry":{"type":"Polygon","coordinates":[[[145.28683,-37.80323],[145.28739,-37.80319],[145.28897,-37.80336],[145.28881,-37.80413],[145.28817,-37.80405],[145.2867,-37.80388],[145.28683,-37.80323]]]},"properties":{"cat":"industrial","name":""}},{"type":"Feature","geometry":{"type":"Polygon","coordinates":[[[145.28861,-37.80213],[145.28901,-37.80218],[145.2892,-37.80221],[145.28916,-37.8024],[145.28854,-37.8025],[145.2886,-37.80217],[145.28861,-37.80213]]]},"properties":{"cat":"industrial","name":""}},{"type":"Feature","geometry":{"type":"Polygon","coordinates":[[[144.60212,-38.16443],[144.60502,-38.16476],[144.60544,-38.16243],[144.60254,-38.1621],[144.60212,-38.16443]]]},"properties":{"cat":"industrial","name":""}},{"type":"Feature","geometry":{"type":"Polygon","coordinates":[[[144.72984,-37.78153],[144.73177,-37.78015],[144.73199,-37.78012],[144.73227,-37.78027],[144.73325,-37.78037],[144.73322,-37.78052],[144.73381,-37.78055],[144.73371,-37.78146],[144.73218,-37.78156],[144.73103,-37.7817],[144.72993,-37.78174],[144.72984,-37.78153]]]},"properties":{"cat":"industrial","name":"Profiling stock pile"}},{"type":"Feature","geometry":{"type":"Polygon","coordinates":[[[144.96566,-37.69002],[144.96563,-37.69015],[144.96582,-37.69017],[144.96626,-37.69034],[144.96684,-37.6904],[144.96693,-37.68987],[144.96634,-37.68981],[144.96646,-37.68895],[144.96584,-37.68888],[144.96566,-37.69002]]]},"properties":{"cat":"industrial","name":""}},{"type":"Feature","geometry":{"type":"Polygon","coordinates":[[[144.44711,-38.15853],[144.4448,-38.15827],[144.4452,-38.15599],[144.44578,-38.15271],[144.44635,-38.15305],[144.44803,-38.1537],[144.44711,-38.15853]]]},"properties":{"cat":"industrial","name":"Dow Performance Materials"}},{"type":"Feature","geometry":{"type":"Polygon","coordinates":[[[144.43679,-38.15716],[144.43694,-38.15638],[144.43813,-38.15652],[144.4383,-38.15563],[144.44074,-38.15591],[144.44043,-38.15758],[144.43679,-38.15716]]]},"properties":{"cat":"industrial","name":"Winchester"}},{"type":"Feature","geometry":{"type":"Polygon","coordinates":[[[145.05427,-37.82991],[145.05388,-37.82961],[145.05346,-37.82926],[145.05385,-37.82896],[145.05513,-37.83008],[145.05488,-37.83041],[145.05522,-37.83074],[145.05473,-37.83071],[145.05459,-37.83067],[145.05466,-37.83029],[145.05467,-37.83022],[145.05427,-37.82991]]]},"properties":{"cat":"industrial","name":""}},{"type":"Feature","geometry":{"type":"Polygon","coordinates":[[[144.40565,-37.71717],[144.40709,-37.71733],[144.40369,-37.7237],[144.40351,-37.72368],[144.40416,-37.72005],[144.40455,-37.71785],[144.40512,-37.71791],[144.40546,-37.71781],[144.40555,-37.71774],[144.40565,-37.71717]]]},"properties":{"cat":"industrial","name":"VSF Bulk Grain & Minerals Storage Facility"}},{"type":"Feature","geometry":{"type":"Polygon","coordinates":[[[144.41901,-37.69053],[144.42085,-37.69072],[144.42059,-37.69239],[144.42144,-37.69248],[144.42396,-37.6919],[144.4246,-37.68815],[144.42598,-37.6883],[144.42606,-37.68784],[144.42662,-37.6879],[144.42682,-37.68674],[144.41952,-37.68745],[144.41901,-37.69053]]]},"properties":{"cat":"industrial","name":""}},{"type":"Feature","geometry":{"type":"Polygon","coordinates":[[[144.40952,-37.69655],[144.41056,-37.69639],[144.41181,-37.69665],[144.41009,-37.70009],[144.4089,-37.69995],[144.40903,-37.69927],[144.40821,-37.69918],[144.40952,-37.69655]]]},"properties":{"cat":"industrial","name":""}},{"type":"Feature","geometry":{"type":"Polygon","coordinates":[[[144.44372,-37.73109],[144.44576,-37.73133],[144.44804,-37.73159],[144.44763,-37.73377],[144.44331,-37.73326],[144.44372,-37.73109]]]},"properties":{"cat":"industrial","name":""}},{"type":"Feature","geometry":{"type":"Polygon","coordinates":[[[144.45753,-37.70749],[144.45842,-37.70594],[144.45864,-37.70587],[144.46107,-37.70615],[144.46098,-37.70661],[144.46161,-37.70669],[144.4614,-37.70793],[144.45753,-37.70749]]]},"properties":{"cat":"industrial","name":""}},{"type":"Feature","geometry":{"type":"Polygon","coordinates":[[[145.14552,-37.68859],[145.14569,-37.68861],[145.14603,-37.68865],[145.14609,-37.68833],[145.146,-37.68832],[145.14592,-37.68812],[145.14594,-37.68805],[145.14598,-37.68803],[145.14595,-37.688],[145.14586,-37.68784],[145.14568,-37.68782],[145.1454,-37.6878],[145.14529,-37.68816],[145.1456,-37.6882],[145.14555,-37.68845],[145.14552,-37.68859]]]},"properties":{"cat":"industrial","name":""}},{"type":"Feature","geometry":{"type":"Polygon","coordinates":[[[145.11905,-37.61424],[145.11929,-37.61453],[145.11925,-37.61455],[145.11931,-37.61463],[145.1202,-37.61415],[145.12024,-37.61402],[145.12013,-37.61377],[145.12006,-37.6137],[145.12002,-37.61372],[145.11958,-37.61396],[145.11952,-37.61399],[145.11957,-37.61404],[145.11951,-37.61407],[145.11947,-37.61402],[145.11905,-37.61424]]]},"properties":{"cat":"wastewater","name":"Doreen Wastewater Treatment Plant"}},{"type":"Feature","geometry":{"type":"Polygon","coordinates":[[[145.26634,-38.01757],[145.26621,-38.01872],[145.26631,-38.01873],[145.26627,-38.01907],[145.26699,-38.01915],[145.267,-38.0191],[145.26735,-38.01915],[145.26733,-38.01924],[145.27024,-38.01959],[145.2708,-38.01965],[145.27077,-38.01977],[145.2708,-38.0198],[145.2716,-38.01988],[145.27165,-38.01988],[145.28005,-38.02085],[145.2802,-38.01906],[145.27429,-38.01842],[145.27129,-38.01813],[145.27106,-38.01844],[145.27015,-38.01834],[145.27018,-38.01817],[145.26759,-38.01789],[145.26762,-38.01771],[145.26634,-38.01757]]]},"properties":{"cat":"industrial","name":""}},{"type":"Feature","geometry":{"type":"Polygon","coordinates":[[[145.3964,-37.85063],[145.39607,-37.85036],[145.39594,-37.85004],[145.39599,-37.84967],[145.39618,-37.84958],[145.39677,-37.84963],[145.39719,-37.84985],[145.39744,-37.85021],[145.39749,-37.85049],[145.39735,-37.85081],[145.39723,-37.85087],[145.39704,-37.85089],[145.39676,-37.85079],[145.3964,-37.85063]]]},"properties":{"cat":"quarry","name":""}},{"type":"Feature","geometry":{"type":"Polygon","coordinates":[[[145.4388,-37.93156],[145.43939,-37.93155],[145.43941,-37.93194],[145.43881,-37.93194],[145.4388,-37.93156]]]},"properties":{"cat":"industrial","name":"Emerald SES"}},{"type":"Feature","geometry":{"type":"Polygon","coordinates":[[[145.23793,-38.0874],[145.2383,-38.08495],[145.23925,-38.08507],[145.24229,-38.08544],[145.24529,-38.08581],[145.24757,-38.08609],[145.24729,-38.08771],[145.24622,-38.09331],[145.23836,-38.0924],[145.23702,-38.09221],[145.23707,-38.09193],[145.23757,-38.08928],[145.23769,-38.08865],[145.23793,-38.0874]]]},"properties":{"cat":"industrial","name":""}},{"type":"Feature","geometry":{"type":"Polygon","coordinates":[[[145.11382,-38.01075],[145.11299,-38.01066],[145.11324,-38.00942],[145.11385,-38.0095],[145.11397,-38.0088],[145.11418,-38.00881],[145.11434,-38.00873],[145.11506,-38.00882],[145.11462,-38.01084],[145.11455,-38.01083],[145.11382,-38.01075]]]},"properties":{"cat":"industrial","name":""}},{"type":"Feature","geometry":{"type":"Polygon","coordinates":[[[145.11384,-38.01104],[145.11399,-38.01095],[145.11454,-38.01101],[145.11464,-38.01102],[145.11425,-38.01271],[145.11423,-38.01283],[145.11419,-38.01304],[145.11417,-38.01315],[145.11414,-38.01329],[145.11407,-38.01364],[145.11406,-38.01367],[145.11246,-38.01323],[145.11248,-38.01309],[145.11251,-38.01295],[145.11267,-38.01209],[145.11293,-38.01082],[145.11353,-38.01089],[145.11363,-38.01099],[145.11325,-38.01302],[145.11367,-38.01309],[145.11373,-38.01283],[145.11354,-38.01258],[145.11384,-38.01104]]]},"properties":{"cat":"industrial","name":""}},{"type":"Feature","geometry":{"type":"Polygon","coordinates":[[[145.11577,-38.01377],[145.11587,-38.01379],[145.11592,-38.01381],[145.11586,-38.01416],[145.1145,-38.01379],[145.11503,-38.01108],[145.11617,-38.01121],[145.11625,-38.01132],[145.11577,-38.01377]]]},"properties":{"cat":"industrial","name":""}},{"type":"Feature","geometry":{"type":"Polygon","coordinates":[[[145.11617,-38.01364],[145.11608,-38.01353],[145.11643,-38.01165],[145.11649,-38.01134],[145.11662,-38.01126],[145.11676,-38.01128],[145.11677,-38.01133],[145.11686,-38.01134],[145.11692,-38.0113],[145.1183,-38.01147],[145.1183,-38.01152],[145.11838,-38.01153],[145.11845,-38.01149],[145.11853,-38.0115],[145.11862,-38.01161],[145.11823,-38.0138],[145.11807,-38.01388],[145.11617,-38.01364]]]},"properties":{"cat":"industrial","name":""}},{"type":"Feature","geometry":{"type":"Polygon","coordinates":[[[145.11888,-38.01155],[145.12036,-38.01172],[145.11965,-38.01523],[145.11586,-38.01416],[145.11592,-38.01381],[145.11822,-38.01407],[145.11839,-38.01397],[145.11888,-38.01155]]]},"properties":{"cat":"industrial","name":""}},{"type":"Feature","geometry":{"type":"Polygon","coordinates":[[[145.18737,-38.03176],[145.18863,-38.03191],[145.18801,-38.03509],[145.18671,-38.03451],[145.18571,-38.0337],[145.18571,-38.03357],[145.1858,-38.03346],[145.18641,-38.033],[145.18677,-38.03273],[145.18693,-38.03259],[145.18707,-38.03241],[145.18724,-38.03215],[145.18732,-38.03199],[145.18737,-38.03176]]]},"properties":{"cat":"industrial","name":"Cleanaway Dandenong South Solid Waste Depot"}},{"type":"Feature","geometry":{"type":"Polygon","coordinates":[[[144.86556,-37.67367],[144.8669,-37.67418],[144.8665,-37.67644],[144.86391,-37.67615],[144.86374,-37.67609],[144.86432,-37.67517],[144.8644,-37.67504],[144.8646,-37.67478],[144.86473,-37.67465],[144.86501,-37.67407],[144.86556,-37.67367]]]},"properties":{"cat":"industrial","name":"Cleanaway Tullamarine Solid Waste Depot"}},{"type":"Feature","geometry":{"type":"Polygon","coordinates":[[[145.08821,-38.39016],[145.08829,-38.39029],[145.08835,-38.39027],[145.08828,-38.39014],[145.08822,-38.39016],[145.08821,-38.39016]]]},"properties":{"cat":"industrial","name":""}},{"type":"Feature","geometry":{"type":"Polygon","coordinates":[[[145.08818,-38.39033],[145.08761,-38.39055],[145.08634,-38.39007],[145.08587,-38.39007],[145.08588,-38.38931],[145.08785,-38.38993],[145.08786,-38.39007],[145.08803,-38.39007],[145.08818,-38.39033]]]},"properties":{"cat":"industrial","name":""}},{"type":"Feature","geometry":{"type":"Polygon","coordinates":[[[145.1691,-37.94092],[145.1702,-37.94105],[145.17023,-37.94106],[145.17026,-37.94107],[145.17029,-37.94109],[145.17031,-37.94111],[145.17032,-37.94113],[145.17032,-37.94116],[145.17033,-37.94118],[145.17032,-37.94121],[145.17015,-37.94207],[145.17014,-37.9421],[145.17013,-37.94213],[145.17006,-37.94223],[145.17002,-37.94229],[145.17,-37.94233],[145.17,-37.94237],[145.17001,-37.94241],[145.17004,-37.94243],[145.17006,-37.94245],[145.1701,-37.94247],[145.17014,-37.94247],[145.17019,-37.94247],[145.17023,-37.94246],[145.17026,-37.94244],[145.17029,-37.94242],[145.17031,-37.94238],[145.17031,-37.94235],[145.1703,-37.94231],[145.17029,-37.94224],[145.17027,-37.94216],[145.17027,-37.94212],[145.17027,-37.94208],[145.17081,-37.93937],[145.17085,-37.93919],[145.17086,-37.93917],[145.17088,-37.93915],[145.17091,-37.93914],[145.17094,-37.93914],[145.17098,-37.93914],[145.17213,-37.93928],[145.17213,-37.93932],[145.17186,-37.94076],[145.17269,-37.94087],[145.17267,-37.94097],[145.17115,-37.94211],[145.17094,-37.94249],[145.16968,-37.94448],[145.16916,-37.944],[145.16883,-37.94371],[145.16881,-37.9437],[145.16879,-37.94369],[145.16877,-37.94369],[145.169,-37.94353],[145.16884,-37.94338],[145.16945,-37.94296],[145.16882,-37.94237],[145.16886,-37.94219],[145.16896,-37.94161],[145.1691,-37.94092]]]},"properties":{"cat":"industrial","name":""}},{"type":"Feature","geometry":{"type":"Polygon","coordinates":[[[145.36506,-37.64743],[145.36604,-37.64817],[145.3675,-37.64685],[145.36597,-37.64661],[145.36506,-37.64743]]]},"properties":{"cat":"cemetery","name":"Yarra Glen Cemetery"}},{"type":"Feature","geometry":{"type":"Polygon","coordinates":[[[145.09915,-37.95749],[145.09922,-37.95776],[145.10073,-37.95771],[145.10063,-37.95744],[145.09915,-37.95749]]]},"properties":{"cat":"industrial","name":""}},{"type":"Feature","geometry":{"type":"Polygon","coordinates":[[[145.10316,-37.9544],[145.10262,-37.95354],[145.1008,-37.94883],[145.10098,-37.94885],[145.10533,-37.9494],[145.10512,-37.95037],[145.10523,-37.95072],[145.10508,-37.95157],[145.10452,-37.95457],[145.10316,-37.9544]]]},"properties":{"cat":"landfill","name":""}},{"type":"Feature","geometry":{"type":"Polygon","coordinates":[[[145.09968,-37.95387],[145.10182,-37.95413],[145.09979,-37.94894],[145.0997,-37.94869],[145.09924,-37.94863],[145.09919,-37.94898],[145.09897,-37.94896],[145.09903,-37.9486],[145.09832,-37.94857],[145.09817,-37.9486],[145.09807,-37.9488],[145.09798,-37.94908],[145.09798,-37.94926],[145.09801,-37.94943],[145.09889,-37.95178],[145.09895,-37.95193],[145.09968,-37.95387]]]},"properties":{"cat":"landfill","name":""}},{"type":"Feature","geometry":{"type":"Polygon","coordinates":[[[145.09806,-37.96002],[145.09824,-37.96064],[145.09854,-37.96044],[145.09881,-37.96037],[145.09917,-37.9604],[145.09943,-37.96051],[145.09947,-37.96068],[145.09946,-37.96089],[145.09985,-37.96091],[145.09991,-37.95996],[145.09806,-37.96002]]]},"properties":{"cat":"industrial","name":""}},{"type":"Feature","geometry":{"type":"Polygon","coordinates":[[[145.1083,-37.96751],[145.10818,-37.96746],[145.10813,-37.96737],[145.10808,-37.96634],[145.10868,-37.96637],[145.10869,-37.96715],[145.1083,-37.96751]]]},"properties":{"cat":"industrial","name":""}},{"type":"Feature","geometry":{"type":"Polygon","coordinates":[[[145.11343,-37.96479],[145.11327,-37.96477],[145.11338,-37.96458],[145.11343,-37.96407],[145.11364,-37.96355],[145.11394,-37.96293],[145.11403,-37.96282],[145.11416,-37.9628],[145.11462,-37.96285],[145.11498,-37.96285],[145.11533,-37.96281],[145.11566,-37.96284],[145.11627,-37.96287],[145.11661,-37.96289],[145.11675,-37.96302],[145.11674,-37.96322],[145.11653,-37.96393],[145.11639,-37.96457],[145.11627,-37.96469],[145.11607,-37.9648],[145.11588,-37.96484],[145.11473,-37.96481],[145.11393,-37.96467],[145.11346,-37.9647],[145.11343,-37.96479]]]},"properties":{"cat":"industrial","name":""}},{"type":"Feature","geometry":{"type":"Polygon","coordinates":[[[145.11438,-37.95622],[145.11432,-37.9565],[145.11472,-37.95655],[145.11536,-37.95663],[145.11542,-37.95634],[145.11438,-37.95622]]]},"properties":{"cat":"industrial","name":""}},{"type":"Feature","geometry":{"type":"Polygon","coordinates":[[[145.11714,-37.96142],[145.11714,-37.96137],[145.11734,-37.96134],[145.11742,-37.96094],[145.11262,-37.96037],[145.11232,-37.96082],[145.11211,-37.96102],[145.11192,-37.96143],[145.11184,-37.96167],[145.11168,-37.9623],[145.11239,-37.96239],[145.1134,-37.96245],[145.11381,-37.96188],[145.11392,-37.96189],[145.11457,-37.96194],[145.11458,-37.96189],[145.11567,-37.96199],[145.11605,-37.96175],[145.11637,-37.96136],[145.11714,-37.96142]]]},"properties":{"cat":"industrial","name":""}},{"type":"Feature","geometry":{"type":"Polygon","coordinates":[[[145.1589,-37.67543],[145.15897,-37.67543],[145.15901,-37.67549],[145.15923,-37.67552],[145.15921,-37.67565],[145.1592,-37.67571],[145.15917,-37.67586],[145.15916,-37.67592],[145.15882,-37.67588],[145.15883,-37.67582],[145.15887,-37.6756],[145.15888,-37.67555],[145.15889,-37.67549],[145.1589,-37.67543]]]},"properties":{"cat":"industrial","name":""}},{"type":"Feature","geometry":{"type":"Polygon","coordinates":[[[145.19653,-37.63637],[145.19665,-37.63664],[145.19669,-37.63674],[145.19678,-37.63672],[145.19693,-37.63668],[145.19714,-37.63662],[145.19709,-37.63649],[145.19699,-37.63625],[145.19679,-37.6363],[145.19653,-37.63637]]]},"properties":{"cat":"industrial","name":""}},{"type":"Feature","geometry":{"type":"Polygon","coordinates":[[[145.19291,-37.6371],[145.19292,-37.63705],[145.19278,-37.63703],[145.19277,-37.63708],[145.19291,-37.6371]]]},"properties":{"cat":"industrial","name":""}},{"type":"Feature","geometry":{"type":"Polygon","coordinates":[[[145.19403,-37.63779],[145.19383,-37.63805],[145.19369,-37.63797],[145.19393,-37.63774],[145.19394,-37.63774],[145.19403,-37.63779]]]},"properties":{"cat":"industrial","name":""}},{"type":"Feature","geometry":{"type":"Polygon","coordinates":[[[145.1936,-37.63806],[145.19369,-37.63811],[145.19358,-37.63822],[145.19355,-37.6382],[145.19345,-37.6383],[145.19354,-37.63836],[145.19351,-37.63848],[145.19351,-37.63853],[145.19322,-37.63896],[145.19308,-37.63898],[145.19285,-37.6388],[145.1936,-37.63806]]]},"properties":{"cat":"industrial","name":""}},{"type":"Feature","geometry":{"type":"Polygon","coordinates":[[[145.19852,-37.63584],[145.19875,-37.63578],[145.1989,-37.63612],[145.19868,-37.63618],[145.19852,-37.63584]]]},"properties":{"cat":"industrial","name":""}},{"type":"Feature","geometry":{"type":"Polygon","coordinates":[[[145.19043,-37.64068],[145.19024,-37.64107],[145.19042,-37.64113],[145.19063,-37.64075],[145.19057,-37.64073],[145.19043,-37.64068]]]},"properties":{"cat":"industrial","name":""}},{"type":"Feature","geometry":{"type":"Polygon","coordinates":[[[145.19114,-37.64073],[145.1915,-37.64036],[145.19174,-37.6405],[145.19178,-37.6406],[145.19143,-37.64092],[145.19114,-37.64073]]]},"properties":{"cat":"industrial","name":""}},{"type":"Feature","geometry":{"type":"Polygon","coordinates":[[[145.51008,-38.11092],[145.51053,-38.11098],[145.5105,-38.11114],[145.51222,-38.11136],[145.51281,-38.10868],[145.51062,-38.10839],[145.51008,-38.11092]]]},"properties":{"cat":"industrial","name":""}},{"type":"Feature","geometry":{"type":"Polygon","coordinates":[[[144.79574,-37.73392],[144.79628,-37.7357],[144.7985,-37.73596],[144.79886,-37.73428],[144.79574,-37.73392]]]},"properties":{"cat":"industrial","name":""}},{"type":"Feature","geometry":{"type":"Polygon","coordinates":[[[144.90942,-37.80721],[144.91053,-37.80735],[144.9121,-37.8075],[144.91576,-37.80788],[144.91567,-37.80858],[144.9156,-37.80888],[144.91552,-37.80897],[144.91542,-37.80901],[144.9153,-37.80903],[144.91511,-37.80902],[144.91507,-37.80902],[144.91352,-37.80898],[144.91309,-37.80897],[144.91295,-37.80896],[144.91282,-37.80897],[144.91272,-37.80899],[144.91264,-37.80898],[144.91253,-37.80898],[144.91212,-37.80909],[144.91102,-37.80939],[144.91089,-37.80941],[144.91064,-37.80942],[144.91019,-37.80941],[144.90997,-37.80939],[144.90961,-37.80934],[144.90944,-37.80932],[144.90912,-37.80938],[144.90833,-37.80918],[144.90817,-37.80902],[144.90839,-37.80853],[144.9086,-37.80811],[144.90903,-37.80788],[144.90918,-37.80758],[144.90926,-37.80739],[144.90932,-37.80729],[144.90942,-37.80721]]]},"properties":{"cat":"industrial","name":"West Swanson Dock Intermodal Terminal"}},{"type":"Feature","geometry":{"type":"Polygon","coordinates":[[[144.82444,-37.85109],[144.82484,-37.85099],[144.82534,-37.85227],[144.82532,-37.85241],[144.82523,-37.85243],[144.82494,-37.85233],[144.82444,-37.85109]]]},"properties":{"cat":"industrial","name":""}},{"type":"Feature","geometry":{"type":"Polygon","coordinates":[[[144.82716,-37.77721],[144.82856,-37.77737],[144.82823,-37.7792],[144.8279,-37.77916],[144.82779,-37.77978],[144.82761,-37.77975],[144.82738,-37.77956],[144.8269,-37.7787],[144.82716,-37.77721]]]},"properties":{"cat":"industrial","name":""}},{"type":"Feature","geometry":{"type":"Polygon","coordinates":[[[145.20699,-37.58397],[145.20709,-37.58398],[145.20714,-37.58398],[145.20717,-37.58394],[145.20718,-37.58392],[145.2073,-37.58394],[145.20733,-37.58394],[145.20732,-37.58406],[145.20727,-37.58406],[145.20725,-37.58413],[145.20715,-37.58412],[145.20716,-37.58408],[145.20714,-37.58405],[145.2071,-37.58404],[145.20707,-37.58404],[145.20702,-37.58404],[145.20699,-37.58404],[145.20699,-37.58397]]]},"properties":{"cat":"industrial","name":""}},{"type":"Feature","geometry":{"type":"Polygon","coordinates":[[[145.27221,-37.6205],[145.27268,-37.621],[145.27342,-37.62061],[145.27281,-37.62014],[145.27221,-37.6205]]]},"properties":{"cat":"cemetery","name":"Queenstown Cemetery"}},{"type":"Feature","geometry":{"type":"Polygon","coordinates":[[[144.8215,-37.84721],[144.82141,-37.84789],[144.82289,-37.84802],[144.82362,-37.84731],[144.82426,-37.84663],[144.82447,-37.84624],[144.82277,-37.8461],[144.82275,-37.84625],[144.82268,-37.84681],[144.82264,-37.84713],[144.82275,-37.84709],[144.82289,-37.84709],[144.82301,-37.84716],[144.82305,-37.84727],[144.823,-37.84737],[144.82288,-37.84743],[144.82272,-37.84741],[144.82259,-37.84731],[144.8215,-37.84721]]]},"properties":{"cat":"industrial","name":""}},{"type":"Feature","geometry":{"type":"Polygon","coordinates":[[[144.83306,-37.76069],[144.83314,-37.76027],[144.83387,-37.76035],[144.83351,-37.76074],[144.83306,-37.76069]]]},"properties":{"cat":"industrial","name":""}},{"type":"Feature","geometry":{"type":"Polygon","coordinates":[[[144.7503,-37.41281],[144.74953,-37.41339],[144.74948,-37.41376],[144.75093,-37.41388],[144.75084,-37.41342],[144.75071,-37.41308],[144.7503,-37.41281]]]},"properties":{"cat":"industrial","name":""}},{"type":"Feature","geometry":{"type":"Polygon","coordinates":[[[144.86045,-37.69746],[144.86138,-37.69737],[144.86155,-37.69735],[144.86181,-37.69733],[144.86223,-37.69729],[144.86223,-37.69727],[144.86238,-37.69725],[144.86246,-37.69723],[144.86246,-37.69726],[144.86257,-37.69723],[144.86268,-37.69715],[144.86269,-37.69713],[144.86274,-37.69699],[144.86274,-37.69681],[144.86267,-37.69629],[144.86264,-37.69609],[144.86259,-37.69577],[144.86059,-37.69596],[144.8607,-37.69669],[144.86032,-37.69673],[144.86045,-37.69746]]]},"properties":{"cat":"industrial","name":""}},{"type":"Feature","geometry":{"type":"Polygon","coordinates":[[[145.35038,-37.9259],[145.35034,-37.92613],[145.35007,-37.92611],[145.35013,-37.92589],[145.35013,-37.92587],[145.35025,-37.92589],[145.35038,-37.9259]]]},"properties":{"cat":"industrial","name":""}},{"type":"Feature","geometry":{"type":"Polygon","coordinates":[[[144.93308,-37.80158],[144.93311,-37.80158],[144.93318,-37.8015],[144.93344,-37.80164],[144.93374,-37.80183],[144.93359,-37.80202],[144.9331,-37.80196],[144.93318,-37.80178],[144.93313,-37.80168],[144.93308,-37.80158]]]},"properties":{"cat":"industrial","name":""}},{"type":"Feature","geometry":{"type":"Polygon","coordinates":[[[144.93162,-37.80266],[144.9325,-37.80277],[144.93216,-37.80355],[144.93161,-37.80333],[144.93185,-37.80278],[144.93161,-37.80276],[144.93162,-37.80266]]]},"properties":{"cat":"industrial","name":""}},{"type":"Feature","geometry":{"type":"Polygon","coordinates":[[[145.10479,-37.61923],[145.10484,-37.61919],[145.10487,-37.61916],[145.10505,-37.61915],[145.10577,-37.61891],[145.10591,-37.61903],[145.10612,-37.61946],[145.10593,-37.61957],[145.10577,-37.61966],[145.10552,-37.61984],[145.10537,-37.61986],[145.10492,-37.61935],[145.10479,-37.61923]]]},"properties":{"cat":"industrial","name":""}},{"type":"Feature","geometry":{"type":"Polygon","coordinates":[[[145.2096,-37.68782],[145.20961,-37.68783],[145.20963,-37.68784],[145.20964,-37.68784],[145.20966,-37.68784],[145.20968,-37.68783],[145.20969,-37.68782],[145.2097,-37.68781],[145.2097,-37.6878],[145.2097,-37.68779],[145.20969,-37.68777],[145.20967,-37.68776],[145.20966,-37.68776],[145.20964,-37.68776],[145.20963,-37.68776],[145.20961,-37.68777],[145.2096,-37.68778],[145.20959,-37.68779],[145.20959,-37.68781],[145.2096,-37.68782]]]},"properties":{"cat":"wastewater","name":""}},{"type":"Feature","geometry":{"type":"Polygon","coordinates":[[[145.2095,-37.68771],[145.20951,-37.68772],[145.20952,-37.68772],[145.20954,-37.68773],[145.20955,-37.68773],[145.20957,-37.68772],[145.20958,-37.68772],[145.20959,-37.6877],[145.20959,-37.68769],[145.20959,-37.68768],[145.20959,-37.68767],[145.20957,-37.68766],[145.20956,-37.68765],[145.20954,-37.68765],[145.20953,-37.68765],[145.20951,-37.68766],[145.2095,-37.68767],[145.2095,-37.68768],[145.2095,-37.68769],[145.2095,-37.68771]]]},"properties":{"cat":"wastewater","name":""}},{"type":"Feature","geometry":{"type":"Polygon","coordinates":[[[144.92248,-37.82268],[144.92173,-37.82269],[144.92152,-37.82269],[144.92137,-37.82269],[144.92172,-37.8238],[144.92194,-37.82382],[144.92255,-37.82374],[144.92255,-37.8237],[144.9225,-37.8237],[144.92248,-37.82302],[144.92248,-37.82297],[144.92248,-37.82268]]]},"properties":{"cat":"industrial","name":""}},{"type":"Feature","geometry":{"type":"Polygon","coordinates":[[[144.44527,-37.99884],[144.44517,-37.99892],[144.44523,-37.99897],[144.44533,-37.99889],[144.44527,-37.99884]]]},"properties":{"cat":"industrial","name":""}},{"type":"Feature","geometry":{"type":"Polygon","coordinates":[[[144.91716,-37.82347],[144.91654,-37.82145],[144.9156,-37.82159],[144.91566,-37.82177],[144.9158,-37.82222],[144.91585,-37.82239],[144.91591,-37.82257],[144.91592,-37.82259],[144.91615,-37.82332],[144.91616,-37.82338],[144.91618,-37.82343],[144.91624,-37.82365],[144.91716,-37.82347]]]},"properties":{"cat":"industrial","name":""}},{"type":"Feature","geometry":{"type":"Polygon","coordinates":[[[145.17021,-38.11434],[145.17295,-38.11467],[145.17294,-38.1148],[145.17297,-38.11493],[145.17297,-38.11493],[145.17289,-38.11493],[145.17287,-38.11504],[145.17294,-38.11505],[145.17287,-38.11542],[145.17356,-38.11551],[145.17331,-38.11675],[145.16924,-38.11628],[145.16959,-38.11477],[145.17011,-38.11484],[145.17021,-38.11434]]]},"properties":{"cat":"industrial","name":"Victorian Department of Primary Industries"}},{"type":"Feature","geometry":{"type":"Polygon","coordinates":[[[144.84183,-37.81111],[144.84165,-37.81109],[144.8414,-37.81107],[144.84114,-37.81104],[144.84089,-37.81101],[144.84064,-37.81098],[144.84033,-37.81095],[144.84082,-37.80824],[144.84094,-37.80825],[144.84068,-37.80973],[144.8407,-37.80973],[144.84082,-37.80975],[144.84205,-37.80989],[144.84205,-37.80991],[144.84183,-37.81111]]]},"properties":{"cat":"industrial","name":""}},{"type":"Feature","geometry":{"type":"Polygon","coordinates":[[[145.19746,-38.02464],[145.19592,-38.02445],[145.1945,-38.02428],[145.19473,-38.02325],[145.19694,-38.02353],[145.19681,-38.02426],[145.19751,-38.02434],[145.19746,-38.02464]]]},"properties":{"cat":"industrial","name":"Norstar"}},{"type":"Feature","geometry":{"type":"Polygon","coordinates":[[[145.17313,-37.66922],[145.17323,-37.66943],[145.17317,-37.66949],[145.17315,-37.66951],[145.17314,-37.66952],[145.17291,-37.6696],[145.17276,-37.66933],[145.17313,-37.66922]]]},"properties":{"cat":"industrial","name":""}},{"type":"Feature","geometry":{"type":"Polygon","coordinates":[[[145.17431,-37.66915],[145.17467,-37.66903],[145.17468,-37.66903],[145.17473,-37.66901],[145.17494,-37.66895],[145.17496,-37.66892],[145.17498,-37.66889],[145.17499,-37.66887],[145.17509,-37.66884],[145.1751,-37.66886],[145.17512,-37.66889],[145.17569,-37.6687],[145.17559,-37.66849],[145.1749,-37.66869],[145.17484,-37.6687],[145.17461,-37.66877],[145.1746,-37.66878],[145.1742,-37.66893],[145.17431,-37.66915]]]},"properties":{"cat":"industrial","name":""}},{"type":"Feature","geometry":{"type":"Polygon","coordinates":[[[144.74626,-37.84651],[144.74601,-37.8484],[144.75373,-37.84904],[144.75519,-37.84802],[144.75605,-37.84744],[144.75594,-37.84743],[144.75527,-37.84737],[144.75506,-37.84735],[144.75281,-37.84713],[144.74626,-37.84651]]]},"properties":{"cat":"industrial","name":""}},{"type":"Feature","geometry":{"type":"Polygon","coordinates":[[[144.76074,-37.84466],[144.76065,-37.84496],[144.76064,-37.845],[144.76064,-37.84503],[144.76064,-37.84506],[144.76066,-37.8451],[144.76043,-37.84518],[144.75957,-37.84577],[144.75963,-37.84582],[144.76009,-37.84591],[144.75982,-37.84679],[144.76285,-37.84737],[144.76213,-37.84972],[144.75531,-37.84842],[144.76074,-37.84466]]]},"properties":{"cat":"industrial","name":""}},{"type":"Feature","geometry":{"type":"Polygon","coordinates":[[[144.85749,-37.67738],[144.85786,-37.67713],[144.85786,-37.67714],[144.85794,-37.67722],[144.85798,-37.67726],[144.8581,-37.67737],[144.85829,-37.67756],[144.85839,-37.67766],[144.8581,-37.67784],[144.85775,-37.67781],[144.85771,-37.6778],[144.85754,-37.67779],[144.85754,-37.67775],[144.85756,-37.67775],[144.85758,-37.67774],[144.85758,-37.67768],[144.85756,-37.67768],[144.85756,-37.67763],[144.85757,-37.67753],[144.85752,-37.67743],[144.85749,-37.67738]]]},"properties":{"cat":"industrial","name":""}},{"type":"Feature","geometry":{"type":"Polygon","coordinates":[[[144.71975,-37.78813],[144.72128,-37.78706],[144.72118,-37.78697],[144.72165,-37.78664],[144.72174,-37.78672],[144.72472,-37.78458],[144.72463,-37.7845],[144.72524,-37.78407],[144.72534,-37.78415],[144.72778,-37.78239],[144.72583,-37.78079],[144.71838,-37.78014],[144.71726,-37.78785],[144.71975,-37.78813]]]},"properties":{"cat":"landfill","name":"Melbourne Regional Landfill"}},{"type":"Feature","geometry":{"type":"Polygon","coordinates":[[[145.04436,-37.94573],[145.04401,-37.94568],[145.04378,-37.94534],[145.04382,-37.94531],[145.04443,-37.9454],[145.04436,-37.94573]]]},"properties":{"cat":"industrial","name":""}},{"type":"Feature","geometry":{"type":"Polygon","coordinates":[[[145.02901,-37.75691],[145.02898,-37.75717],[145.02881,-37.75735],[145.02867,-37.75756],[145.02862,-37.75768],[145.02856,-37.75796],[145.02857,-37.7581],[145.02791,-37.75801],[145.02682,-37.75791],[145.02683,-37.75769],[145.02804,-37.75782],[145.02819,-37.75698],[145.02861,-37.75702],[145.02901,-37.75691]]]},"properties":{"cat":"industrial","name":""}},{"type":"Feature","geometry":{"type":"Polygon","coordinates":[[[145.02688,-37.75701],[145.02683,-37.75769],[145.02804,-37.75782],[145.02819,-37.75698],[145.02786,-37.75694],[145.02783,-37.75713],[145.02688,-37.75701]]]},"properties":{"cat":"industrial","name":""}},{"type":"Feature","geometry":{"type":"Polygon","coordinates":[[[144.9937,-37.84093],[144.99404,-37.84097],[144.994,-37.84114],[144.99395,-37.84114],[144.9939,-37.84114],[144.99385,-37.84112],[144.99339,-37.84083],[144.99332,-37.84077],[144.99332,-37.84074],[144.99333,-37.8407],[144.99373,-37.84075],[144.9937,-37.84093]]]},"properties":{"cat":"industrial","name":""}},{"type":"Feature","geometry":{"type":"Polygon","coordinates":[[[144.94099,-37.53777],[144.94081,-37.53887],[144.94273,-37.53864],[144.94283,-37.5379],[144.94267,-37.53794],[144.94229,-37.53792],[144.94099,-37.53777]]]},"properties":{"cat":"industrial","name":""}},{"type":"Feature","geometry":{"type":"Polygon","coordinates":[[[145.12764,-37.90203],[145.128,-37.90211],[145.12824,-37.9023],[145.12825,-37.90239],[145.12811,-37.90271],[145.12753,-37.90259],[145.12758,-37.90241],[145.12764,-37.90203]]]},"properties":{"cat":"industrial","name":""}},{"type":"Feature","geometry":{"type":"Polygon","coordinates":[[[144.84786,-37.6934],[144.84482,-37.69323],[144.84447,-37.69308],[144.84403,-37.69306],[144.84403,-37.69304],[144.844,-37.69257],[144.84462,-37.6926],[144.84467,-37.69206],[144.84504,-37.69208],[144.84533,-37.68959],[144.84582,-37.68953],[144.84791,-37.68967],[144.84786,-37.69022],[144.84818,-37.69024],[144.84786,-37.6934]]]},"properties":{"cat":"industrial","name":""}},{"type":"Feature","geometry":{"type":"Polygon","coordinates":[[[144.85525,-37.81948],[144.85533,-37.81912],[144.8543,-37.81898],[144.85422,-37.81933],[144.85525,-37.81948]]]},"properties":{"cat":"industrial","name":""}},{"type":"Feature","geometry":{"type":"Polygon","coordinates":[[[144.85509,-37.82022],[144.85406,-37.82008],[144.85415,-37.81969],[144.85517,-37.81983],[144.85509,-37.82022]]]},"properties":{"cat":"industrial","name":""}},{"type":"Feature","geometry":{"type":"Polygon","coordinates":[[[144.85391,-37.82079],[144.85493,-37.82093],[144.85509,-37.82022],[144.85406,-37.82008],[144.85391,-37.82079]]]},"properties":{"cat":"industrial","name":""}},{"type":"Feature","geometry":{"type":"Polygon","coordinates":[[[144.8546,-37.82246],[144.85358,-37.82232],[144.85351,-37.82264],[144.85453,-37.82278],[144.8546,-37.82246]]]},"properties":{"cat":"industrial","name":""}},{"type":"Feature","geometry":{"type":"Polygon","coordinates":[[[144.85453,-37.82278],[144.85445,-37.8231],[144.85344,-37.82296],[144.85347,-37.82278],[144.85351,-37.82264],[144.85453,-37.82278]]]},"properties":{"cat":"industrial","name":""}},{"type":"Feature","geometry":{"type":"Polygon","coordinates":[[[144.8546,-37.82246],[144.8547,-37.822],[144.85368,-37.82186],[144.85358,-37.82232],[144.8546,-37.82246]]]},"properties":{"cat":"industrial","name":""}},{"type":"Feature","geometry":{"type":"Polygon","coordinates":[[[144.85481,-37.82146],[144.85379,-37.82132],[144.85385,-37.82106],[144.85487,-37.8212],[144.85481,-37.82146]]]},"properties":{"cat":"industrial","name":""}},{"type":"Feature","geometry":{"type":"Polygon","coordinates":[[[144.85487,-37.8212],[144.85493,-37.82093],[144.85391,-37.82079],[144.85385,-37.82106],[144.85487,-37.8212]]]},"properties":{"cat":"industrial","name":""}},{"type":"Feature","geometry":{"type":"Polygon","coordinates":[[[144.8547,-37.822],[144.85476,-37.82173],[144.85373,-37.82159],[144.85368,-37.82186],[144.8547,-37.822]]]},"properties":{"cat":"industrial","name":""}},{"type":"Feature","geometry":{"type":"Polygon","coordinates":[[[144.85476,-37.82173],[144.85481,-37.82146],[144.85379,-37.82132],[144.85373,-37.82159],[144.85476,-37.82173]]]},"properties":{"cat":"industrial","name":""}},{"type":"Feature","geometry":{"type":"Polygon","coordinates":[[[144.85578,-37.82274],[144.85482,-37.82261],[144.85474,-37.82265],[144.8546,-37.82326],[144.85466,-37.82336],[144.85562,-37.8235],[144.85578,-37.82274]]]},"properties":{"cat":"industrial","name":""}},{"type":"Feature","geometry":{"type":"Polygon","coordinates":[[[144.85544,-37.8243],[144.85483,-37.82431],[144.85429,-37.82425],[144.85445,-37.82354],[144.85462,-37.82356],[144.85466,-37.82336],[144.85562,-37.8235],[144.85544,-37.8243]]]},"properties":{"cat":"industrial","name":""}},{"type":"Feature","geometry":{"type":"Polygon","coordinates":[[[144.8564,-37.82223],[144.8558,-37.82215],[144.8557,-37.82213],[144.85488,-37.82202],[144.85516,-37.82074],[144.85592,-37.82085],[144.85579,-37.82153],[144.85592,-37.82155],[144.85653,-37.82162],[144.8564,-37.82223]]]},"properties":{"cat":"industrial","name":""}},{"type":"Feature","geometry":{"type":"Polygon","coordinates":[[[144.8558,-37.82215],[144.85571,-37.82259],[144.85485,-37.82247],[144.85479,-37.82241],[144.85488,-37.82202],[144.8558,-37.82215]]]},"properties":{"cat":"industrial","name":""}},{"type":"Feature","geometry":{"type":"Polygon","coordinates":[[[144.85516,-37.82074],[144.85533,-37.81994],[144.85609,-37.82005],[144.85592,-37.82085],[144.85516,-37.82074]]]},"properties":{"cat":"industrial","name":""}},{"type":"Feature","geometry":{"type":"Polygon","coordinates":[[[144.85609,-37.82005],[144.85615,-37.81978],[144.85539,-37.81968],[144.85533,-37.81994],[144.85609,-37.82005]]]},"properties":{"cat":"industrial","name":""}},{"type":"Feature","geometry":{"type":"Polygon","coordinates":[[[144.85615,-37.81978],[144.85621,-37.81952],[144.85545,-37.81941],[144.85539,-37.81968],[144.85615,-37.81978]]]},"properties":{"cat":"industrial","name":""}},{"type":"Feature","geometry":{"type":"Polygon","coordinates":[[[144.85621,-37.81952],[144.85627,-37.81925],[144.85551,-37.81915],[144.85545,-37.81941],[144.85621,-37.81952]]]},"properties":{"cat":"industrial","name":""}},{"type":"Feature","geometry":{"type":"Polygon","coordinates":[[[144.85644,-37.81845],[144.85568,-37.81835],[144.85574,-37.81808],[144.85611,-37.81813],[144.8565,-37.81819],[144.85644,-37.81845]]]},"properties":{"cat":"industrial","name":""}},{"type":"Feature","geometry":{"type":"Polygon","coordinates":[[[144.85568,-37.81835],[144.85562,-37.81861],[144.85639,-37.81872],[144.85644,-37.81845],[144.85568,-37.81835]]]},"properties":{"cat":"industrial","name":""}},{"type":"Feature","geometry":{"type":"Polygon","coordinates":[[[144.85557,-37.81888],[144.85562,-37.81861],[144.85639,-37.81872],[144.85633,-37.81898],[144.85557,-37.81888]]]},"properties":{"cat":"industrial","name":""}},{"type":"Feature","geometry":{"type":"Polygon","coordinates":[[[144.85557,-37.81888],[144.85551,-37.81915],[144.85627,-37.81925],[144.85633,-37.81898],[144.85557,-37.81888]]]},"properties":{"cat":"industrial","name":""}},{"type":"Feature","geometry":{"type":"Polygon","coordinates":[[[144.85533,-37.81912],[144.85556,-37.81806],[144.85453,-37.81791],[144.8543,-37.81898],[144.85533,-37.81912]]]},"properties":{"cat":"industrial","name":""}},{"type":"Feature","geometry":{"type":"Polygon","coordinates":[[[144.85544,-37.8243],[144.85643,-37.82428],[144.85673,-37.82294],[144.85663,-37.82286],[144.85578,-37.82274],[144.85544,-37.8243]]]},"properties":{"cat":"industrial","name":""}},{"type":"Feature","geometry":{"type":"Polygon","coordinates":[[[144.85687,-37.8223],[144.85679,-37.82267],[144.85666,-37.82272],[144.85571,-37.82259],[144.8558,-37.82215],[144.85687,-37.8223]]]},"properties":{"cat":"industrial","name":""}},{"type":"Feature","geometry":{"type":"Polygon","coordinates":[[[144.85768,-37.82424],[144.85643,-37.82428],[144.85673,-37.82294],[144.85697,-37.82297],[144.857,-37.82284],[144.8581,-37.82299],[144.85805,-37.8232],[144.85782,-37.82426],[144.85768,-37.82424]]]},"properties":{"cat":"industrial","name":""}},{"type":"Feature","geometry":{"type":"Polygon","coordinates":[[[144.85736,-37.82281],[144.85744,-37.82238],[144.85687,-37.8223],[144.85679,-37.82267],[144.85703,-37.8227],[144.85702,-37.82276],[144.85736,-37.82281]]]},"properties":{"cat":"industrial","name":""}},{"type":"Feature","geometry":{"type":"Polygon","coordinates":[[[144.85702,-37.82276],[144.857,-37.82284],[144.8581,-37.82299],[144.85821,-37.82248],[144.85744,-37.82238],[144.85736,-37.82281],[144.85702,-37.82276]]]},"properties":{"cat":"industrial","name":""}},{"type":"Feature","geometry":{"type":"Polygon","coordinates":[[[145.18756,-37.9472],[145.18833,-37.94304],[145.18691,-37.94284],[145.18656,-37.94449],[145.18629,-37.94503],[145.18617,-37.94523],[145.18598,-37.94546],[145.18577,-37.94567],[145.18561,-37.9458],[145.18534,-37.94598],[145.18515,-37.94608],[145.18485,-37.94621],[145.18458,-37.94629],[145.18313,-37.94662],[145.18365,-37.94669],[145.18531,-37.9469],[145.18671,-37.94709],[145.18724,-37.94716],[145.18756,-37.9472]]]},"properties":{"cat":"cemetery","name":"Melbourne Chevra Kadisha Springvale Cemetary"}},{"type":"Feature","geometry":{"type":"Polygon","coordinates":[[[145.16263,-37.67308],[145.16229,-37.67309],[145.16204,-37.67308],[145.16065,-37.67316],[145.16065,-37.67318],[145.16065,-37.67319],[145.16065,-37.67321],[145.16064,-37.67327],[145.16063,-37.67333],[145.16059,-37.67357],[145.16059,-37.67357],[145.16058,-37.67362],[145.16125,-37.67369],[145.16132,-37.6737],[145.16249,-37.67383],[145.16263,-37.67308]]]},"properties":{"cat":"industrial","name":""}},{"type":"Feature","geometry":{"type":"Polygon","coordinates":[[[145.16333,-37.67408],[145.16367,-37.67412],[145.16361,-37.67448],[145.16346,-37.67446],[145.16344,-37.67446],[145.16341,-37.67445],[145.16327,-37.67444],[145.16333,-37.67408]]]},"properties":{"cat":"industrial","name":""}},{"type":"Feature","geometry":{"type":"Polygon","coordinates":[[[145.16246,-37.67403],[145.16249,-37.67383],[145.16254,-37.67359],[145.16263,-37.67308],[145.16268,-37.67305],[145.16307,-37.67301],[145.16336,-37.67298],[145.16417,-37.67285],[145.16446,-37.67303],[145.16443,-37.67322],[145.16434,-37.67373],[145.16385,-37.67367],[145.16382,-37.67384],[145.16376,-37.67413],[145.16367,-37.67412],[145.16333,-37.67408],[145.16267,-37.674],[145.16265,-37.674],[145.16265,-37.67405],[145.1626,-37.67404],[145.16256,-37.67404],[145.1625,-37.67403],[145.16246,-37.67403]]]},"properties":{"cat":"industrial","name":"Panorama Coaches (Diamond Creek Depot)"}},{"type":"Feature","geometry":{"type":"Polygon","coordinates":[[[145.04052,-37.84829],[145.04033,-37.8484],[145.04059,-37.84869],[145.04079,-37.84858],[145.04052,-37.84829]]]},"properties":{"cat":"industrial","name":""}},{"type":"Feature","geometry":{"type":"Polygon","coordinates":[[[144.72596,-37.78871],[144.72029,-37.78819],[144.7215,-37.78732],[144.72164,-37.78744],[144.72212,-37.78709],[144.72199,-37.78698],[144.72501,-37.78482],[144.72516,-37.78495],[144.72581,-37.78447],[144.72646,-37.78479],[144.72854,-37.78495],[144.72854,-37.78552],[144.7283,-37.78608],[144.7286,-37.78624],[144.72914,-37.78651],[144.73024,-37.78706],[144.73159,-37.78705],[144.73251,-37.78652],[144.73391,-37.78711],[144.73345,-37.79029],[144.73186,-37.79349],[144.72519,-37.79279],[144.72596,-37.78871]]]},"properties":{"cat":"landfill","name":"Melbourne Regional Landfill"}},{"type":"Feature","geometry":{"type":"Polygon","coordinates":[[[144.72904,-37.78436],[144.72962,-37.78446],[144.72945,-37.7851],[144.72887,-37.78501],[144.72904,-37.78436]]]},"properties":{"cat":"industrial","name":""}},{"type":"Feature","geometry":{"type":"Polygon","coordinates":[[[145.1076,-37.70323],[145.10744,-37.70313],[145.1073,-37.70303],[145.10734,-37.70299],[145.10748,-37.70309],[145.10764,-37.7032],[145.1076,-37.70323]]]},"properties":{"cat":"industrial","name":""}},{"type":"Feature","geometry":{"type":"Polygon","coordinates":[[[145.08611,-37.75801],[145.08625,-37.75795],[145.08715,-37.75758],[145.08724,-37.75645],[145.08537,-37.75634],[145.08529,-37.75722],[145.08528,-37.75738],[145.08529,-37.75743],[145.08572,-37.75774],[145.08611,-37.75801]]]},"properties":{"cat":"industrial","name":""}},{"type":"Feature","geometry":{"type":"Polygon","coordinates":[[[144.73492,-37.83773],[144.73479,-37.83781],[144.73328,-37.83768],[144.73299,-37.83787],[144.73191,-37.83779],[144.73188,-37.83777],[144.73178,-37.83745],[144.73177,-37.83736],[144.73175,-37.83691],[144.73169,-37.83663],[144.73167,-37.83638],[144.73164,-37.83618],[144.73161,-37.83595],[144.73154,-37.83445],[144.73156,-37.83444],[144.73158,-37.83443],[144.73165,-37.83441],[144.73172,-37.83439],[144.73178,-37.83437],[144.73183,-37.83436],[144.73189,-37.83436],[144.73198,-37.83435],[144.73209,-37.83435],[144.73226,-37.83435],[144.73233,-37.83435],[144.73249,-37.83436],[144.73311,-37.83441],[144.73321,-37.83451],[144.73295,-37.83646],[144.73437,-37.83658],[144.73442,-37.83613],[144.73471,-37.83616],[144.73465,-37.8366],[144.73507,-37.83664],[144.73492,-37.83773]]]},"properties":{"cat":"industrial","name":""}},{"type":"Feature","geometry":{"type":"Polygon","coordinates":[[[145.00543,-37.77928],[145.00559,-37.77928],[145.00594,-37.77928],[145.00608,-37.77928],[145.00594,-37.77986],[145.00593,-37.77992],[145.00587,-37.7802],[145.00562,-37.78017],[145.00523,-37.78012],[145.0052,-37.78012],[145.00524,-37.77996],[145.00543,-37.77928]]]},"properties":{"cat":"industrial","name":""}},{"type":"Feature","geometry":{"type":"Polygon","coordinates":[[[144.8247,-37.86266],[144.82459,-37.86336],[144.82567,-37.86346],[144.82565,-37.86365],[144.8256,-37.864],[144.82615,-37.86407],[144.82664,-37.8641],[144.82667,-37.86392],[144.82667,-37.8639],[144.82666,-37.86388],[144.82667,-37.86384],[144.82673,-37.86349],[144.82673,-37.86347],[144.82674,-37.86347],[144.82675,-37.86346],[144.82679,-37.86323],[144.82679,-37.86323],[144.82691,-37.86253],[144.82675,-37.86252],[144.82586,-37.86243],[144.82585,-37.86246],[144.8255,-37.86243],[144.82489,-37.86268],[144.8247,-37.86266]]]},"properties":{"cat":"industrial","name":"Hobsons Bay Operations Centre"}},{"type":"Feature","geometry":{"type":"Polygon","coordinates":[[[144.95082,-37.57186],[144.95597,-37.57243],[144.95424,-37.57644],[144.9501,-37.57598],[144.95016,-37.57561],[144.9502,-37.57538],[144.95082,-37.57186]]]},"properties":{"cat":"industrial","name":"Amazon Robotics Fulfilment Centre"}},{"type":"Feature","geometry":{"type":"Polygon","coordinates":[[[144.98684,-37.86],[144.98697,-37.86001],[144.98697,-37.85999],[144.98707,-37.86],[144.98706,-37.86007],[144.98708,-37.86007],[144.98707,-37.86011],[144.98702,-37.86011],[144.987,-37.86013],[144.98689,-37.86013],[144.98689,-37.86015],[144.98683,-37.86015],[144.98684,-37.86]]]},"properties":{"cat":"industrial","name":""}},{"type":"Feature","geometry":{"type":"Polygon","coordinates":[[[144.98697,-37.8598],[144.98707,-37.85978],[144.98713,-37.85993],[144.9868,-37.86],[144.98676,-37.85991],[144.98699,-37.85986],[144.98697,-37.8598]]]},"properties":{"cat":"industrial","name":""}},{"type":"Feature","geometry":{"type":"Polygon","coordinates":[[[144.99282,-37.84123],[144.99283,-37.84119],[144.99281,-37.84116],[144.99272,-37.84115],[144.99269,-37.84113],[144.99265,-37.84112],[144.99257,-37.84112],[144.99257,-37.84111],[144.99255,-37.84111],[144.99253,-37.84119],[144.99282,-37.84123]]]},"properties":{"cat":"industrial","name":""}},{"type":"Feature","geometry":{"type":"Polygon","coordinates":[[[144.91517,-37.80988],[144.91502,-37.80987],[144.91468,-37.81782],[144.91498,-37.81782],[144.91639,-37.81826],[144.91614,-37.81787],[144.91599,-37.81791],[144.91596,-37.81786],[144.92124,-37.81583],[144.92123,-37.81581],[144.92127,-37.81579],[144.92115,-37.81557],[144.92139,-37.81548],[144.92362,-37.81409],[144.92379,-37.81385],[144.92405,-37.81332],[144.92429,-37.81311],[144.92484,-37.81273],[144.92479,-37.8126],[144.92451,-37.81252],[144.92322,-37.81239],[144.92299,-37.81254],[144.92265,-37.81252],[144.92236,-37.8124],[144.92152,-37.8123],[144.92149,-37.81194],[144.92143,-37.81193],[144.92171,-37.81031],[144.91998,-37.81013],[144.91858,-37.80998],[144.91811,-37.80967],[144.91591,-37.80947],[144.9152,-37.80935],[144.91517,-37.80988]]]},"properties":{"cat":"industrial","name":"East Swanson Dock Intermodal Terminal"}},{"type":"Feature","geometry":{"type":"Polygon","coordinates":[[[144.94152,-37.82517],[144.94159,-37.82494],[144.94085,-37.8248],[144.94097,-37.82438],[144.94048,-37.82432],[144.94023,-37.82523],[144.94152,-37.82517]]]},"properties":{"cat":"industrial","name":""}},{"type":"Feature","geometry":{"type":"Polygon","coordinates":[[[145.13188,-38.12386],[145.13309,-38.12396],[145.1332,-38.1237],[145.13334,-38.12374],[145.13411,-38.12197],[145.13376,-38.12194],[145.13306,-38.12186],[145.13286,-38.12184],[145.13269,-38.12219],[145.13245,-38.12284],[145.1322,-38.12279],[145.13217,-38.12292],[145.13154,-38.12282],[145.13143,-38.12347],[145.13201,-38.12354],[145.13188,-38.12386]]]},"properties":{"cat":"industrial","name":"Council Depot"}},{"type":"Feature","geometry":{"type":"Polygon","coordinates":[[[145.25947,-38.08426],[145.25966,-38.08416],[145.26081,-38.08429],[145.26054,-38.08567],[145.25983,-38.08558],[145.25972,-38.08619],[145.2593,-38.08614],[145.25917,-38.08584],[145.25947,-38.08426]]]},"properties":{"cat":"industrial","name":"Rangebank BESS"}},{"type":"Feature","geometry":{"type":"Polygon","coordinates":[[[144.59101,-37.70517],[144.59051,-37.70668],[144.59154,-37.70689],[144.59208,-37.70529],[144.59101,-37.70517]]]},"properties":{"cat":"industrial","name":""}},{"type":"Feature","geometry":{"type":"Polygon","coordinates":[[[144.66799,-37.77814],[144.67297,-37.77877],[144.68109,-37.77979],[144.68159,-37.7762],[144.68186,-37.77435],[144.68189,-37.77416],[144.68214,-37.7724],[144.68212,-37.77222],[144.68218,-37.77177],[144.68232,-37.77128],[144.68281,-37.76763],[144.67974,-37.76724],[144.67625,-37.7668],[144.67618,-37.7668],[144.67614,-37.76679],[144.67323,-37.76642],[144.66962,-37.76596],[144.6691,-37.76998],[144.66909,-37.77079],[144.66909,-37.77139],[144.66938,-37.77267],[144.66949,-37.77299],[144.66951,-37.77333],[144.66941,-37.77362],[144.66924,-37.77383],[144.66899,-37.7742],[144.66861,-37.77504],[144.66853,-37.77532],[144.66821,-37.777],[144.66819,-37.77709],[144.66799,-37.77814]]]},"properties":{"cat":"industrial","name":""}},{"type":"Feature","geometry":{"type":"Polygon","coordinates":[[[144.69105,-37.77563],[144.69106,-37.77552],[144.69297,-37.77566],[144.69363,-37.77573],[144.69423,-37.77577],[144.69433,-37.77577],[144.69445,-37.77578],[144.69455,-37.77579],[144.69454,-37.77589],[144.69453,-37.77599],[144.69438,-37.77666],[144.69432,-37.77687],[144.69421,-37.77766],[144.69412,-37.77821],[144.69409,-37.77842],[144.69406,-37.77855],[144.69404,-37.77863],[144.69402,-37.77872],[144.69398,-37.77889],[144.69395,-37.77901],[144.69391,-37.77911],[144.69387,-37.77924],[144.69384,-37.77935],[144.69379,-37.77947],[144.69374,-37.7796],[144.69367,-37.77978],[144.69361,-37.77992],[144.69353,-37.78008],[144.69344,-37.78026],[144.69333,-37.78048],[144.69326,-37.78062],[144.69318,-37.78078],[144.69034,-37.78055],[144.69105,-37.77563]]]},"properties":{"cat":"industrial","name":""}},{"type":"Feature","geometry":{"type":"Polygon","coordinates":[[[144.43331,-37.65246],[144.4336,-37.65066],[144.43341,-37.65049],[144.4333,-37.65112],[144.43186,-37.65097],[144.43165,-37.65228],[144.43331,-37.65246]]]},"properties":{"cat":"industrial","name":""}},{"type":"Feature","geometry":{"type":"Polygon","coordinates":[[[144.4183,-37.64017],[144.4196,-37.64031],[144.42031,-37.64163],[144.41911,-37.6415],[144.41809,-37.64138],[144.4183,-37.64017]]]},"properties":{"cat":"industrial","name":""}},{"type":"Feature","geometry":{"type":"Polygon","coordinates":[[[145.19925,-38.14085],[145.19901,-38.14081],[145.19863,-38.1406],[145.19853,-38.14068],[145.19809,-38.14073],[145.19769,-38.14105],[145.19725,-38.14125],[145.19689,-38.14141],[145.1977,-38.1425],[145.19824,-38.14324],[145.19964,-38.14271],[145.19853,-38.14118],[145.19925,-38.14085]]]},"properties":{"cat":"quarry","name":""}},{"type":"Feature","geometry":{"type":"Polygon","coordinates":[[[145.62372,-38.31008],[145.62454,-38.31047],[145.62517,-38.31094],[145.62659,-38.31106],[145.62718,-38.31092],[145.62786,-38.31107],[145.6282,-38.31148],[145.62893,-38.31126],[145.62956,-38.31212],[145.63031,-38.31213],[145.63128,-38.31284],[145.63129,-38.31361],[145.63284,-38.31427],[145.6344,-38.31382],[145.63545,-38.31397],[145.63635,-38.31394],[145.63719,-38.31327],[145.63747,-38.31194],[145.63695,-38.31145],[145.63798,-38.31103],[145.63865,-38.31086],[145.63861,-38.30921],[145.6376,-38.30843],[145.63801,-38.30703],[145.63551,-38.30485],[145.6343,-38.30326],[145.63308,-38.30294],[145.63259,-38.3019],[145.6304,-38.3014],[145.62975,-38.30173],[145.62806,-38.30212],[145.62521,-38.30234],[145.62372,-38.31008]]]},"properties":{"cat":"industrial","name":"Holcim Lang Lang Silica Mine"}},{"type":"Feature","geometry":{"type":"Polygon","coordinates":[[[145.01251,-37.63633],[145.01564,-37.63661],[145.01544,-37.63783],[145.01715,-37.638],[145.01712,-37.63829],[145.01788,-37.63832],[145.01778,-37.63914],[145.01896,-37.63925],[145.02027,-37.63936],[145.0202,-37.63987],[145.01895,-37.63977],[145.01893,-37.63995],[145.01886,-37.64046],[145.01862,-37.64044],[145.01851,-37.64123],[145.01848,-37.64141],[145.0187,-37.64143],[145.01846,-37.64272],[145.01774,-37.64265],[145.01767,-37.64307],[145.01744,-37.64306],[145.01718,-37.64313],[145.01666,-37.64345],[145.01645,-37.64371],[145.01582,-37.64365],[145.01476,-37.64354],[145.01438,-37.64351],[145.01356,-37.64343],[145.01298,-37.64337],[145.01257,-37.64333],[145.01128,-37.64321],[145.01162,-37.64132],[145.01169,-37.64096],[145.01197,-37.63939],[145.01199,-37.6393],[145.01251,-37.63633]]]},"properties":{"cat":"industrial","name":""}},{"type":"Feature","geometry":{"type":"Polygon","coordinates":[[[145.0156,-37.64501],[145.01566,-37.64558],[145.01575,-37.64639],[145.01597,-37.6464],[145.01939,-37.64675],[145.01946,-37.64629],[145.02003,-37.64635],[145.02017,-37.64546],[145.0156,-37.64501]]]},"properties":{"cat":"industrial","name":""}},{"type":"Feature","geometry":{"type":"Polygon","coordinates":[[[144.85844,-37.82143],[144.85961,-37.82161],[144.85965,-37.82166],[144.85929,-37.82337],[144.85805,-37.8232],[144.85844,-37.82143]]]},"properties":{"cat":"industrial","name":""}},{"type":"Feature","geometry":{"type":"Polygon","coordinates":[[[144.85929,-37.82337],[144.85909,-37.82421],[144.85782,-37.82426],[144.85805,-37.8232],[144.85929,-37.82337]]]},"properties":{"cat":"industrial","name":""}},{"type":"Feature","geometry":{"type":"Polygon","coordinates":[[[144.77989,-37.78157],[144.78069,-37.7818],[144.7808,-37.78184],[144.78093,-37.78192],[144.78102,-37.78204],[144.78105,-37.78214],[144.78106,-37.78219],[144.781,-37.78266],[144.78076,-37.78264],[144.78039,-37.78261],[144.77975,-37.78255],[144.77981,-37.78208],[144.77987,-37.78166],[144.77989,-37.78157]]]},"properties":{"cat":"industrial","name":""}},{"type":"Feature","geometry":{"type":"Polygon","coordinates":[[[144.91444,-37.82177],[144.91447,-37.82176],[144.9145,-37.82176],[144.91456,-37.82175],[144.91548,-37.82161],[144.9156,-37.82159],[144.91566,-37.82177],[144.9158,-37.82222],[144.91585,-37.82239],[144.91591,-37.82257],[144.91592,-37.82259],[144.91615,-37.82332],[144.91618,-37.82343],[144.91624,-37.82365],[144.91623,-37.82365],[144.91509,-37.82387],[144.91444,-37.82177]]]},"properties":{"cat":"industrial","name":""}},{"type":"Feature","geometry":{"type":"Polygon","coordinates":[[[144.87642,-37.68605],[144.87581,-37.68647],[144.87673,-37.68735],[144.87677,-37.68727],[144.8765,-37.68698],[144.87629,-37.68678],[144.87686,-37.68641],[144.87642,-37.68605]]]},"properties":{"cat":"industrial","name":""}},{"type":"Feature","geometry":{"type":"Polygon","coordinates":[[[144.87686,-37.68641],[144.87629,-37.68678],[144.8765,-37.68698],[144.87677,-37.68727],[144.87686,-37.6872],[144.87693,-37.68715],[144.87706,-37.68708],[144.87723,-37.68726],[144.87761,-37.68702],[144.8771,-37.68661],[144.87686,-37.68641]]]},"properties":{"cat":"industrial","name":""}},{"type":"Feature","geometry":{"type":"Polygon","coordinates":[[[144.84111,-37.81502],[144.84119,-37.81503],[144.84179,-37.8151],[144.84202,-37.81513],[144.84216,-37.81514],[144.84297,-37.81524],[144.84293,-37.8155],[144.84308,-37.81552],[144.84268,-37.81775],[144.84252,-37.81779],[144.84227,-37.81786],[144.84136,-37.81812],[144.84153,-37.81851],[144.84156,-37.81858],[144.84329,-37.8181],[144.84589,-37.81736],[144.84624,-37.81717],[144.84642,-37.81689],[144.84653,-37.81649],[144.84682,-37.81547],[144.84694,-37.81478],[144.8448,-37.81454],[144.84127,-37.8141],[144.84111,-37.81502]]]},"properties":{"cat":"industrial","name":""}},{"type":"Feature","geometry":{"type":"Polygon","coordinates":[[[144.84111,-37.81502],[144.84105,-37.81536],[144.84059,-37.81778],[144.84118,-37.81798],[144.84131,-37.81802],[144.84136,-37.81812],[144.84227,-37.81786],[144.84252,-37.81779],[144.84268,-37.81775],[144.84308,-37.81552],[144.84293,-37.8155],[144.84297,-37.81524],[144.84216,-37.81514],[144.84202,-37.81513],[144.84179,-37.8151],[144.84119,-37.81503],[144.84111,-37.81502]]]},"properties":{"cat":"industrial","name":"Powercor Brooklyn Depot"}},{"type":"Feature","geometry":{"type":"Polygon","coordinates":[[[144.60535,-38.24491],[144.60545,-38.24486],[144.60556,-38.24502],[144.6055,-38.24504],[144.60552,-38.24508],[144.60548,-38.2451],[144.60538,-38.24494],[144.60535,-38.24491]]]},"properties":{"cat":"industrial","name":""}},{"type":"Feature","geometry":{"type":"Polygon","coordinates":[[[144.60568,-38.2454],[144.60578,-38.24536],[144.60586,-38.24548],[144.60577,-38.24552],[144.60568,-38.2454]]]},"properties":{"cat":"industrial","name":""}},{"type":"Feature","geometry":{"type":"Polygon","coordinates":[[[145.04647,-37.88003],[145.04481,-37.87891],[145.04463,-37.87879],[145.0447,-37.87846],[145.04473,-37.87845],[145.04484,-37.87857],[145.04488,-37.87857],[145.04489,-37.87857],[145.04491,-37.87855],[145.04494,-37.87859],[145.04506,-37.87867],[145.04511,-37.8787],[145.04515,-37.87872],[145.04554,-37.87898],[145.04635,-37.87953],[145.04643,-37.87958],[145.0465,-37.87981],[145.04652,-37.87988],[145.04655,-37.87996],[145.04647,-37.88003]]]},"properties":{"cat":"industrial","name":"Metro Infrastructure Depot South East Region"}},{"type":"Feature","geometry":{"type":"Polygon","coordinates":[[[145.43081,-38.09572],[145.4339,-38.09614],[145.44709,-38.09789],[145.44845,-38.09548],[145.44569,-38.09273],[145.44501,-38.09268],[145.44096,-38.0924],[145.43507,-38.09197],[145.43417,-38.09213],[145.43307,-38.09232],[145.43184,-38.09254],[145.43149,-38.09249],[145.43086,-38.09548],[145.43081,-38.09572]]]},"properties":{"cat":"industrial","name":"South Point Business Park"}},{"type":"Feature","geometry":{"type":"Polygon","coordinates":[[[145.43457,-38.0878],[145.43457,-38.08816],[145.43241,-38.08817],[145.43228,-38.08879],[145.4319,-38.0906],[145.43162,-38.09188],[145.43149,-38.09249],[145.43184,-38.09254],[145.43307,-38.09232],[145.43417,-38.09213],[145.43507,-38.09197],[145.44096,-38.0924],[145.44501,-38.09268],[145.44569,-38.09273],[145.45066,-38.09309],[145.45075,-38.09275],[145.45075,-38.09268],[145.45076,-38.09265],[145.45077,-38.09263],[145.45078,-38.09261],[145.4508,-38.09258],[145.45082,-38.09257],[145.45084,-38.09255],[145.45145,-38.09217],[145.45151,-38.09212],[145.45155,-38.09206],[145.45161,-38.09193],[145.45166,-38.0918],[145.4517,-38.09167],[145.45174,-38.09152],[145.45177,-38.09112],[145.45178,-38.09078],[145.4518,-38.09047],[145.4518,-38.09018],[145.4518,-38.08993],[145.45181,-38.0898],[145.45183,-38.08969],[145.45184,-38.08959],[145.45184,-38.08947],[145.45186,-38.08931],[145.45188,-38.08924],[145.45193,-38.08911],[145.45194,-38.08907],[145.45194,-38.08901],[145.45193,-38.08894],[145.45192,-38.08882],[145.45193,-38.08876],[145.45195,-38.08866],[145.45197,-38.0885],[145.45197,-38.08842],[145.45201,-38.0883],[145.45205,-38.08808],[145.45207,-38.08791],[145.45208,-38.08779],[145.45159,-38.08779],[145.45144,-38.08779],[145.44566,-38.0878],[145.44294,-38.0878],[145.44142,-38.0878],[145.44114,-38.0878],[145.43902,-38.0878],[145.43617,-38.0878],[145.43523,-38.0878],[145.43457,-38.0878]]]},"properties":{"cat":"industrial","name":"Kaduna Business Park"}},{"type":"Feature","geometry":{"type":"Polygon","coordinates":[[[145.49204,-38.08419],[145.49223,-38.08412],[145.49271,-38.08432],[145.49316,-38.08439],[145.50389,-38.08899],[145.50029,-38.08979],[145.49674,-38.09055],[145.49439,-38.09087],[145.49334,-38.09073],[145.49255,-38.09049],[145.49203,-38.09003],[145.49151,-38.08956],[145.49134,-38.08942],[145.491,-38.0891],[145.49204,-38.08419]]]},"properties":{"cat":"industrial","name":""}},{"type":"Feature","geometry":{"type":"Polygon","coordinates":[[[145.40887,-38.0659],[145.40611,-38.06537],[145.40575,-38.06696],[145.40788,-38.06737],[145.40852,-38.06749],[145.40887,-38.0659]]]},"properties":{"cat":"industrial","name":""}},{"type":"Feature","geometry":{"type":"Polygon","coordinates":[[[145.40904,-38.06621],[145.41157,-38.0667],[145.4121,-38.0668],[145.41181,-38.06812],[145.41073,-38.06791],[145.40875,-38.06753],[145.40904,-38.06621]]]},"properties":{"cat":"industrial","name":""}},{"type":"Feature","geometry":{"type":"Polygon","coordinates":[[[144.8996,-37.56381],[144.90005,-37.56386],[144.89991,-37.56458],[144.89988,-37.56476],[144.89942,-37.5647],[144.89946,-37.56452],[144.8996,-37.56381]]]},"properties":{"cat":"cemetery","name":"Mickleham Methodist Cemetery"}},{"type":"Feature","geometry":{"type":"Polygon","coordinates":[[[144.90869,-37.81517],[144.90878,-37.81208],[144.9069,-37.81203],[144.90676,-37.81192],[144.90665,-37.81156],[144.90729,-37.8093],[144.90752,-37.80919],[144.90973,-37.80971],[144.91101,-37.80972],[144.91244,-37.80932],[144.91241,-37.80981],[144.91255,-37.80983],[144.9122,-37.8182],[144.91217,-37.8183],[144.91184,-37.8185],[144.91174,-37.81841],[144.91165,-37.81847],[144.91152,-37.81845],[144.91147,-37.81839],[144.91022,-37.81917],[144.90922,-37.81967],[144.90891,-37.81974],[144.90814,-37.81959],[144.90816,-37.81913],[144.90844,-37.81912],[144.90848,-37.8184],[144.90858,-37.8184],[144.90869,-37.81517]]]},"properties":{"cat":"industrial","name":""}},{"type":"Feature","geometry":{"type":"Polygon","coordinates":[[[144.90877,-37.83799],[144.90896,-37.8353],[144.90931,-37.83528],[144.91003,-37.83518],[144.91129,-37.83535],[144.91157,-37.83524],[144.91212,-37.83531],[144.91196,-37.83737],[144.90877,-37.83799]]]},"properties":{"cat":"industrial","name":""}},{"type":"Feature","geometry":{"type":"Polygon","coordinates":[[[144.90896,-37.8353],[144.90877,-37.83799],[144.90665,-37.83841],[144.90675,-37.83715],[144.9069,-37.83511],[144.90701,-37.83504],[144.90893,-37.83529],[144.90896,-37.8353]]]},"properties":{"cat":"industrial","name":""}},{"type":"Feature","geometry":{"type":"Polygon","coordinates":[[[144.89911,-37.83643],[144.89915,-37.83633],[144.89909,-37.83622],[144.89957,-37.83489],[144.90084,-37.83434],[144.90094,-37.83448],[144.90108,-37.83455],[144.90128,-37.83459],[144.90174,-37.83444],[144.90093,-37.83676],[144.89911,-37.83643]]]},"properties":{"cat":"industrial","name":""}},{"type":"Feature","geometry":{"type":"Polygon","coordinates":[[[145.00083,-37.80069],[145.00094,-37.8007],[145.0009,-37.80097],[145.00079,-37.80094],[145.00083,-37.80069]]]},"properties":{"cat":"industrial","name":""}},{"type":"Feature","geometry":{"type":"Polygon","coordinates":[[[144.9074,-37.81227],[144.90816,-37.81225],[144.90834,-37.81231],[144.90845,-37.8124],[144.90843,-37.81292],[144.9076,-37.8129],[144.90761,-37.81247],[144.9074,-37.81227]]]},"properties":{"cat":"industrial","name":""}},{"type":"Feature","geometry":{"type":"Polygon","coordinates":[[[144.90843,-37.81292],[144.90838,-37.81429],[144.90641,-37.81424],[144.90634,-37.81402],[144.9064,-37.81264],[144.90648,-37.81228],[144.90689,-37.81229],[144.9074,-37.81227],[144.90761,-37.81247],[144.9076,-37.8129],[144.90843,-37.81292]]]},"properties":{"cat":"industrial","name":""}},{"type":"Feature","geometry":{"type":"Polygon","coordinates":[[[144.90838,-37.81429],[144.90833,-37.81546],[144.90679,-37.81541],[144.90641,-37.81424],[144.90838,-37.81429]]]},"properties":{"cat":"industrial","name":""}},{"type":"Feature","geometry":{"type":"Polygon","coordinates":[[[144.90833,-37.81546],[144.90829,-37.81642],[144.9071,-37.81639],[144.90679,-37.81541],[144.90833,-37.81546]]]},"properties":{"cat":"industrial","name":""}},{"type":"Feature","geometry":{"type":"Polygon","coordinates":[[[144.90829,-37.81642],[144.90823,-37.8179],[144.90719,-37.81787],[144.9071,-37.81639],[144.90829,-37.81642]]]},"properties":{"cat":"industrial","name":""}},{"type":"Feature","geometry":{"type":"Polygon","coordinates":[[[144.90823,-37.8179],[144.90821,-37.81844],[144.90756,-37.81842],[144.90747,-37.81789],[144.90729,-37.81789],[144.90719,-37.81788],[144.90719,-37.81787],[144.90823,-37.8179]]]},"properties":{"cat":"industrial","name":""}},{"type":"Feature","geometry":{"type":"Polygon","coordinates":[[[144.90821,-37.81844],[144.90817,-37.81887],[144.90809,-37.81893],[144.9076,-37.81893],[144.90748,-37.81891],[144.90741,-37.81887],[144.90721,-37.81807],[144.90731,-37.81798],[144.90729,-37.81789],[144.90747,-37.81789],[144.90756,-37.81842],[144.90821,-37.81844]]]},"properties":{"cat":"industrial","name":""}},{"type":"Feature","geometry":{"type":"Polygon","coordinates":[[[144.89355,-37.83711],[144.89368,-37.8373],[144.89336,-37.83846],[144.89274,-37.8383],[144.8916,-37.83818],[144.89139,-37.83785],[144.89121,-37.83759],[144.89122,-37.83751],[144.89124,-37.83746],[144.89337,-37.83717],[144.89355,-37.83711]]]},"properties":{"cat":"industrial","name":""}},{"type":"Feature","geometry":{"type":"Polygon","coordinates":[[[144.92793,-37.82039],[144.92783,-37.82094],[144.92485,-37.82063],[144.92243,-37.82065],[144.92241,-37.82001],[144.9248,-37.81998],[144.92514,-37.82001],[144.92515,-37.81998],[144.92556,-37.82003],[144.92555,-37.82006],[144.92637,-37.82015],[144.92637,-37.82011],[144.92715,-37.8202],[144.92715,-37.82023],[144.92792,-37.82031],[144.92791,-37.82039],[144.92793,-37.82039]]]},"properties":{"cat":"industrial","name":""}},{"type":"Feature","geometry":{"type":"Polygon","coordinates":[[[144.92241,-37.82001],[144.92243,-37.82065],[144.91985,-37.82067],[144.91601,-37.82124],[144.91594,-37.821],[144.91585,-37.82101],[144.9158,-37.82076],[144.91628,-37.82069],[144.91624,-37.82056],[144.91981,-37.82004],[144.92241,-37.82001]]]},"properties":{"cat":"industrial","name":""}},{"type":"Feature","geometry":{"type":"Polygon","coordinates":[[[144.91197,-37.82219],[144.91177,-37.82177],[144.91181,-37.82176],[144.91184,-37.82166],[144.91238,-37.82152],[144.91249,-37.8216],[144.91287,-37.82149],[144.91292,-37.82124],[144.91355,-37.82116],[144.91354,-37.82109],[144.9158,-37.82076],[144.91585,-37.82101],[144.91577,-37.82102],[144.91577,-37.82127],[144.91576,-37.82128],[144.91435,-37.82149],[144.91197,-37.82219]]]},"properties":{"cat":"industrial","name":""}},{"type":"Feature","geometry":{"type":"Polygon","coordinates":[[[144.91174,-37.82171],[144.91177,-37.82177],[144.91197,-37.82219],[144.91053,-37.82265],[144.9104,-37.82269],[144.91017,-37.82276],[144.90993,-37.82229],[144.91057,-37.8221],[144.91054,-37.82202],[144.91093,-37.82192],[144.91097,-37.82185],[144.91115,-37.8218],[144.91117,-37.82186],[144.91174,-37.82171]]]},"properties":{"cat":"industrial","name":""}},{"type":"Feature","geometry":{"type":"Polygon","coordinates":[[[144.98468,-37.63693],[144.98321,-37.64539],[144.98292,-37.64706],[144.98162,-37.64689],[144.98098,-37.64688],[144.98047,-37.64593],[144.97999,-37.64609],[144.98021,-37.64673],[144.9801,-37.64684],[144.97981,-37.64687],[144.97835,-37.64671],[144.97742,-37.64681],[144.97648,-37.64498],[144.97572,-37.64348],[144.97456,-37.64121],[144.97194,-37.64093],[144.97345,-37.63206],[144.98529,-37.63335],[144.98524,-37.63374],[144.98518,-37.63403],[144.98468,-37.63693]]]},"properties":{"cat":"quarry","name":"Northern Quarries"}},{"type":"Feature","geometry":{"type":"Polygon","coordinates":[[[144.83188,-37.76309],[144.8319,-37.76306],[144.83201,-37.76294],[144.83246,-37.76245],[144.83265,-37.76224],[144.83286,-37.762],[144.83432,-37.76041],[144.83613,-37.75848],[144.83616,-37.75845],[144.83673,-37.75863],[144.83665,-37.7587],[144.83565,-37.75981],[144.83557,-37.75989],[144.83547,-37.76041],[144.83513,-37.76038],[144.83439,-37.76118],[144.8339,-37.76171],[144.83346,-37.76188],[144.83314,-37.76224],[144.833,-37.7624],[144.83286,-37.76252],[144.83251,-37.76276],[144.83207,-37.76301],[144.83202,-37.76299],[144.83188,-37.76309]]]},"properties":{"cat":"industrial","name":"McConnell Dowell Rail Plant"}},{"type":"Feature","geometry":{"type":"Polygon","coordinates":[[[144.46621,-37.74858],[144.46462,-37.74854],[144.4646,-37.74896],[144.46596,-37.74899],[144.46597,-37.74879],[144.4662,-37.74879],[144.46621,-37.74858]]]},"properties":{"cat":"industrial","name":""}},{"type":"Feature","geometry":{"type":"Polygon","coordinates":[[[144.58754,-37.76064],[144.5875,-37.76085],[144.5876,-37.76086],[144.58761,-37.76082],[144.58767,-37.76083],[144.58769,-37.7607],[144.5877,-37.76066],[144.58754,-37.76064]]]},"properties":{"cat":"industrial","name":""}},{"type":"Feature","geometry":{"type":"Polygon","coordinates":[[[144.45686,-37.74858],[144.46,-37.74917],[144.45992,-37.74943],[144.46015,-37.74935],[144.46039,-37.74857],[144.45839,-37.74819],[144.45835,-37.74814],[144.45847,-37.74778],[144.45823,-37.74774],[144.45822,-37.74779],[144.45762,-37.74766],[144.45763,-37.74762],[144.45754,-37.7476],[144.45767,-37.74719],[144.45731,-37.74712],[144.45703,-37.74798],[144.45701,-37.74805],[144.45676,-37.74807],[144.45673,-37.7482],[144.45693,-37.74834],[144.45686,-37.74858]]]},"properties":{"cat":"industrial","name":"Protein Recovery Plant"}},{"type":"Feature","geometry":{"type":"Polygon","coordinates":[[[145.1603,-38.1943],[145.16029,-38.19431],[145.16026,-38.19444],[145.16025,-38.19446],[145.16009,-38.19443],[145.16007,-38.19441],[145.16009,-38.19432],[145.16018,-38.19428],[145.1603,-38.1943]]]},"properties":{"cat":"industrial","name":""}},{"type":"Feature","geometry":{"type":"Polygon","coordinates":[[[144.85658,-37.80744],[144.85619,-37.80961],[144.85163,-37.80909],[144.85201,-37.80693],[144.855,-37.80727],[144.85658,-37.80744]]]},"properties":{"cat":"industrial","name":""}},{"type":"Feature","geometry":{"type":"Polygon","coordinates":[[[145.09408,-38.21687],[145.09427,-38.21682],[145.09431,-38.2169],[145.09412,-38.21695],[145.09408,-38.21687]]]},"properties":{"cat":"industrial","name":""}},{"type":"Feature","geometry":{"type":"Polygon","coordinates":[[[144.54622,-37.78041],[144.54615,-37.78045],[144.54617,-37.78048],[144.54621,-37.78047],[144.54626,-37.78045],[144.54622,-37.78041]]]},"properties":{"cat":"industrial","name":""}},{"type":"Feature","geometry":{"type":"Polygon","coordinates":[[[144.54969,-37.78355],[144.54966,-37.78357],[144.54971,-37.7836],[144.54973,-37.78359],[144.54969,-37.78355]]]},"properties":{"cat":"industrial","name":""}},{"type":"Feature","geometry":{"type":"Polygon","coordinates":[[[144.54644,-37.78647],[144.5464,-37.78646],[144.5464,-37.78652],[144.54643,-37.78652],[144.54644,-37.78647]]]},"properties":{"cat":"industrial","name":""}},{"type":"Feature","geometry":{"type":"Polygon","coordinates":[[[144.9407,-37.79663],[144.94092,-37.79683],[144.94187,-37.79618],[144.94165,-37.79598],[144.9407,-37.79663]]]},"properties":{"cat":"industrial","name":"Victoria Coaches Depot"}},{"type":"Feature","geometry":{"type":"Polygon","coordinates":[[[144.92577,-37.54718],[144.92643,-37.54726],[144.92626,-37.54818],[144.92546,-37.54809],[144.92546,-37.54807],[144.92538,-37.5479],[144.9253,-37.54775],[144.9252,-37.54757],[144.92524,-37.54744],[144.92577,-37.54718]]]},"properties":{"cat":"industrial","name":""}},{"type":"Feature","geometry":{"type":"Polygon","coordinates":[[[144.93837,-37.8027],[144.93816,-37.8028],[144.93824,-37.80292],[144.93842,-37.80312],[144.93871,-37.80341],[144.93896,-37.80364],[144.93933,-37.80392],[144.93959,-37.80415],[144.93993,-37.80446],[144.94006,-37.80469],[144.94035,-37.80501],[144.94048,-37.80513],[144.94083,-37.80491],[144.94099,-37.80506],[144.9412,-37.80391],[144.94121,-37.80381],[144.94124,-37.80367],[144.93999,-37.80351],[144.93997,-37.80351],[144.93969,-37.80347],[144.93936,-37.80337],[144.93907,-37.80322],[144.93875,-37.80305],[144.93856,-37.8029],[144.93841,-37.80275],[144.93837,-37.8027]]]},"properties":{"cat":"industrial","name":""}},{"type":"Feature","geometry":{"type":"Polygon","coordinates":[[[145.65964,-37.77499],[145.6594,-37.77514],[145.65952,-37.77535],[145.66009,-37.77547],[145.66043,-37.77538],[145.66045,-37.77522],[145.66033,-37.77509],[145.65999,-37.77497],[145.65964,-37.77499]]]},"properties":{"cat":"quarry","name":""}},{"type":"Feature","geometry":{"type":"Polygon","coordinates":[[[144.73505,-37.66658],[144.73505,-37.66713],[144.73256,-37.66713],[144.73256,-37.66736],[144.73107,-37.66736],[144.73107,-37.66908],[144.73093,-37.66919],[144.72998,-37.66919],[144.72997,-37.67113],[144.72972,-37.67129],[144.72994,-37.67159],[144.73288,-37.67159],[144.73288,-37.67115],[144.7354,-37.67115],[144.7354,-37.66961],[144.73601,-37.66961],[144.73664,-37.67073],[144.73725,-37.67073],[144.73726,-37.66658],[144.73555,-37.66658],[144.73505,-37.66658]]]},"properties":{"cat":"industrial","name":"Melbourne Renewable Energy Hub"}},{"type":"Feature","geometry":{"type":"Polygon","coordinates":[[[144.59873,-38.26476],[144.59869,-38.26491],[144.59936,-38.26506],[144.59959,-38.26496],[144.5996,-38.26485],[144.59873,-38.26476]]]},"properties":{"cat":"industrial","name":""}},{"type":"Feature","geometry":{"type":"Polygon","coordinates":[[[144.49134,-38.27892],[144.49116,-38.2789],[144.49116,-38.27893],[144.49112,-38.27892],[144.49111,-38.27898],[144.4911,-38.27901],[144.4911,-38.27903],[144.49132,-38.27906],[144.49134,-38.27892]]]},"properties":{"cat":"industrial","name":""}},{"type":"Feature","geometry":{"type":"Polygon","coordinates":[[[144.55182,-38.2674],[144.55544,-38.26835],[144.55725,-38.26882],[144.55729,-38.26874],[144.55736,-38.26859],[144.55727,-38.26842],[144.55748,-38.26805],[144.55753,-38.26785],[144.55746,-38.26771],[144.55723,-38.2675],[144.55696,-38.26748],[144.55607,-38.26741],[144.55558,-38.26828],[144.55549,-38.26826],[144.55541,-38.26824],[144.55392,-38.26784],[144.55186,-38.26731],[144.55184,-38.26736],[144.55182,-38.2674]]]},"properties":{"cat":"industrial","name":"Ocean Grove Emergency Storage"}},{"type":"Feature","geometry":{"type":"Polygon","coordinates":[[[144.4784,-38.2709],[144.4782,-38.27133],[144.47834,-38.27137],[144.47842,-38.27139],[144.47874,-38.27148],[144.47894,-38.27106],[144.4784,-38.2709]]]},"properties":{"cat":"industrial","name":""}},{"type":"Feature","geometry":{"type":"Polygon","coordinates":[[[144.51337,-38.26719],[144.5133,-38.26748],[144.51349,-38.26751],[144.51356,-38.26722],[144.51337,-38.26719]]]},"properties":{"cat":"industrial","name":""}},{"type":"Feature","geometry":{"type":"Polygon","coordinates":[[[144.53335,-38.26904],[144.53333,-38.26912],[144.53332,-38.26918],[144.53329,-38.26929],[144.53365,-38.26934],[144.5337,-38.26909],[144.53335,-38.26904]]]},"properties":{"cat":"industrial","name":""}},{"type":"Feature","geometry":{"type":"Polygon","coordinates":[[[144.55133,-38.26717],[144.55123,-38.26729],[144.55121,-38.26731],[144.55179,-38.26747],[144.55182,-38.2674],[144.55184,-38.26736],[144.55186,-38.26731],[144.55133,-38.26717]]]},"properties":{"cat":"industrial","name":""}},{"type":"Feature","geometry":{"type":"Polygon","coordinates":[[[144.56558,-38.24921],[144.56556,-38.24924],[144.56535,-38.24947],[144.566,-38.24982],[144.56618,-38.2496],[144.56623,-38.24955],[144.56617,-38.24952],[144.56558,-38.24921]]]},"properties":{"cat":"industrial","name":""}},{"type":"Feature","geometry":{"type":"Polygon","coordinates":[[[144.42086,-38.27896],[144.42081,-38.27925],[144.42078,-38.27941],[144.42133,-38.27952],[144.42137,-38.27935],[144.42144,-38.27903],[144.42093,-38.27892],[144.42086,-38.27896]]]},"properties":{"cat":"industrial","name":""}},{"type":"Feature","geometry":{"type":"Polygon","coordinates":[[[144.44627,-38.2758],[144.44612,-38.27578],[144.4461,-38.27586],[144.44625,-38.27588],[144.44627,-38.2758]]]},"properties":{"cat":"industrial","name":""}},{"type":"Feature","geometry":{"type":"Polygon","coordinates":[[[144.44819,-38.26921],[144.44831,-38.26922],[144.44834,-38.26924],[144.44833,-38.26934],[144.44826,-38.26936],[144.44827,-38.26938],[144.44807,-38.26942],[144.44811,-38.26927],[144.44819,-38.26925],[144.44819,-38.26921]]]},"properties":{"cat":"industrial","name":""}},{"type":"Feature","geometry":{"type":"Polygon","coordinates":[[[144.45338,-38.27123],[144.45322,-38.27121],[144.4532,-38.27128],[144.45337,-38.2713],[144.45338,-38.27123]]]},"properties":{"cat":"industrial","name":""}},{"type":"Feature","geometry":{"type":"Polygon","coordinates":[[[144.50953,-38.25841],[144.5095,-38.25854],[144.50931,-38.25851],[144.50934,-38.25837],[144.50939,-38.25838],[144.50948,-38.2584],[144.50953,-38.25841]]]},"properties":{"cat":"industrial","name":""}},{"type":"Feature","geometry":{"type":"Polygon","coordinates":[[[144.60769,-38.28785],[144.6076,-38.28796],[144.60796,-38.28815],[144.60803,-38.28807],[144.60805,-38.28804],[144.60769,-38.28785]]]},"properties":{"cat":"industrial","name":""}},{"type":"Feature","geometry":{"type":"Polygon","coordinates":[[[144.60841,-38.2748],[144.6084,-38.27521],[144.6086,-38.27522],[144.60862,-38.27481],[144.60841,-38.2748]]]},"properties":{"cat":"industrial","name":""}},{"type":"Feature","geometry":{"type":"Polygon","coordinates":[[[144.61041,-38.27252],[144.6104,-38.27293],[144.6102,-38.27292],[144.61021,-38.27251],[144.61041,-38.27252]]]},"properties":{"cat":"industrial","name":""}},{"type":"Feature","geometry":{"type":"Polygon","coordinates":[[[144.61683,-38.27192],[144.6166,-38.27219],[144.61676,-38.27227],[144.61699,-38.272],[144.61687,-38.27194],[144.61683,-38.27192]]]},"properties":{"cat":"industrial","name":""}},{"type":"Feature","geometry":{"type":"Polygon","coordinates":[[[144.61015,-38.27022],[144.61014,-38.27023],[144.61013,-38.27024],[144.61012,-38.27025],[144.61021,-38.2703],[144.61023,-38.27028],[144.61024,-38.27027],[144.61015,-38.27022]]]},"properties":{"cat":"industrial","name":""}},{"type":"Feature","geometry":{"type":"Polygon","coordinates":[[[144.62722,-38.27042],[144.62716,-38.2705],[144.62714,-38.27052],[144.62749,-38.27069],[144.62757,-38.27059],[144.62722,-38.27042]]]},"properties":{"cat":"industrial","name":""}},{"type":"Feature","geometry":{"type":"Polygon","coordinates":[[[144.6234,-38.26714],[144.62327,-38.2673],[144.62356,-38.26745],[144.6236,-38.2674],[144.6237,-38.26728],[144.6234,-38.26714]]]},"properties":{"cat":"industrial","name":""}},{"type":"Feature","geometry":{"type":"Polygon","coordinates":[[[144.64621,-38.26838],[144.64624,-38.26841],[144.64617,-38.26846],[144.64621,-38.26848],[144.64624,-38.26851],[144.64638,-38.26842],[144.64642,-38.2684],[144.64647,-38.26837],[144.64639,-38.26828],[144.64621,-38.26838]]]},"properties":{"cat":"industrial","name":""}},{"type":"Feature","geometry":{"type":"Polygon","coordinates":[[[144.666,-38.26515],[144.66592,-38.26516],[144.66592,-38.2652],[144.666,-38.26519],[144.666,-38.26515]]]},"properties":{"cat":"industrial","name":""}},{"type":"Feature","geometry":{"type":"Polygon","coordinates":[[[144.61584,-38.26737],[144.61579,-38.26742],[144.61585,-38.26746],[144.61589,-38.2674],[144.61584,-38.26737]]]},"properties":{"cat":"industrial","name":""}},{"type":"Feature","geometry":{"type":"Polygon","coordinates":[[[144.61583,-38.26747],[144.61572,-38.26744],[144.61571,-38.26747],[144.61576,-38.26751],[144.61579,-38.2675],[144.61583,-38.26747]]]},"properties":{"cat":"industrial","name":""}},{"type":"Feature","geometry":{"type":"Polygon","coordinates":[[[145.04807,-37.73422],[145.0491,-37.73432],[145.04917,-37.73391],[145.04865,-37.73386],[145.04869,-37.73358],[145.04818,-37.73353],[145.04807,-37.73422]]]},"properties":{"cat":"industrial","name":"Ventura (Ivanhoe)"}},{"type":"Feature","geometry":{"type":"Polygon","coordinates":[[[145.13587,-38.11372],[145.1358,-38.11406],[145.13585,-38.11407],[145.13576,-38.11456],[145.13575,-38.11464],[145.1357,-38.11487],[145.13585,-38.11489],[145.13582,-38.1153],[145.13615,-38.11532],[145.13626,-38.11388],[145.13626,-38.11376],[145.13587,-38.11372]]]},"properties":{"cat":"industrial","name":"Train Maintenance Facility"}},{"type":"Feature","geometry":{"type":"Polygon","coordinates":[[[144.85828,-37.81284],[144.85835,-37.81245],[144.85848,-37.81246],[144.85864,-37.81248],[144.85886,-37.81251],[144.859,-37.81252],[144.85916,-37.81254],[144.85915,-37.81258],[144.85922,-37.8127],[144.85926,-37.81278],[144.8593,-37.81285],[144.85928,-37.81296],[144.85892,-37.81292],[144.85878,-37.8129],[144.85856,-37.81288],[144.85831,-37.81285],[144.85828,-37.81284]]]},"properties":{"cat":"industrial","name":""}},{"type":"Feature","geometry":{"type":"Polygon","coordinates":[[[144.85201,-37.81092],[144.85502,-37.81381],[144.85521,-37.81376],[144.85531,-37.813],[144.85536,-37.81198],[144.857,-37.81217],[144.85701,-37.81208],[144.85742,-37.80989],[144.85271,-37.80936],[144.85248,-37.81065],[144.85201,-37.81092]]]},"properties":{"cat":"industrial","name":""}},{"type":"Feature","geometry":{"type":"Polygon","coordinates":[[[144.78223,-37.85101],[144.78199,-37.85241],[144.78345,-37.85257],[144.78368,-37.85117],[144.78223,-37.85101]]]},"properties":{"cat":"industrial","name":""}},{"type":"Feature","geometry":{"type":"Polygon","coordinates":[[[144.95522,-37.66087],[144.95721,-37.66109],[144.95722,-37.66108],[144.95735,-37.66032],[144.95736,-37.66026],[144.95737,-37.66022],[144.95739,-37.66011],[144.95741,-37.66],[144.95743,-37.65989],[144.95745,-37.65978],[144.95747,-37.65967],[144.95748,-37.65956],[144.95419,-37.6592],[144.95435,-37.66016],[144.95442,-37.66059],[144.95517,-37.66051],[144.95522,-37.66087]]]},"properties":{"cat":"industrial","name":""}},{"type":"Feature","geometry":{"type":"Polygon","coordinates":[[[144.9483,-37.58337],[144.94723,-37.58326],[144.94699,-37.58324],[144.94685,-37.58323],[144.94672,-37.58323],[144.94659,-37.58324],[144.94644,-37.58325],[144.94568,-37.58335],[144.94559,-37.58332],[144.94565,-37.58363],[144.94572,-37.58356],[144.94642,-37.58346],[144.94657,-37.58345],[144.94672,-37.58344],[144.94685,-37.58344],[144.947,-37.58344],[144.94884,-37.58363],[144.94986,-37.58376],[144.94996,-37.58324],[144.95033,-37.58329],[144.95056,-37.58211],[144.95029,-37.58208],[144.95034,-37.58179],[144.95064,-37.58182],[144.95077,-37.58115],[144.94878,-37.5809],[144.9483,-37.58337]]]},"properties":{"cat":"industrial","name":""}},{"type":"Feature","geometry":{"type":"Polygon","coordinates":[[[144.87585,-37.80367],[144.87591,-37.80335],[144.87595,-37.80316],[144.87605,-37.80259],[144.87612,-37.80222],[144.87626,-37.8015],[144.87631,-37.80123],[144.87723,-37.80134],[144.87939,-37.80159],[144.87915,-37.80284],[144.87893,-37.80403],[144.87835,-37.80397],[144.87585,-37.80367]]]},"properties":{"cat":"industrial","name":""}},{"type":"Feature","geometry":{"type":"Polygon","coordinates":[[[144.86125,-37.80819],[144.86555,-37.80866],[144.8656,-37.80867],[144.86572,-37.80868],[144.86576,-37.80869],[144.86541,-37.81066],[144.8609,-37.81016],[144.86125,-37.80819]]]},"properties":{"cat":"industrial","name":""}},{"type":"Feature","geometry":{"type":"Polygon","coordinates":[[[145.66671,-37.7745],[145.66788,-37.77392],[145.66828,-37.77471],[145.66725,-37.77534],[145.66671,-37.7745]]]},"properties":{"cat":"cemetery","name":"Old Warburton Cemetery"}},{"type":"Feature","geometry":{"type":"Polygon","coordinates":[[[145.23664,-38.09357],[145.23686,-38.09249],[145.24618,-38.09353],[145.24616,-38.0936],[145.24616,-38.09365],[145.24593,-38.0947],[145.23664,-38.09357]]]},"properties":{"cat":"industrial","name":""}},{"type":"Feature","geometry":{"type":"Polygon","coordinates":[[[144.69693,-37.68949],[144.69661,-37.69155],[144.69811,-37.69173],[144.6989,-37.69182],[144.70005,-37.69196],[144.70228,-37.69222],[144.70246,-37.69224],[144.70256,-37.69166],[144.70279,-37.69021],[144.70258,-37.6902],[144.701,-37.68997],[144.69909,-37.68975],[144.69897,-37.68973],[144.6983,-37.68965],[144.69693,-37.68949]]]},"properties":{"cat":"industrial","name":""}},{"type":"Feature","geometry":{"type":"Polygon","coordinates":[[[144.8513,-37.71997],[144.85137,-37.71995],[144.85138,-37.71988],[144.85136,-37.71984],[144.85138,-37.71973],[144.85139,-37.71973],[144.8514,-37.71963],[144.85141,-37.71955],[144.85142,-37.71947],[144.85143,-37.7194],[144.85143,-37.71932],[144.85144,-37.71924],[144.85145,-37.71916],[144.85145,-37.71908],[144.85146,-37.71899],[144.85147,-37.71891],[144.85148,-37.71882],[144.85149,-37.71873],[144.85149,-37.71864],[144.8515,-37.71854],[144.85151,-37.71851],[144.85151,-37.71843],[144.85152,-37.71833],[144.85155,-37.71817],[144.85132,-37.71815],[144.85123,-37.71814],[144.85113,-37.71813],[144.85104,-37.71812],[144.85095,-37.71811],[144.85086,-37.7181],[144.85077,-37.71809],[144.85068,-37.71808],[144.85058,-37.71807],[144.85049,-37.71806],[144.8504,-37.71805],[144.85031,-37.71804],[144.85022,-37.71803],[144.85013,-37.71802],[144.85003,-37.71801],[144.84994,-37.718],[144.84985,-37.71799],[144.84976,-37.71798],[144.84967,-37.71797],[144.84958,-37.71796],[144.84936,-37.71794],[144.84934,-37.71809],[144.84933,-37.71812],[144.84931,-37.71823],[144.84931,-37.71826],[144.84929,-37.71834],[144.84928,-37.71839],[144.84949,-37.71841],[144.84959,-37.71842],[144.84969,-37.71843],[144.84979,-37.71845],[144.8499,-37.71846],[144.85,-37.71847],[144.8501,-37.71848],[144.8502,-37.71849],[144.8503,-37.7185],[144.8504,-37.71851],[144.8504,-37.71852],[144.85039,-37.71859],[144.85038,-37.71866],[144.85037,-37.71873],[144.85035,-37.7188],[144.85034,-37.71887],[144.85033,-37.71894],[144.85032,-37.71901],[144.85031,-37.71908],[144.85029,-37.71915],[144.85028,-37.71922],[144.85027,-37.71929],[144.85026,-37.71936],[144.85024,-37.71943],[144.85023,-37.7195],[144.85022,-37.71957],[144.85018,-37.71977],[144.85017,-37.71984],[144.8513,-37.71997]]]},"properties":{"cat":"industrial","name":"Aerocorp Business Park"}},{"type":"Feature","geometry":{"type":"Polygon","coordinates":[[[144.73133,-37.86274],[144.73118,-37.86256],[144.73083,-37.86275],[144.73098,-37.86294],[144.73133,-37.86274]]]},"properties":{"cat":"industrial","name":""}},{"type":"Feature","geometry":{"type":"Polygon","coordinates":[[[144.8229,-37.82427],[144.82238,-37.82372],[144.82281,-37.82346],[144.82258,-37.82322],[144.82165,-37.82377],[144.82111,-37.8232],[144.82078,-37.82334],[144.81558,-37.82472],[144.81475,-37.82495],[144.81443,-37.82502],[144.81402,-37.82481],[144.81391,-37.82483],[144.81384,-37.82483],[144.81378,-37.82481],[144.8137,-37.82477],[144.81364,-37.82475],[144.81355,-37.82473],[144.81346,-37.82474],[144.81334,-37.82478],[144.81463,-37.82551],[144.81501,-37.82569],[144.81545,-37.82585],[144.81593,-37.82596],[144.81647,-37.82604],[144.81691,-37.82607],[144.81759,-37.82606],[144.81849,-37.82594],[144.81916,-37.82584],[144.81964,-37.82556],[144.82027,-37.82528],[144.821,-37.82508],[144.822,-37.82484],[144.82257,-37.82465],[144.82304,-37.82442],[144.8229,-37.82427]]]},"properties":{"cat":"industrial","name":""}},{"type":"Feature","geometry":{"type":"Polygon","coordinates":[[[144.58449,-37.6882],[144.58444,-37.68847],[144.58425,-37.68946],[144.58333,-37.68935],[144.58351,-37.68836],[144.58356,-37.68809],[144.58449,-37.6882]]]},"properties":{"cat":"industrial","name":""}},{"type":"Feature","geometry":{"type":"Polygon","coordinates":[[[145.46489,-38.05786],[145.46524,-38.0579],[145.46506,-38.05877],[145.46471,-38.05872],[145.46329,-38.05853],[145.46254,-38.05843],[145.46097,-38.05822],[145.46093,-38.05816],[145.461,-38.05784],[145.46109,-38.05735],[145.46489,-38.05786]]]},"properties":{"cat":"industrial","name":""}},{"type":"Feature","geometry":{"type":"Polygon","coordinates":[[[144.93262,-37.52878],[144.93137,-37.52954],[144.93049,-37.53529],[144.92952,-37.53518],[144.92935,-37.53506],[144.92938,-37.5349],[144.92908,-37.53487],[144.92905,-37.53502],[144.92881,-37.53515],[144.92778,-37.53508],[144.92764,-37.53507],[144.92754,-37.53505],[144.92743,-37.53504],[144.92733,-37.53503],[144.92722,-37.535],[144.92707,-37.53497],[144.92542,-37.53479],[144.92538,-37.53478],[144.92534,-37.53479],[144.9253,-37.53479],[144.92526,-37.5348],[144.92521,-37.53481],[144.92516,-37.53483],[144.92511,-37.53486],[144.92506,-37.53489],[144.92502,-37.53492],[144.92499,-37.53496],[144.92497,-37.53498],[144.92495,-37.53502],[144.92494,-37.53506],[144.92493,-37.5351],[144.92491,-37.53522],[144.92466,-37.53647],[144.92448,-37.53749],[144.92428,-37.53761],[144.92402,-37.53765],[144.92401,-37.53773],[144.92691,-37.53803],[144.9299,-37.53836],[144.93324,-37.53871],[144.93557,-37.53896],[144.93595,-37.53897],[144.93603,-37.53898],[144.93671,-37.53905],[144.9394,-37.53934],[144.93993,-37.53942],[144.94105,-37.53884],[144.94291,-37.5386],[144.9441,-37.53792],[144.94418,-37.53788],[144.94493,-37.53664],[144.94528,-37.53614],[144.94593,-37.53263],[144.94599,-37.5322],[144.94604,-37.53182],[144.94572,-37.53178],[144.9461,-37.52941],[144.94594,-37.5294],[144.93959,-37.52872],[144.93959,-37.52862],[144.93959,-37.52851],[144.93959,-37.52839],[144.9396,-37.52829],[144.93944,-37.52828],[144.93929,-37.52828],[144.93929,-37.52832],[144.93917,-37.5284],[144.93598,-37.52804],[144.93596,-37.52816],[144.93581,-37.52913],[144.93262,-37.52878]]]},"properties":{"cat":"industrial","name":""}},{"type":"Feature","geometry":{"type":"Polygon","coordinates":[[[144.70249,-37.62636],[144.70232,-37.62748],[144.70217,-37.62846],[144.69652,-37.62799],[144.69626,-37.62787],[144.69619,-37.62779],[144.69614,-37.62775],[144.6961,-37.62764],[144.69623,-37.62665],[144.69625,-37.62653],[144.69628,-37.62643],[144.69633,-37.62636],[144.69638,-37.62629],[144.69644,-37.62629],[144.69668,-37.62626],[144.69692,-37.62624],[144.69714,-37.62623],[144.69738,-37.62622],[144.69758,-37.62622],[144.69784,-37.62621],[144.6981,-37.62621],[144.69833,-37.62622],[144.69855,-37.62623],[144.69888,-37.62624],[144.69915,-37.62627],[144.69996,-37.62633],[144.7009,-37.62641],[144.70109,-37.62642],[144.70118,-37.62642],[144.70141,-37.62643],[144.70167,-37.62643],[144.7018,-37.62642],[144.70194,-37.62641],[144.70207,-37.6264],[144.7022,-37.62639],[144.70235,-37.62638],[144.70249,-37.62636]]]},"properties":{"cat":"industrial","name":""}},{"type":"Feature","geometry":{"type":"Polygon","coordinates":[[[145.06248,-37.75622],[145.06258,-37.7563],[145.06246,-37.7564],[145.06237,-37.75632],[145.06248,-37.75622]]]},"properties":{"cat":"industrial","name":""}},{"type":"Feature","geometry":{"type":"Polygon","coordinates":[[[145.10835,-37.86688],[145.10837,-37.86674],[145.10742,-37.86663],[145.10731,-37.86725],[145.10826,-37.86734],[145.10835,-37.86688]]]},"properties":{"cat":"industrial","name":""}},{"type":"Feature","geometry":{"type":"Polygon","coordinates":[[[144.73531,-37.79466],[144.73515,-37.7958],[144.73821,-37.79609],[144.74186,-37.79616],[144.74406,-37.79596],[144.74447,-37.7959],[144.74506,-37.79577],[144.74517,-37.79556],[144.74514,-37.79549],[144.73531,-37.79466]]]},"properties":{"cat":"industrial","name":""}},{"type":"Feature","geometry":{"type":"Polygon","coordinates":[[[144.69838,-37.77673],[144.69821,-37.77791],[144.69923,-37.778],[144.6993,-37.77752],[144.69925,-37.77704],[144.69889,-37.77677],[144.69838,-37.77673]]]},"properties":{"cat":"industrial","name":""}},{"type":"Feature","geometry":{"type":"Polygon","coordinates":[[[144.72119,-37.63202],[144.72107,-37.63165],[144.72094,-37.63117],[144.72072,-37.63041],[144.72299,-37.63063],[144.72369,-37.63157],[144.7234,-37.63169],[144.72326,-37.63152],[144.72261,-37.63184],[144.72276,-37.63209],[144.72201,-37.63227],[144.72181,-37.63192],[144.72119,-37.63202]]]},"properties":{"cat":"industrial","name":""}},{"type":"Feature","geometry":{"type":"Polygon","coordinates":[[[144.51375,-38.04272],[144.50659,-38.04189],[144.50601,-38.04171],[144.50526,-38.04123],[144.50434,-38.04112],[144.50421,-38.04138],[144.50463,-38.04356],[144.50452,-38.04388],[144.5043,-38.04425],[144.50341,-38.04489],[144.50316,-38.04514],[144.5031,-38.04534],[144.50318,-38.04556],[144.50384,-38.04621],[144.50403,-38.04658],[144.50402,-38.04688],[144.50387,-38.0471],[144.50198,-38.0489],[144.50187,-38.04911],[144.50194,-38.04952],[144.50408,-38.0498],[144.50623,-38.04772],[144.50835,-38.04911],[144.51278,-38.04328],[144.51329,-38.04306],[144.51369,-38.04289],[144.51375,-38.04272]]]},"properties":{"cat":"wastewater","name":"T-Section Lagoon"}},{"type":"Feature","geometry":{"type":"Polygon","coordinates":[[[144.53296,-38.03886],[144.53257,-38.04116],[144.53144,-38.04165],[144.52843,-38.04199],[144.52647,-38.04212],[144.52318,-38.04177],[144.5227,-38.04171],[144.52144,-38.04182],[144.51929,-38.04167],[144.5184,-38.04169],[144.51771,-38.04182],[144.51662,-38.0422],[144.51637,-38.0423],[144.51623,-38.04239],[144.51608,-38.04259],[144.51729,-38.04462],[144.51994,-38.04402],[144.523,-38.04381],[144.52866,-38.0432],[144.53019,-38.04292],[144.5322,-38.04255],[144.53246,-38.04249],[144.53337,-38.0421],[144.53737,-38.03996],[144.53803,-38.03957],[144.53954,-38.03912],[144.54104,-38.03925],[144.54226,-38.03899],[144.54241,-38.03779],[144.5398,-38.03752],[144.53663,-38.03818],[144.53344,-38.03888],[144.53296,-38.03886]]]},"properties":{"cat":"wastewater","name":"Western Lagoon"}},{"type":"Feature","geometry":{"type":"Polygon","coordinates":[[[144.6665,-37.9804],[144.66646,-37.9805],[144.6664,-37.98049],[144.6662,-37.98053],[144.66512,-37.98119],[144.6641,-37.98015],[144.66389,-37.98019],[144.65529,-37.98562],[144.65531,-37.98575],[144.655,-37.98756],[144.65467,-37.98955],[144.65439,-37.9912],[144.65415,-37.99262],[144.65409,-37.9928],[144.65391,-37.9929],[144.65385,-37.99296],[144.65376,-37.99305],[144.6532,-37.99605],[144.65284,-37.99794],[144.65278,-37.99809],[144.65033,-37.99948],[144.65026,-37.99951],[144.65009,-37.99954],[144.64996,-37.99954],[144.64602,-37.99911],[144.64364,-37.99886],[144.6434,-37.99887],[144.64314,-38.00043],[144.64301,-38.00119],[144.64301,-38.00141],[144.64318,-38.00138],[144.64421,-38.00128],[144.64465,-38.00131],[144.64573,-38.00138],[144.6461,-38.00135],[144.64909,-38.00113],[144.6493,-38.00109],[144.65232,-37.99997],[144.65258,-37.99984],[144.65376,-37.99885],[144.65379,-37.99879],[144.65791,-37.99535],[144.65856,-37.99485],[144.66413,-37.99093],[144.66691,-37.98899],[144.66759,-37.98846],[144.66902,-37.98734],[144.66983,-37.98687],[144.67151,-37.98582],[144.67214,-37.9855],[144.67338,-37.98458],[144.67351,-37.98445],[144.67362,-37.98447],[144.67412,-37.98154],[144.6739,-37.98127],[144.6665,-37.9804]]]},"properties":{"cat":"wastewater","name":"115E Lagoon"}},{"type":"Feature","geometry":{"type":"Polygon","coordinates":[[[144.63836,-37.97738],[144.63799,-37.97931],[144.63801,-37.97944],[144.63802,-37.97988],[144.63802,-37.98018],[144.63535,-37.99566],[144.64376,-37.99662],[144.64474,-37.99693],[144.65082,-37.9976],[144.65103,-37.99759],[144.65113,-37.99746],[144.652,-37.99253],[144.65219,-37.99243],[144.65233,-37.99235],[144.65245,-37.99233],[144.65301,-37.99237],[144.65314,-37.99238],[144.65542,-37.97928],[144.63836,-37.97738]]]},"properties":{"cat":"wastewater","name":"55E Lagoon"}},{"type":"Feature","geometry":{"type":"Polygon","coordinates":[[[144.61781,-37.98893],[144.61752,-37.98899],[144.61747,-37.98904],[144.61645,-37.99474],[144.61653,-37.99488],[144.6166,-37.99491],[144.63358,-37.99676],[144.63376,-37.99672],[144.63384,-37.99659],[144.63553,-37.9865],[144.63388,-37.98628],[144.63439,-37.98327],[144.63614,-37.98346],[144.63641,-37.9819],[144.63665,-37.9805],[144.63665,-37.98043],[144.63661,-37.98041],[144.63652,-37.98039],[144.63151,-37.97981],[144.63141,-37.97979],[144.63112,-37.97965],[144.62998,-37.97898],[144.62987,-37.97894],[144.62971,-37.97892],[144.61992,-37.97784],[144.61982,-37.97785],[144.61789,-37.98882],[144.61785,-37.9889],[144.61781,-37.98893]]]},"properties":{"cat":"wastewater","name":"25W Lagoon"}},{"type":"Feature","geometry":{"type":"Polygon","coordinates":[[[144.61157,-37.99506],[144.61051,-38.00092],[144.61409,-38.00076],[144.61733,-38.00031],[144.62074,-37.99967],[144.62366,-37.99971],[144.62386,-37.99967],[144.62401,-37.99959],[144.62412,-37.99954],[144.62428,-37.99952],[144.62722,-37.99983],[144.63098,-38.00023],[144.63362,-38.00051],[144.63388,-37.99902],[144.63126,-37.99873],[144.6275,-37.99831],[144.6247,-37.99802],[144.6245,-37.99802],[144.62434,-37.99801],[144.62459,-37.99665],[144.62457,-37.99656],[144.6245,-37.99649],[144.62427,-37.99644],[144.62139,-37.99612],[144.61814,-37.99577],[144.615,-37.99544],[144.61157,-37.99506]]]},"properties":{"cat":"wastewater","name":"85W B Lagoon"}},{"type":"Feature","geometry":{"type":"Polygon","coordinates":[[[144.60346,-37.99392],[144.60301,-37.99642],[144.60254,-37.99907],[144.60203,-38.0019],[144.60206,-38.00212],[144.60225,-38.00217],[144.60247,-38.00219],[144.60258,-38.00217],[144.60456,-38.00176],[144.6082,-38.00118],[144.6099,-38.00118],[144.61007,-38.00114],[144.61019,-38.00103],[144.61054,-37.99908],[144.61085,-37.99736],[144.61084,-37.99726],[144.61079,-37.99718],[144.61064,-37.99702],[144.61055,-37.9969],[144.61055,-37.99673],[144.61091,-37.99475],[144.60346,-37.99392]]]},"properties":{"cat":"wastewater","name":"85W A Lagoon"}},{"type":"Feature","geometry":{"type":"Polygon","coordinates":[[[144.61331,-37.98362],[144.60891,-37.98311],[144.60858,-37.9848],[144.60839,-37.98602],[144.60833,-37.98613],[144.60448,-37.98573],[144.60376,-37.98956],[144.60363,-37.99029],[144.60361,-37.99057],[144.60381,-37.99147],[144.60388,-37.99168],[144.60349,-37.99381],[144.61098,-37.99463],[144.61099,-37.99459],[144.6125,-37.98617],[144.61257,-37.98612],[144.61275,-37.98612],[144.61288,-37.9861],[144.61292,-37.98599],[144.61316,-37.98445],[144.61325,-37.98405],[144.61331,-37.98362]]]},"properties":{"cat":"wastewater","name":"85W C Lagoon"}},{"type":"Feature","geometry":{"type":"Polygon","coordinates":[[[144.59505,-37.98509],[144.59503,-37.98522],[144.59213,-38.00226],[144.59211,-38.0025],[144.59216,-38.00271],[144.59228,-38.00285],[144.59246,-38.00298],[144.59272,-38.00307],[144.5946,-38.00318],[144.5949,-38.00317],[144.59546,-38.00308],[144.59879,-38.0024],[144.59982,-38.00209],[144.60047,-38.0019],[144.60082,-38.00172],[144.60094,-38.00155],[144.601,-38.00136],[144.60117,-38.0004],[144.60236,-37.9938],[144.60368,-37.98615],[144.59975,-37.98568],[144.59926,-37.98555],[144.59505,-37.98509]]]},"properties":{"cat":"wastewater","name":"145W B Lagoon"}},{"type":"Feature","geometry":{"type":"Polygon","coordinates":[[[144.58721,-37.98421],[144.58702,-37.98433],[144.58599,-37.99004],[144.58548,-37.98998],[144.58531,-37.99005],[144.58334,-38.00123],[144.58399,-38.00165],[144.5886,-38.0033],[144.58943,-38.00359],[144.58983,-38.00371],[144.59077,-38.00388],[144.59106,-38.00392],[144.59133,-38.00389],[144.59156,-38.0022],[144.59176,-38.00213],[144.59194,-38.00087],[144.59196,-38.00013],[144.59386,-37.98905],[144.59385,-37.98884],[144.59378,-37.98865],[144.59364,-37.98847],[144.59426,-37.98497],[144.58721,-37.98421]]]},"properties":{"cat":"wastewater","name":"145W A Lagoon"}},{"type":"Feature","geometry":{"type":"Polygon","coordinates":[[[144.57479,-37.98882],[144.57414,-37.99246],[144.57278,-37.99233],[144.57269,-37.99243],[144.57287,-37.99309],[144.57374,-37.99397],[144.57395,-37.99535],[144.57393,-37.9958],[144.57363,-37.99621],[144.57295,-37.99659],[144.57262,-37.99702],[144.57282,-37.99751],[144.57396,-37.99867],[144.57633,-38.00021],[144.57712,-38.00068],[144.57739,-38.00076],[144.57874,-38.00095],[144.57919,-38.00104],[144.58049,-38.00169],[144.58074,-38.00176],[144.58107,-38.00174],[144.58316,-38.00122],[144.58334,-38.00123],[144.58381,-37.99856],[144.58531,-37.99005],[144.58521,-37.98996],[144.57479,-37.98882]]]},"properties":{"cat":"wastewater","name":"Walsh Lagoon"}},{"type":"Feature","geometry":{"type":"Polygon","coordinates":[[[145.74988,-38.20753],[145.74999,-38.20701],[145.75057,-38.20734],[145.75054,-38.20762],[145.74988,-38.20753]]]},"properties":{"cat":"cemetery","name":"Ripplebrook Cemetery"}},{"type":"Feature","geometry":{"type":"Polygon","coordinates":[[[145.14272,-37.66608],[145.14292,-37.66612],[145.14308,-37.66616],[145.14318,-37.66617],[145.14324,-37.66617],[145.14328,-37.66615],[145.14331,-37.66612],[145.14334,-37.66602],[145.14343,-37.66569],[145.14345,-37.6656],[145.14345,-37.66552],[145.14343,-37.66545],[145.14339,-37.6654],[145.14331,-37.66536],[145.14325,-37.66535],[145.14318,-37.66534],[145.14312,-37.66536],[145.14307,-37.66539],[145.14304,-37.66543],[145.14302,-37.66549],[145.143,-37.66556],[145.14297,-37.66562],[145.14292,-37.66566],[145.14282,-37.66576],[145.1427,-37.66586],[145.14261,-37.66592],[145.14257,-37.66595],[145.14256,-37.66597],[145.14255,-37.666],[145.14256,-37.66602],[145.14258,-37.66604],[145.14264,-37.66606],[145.14272,-37.66608]]]},"properties":{"cat":"industrial","name":""}},{"type":"Feature","geometry":{"type":"Polygon","coordinates":[[[144.94025,-37.63118],[144.94318,-37.63146],[144.94375,-37.63152],[144.94899,-37.63204],[144.95078,-37.643],[144.95061,-37.64306],[144.93672,-37.64131],[144.93722,-37.6388],[144.93756,-37.6371],[144.93773,-37.6363],[144.93742,-37.63626],[144.93728,-37.63613],[144.93973,-37.63481],[144.93919,-37.63417],[144.93974,-37.63142],[144.94025,-37.63118]]]},"properties":{"cat":"industrial","name":"Melbourne Intermodal & Industrial Exchange"}},{"type":"Feature","geometry":{"type":"Polygon","coordinates":[[[145.27018,-37.84354],[145.27024,-37.84317],[145.27026,-37.84306],[145.27028,-37.84301],[145.26977,-37.84248],[145.26813,-37.84077],[145.26799,-37.84064],[145.26779,-37.84074],[145.26767,-37.84065],[145.26743,-37.84043],[145.26737,-37.84035],[145.26707,-37.8405],[145.26711,-37.84056],[145.26724,-37.84051],[145.26731,-37.8405],[145.26762,-37.84069],[145.26773,-37.84077],[145.26785,-37.84093],[145.26799,-37.84109],[145.26809,-37.84122],[145.26827,-37.84138],[145.26845,-37.84154],[145.2688,-37.84173],[145.26912,-37.84192],[145.26936,-37.8421],[145.26962,-37.84239],[145.26998,-37.84276],[145.26996,-37.84281],[145.27015,-37.84302],[145.26999,-37.84314],[145.27007,-37.84329],[145.27018,-37.84354]]]},"properties":{"cat":"industrial","name":""}},{"type":"Feature","geometry":{"type":"Polygon","coordinates":[[[145.26775,-37.84115],[145.26807,-37.84137],[145.26824,-37.84154],[145.26848,-37.84179],[145.26867,-37.84206],[145.26896,-37.84235],[145.2689,-37.84239],[145.26888,-37.8424],[145.26805,-37.84153],[145.26775,-37.84115]]]},"properties":{"cat":"industrial","name":""}},{"type":"Feature","geometry":{"type":"Polygon","coordinates":[[[145.2689,-37.84239],[145.26954,-37.84305],[145.2696,-37.84301],[145.26975,-37.84316],[145.26997,-37.84343],[145.27003,-37.84352],[145.27005,-37.84355],[145.27005,-37.84357],[145.26979,-37.84332],[145.26952,-37.84307],[145.2689,-37.84239]]]},"properties":{"cat":"industrial","name":""}},{"type":"Feature","geometry":{"type":"Polygon","coordinates":[[[144.9085,-37.7867],[144.90843,-37.78666],[144.90861,-37.7865],[144.90883,-37.78625],[144.9089,-37.78616],[144.90897,-37.78619],[144.9087,-37.78656],[144.9085,-37.7867]]]},"properties":{"cat":"industrial","name":""}},{"type":"Feature","geometry":{"type":"Polygon","coordinates":[[[145.37771,-38.21081],[145.37798,-38.21155],[145.3783,-38.21201],[145.37841,-38.21206],[145.37852,-38.21203],[145.37903,-38.21146],[145.37926,-38.21129],[145.37973,-38.21108],[145.3799,-38.21094],[145.37996,-38.21063],[145.37919,-38.21053],[145.37911,-38.21091],[145.37771,-38.21081]]]},"properties":{"cat":"industrial","name":""}},{"type":"Feature","geometry":{"type":"Polygon","coordinates":[[[144.69645,-37.78103],[144.69677,-37.77886],[144.6969,-37.77799],[144.6948,-37.77779],[144.69466,-37.77866],[144.69418,-37.77862],[144.69415,-37.77875],[144.69411,-37.7789],[144.69405,-37.7791],[144.69401,-37.77923],[144.69396,-37.77939],[144.69392,-37.77948],[144.69387,-37.77962],[144.69382,-37.77975],[144.69377,-37.77985],[144.69373,-37.77994],[144.69369,-37.78004],[144.69356,-37.78031],[144.69331,-37.78079],[144.69645,-37.78103]]]},"properties":{"cat":"industrial","name":""}},{"type":"Feature","geometry":{"type":"Polygon","coordinates":[[[145.13803,-37.87402],[145.13788,-37.87484],[145.13831,-37.87489],[145.13846,-37.87406],[145.13803,-37.87402]]]},"properties":{"cat":"industrial","name":""}},{"type":"Feature","geometry":{"type":"Polygon","coordinates":[[[144.71793,-37.87484],[144.71559,-37.87576],[144.7147,-37.87434],[144.71377,-37.87284],[144.71604,-37.87158],[144.71613,-37.87172],[144.71625,-37.87192],[144.71668,-37.87261],[144.71676,-37.87273],[144.71666,-37.87277],[144.71696,-37.87326],[144.71721,-37.87366],[144.71739,-37.87398],[144.71793,-37.87484]]]},"properties":{"cat":"industrial","name":""}},{"type":"Feature","geometry":{"type":"Polygon","coordinates":[[[144.71159,-37.87732],[144.71007,-37.87791],[144.70966,-37.87726],[144.70909,-37.87634],[144.7093,-37.87612],[144.7102,-37.87513],[144.71021,-37.87512],[144.71123,-37.87674],[144.71159,-37.87732]]]},"properties":{"cat":"industrial","name":""}},{"type":"Feature","geometry":{"type":"Polygon","coordinates":[[[144.93447,-37.79284],[144.93428,-37.79282],[144.93423,-37.79306],[144.93443,-37.79308],[144.93447,-37.79284]]]},"properties":{"cat":"industrial","name":"Local Way Tours"}},{"type":"Feature","geometry":{"type":"Polygon","coordinates":[[[144.56683,-37.70208],[144.56668,-37.70296],[144.56655,-37.703],[144.56641,-37.70305],[144.56615,-37.70316],[144.56603,-37.70321],[144.56593,-37.70326],[144.56573,-37.70337],[144.5656,-37.70344],[144.56548,-37.70352],[144.56536,-37.7036],[144.56524,-37.70368],[144.56519,-37.70367],[144.56467,-37.70392],[144.56488,-37.7028],[144.56582,-37.70291],[144.56592,-37.70237],[144.56498,-37.70226],[144.56504,-37.70192],[144.56512,-37.70188],[144.56683,-37.70208]]]},"properties":{"cat":"industrial","name":""}},{"type":"Feature","geometry":{"type":"Polygon","coordinates":[[[145.2556,-38.01062],[145.25653,-38.01075],[145.25644,-38.01116],[145.25571,-38.01106],[145.2556,-38.01105],[145.2555,-38.01103],[145.25559,-38.01062],[145.2556,-38.01062]]]},"properties":{"cat":"industrial","name":""}},{"type":"Feature","geometry":{"type":"Polygon","coordinates":[[[144.74397,-37.82981],[144.74372,-37.83166],[144.74383,-37.83176],[144.74452,-37.83182],[144.74535,-37.83189],[144.74547,-37.83097],[144.74561,-37.82994],[144.74397,-37.82981]]]},"properties":{"cat":"industrial","name":""}},{"type":"Feature","geometry":{"type":"Polygon","coordinates":[[[144.7475,-37.82226],[144.74733,-37.8234],[144.74868,-37.8235],[144.7488,-37.82263],[144.74884,-37.82236],[144.7475,-37.82226]]]},"properties":{"cat":"industrial","name":""}},{"type":"Feature","geometry":{"type":"Polygon","coordinates":[[[144.82557,-37.81113],[144.82788,-37.81138],[144.82709,-37.8122],[144.82707,-37.81215],[144.82706,-37.81211],[144.82703,-37.81205],[144.82698,-37.81199],[144.82695,-37.81195],[144.82691,-37.81192],[144.82686,-37.81188],[144.82681,-37.81185],[144.82675,-37.81182],[144.82669,-37.8118],[144.82663,-37.81178],[144.82656,-37.81176],[144.82646,-37.81175],[144.82549,-37.81165],[144.82557,-37.81113]]]},"properties":{"cat":"industrial","name":""}},{"type":"Feature","geometry":{"type":"Polygon","coordinates":[[[144.82592,-37.81625],[144.82524,-37.81671],[144.82227,-37.81647],[144.82251,-37.81605],[144.82265,-37.81598],[144.82592,-37.81625]]]},"properties":{"cat":"industrial","name":""}},{"type":"Feature","geometry":{"type":"Polygon","coordinates":[[[145.04264,-37.96019],[145.0426,-37.96039],[145.04259,-37.96044],[145.04253,-37.96045],[145.04248,-37.96045],[145.04026,-37.96021],[145.04009,-37.9602],[145.03954,-37.96013],[145.03969,-37.9594],[145.04026,-37.95932],[145.04042,-37.95935],[145.0404,-37.95945],[145.04099,-37.9595],[145.04097,-37.95971],[145.04102,-37.95971],[145.04105,-37.95976],[145.04111,-37.95977],[145.04146,-37.9598],[145.04142,-37.96006],[145.04264,-37.96019]]]},"properties":{"cat":"industrial","name":""}},{"type":"Feature","geometry":{"type":"Polygon","coordinates":[[[144.42915,-38.02674],[144.4292,-38.02725],[144.42975,-38.02807],[144.43095,-38.0288],[144.43213,-38.02902],[144.43257,-38.02895],[144.43314,-38.02886],[144.43352,-38.02869],[144.43567,-38.02769],[144.43802,-38.0266],[144.43664,-38.02483],[144.43429,-38.02636],[144.43422,-38.0264],[144.43419,-38.02642],[144.43408,-38.02649],[144.43402,-38.02653],[144.43388,-38.02662],[144.43328,-38.02701],[144.43288,-38.02726],[144.43262,-38.02743],[144.43215,-38.02704],[144.42919,-38.0267],[144.42915,-38.02674]]]},"properties":{"cat":"industrial","name":""}},{"type":"Feature","geometry":{"type":"Polygon","coordinates":[[[144.8644,-37.70155],[144.86438,-37.70321],[144.86601,-37.7034],[144.8655,-37.7062],[144.86576,-37.70562],[144.86588,-37.70495],[144.86726,-37.70508],[144.86714,-37.70574],[144.86739,-37.70576],[144.86753,-37.70461],[144.86736,-37.70265],[144.86717,-37.7013],[144.8644,-37.70155]]]},"properties":{"cat":"industrial","name":""}},{"type":"Feature","geometry":{"type":"Polygon","coordinates":[[[144.86362,-37.69932],[144.86373,-37.69957],[144.86394,-37.70099],[144.86165,-37.70125],[144.86136,-37.69964],[144.86362,-37.69932]]]},"properties":{"cat":"industrial","name":""}},{"type":"Feature","geometry":{"type":"Polygon","coordinates":[[[144.43978,-37.68584],[144.43993,-37.68493],[144.44284,-37.68524],[144.44289,-37.6853],[144.44272,-37.68614],[144.44256,-37.68612],[144.44246,-37.68611],[144.44199,-37.68607],[144.43978,-37.68584]]]},"properties":{"cat":"industrial","name":""}},{"type":"Feature","geometry":{"type":"Polygon","coordinates":[[[145.3722,-38.04972],[145.3726,-38.05003],[145.37221,-38.05032],[145.37188,-38.05005],[145.37205,-38.04992],[145.37201,-38.04988],[145.3722,-38.04972]]]},"properties":{"cat":"industrial","name":"A1 Garden & Building supplies"}},{"type":"Feature","geometry":{"type":"Polygon","coordinates":[[[144.7706,-37.84673],[144.77038,-37.84744],[144.76871,-37.84898],[144.76867,-37.849],[144.76791,-37.84749],[144.76774,-37.84722],[144.76766,-37.84715],[144.76757,-37.84711],[144.76539,-37.84625],[144.76519,-37.8461],[144.76512,-37.84598],[144.76513,-37.84585],[144.76517,-37.84569],[144.76795,-37.84622],[144.7706,-37.84673]]]},"properties":{"cat":"industrial","name":""}},{"type":"Feature","geometry":{"type":"Polygon","coordinates":[[[144.86372,-37.82163],[144.86395,-37.82039],[144.86274,-37.82025],[144.86301,-37.81891],[144.86257,-37.81884],[144.8627,-37.8182],[144.86268,-37.81816],[144.85919,-37.81775],[144.86008,-37.81862],[144.86097,-37.81947],[144.86191,-37.82028],[144.86247,-37.82072],[144.86372,-37.82163]]]},"properties":{"cat":"industrial","name":""}},{"type":"Feature","geometry":{"type":"Polygon","coordinates":[[[144.85751,-37.67803],[144.85754,-37.67803],[144.85753,-37.67828],[144.85767,-37.67842],[144.85813,-37.67846],[144.85832,-37.67845],[144.85858,-37.67836],[144.85878,-37.67824],[144.85887,-37.67813],[144.85839,-37.67766],[144.8581,-37.67784],[144.85775,-37.67781],[144.85771,-37.6778],[144.8577,-37.6779],[144.85759,-37.67789],[144.85756,-37.67789],[144.85753,-37.67788],[144.85751,-37.67803]]]},"properties":{"cat":"industrial","name":"Skybus Depot"}},{"type":"Feature","geometry":{"type":"Polygon","coordinates":[[[144.84797,-37.71778],[144.84936,-37.71794],[144.84934,-37.71809],[144.84933,-37.71812],[144.84931,-37.71823],[144.84931,-37.71826],[144.84929,-37.71834],[144.84928,-37.71839],[144.84907,-37.7196],[144.84906,-37.71972],[144.84781,-37.71958],[144.84783,-37.71955],[144.8479,-37.71888],[144.84794,-37.71842],[144.84795,-37.71808],[144.84796,-37.718],[144.84797,-37.71791],[144.84797,-37.71778]]]},"properties":{"cat":"industrial","name":""}},{"type":"Feature","geometry":{"type":"Polygon","coordinates":[[[144.61518,-37.70037],[144.61622,-37.70079],[144.61626,-37.70073],[144.61638,-37.70078],[144.61648,-37.70082],[144.61645,-37.70088],[144.61707,-37.70112],[144.61692,-37.70136],[144.61801,-37.7018],[144.61806,-37.70171],[144.61821,-37.70177],[144.61833,-37.70182],[144.61855,-37.70145],[144.61862,-37.70144],[144.61929,-37.70192],[144.61845,-37.70325],[144.62048,-37.70408],[144.62055,-37.7041],[144.6206,-37.70411],[144.62065,-37.70411],[144.62062,-37.70429],[144.62043,-37.70557],[144.61918,-37.70542],[144.61702,-37.70518],[144.61565,-37.70503],[144.61589,-37.70371],[144.61628,-37.70375],[144.6163,-37.70367],[144.61648,-37.70264],[144.61492,-37.70202],[144.61493,-37.70195],[144.61518,-37.70037]]]},"properties":{"cat":"industrial","name":""}},{"type":"Feature","geometry":{"type":"Polygon","coordinates":[[[144.81113,-37.77274],[144.80963,-37.77256],[144.80968,-37.77229],[144.80969,-37.77223],[144.80981,-37.7716],[144.80982,-37.77158],[144.80982,-37.77156],[144.80986,-37.77134],[144.80987,-37.77131],[144.80987,-37.77129],[144.81137,-37.77147],[144.81135,-37.77162],[144.81134,-37.77167],[144.81132,-37.77173],[144.81128,-37.77196],[144.81127,-37.77201],[144.81126,-37.77208],[144.81125,-37.77212],[144.81113,-37.77274]]]},"properties":{"cat":"industrial","name":"CDC Victoria West Albion Depot"}},{"type":"Feature","geometry":{"type":"Polygon","coordinates":[[[145.08189,-37.92183],[145.08187,-37.92188],[145.08198,-37.92189],[145.08199,-37.92184],[145.08189,-37.92183]]]},"properties":{"cat":"industrial","name":""}},{"type":"Feature","geometry":{"type":"Polygon","coordinates":[[[144.99101,-37.80598],[144.99103,-37.80581],[144.99105,-37.80569],[144.99106,-37.80562],[144.99107,-37.80557],[144.99112,-37.80527],[144.99113,-37.80523],[144.99077,-37.8052],[144.99069,-37.80519],[144.99063,-37.80556],[144.99063,-37.80559],[144.99062,-37.80565],[144.9906,-37.80577],[144.99059,-37.80584],[144.99057,-37.80594],[144.99101,-37.80598]]]},"properties":{"cat":"industrial","name":""}},{"type":"Feature","geometry":{"type":"Polygon","coordinates":[[[144.57094,-37.70096],[144.57095,-37.70091],[144.57099,-37.70092],[144.571,-37.70091],[144.57102,-37.70092],[144.57103,-37.70094],[144.57105,-37.70094],[144.57109,-37.70094],[144.5711,-37.70094],[144.57112,-37.70095],[144.57114,-37.70093],[144.57115,-37.70094],[144.57115,-37.70093],[144.57117,-37.70091],[144.57119,-37.70093],[144.5712,-37.70092],[144.57122,-37.70093],[144.57123,-37.70091],[144.57122,-37.70091],[144.57122,-37.70089],[144.57122,-37.70089],[144.57122,-37.70088],[144.57119,-37.70087],[144.57118,-37.70089],[144.57113,-37.70088],[144.57113,-37.70085],[144.57104,-37.70084],[144.57105,-37.70079],[144.57113,-37.70081],[144.57113,-37.70082],[144.57128,-37.70084],[144.5713,-37.70084],[144.57127,-37.70101],[144.57094,-37.70097],[144.57094,-37.70096]]]},"properties":{"cat":"industrial","name":""}},{"type":"Feature","geometry":{"type":"Polygon","coordinates":[[[144.66851,-37.68362],[144.67908,-37.68483],[144.67991,-37.6807],[144.6756,-37.68009],[144.67013,-37.67935],[144.66891,-37.68262],[144.66851,-37.68362]]]},"properties":{"cat":"quarry","name":"Leakes Road Quarry"}},{"type":"Feature","geometry":{"type":"Polygon","coordinates":[[[144.66585,-37.67876],[144.66597,-37.67878],[144.67013,-37.67935],[144.6756,-37.68009],[144.67654,-37.67795],[144.67673,-37.67737],[144.67668,-37.6769],[144.67646,-37.67649],[144.67606,-37.67617],[144.67518,-37.67579],[144.67505,-37.67486],[144.66686,-37.67382],[144.66585,-37.67876]]]},"properties":{"cat":"quarry","name":"Rockbank Quarry"}},{"type":"Feature","geometry":{"type":"Polygon","coordinates":[[[144.68117,-37.67448],[144.68777,-37.67496],[144.68755,-37.67658],[144.68742,-37.6775],[144.68071,-37.67673],[144.68094,-37.67561],[144.68117,-37.67448]]]},"properties":{"cat":"industrial","name":"Rock and Concrete Recycling Centre"}},{"type":"Feature","geometry":{"type":"Polygon","coordinates":[[[144.86764,-37.85547],[144.86775,-37.85488],[144.86747,-37.85465],[144.86734,-37.85534],[144.86735,-37.85544],[144.86764,-37.85547]]]},"properties":{"cat":"industrial","name":""}},{"type":"Feature","geometry":{"type":"Polygon","coordinates":[[[144.86945,-37.85553],[144.86957,-37.85546],[144.86966,-37.85501],[144.86956,-37.85491],[144.86809,-37.85476],[144.86797,-37.85544],[144.86809,-37.85539],[144.86945,-37.85553]]]},"properties":{"cat":"industrial","name":""}},{"type":"Feature","geometry":{"type":"Polygon","coordinates":[[[145.444,-38.08315],[145.44491,-38.08351],[145.44671,-38.08424],[145.44705,-38.08438],[145.45128,-38.08632],[145.45205,-38.08667],[145.45225,-38.08675],[145.45223,-38.08684],[145.45223,-38.08699],[145.45229,-38.08726],[145.45226,-38.08743],[145.45219,-38.08758],[145.4521,-38.0877],[145.45208,-38.08779],[145.45159,-38.08779],[145.45144,-38.08779],[145.44566,-38.0878],[145.44294,-38.0878],[145.44294,-38.08665],[145.44293,-38.08333],[145.44293,-38.08315],[145.444,-38.08315]]]},"properties":{"cat":"industrial","name":"ESR Enterprise Industry Park"}},{"type":"Feature","geometry":{"type":"Polygon","coordinates":[[[145.4332,-38.08352],[145.43334,-38.08316],[145.43355,-38.08316],[145.4369,-38.08316],[145.43897,-38.08316],[145.43982,-38.08315],[145.44293,-38.08315],[145.44293,-38.08333],[145.44294,-38.08645],[145.44294,-38.0878],[145.44142,-38.0878],[145.44114,-38.0878],[145.43902,-38.0878],[145.43617,-38.0878],[145.43523,-38.0878],[145.43457,-38.0878],[145.43457,-38.08744],[145.43457,-38.08696],[145.43268,-38.08697],[145.43245,-38.08697],[145.4332,-38.08352]]]},"properties":{"cat":"industrial","name":""}},{"type":"Feature","geometry":{"type":"Polygon","coordinates":[[[144.87846,-37.80409],[144.87835,-37.80467],[144.87764,-37.80459],[144.87767,-37.80443],[144.87743,-37.80441],[144.87739,-37.80438],[144.87746,-37.80398],[144.87846,-37.80409]]]},"properties":{"cat":"industrial","name":""}},{"type":"Feature","geometry":{"type":"Polygon","coordinates":[[[145.12028,-37.94811],[145.12061,-37.94668],[145.12121,-37.94365],[145.12175,-37.94372],[145.12541,-37.94422],[145.12486,-37.94729],[145.12429,-37.94777],[145.12414,-37.94846],[145.12028,-37.94811]]]},"properties":{"cat":"industrial","name":"Cleanaway Clayton South Resource Recovery Centre"}},{"type":"Feature","geometry":{"type":"Polygon","coordinates":[[[144.75959,-37.81503],[144.75914,-37.81846],[144.7576,-37.81833],[144.75764,-37.81814],[144.75776,-37.81794],[144.75808,-37.81766],[144.75858,-37.81698],[144.75862,-37.81653],[144.75861,-37.81626],[144.75879,-37.81548],[144.7586,-37.81495],[144.75959,-37.81503]]]},"properties":{"cat":"industrial","name":""}},{"type":"Feature","geometry":{"type":"Polygon","coordinates":[[[144.49573,-37.98818],[144.49805,-37.98838],[144.49779,-37.99024],[144.4954,-37.99003],[144.49549,-37.98996],[144.49573,-37.98818]]]},"properties":{"cat":"cemetery","name":"Rothwell Cemetery"}},{"type":"Feature","geometry":{"type":"Polygon","coordinates":[[[144.94831,-37.57166],[144.94791,-37.57169],[144.94797,-37.57204],[144.94804,-37.57244],[144.94773,-37.57422],[144.94702,-37.57482],[144.94696,-37.57487],[144.94461,-37.57685],[144.94445,-37.5769],[144.94437,-37.57689],[144.94436,-37.57699],[144.94434,-37.57709],[144.94436,-37.57709],[144.94446,-37.57719],[144.9443,-37.57826],[144.94429,-37.57826],[144.94427,-37.5783],[144.94423,-37.57834],[144.94419,-37.57838],[144.94412,-37.57842],[144.94408,-37.57847],[144.94404,-37.57853],[144.94402,-37.57861],[144.94402,-37.57868],[144.94403,-37.57874],[144.94407,-37.57881],[144.94412,-37.57886],[144.9442,-37.57892],[144.94417,-37.57912],[144.94499,-37.58308],[144.94537,-37.58305],[144.94461,-37.57938],[144.94462,-37.57921],[144.94463,-37.57908],[144.94464,-37.57901],[144.94468,-37.57894],[144.94472,-37.57888],[144.94476,-37.57884],[144.94481,-37.57877],[144.94483,-37.57869],[144.94484,-37.57863],[144.94483,-37.57857],[144.94479,-37.5785],[144.94476,-37.57846],[144.94472,-37.57841],[144.9447,-37.57836],[144.9447,-37.5783],[144.94483,-37.57754],[144.94487,-37.57738],[144.94494,-37.57722],[144.94501,-37.57709],[144.9451,-37.57695],[144.94517,-37.57686],[144.94526,-37.57676],[144.94627,-37.57589],[144.94648,-37.57576],[144.94662,-37.57569],[144.94679,-37.57562],[144.94727,-37.57543],[144.94743,-37.57537],[144.94755,-37.57534],[144.94783,-37.57531],[144.94795,-37.57534],[144.94814,-37.57538],[144.94828,-37.57541],[144.94843,-37.57548],[144.9484,-37.57563],[144.94853,-37.57564],[144.94865,-37.57565],[144.94868,-37.57556],[144.94873,-37.57548],[144.9488,-37.57546],[144.95016,-37.57561],[144.9502,-37.57538],[144.94849,-37.5752],[144.94839,-37.57518],[144.94827,-37.57516],[144.94814,-37.57512],[144.94804,-37.57509],[144.94791,-37.57503],[144.94776,-37.57477],[144.94791,-37.57458],[144.94806,-37.57438],[144.94819,-37.57418],[144.9483,-37.57398],[144.94839,-37.57376],[144.94847,-37.5735],[144.9485,-37.5733],[144.94853,-37.573],[144.9485,-37.57274],[144.94845,-37.57244],[144.94835,-37.57198],[144.94831,-37.57166]]]},"properties":{"cat":"industrial","name":""}},{"type":"Feature","geometry":{"type":"Polygon","coordinates":[[[144.67899,-37.80326],[144.67892,-37.8033],[144.67854,-37.80355],[144.67806,-37.80659],[144.67786,-37.80707],[144.68399,-37.80774],[144.68418,-37.80776],[144.68589,-37.80795],[144.6859,-37.80787],[144.68396,-37.80766],[144.68401,-37.80733],[144.68399,-37.80734],[144.68385,-37.80739],[144.68371,-37.80742],[144.68348,-37.80739],[144.68355,-37.80704],[144.68406,-37.80709],[144.68457,-37.8041],[144.68416,-37.80404],[144.68373,-37.80399],[144.68232,-37.80374],[144.68147,-37.80358],[144.68033,-37.8034],[144.67904,-37.80326],[144.67899,-37.80326]]]},"properties":{"cat":"industrial","name":""}},{"type":"Feature","geometry":{"type":"Polygon","coordinates":[[[144.93201,-37.79779],[144.93287,-37.7976],[144.93337,-37.799],[144.93241,-37.79889],[144.93239,-37.79884],[144.93201,-37.79779]]]},"properties":{"cat":"industrial","name":"Allied Pinnacle Kensington Flour Mill"}},{"type":"Feature","geometry":{"type":"Polygon","coordinates":[[[145.10728,-37.92089],[145.10762,-37.92094],[145.10771,-37.9205],[145.10785,-37.92052],[145.10789,-37.92035],[145.10785,-37.92034],[145.10789,-37.92016],[145.10776,-37.92014],[145.10772,-37.92015],[145.10767,-37.92019],[145.10767,-37.92021],[145.10747,-37.92018],[145.10742,-37.92018],[145.10728,-37.92089]]]},"properties":{"cat":"industrial","name":""}},{"type":"Feature","geometry":{"type":"Polygon","coordinates":[[[144.77345,-37.77564],[144.77352,-37.77564],[144.7739,-37.77567],[144.77384,-37.77608],[144.77333,-37.77604],[144.77338,-37.77563],[144.77345,-37.77564]]]},"properties":{"cat":"industrial","name":"Deer Park Exchange"}},{"type":"Feature","geometry":{"type":"Polygon","coordinates":[[[144.84592,-37.80489],[144.84474,-37.80367],[144.84424,-37.80294],[144.84409,-37.80248],[144.84506,-37.80253],[144.84685,-37.80429],[144.84677,-37.80434],[144.84592,-37.80489]]]},"properties":{"cat":"industrial","name":"Formula One"}},{"type":"Feature","geometry":{"type":"Polygon","coordinates":[[[144.74366,-37.66711],[144.74375,-37.66707],[144.7448,-37.66839],[144.74481,-37.66844],[144.74483,-37.66874],[144.74485,-37.66881],[144.74456,-37.66875],[144.74368,-37.66841],[144.74357,-37.66793],[144.74392,-37.66755],[144.74366,-37.66711]]]},"properties":{"cat":"quarry","name":""}}]}